geoid10,avgtvioevt2018,avgtprpevt2018,rtavgtvioevt2018,rtavgtprpevt2018,tpop15,tpden15,condis15,tblack15,tasian15,tlatino15,twhite15,tothrac15,tethhet15,timm15,tage1529,tkids15,tsngpar15,tavghhinc15,tpov15,tpov12515,tunemp15,tedbach15,towner15,tavgval15,tmdval15,tavrent15,tmdrent15,trentburden15,tsfu15,tsmhse15,tvac15,propretail_emp15,propoffice_emp15,propother_emp15,propind_emp15,propent_emp15,propfoodetc_emp15,propedu_emp15,totjobs15,toxconc15,cscore15,ncscore15
17019005300,29.33333396912,199,53.35273361,361.9497986,5862,3241.7668,9.9547319,25.059706,33.998634,4.6741729,33.520981,2.7465029,70.630562,37.20573,73.780281,13.054187,2.9556651,26980.123,53.936317,56.263123,8.8999643,38.31926,17.892563,108586.6,85700,800.1015,646,65.571426,23.68421,54.981236,13.940254,.019359564,.013708665,.80211383,.10914609,.022394307,.022708246,.010569276,9556,750.59302,820.98798,126.986
17019005401,23.33333396912,150.666671753,56.66181183,365.8734131,3908,2107.6968,9.2005119,20.752304,4.580348,12.308085,59.186287,3.1729784,58.837891,10.030706,38.958546,52.832512,38.916256,39225.672,29.170984,31.865286,3.7567778,32.794556,29.787233,157761.91,127500,602.16071,738,57.929039,28.35821,81.258194,12.313431,.10335037,.031232255,.22714368,.40545145,.023850085,.18682566,.022146508,1761,3478.6001,1679.51,90.148499
17019005500,10.33333301545,245,20.03748894,475.0823975,5328,1367.5914,-3.0960648,18.093092,7.7890387,5.0300303,64.714714,4.3731232,53.795517,7.2447448,22.12838,39.780735,12.529366,81233.352,15.375278,21.565851,5.7924662,39.086979,71.031021,135125.23,100900,607.58063,837,52.903225,73.692131,79.28994,17.500938,.078666665,.034666665,.60053331,.26053333,0,.0055999998,.02,3750,2256.24,2629.78,127.375
17019005701,16.33333206177,133.6666564942,32.38170624,265.0013123,4636,4599.0977,-3.9876523,16.695427,10.418465,4.6160483,65.660057,2.6100087,52.733555,14.754098,24.644091,42.003513,17.398945,75790.164,17.126833,25,8.7594137,61.462391,56.783466,173747.63,165400,585.55096,744,50.693707,53.116634,79.747383,14.875717,.3444227,.10176125,.29354209,.025440313,0,.10176125,.13307241,511,529.72601,440.54999,86.822304
17019005702,6.66666650773,51.6666641236,39.23876572,304.1004333,3404,508.51852,-4.3164945,16.745005,12.779084,.7638073,66.891891,2.8202114,50.732376,15.423032,34.136311,26.388889,8.333333,74366.023,20.474869,21.862473,1.0888252,54.104637,44.401543,202127.97,192400,1008.648,956,59.924625,33.212341,67.032967,5.9891129,.0044943821,.18426967,.60000002,0,.020224718,.19101124,0,445,287.42999,310.742,67.459198
17019005800,8,94.666671753,20.89864159,247.3005981,4013,7223.29,-6.2934375,3.688014,14.976327,5.6815348,72.065788,3.5883379,45.234741,21.903812,50.137054,46.319019,12.730062,82068.5,29.984505,35.278927,3.3446231,78.982407,52.688862,221874.84,208800,967.659,947,70.703766,56.163628,73.868469,13.653954,.0041095889,.27123287,.14520548,0,0,.071232878,.50821918,730,760,860.06097,123.753
17019006000,0,3.3333332539,0,9.749439199999999,3564,823.22327,-1.4874018,11.083053,34.904602,7.154882,42.059483,4.7979798,68.156212,31.677891,103.54939,62.121212,4.0404038,48007.391,39.655174,46.630093,9.8242807,90.652176,4.347826,,,705.05359,772,58.833923,5.8375635,23.472578,12.436546,0,0,0,1,0,0,0,4,314.98999,248.681,64.003098
17019011100,15.33333396912,162.3333435059,67.60729218,715.7554932,2202,5234.2734,5.3599687,5.0408721,39.509537,8.673933,41.871025,4.9046321,65.611107,44.459583,79.632156,25.833334,18.333334,34617.719,49.341488,51.317028,12.723373,72.621567,7.836153,175522.73,207700,850.43475,894,66.746986,12.568306,56.107567,12.334114,.21721028,.23664123,.10687023,.11727966,.027758501,.22970159,.064538516,1441,938.11902,385.67999,49.124401
17031010100,43.0000038147,132.3333282471,92.59259796000001,284.9554749,4444,30204.777,6.9050889,46.332134,.74257427,9.2259226,38.838882,4.860486,62.355812,17.259226,20.072008,45.753113,30.351076,50718.551,36.763004,38.520229,8.0657492,35.800892,16.192171,262975.28,250000,799.83508,865,49.311928,3.1607008,78.40728,14.394516,.063679248,.07311321,.85377359,0,0,.0094339624,0,424,13326.7,8472.1299,135.674
17031010201,32,147,42.73504257,196.3141022,7197,36949.883,4.5652313,38.557732,1.6812561,22.606642,30.804502,6.3498683,70.101761,37.654579,19.007919,47.069942,14.870826,57921.387,33.217319,37.630516,8.0787306,29.815615,29.250937,178376.44,150500,916.7821,989,63.631348,7.6820307,68.026634,10.82164,.051546391,.10824742,.092783503,.036082473,0,.39175257,.31958762,194,13778.6,13566.7,224.806
17031010202,41.66666793824,317.3333435059,132.1073761,1006.1298218,2487,18313.727,4.15799,29.191797,7.4386811,28.829914,32.891033,1.6485727,71.768028,41.093689,23.58263,39.808155,17.745804,46506.762,17.459585,21.200924,7.1320181,31.532034,26.844263,180099.23,168300,885.21741,943,59.710144,6.3322368,76.129829,19.736839,.1873385,.034883723,.625323,.03875969,0,.034883723,.07881137,774,13602.7,10340.7,172.173
17031010300,25,161,40.74979782,262.4286804,6413,35188.387,-.35114053,27.66256,5.6915641,18.774364,45.688446,2.1830657,67.577126,25.074068,15.546546,42.24548,8.5632734,66443.727,18.610239,23.064129,6.9444447,34.885067,30.751173,249577.09,174400,949.54865,948,55.087357,6.9219441,76.744186,12.164948,.0088731144,.049689442,.83229816,.040816326,.0035492459,.035492457,.029281277,1127,13399.9,15297.2,255.98199
17031010400,16.33333396912,106,31.45259857,204.1209259,5411,12172.059,-1.2743098,20.790981,5.4518571,7.2075405,64.239517,2.3101089,53.540119,11.328774,60.210682,31.111111,11.944445,53990.695,18.759571,25.038284,8.6762686,63.573086,18.449198,261886.95,226200,1036.7063,979,55.2868,4.2831378,64.831459,15.689812,.13518886,.057654075,.051689859,.021868788,.0059642149,.72763419,0,503,13371.1,20978.699,380.47699
17031010501,12.33333301545,73.3333358765,30.5356102,181.5630951,4081,52286.09,3.4872148,32.71257,5.1703014,9.7035046,48.395,4.0186229,64.507721,26.58662,28.216124,43.515358,17.918089,43209.879,21.02161,33.251472,10.367406,55.049377,12.052811,,184200,893.89832,945,62.542622,6.2164235,78.17955,9.9002304,.034285713,.09714286,.057142857,.2,.2857143,.31428573,.011428571,175,13556.6,6527.9302,113.323
17031010502,8.33333396912,62.6666641236,28.15315437,211.7117004,2631,37780.031,3.1461821,24.59141,8.5518818,6.4234128,57.620674,2.8126187,59.528149,27.860128,40.706955,36.5625,10.9375,45594.418,28.405573,36.493809,4.259851,52.056278,18.538206,724308.25,217800,941.12152,957,61.14035,1.8867924,74.241844,13.950829,.02238806,.25373134,.067164183,.029850746,0,.619403,.0074626864,134,13581.5,5123.96,91.110199
17031010503,10.33333301545,52.6666679383,52.37371063,266.9369812,2047,27289.707,8.1689901,6.8392768,13.776258,13.727406,60.478748,5.1783094,58.905037,27.845627,42.940891,31.726908,16.465864,46194.66,47.905373,54.854607,5.9730248,37.983929,19.065777,745125,358500,839.42651,706,54.697556,.53231937,79.168755,20.228134,.31578946,.14832535,.15789473,.0047846888,.0095693776,0,.36363637,209,13724.6,7165.4502,133.284
17031010600,28.66666603089,129,45.05212402,202.7345581,6515,34091.566,.037317652,20.982349,2.1181889,22.900997,51.11282,2.8856485,64.099518,25.510361,29.086723,36.286522,13.006598,61444.906,24.381012,27.266993,11.162688,47.152035,21.049114,254932.55,221700,953.19507,990,58.865845,3.3618581,80.822128,8.5268936,.23163138,.028642591,.5765878,.0049813199,.04607721,.066002488,.04607721,803,13795.8,17626,311.07901
17031010701,10.33333396912,62.6666679383,29.00992203,175.9311218,3833,23104.244,-.79242778,18.366816,11.79233,35.455257,33.68119,.70440906,71.316071,37.959824,20.219151,47.943722,17.532467,71225.297,18.366814,25.56744,4.772625,43.111771,48.69281,237549.27,198100,903.97876,1003,50.677505,14.378315,81.402115,9.8408966,.0019120459,.028680688,.089866154,.87380499,0,.0057361377,0,523,14081.4,10628.2,184.289
17031010702,20.33333396912,75,39.03500366,143.9815674,5333,38630.863,6.2941537,22.988935,6.4504037,39.133694,27.601725,3.8252392,71.219673,40.802551,23.176449,67.364014,27.092051,50639.191,33.352123,43.649006,5.528769,43.638527,22.986822,182308.5,156300,919.54169,972,63.65979,4.0444446,79.597595,8.9333344,.035694052,.027195467,.87875354,.0056657223,0,.040793203,.011898017,1765,13845.6,11642.9,202.40401
17031020100,17,87,45.43025208,232.4959869,4208,26497.371,1.3555297,25,23.669201,22.504753,22.623575,6.2024717,77.580086,41.801331,22.59981,54.094292,16.253101,70597,18.916349,30.869772,12.836123,32.027077,46.513248,190839.58,139400,1003.9113,1052,52.506596,4.9765806,81.486877,16.042152,.0050335568,.024748322,.89261746,.0092281876,0,.044882551,.023489933,2384,14012.2,11995.8,196.983
17031020200,9.666666984560001,104,13.84909344,148.9971313,6905,14399.683,-7.7204781,14.337437,14.337437,16.466328,52.063721,2.7950759,65.99292,33.106445,21.9189,50.617283,8.5346212,98877.508,11.267198,19.855177,7.6279068,46.892014,75.139404,335260.34,337300,1011.9626,987,46.578365,63.757793,86.154083,4.1852188,.18077803,.092677347,.42219681,.076659039,0,.21510297,.012585812,874,14486.3,21316.4,344.36401
17031020301,5.33333349228,56,9.791322709999999,102.8088837,5295,16612.104,-7.3639154,3.5505195,13.276677,7.7053823,73.57885,1.8885741,43.343372,36.600567,12.407932,45.640568,4.3594308,84314.242,10.869154,18.273054,7.3295984,57.387337,72.571716,248891.89,182900,769.36414,761,56.3745,22.47191,81.085243,10.696632,.0088161211,.084382869,.82871538,.052896727,.007556675,.0088161211,.0088161211,794,15414.7,14784.8,258.04501
17031020302,12,79.3333282471,23.45582581,155.0690613,5023,20329.922,-7.6641555,12.880749,10.810272,14.493331,57.435791,4.3798528,61.891144,28.528769,17.011745,52.935863,15.808492,96045.734,14.747343,18.867924,12.557427,55.548962,56.257309,299260.5,323000,949.93231,1085,42.465752,29.551451,82.085083,9.7625351,.13681242,.10860366,.68124121,.0098730605,.0028208746,.060648803,0,709,14678.5,14485.6,247.25101
17031020400,12,78,29.91772652,194.4652252,4551,21222.166,-3.7453246,22.390682,16.216215,17.886179,39.837399,3.669523,73.152924,36.233795,15.974511,46.415092,12.735849,79531.094,18.169819,21.931368,6.9135804,46.986389,51.405624,254457.59,242100,1026.3737,1076,53.479851,14.533623,79.444199,5.4772263,.016877636,.16455697,.61603373,.025316456,.0042194091,.16033755,.012658228,237,14343.3,11788.6,202.685
17031020500,29.33333396912,97,43.49545288,143.8315582,6545,21967.563,6.9525967,14.957984,29.365927,29.961803,15.920549,9.7937365,76.668098,51.398014,26.187929,45.066044,14.607615,49916.652,28.079365,48.174603,12.921349,33.347771,26.492537,151786.97,120100,884.45428,982,47.525379,6.494554,77.6409,13.513512,.069182388,.29769391,.52410901,.075471699,.012578616,.02096436,0,477,15104.9,18705.199,349.72101
17031020601,19.33333206177,94,31.63175964,153.7958069,6130,26849.189,.567137,10.195758,21.419249,6.3132138,56.460033,5.6117458,61.781784,55.187603,20.98695,42.31884,11.304348,70240.867,27.177814,36.019577,9.9141016,40.113724,41.67086,286506.03,302700,960.216,1054,72.817284,25.722021,77.192696,10.333939,.17433414,.10653753,.53995156,.10653753,.0024213076,.041162226,.02905569,413,15590.1,18357.4,335.353
17031020602,16.33333396912,97.3333358765,31.17643356,185.7861023,4637,24408.867,.81218368,9.8555107,24.822083,20.271727,40.672848,4.3778305,72.023445,44.856586,20.455036,44.702602,15.334573,66620.82,23.070251,33.933216,9.7140265,44.125412,40.273777,328855.09,329000,1026.1364,1133,51.010101,26.192032,84.40062,9.3403015,.14509536,.64918256,.12670299,.025885558,0,.05108992,.0020435967,1468,15099.3,14042.2,255.077
17031020701,9.33333301545,54.3333358765,52.91004944,308.0121155,1729,7572.1055,-8.9737835,3.7015617,15.905148,12.666281,64.835167,2.891845,53.609283,35.916714,15.268941,44.150112,8.1677704,99441.141,7.1717758,13.186813,6.5022421,47.996731,58.373985,371800,364200,1292.1875,1373,43.824703,39.252335,86.053413,17.890518,.11440108,.04576043,.73351276,.030955585,0,.072678328,.00269179,743,17030,10995.3,230.298
17031020702,17.33333396912,99.666671753,19.98309135,114.9027786,7843,25815.143,2.6039422,9.2311611,19.278337,22.096136,47.265076,2.1292872,68.163712,51.128395,24.671682,50,7.3957014,56772.684,22.301876,28.050053,8.1400967,28.931572,34.81258,233313.98,228600,1021.9595,1143,57.567566,12,85.635864,9.8640747,.18233618,.099715099,.52564102,.014245015,.0042735045,.16239317,.011396011,702,16644.1,24258.9,477.40601
17031020801,11,78,18.77453423,133.1285248,5211,20575.381,.11976241,2.1109192,23.220112,27.115717,43.676838,3.8764153,67.984154,45.020149,19.765881,43.705463,15.360253,69665.133,14.31587,22.068701,7.2002573,32.009594,37.818909,328244.72,345200,993.18372,1072,50.706566,9.4477997,89.337456,13.761864,.12772134,.16835994,.3773585,.19738752,0,.068214804,.060957909,689,16020.4,14222.1,289.19
17031020802,30.33333396912,137,35.53577042,160.4967194,7857,31597.928,1.3492169,7.90378,45.80629,13.134785,26.320478,6.8346696,69.273109,56.993763,23.774979,47.606728,17.59379,70637.805,24.757032,30.537085,6.7029843,32.851238,38.703869,254414.89,268300,999.63287,1069,56.826569,17.847025,91.325142,10.076889,.068807341,.061598953,.78112715,.0098296199,0,.063564874,.015072084,1526,15641.9,23538.801,453.439
17031020901,28.66666603089,101.666671753,47.04080582,166.8307648,5807,30888.461,3.5017021,20.940245,21.629068,30.514896,22.972275,3.9435163,76.192543,45.737904,24.504908,52.983082,13.446126,54293.223,29.866989,36.033855,6.0025959,39.732979,27.745665,217382.58,188500,1029.6727,1153,62.537994,1.8066847,82.627869,14.046974,.23157895,.11929824,.40701753,.19649123,.003508772,.038596492,.003508772,285,15122.7,12709.3,242.57201
17031020902,12,44.6666641236,26.9966259,100.4874344,4474,23027.223,4.1369386,11.376844,22.172552,17.098793,47.764866,1.5869468,68.025757,51.184624,18.987482,42.890175,6.8208094,48779.797,26.24703,32.826603,5.6856189,32.241272,55.884205,117933.55,92800,894.17041,940,67.170952,3.5005834,86.101166,7.2928848,.18367347,.023041476,.75181037,.0059249508,.011191573,.024358131,0,1519,14919.5,12527.1,240.789
17031030101,7.33333301545,35.6666641236,19.34405899,94.0824661,3549,38612.902,.038513687,21.35813,4.7055507,22.936039,47.759933,3.2403495,67.041153,34.432236,19.413918,27.673798,18.315508,58457.438,13.975768,26.937166,7.865665,55.424755,34.322033,209197.53,220300,859.07739,892,44.122025,3.2436709,78.444633,15.98101,.10416666,.2109375,.3046875,.057291668,0,.11979166,.203125,384,13017.7,6329.1499,125.896
17031030102,7.33333349228,61.3333320618,22.97410202,192.1470337,2766,35737.367,-1.990406,17.534346,10.267534,10.737527,53.470715,7.9898767,65.488747,37.165581,21.87274,19.012346,4.9382715,58035.465,13.468635,18.118082,6.3650708,49.678455,38.885826,212521.98,172100,963.90155,901,58.483414,1.1676787,81.119652,15.319946,.13360325,.10931174,.48785424,.11133603,.0020242915,.15182187,.0040485831,494,13118.7,5691.9502,112.618
17031030103,6.33333301545,32,25.43507195,128.5140533,2217,30556.295,-4.6132479,16.238159,19.576004,12.945421,48.128101,3.112314,68.595177,31.032927,58.11908,22.429907,5.6074767,62903.582,17.080944,21.797323,9.0313187,68.75,25.500526,152561.98,157900,1040.1504,975,43.143295,1.4285715,60.351826,20.252098,.022857143,.034285713,.065714285,0,.04857143,.16,.66857141,350,13385.8,3341.1299,62.6968
17031030104,3.66666650772,22,10.70559597,64.2335739,3375,48288.121,.50554973,9.4814816,17.481482,13.68889,54.133331,5.2148147,64.595016,30.103704,84.977776,22.302158,5.3956833,50398.227,27.768314,29.244747,13.531724,53.202328,38.877953,1161382.5,118700,955.77234,943,46.523178,0,63.140739,11.575279,.00068415049,.0036488026,.0086659063,.0020524515,.00045610033,.023945268,.96054733,4385,13474.4,4352.6699,81.0243
17031030200,17.66666603089,135.3333282471,30.13246727,230.8260803,5103,19839.055,-9.4980478,6.2316284,4.271997,11.444248,76.406036,1.6460905,39.713539,10.562414,18.77327,30.239834,4.9009385,91869.727,11.407815,14.667191,6.3332348,60.668751,49.126373,543455.31,299000,1053.1932,1052,50.532352,20.087177,83.208221,10.606613,.086492889,.17654029,.39573461,.065165877,.0059241708,.27014217,0,844,13934,21719.9,413.63501
17031030300,4.66666650772,43,12.53806114,115.5292816,3315,27330.193,4.0245023,5.5806937,15.143289,38.491707,37.888386,2.8959277,68.140091,41.38763,19.547512,51.043114,17.385258,55909.938,22.594269,33.152336,7.6160669,33.787029,31.254284,282645.19,280000,822.53809,923,62.295082,12.688031,84.827164,4.5781555,.10599078,.032258064,.47465438,.02764977,.036866359,.25345623,.069124423,217,14205.3,7732.0098,147.522
17031030400,6.33333349228,32.3333320618,24.30289078,124.0726471,2708,20242.158,-2.0180335,10.967504,7.348597,29.689806,47.451992,4.5420976,66.719048,30.243723,21.528803,29.450914,14.309484,70199.852,21.787296,29.209749,13.910186,55.318138,42.193451,359323.09,310800,794.72992,858,46.061417,14.234876,81.773949,6.5480423,.019138755,.086124405,.2751196,.28708133,.023923445,.30861244,0,418,14355.2,6832.9502,135.39301
17031030500,13.66666603089,109.3333282471,19.89325523,159.1460419,6570,27528.402,-11.114955,3.7442923,6.5449014,25.357687,60.898026,3.4550991,55.796253,22.313547,19.155252,35.433655,10.526316,103819.06,9.3745146,9.7935743,2.0761247,57.334312,47.276535,439281.38,325700,1260.9281,1375,38.341263,10.57187,79.843536,11.468315,.34415585,.037337661,.24837662,.014610389,.050324675,.18831168,.11688311,616,13735.4,17842.6,361.40601
17031030601,14,55,35.16704178,138.1562347,4066,41651.059,2.0654149,18.052139,9.8130846,18.740778,51.500248,1.8937531,65.707451,34.628628,20.499264,42.611191,11.908178,53155.215,17.698658,33.152737,2.3906178,47.767719,30.486593,169674.59,170700,885.70398,949,47.509026,1.3333334,71.85112,7.402298,.067010306,.072164945,.6958763,.010309278,0,0,.15463917,194,13015.5,6717.96,133.93401
17031030603,11,52.6666679383,46.70912933,223.6376495,2023,45168.59,4.602272,34.157192,11.962432,13.791399,35.837864,4.251112,71.975594,40.286701,26.223431,45.53846,28,48105.945,28.848064,32.621647,3.1842306,48.339264,6.0195637,,252600,806.0484,791,49.243694,2.9411764,78.75312,11.163101,.33333334,.19148937,.10992908,0,.063829787,.30141845,0,282,13131.3,3517.5,75.211502
17031030604,8.33333301545,29,25.50760078,88.76644899999999,3225,29436.988,.67010003,22.511629,26.325581,5.9534883,40.930233,4.2790694,70.711517,41.023254,18.728683,41.814945,3.3807828,48934.414,23.968992,29.891474,5.0764194,52.734516,25.049801,186723.66,164300,952.76453,992,53.267048,.33264032,74.346718,16.507278,0,.010587806,.95947427,.0010952903,0,.028112451,.00073019351,2739,12631.4,7113.48,152.203
17031030701,6.66666698456,26,43.63002014,170.157074,1597,59192.426,5.9548945,24.232937,15.654352,9.5178461,49.592987,1.0018785,66.166489,29.4928,22.260489,45.673077,30.288462,45138.641,26.238661,30.635031,7.8817735,41.369263,18.708241,189115.47,153300,811.70801,831,58.391125,.41322315,69.365288,7.2314072,.039274924,.083081573,.3957704,0,.001510574,.47885197,.001510574,662,13042.5,2075.8,44.419701
17031030702,1.33333337307,8,5.66893435,34.013607,982,306482.69,-15.862611,10.590631,23.217922,3.1568229,62.219959,.81466401,54.66814,44.093685,18.73727,13.765182,0,109335.2,5.9063134,5.9063134,11.40625,73.430496,57.759998,199108.03,200400,1047.7273,1098,48.863636,2.118644,83.706718,11.723167,.0052770451,.75989443,.20844327,.026385223,0,0,0,379,12640.7,224.50101,4.8257298
17031030703,12.66666603089,58.3333358765,41.7353096,192.2021027,2680,35005.496,.92734802,19.925373,4.5522389,14.216418,56.156719,5.1492538,62.00058,22.164179,27.779852,26.987448,14.853557,55449.469,22.201492,31.156717,5.38415,54.078415,25.414692,261852.22,235100,784.82648,793,49.125729,3.7474332,78.358208,13.347023,.6360544,.064625852,.19387755,.0068027209,0,.098639458,0,588,13161.7,5411.6602,119.106
17031030706,6.33333301545,95.3333358765,22.83104897,343.6673889,4270,19004.242,-2.7699673,15.01171,22.64637,6.9320841,54.004681,1.4051522,62.952568,35.761124,7.5644026,28.053692,0,59144.863,19.836065,22.482435,8.380373,54.90456,40.518753,225276.03,171700,1124.6317,1028,60.126183,.82304525,83.661697,9.6866074,.068322979,.59006214,.080745339,.096273296,.11490683,.04658385,.0031055901,322,12725.4,16116.3,350.89999
17031030800,15,145.3333282471,34.17634964,331.1308594,4376,19974.539,-17.516922,3.8162704,9.1407681,13.916819,71.457954,1.6681902,45.991829,17.413162,16.293419,28.92473,1.6129032,126111.45,7.5880113,9.5385351,2.6101141,70.278549,48.891129,627762.88,502000,1188.6588,1313,36.291912,18.288288,80.80439,10.63063,.11919831,.25949368,.23628692,.04535865,.010548524,.29852322,.030590717,948,13426.4,14117.3,307.01801
17031030900,10,86.3333358765,32.75466919,282.7819824,3143,19916.76,-11.944046,15.685651,9.6722879,13.808463,57.14286,3.6907413,61.908054,23.417118,19.917276,31.076923,4.1538463,103492.9,8.3041677,11.644925,3.7735848,60.630219,39.477211,426980.66,392200,1146.2722,1279,32.18935,9.5509167,81.850418,5.6293488,.17097171,.14760147,.07626076,.10332103,0,.39852399,.10332103,813,14044.4,7781.0898,166.45
17031031000,4,63,10.39771271,163.7639771,4078,24857.949,-11.098101,4.3894067,8.0922022,15.693967,67.778328,4.0461011,50.586765,19.445807,24.362432,48.02721,11.156463,98651.758,7.1164737,10.662398,4.9269452,65.464241,37.709923,441578.94,410100,1224.979,1218,45.904438,8.8290844,74.577957,7.223793,.064417176,.0743865,.52530676,.21165644,.0053680982,.10429448,.014570552,1304,14139.7,8910.6797,206.821
17031031100,11.33333396912,96.3333358765,24.65912437,209.6025543,4666,21973.82,-7.205987,2.5289326,11.315903,20.445778,62.81612,2.8932705,54.932892,20.917274,20.017145,14.01649,8.0094233,81506.484,10.922172,14.889906,5.2586699,59.197407,23.857204,370559.13,315100,1065.2729,1069,37.746803,8.2001686,74.367767,3.4062271,.04110672,.052964427,.52964425,.037944663,.048221342,.15098815,.13913043,1265,13581.6,12582.6,289.655
17031031200,37.33333587647,110.6666641236,59.87704086,177.4926453,5720,45378.176,4.4073443,21.486013,12.132868,14.055943,49.283215,3.0419581,67.554863,38.216782,21.319929,39.737583,10.590441,53891.766,32.511951,46.873852,4.3671103,43.024055,24.43609,273980,278800,693.40771,672,52.601154,2.4421594,79.75251,14.524422,.17854218,.13759214,.35053235,.027846027,.013923014,.26863226,.022932023,1221,13300.9,11175.3,252.12399
17031031300,13.33333301545,78.6666641236,17.10278702,100.9064407,8037,18941.301,.63748735,21.873833,19.708847,10.725395,45.949982,1.7419435,69.036278,34.702003,19.57198,41.642014,17.60355,58707.262,22.509226,27.398523,5.6777377,50.294758,31.495872,194221.13,159500,894.6073,933,45.243446,0,73.758865,5.3550873,.0074074073,.035978835,.93968254,.012698413,0,0,.0042328043,945,12892.7,19027.801,425.966
17031031400,21,119.3333282471,43.38843155,246.5564575,4958,5076.5913,-12.260154,12.404195,9.5401373,7.70472,68.55587,1.7950786,49.926296,16.680113,20.915691,23.958334,0,87943.211,9.5086832,10.398136,2.8998241,78.079094,52.607708,247724.33,210600,1181.4739,1177,36.657303,3.5157359,79.805504,12.475189,.0330033,.034653466,.77942795,.0033003301,.00220022,.020352036,.12706271,1818,12962.2,20027.301,485.785
17031031501,14.66666603089,55,30.59379578,114.726738,4033,65101.586,8.0518684,28.961071,20.704191,10.984379,35.283909,4.0664515,73.504463,41.805107,20.505827,44.257702,21.288515,46432.77,44.160675,51.400944,12.493677,38.979195,17.511261,225977.48,220200,790.77667,721,51.506454,2.4524524,79.254257,11.111115,.030303031,.13131313,.63636363,.057239056,0,.037037037,.10774411,297,13394,7947.4702,179.666
17031031502,12.99999904633,65,27.70082855,138.5041504,4439,71099.688,7.5937295,41.405724,6.3527822,19.283623,31.245777,1.7120972,68.9412,44.199142,32.766388,48.59967,31.136738,43538.977,25.658932,36.56229,11.071172,38.169643,10.088889,243030.84,223400,720.73596,782,56.178612,2.0841684,74.308571,9.8196411,.24633431,.19061583,.47214076,.011730205,.0058651026,.07331378,0,341,13804.3,6134.8599,149.347
17031031700,25.33333396912,114,37.20566177,167.4254608,7001,37975.707,-1.0343721,23.610912,4.4565063,12.055421,55.006428,4.8707328,62.279003,15.626339,29.874304,41.895481,16.120461,73106.625,33.274956,38.207821,9.6320343,55.806328,28.838951,311275.72,300200,939.78583,914,56.990623,1.5906128,69.638725,9.4915237,.044822257,.40958267,.30757341,.035548687,.078825347,.05873261,.064914994,647,14029.5,10995.1,262.62399
17031031800,5.33333301544,32,26.99055099,161.9433136,1771,19506.314,-10.944087,2.2021458,9.7684927,9.7120266,77.188026,1.1293055,38.461369,15.189158,21.428572,44.126076,5.730659,95121.156,8.7669687,16.459276,3.0896759,70.592285,43.482906,404117.94,321500,1116.6351,1082,44.423439,7.0088844,77.667641,7.601181,.077528089,.18314607,.49325842,.059550561,.019101124,.12247191,.044943821,890,14336.4,5309.52,128.29401
17031031900,3.66666650772,36,14.36218739,141.0105743,2526,25390.379,-9.0099592,3.3254158,6.8487725,15.162312,70.585907,4.0775928,47.131432,19.754553,30.186066,34.803921,4.6568627,88875.117,16.191607,21.179731,6.9334836,67.980537,33.306835,439947.03,314500,1090.8088,1150,43.872547,11.915535,71.694382,5.1282043,.024671054,.092105262,.39638159,.095394738,.0082236845,.11348684,.26973686,608,14569.1,6131.8101,152.233
17031032100,26.00000190735,196,36.28244781,273.5138245,7117,42765.18,-7.0609112,6.2245326,4.0888014,21.919348,64.2827,3.4846141,53.196705,27.31488,31.277224,34.800663,6.0631227,85070.273,22.387632,24.906958,6.0730495,63.185562,26.187962,323535.78,322700,1042.3896,999,48.865414,10.715092,67.762779,14.549965,.11995178,.1392405,.66787219,.0036166366,.021097047,.01084991,.037371911,1659,13944.3,14378.6,359.55801
17031040100,8.33333301545,97.3333282471,21.18284988,247.4156799,3893,5037.1982,-11.918283,5.497046,4.109941,19.804777,68.147957,2.4402776,49.105625,21.114822,16.799383,45.521473,3.8036809,104460.35,10.048886,11.243889,2.5221238,58.398373,50.281425,396134.56,366700,1186.7533,1160,27.599998,25.820812,80.451324,11.018364,.018834081,.12466368,.26457399,.50224215,.0035874438,.027802691,.058295965,1115,14839.4,28939,605.28998
17031040201,20.33333396912,104,29.57575798,151.2727203,7040,25274.793,-7.2385459,3.5369318,11.306818,24.0625,57.528408,3.5653408,59.584129,27.301136,22.997158,47.591522,12.459859,83023.594,11.889205,12.230114,4.1181545,58.448151,38.453815,352742.38,338600,1277.7053,1225,49.067986,10.230179,78.364616,4.4757004,.12729357,.20986238,.36697248,.048165139,.030963304,.18577981,.030963304,872,15648.9,18392.699,420.31201
17031040202,17.33333396912,128.3333282471,23.33827019,172.7929535,7194,31652.398,1.0442636,5.1014738,25.465668,19.502363,43.550182,6.3803167,70.078056,43.383373,25.048651,45.394302,11.729622,61992.777,24.563662,34.821175,2.9902091,46.071358,36.145798,220226.8,184900,1012.812,1054,61.941631,5.2299938,73.429138,6.6477661,.045126352,.086642601,.67689532,.048736461,.0036101083,.13537906,.0036101083,554,16101,15512.3,323.34698
17031040300,11.66666603089,50.3333358765,41.02203369,176.9807892,2999,10121.028,-13.23037,3.6678891,26.775593,12.97099,50.983662,5.6018672,64.706528,38.512836,17.889297,31.177231,11.772316,116154.87,2.9259896,5.2667813,9.8502302,53.852741,72.103798,403832.91,372900,1238.0282,1186,36.619717,43.512112,86.776581,6.6608963,0,.032345012,.53369272,.0053908355,.41778976,.010781671,0,371,16421.4,16074.9,343.82101
17031040401,6.66666698456,49,19.36858559,142.3591003,3182,21361.881,-16.381083,6.1282215,6.5996227,19.830296,64.990578,2.4512885,52.958656,21.370207,15.713388,32.198952,4.0575914,116241.67,2.9541168,3.2055311,5.1844931,69.1035,55.011303,459835.06,472000,1160.3015,1215,29.313232,24.788733,80.69323,6.5492935,.29411766,.095975235,.23219815,.071207434,0,.11764706,.18885449,323,14993.1,9102.9004,212.61
17031040402,5.33333349228,107,11.12037849,223.1025848,5035,21641.162,-18.094629,1.3505461,7.2492557,8.1231375,80.238327,3.038729,34.322155,11.002979,21.668324,51.81818,7.3636365,126438.97,6.8520355,8.1429987,2.4317751,77.966988,38.926987,469984.78,407800,1148.0186,1169,41.555851,10.548204,64.510277,6.2759933,.32686982,.38227147,.15235457,.030470913,0,.10249308,.0055401661,361,14526.8,13011.9,303.836
17031040600,10.33333301545,75.6666641236,39.2156868,287.1600037,2702,21126.041,-15.790501,3.6269431,1.7764618,16.543303,76.313843,1.7394522,38.831806,14.507772,20.669874,44.633732,8.3475294,115697.13,6.8097706,7.9570689,6.96068,74.505928,37.314735,631785.06,610900,1134.691,1226,31.039326,19.225037,76.382492,14.530548,.35036495,.1107056,.13625304,.042579077,.03892944,.31265208,.0085158153,822,15261.7,7277.8901,181.16901
17031040700,6.00000047684,54,18.07229042,162.6506042,3325,24049.771,-11.082241,2.6466165,5.6240602,17.533834,66.947372,7.2481198,51.194443,20.751881,14.87218,35.324677,7.4025974,99619.094,11.752266,14.652568,4.315886,65.280426,44.800522,428251.09,356500,1252.1951,1336,42.07317,10.01221,80.490761,6.6544571,.022304833,.10223048,.47769517,.014869888,.061338291,.2992565,.022304833,538,15950.7,8604.4199,210.08
17031040800,3.66666650772,32,22.5086956,196.4395294,1813,20413.379,-11.452306,3.8610036,6.1776061,9.2664089,73.745171,6.9498072,43.744129,16.436846,12.603419,46.464645,8.5858583,96944.906,5.6437387,7.8189301,2.0683453,64.868507,41.257862,397903.34,382600,1254.1125,1363,33.112583,13.138686,80.380844,3.284668,.014592934,.052227344,.87941629,.017665131,.0023041475,.031490017,.0023041475,1302,15999.1,5160.5298,129.063
17031040900,4,51.3333320618,22.09944725,283.6095581,1909,15361.898,-17.260874,2.0953379,2.0429544,5.2383447,87.166054,3.4573073,23.541218,8.1194344,22.524883,37.133549,0,118771,7.7527499,8.1194344,1.2073864,74.700317,35.294117,579426.88,469600,1091.2621,1078,31.56146,14.869565,89.153442,15.739128,0,.046296295,.45473251,0,0,.21090534,.28806585,972,15448.6,6783.1699,174.382
17031050100,1.66666674614,34.6666679383,5.88512278,122.410553,2711,20982.4,-17.708906,3.5042419,5.8281078,8.410181,76.724457,5.5330133,39.657658,10.623386,20.914791,51.063831,8.6879435,125540.57,4.9295774,4.9295774,4.8958921,73.614517,42.615658,529855.94,443300,1421.327,1568,23.595505,24.481659,69.925377,10.366829,.0015128592,.26626325,.28290468,.27836612,.009077156,.14372164,.018154312,661,15164.5,7465.8101,191.371
17031050200,9.33333301545,106.3333358765,16.6845417,190.0846252,5214,20704.078,-16.50975,3.2796316,4.1235137,10.356731,76.467201,5.7729192,39.844189,11.104718,11.133487,59.654888,8.134758,129277.45,2.4165707,5.9455314,3.5334477,60.042564,56.784142,584895.25,537900,1176.0448,1232,34.710743,32.508118,83.759514,7.8733749,.11343524,.3523733,.19469027,.11584875,.0024135157,.20193081,.019308126,1243,16165.4,15676.2,452.009
17031050300,2.33333325386,30,9.15032673,117.6470566,2562,16810.324,-11.180081,0,12.84153,23.067915,61.943794,2.1467605,54.613243,23.536301,13.075722,46.869984,13.964687,106347.95,11.397346,12.217018,8.3016472,60.45137,35.223049,477591.03,464900,1275.5385,1353,30.948677,30.210157,84.521461,5.779335,.38605899,.20241287,.18900804,.15415549,.0080428952,.060321715,0,746,16764,6291.8501,177.311
17031050500,10,92.666671753,16.91761208,156.7698669,6311,25047.457,-27.078451,.71304071,3.2007604,6.6233559,83.330688,6.1321502,29.637705,9.0793848,16.510855,62.17765,4.7277937,179437.83,4.0881,4.4683886,2.4753792,73.088829,50.22543,924795.5,713700,1513.4652,1570,36.440678,23.024055,77.966652,4.7250824,.091617934,.15009746,.14424951,.11111111,0,.15984406,.34307992,513,17370.699,17042.5,559.41901
17031050600,6.33333349228,54.6666641236,29.07866669,250.9947815,2238,17435.236,-25.330088,.22341377,6.881144,4.8257375,87.801613,.26809654,22.201174,7.9535298,26.362823,42.694065,1.1415526,162429.64,6.9705095,7.4173369,3.5026269,81.578949,51.509605,594326.81,463500,1608.8115,1634,24.590164,20.100502,75.045372,8.4589615,.018997574,.76434922,.11115602,.038399354,.010913501,.055375911,.00080840744,2474,15886.7,8251.5498,232.33
17031050700,2.66666650772,25,18.58304214,174.2160339,1593,25107.469,-27.771652,.3138732,3.7037036,3.3270559,90.583801,2.0715632,17.653984,5.524168,21.029503,49.586777,2.7548208,172817.36,3.0131826,3.7664783,1.2433393,84.514435,69.881302,572385.75,479500,1748.2587,1804,39.303482,29.624479,78.669273,6.2586899,0,.064516127,.59354836,.032258064,.0064516128,.28387097,.019354839,155,16234.5,4776.8599,140.683
17031050800,2,17.3333339691,13.0975771,113.5123367,1476,23479.121,-24.705584,.81300807,1.693767,12.059621,83.401085,2.0325203,28.911638,12.127371,17.852303,63.486843,1.6447369,159648.81,3.8617885,4.6747966,5.5613852,77.594566,48.809525,730240.44,699800,1477.3649,1551,26.351351,33.279999,73.91304,5.9199982,.12393162,.15811966,.17521368,.017094018,0,.52136755,.0042735045,234,17689.9,4595.1299,156.009
17031050900,5.33333301544,34,36.73094177,234.1597748,1462,23270.301,-16.963789,.47879615,8.139535,12.5171,74.487007,4.3775654,42.093636,17.099863,15.253078,51.392406,10.126582,131112.09,5.0615597,8.2763338,3.5126235,65.695488,42.759796,612529.88,556500,1289.881,1511,26.506023,17.216642,71.067413,15.781921,.35714287,.17857143,.19642857,0,0,.26785713,0,56,19288.9,4351.4199,171.81
17031051000,4.66666698456,49,26.17311859,274.8177185,1783,27712.803,-20.047005,3.9259677,6.786315,24.172743,62.310715,2.8042626,54.637222,17.330341,20.639374,65.866669,8.8000002,142654.73,5.7767806,6.786315,1.1257036,71.990738,57.297298,604474.06,557300,1433.8607,1444,25.949368,23.417721,75.658279,6.3291168,.090909094,.31818181,.40082645,.09504132,0,.070247933,.024793388,242,19898.699,4459.02,185.97099
17031051100,1.66666674614,28.3333339691,9.1575098,155.6776581,1670,26584.531,-26.079729,0,2.7544911,18.862276,75.748505,2.6347306,38.918499,20.059879,16.167665,57.380951,4.2857141,175780.13,3.9520957,11.017964,.58195925,77.122429,57.608696,691795.13,590300,1483.209,1319,32.462688,23.854448,68.427521,13.20755,.19767442,.090697676,.26744187,.023255814,0,.41395348,.0069767442,430,17778.6,4911.0498,167.368
17031051200,2.33333349228,21.3333320618,15.24058437,139.3424683,1623,25527.672,-30.873798,9.1805305,3.2039433,9.6118298,74.121994,3.8817008,43.039276,7.8866296,27.079483,59.593021,11.33721,210935.06,5.8072748,11.359285,2.9951692,75.88591,40.400669,798161.19,768800,1424.6499,1554,19.607843,31.372549,73.697586,9.6530914,.018404908,.08588957,.52147239,.08588957,.0061349692,.28220859,0,163,16394.801,5338.21,159.968
17031051300,2,41,6.81895685,139.7886047,2783,22385.229,-33.429436,0,3.3417177,6.6834354,88.034492,1.9403521,21.903276,7.4380164,14.660439,57.142857,5.4621849,208331.64,2.5512037,3.2339203,3.4426229,84.658226,71.555557,580314.56,496400,1787.5,1802,22.435898,39.130436,75.082085,5.9364548,.034782607,.31304348,.13913043,.36521739,.034782607,.086956523,.026086956,115,16330.8,8302.5596,253.868
17031051400,4.33333349228,53,19.51951981,238.738739,1814,13091.22,-20.361017,3.2524805,5.0165381,6.8908491,73.428886,11.411246,43.94754,13.340684,22.133406,45.476772,11.735941,151142.06,8.1587648,9.4818077,4.2944784,69.195747,57.052097,571159,443400,1456.9659,1439,40.557278,14.549326,79.410126,44.144783,.034482758,.33620688,.46551725,.047413792,.038793102,.047413792,.030172413,232,17118.9,8426.5596,268.353
17031060100,3,55.3333358765,9.64940453,177.9779205,2773,22061.525,-20.995636,4.0389471,3.0292103,12.549585,78.579155,1.8031014,36.390835,11.792283,19.239092,62.589928,18.884892,152772.13,5.3011179,7.5730257,1.3623978,76.314423,47.677261,652956.56,428200,1432.8617,1458,22.96417,19.239544,80.504753,6.6920166,.070588239,.26274511,.019607844,.05882353,.031372551,.4509804,.10588235,255,14601.7,7732.9102,196.48599
17031060200,2.33333349228,36.6666679383,10.64962769,167.3512878,2279,18545.377,-13.515515,1.2724879,5.6603775,20.008776,70.030716,3.0276437,46.525223,17.112768,33.655113,59.159161,17.717718,120007.41,16.586222,20.447565,4.1169453,73.884979,29.087624,682950.63,485000,1229.2993,1218,33.885349,13.763806,77.782722,5.9473267,.037192248,.16867469,.68308014,.056574121,.0083813518,.036668412,.0094290208,1909,15088.5,7193.2002,184.174
17031060300,5,42.3333358765,17.13502312,145.0765381,3461,28038.15,-28.638254,.92458826,6.9921985,7.7434263,82.172783,2.1670039,31.332317,9.9104309,26.134066,51.655628,5.5629139,185034.8,1.0690552,3.467206,3.0723906,77.662659,52.49633,632518.06,548000,1431.5271,1473,20.853859,26.20883,80.879318,4.5550079,.0091074677,.5774135,.143898,.18397085,.043715846,.032786883,.0091074677,549,15587.4,8370.6504,231.463
17031060400,5.66666698456,62.3333358765,14.23428059,156.5770874,3980,31714.391,-27.080637,.67839193,4.949749,12.613066,76.834175,4.9246235,38.882084,11.758794,29.82412,57.984295,8.6387434,182480.17,10.703518,12.688442,2.7304964,82.127823,46.597538,848470.13,606200,1540.8589,1479,35.95092,15.574264,61.388676,7.2158737,.27182865,.20428336,.42339373,.016474465,.018121911,.06589786,0,607,14967.6,9501.0498,256.004
17031060500,3.66666650772,20.3333339691,29.73776627,164.9094391,1306,14817.308,-5.0430603,5.8192959,7.2741194,17.228178,67.075035,2.603369,51.105747,18.300154,23.506891,48.780487,20.975609,92847.031,19.448698,25.803982,2.6683609,51.778656,22.371967,912078.31,679200,805.14185,541,43.97163,11.47541,73.493042,6.4312744,.12751678,.087248325,.295302,.067114092,.093959734,.28859061,.040268455,149,14456,6126.7798,159.06599
17031060800,4,31.3333339691,7.65550232,59.9681015,4825,50517.418,-15.326427,3.8756475,7.6062174,5.2435236,80.89119,2.3834198,33.505646,15.336787,31.150261,33.102493,5.8171744,106134.57,6.1554403,7.958549,4.5246429,80.980247,52.994793,259523.34,206500,1376.514,1443,36.484489,.60292852,80.647179,11.800171,.021929825,.50877196,.29166666,.024122806,0,.15350877,0,456,13306.1,5899.8901,148.62
17031060900,17.33333396912,130.6666564942,25.43409157,191.733902,7529,21582.764,-10.195064,6.1229911,4.1174126,17.359543,68.641251,3.7587993,49.184521,19.577633,35.183956,37.404579,0,84024.07,8.3676453,10.997477,5.2140884,67.663651,38.848614,330347.47,230600,1226.4634,1254,48.198357,3.2913842,69.945358,9.1965179,.091559373,.23032904,.25751072,.10443491,.014306151,.12589413,.17596567,699,13182.7,18217.699,471.31299
17031061000,16.66666603089,80.3333358765,74.94004821999999,361.2110291,2085,31248.082,-20.382057,1.4868106,5.8513188,17.122301,73.956833,1.5827338,41.982597,16.258993,50.455635,32.3741,0,136422.78,9.2086334,11.654676,2.0202019,80.341881,27.263479,503376.88,448100,1992.4475,1966,37.906647,1.7873942,66.504852,7.5258713,.55288464,.022435898,.14262821,.016025642,0,.26602563,0,624,14155.5,5981.1201,160.991
17031061100,12,74.666671753,83.85744476000001,521.7796631,1421,21269.469,-22.789619,2.0408163,4.9261084,1.9704434,90.710762,.3518649,17.391191,5.9817028,54.398312,43.396225,3.7735848,147356.91,8.0928926,9.4299793,.95986038,85.888885,36.677631,553942.63,542900,1865.974,1925,31.052631,6.371191,60.562366,15.789474,.0010570824,.027484143,.0063424949,.0021141649,.6257928,.33720931,0,946,14364.3,5333.5801,146.569
17031061200,5,52.6666641236,23.13743591,243.714325,1897,28128.451,-23.887905,1.1597259,4.7443333,8.4870844,84.396416,1.2124407,27.798906,7.3273592,46.494469,50.557621,4.8327136,151612.89,8.750659,9.0669479,2.512212,89.518631,36.662453,736558.63,375800,1734.9302,1760,33.333332,10.021787,70.933334,13.834419,.20710059,.0147929,.15976331,.091715977,0,.52662724,0,338,14886.2,5566.2598,152.638
17031061500,2.66666650772,30.6666679383,13.00178719,149.5205688,1917,30476.803,-24.082018,1.6692748,3.3385496,7.3030777,84.141884,3.547209,28.402929,5.5294733,44.314034,37.694702,0,154250.94,5.164319,6.3119459,2.9663811,80.098801,31.008717,621670.69,452800,1646.4814,1733,18.843285,8.2207203,74.434509,9.5720749,.3253493,.079840317,.10778443,.029940119,.019960079,.43712574,0,501,14828.8,5161.1099,145.40199
17031061800,7,62,49.68062592,440.0283813,1212,37892.328,-7.4444323,5.4455442,7.7557759,12.706271,66.501648,7.5907588,52.686558,17.326733,48.762379,35.915493,4.9295774,70623.742,10.379062,13.447654,4.5548654,70.734467,25.698324,324211.97,325700,1211.4662,1308,44.204323,2.9850745,56.109726,2.8493881,.21768707,.1292517,.027210884,0,0,.62585032,0,147,13632,3996.47,104.634
17031061901,4,54,11.82033062,159.5744629,3513,56650.41,-11.01452,2.5903785,15.428409,7.5149446,70.993454,3.472815,46.466488,28.294905,35.325932,25.490196,2.6737969,83209.539,9.9629946,15.172217,4.6148119,82.344971,30.69788,321110.06,230000,1251.3055,1359,46.702198,3.352412,66.951324,7.4407196,.26666668,.088172041,.079569891,.1139785,.0064516128,.32473117,.1204301,465,13559.5,7183.7202,193.3
17031061902,6.33333301545,32.3333358765,13.74719524,70.1830597,4512,13558.851,-13.542578,2.6152482,7.2030144,2.2384751,84.773933,3.1693261,27.396017,22.672873,28.501772,18.376722,1.8376722,101209.23,12.78812,13.940603,5.9092393,76.661552,30.977701,330946.84,309900,1448.2997,1324,43.646111,3.9509954,74.766563,10.719757,0,.25793651,.60317463,.019841271,.043650795,.067460321,.0079365084,252,12711.7,7200.1602,192.89799
17031062000,20,161,65.4236145,526.6600952,3022,34790.047,-15.111631,6.2872267,4.897419,5.095963,81.833229,1.8861681,32.102829,11.482462,42.720051,27.440634,3.4300792,108200.45,7.9748511,11.184646,2.2745736,78.169884,33.850128,372028.63,337800,1378.4646,1341,41.674973,5.349544,60.258106,5.8966599,.2,.041538462,.081538461,.0015384615,.0015384615,.61076921,.063076921,650,13542.2,9788.4004,267.703
17031062100,34,213.3333282471,91.64420319,575.0224609000001,3740,39568.313,-16.128334,2.8877006,7.5668445,8.636364,78.90374,2.0053477,36.299957,14.411765,47.486629,23.671497,2.173913,119340.45,15.293802,17.19882,3.353126,77.471519,33.44463,436311.16,408100,1436.6125,1549,38.83408,2.1350546,65.507874,10.774574,.12567882,.081458494,.15050426,.062063616,.1117145,.46702871,.0015515904,1289,13991.4,9175.3701,276.12601
17031062200,9.666666984560001,82.6666641236,29.72529793,254.2025299,2833,30279.611,-21.009951,4.5534768,4.3769855,7.3420405,83.409813,.31768444,29.48905,8.2597952,44.617012,36.91275,2.2371364,137970.91,9.7864771,11.067616,4.2321119,84.600197,41.568626,523524.53,497700,1596.4689,1724,28.813559,1.4883062,62.375179,9.6385574,.081896551,.1099138,.099137932,.20043103,.068965517,.43965518,0,464,14371.1,7998.29,270.91
17031062300,2.66666650772,32.6666641236,16.50164986,202.1452026,1728,27404.936,-39.845432,1.4467592,6.1921296,5.439815,81.828705,5.0925927,32.08102,10.011574,31.886574,62.080536,4.0268455,243734.92,3.3564816,4.0509257,3.366174,88.699188,49.718311,1100340,718800,1808.1233,1863,19.047619,26.033058,77.691391,2.2038574,.035714287,.069327734,.10294118,.36974791,.12394958,.24369748,.054621849,476,14840.5,5268.23,173.241
17031062400,2.66666650772,57.6666641236,17.66004372,381.8984375,1433,22778.393,-30.29917,1.8841591,4.1172366,2.512212,88.415909,3.0704815,21.463863,3.0006979,26.273552,41.868511,7.2664361,188034.13,4.5359387,5.6524773,2.9352226,90.836296,48.882267,631112.81,587800,1629.8781,1753,34.365326,7.9015546,68.794838,13.082901,0,.17420815,.23303168,.011312217,.015837105,.56561089,0,442,15354.9,4977.6899,143.832
17031062500,4.66666650772,58.3333320618,29.53586388,369.1983032,1568,25223.91,-31.854866,0,6.8877549,8.5459185,83.227036,1.3392857,29.509926,6.0586734,29.783163,42.156864,5.8823528,199939.58,8.6734695,10.395409,1.9736842,91.794868,48.811188,729931.81,471700,1877.0718,1880,29.55801,11.111111,64.553688,7.6227417,.34514639,.26271185,.14560863,.064714946,0,.12711865,.054699536,1298,15801,5046.8101,148.228
17031062600,4.66666698456,48.3333320618,19.14137459,198.2499237,2288,17956.215,-34.730438,1.4423077,9.5279722,6.25,79.020981,3.7587411,36.096321,15.515735,17.897728,68.725098,6.1752987,214636.77,1.1363636,2.3601398,4.83322,86.322578,64.705879,738362,607100,1544.6428,1554,28.571428,20.773932,72.553383,3.0549927,.48750001,.14545454,.12386364,.046590909,.0011363636,.19545455,0,880,15523.3,9609.3799,284.737
17031062700,8.33333301545,94.3333358765,28.0394783,317.4069214,2770,22067.988,-28.926176,0,2.7075813,7.8339353,87.148018,2.3104694,23.311834,8.8447657,31.732853,47.826088,4.8494983,192159.23,8.6281586,9.1696749,1.3255568,76.588982,51.919559,1026015.9,542700,1515.9696,1636,31.178707,18.541033,66.336273,16.869301,.10096819,.12793915,.197787,.1307054,.087828495,.27178425,.082987554,1446,15233,9790.8096,286.84799
17031062800,7.66666698456,81,22.26740265,235.2599487,3651,29040.973,-32.489048,.95864141,5.368392,7.4500136,84.086548,2.1364009,28.396467,8.9564505,37.825253,52.968037,3.6529679,199087.84,4.2728019,5.2040539,1.8664752,89.897514,50.098618,679594.5,603500,1763.5514,1810,28.225805,20.550459,67.627312,6.9724808,.069084629,.29879102,.14853196,.048359241,.084628671,.29879102,.051813472,579,14679.3,10214.9,321.60501
17031062900,15.33333396912,122,40.79099274,324.5544128,3959,31478.664,-23.726171,3.7383177,4.3192725,2.5006316,87.345291,2.096489,23.275208,7.8807778,41.46249,38.325993,11.306902,160543.09,9.2194996,10.962364,2.0833333,84.69529,39.21463,725213.19,596800,1534.2909,1494,30.198915,9.4552927,65.822784,4.4707108,.05102041,.27210885,.16156463,.034013607,.030612245,.44217688,.0085034017,588,14417.8,10477.8,345.53601
17031063000,35.66666793824,220.3333282471,101.73036957,628.4464722,3249,25943.795,-18.584465,4.9861493,11.60357,6.6481991,73.160973,3.6011081,44.308014,12.927054,38.196369,46.470589,12.54902,124216.26,7.7870116,8.0640202,3.5714285,89.272942,36.236935,612511.56,466000,1347.3684,1241,35.272045,5.1724138,68.073227,7.2198257,.08195623,.022331398,.7673068,.0089325588,.0040196516,.095131755,.020321572,4478,13888.2,12038.3,363.61301
17031063100,10,99,43.30879211,428.7570496,2326,37740.352,-17.715458,.81685299,4.9871025,4.7291489,81.083405,8.3834906,33.072952,12.639725,38.220119,41.624367,6.0913706,117874.21,8.6844368,8.985383,2.8418231,85.913857,34.766212,405468.53,390600,1396.4954,1403,28.039703,4.6805348,63.079617,1.4858856,.096330278,.13211009,.16422018,.091743119,.13669725,.37614679,.0027522936,1090,13487.1,6480.8999,182.75301
17031063200,12.33333396912,173,19.6234436,275.2585449,7045,23874.775,-13.668926,2.6827536,7.1398153,7.2249823,80.80909,2.143364,33.549229,15.330021,34.116398,25.981308,3.6448598,102489.63,11.252164,13.747836,2.5558462,77.401421,35.065243,414751.69,314800,1329.9482,1332,43.028938,6.5149488,72.505325,5.9571609,.12985075,.20597015,.50298506,.016417911,.0044776117,.13134329,.0089552235,670,12795.2,15128.2,415.353
17031063301,2.33333349228,36.3333320618,7.97720861,124.2165222,2588,71419.023,-5.431622,10.200928,5.6027822,3.9412673,74.806801,5.4482226,42.232754,19.358578,42.349304,19.614147,0,66226,20.517775,25.23184,.45584047,69.741341,14.810628,451087.78,347800,1065.027,1123,47.946175,3.6819637,69.771049,5.6029892,.11170213,.058510639,.077127658,.0079787234,0,.72074467,.023936171,376,13480.6,3507.3101,100.403
17031063302,1.66666674614,33,4.30997372,85.33747099999999,4140,88470.313,-13.29318,2.1256039,10.048309,7.4879227,78.550728,1.7874396,36.65033,20.169083,44.710144,23.454546,0,88879.297,11.42512,11.811594,.56550425,86.583466,31.056564,343329.09,336100,1353.0209,1349,38.300282,2.0608439,60.27832,8.0471039,.062091503,.055555556,.70588237,.013071896,0,.1633987,0,306,13096.5,4068.6799,113.585
17031063303,.6666666865400001,25.6666660309,5.74712658,221.2643585,1295,14176.425,-13.679235,1.4671814,7.5675673,4.9420848,85.714287,.3088803,25.691208,18.8417,16.293436,10.40724,0,99339.031,5.5598454,6.9498072,3.8343558,70.473083,40.608604,350240.31,326900,2665.938,2895,64.516129,2.3148148,71.981422,11.759262,.021201413,.045936394,.88692582,.0070671379,.038869258,0,0,283,12969.2,6153.75,171.188
17031063400,10.66666698456,155,40.58853531,589.802124,2274,37080.023,-18.636976,3.7379067,5.1451187,7.6517148,80.518906,2.9463501,34.090317,12.313105,38.060684,43.975903,3.3132529,122781.98,8.8830252,9.1468773,1.4376997,84.454247,36.05442,495462.5,427900,1411.9681,1304,23.346828,3.6296296,62.16824,12.888885,.33089769,.10334029,.10334029,.003131524,.062630482,.38726515,.0093945721,958,13694.1,6166.4102,178.77699
17031070101,11,103.3333282471,28.58627892,268.5377502,3618,7822.6729,-10.069319,2.0729685,5.6661139,4.3946934,84.825874,3.0403538,27.39612,15.312327,34.452736,31.732418,20.240137,89383.688,14.953012,16.860144,4.5529122,84.722221,39.691944,392495.53,358900,1275.4456,1299,46.3078,4.5485177,66.390274,14.690025,.064761907,.21142857,.36000001,0,.17333333,.19047619,0,525,12890.2,17164.9,486.466
17031070102,5.33333349228,78.6666641236,15.71400547,231.7815704,2879,59795.371,-17.184929,4.2375827,5.2101426,10.281347,78.082672,2.1882598,37.474995,20.250088,40.013897,26.361031,4.2979941,119102.7,6.8879371,8.3154888,2.8695652,77.777779,25.052965,659967.88,350500,1234.6514,1236,34.731419,3.2085562,60.865017,8.2158508,.35635966,.11622807,.2609649,.02741228,.010964912,.22807017,0,912,13327.2,4508.5698,128.326
17031070103,3,45.3333320618,20.4220562,308.5999451,1587,59490.008,-8.7164946,6.8683052,7.3724008,6.3011975,78.890991,.56710774,36.346588,11.531191,58.034027,31.914894,0,67024.156,15.563957,15.563957,4.3773584,83.349281,12.457627,410775.5,347800,1320.5227,1340,45.009979,4.4194756,59.076332,11.610489,.30132452,.069536425,.12251656,.049668875,.0033112583,.4536424,0,302,13522.7,2101.8401,60.996799
17031070200,17,158.3333435059,39.90610504,371.67453,4084,30982.301,-17.706932,5.7296767,9.3046036,4.1625857,79.064644,1.7384917,36.090279,10.675808,43.63369,46.127365,7.9173837,124366.77,13.16129,15.561291,1.9973805,86.629616,34.525585,699172.69,481300,1363.6923,1433,38.191738,6.0317459,71.30864,8.7074814,.57629526,.063875087,.14123492,.021646557,.00035486161,.15365507,.042938255,2818,13847.9,11248.4,333.70499
17031070300,23.66666603089,204,63.46652222,547.0635376,3591,28670.229,-21.341223,1.5594542,3.8986354,4.010025,85.57505,4.9568367,26.186291,5.2353106,47.493736,36.212624,6.1461792,142506.5,12.837649,14.035088,3.3345416,88.251472,38.871857,585571,568500,1723.5707,1812,33.946831,9.1903725,66.562675,10.776802,.12348823,.13430935,.29598981,.035646085,.070019096,.29853597,.042011458,1571,13967.8,10267.2,306.948
17031070400,7.33333349228,103.3333282471,22.37819099,315.3290405,3228,25774.553,-21.007059,6.7843871,8.7670383,7.6517968,75.030975,1.7657993,41.857956,9.9752169,34.526024,26.485569,1.5280136,152843,12.51549,15.98513,0,70.310509,39.296925,675258.81,574300,1187.6321,852,33.19239,9.9099102,72.86338,4.3243256,.094606541,.072502211,.15030946,.082228117,.45446506,.1458886,0,1131,14599.7,10866.6,330.48001
17031070500,4.66666650772,62.3333358765,14.33251381,191.441452,3229,27382.543,-34.63316,7.3707027,5.2338185,5.0170331,80.7061,1.6723444,33.768375,9.1049862,23.350883,50.083473,5.175292,228396.05,6.2018104,7.5092187,4.047976,72.738747,55.978676,1025717,728100,1482.1799,1536,44.636677,19.565218,73.41095,4.855072,.003992016,.073852293,.42648038,.46240851,0,.033266801,0,1503,14655.2,10224.6,310.854
17031070600,7.66666650773,78,23.19717598,236.0060577,3357,25337.059,-29.988876,1.4596366,3.723563,10.396187,84.122726,.297885,27.992016,8.4003572,29.177837,66.053749,5.9405942,182847.34,2.8894846,3.3958893,2.0285847,91.339714,70.393211,710956.19,659000,1907.7957,1924,23.11828,22.686152,68.903938,9.7425156,.08951965,.13973799,.66157204,.030567685,0,.078602619,0,458,15187.7,9060,264.832
17031070700,11.66666603089,207.3333282471,30.06872749,534.3642578,4440,16760.072,-25.861456,6.6891894,8.4684687,14.842341,68.175674,1.8243244,50.119942,13.310811,30.056307,61.869617,10.209102,185560.56,15.112613,17.770269,2.3943663,75.832787,48.093342,605533.94,462700,1438.0448,1610,29.328621,9.5169086,62.505886,15.120773,.50826949,.19645019,.092375956,.15369101,.0040338845,.044776119,.00040338846,2479,15680.1,12193.7,359.677
17031071000,6,62.6666641236,12.40694809,129.5836792,4437,35398.523,-26.099751,5.8598151,6.3781834,4.7554655,79.986481,3.0200586,34.954098,7.1444669,85.530762,46.74221,4.532578,166656.88,9.0503244,9.375,6.4516129,87.43856,49.375599,1048234.4,543600,1799.006,1865,19.556452,16.211454,53.581142,8.2819366,.047732696,.085918851,.18615752,.023866348,.026252983,.59665871,.033412889,419,14942,8251.7803,263.53601
17031071100,16.33333206177,124.3333282471,48.08163834,366.0092163,3200,25465.445,-26.162228,3.2812498,7.4375005,5.78125,77.1875,6.3125,39.027359,11.375,60.09375,48.822269,8.7794428,173306.45,12.357903,16.721672,3.800905,91.575928,46.445499,1101775.5,914500,1710.2655,1744,41.769913,14.79452,57.447475,3.6529694,.24725275,.09958791,.054258242,.074862637,.13873626,.38530219,0,1456,14240.4,8117.6099,255.73199
17031071200,18.66666793824,158,93.61418152,792.3771362,1931,15378.967,-19.64394,4.142931,9.425168,11.185914,72.812012,2.4339721,44.61364,12.221647,34.075607,36.585365,14.363144,147390.81,9.8912477,16.468151,1.3709064,78.827835,47.863247,787800.25,512300,1499.5753,1689,35.031845,6.6597295,78.843147,2.6014557,.0043545878,.01088647,.94214618,.0045101088,.007153966,.02954899,.001399689,6430,14165.5,8324.1396,259.73999
17031071300,6.66666650773,87.3333358765,15.2276535,199.4822693,3747,31347.738,-31.811737,1.0942087,8.6469173,5.4443555,84.334137,.48038429,27.819155,12.810248,33.533493,45.467224,2.0920503,196922.94,10.147651,11.275167,2.811079,92.956657,47.048996,829748.06,713800,1668.5775,1595,38.391846,10.699798,72.064346,8.9249496,.58035713,.098214284,.15625,.03422619,0,.1235119,.0074404762,672,13564,10022.6,292.34201
17031071400,8,185.666671753,16.00640297,371.4819336,4749,9290.8154,-15.083783,5.4748368,6.9698887,8.2543697,76.289742,3.0111601,40.241203,17.898504,31.933039,31.951872,12.299465,119048.62,18.57233,19.709412,1.8761727,81.681145,37.118824,484855.91,387400,1326.3817,1410,41.139603,.45307443,68.46904,7.6699066,.03185438,.064277589,.36803186,.0005688282,.0005688282,.28725824,.24744028,1758,12978.1,11210.3,324.98401
17031071500,27.66666793824,363,44.93530655,589.5728149,5915,9464.6973,-19.056999,2.7557058,10.245139,4.0743871,79.50972,3.4150467,35.37384,15.739645,35.14793,37.35199,6.2432723,119224.16,3.8884194,4.6322908,1.9463668,89.816818,33.926701,591645.81,335000,1661.6334,1633,28.104839,5.2342257,77.160286,8.6998062,.11654589,.11956522,.15036231,.030797102,.32246378,.23429951,.025966184,1656,13108.8,18124.301,525.24902
17031071600,4.33333349228,21.6666679382,21.94092941,109.7046509,1709,27300.229,-32.956894,8.8355761,6.6120534,3.9204214,76.653015,3.9789348,39.713268,11.585723,17.115273,46.373058,7.5129533,219175.52,10.883557,12.053833,7.8888888,78.877892,57.997219,1041237.4,799600,1386.4238,1618,44.295303,20.386007,76.114082,13.268997,.11392405,.50632912,.1329114,.16455697,0,.082278483,0,158,13775.7,5517.8501,164.25301
17031071700,5,51.3333320618,30.82614136,316.4816895,1776,28757.994,-32.264362,8.6711712,7.7702703,4.786036,74.211708,4.5608106,43.133484,18.412163,25.53491,40.487804,4.6341462,205025.14,2.8716216,4.8986487,3.1275721,80.97744,58.87978,912668.19,690400,2030.2325,1984,22.923588,15.00664,77.739723,2.7888412,0,.43000001,.41999999,0,0,.14,.0099999998,100,14012.2,5576.5601,167.942
17031071800,3.33333349228,59.6666679383,12.92490673,231.355835,2773,22210.102,-32.717999,12.080779,9.3040028,3.6422648,71.366753,3.6062028,46.480064,18.103138,23.656691,54.090908,9.545455,209217.86,4.6520014,5.6256762,3.1539888,84.364174,61.609619,1644596.9,710800,1536.9458,1640,18.181818,23.0837,81.024315,4.7577057,.019672131,.067213118,.23770492,.018032787,.0049180328,.64918035,.0032786885,610,14418.1,7874.1802,249.121
17031080100,8,34.3333320618,11.52073765,49.443161,6666,64959.742,-29.925154,5.8955898,3.1203122,4.8004804,84.248421,1.9351935,28.309193,9.3909388,25.870089,19.668875,8.0132446,196191.86,7.1407142,10.066007,4.5366168,83.074326,44.621025,850255.88,554500,1672.528,1749,30.278156,5.1535325,74.367088,12.175217,.059177533,.36108324,.30591774,.017051153,.0050150449,.25175527,0,997,13426.7,9348.1602,263.30099
17031080201,8,68.666671753,26.33311462,226.0259094,3230,61829.125,-16.542368,8.6996908,6.4705887,1.9195046,80.278633,2.6315789,34.271778,11.114552,23.343653,4.8000002,0,109674.84,1.6718266,2.1671827,6.5234685,74.024673,52.158745,416409.53,232900,1424.0657,1494,31.175934,3.9277298,80.610023,9.9371567,.058890149,.09060023,.16534542,.012457531,.058890149,.17214043,.44167611,883,13520.4,6057.2798,171.33299
17031080202,27,169.3333282471,81.30081177,509.8865662,3506,58459.734,-23.289324,3.0233884,1.9110097,5.2481461,89.817459,0,18.924883,12.778094,29.121506,32.767403,3.0560272,147277.61,8.0718765,8.8990307,5.157937,88.65052,56.328545,557714.81,250300,1369.0247,1362,33.2244,2.336977,74.948181,16.0196,.26149207,.22833459,.17709118,.019593067,.00075357949,.3127355,0,1327,13698.4,7958.8799,225.327
17031080300,23.00000190735,203,48.96743011,432.1907654,4579,32807.555,-27.23329,6.6171656,10.024023,5.5252237,76.71981,1.1137803,39.380344,13.387202,28.892771,39.700375,9.9875154,175879.84,6.1803889,6.1803889,1.8878249,85.623085,49.668385,534202.13,428900,1752.197,1868,29.166668,5.3726168,64.775986,5.9272079,.066833451,.15832737,.23338099,.031093638,.022516083,.29199427,.19585419,2798,13914.6,14492.7,422.47699
17031080400,39.66666793824,137.3333282471,89.33934021,309.3092957,4229,33460.371,.19649118,59.517616,.96949637,4.1617403,31.449514,3.9016318,54.350986,7.1884608,32.017025,58.689175,45.580933,93219.703,25.059895,37.661716,10.708042,46.047581,29.911871,537878.69,593400,769.66382,631,47.304348,4.8309178,66.445969,6.8115921,.036601309,.13986929,.4509804,.16993465,.05751634,.1006536,.044444446,765,14273.7,8917.1201,277.22
17031081000,42.33333206177,199.3333435059,52.40570831,246.7607574,7698,66720.57,-3.3143468,15.172772,10.561185,7.3525591,65.523514,1.3899714,53.089256,25.071447,46.518578,26.299213,10.866141,70489.086,21.291338,25.622047,3.8856907,57.876476,12.592431,545777.19,413600,1189.1879,1163,46.668411,2.1134806,62.654842,12.4524,.13445596,.14689119,.23264249,.011139897,.047927462,.12020726,.30673575,3860,14004.2,16869.5,475.517
17031081100,22.33333396912,160,50.71147537,363.3060913,4077,103170.06,-9.6353264,9.4432182,6.4753494,16.777042,64.287468,3.0169244,54.454464,16.433653,32.572971,31.111111,28.148148,103058.72,16.139318,19.843021,5.1419034,74.158585,19.522936,661931.56,381600,1452.1292,1530,35.978577,0,73.039467,15.686882,.062780268,.024867509,.48206279,.040562578,.15613535,.23359153,0,4906,13994.7,5794.98,163.42799
17031081201,60,696,127.98635101,1484.6416016,4656,65140.34,-27.66716,2.5128865,11.146908,7.4312716,78.092781,.8161512,37.150589,23.410652,30.100945,19.944979,7.0151305,181425.88,6.0769591,7.9774752,4.3979058,81.217438,47.803707,1178561,612100,1803.879,1796,46.040272,.36997885,67.976807,22.991547,.34913,.16105622,.1780187,.017224796,.0087435516,.28434029,.0014864038,11437,13611.1,7679.3501,211.61301
17031081202,9,95.3333358765,29.89040184,316.6168518,3021,10644.952,-31.354965,2.1516056,7.7788815,4.2039061,83.912613,1.9529958,28.720463,10.162198,11.353856,17.385942,2.5893958,202383.64,3.4425688,4.9321418,3.7878788,75.468231,73.998871,920645.94,646400,1581.1947,1509,35.840706,.75622773,78.876556,21.12989,.014845606,.1104513,.16627078,.0077197151,.00059382425,.70011878,0,1684,13176.7,12498.8,341.05301
17031081300,14,233.666671753,24.44987869,408.0801086,5276,67427.445,-24.027739,3.6770279,14.556482,3.8476117,76.95224,.96664143,38.372028,25.398029,15.722138,10.630499,0,158981.91,11.751327,12.98332,4.4051337,81.201103,63.498791,600133.44,389100,1700.8108,1535,31.697342,2.8887384,81.974983,25.434441,.20990399,.27658251,.20581436,.031116642,.007556899,.26866999,.00035561877,11248,13434.3,7158.2998,194.776
17031081401,22.66666793824,380.6666870118,111.16561127,1866.9283447,2386,22081.846,-17.910372,2.2212911,11.106455,4.1911149,75.272423,7.2087178,41.362438,19.195307,21.437553,17.959183,0,132257.2,14.243071,16.801706,4.522613,72.280182,52.031456,903504,642500,1661.2213,1749,52.388535,4.3767314,78.667229,15.457062,.14313108,.077834599,.65075231,.0057527781,.000098338089,.0600354,.062395517,20338,13344.4,10350.8,285.336
17031081402,12.33333301545,170.666671753,22.7175045,314.361145,5048,22225.172,-26.598383,5.4675117,18.720285,3.1497624,69.611725,3.0507133,47.546368,27.139462,22.048336,24.81451,4.8639736,170689.2,6.7353406,7.2900157,2.7410831,84.026001,43.914639,577109.31,450200,2163.9783,2060,40.615189,.67907447,69.889839,24.572433,.0450585,.13666916,.094597958,.42369929,.089370176,.21060494,0,4017,12358.3,8727.04,245.909
17031081403,42.33333206177,663.3333129883,46.67916107,731.4293823,7635,10870.583,-22.903385,3.3660774,20.903734,3.8113947,70.045837,1.8729535,46.272491,23.392273,27.609692,14.285714,7.3015871,152709.38,9.7053041,12.80943,3.2390838,86.906387,31.275091,607204.19,467300,2005.8451,1926,42.008316,2.7542725,69.124672,13.207237,.048084442,.59753716,.1303753,.026778733,.014985666,.18210842,.00013031015,15348,12651.1,28197.4,792.24902
17031081500,57.66666793824,612.6666870118,124.14783478,1318.9810791,4994,43780.668,-24.825781,2.5230277,20.38446,7.0484581,66.940323,3.1037245,50.377869,18.041651,23.277933,21.87785,2.9170465,161541.97,10.60789,13.888889,2.520252,87.808189,42.063992,731750.44,502800,2102.249,1992,33.370724,1.5677762,73.896904,23.106606,.14726682,.29693547,.24858782,.045456566,.0096072592,.2374683,.014677756,22483,13606.6,11771.9,326.89099
17031081600,54.33333206177,400.6666870118,136.31040955,1005.1848755,3937,76779.68,-23.823706,3.3020065,18.034037,5.7404118,68.148338,4.7752099,49.639191,17.932436,32.918465,33.914421,8.0824089,159472.03,11.887224,14.071629,3.9243166,87.507866,28.362919,472915.16,397500,1982.5298,2031,40.182926,3.6050665,70.731705,17.668076,.096118301,.15506265,.087286919,.018278908,.024029575,.60649002,.012733621,4869,14186.1,5209.9702,145.211
17031081700,80.0000076294,595.3333740235,182.77360535,1360.1402588,3487,24306.16,-22.160625,2.3802695,14.138227,5.276742,73.501572,4.7031832,43.419994,19.128191,39.116718,15.955473,0,138421.06,5.9363351,9.1769428,4.2560434,88.845016,24.793047,375169.94,348100,2030.9851,1950,35.609482,.61438382,62.215744,12.685219,.020212712,.43772367,.20767176,.042895306,.0060486919,.2648319,.020615958,19839,14249.3,13761.8,383.19
17031081800,78.66667175293,566.6666870118,71.68459319999999,516.3720703,8960,31081.428,-25.286777,1.1383928,9.3191967,5.4910717,82.578125,1.4732143,30.60388,13.214286,25.524553,28.2754,4.6791444,156331.81,2.6116071,5.1897321,2.0721924,89.775787,56.286064,511366.19,440600,2207.2036,2024,25.655737,1.6857721,73.513756,3.5906982,.05397433,.39561301,.05921486,.36523676,.025324004,.074277468,.026359556,31867,14566.4,24810.1,695.47803
17031081900,9,24.3333339691,85.63272858000001,231.5255432,935,17579.967,-24.674793,44.385029,8.1283417,1.4973263,44.919785,1.0695187,59.427265,10.909091,25.40107,42.081448,30.316742,210833.66,24.278074,27.486631,1.9064125,63.076923,55.690071,725413.06,575600,1041.954,756,36.781609,1.6465423,80.022575,54.665203,.051282052,.12820514,.17094018,.034188036,0,.61538464,0,117,14782.5,3285.25,96.421204
17031090100,1.66666674614,20,4.78102922,57.372345,3558,9875.5879,-14.038773,.84317029,3.7661607,12.872401,77.852722,4.6655426,37.365921,12.956717,10.848791,39.419086,3.3195021,123236.41,2.9510961,4.3001685,2.5329816,42.275494,85.714287,320165.16,332900,933.73492,955,54.216866,87.030716,86.604362,5.8703079,.012072435,.20120725,.55533201,.020120725,0,.090543263,.12072434,497,16397.1,11117.3,125.34
17031090200,5.66666650773,39.3333320618,9.19018269,63.7906761,6803,11348.88,-16.44282,2.410701,1.925621,10.024988,83.992355,1.6463325,28.325539,9.5399084,19.4914,41.588234,4.647059,131570.78,2.0873144,2.5282962,3.4679217,49.47707,74.672966,379719.56,384100,1201.5015,1209,34.514637,53.825413,84.925972,7.246376,.14588529,.22069825,.19451371,.138404,.0024937657,.27680799,.021197008,802,17143.5,20208.4,237.827
17031090300,1,11,7.40740728,81.4814835,1392,7266.9385,-13.168757,0,3.5201151,4.6695404,89.798851,2.0114944,18.979246,9.6264372,13.397989,40.114613,5.1575933,113520.52,4.8850574,5.7471266,.64516127,51.367783,79.092705,349616.72,354100,1192.9293,1186,32.323231,74.626869,84.844093,5.4104462,.0041103936,.26130357,.58191425,.11450382,0,.014092778,.024075162,1703,17757.4,6582.73,78.789101
17031100100,7,65.3333282471,12.18238735,113.7022781,5498,12091.591,-11.180485,.018188432,1.8552201,9.4034195,87.941071,.78210264,21.738903,25.172791,19.879955,36.618706,7.4100718,112494.43,8.1666059,8.4030552,10.18868,42.198135,66.334389,342547.34,311600,1005.9557,1128,36.426594,43.646408,90.687439,6.2048416,.027838428,.084061138,.67303491,.12936682,0,.064410478,.021288211,1832,17172.1,16131,229.97
17031100200,7.33333301545,54,10.8561554,79.94078829999999,6762,8383.957,-6.2260156,.5323869,.25140491,12.718131,84.531204,1.9668738,26.885092,12.570246,18.456078,41.418621,7.7897406,91048.648,6.3771639,8.9280291,3.2440782,32.110794,70.533806,307707.31,306500,998.06201,1096,33.612274,56.64312,86.476868,5.4826736,.086148649,.17736487,.36148649,.25844595,0,.06925676,.047297299,1184,17123.801,22915.5,301.97198
17031100300,2.33333325386,47,3.67859578,74.0974274,6272,7103.709,-7.0879679,.79719388,5.8354592,10.411352,76.5625,6.3934951,39.542225,20.44005,16.398277,42.774567,7.1531792,93452.164,5.5657697,9.5771351,2.0240138,35.921326,66.292976,369399.38,355300,1234.7333,1319,69.815666,61.261261,87.937927,7.2765045,.0056232428,.020618556,.50515461,.054358013,0,.31490159,.099343956,1067,17732.9,23681.6,313.10599
17031100400,2.33333325386,25.6666660309,6.89111996,75.80232239999999,3289,8770.4307,-9.1387234,0,2.4627545,12.739435,82.669502,2.1283064,29.928654,13.165095,10.398297,49.026764,2.0681264,97228.766,7.0842199,8.300395,5.6924882,41.044144,95.326347,323456.56,335700,1300,1643,77.083328,90.284363,86.222908,1.9747238,.0072356961,.0013399437,.98606461,.0045558088,.00013399437,.00066997187,0,7463,18295.1,11436.8,147.168
17031100500,3.66666650772,83.666671753,6.52431774,148.8730774,5492,7265.6899,-10.819869,.30954114,2.6766205,5.6445742,85.23307,6.136198,26.585497,24.617626,17.152222,39.801701,2.5495751,104550.02,4.9787941,5.2738338,.68716097,41.690285,90.687881,308765.13,324600,896.17834,967,19.10828,81.039627,92.111496,8.9475937,.20547946,.33479452,.31835616,.038904108,.0065753423,.066849314,.029041097,1825,19115.1,25616.1,355.05399
17031100600,10.66666698456,86.666671753,22.12542343,179.7690735,4892,9881.0898,-6.2317581,1.0834014,6.2346687,17.55928,74.223221,.89942765,41.417313,24.529844,13.082584,40.314137,6.980803,88267.586,5.8160968,9.952898,6.2476759,36.206417,79.084618,289884.06,270900,966.30139,1026,34.246574,81.17347,88.5345,4.1326523,.091533184,.13386728,.45308924,.044622425,0,.10183066,.1750572,874,17915.199,19763.1,284.082
17031100700,2,32.6666679383,3.6920805,60.3039818,4731,10082.878,-8.9325151,.16909745,4.840414,15.535827,78.545761,.90889877,35.649174,27.87994,12.914817,32.867645,1.6911764,97838.891,4.2485733,7.0598183,5.3412461,36.873474,89.944443,310232.5,281700,1336.7469,1649,64.457832,88.945236,89.332474,8.7221069,.17647059,.072398193,.47058824,.15384616,0,.036199097,.09049774,221,18442.1,18874.301,287.879
17031110100,5.33333301544,59.3333358765,9.37976265,104.3498688,5229,7324.3027,-8.0287685,.91795754,5.8137312,23.7904,68.502579,.97532988,47.058197,20.328936,15.213234,41.711643,2.7756362,96964.07,9.236948,13.253012,8.6669111,39.013084,56.124401,304590.28,315900,845.45453,950,47.831051,46.396202,84.838524,9.7971497,.00066711142,.27885258,.17878586,.46964642,.0013342228,.067378253,.0033355569,1499,17244.301,19972.6,325.25
17031110200,8,40.3333358765,25.74831009,129.8144073,3235,14052.111,-5.1584797,2.3493044,14.064916,18.485317,60.030914,5.0695515,58.255409,35.394127,15.672334,36.45084,9.3525181,86109.852,8.5625963,11.159196,9.0857143,34.116661,50.161552,367177.63,315000,922.14874,976,36.868687,31.190475,87.779526,1.7460327,.16358253,.029607698,.35085121,.36121392,.017764619,.076980017,0,1351,17490.699,10120.7,158.228
17031110300,6.66666698456,51.6666641236,12.56676197,97.39239499999999,5242,11214.189,-5.6373835,0,11.942007,15.795498,70.087753,2.1747425,46.90868,31.247616,17.760397,34.62133,6.8006182,91286.289,6.600534,10.454025,2.2579541,28.049728,83.350204,281016.41,270000,948.6322,1019,37.993919,77.5,92.359253,5,.13953489,.20542635,.21705426,.24418604,0,.19379845,0,258,17875.801,20318.301,306.147
17031110400,5.66666650773,67.6666641236,12.64880943,151.0416565,4367,12108.221,-4.8610516,.22899015,6.9613008,24.318754,65.628578,2.8623769,50.447826,33.432564,19.704603,29.773756,6.8778281,82238.453,8.9535151,12.159377,6.0194173,35.718491,65.84967,355236.72,307000,1028.1145,1131,34.848484,44.794796,81.885056,8.1081085,.089939028,.08079268,.19512194,.16006097,.0045731706,.43292683,.036585364,656,17861.9,18751.199,293.53299
17031110501,3.99999976158,77.3333282471,7.88022041,152.3509216,5325,17422.379,-7.2425637,.41314554,10.87324,26.553991,61.859154,.30046949,53.498421,32.80751,19.755869,40.897961,5.9591837,89497.875,4.6427894,8.3380709,4.7125669,39.757481,75.20092,286198.41,304300,957.63892,1009,41.898148,61.619904,90.247147,7.7818985,.050847456,.12711865,.28248587,.43220338,0,.04519774,.062146891,354,17695.699,14519.3,247.66299
17031110502,14.33333301545,78.6666641236,40.4896431,222.2222137,3410,13604.459,-3.6696901,2.346041,6.0997066,23.519062,63.460411,4.57478,53.559914,31.759531,19.076246,47.075211,6.1281338,72326.336,10.439882,10.703813,5.1025515,36.880524,40.55518,245664.44,226800,1017.0991,1059,37.5,18.895706,81.35952,9.3865051,.020924149,.25283349,.13339145,.21098518,.00087183958,.15082824,.23016565,1147,17972.699,11470.2,190.272
17031120100,2.66666650772,26.6666660309,5.90623808,59.0623817,3826,3552.0491,-19.054024,.20909566,.91479355,10.454782,85.990593,2.430737,24.895269,6.1683221,14.113957,44.692738,5.4003725,137831.77,2.7443805,4.0773654,.48413125,64.282997,94.440582,484259.38,453000,1331.1111,1594,17.777779,94.674187,90.705727,9.8370895,.0054054055,.15315315,.34594595,.23063064,.0072072074,.14414415,.11351351,555,16483.199,14060.2,190.33099
17031120200,3,46.3333320618,6.28799009,97.11450960000001,4793,5189.3833,-17.052258,2.3158774,13.248487,12.935532,69.643227,1.8568747,47.98159,20.86376,12.685165,49.227013,8.7062654,133487.56,4.0684333,4.0684333,5.022831,57.198677,83.829536,448508.16,463400,1435.6276,1310,48.178139,85.544891,86.103539,3.2749863,.205778,.23010644,.48048657,.041054234,.0070957933,.024835275,.01064369,1973,16938.199,15592.6,248.17599
17031120300,4,77.666671753,5.8599472,113.7806473,6665,8401.7617,-20.013601,.87021756,15.933983,10.682671,70.817703,1.695424,46.132099,22.070518,12.228058,41.847828,5.380435,139768.5,3.8559639,4.0660167,3.7941937,69.26152,92.68293,435136.94,425800,1315.5172,1137,58.620689,81.197266,91.336296,4.4596252,.0074626864,.25844461,.53260016,.11704635,.0039277296,.03417125,.046347212,2546,25213.1,25107.1,610.87097
17031120400,5.66666650773,58.6666641236,14.84975529,153.7386322,3713,9032.0938,-7.5419583,.29625639,17.721519,23.700512,56.046326,2.2353892,59.779583,28.629141,17.007811,46.762589,7.6053443,97420.352,7.4993258,13.191259,5.5526452,38.89328,82.829887,326710.84,341800,1176.3889,1326,49.537037,67.44696,88.335159,7.9736633,.034115139,.16204691,.25373134,.45842218,.019189766,.036247335,.036247335,469,17823.801,11479,204.91901
17031130100,9.666666030889999,129.3333435059,18.31154823,244.9959106,5327,7499.7554,-2.0207736,2.8533883,26.337524,5.3313313,63.82579,1.6519617,51.93309,43.964706,12.755773,29.602888,4.33213,67464.859,13.80326,24.543491,2.1424747,44.526318,48.217052,344402.56,308700,650.15576,404,49.266251,44.306931,92.105263,4.2079239,.1912594,.16306391,.43186089,.023966165,.0079887221,.11137218,.070488721,2128,35253,30846.9,859.922
17031130200,8.33333301545,45.3333320618,50.26135635,273.4217834,1565,1949.1853,-12.508247,1.4696485,16.996805,15.974442,62.172527,3.3865814,55.768742,26.645367,13.70607,49.731182,11.021505,109194.41,6.3897762,7.0287538,6.8508286,58.559322,73.26284,371438.56,279700,1019.774,1024,6.2146893,33.628319,86.692505,2.3598785,.15072303,.12847608,.087875418,.5650723,0,.052280311,.015572859,1798,37618.5,26619.1,755.28497
17031130300,10.66666603089,89.3333282471,18.98996925,159.0410004,5532,19869.393,-1.9693118,4.7180042,25.542297,19.251627,47.740421,2.7476501,66.680092,46.963123,26.202097,47.731091,11.512605,73966.648,17.932032,24.023861,11.822315,41.578804,45.413364,335572.19,314000,1010.8501,1128,45.525726,24.146847,85.421577,8.6866608,.062827222,.13787085,.58638746,.027923211,0,.17452008,.010471204,573,20299.9,14825.8,336.927
17031140100,11.99999904633,42.3333320618,36.0144043,127.0508194,3613,32493.914,5.3986735,15.637975,10.738997,44.89344,28.535843,.19374481,68.103745,51.037918,25.795738,46.861313,7.7372265,52087.391,34.9571,41.765846,9.3184242,29.156509,25.488455,227990.94,226100,943.41461,1072,67.72554,2.6025236,64.362,11.198738,.23696682,.1042654,.51184833,.080568723,0,.066350713,0,211,16106.3,6994.77,154.08701
17031140200,40.66666412354,135,61.30036926,203.4971313,6228,40892.996,3.4941304,4.6885037,17.694284,42.56583,33.30122,1.7501606,67.410461,46.949261,41.473988,44.278076,24.385027,61840.336,21.941515,29.182415,3.4814606,32.015484,22.082584,207476.97,189500,838.81067,998,49.118587,7.777194,69.347298,12.191277,.090526313,.40526316,.45263159,.018947368,0,.028421052,.0042105261,950,16618.4,14861,315.02399
17031140301,15.66666603089,46,55.47686386,162.8895111,2900,45763.016,5.4860559,1.2758621,18.965517,68.586205,10.965517,.20689654,48.143284,59.137932,26.862068,54.915253,20.169491,56218.734,27.115118,35.402218,5.2173915,27.02854,29.715763,206169.56,200000,916.06116,990,54,9.309967,68.196487,15.224533,.1736111,.055555556,.090277776,.2013889,.3263889,.097222224,.055555556,144,17324.9,7612.6699,155.811
17031140302,11,61.3333358765,28.63092232,159.6390839,4254,26115.158,-2.3093567,5.54772,13.845793,40.597084,31.570286,8.4391165,70.614922,37.61166,16.41984,47.207008,19.934282,81442.781,14.671815,22.136421,8.830121,39.986092,47.592739,261727.53,272500,916.19495,967,41.494434,18.865248,75.191208,10.141846,.038535647,.019267824,.93834299,.0038535646,0,0,0,519,18148.6,10988.2,221.526
17031140400,14.66666698456,118,26.00934029,209.256958,6884,15089.767,-5.8158937,.1888437,19.015108,33.672283,44.233002,2.8907611,65.396523,34.805347,20.990704,39.523212,4.328733,90381.227,9.3114471,15.383498,6.2249532,34.050179,63.552631,397680.47,298400,841.17645,870,45.854923,49.183075,82.561867,4.4826126,.16234756,.11432927,.15320122,.51829267,0,.051829267,0,1312,18317.199,22132.199,428.229
17031140500,10.99999904633,98.3333358765,29.08513832,260.00354,4237,24234.301,-1.6045184,3.3042247,26.244986,45.905121,24.54567,0,65.905128,46.04673,18.173235,49.233913,7.1501532,75498.977,13.783338,23.648808,8.8854647,32.368515,56.053459,249012.34,262700,936.34686,1050,52.862595,27.35918,84.344658,6.9495239,.3508772,.10916179,.34892789,.10721248,0,.083820663,0,513,17720.301,13544,274.09601
17031140601,10.33333396912,33.3333358765,36.86526489,118.9202118,2760,26268.664,1.9131526,3.405797,20.326086,55.760872,18.913044,1.594203,61.057312,55.072464,21.503624,37.658226,8.2278481,58344.117,11.715328,15.729927,9.0784044,18.916155,40.631809,281697.84,285800,779.77527,949,46.153847,32.053944,84.553734,4.7717819,.25652173,.091304347,.15217391,.13478261,0,.36521739,0,230,17257.5,12272.5,251.688
17031140602,36.33333587647,85.666671753,70.90814972,167.1871033,5251,35381.547,1.2184812,6.2464294,8.9125881,61.112171,21.881546,1.8472672,56.646358,50.599884,31.041706,53.853127,19.129646,72615.672,24.719101,27.023424,8.7821293,28.664688,28.886091,374430.5,289000,938.13788,1074,45.128674,13.926816,75.564125,13.21682,.025,.38499999,.255,.27000001,0,.0099999998,.055,200,17216.301,18116.5,371.78699
17031140701,17.66666793824,64,58.90853119,213.4044647,2911,33020.59,-.83146554,5.2559257,18.825146,50.017178,20.886293,5.0154586,66.54879,45.276539,20.164892,64.364204,15.384615,70265.508,14.805908,18.206802,6.4874344,34.274193,28.528828,449763.06,276500,1061.5273,1137,43.227665,3.9577837,80.566368,11.521545,.39301309,.065502182,.29257643,.091703057,0,.15720524,0,229,16636.699,10128.2,214.435
17031140702,35.33333206177,109.666671753,58.08537292,180.2838593,6154,37319.219,.86247158,2.9086773,4.7773805,64.527138,24.813129,2.9736757,51.80431,43.792656,24.561262,49.752068,17.107437,72707.523,23.226864,26.879606,8.3518934,29.345976,33.252426,343891.97,286000,895.20001,948,46.60767,9.8300409,80.663254,5.3743668,.068592057,.045126352,.65342963,.037906136,.014440433,.18050541,0,554,16664.801,18814.1,398.17001
17031140800,23.66666793824,98.3333358765,38.06154251,158.1430359,6800,24312.643,-8.7465897,5.352941,9.6470585,36.764706,43.39706,4.8382354,66.199234,36.808823,22.235294,38.735176,5.599473,101053.73,13.390993,18.714584,5.8131642,48.155338,49.346153,460609.5,466700,966.74261,1064,33.940777,20.950399,85.08197,9.8161621,.14700544,.14519057,.43012705,.19056262,0,.070780396,.016333938,551,16227.4,23101.6,532.71198
17031150200,24.33333396912,141,30.97420311,179.4806519,7701,15033.104,-2.9512908,2.2334762,6.4017663,28.126217,60.394753,2.8437865,55.073318,29.255941,18.010649,37.830688,7.4603176,76833.578,14.281998,18.145161,8.0082989,35.154354,51.682369,438684.75,325200,944.44446,983,43.282497,30.415562,84.711617,12.407898,.13650998,.075981967,.46812621,.11783645,.0012878301,.1976819,.0025756601,1553,17880.5,30246.801,525.44397
17031150300,20.66666603089,120.6666641236,27.63292694,161.3406372,8150,15912.599,-4.238565,2.2085891,2.5398772,30.441717,58.601223,6.2085891,55.89323,28.601227,22.429447,47.964039,15.705976,83759.281,13.191803,14.774819,3.6613271,39.836388,52.825142,297662.66,314000,995.17981,1077,33.359074,30.419691,87.936867,5.6169128,.52125508,.13866396,.11133603,.18623482,0,.01417004,.028340081,988,17902.801,29744,493.384
17031150401,8,87.666671753,17.02127647,186.524826,5266,18480.27,-3.9302883,1.7280668,4.1017847,30.383593,59.266998,4.5195594,55.240231,30.896317,17.546524,47.045101,11.664075,84272.445,9.5708313,10.007596,6.2362437,27.636889,57.371616,244125.7,266100,852.9801,972,31.78808,39.744244,85.714287,7.3657303,.42337164,.18582375,.20498085,.14176245,0,.036398467,.0076628351,522,18341.4,19157.801,298.43799
17031150402,7.66666698456,45.3333320618,21.65725136,128.060257,3668,14339.504,-4.4702444,.027262812,3.5986915,28.980371,66.957466,.436205,46.63694,40.812431,24.073063,43.348625,10.091743,83391.43,6.1492209,9.0735178,7.6326003,30.518978,71.904762,277490.72,292700,933.62317,1037,34.821426,59.35397,91.682732,15.208611,.089385472,.15642458,.18808194,.06703911,0,.43947858,.059590317,537,18360.4,16344.7,258.38901
17031150501,5.33333301544,31.6666660309,14.06098843,83.48712159999999,4050,15010.968,-5.3665929,2.7901235,4.0987654,23.061729,66.469131,3.5802469,50.126083,28.814816,21.123457,34.719536,4.4487429,85314.242,6.4691358,9.5061731,9.9187689,30.457026,76.256981,246047.53,242200,1012.647,1066,30.294117,64.919357,90.496597,3.763443,0,.030075189,.2706767,.2932331,0,.022556391,.38345864,133,18582.199,15352.7,233.543
17031150502,6.00000047684,43.3333358765,16.06855965,116.0507126,4243,16052.616,-2.4743049,.98986572,8.8616543,30.426586,59.48621,.23568231,54.560493,35.30521,16.674522,40.16478,8.0329561,78450.461,16.973024,18.333731,9.0376158,30.054459,61.420982,245019.45,241900,991.96942,1050,50.286804,52.916161,79.990334,8.5054703,.050531916,.07180851,.69414896,.10106383,0,.077127658,.0053191488,376,18585.301,13906.2,214.59399
17031150600,11,60,25.09123993,136.8613129,3899,15389.355,-3.0874321,.20518082,11.87484,39.984612,46.088741,1.8466274,61.325951,29.417799,19.723007,41.904762,9.7354498,80603.867,8.1046419,10.028213,5.0847459,24.070023,68.467155,249608.11,262800,955.85107,1000,53.097347,62.824574,90.901978,13.236229,.027855154,.1253482,.40947077,.15877438,.0083565461,.23955432,.030640669,359,18702.4,17666.6,279.784
17031150700,10.66666603089,49.3333358765,26.09262657,120.6784134,3994,15616.52,-2.9224789,1.0515773,3.6805208,45.818729,47.896843,1.5523285,55.894749,33.675514,20.130196,39.229969,13.943809,84631.477,13.720581,15.998999,5.122592,28.208796,66.824966,266185.19,251800,1108.4746,1148,46.308723,52.593487,86.248428,11.09771,.57004833,.0096618356,.24637681,.11111111,0,.053140096,.0096618356,207,18564.1,17752.801,292.98999
17031150800,14,68.6666641236,28.74153137,140.9703674,4914,19253.123,-2.328053,.52910054,6.8579569,53.683353,36.874237,2.055352,57.068523,38.542938,21.71347,37.262657,8.5443039,75260.977,6.1660562,11.925112,7.8702216,26.146152,47.359154,348909.91,284300,876.25146,993,47.294117,31.948193,83.124619,8.0410156,.07692308,.14182693,.54086536,.091346152,0,.033653848,.11538462,416,18518.301,19149.1,335.647
17031151001,13.99999904633,43,52.51312637,161.290329,2404,18860.092,2.7179492,4.7004991,5.657238,55.407654,33.693844,.5407654,57.403252,43.13644,23.502497,35.714287,11.84669,63072.512,19.758736,25.041597,5.8734941,20.436279,47.058823,247055.53,262600,843.08392,1009,51.573849,30.300097,89.078781,14.424011,.12643678,.057471264,.37931034,.13793103,0,.068965517,.22988506,87,19425.301,12791.6,215.27499
17031151002,17.33333396912,79.3333282471,32.50203323,148.7592926,4360,17723.197,2.8864028,.96330279,3.0045872,69.19725,24.587156,2.2477064,45.922047,43.302753,20.997705,39.400208,13.547052,60420.879,12.637614,20.458715,7.1996818,18.825504,47.971203,250876.81,287400,832.73425,922,56.05859,28.18832,77.824463,8.9392166,.21936148,.2430484,.24613801,.16271885,0,.094747685,.033985581,971,19551.4,19830.199,363.89801
17031151100,24.33333206177,95,45.50838089,177.6697235,5612,21994.637,1.5105067,.17818961,4.8645759,59.123306,35.334995,.49893087,52.319279,47.523163,20.87491,44.469872,13.6537,69708.125,18.353529,21.204561,6.3548388,18.524416,43.579544,254021.64,270400,896.87823,1028,42.077648,31.428572,79.96003,8.5714264,.14736842,.078947365,.29473683,.13421053,0,.12631579,.21842106,380,19324.301,21106.6,346.29001
17031151200,16.66666603089,90,42.84489822,231.3624725,3687,14566.042,-1.5143572,.70518035,1.1662599,41.741253,55.871983,.51532412,51.338665,45.728233,26.837538,43.734642,7.7395577,72838.375,10.298913,11.603261,7.3479319,21.813917,72.719803,252550.52,266300,878.28748,844,35.779816,66.466164,95.389206,8.4962387,.12794398,.043284532,.69000638,.052196052,.0012730744,.028644176,.056651816,1571,19243.9,16677.1,263.31299
17031160100,6.66666698456,48.3333320618,26.3088665,190.7392731,2688,11728.96,-3.6949129,.37202382,13.988095,30.580357,47.061012,7.9985118,65.903214,31.510416,17.001488,40.52795,14.440994,81147.461,7.9134007,14.744308,11.171662,37.784679,52.219872,298846.16,317100,1031.2057,1147,40.425533,33.365665,81.838821,8.2444229,.061162081,.17737003,.52905196,.20795107,0,.018348623,.0061162082,327,18094.199,11198.7,205.26801
17031160200,9,67.3333282471,28.68068886,214.5740204,3093,8364.959,-10.335712,1.2609118,8.9557066,25.735533,60.976398,3.0714517,55.283329,19.657291,18.1054,39.51936,5.7409878,100531.09,6.8694797,10.206084,1.8846374,51.645458,62.660255,435086.84,380900,866.36157,889,37.986271,52.324722,89.324547,7.8966827,.078787878,.033100232,.096503496,.75198138,0,.018181818,.021445222,2145,17914.5,17535.699,340.57401
17031160300,14.33333301545,79.6666641236,39.0341301,216.9571533,3834,23300.572,-2.792949,6.5988526,11.241523,17.03182,58.868019,6.2597809,60.353718,37.715179,20.81377,40.789474,5.8612442,64850.941,13.184748,15.816326,5.7764754,45.325596,38.569122,200322.17,159900,902.5755,925,28.195488,7.7641277,72.985909,8.6486511,.088652484,.13829787,.5106383,.15602838,.010638298,.095744684,0,282,17874.5,9511.96,189.21899
17031160400,11,98.3333282471,22.92144203,204.9037933,4708,18550.086,-.4771409,5.0552254,6.2659302,41.142735,45.135941,2.4001698,61.994442,32.604076,21.20858,38.132637,10.732985,67025.344,14.307068,20.948111,8.0347042,34.647007,48.312119,306850.84,297700,941.72974,992,53.61174,27.179235,86.335136,11.508324,.18697123,.17258883,.43654823,.17851099,.0033840947,.020304568,.0016920473,1182,17503.801,18005.199,371.78201
17031160501,18.66666603089,75.666671753,51.40916061,208.3907166,4237,31785.359,-.69204497,3.7526553,11.281567,60.915745,21.666273,2.3837621,56.728062,42.482887,22.374321,55.139187,17.344753,71124.805,12.855787,16.935484,3.9285715,32.377048,41.063175,289215.75,280600,928.62958,1075,43.826321,22.498365,85.304749,15.10791,.62433863,.015873017,.24338624,.095238097,.01058201,.01058201,0,189,16869.199,15022.1,316.50101
17031160502,10.33333301545,61,26.9237442,158.9369507,3905,32532.615,-.39767334,.94750321,7.7848911,64.225349,25.070423,1.971831,51.811878,39.667095,29.590269,46.162163,20.108109,74020.156,10.576184,18.002562,6.8512435,30.036188,43.100777,333232,266100,956.69958,1080,46.685471,23.155737,81.75676,11.885246,.062240664,.30705395,.38589212,.053941909,0,.19087137,0,241,17018.4,12326.9,265.194
17031160601,6.33333349228,47,19.8474884,147.2892456,3674,23962.049,-3.407809,1.4970059,5.1986938,45.890038,45.808384,1.6058792,57.6385,29.912901,20.86282,56.317204,20.026882,78836,11.78552,18.644529,2.3919044,48.046719,44.981133,315207.22,251500,1056.1683,1072,54.696968,21.468143,80.698738,8.2409973,.16716418,.035820894,.3044776,.22089553,0,.1402985,.13134329,335,16650.4,12046.3,286.80899
17031160602,5,50.3333358765,13.50256538,135.925827,3679,18381.492,-1.6485734,1.3047024,12.449035,45.800488,36.776299,3.6694753,63.796734,35.33569,21.378092,48.943661,14.788733,73661.328,9.0809927,21.898008,3.9796391,39.976276,39.362438,396461.63,284300,950.87311,987,51.201923,17.316017,83.259544,10.760666,.1442786,.460199,.069651738,.05472637,.02238806,.24875621,0,402,16767.801,13161.9,324.11499
17031160700,19.66666793824,88,33.56086731,150.1706543,6533,21301.09,-5.038238,3.7961121,11.832236,41.144955,39.522423,3.7042708,65.769371,36.216133,16.539108,35.136814,3.0472636,88089.828,16.403786,23.62776,7.3655915,39.233685,48.733894,315498,288300,1030.303,1280,42.959,30.056864,77.540024,8.5702667,.051649928,.025824964,.34768054,.015303683,.50836921,.020086084,.031085605,2091,18369.199,19366.9,545.20801
17031160800,18.66666793824,152,33.09692764,269.50354,5164,20337.801,-2.9974163,1.0263362,10.224632,50.542217,36.05732,2.1494966,60.351372,34.721146,24.738575,50.990101,9.9009905,74380.477,6.9519753,10.999226,6.1486692,32.693378,38.838085,291028.25,285200,1009.2069,1088,29.717411,21.260998,82.415421,9.1397858,.13566433,.14685315,.29090908,.19860139,.0097902101,.17342657,.044755246,715,17651.6,18511.301,436.276
17031160900,9,64.3333358765,33.92385864,242.4927826,2470,9726.252,-7.1351471,2.0647774,9.4331989,31.093117,54.736839,2.6720648,59.367077,20.971661,22.489878,47.695034,18.439716,91897.039,10.551948,12.053572,6.7550507,51.33102,56.20229,385643.13,388400,988.67102,984,40.17857,39.004524,82.799187,5.158371,.012642225,.065739572,.66624528,.12515803,.0075853351,.12262958,0,791,18003.699,12912.8,278.31299
17031161000,11,80.3333358765,49.37163544,360.562561,2027,12309.234,-9.4081259,1.7760237,1.9733597,37.641834,56.487419,2.1213615,53.807152,13.172175,17.094227,47.575058,10.623556,100533.74,7.3507648,10.557474,5.0538526,49.181496,53.399258,515819.44,482700,1065.4987,1118,30.727762,36.582695,74.987343,11.391022,.071240105,.12137203,.13192612,.047493402,0,.44327176,.18469657,379,18287.5,7744.21,155.85201
17031161100,7.66666698456,44,37.58169937,215.6862793,1935,8695.5898,-21.515965,6.3049092,9.1472874,15.762274,63.307495,5.4780359,55.902782,13.023255,14.392765,53.036438,9.5141697,155564.48,1.8087856,2.1705427,2.4654832,62.117821,72.922249,546269.88,443300,1440.6091,1334,31.979694,47.256859,88.506355,6.9825439,.022573363,.056433409,.14446953,.5146727,.0067720092,.25282168,.0022573364,443,18448.801,10695.1,208.377
17031161200,8,32,25.67394066,102.6957626,3021,15109.302,-2.6873753,.86064219,6.0244951,57.49752,30.321085,5.2962594,57.095814,39.490234,24.925522,46.549191,9.3979445,78071.039,13.211314,17.803661,4.6758103,32.83868,61.94503,249944.2,255600,1003.8889,1050,55.014328,38.649155,84.392868,11.257034,.010071943,.18848921,.038848922,.74964029,.0028776978,0,.010071943,695,19392.1,13721.7,262.70001
17031161300,18,99.3333282471,50.54759979,278.9478455,3638,18935.801,2.864965,2.8587136,2.1715229,59.510719,34.029686,1.4293568,52.85524,39.692139,25.920835,42.170162,16.769421,57644.453,9.2504873,19.253273,7.6108871,24.114605,37.178547,307173.91,258900,875.17902,940,45.544556,18.76161,82.760529,15.727554,.099876694,.16276202,.37114674,.18249075,.0024660912,.15536375,.025893958,811,19056.6,14543.4,292.564
17031170100,3.33333325386,39,16.35590363,191.36409,1805,4607.5049,1.8531321,6.9252081,5.3185596,10.304708,77.451523,0,38.188293,39.61219,12.105264,17.80822,3.0136986,52750.816,16.029144,18.822102,4.6176047,25.480471,72.301422,179519.86,162500,1206.0836,1210,72.243347,1.061008,79.335587,13.174179,.090099007,.0096534649,.54084158,.14232673,0,.010891089,.20618811,4040,19145.9,10100.9,156.168
17031170200,9,40,23.75296974,105.5687485,4178,16570.072,-4.2510448,0,10.50742,41.287697,48.204884,0,58.612095,31.067497,19.69842,37.570621,4.519774,86673.969,10.698899,13.762566,4.9068604,24.903677,76.470589,248783.03,254600,837.3288,941,40.753426,59.773586,87.381706,6.3396225,.1396648,.044692736,.29608938,.23463687,0,.011173184,.273743,179,18936.801,15370.2,236.146
17031170300,6.00000047684,62.3333358765,10.83815098,112.596344,5496,10175.541,-1.1159608,.072780207,4.4577875,37.518196,57.951237,0,52.141621,37.354439,19.18668,47.271328,17.371252,72641.609,11.892187,13.913677,2.7995903,30.288332,65.584419,223246.53,227300,931.72412,1053,47.068966,63.955822,82.07634,7.2289124,.11279621,.028436018,.43412322,.23412323,.02464455,.16587678,0,1055,19446.301,24035.801,365.30801
17031170400,5.33333349228,36,13.13305473,88.64811709999999,3765,12680.001,-1.0752178,2.4966798,2.9482071,11.713147,82.098274,.74369192,31.07197,37.051792,16.86587,32.273602,10.789981,69834.016,10.756972,11.128819,3.3045247,24.473314,74.950562,235510.47,234700,984,1113,42.07317,71.473747,84.349922,4.0480728,.06849315,.32876712,.31164384,.15068494,0,.14041096,0,292,20542.6,16073.3,242.504
17031170500,5.33333349228,35.6666641236,9.98938656,66.8040161,5504,9259.4316,-3.1354799,.54505813,3.1613371,21.2391,73.928055,1.1264535,40.719837,24.563953,20.421513,41.258278,12.913907,81202.211,6.0138083,7.7761626,5.8994198,23.953312,73.956764,250052.48,236300,1006.4706,1123,40,70.32383,90.033043,3.8666,.027027028,.11891892,.33513513,.45405406,.016216217,.048648648,0,185,22797,20301.801,329.28799
17031170600,2.33333325386,20,9.874452590000001,84.6381683,2631,12028.17,-2.0315082,.34207526,3.6107943,23.831242,70.429489,1.7863929,44.554127,25.541618,14.614216,37.96875,10.625,76733.672,6.6894717,8.399848,6.5476189,19.744246,81.294235,267574.38,252100,974.23315,981,38.036808,83.71859,83.837608,.60301208,0,.4391892,.040540539,.20945945,0,0,.3108108,148,24412.1,11179.4,170.424
17031170700,4.33333349228,24.3333320618,13.09559822,73.5368118,2941,13140.448,-4.1790571,.30601838,9.9966002,19.313158,70.384224,0,45.730373,33.253994,18.769127,47.832169,6.9930072,83200.094,8.262496,8.262496,5.6728234,24.758688,83.669548,227897.02,231200,1048.2354,1095,50.588238,80.642502,92.18589,14.250412,.048387095,.088709675,.12903225,.21774194,.25806451,.25806451,0,124,22514.4,13359.1,201.136
17031170800,5.66666698456,34.6666679383,13.86170959,84.80104830000001,4060,14398.019,-1.3005112,.39408869,3.8916256,27.29064,67.463051,.96059114,46.877346,40.246304,18.608376,41.158535,6.605691,72927.672,6.4748201,12.825602,5.2744427,20.402773,75.21067,229006.91,249700,967.70538,963,54.518951,72.569908,86.732918,5.1930771,.10355029,.10946745,.27810651,.19526628,.0059171598,.23668639,.071005918,338,21054.801,16392.9,241.722
17031170900,1.66666674614,19,8.33333397,95,1868,15091.84,-.74859565,6.5310493,1.659529,36.24197,55.567448,0,55.533695,33.190578,21.065311,33.715595,4.3577981,66220.672,10.702703,12.108109,6.1343718,21.917809,66.462479,219861.75,228500,768.37207,904,51.162792,64.872948,92.002144,2.3916321,.11214953,.14953271,.24299066,.093457945,0,.38317758,.018691588,107,21356.199,8876.8301,128.16299
17031171000,13,85.6666641236,18.70234489,123.2436523,7597,14124.568,-3.9425433,4.2121892,6.1076741,29.511648,59.694618,.47387126,55.103443,31.354483,20.3633,35.06694,10.762101,90989.188,8.5428457,12.662893,7.2983966,21.263313,72.342812,250876.2,261500,955.04449,1084,61.127594,66.666664,88.982491,3.2935181,.30127299,.24186705,.15983027,.1768034,.0014144272,.10183875,.016973127,707,19890,31198,465.43701
17031171100,9.33333301545,42.6666679383,22.692276,103.7361221,3844,14945.508,-2.5829396,2.0291364,2.471384,37.460976,56.529659,1.508845,53.885712,32.752342,24.37565,43.642612,12.714777,76790.078,10.321401,11.575646,2.9745042,29.523088,72.46032,235271.95,251900,882.0755,976,55.031445,67.245117,92.460846,8.8937073,.010126582,.050632913,.025316456,.12911393,0,.068354428,.7164557,395,19385.5,17441.1,265.71899
17031180100,11.33333301545,62.3333320618,17.90415955,98.4728775,6210,15133.574,-1.4276792,.95008051,4.2028985,47.455715,46.876007,.51529789,55.317623,43.20451,23.856684,32.777035,12.616822,83458.453,14.404703,16.691164,5.9826503,17.613005,78.510025,215512.17,221900,801.11108,781,33.167084,67.832466,86.049568,9.585495,.10497238,.088397793,.33701658,.20810314,.022099448,.23941068,0,543,20329.1,28276.801,415.548
17031190100,13.33333301545,43.6666641236,53.9811058,176.7881165,2534,20759.256,9.5863609,1.6179953,3.5911601,83.70166,10.497238,.59194946,28.679756,53.157063,21.606155,53.075573,27.592268,46820.996,25.177586,33.662193,8.6889057,11.775473,32.160194,232660.38,222200,786.90912,880,60.363636,24.56547,78.523224,4.5191193,.089502193,.014960021,.8867681,.0028372454,.00025793139,.0056744907,0,3877,21020.4,11320.7,193.806
17031190200,26.66666603089,81.6666641236,43.27599335,132.5327301,5525,21677.756,3.1990736,1.2126697,2.1357465,82.696831,12.850679,1.1040723,29.888432,46.135746,22.045248,53.632652,21.061224,65709.141,16.088615,20.246958,5.3577981,16.058178,58.905937,242338.05,249900,883.61487,1076,66.047295,46.697567,86.196091,13.151794,.19861431,.048498847,.24249423,.28868359,.032332562,.18937644,0,433,20718.4,26231.801,438.64999
17031190300,24.66666793824,93.666671753,44.30076981,168.2231903,5302,20796.703,4.7556953,1.1693701,1.86722,65.824219,26.970955,4.1682386,49.175117,46.71822,28.743872,48.574238,17.699116,58020.129,18.174948,24.182882,9.5909243,15.309537,49.161366,232065.3,232800,753.35608,821,68.060394,38.109604,89.665657,13.071892,.10748792,.11835749,.2379227,.42149758,0,.1147343,0,828,20123.4,25268.9,410.22101
17031190401,15.66666603089,48,35.54143906,108.8929214,3983,15738.129,2.2585201,0,6.5026364,59.402458,33.517448,.57745415,53.053104,48.556366,24.654781,51.759365,18.842224,65576.094,17.741936,20.942541,14.058106,22.397476,68.476501,312915.03,228600,958.87097,1041,62.365589,66.988846,89.403137,8.2527847,.23297492,.17562725,.29749104,.19713262,0,.096774191,0,279,19667.199,23067.801,353.71799
17031190402,18,75.6666641236,34.36426163,144.4571686,5434,21520.521,3.4817731,.60728747,1.7850571,71.991173,25.432461,.18402649,41.668724,45.380936,21.577106,48.1203,20.467836,65532.602,12.200957,22.027971,10.980776,15.580891,60.805862,245910.44,251300,873.06396,1032,57.894737,41.192863,91.649544,8.6956558,.23614457,.026506023,.26506025,.1493976,.0048192772,.21927711,.098795183,415,19702.1,23086.1,364.22
17031190601,16.33333396912,114.6666641236,34.01360703,238.7893829,5126,19240.117,2.6673818,4.3503704,1.7557551,84.393288,9.5005856,0,27.655037,37.943817,22.863832,54.491016,21.257484,73629.555,19.475948,25.009777,9.2626228,15.605202,53.484467,203146,199100,950.09485,1117,60.341553,36.160713,78.64193,11.383926,.14285715,.047619049,.20634921,.26984128,0,.2857143,.047619049,63,20226.1,21766.4,335.948
17031190602,21.33333396912,95.6666641236,38.56351089,172.9332275,5867,24455.432,3.4508848,2.3862281,2.8634737,79.427307,14.129879,1.193114,34.763321,44.792908,23.24868,44.970905,19.201996,65658.969,14.592659,20.017904,8.1410675,12.209779,69.491524,200983.73,204500,856.71295,1053,41.898148,48.038586,89.442062,8.9389038,.530137,.02739726,.26301369,.04109589,.023287671,.078082189,.036986303,730,20443.4,25725.5,403.009
17031190701,8.33333301545,43.6666641236,29.03600311,152.1486511,2861,26667.184,6.7973132,.73400909,1.6078296,79.657463,17.161831,.83886755,33.56332,48.025166,20.13282,47.865852,21.79878,56939.742,19.958057,31.981825,8.2758617,13.362541,38.076923,242161.61,239600,831.26294,1002,50.724636,18.522728,86.507652,11.36364,0,.20231214,.43930635,.14450867,0,.20231214,.011560693,173,20537.699,11848.8,191.561
17031190702,24.33333206177,67.3333282471,52.39735413,144.9899445,5177,34963.875,9.4120398,3.3417039,0,85.628738,10.430752,.59880245,25.473925,48.193935,26.820553,55.583973,23.699915,50189.75,32.502434,37.721519,9.8274565,9.9244509,29.986053,206819.06,184300,852.86298,985,61.706554,12.950095,80.324303,9.4125061,.1192053,.092715234,.22516556,.41721854,0,.14569536,0,151,21148.4,19890.301,321.78601
17031190800,24.33333396912,98.3333282471,35.01702881,141.5071564,7222,28284.271,5.4520741,.42924398,0,84.796455,13.375796,1.3985045,26.285097,41.512047,20.915258,49.967468,13.597918,55964.535,21.361111,27.722221,12.290341,12.879603,42.496284,554806.75,235400,857.02777,959,47.896152,38.363293,86.070137,4.4938507,.16681455,.016858917,.70896184,.041703638,0,.0044365572,.06122449,1127,22409.9,30567.199,499.13199
17031190900,7.66666650773,91.6666641236,35.46099091,423.9901123,2226,18323.699,5.8384633,1.5274034,0,86.612762,10.512129,1.3477089,23.835754,45.058399,21.922729,42.217484,10.234542,55873.293,19.397535,29.895025,2.3529413,9.4301224,39.91098,226365.42,257700,903.95062,921,60.471203,33.905579,84.21788,3.5765381,.12322275,.04265403,.21800947,.09952607,0,.51658767,0,211,23163.199,12885.1,211.728
17031191000,14,39.3333358765,51.18830109,143.8147583,2653,15820.961,5.7155614,2.9023745,4.523181,87.48587,5.0885787,0,22.914463,44.930267,20.033924,44.947735,20.209059,63555.215,28.684507,28.872974,10.816944,8.2634735,61.891518,209316.86,214200,823.6842,994,65.413536,51.679588,88.875923,7.1059418,.27646327,.090909094,.048567869,.36363637,0,.22042342,0,803,31697.9,21112.9,309.18701
17031191100,38.66666793824,153.6666564942,57.70283127,229.318985,7618,23990.598,8.3463259,2.8747702,.57757944,91.506958,4.3055921,.73510104,15.988003,43.279076,27.408768,55.832241,21.428572,52348.426,22.191528,31.8995,7.2521095,6.7456698,53.676838,197232.98,199900,751.2168,855,50.448429,35.54652,89.309929,9.7109299,.02363679,.052656215,.86215776,.040018722,0,.011467353,.010063187,4273,31557.301,43491.301,623.297
17031191200,19.66666603089,66.3333282471,48.70397568,164.2727356,3832,14066.305,10.77867,1.5396659,.026096035,95.041748,3.3924844,0,9.5318518,49.217117,25.195721,54.964539,28.486998,49796.051,30.245302,38.726513,5.8730159,5.1979017,38.765182,201206.27,210400,825.30542,951,60.558464,16.803654,68.968231,9.7716904,.040462427,.59248555,.089595377,.20809248,0,.054913294,.014450867,346,24872.801,28839.699,437.48499
17031191301,25.00000190735,69.6666641236,43.63763809,121.6035309,5686,21817.512,10.079729,9.3914881,4.4671121,82.922974,2.8666902,.35174111,30.07284,41.100948,21.781569,62.658848,43.304008,55116.988,20.61203,34.523392,9.826376,12.32154,39.516701,205213.67,212900,884.33734,966,61.38855,34.871796,81.48082,9.8076935,.47767857,.066964284,.23214285,.15625,0,.066964284,0,224,21189.801,19791.301,301.15201
17031191302,37.33333587647,68,75.54296875,137.5961151,5370,22034.943,5.3385158,4.6368713,0,86.685287,8.1750469,.50279331,23.97076,43.705772,25.828678,55.01825,16.788321,59979.93,16.234011,24.548532,12.35734,7.8009629,49.314079,211167.5,207200,891.32355,1014,49.411766,37.949055,82.193596,9.5362473,.061567165,.10447761,.11007462,.58395523,.0055970149,.13432837,0,536,27900.9,20733.801,271.62701
17031200100,13.33333301545,67,37.05762482,186.2145691,4275,18869.412,.95427346,2.7134502,4.3040934,71.228065,19.812866,1.9415206,45.043549,42.760235,21.134502,46.681923,12.585813,63876.945,7.3429041,16.380325,4.5590115,23.938225,52.569752,230773.19,235600,864.92065,970,60,52.908199,81.281021,4.5550079,.13656388,.039647575,.23788546,.2290749,.0044052862,.35242289,0,227,20824.301,20209.5,368.383
17031200200,25.33333206177,73.666671753,53.13198853,154.502243,4805,15201.097,6.2117252,2.7471385,1.7689906,85.244537,8.5535898,1.6857439,26.466873,46.555672,26.48283,39.6637,13.946588,53573.871,19.749739,28.633993,6.3994117,11.386139,42.418545,242141.8,255000,843.31848,1012,67.928726,28.83721,80.108879,7.2093048,.085251495,.061381076,.040920716,.79880649,.00085251493,.012787724,0,1173,22401.4,31127.301,551.383
17031200300,9,29,45.45454407,146.4646454,2130,22007.852,7.3855991,0,2.5821595,87.370888,10.046948,0,22.587189,44.225353,28.755869,53.563713,17.062635,60664.914,30.187794,39.577465,10.135135,8.3720932,40.701756,161528.45,173700,821.30176,963,63.663666,24.349157,82.666664,12.710564,.018656716,.36194029,.23507462,.36194029,.0074626864,.014925373,0,268,23342.9,11206.6,197.832
17031200401,11.99999904633,46,37.48828125,143.7050934,3642,23417.086,9.7962437,2.7732015,.74135089,90.225151,5.79352,.46677649,18.173996,43.98682,18.163097,47.494034,22.911694,50375.047,23.833059,39.181767,13.326226,7.6388888,46.31068,220695.59,224600,792.66919,928,71.290947,32.306255,83.21756,3.8282013,.0038095238,0,.043809526,.94666666,0,.0057142857,0,1050,27535.301,16824.801,273.99799
17031200402,19.66666603089,46.3333358765,40.9210701,96.4072723,4241,28441.27,6.2500143,2.9945769,1.4147607,89.129929,4.1971231,2.263617,20.221478,42.796509,27.965103,38.46154,21.354765,58474.223,27.928993,33.42012,4.6576619,16.913235,51.841358,273305.28,265000,721.5686,884,65.490196,32.173241,77.187576,18.09745,.038961038,.025974026,.18506494,.56493509,.1525974,.032467533,0,308,22645.801,18604.5,353.34299
17031210100,16.33333206177,98.666671753,37.49617004,226.5075073,3517,10665.044,-3.565212,3.9237988,8.98493,37.617287,47.967018,1.5069661,61.85709,27.324425,28.902473,40.667492,11.248455,76101.688,18.39636,23.656525,5.5091,50.657646,40.088104,290861.91,303200,1180.2581,1211,53.263706,19.12603,80.214676,13.742874,.18701755,.12982456,.052280702,.56456143,.00035087721,.063157894,.0028070176,2850,36861.398,21463.301,1453.52
17031210400,13.33333301545,56.3333320618,56.7134552,239.6143494,2780,17158.18,4.6829748,1.6906476,2.8776979,64.640289,28.417265,2.3741007,49.973164,35.863308,24.496403,43.973942,18.892508,58217.648,22.949614,29.349026,6.1181436,22.630459,45.717236,248915.34,258700,928.73566,1023,56.692913,19.872959,81.410492,12.068962,.060538117,.020179372,.031390134,.8452915,.038116593,.0044843052,0,446,19860.9,16024.7,316.52899
17031210501,21,82,69.97667694,273.2422485,3500,28954.365,5.9322443,3.3142858,.45714286,63.457142,30.114286,2.6571429,50.480667,52.57143,25.985714,57.734806,24.723757,55750.715,22.228571,32.371429,8.7524176,24.768051,20.985691,293958.34,302600,870.32196,936,48.082901,5.6872039,81.298698,14.827354,.10313901,.22421524,.078475334,.25112107,.0022421526,.25560537,.085201792,446,19064.699,14906.7,313.45401
17031210502,18.33333206177,70.666671753,40.41740036,155.7907257,4653,34835.641,6.2798357,2.7294219,1.2250161,67.870193,25.961744,2.2136257,47.057739,39.007092,30.195572,60.609612,20.750294,57204.816,28.863098,39.651836,7.0778146,24.932886,28.611305,253011.47,248500,914.2998,1004,55.719921,6.9235401,83.676178,13.726669,.10220995,.56353593,.049723756,.18508287,0,.0055248621,.093922652,362,19289.9,13989.4,293.87299
17031210601,14.66666603089,57.6666641236,46.63486862,183.3598175,2725,25790.686,-1.7398355,.44036698,7.8532109,65.321098,25.100916,1.2844037,50.395813,42.678898,27.247707,34.552101,3.8391225,69388.391,12.875696,16.660482,4.2884989,30.338213,44.408604,313595.66,276600,952.99805,1041,33.059547,14.048059,90.348625,14.048058,.39880952,.10714286,.17261904,.23214285,0,.089285716,0,168,18441.4,11033.6,257.75299
17031210602,33.66666412354,87.6666641236,83.70627594,217.9678345,4032,27430.553,-1.9289182,3.199405,3.3978176,56.398808,35.044643,1.9593253,55.65427,34.250992,25.682043,42.962055,11.750306,81501.859,20.287699,25.347221,3.6815069,33.23119,39.295212,313029.09,285900,948.25256,989,47.962746,16.27236,82.151833,13.214081,.074074075,.11680911,.7236467,.048433047,.0042735045,.02991453,.0028490028,702,18508.199,15577.9,357.349
17031210700,13.33333301545,65.666671753,34.09187698,167.9025116,4253,22149.879,.13028246,.91699976,2.7980249,59.463905,33.106045,3.7150245,53.455624,23.39525,23.042559,39.085712,8,71644.133,23.784681,32.463837,6.9692059,34.655739,36.283741,335911.75,324800,1015.9606,1124,38.827099,21.553179,76.139854,10.35453,.02096436,.12578617,.1446541,.54926622,0,.15932915,0,477,18441.1,15572.3,409.92099
17031210800,5.66666698456,26.6666660309,50.10315704,235.779541,1081,17183.797,-7.9349661,.18501388,2.0351527,54.57909,42.460686,.7400555,52.134892,36.355228,34.22757,30.222221,14.222222,99674.602,4.347826,10.823312,2.2818792,42.302715,39.417988,352718.13,373500,953.52112,1047,33.333336,40.527576,69.851578,9.3525162,.16810344,.02586207,.21982759,.16810344,0,.41810346,0,232,19574,4095.52,136.983
17031210900,6.33333301545,51.6666679383,20.25370407,165.2275848,2952,13400.024,-2.6207442,5.8604336,2.6422765,41.158535,49.525745,.81300807,58.111881,21.307589,24.966125,65.984253,26.456694,80631.25,16.463415,21.104336,2.8969359,48.177082,34.543919,370554.78,329700,1219.871,1147,66.967743,18.839487,83.602058,10.776184,.090638928,.038632985,.22288261,.41307577,.019316493,.20059435,.014858841,673,20363.6,13162.4,469.03
17031220300,5.33333349228,80.6666641236,25.74002647,389.3178711,2177,17290.82,-12.785097,2.204869,2.0670648,31.281582,61.598526,2.8479559,52.098389,12.99954,24.391363,46.506023,15.903614,118066.85,10.185185,15.740741,5.5953155,63.636364,42.919868,443645,402200,1164.881,1266,34.126984,18.927126,74.764595,7.7935257,.054054055,.0990991,.21621622,.16216215,0,.35135135,.11711711,111,17431.9,7593.6099,196.423
17031220400,8.33333396912,83,30.72763252,306.0472107,2569,20190.346,-12.355767,.42818215,6.6173606,27.637213,63.604515,1.7127286,51.437439,22.73258,28.863371,37.76091,5.3130932,103392.92,3.9607842,6.6666665,1.1791129,59.317074,39.338234,391509.59,379200,1356.25,1610,26.025238,12.921811,80.192459,10.452675,.18322296,.11699779,.46578366,.028697573,.011037528,.19426049,0,453,17420.699,7839.7798,200.17799
17031220500,14,138,56.17977524,553.7720947,2552,19734.781,-13.038766,3.5266459,4.153605,18.612852,70.768021,2.9388714,46.07122,16.61442,37.304073,37.250553,6.4301553,100042.13,7.2100315,8.4247646,2.3872678,72.037216,42.547878,335626.22,327400,1403.3334,1533,32.028984,9.3580818,71.173363,7.1152344,.072463766,.11111111,.20410629,.016908212,.013285024,.51570046,.066425122,828,18284.301,11772.7,281.46201
17031220601,10.33333396912,47.3333320618,69.44445038000001,318.1003418,1893,25924.602,-.87821734,2.3771791,1.4263074,48.28315,44.268356,3.6450081,56.880787,19.492868,22.952984,68.456375,28.18792,77102.883,25.508022,28.235294,3.560529,48.842594,30.44733,442682.47,443200,1094.1305,1168,46.95652,13.403417,81.452942,8.9356079,.42396313,.12442397,.3548387,.036866359,0,.059907835,0,217,18992.9,7798.3901,172.302
17031220602,30.66666793824,137.3333282471,65.04064941,291.2689819,5164,28775.389,-.49465561,4.9767623,4.8412085,38.071262,50.348568,1.7621998,59.642899,16.944229,30.305964,34.024506,16.682375,65420.656,20.62937,26.262627,5.2499213,48.331623,24.769102,396174.25,366400,931.96582,974,48.6502,10.864575,70.77961,8.8752899,.23111111,.23111111,.23777778,.039999999,.0022222223,.25555557,.0022222223,450,18605.199,17938.801,402.996
17031220701,14,48,42.64392471,146.2077332,3337,32444.803,-3.2228067,5.6038356,.80910993,69.703331,22.23554,1.648187,46.122524,27.779442,24.093498,56.231003,21.580547,84764.617,13.208148,13.303628,5.5072465,34.18486,38.942307,287276.53,272000,968.05115,1092,28.274761,18.015013,72.52047,13.261047,.20141342,.060070671,.54063606,.091872789,0,.10600707,0,283,20013.5,10746.9,220.728
17031220702,20.33333396912,81.3333282471,48.93702698,195.7480774,3853,17349.295,1.3400102,3.3480406,2.6991954,73.579033,19.101997,1.2717364,42.011276,28.627045,33.000259,54.697556,19.305019,67279.797,10.46875,21.067709,3.0208795,27.948376,32.867134,331858.63,345100,974.85382,1011,40.116959,10.661529,79.796928,17.341042,.34823284,.056133058,.16735967,.38149688,.0020790021,.044698544,0,962,19980.699,17416.699,350.396
17031220901,19.33333206177,37.6666641236,66.80487823,130.1543274,2965,26183.719,9.0898781,8.060708,.80944347,70.92749,19.089375,1.1129849,45.38018,25.19393,28.094435,47.415329,27.985741,59140,34.60371,49.578415,8.4112148,18.327974,31.836735,235861.53,233300,798.93781,961,58.725342,21.029669,85.039101,14.485168,.29896906,.18556701,.21649484,.29896906,0,0,0,97,20803.9,12509.2,258.642
17031220902,15.99999904633,44.6666679383,52.47621918,146.4961243,2943,23076.646,4.2782125,.61162084,.50968397,80.122322,17.499151,1.2572205,32.719788,32.619774,26.894325,50.62167,20.071049,62176.414,17.19334,26.673462,5.0290136,18.663946,36.582809,250762.17,261100,885.66608,1070,54.404144,18.001801,88.548828,14.131416,.38207546,.033018868,.10613208,.43396226,0,.04481132,0,424,20532.699,15126.2,310.63199
17031221000,15.66666603089,43.6666679383,56.88695145,158.557251,2962,34862.953,4.3156672,8.8791351,1.5867656,64.51722,23.058744,1.9581364,52.206318,26.975018,25.742743,46.142651,23.580786,58695.977,27.559322,36.542374,9.9273605,37.375851,37.585869,301357.69,285600,968.05115,1098,65.599998,10.17257,80.842247,7.4477768,.67924529,.075471699,.03773585,.13207547,.0094339624,.066037737,0,106,20198.699,10377.6,220.183
17031221100,18.66666603089,93,41.62949753,207.4040985,5296,31171.113,1.8769141,14.331571,1.5861027,43.863293,38.689579,1.5294563,63.688793,25.981873,36.140484,52.187832,27.534685,64735.84,25.751326,29.149479,4.7312522,43.739471,31.083845,350776.81,311600,1001.1177,1123,43.885971,12.350407,78.866768,6.366684,.13365155,.076372318,.68257755,.093078762,0,.014319809,0,419,18924.1,17073.4,391.38199
17031221200,7,63.6666641236,22.23634148,202.2447968,3249,25466.82,-10.292809,6.3404126,1.3850415,38.658051,51.123421,2.4930747,58.436161,18.405663,36.180363,42.605633,17.077465,116716.21,14.188981,26.31579,4.6061721,59.055458,36.436596,384714.97,346900,1210.2302,1231,41.560104,11.051829,80.465118,5.0304871,.18980169,.042492919,.39660057,.14164306,0,.12181303,.10764872,353,18517.4,11900.9,278.76801
17031221300,18.66666603089,140,63.81766129,478.6324768,2803,21992.084,-5.1640186,4.2454515,4.3881555,39.315022,49.768105,2.283268,59.349716,26.328934,29.343559,33.469387,6.5306125,76909.227,18.12344,21.334284,5.7949481,55.217594,19.523443,385295.28,370500,1057.8843,1161,37.974682,6.8512111,75.992844,9.9654007,.051948052,.24891774,.077922076,.032467533,0,.54545456,.043290045,924,17616.6,10027.9,248.718
17031221400,16.66666603089,157.6666564942,52.59282303,497.5281067,3067,22373.986,-6.4445057,3.6191716,3.3583305,48.744701,43.690903,.58689272,56.903378,19.954353,27.045973,45.454544,10.526316,89876.094,10.335833,22.138899,2.6248069,52.976463,42.133133,362745.59,338400,1234.0081,1321,45.614037,18.972897,73.029182,5.706131,.2275281,.19101124,.18258427,.096910112,.015449438,.28651685,0,712,17356.301,10333,260.151
17031221500,6.99999952317,73.6666641236,24.9554348,262.6262512,2783,23640.195,-4.2115369,4.8149476,7.114624,30.111391,57.168526,.79051387,57.506374,27.775782,17.211643,38.077633,9.9815159,74266.453,12.360762,16.025871,4.715909,48.198002,27.982647,500458.91,462500,905.85266,1017,38.939857,11.155644,71.863533,7.6152267,.26589596,.088631988,.044315994,.21965317,.0077071292,.33140656,.04238921,519,16741.301,7752.4199,202.14101
17031221600,8.33333396912,73,26.12330437,228.8401184,3025,23892.855,-24.651064,2.909091,3.4710743,20.925621,70.710739,1.983471,45.37664,9.5867767,30.18182,39.880951,9.0773811,165159.22,6.5785122,6.8099174,2.3266423,79.182793,52.928417,620143.44,577800,1443.4716,1541,34.072899,24.704336,76.87075,9.1327209,.054123711,.12371134,.45618558,.077319585,0,.28865978,0,388,16566.301,8087.46,213.037
17031222200,8,72,36.31411743,326.8270569,2123,23795.854,-29.634306,3.3443241,5.982101,10.786623,75.412155,4.4747996,41.296619,11.775789,25.365051,51.767677,1.7676767,186802.05,4.9929347,7.1596799,3.9438503,83.992584,49.715588,604635.69,534100,1702.5404,1790,32.242992,25.467775,74.66346,8.627861,.050531916,.074468084,.45212767,.066489361,.0053191488,.33776596,.013297873,376,16461,6904.1699,186.884
17031222500,5,25.3333339691,29.42907524,149.1073151,1622,26518.984,.050379097,2.0345252,.431566,63.563503,32.737362,1.2330457,48.821003,34.463627,25.986437,32.716049,14.197531,74928.773,24.352652,32.860664,6.7269077,37.071918,32.936508,336882.53,282600,1051.5151,1162,45.276871,22.634508,81.22271,6.4935074,.41025642,.12820514,.064102568,.16666667,0,.051282052,.17948718,78,17882.199,4751.7598,118.815
17031222600,8.666666984560001,31.3333320618,53.66357422,194.0144348,1517,24464.328,-5.9265809,4.9439683,3.625577,37.50824,52.735664,1.1865524,57.730862,21.226105,36.189846,50.485435,8.2524271,76622.711,10.678971,12.986156,5.4415698,53.534481,34.643375,,361300,1081.9861,1203,38.516747,11.313394,69.800003,10.6632,.17741935,.064516127,.64516127,0,.016129032,.096774191,0,62,18724,5911.1699,140.185
17031222700,11.33333301545,39.6666679383,47.63906097,166.7367249,2692,30827.262,.064370088,10.995543,1.0029718,55.423473,31.315008,1.2630014,58.241058,27.637444,30.757801,47.42857,23.619047,77537.148,24.645786,26.435495,5.5664701,34.705883,28.89151,287330.63,261200,1041.1467,1183,42.80822,9.8166132,76.814293,8.5221176,.013761468,.041284405,.2614679,.11926606,0,.27064219,.29357797,218,19360.4,9488.4297,218.368
17031222800,10,20,102.88066101,205.761322,972,22601.57,7.2169814,2.8806584,0,79.012344,17.901234,.20576131,34.282543,38.580246,35.185184,67.59259,40.740742,52830.883,17.592592,29.526749,1.1337868,29.668411,23.82353,248765.44,237000,833.97681,977,59.375,11.5,81.866386,15,.17647059,0,0,.82352942,0,0,0,51,20748.301,3815.0801,82.034698
17031222900,12.66666698456,32.3333358765,121.21212769,309.4099121,926,10982.061,5.5747333,9.0712738,0,74.406044,15.766738,.75593954,41.32291,26.025917,35.583153,42.487045,20.725389,57745.332,18.358532,26.997841,7.2961373,15.209126,55.333332,235235.55,255200,880.76923,1007,66.92308,19.582245,78.401726,21.671021,.053691275,.3489933,.020134227,.53691274,.0067114094,.033557046,0,149,21099.4,7243.9399,152.214
17031230100,8.666666984560001,34.6666641236,49.52381134,198.0952301,1753,27603.371,4.9257307,18.425556,1.8254422,50.598972,28.294352,.855676,62.956081,18.881916,36.908157,56.317688,37.184116,64554.563,29.925331,32.107983,7.3145247,32.184952,24.324324,406180.56,364400,861.68225,963,46.153847,17.602428,71.207787,10.166916,.17307693,.51923078,.25,.057692308,0,0,0,52,18580.6,5636.79,134.866
17031230200,12.66666698456,32,60.89743805,153.8461609,2131,26258.461,8.8809729,18.160488,1.1262318,70.436409,8.9629288,1.3139371,46.255795,30.595964,28.413889,68.360275,28.637413,55853.555,22.477711,39.887379,10.393258,13.686912,27.556326,243937.11,247600,879.58655,1017,45.736435,13.063063,77.339668,13.363365,.1796875,.1640625,.15625,.1015625,0,.0859375,.3125,128,19436.199,8474.2998,195.46899
17031230300,4.66666650772,13.3333330154,53.15110016,151.8602905,1033,25569.855,5.5423079,0,0,90.222649,7.5508227,2.2265246,17.97901,30.687319,16.79574,63.08411,8.8785048,51181.75,20.2138,28.08552,6.3569684,14.529915,32.319393,220575.3,186000,713.85541,878,37.3494,14.715719,80.626221,12.040131,.55555558,.27777779,0,.16666667,0,0,0,18,20599.4,3894.8999,85.490196
17031230400,11.66666603089,39.6666679383,50.17920685,170.6093292,2371,18354.004,4.7673168,4.9768028,.50611556,86.883171,7.0856175,.54829186,23.757835,48.882328,27.393505,40,23.789474,62910.234,17.0814,26.908478,12.702079,17.504656,50.292397,200355.23,180600,905.04449,1103,43.543545,37.855297,80.465721,11.627907,.37931034,.10344828,.28078818,.1724138,0,.064039409,0,203,21844.6,13869.7,289.01199
17031230500,24.33333396912,111.3333282471,79.15853882,362.1773987,3729,18676.881,12.315177,9.8417807,3.7543576,84.553497,1.8503619,0,27.363262,39.206223,26.99115,48.104267,23.815166,40598.488,38.240814,48.163048,6.6787004,11.694616,25,190160.14,123100,709.78937,880,59.263962,9.3672962,88.212723,7.6417389,.41364902,.082172699,.1281337,.24094708,0,.13509749,0,718,29874.801,19419.5,359.89499
17031230600,116.33333587647,284.3333129883,159.3170929,389.3910217,6606,16767.756,11.337537,26.884651,0,66.84832,1.907357,4.359673,47.85873,23.8571,29.185589,55.390072,28.865248,44968.75,33.950806,41.785606,20.511162,10.927056,24.684874,218932.98,154300,797.88287,941,54.013504,9.9481373,77.536903,10.231026,.34042552,.049156275,.12619223,.42479825,0,.04768892,.011738812,1363,28912.801,34849.801,676.44202
17031230700,65,158.3333282471,102.37832642,249.3831024,5677,22615.867,7.841033,6.9755154,.15853444,85.749512,6.2533031,.863132,25.584892,41.765018,23.674477,55.983936,19.036144,49639.172,18.758865,31.861702,5.2471485,12.014345,43.491673,139699,144500,785.10883,1055,60.558254,21.730175,80.909584,16.52935,.098684214,.22149123,.3640351,.21929824,0,.013157895,.083333336,456,21981.301,29392.801,633.13599
17031230800,11,34.6666679383,94.01709747,296.2962952,1359,17115.336,-.012363989,1.9131714,0,86.828545,11.258278,0,23.303942,34.289921,20.49301,42.028984,11.594203,79278.898,13.780398,20.265291,12.983425,15.119047,58.381504,182068.31,201800,840.97223,997,63.888889,44.615383,86.681549,11.282051,.0054347827,0,.72826087,.11413044,.15217391,0,0,184,20689.699,7657.77,171.91499
17031230900,46.33333206177,107.6666641236,103.35340881,240.1665497,5330,30327.861,6.1503396,16.772982,2.476548,59.287052,17.035646,4.4277673,58.877605,32.476547,27.326454,54.606525,25.71977,59555.348,38.245281,41.698112,10.891089,29.733772,27.183407,223568.27,235900,877.64703,1038,61.557381,13.086771,81.326454,13.134186,.26666668,.073684208,.21403509,.024561403,0,.42105263,0,285,19747.6,15132.2,353.422
17031231100,19.66666603089,28.6666679383,153.52587891,223.7835083,1348,19794.008,6.8695736,56.083084,0,39.243324,4.1543026,.51928782,52.971214,18.323442,25.593472,55.186722,32.780083,65518.785,25.280479,32.311146,23.563219,11.963589,43.922653,208110.06,160700,727.27271,835,68.253967,32.564102,75.341423,7.1794891,.97727275,0,0,.022727273,0,0,0,88,20316.5,4622.4399,110.096
17031231200,149.33332824708,197.666671753,248.02081299,328.2954102,6138,24208.637,10.625483,50.70055,0,43.597263,.70055395,5.0016294,55.032257,23.297491,22.45031,47.755417,26.23839,45041.977,31.977911,38.738285,12.936267,10.543933,31.758242,153974.56,162600,738.66107,924,61.711712,17.163837,73.541939,16.475449,.096283786,.038851351,.10641892,.19087838,.3597973,.11486486,.092905402,592,21719.5,25711.301,579.66498
17031231500,160.33334350586,222.3333282471,281.3359375,390.1269226,6699,17337.508,13.613531,86.759216,.32840723,10.314973,2.5974026,0,23.595856,5.6724882,25.981489,47.086246,34.110332,40513.371,33.36319,42.498882,13.870704,4.4164038,38.695652,223501.83,181900,746.51166,1035,72.193619,25.143797,73.518433,24.404274,.043569922,.37877724,.35277581,.02037948,.040056217,.11314125,.051300071,1423,20894.9,20701.5,511.19699
17031240200,6.33333349228,56.6666679383,36.9721756,330.8036804,1592,24825.75,-23.353418,1.69598,4.4597993,13.442211,78.266335,2.1356783,36.663605,14.133165,26.319096,49.81818,5.090909,162609.95,7.223618,11.306533,1.6507385,73.883423,50.881611,712042.06,647300,1256.6234,1348,28.311689,16.953318,72.038834,2.4570007,.043478262,.23478261,.39130434,.19130434,.034782607,.10434783,0,115,15789.2,4519.7202,141.27299
17031240300,7.66666650773,67.666671753,59.80239105,527.8211669999999,1251,19449.383,-25.928539,4.0767388,6.7945642,4.0767388,81.614708,3.4372501,32.478188,13.189448,22.222221,47.307693,9.2307692,171619.39,3.5971222,7.673861,2.3809524,81.951729,49.578415,737901.38,678600,1593.98,1586,19.063545,24.62908,68.864777,12.017807,.20096269,.18652226,.061371841,.060168471,.064981952,.4247894,.0012033695,831,16004.9,4696.54,138.22701
17031240500,17,169.6666564942,69.58657074,694.5012817,2294,25459.395,-30.725418,1.5257193,8.6748037,9.4158669,76.373146,4.0104618,39.848198,14.472537,24.978205,36.873749,1.6032064,185600.63,2.9206626,3.4001744,.43080238,89.635414,74.506706,504080.5,374100,1851.7572,2097,24.281151,6.8666139,69.124222,0,.14306152,.20171674,.11874106,.12160229,.29470673,.12017167,0,699,16473.4,7240.1299,197.79601
17031240600,6,31.3333339691,35.77817535,186.8415833,1644,26131.766,-17.184896,7.5425787,2.1289539,36.435524,50.729923,3.163017,60.274998,19.829683,21.167883,61.702129,18.237082,146596.13,9.9148417,14.233577,6.261023,61.518093,57.903225,451141.22,409200,1375.4789,1449,46.360153,33.333332,74.968788,3.4267883,.11403508,.052631579,.62280703,.13157895,.043859649,.03508772,0,228,16975.9,5632.9302,148.745
17031240700,10,26.6666660309,53.41880417,142.4501343,1652,26214.176,-3.3837414,9.1404352,4.0556898,50.181599,32.203392,4.4188862,63.252262,24.031477,31.144068,43.203884,25,92649.297,23.244553,31.295399,6.554121,48.966755,34.37014,393575.56,310000,994.49762,1099,50.239235,11.144131,77.660889,4.4576492,.025222551,.020771513,.83827895,.014836796,0,0,.1008902,674,17412.9,5280.6099,136.15601
17031240800,4.33333349228,20.6666660309,31.56105995,150.5219727,1587,24768.959,3.221555,6.0491495,.25204787,59.105228,31.190926,3.4026465,54.854641,26.465029,22.999371,45.945946,28.040541,63261.949,24.614395,30.462725,8.4051723,37.076649,32.861637,363848.81,348400,997.57281,1009,48.267326,20.166899,73.714287,11.543808,.024539877,.012269938,.14723927,.56441718,0,.25153375,0,163,17886.4,4960.6802,124.055
17031240900,47,92.3333282471,478.12817383,939.3013916,1015,2615.4397,3.7047563,13.20197,9.1625614,42.561577,29.950737,5.1231527,70.06974,34.285713,16.009851,60.655739,30.601093,59903.977,28.472906,29.458128,5.7093425,38.798496,25.447315,361171.88,335400,816.79999,1024,56.603775,8.347826,75.665024,12.521736,.005192108,.0031152647,.95327103,.0098650055,0,.026998961,.0015576323,1926,18392.4,14312,355.90302
17031241000,20,70.3333282471,103.35917664,363.4797363,2220,27358.305,2.7863784,18.063063,2.2072072,48.603603,30.855856,.27027029,63.543869,20.675676,28.108109,43.58289,34.224598,70724.789,31.066536,35.469666,5.8149781,42.142353,28.431372,264078.81,251400,986.00824,1118,49.588478,3.4052212,78.698227,18.955734,.13464053,.0078431377,.76339871,.018300654,0,.0052287583,.070588239,765,17415.801,4900.6499,128.561
17031241100,28.33333206177,105.6666641236,82.3404007,307.0812683,3904,30341.086,-2.95121,8.5553284,3.8165982,38.67828,45.747952,3.2018442,63.131039,14.882173,37.89703,44.876324,28.621908,84359.203,23.650587,28.631029,7.2417464,56.529209,30.404106,373805.91,337800,1166.1321,1249,41.562195,8.695652,68.569191,7.14711,.18095239,.12063492,.16190477,.076190479,0,.45714286,.0031746032,315,17084.199,10876.6,286.88699
17031241200,9.33333301545,67.666671753,52.58215714,381.2206726,1862,14697.434,-20.783155,1.1815252,8.5392046,22.395273,64.930183,2.9538131,51.994839,23.95274,32.491943,33.430233,6.6860466,152994.45,7.7873254,10.794845,1.2648221,67.054794,33.240997,623229.19,596900,1324.6252,1610,22.698072,15.731708,66.556839,11.951218,.0032425423,.017509727,.82230872,.017509727,.036964979,.042801555,.059662774,1542,16538.6,9467.2695,255.77499
17031241300,5.33333301544,67.3333282471,26.90884399,339.7241516,2031,32058.328,-22.068817,8.8626299,1.5755786,20.827179,65.928116,2.8064992,51.308075,8.0748396,31.486952,42.553192,16.109423,168647.34,18.767351,19.822321,6.4199395,75.709343,42.671856,669812.75,555700,1842.3077,1983,30.542988,10.744811,70.539848,5.8608093,.035353534,.090909094,.65151513,.065656565,.015151516,.12121212,.02020202,198,16258.5,4428.6499,121.567
17031241400,51.33333587647,465.6666870118,93.28245544000001,846.2051392,5089,25461.898,-18.875742,4.4999018,6.0915699,9.6482611,75.869522,3.8907447,40.782322,13.126351,31.273335,51.724136,15.632184,138990.89,10.159167,11.161328,1.455767,78.74633,29.991714,584367.94,514900,1678.6517,1837,39.512508,11.160534,75.603867,2.3857651,.1826012,.19465977,.08570198,.058570199,.017226528,.44832042,.012919896,2322,16011.5,14514.4,407.439
17031241500,24,262.6666564942,80.50989532,881.1360474000001,2911,24893.408,-21.32332,2.4390242,4.6719337,18.069393,71.487465,3.3321884,45.241604,11.233253,39.093094,45.228214,16.597511,153922.34,13.351877,14.325452,2.3057215,83.079529,40.460281,609089.94,461600,1616.129,1645,29.161289,14.117647,63.277225,.95587921,.38287988,.10418049,.2322495,.0079628397,.017916391,.23822163,.01658925,1507,15794.7,8527.0596,254.868
17031241600,27.33333396912,141.3333282471,82.205513,425.0626526,3526,31069.477,-13.038648,3.0629609,8.4798641,27.850256,58.394783,2.2121384,57.282291,19.313669,46.298923,24.398626,10.824742,113564.33,11.996596,20.504822,5.0052872,72.344978,25.310173,451272.06,425700,1404.8611,1510,33.072914,6.2033315,69.184547,7.4095383,.15076336,.13549618,.20992367,.15267175,.001908397,.1259542,.22328244,524,16038.1,5614.3901,170.67
17031242000,14.33333301545,139.3333435059,30.14370728,293.0249023,5156,40868.043,-7.0376773,11.947246,3.5686579,30.779675,51.241272,2.4631495,62.654045,18.793638,32.816135,29.25,8.375,91175.977,18.774244,22.750195,7.0565624,54.701065,26.231155,469674.34,457300,1168.5094,1056,44.85714,3.0607584,72.704033,9.0909119,.037998147,.21779425,.27988878,.026876738,.0018535681,.26969415,.16589434,1079,15871.2,8647.6201,258.336
17031242100,15.33333301545,140.3333282471,40.21330643,368.0391541,3803,30031.455,-21.17614,.97291607,5.3378911,22.32448,68.735207,2.629503,47.407352,10.412832,34.407047,34.353268,9.7357445,145326.59,6.074152,8.1514597,3.7804077,79.78759,48.379353,485457.06,519700,1530.1177,1620,19.764706,3.4154534,75.801193,6.7189255,.19449541,.12110092,.1706422,.15779817,.03119266,.32477063,0,545,15900.9,10756.5,302.08499
17031242200,15.66666698456,89.666671753,41.20638275,235.8408051,3373,26716.699,-17.312021,2.401423,4.3877854,13.044767,74.681297,5.4847317,41.974365,10.910169,37.518532,54.770992,21.755726,133399.7,9.0423956,13.578417,3.0011115,82.037323,35.718544,511112.03,499600,1500.9514,1595,37.773548,6.9654427,69.795425,9.4492416,.089743592,.0982906,.05982906,.28062677,.0028490028,.46866098,0,702,15983.9,10675.2,297.87299
17031242300,9.666666984560001,92,28.48163605,271.0665894,3034,23934.27,-16.368185,2.5049441,5.6031642,10.052735,79.334213,2.5049441,35.610806,14.897824,23.994726,28.698225,7.5443788,115896.69,7.1735539,8.6611567,3.2773454,78.857788,41.746334,477054.5,446300,1332.4163,1427,28.415962,13.693901,74.832214,9.7238235,.046153847,.15824176,.33406594,.10549451,.0043956046,.35164836,0,455,16403.801,9919.6396,267.91101
17031242400,16,90.666671753,53.26231766,301.8198242,2866,22627.314,-10.610079,1.6050243,1.6050243,4.3265877,91.032799,1.4305652,16.871119,33.147243,33.269363,20.490368,1.7513134,92632.844,10.893169,14.255692,3.8010323,65.080032,29.124088,441287.97,428400,1304.4004,1431,35.056179,5.7456422,82.334274,11.55584,.013496415,.043441586,.86081821,.0075917332,.0025305778,.042176295,.029945171,2371,16522.6,10263.8,276.23901
17031242500,24.99999809266,99.3333282471,77.04159546,306.1119385,3609,30170.738,-5.6295042,6.6500416,2.41064,28.290384,58.298695,4.3502355,57.319576,32.280411,23.857025,50.23328,5.4432349,78056.813,17.81657,20.58742,6.0356059,55.539722,35.475578,352855.06,365900,1109.8492,1227,45.755695,12.336115,76.353989,7.2705612,.075949363,.50949365,.11392405,.015822785,.003164557,.28164557,0,316,17332.6,11613.9,307.81601
17031242600,36,140.3333282471,70.88009644,276.3010864,5959,32441.326,-4.0814018,12.552442,1.1579124,34.938747,49.018291,2.3326061,62.121456,30.088942,27.655647,42.663273,21.374046,80071.328,14.355518,17.101938,8.4485407,51.168713,30.46595,431445.75,395600,934.05884,1075,30.705881,8.2892418,73.202507,11.428574,.070080861,.18598382,.26549864,.056603774,0,.074123986,.34770888,742,17431.699,15798.8,417.50201
17031242700,12.66666603089,42.3333320618,74.33489227,248.4350433,1627,24001.121,5.7077942,22.987093,3.3189919,39.582054,31.407499,2.7043638,69.000946,31.591887,27.228025,42.539684,28.888889,53054.758,29.758215,36.081837,11.937378,38.037308,20,315766.91,298600,877.24139,1017,60,5.9925094,76.528725,9.4881363,.035714287,.17857143,.19047619,.45238096,.047619049,.095238097,0,84,18471.4,3795.6299,97.263603
17031242800,9,45.3333320618,54.97861862,276.9293213,1551,9137.4043,-10.883916,.83816892,.25789812,25.145069,71.760155,1.9987104,42.134418,17.085751,17.375887,52.161385,11.815562,111178.2,9.2028513,11.406351,8.1481485,49.001816,61.56406,424392.69,392700,1242.6396,1280,56.345177,33.792049,83.257034,8.1039734,.14337568,.085299455,.1615245,.56442833,0,.04537205,0,551,17749.199,4785.8701,127.699
17031242900,16,49.6666679383,87.14597320999999,270.515625,1601,12805.158,-8.2531233,7.2454715,4.2473454,29.606497,55.27795,3.6227357,59.841427,19.050594,23.672705,43.75,19.791666,96521.484,8.2754269,11.813013,.51325917,55.042339,33.631714,621459.69,430200,1154.8979,1289,30.801687,13.800905,73.00885,11.53846,.058168318,.049504951,.12747525,.68688118,.004950495,.073019803,0,808,16862.4,5629.9199,152.336
17031243000,10.66666698456,93.3333358765,49.98438263,437.3633423,2273,18139.303,-8.5467329,2.6836779,3.8715355,34.975803,57.853054,.61592609,54.071468,24.373075,23.691156,35.216572,12.806026,97984.766,5.8952928,10.778707,4.3924699,47.957561,36.065575,537098.94,378300,1167.2256,1225,29.420731,18.333334,82.754066,3.9814835,.06745562,.030769231,.14437869,.45088756,0,.28284022,.023668639,845,16805.5,5861.2798,158.789
17031243100,17.33333396912,75.3333358765,77.72795868,337.8176575,2259,18057.703,-15.546287,2.965914,4.3382025,40.681717,49.845062,2.1691012,58.28146,27.622843,22.421425,39.826839,11.471862,129372.8,5.2235503,10.402833,3.9067855,60.49649,57.485714,710699.81,382000,1441.6902,1294,45.558739,21.624365,79.357178,11.167511,.056537103,.14487633,.28091872,.26236749,.018551236,.21466431,.022084806,1132,16412.4,5775.7202,161.32899
17031243200,13,87.6666641236,59.33363724,400.1217041,2318,18538.244,-18.919485,3.6238139,1.9413286,31.880934,61.647968,.90595347,51.654125,16.264021,30.802414,53.048782,9.1463413,141579.31,10.821382,11.907866,2.9253731,70.740738,35.129311,546186.19,532100,1369.1276,1432,21.308725,14.918191,68.501526,10.68335,.062195122,.10853659,.12682927,.44878048,.0097560976,.10731708,.13658537,820,16453.5,6205.1899,176.733
17031243300,16.66666603089,79.3333358765,73.71369171000001,350.8771973,2358,18671.199,-12.902925,1.3994911,5.004241,30.916029,61.111111,1.5691264,52.801682,20.101782,23.176422,30.078125,6.25,110227.78,11.535199,12.128922,3.5199077,61.863098,40.723984,430726.66,401900,1265.5332,1355,33.384853,8.6429729,77.629883,10.743134,.0046300339,.015549926,.95509738,.021490347,.00078623218,.0021839784,.0002620774,11447,17192,6477.9902,226.871
17031243400,16.66666603089,79,55.89089966,264.9228821,2804,22061.83,-9.4485579,8.8801708,5.6704707,29.992867,50.891582,4.5649076,63.786247,19.507847,22.913694,51.461987,20.8577,107618.3,16.833096,22.21826,4.9740934,62.936111,53.241798,351159.16,347600,1226.4407,1350,45.254238,5.4073033,75.63636,7.9353943,.0048309178,.10748792,.27657005,.16062802,.0012077295,.44444445,.0048309178,828,17023.801,6793.1499,231.54401
17031243500,21.33333206177,208,52.92317581,516.0009765999999,3263,12859.01,-19.656658,14.802329,8.0907145,6.3132086,68.771072,2.0226786,49.420235,11.400552,26.417408,39.586647,6.8362479,136973.08,6.7422619,9.1327,5.7019267,77.216614,43.820862,523308.16,390000,1853.3804,1890,34.169281,0,66.645607,9.7236404,.017687934,.19498841,.60370606,.090124235,.0086333966,.081701413,.0031585598,4749,15957.7,8335.6104,242.52699
17031250200,36.33333587647,119.6666641236,124.34406281,409.5368347,2748,14257.307,6.4764419,55.349342,1.0917031,41.011642,1.5283842,1.0189229,52.499294,20.014557,25.527657,40.206184,21.821306,55569.766,20.94471,27.535702,20.622286,12.56864,58.65633,326127.97,176000,805.2265,988,63.414635,47.078281,86.469498,14.663727,.14336918,.060931899,.039426524,.58781362,0,.16845877,0,279,134743,74980.297,710.85901
17031250300,50.66666412354,118.3333282471,93.25724792,217.8047638,4827,20227.029,10.486075,62.626892,1.2637249,32.338924,1.4916097,2.2788482,50.230511,14.087425,26.196396,49.379177,35.625595,46974.34,34.431324,40.853531,11.394164,20.028923,39.050133,185629.05,174500,796.75323,981,70.459518,19.494383,73.779846,14.831459,.125,.28448275,.19396552,.30172414,.012931035,.081896551,0,232,29975.199,30421.6,425.70001
17031250400,53.33333206177,127.3333358765,97.48369597999999,232.7423401,4438,8776.417,9.6784334,77.219467,.27039206,20.594862,.72104555,1.1942316,36.109863,10.342497,20.245605,37.511871,30.484331,46463.652,26.701218,32.762505,13.121272,13.093289,51.304348,152942.59,151500,844.88568,1059,66.535431,23.157894,86.552513,21.052635,.056201551,.16472869,.30426356,.42054263,.0019379845,.05232558,0,516,23865.801,36902.602,542.745
17031250500,14.66666603089,113.3333282471,20.5386734,158.7079163,7669,9635.6523,-5.6121035,33.250748,2.816534,28.152302,32.390141,3.3902726,70.332878,16.142914,17.792412,43.15667,11.240536,88423.133,11.812361,13.367307,10.732038,38.911591,72.792274,229470.23,257100,913.80695,739,63.538876,60.766861,89.604088,4.2451248,.13534361,.12833099,.18443197,.44740534,.0014025245,.10308556,0,1426,21223.6,38528.398,563.75
17031250600,44.66666793824,87.666671753,101.90888977,200.0152283,4068,16265.158,1.7791748,84.464111,1.6224189,11.234022,1.7207474,.95870209,27.330988,5.8997049,24.508358,17.740232,10.559662,64201.527,9.9803343,16.937069,13.945579,15.864893,68.883789,189624.86,176000,826.28992,1011,54.871796,61.143272,91.860466,5.3545609,.43712574,.047904193,.083832338,.017964073,0,.22155689,.19161677,167,22584.5,19327.6,310.68301
17031250700,70,130.666671753,128.91343689,240.638443,5194,20302.549,8.4130173,85.752792,0,11.840586,0,2.4066231,25.004675,3.658067,15.960724,26.708563,21.445404,47458.195,25.972275,30.438969,12.529366,10.898761,36.62389,182186.39,154600,748.68524,921,63.410454,13.940678,84.487808,14.152542,.62589926,.11510792,.25899279,0,0,0,0,139,26609.4,29041.1,445.94699
17031250800,48.33333206177,127.3333358765,185.39828491,488.4285889,2415,10899.423,10.26351,76.811592,.70393372,19.627329,2.0703933,.78674948,37.09346,11.345756,17.95031,38.336346,20.976492,46277.621,36.52174,39.585922,14.341846,8.005249,56.649616,151477.88,160000,795.41284,957,63.481232,44.280861,83.69519,11.438278,.65329218,.012345679,.007201646,.11625514,.010288066,.20061728,0,972,110779,70187.602,703.466
17031251000,33.66666412354,65,337.6796875,651.9558716,907,5030.7041,6.6483154,82.690186,0,14.994487,2.3153253,0,29.321379,15.214994,30.92613,42.916668,33.333332,57889.582,15.545755,20.837927,19.339622,10.912343,60.714287,151985.3,146100,690.15149,881,59.090908,34.351147,75.480225,14.503815,.032608695,0,.10869565,.85869563,0,0,0,368,25950.301,8918.9199,161.51199
17031251100,69.66667175293,109.3333282471,146.26637268,229.5471954,4103,21405.35,14.665986,87.789421,0,10.285157,1.9254204,0,21.835257,4.5332685,22.446991,38.151657,33.767773,35406.98,39.580795,46.453815,13.304093,7.0175438,31.143053,138418.91,122100,684.74225,830,72.85408,16.353277,85.988197,16.752136,.074285716,.57714283,.31428573,.022857143,0,.011428571,0,175,25073.6,17220.6,310.36899
17031251200,74.66666412354,117.3333282471,164.93630981,259.1856079,4351,17015.271,6.964684,77.913124,1.5168927,19.053091,1.5168927,0,35.619228,8.8485403,30.854975,37.822014,21.662764,56907.148,26.499655,32.061596,20.287699,12.062117,56.300266,128193.34,117900,1032.5581,1087,75.593948,57.858242,78.24971,13.790443,.2254902,0,.25,.15196079,.16666667,.11764706,.088235296,204,22723.301,21389.5,374.81299
17031251300,83.66666412354,127,213.43536377,323.9795837,4446,17621.559,9.0969934,80.341881,0,15.362123,3.9136302,.38236618,32.937244,7.7147999,21.907333,27.822945,15.627823,47658.332,24.966261,38.663967,21.479591,9.4733458,50.688705,140056.25,136700,842.87708,1069,71.060173,27.54491,90.60862,20.958084,.10810811,.24324325,.39459458,.054054055,0,.2,0,185,21628.6,19951.1,340.79001
17031251400,78.33333587647,156,201.16418457,400.616333,4544,17290.072,9.4722872,92.561623,.59419012,3.8732395,2.3987677,.57218307,14.109098,2.3327465,16.450264,43.728424,27.157652,43838.434,28.182423,32.344475,11.550802,14.62963,26.752337,246994.77,202500,641.91418,790,65.511551,15.287671,86.473213,6.1917801,.00046360685,.060268894,.92814094,.0046360688,0,.006490496,0,2157,21543.4,18532.801,332.905
17031251500,98.33333587647,153.3333282471,213.72166443,333.2608643,4194,15916.212,12.15113,90.104912,0,8.8936577,.66762042,.33381021,18.014502,.40534097,28.135433,26.31579,22.607655,44937.395,42.105263,51.507175,23.780487,10.106972,26.780626,171601.06,144400,714.03339,927,69.978401,16.27099,73.753029,18.70295,.23636363,.41818181,.29090908,0,0,.054545455,0,55,21873.5,19983.1,381.95099
17031251600,78.66666412354,115.666671753,182.94572449,268.9922485,4063,21887.34,10.462441,90.671913,0,4.7501845,1.4767413,3.1011569,17.442417,7.6052179,26.089098,42.089985,26.124819,49728.035,33.472805,42.776272,11.069837,10.281923,36.92004,106343.05,98800,727.66296,978,53.389828,33.678345,78.745987,19.347137,.084615387,.64871794,.10769231,0,.0051282053,.15384616,0,390,22168.9,12692,256.34799
17031251700,50,74,396.19650269,586.3708496,1321,7030.3755,11.625114,67.146095,0,31.264194,1.5897046,0,45.114243,9.6139288,33.535202,42.045456,31.818182,41980.617,34.897804,41.937927,19.753086,15.384615,46.91011,126694.61,136200,794.76746,1030,80.745338,30.901287,78.696342,23.605148,.037383176,.23364486,.13084112,.59813082,0,0,0,107,22834.5,5965.6401,123.436
17031251800,175.33332824708,245,338.80834961,473.4299622,5275,13693.102,15.063217,91.582939,.26540282,3.2606635,4.1706161,.72037911,15.839505,1.478673,26.161137,62.737644,40.779469,39607.184,34.080975,47.70956,18.990635,6.2288933,12.031921,162443.88,159000,722.53522,952,66.22123,7.5617285,78.320465,16.203705,.0080601824,.075765714,.73831272,.14454594,.0026867276,.029554004,.0010746911,1861,21944.1,23894.6,549.86798
17031251900,147.66665649415,239.3333435059,310.02868652,502.484436,4862,19865.105,18.862091,94.220482,0,3.7433155,1.8305223,.20567667,11.05095,1.2751954,25.185108,61.424332,46.686451,31672.643,47.67635,59.813278,29.379461,5.9661279,27.045597,135545.03,119300,667.97943,835,74.057449,15.851272,68.38945,21.673187,.36217949,0,.51602566,.016025642,0,.10576923,0,312,21493.699,23094.4,483.78799
17031252000,90.99999237061,173.666671753,183.54173279,350.2756653,5738,23361.484,15.778187,97.263855,0,1.0456605,1.3593587,.33112583,5.3669167,.74939001,24.485884,47.725163,46.425255,38136.434,32.814178,49.212315,7.3291926,9.3505793,20.982737,198386.08,201900,733.05322,816,72.968094,11.511895,83.242485,13.31543,.0053879311,.24892241,.63793105,.092672415,0,.015086207,0,928,21572.5,21533.1,419.05801
17031252101,30.66666793824,48.6666641236,237.91053772,377.5536499,1390,4234.9063,11.252675,96.043167,0,2.0863309,1.438849,.43165469,7.6910133,.71942449,24.676258,26.545454,24.727272,40469.258,33.674213,47.114681,12.231405,19.80728,24.662163,219068.5,174100,685.45032,706,64.69072,9.0663061,85.672081,19.891747,.18181819,.28181818,.07272727,.17272727,.036363635,.25454545,0,110,21580.699,17137.6,361.05499
17031252102,120.0000076294,192.6666564942,185.98884583,298.615387,6980,27043.389,9.2280197,97.636101,0,.87392557,1.4899714,0,4.6420751,3.1805158,26.72636,39.491756,24.793957,49208.551,27.994268,37.206303,12.262873,13.033478,44.509232,153177.08,133300,851.66376,987,67.688263,23.055105,76.412918,16.61264,.55186725,.23236515,.058091287,.078838177,.0041493778,.0746888,0,241,21355.801,18978.801,427.327
17031252201,55.33333206177,90.3333282471,207.08583069,338.073822,2927,19599.6,10.693094,92.14212,.23915271,2.6990092,4.6805601,.23915271,14.805225,2.1182098,19.405535,31.970261,24.349442,40305.809,31.68239,37.578617,21.448999,13.116279,36.187565,136443.38,96600,772.10443,937,62.711864,22.950819,88.84642,10.655739,.069444448,.013888889,.76851851,.0023148148,0,.14583333,0,432,21357.9,11035.1,263.638
17031252202,174.66665649415,207.3333435059,398.3276062,472.8240356,4757,19328,15.690173,97.225143,0,1.2192558,1.5556023,0,5.4336538,.96699601,21.925583,45.995892,41.478439,33339.754,34.487152,49.394775,21.704958,12.002918,22.753717,123779.26,120500,621.25525,854,57.11628,10.321221,73.377174,18.536072,.07526882,.0053763441,.76881719,.03763441,0,.010752688,.10215054,186,22121.199,13910.1,362.84698
17031260100,48.33333206177,85.666671753,402.777771,713.888916,1249,9971.2314,17.065708,85.748604,0,2.2417934,10.968776,1.0408328,25.207544,.56044835,20.736589,35.204082,35.204082,26916.207,45.876701,53.082466,20.4,8.121212,11.233886,,208800,581.12036,538,75,4.6620045,81.188927,36.713287,.56140351,.052631579,.21052632,.14035088,0,.03508772,0,171,21554.4,4686.6099,125.907
17031260200,62.66666793824,104.3333282471,717.83123779,1195.1125488,1223,9647.3262,14.391864,96.647591,0,3.3524122,0,0,6.4800458,.89942765,27.92314,44.140625,34.375,41117.855,35.26936,47.306396,20.408163,3.2915361,37.637363,150948.91,140600,759.03082,1064,75,22.175732,80.653267,23.849373,.45252526,.012121212,.11313131,.42020202,0,.0020202021,0,495,22049.1,5415.2202,142.871
17031260300,38,74.3333282471,213.84355164,418.3079834,1583,12450.273,12.344636,98.547066,0,0,1.4529375,0,2.8636491,0,29.595703,28.037384,24.299065,34839.074,29.500948,35.502213,25.159235,4.8298573,22.777779,133821.14,105100,643.40527,783,58.79121,13.567073,83.8545,17.68293,.053824361,.13597734,.58356941,.18696883,0,.039660055,0,353,22341.4,6090.4399,159.60699
17031260400,46.66666793824,65.3333358765,402.99368286,564.1911621,1292,10195.035,22.551447,97.987617,0,0,2.0123839,0,3.943774,1.0835913,23.335913,54.629631,54.629631,28897.984,40.557274,71.749229,24.193548,1.5193371,22.166246,128363.63,175000,647.57281,836,60.759491,5.978261,84.472572,28.079712,.084821425,.071428575,.29017857,.45535713,0,.098214284,0,224,22334.699,5569.54,140.89999
17031260500,94,86.3333282471,542.41198731,498.172699,1587,12177.038,14.034839,94.454941,.063011967,4.599874,.44108382,.44108382,10.567116,.75614369,28.544424,45.859871,38.53503,39842.023,40.579712,41.083805,13.846154,4.3522267,22.178988,150008.77,151900,726.5,1163,62.280701,12.068966,71.719742,26.149422,.093333334,0,.026666667,.86666667,0,.013333334,0,150,23182.699,7999.8799,219.541
17031260600,64,83.3333282471,305.19790649,397.3930664,1989,16154.596,18.391703,96.63147,1.9105079,1.055807,.4022122,0,6.5743184,1.4580191,26.194069,43.717278,37.696335,31704.863,57.566616,59.82906,31.5331,1.5182186,33.463036,156877.91,122300,751.80725,998,69.503548,11.111111,75.751297,44.008713,.01073132,.10492846,.88076311,.0035771066,0,0,0,2516,23392.9,8568.96,238.27299
17031260700,113.66666412354,125.666671753,696.06042481,769.5448608,1774,13959.38,19.000656,91.431793,0,3.664036,2.7621195,2.1420517,16.145847,.84554678,21.645998,45.876289,43.041237,32379.75,53.889515,63.641487,14.00862,5.0701184,34.587814,163478.23,159800,661.27167,954,75,8.6049547,79.5942,27.249023,.42222223,0,0,.2888889,0,.2888889,0,90,23073.801,8774.5898,247.633
17031260800,105.66666412354,123.3333282471,453.89459229,529.7823486,2681,21109.066,15.87465,95.225662,.18649758,.4475942,1.9022753,2.2379708,9.23211,.18649757,26.9489,56.14679,43.669724,46438.047,51.473331,57.776947,18.655851,5.1827245,22.758621,154565.66,152100,747.11249,995,70.695366,3.8387716,76.894226,16.506721,.42696628,.078651689,.12359551,0,.02247191,.34831461,0,89,22783.801,8478.3604,241.76199
17031260900,72.66667175293,81,512.09777832,570.8245239,1379,15651.395,17.624222,88.397392,0,5.2211747,5.7287889,.65264684,21.253958,1.0152284,25.308195,46.443516,41.841003,33112.07,42.171345,55.391434,20.215054,4.3535619,31.321838,139800.92,121100,620.50208,742,70.69767,1.0238907,63.262306,40.614334,.039370079,0,.78740156,.17322835,0,0,0,127,24512.199,5750.2598,171.069
17031261000,62,72,273.00747681,317.0409546,2398,12445.607,13.50689,96.121773,0,1.8348624,.16680567,1.8765638,7.5368929,1.9599667,30.462887,38.502674,30.30303,37984.133,33.778149,46.038364,13.653136,9.1580505,26.200872,117099.45,116300,801.42566,1010,65.924278,21.762785,75.716698,25.244835,0,0,.055555556,.94444442,0,0,0,180,24519.9,9670.2002,288.36301
17031270500,73,88.3333282471,568.09338379,687.4188842999999,1690,7787.7334,15.817087,88.57988,0,6.2130179,3.6686392,1.5384616,20.991774,3.9053254,28.10651,50.65274,37.336815,34699.027,50.062035,53.908188,23.302469,10.691824,7.7795787,130650,112500,718.98065,908,55.212357,3.536068,68.569672,12.729843,.025104603,.87447697,.066945605,.033472802,0,0,0,239,21822.1,13301.9,382.84698
17031271200,41.33333206177,70,324.69232178,549.8821411,1214,9533.5488,15.122493,88.550247,.16474465,2.0593081,5.2718287,3.9538715,21.111609,1.2355849,22.65239,35.102039,31.836735,33065,44.316311,48.187809,18.059299,6.7237163,14.444445,132615.39,138600,706.94446,998,77.735847,19.213974,71.746292,21.397377,.1761658,0,.41450778,.015544041,0,.03626943,.35751295,193,19802,5088.5,140.81599
17031271300,52,77.3333358765,463.45809937,689.2454224000001,1261,9975.1162,13.684839,98.413956,1.2688342,0,0,.31720856,3.1298268,1.5860429,22.680412,65.384613,53.46154,60329.445,54.718479,56.859634,18.27957,12.121212,25,244511.11,183300,599.62408,823,56.809338,4.1062803,77.411575,13.04348,0,0,1,0,0,0,0,2,20377.5,5975.9199,167.405
17031271400,41.33333206177,56.3333358765,336.59063721,458.740509,1353,10671.522,13.998449,90.096077,1.9955654,1.330377,3.7694016,2.8085735,18.548477,2.4390244,28.898743,51.149426,46.551723,42276.738,42.867702,51.071693,15.03006,20.179949,15.652174,156772.22,165400,798.95288,909,63.764046,10.756303,72.505547,22.689079,0,.11787073,.88212925,0,0,0,0,526,21084.1,7058.5898,200.44299
17031271500,45.33333206177,40,296.10275269,261.2671509,1483,23590.16,11.929489,95.549561,0,1.2811867,3.1692517,0,8.5859604,0,25.252867,31.858408,23.893805,41782.121,36.277817,47.066757,11.620295,11.995516,32.008831,170026.2,182500,792.44604,1096,67.330681,16,84.753983,17.63636,.014084507,.028169014,.95774651,0,0,0,0,71,21631.6,4016.8101,119.732
17031271800,32,51.6666679383,697.16778565,1125.635498,783,9845.251,23.998207,100,0,0,0,0,0,0,22.541508,62.5,54.861111,22205.164,73.690933,81.226051,16.915422,9.943182,12.206573,,181900,426.73798,547,61.267605,7.5235109,75.168694,33.228844,.0069444445,.4375,.027777778,.46527779,0,0,.0625,144,19525.5,3726.3999,103.156
17031280100,25.66666603089,314.6666564942,38.16604614,467.9058228,6567,28701.246,-27.140959,3.2587178,15.532206,3.7460029,74.767776,2.6952946,41.366131,16.126085,29.191412,29.754322,3.7306643,167903.16,5.1317191,6.4260697,3.212491,89.873856,38.096367,434888.84,378500,2136.5415,2214,28.604294,.39207593,73.264824,13.062317,.018077165,.5753665,.26454717,.057694037,.00373235,.074961774,.005621009,22238,15288.7,19565.9,547.22998
17031280400,31.00000190735,102.666671753,226.11233521,748.8451538,1715,8844.7041,16.878597,88.629738,1.9825073,1.8075801,6.9970846,.58309042,20.882723,2.1574345,22.303207,67.208672,59.620598,48648.219,47.288631,66.763847,16.228748,19.157894,10.696095,,,848.04688,1118,63.847778,0,80.537315,1.0084,.11348089,.18953723,.32032192,.25030181,.0020120724,.12434608,0,2485,17805.5,6119.5498,177.136
17031280800,21.33333396912,45.3333358765,263.70004272,560.3626099000001,1008,10999.196,10.670917,91.170631,0,3.2738097,5.5555558,0,16.463337,3.8690476,27.132936,49.404762,26.785715,34333.797,25.076765,33.879223,27.667984,18.980169,22.99169,247831.33,270300,507.55396,515,64.388489,10.967742,93.141151,22.365593,0,.4375,0,0,0,.5625,0,32,18587.6,3898.04,103.944
17031280900,18.66666793824,33.3333320618,238.70419312,426.2574463,1014,22820.971,13.159571,86.982254,.49309665,1.8737671,10.157791,.49309665,23.269102,1.2820513,17.702169,57.085022,42.51012,48171.867,52.268246,57.495068,29.7593,22.841726,18.662952,,231400,610.60071,489,49.61832,11.138015,77.245506,13.075058,.020408163,.020408163,.1632653,0,0,.79591835,0,49,18179,2343.6599,62.206299
17031281900,24.66666603089,354.6666564942,38.02476501,546.7344971,5719,33755.781,-16.609814,4.5112782,43.574051,8.3231335,40.601505,2.9900334,63.542534,54.939674,44.929184,28.571428,3.3783784,115698.77,19.28647,21.052631,4.1534328,91.474121,24.275362,316993.78,328900,1745.6119,1767,38.561798,.75046903,55.783283,11.230232,.014810921,.56250578,.30487615,.05887264,.0083794566,.0331777,.017377323,32341,15333.2,10842.7,304.70801
17031282700,36.66666412354,103.3333358765,179.56251526,506.039856,2290,13501.204,.80036598,47.903931,11.834061,25.109169,13.144104,2.0087337,67.578957,20.960699,26.048035,50,32.790699,82310.734,27.721012,34.118168,13.655287,39.84594,49.80595,190145.45,197200,1181.9587,1412,41.223408,17.14876,72.032013,20.14463,.017667845,.026501767,.44169611,.38869259,0,.10070671,.024734983,566,18659.5,8498.6699,226.782
17031282800,14,40.3333320618,86.04794312,247.9000092,1642,25866.773,-5.2893848,26.370281,16.199757,25.51766,28.867235,3.0450671,75.484352,25.761267,49.939098,42.379181,17.472118,86966.977,16.138855,24.299635,8.1268587,56.441151,34.104939,218190.05,187500,1195.0237,1374,56.553398,19.784657,73.995125,12.786003,.017064847,.095563143,.65529013,.017064847,0,.21160409,.0034129692,293,18490.1,3464.71,91.882004
17031283100,14,48.3333358765,45.29278564,156.3679657,3003,36612.047,.1047131,29.037628,33.732933,6.1938062,27.73893,3.2967036,72.002258,37.562439,45.954044,54.825462,31.211498,62120.531,33.366634,37.329338,6.578115,73.722626,15.568862,408945.06,418900,1290.1639,1429,62.382072,4.4015446,66.431923,9.7297287,.012793177,.066098079,.089552239,0,0,.8315565,0,469,20704.1,4186.5498,94.935402
17031283200,18.66666793824,80,111.376297,477.3269653,1587,17421.67,-10.684849,20.667927,20.100819,7.6244488,47.700062,3.9067421,68.201035,14.933838,40.989288,36.95652,11.490684,101946.07,26.969124,26.969124,6.1965814,76.977684,45.166164,354093.66,356200,1383.5654,1608,44.985672,1.7673049,77.947739,2.503685,.1626506,.15060242,.078313254,0,0,.60843372,0,166,18591.699,5417.3999,137.98
17031283800,19.99999809266,63.3333320618,54.49590683,172.5703888,3855,26552.914,-3.5343599,50.428017,8.8456545,10.7393,28.767834,1.2191958,64.343628,9.7016859,20.116732,44.242424,17.575758,79384.5,20.933851,23.657587,14.481133,51.871063,36.347622,269989,272600,1244.0646,1219,60.496384,1.0770975,73.48912,3.4580536,0,.58441556,.034632035,.36363637,.017316017,0,0,231,18752.5,13305.8,355.353
17031290900,112.66666412354,151.3333282471,312.00958252,419.0898132,4076,10593.936,15.183376,99.386658,.29440627,0,0,.31894013,1.2210416,.6133464,26.987242,47.95673,37.98077,36092.82,46.418903,49.64312,32.789028,9.5363083,33.115826,137194.83,117600,672.36676,748,70.854919,20.499716,82.140205,30.380463,.031609196,.0086206896,.19827586,.76149428,0,0,0,348,39379.398,25947.699,897.04999
17031291200,59.33333587647,85,302.87564087,433.8948364,2664,20962.926,15.353168,96.358856,0,1.7642643,1.8768768,0,7.0833488,.22522523,36.46772,55.045872,50,34621,43.618618,45.270271,27.862595,15.936255,16.483517,145437.03,140900,773.28357,991,62.876255,8.0084295,82.635185,13.698631,.47368422,0,.32456142,0,0,.20175439,0,114,23090.199,11053.9,341.45099
17031291600,9,20,98.68421173,219.2982483,1057,12424.495,9.0995598,9.6499529,.18921477,79.848633,10.312204,0,34.246975,27.814569,22.090824,50,45.112782,46366.105,10.501419,20.340586,1.4814814,16.692913,36.134453,194429.45,254500,878.66669,960,23.963135,1.5189873,88.601532,9.6202545,0,.12992126,.086614177,.78346455,0,0,0,254,20115.199,4569.1001,127.913
17031292200,68.33332824708,92.3333282471,270.4128418,365.387146,2922,19014.332,12.899713,91.649559,.20533882,4.6885695,3.0800822,.37645447,15.687054,2.3271732,28.850101,42.835133,34.052387,41550.793,42.972309,47.949528,26.542055,14.870317,35.163673,149080.48,151600,762.87128,998,73.297493,11.779041,80.013687,23.070671,.17647059,.23529412,.29411766,.29411766,0,0,0,17,24038.5,14936.9,488.06201
17031292400,53.66666412354,73.3333282471,245.16520691,335.0083618,2421,18963.908,11.264428,94.465096,0,1.5282941,4.006609,0,10.579573,2.8913672,33.849651,41.284405,26.376146,50464.086,44.568359,48.038002,8.4523811,9.3105898,27.708979,108125.14,110200,863.39868,1002,65.083138,6.0702877,77.615067,31.203407,.05447942,.0084745763,.7009685,.018159807,0,.046004843,.17191283,826,29907.9,13750.8,493.26599
17031292500,91.66667175293,126.3333358765,255.48124695,352.0996094,4070,10728.238,9.0799637,90.171989,0,6.1179361,2.0638819,1.6461916,18.24613,1.3267813,26.375923,25.959597,19.898991,44680.316,34.103195,39.459461,20.144686,18.232264,37.643677,145137.02,154500,790.39618,961,62.671661,18.165249,77.797249,15.431351,.083010085,.0031031808,.035686579,.87820017,0,0,0,1289,57852.699,31853.4,1451.65
17031300500,23.66666793824,44.6666679383,84.73565674,159.9236298,2781,26575.299,9.1341333,5.5016184,0,90.363182,3.8834951,.25170803,17.890829,50.125854,18.06904,57.166122,23.778502,43118.172,22.761597,28.802589,6.5799541,11.098463,31.770224,162746.5,164500,615.60797,793,45.372051,7.1360607,90.675819,18.839203,.035294119,.46117648,.28470588,.039999999,0,.17882353,0,425,27005.6,14880.7,535.33301
17031300600,17.33333396912,49,62.87027359,177.7294159,3064,24180.951,8.548769,13.315927,0,79.503922,6.462141,.71801567,34.595383,33.485641,27.904699,58.888889,22.698412,49900.813,26.924381,35.605289,12.189616,13.730708,46.747967,148433.91,161900,700,871,58.100559,23.954802,84.607811,16.610168,.22289157,.14457831,.43072289,.036144577,0,.1626506,.0030120481,332,24819.4,19256.699,637.703
17031300700,41,58.6666679383,89.67629242,128.3172913,4778,37599.383,13.908788,.96274596,0,97.655922,1.3813311,0,4.6048589,48.744244,25.994139,50.239693,27.804411,39744.824,41.24448,53.710323,6.0987415,10.280029,31.141346,177718.45,169100,650.05688,816,59.905098,8.9356108,79.036346,13.074898,.17557251,.29770991,.19847329,.15267175,0,.17557251,0,131,23783.801,19548.199,628.216
17031300800,36,60.3333358765,90.61162567,151.8583832,4127,32803.406,17.13726,0,0,99.636543,.36346012,0,.72427237,40.465229,28.131815,66.440681,43.728813,34505.168,41.99176,54.85825,10.423247,7.4551311,32.547596,133941.5,152000,600.27893,791,61.898018,15.723733,88.636925,18.95665,.34234235,.0990991,.2882883,.054054055,.027027028,.1891892,0,111,22397.801,20017.801,621.62402
17031300900,35,94,87.15139771,234.0637512,4382,34675.609,14.585197,.36513007,0,92.560478,4.9064355,2.1679599,14.036518,50.273846,25.901415,51.74897,26.954733,37698.195,41.735538,52.410469,2.4822695,5.3731341,18.039215,138586.95,155200,569.23828,748,60.839161,6.2216463,93.362526,17.368759,.20717132,.029880479,.39043826,.18525897,.045816734,.045816734,.095617533,502,21808.699,19692.301,601.36902
17031301100,17.66666603089,38,82.24704742,176.9087524,2772,33844.043,14.487788,5.4473305,0,91.955269,2.3809524,.21645021,15.088394,44.805195,27.002165,63.394344,37.936771,40585.051,35.522495,52.068214,13.430283,11.909796,28.266331,139133.33,154500,541.68127,703,50.091743,8.0131721,73.836571,12.623489,0,.0625,.265625,.453125,0,.21875,0,64,20995.801,12283.7,365.58099
17031301200,34,87.666671753,73.05543518,188.3684387,3435,18449.928,14.013491,9.8398838,1.6885006,84.80349,3.6681223,0,26.952383,40.960697,22.110626,54.068241,31.627296,36939.41,39.234589,47.677475,13.930348,9.6184006,25.858778,164055.34,167500,582.00269,744,63.434906,11.48805,78.812294,19.198151,.34126985,.17724867,.055555556,.09259259,.0026455026,.17460318,.15608466,378,20263.301,16536.1,486.72198
17031301600,23.00000190735,47.6666679383,61.2679863,126.9756775,5108,40148.762,11.306469,2.7603757,0,95.144867,2.0947533,0,9.3544645,44.185593,22.357086,50.389107,18.482491,43152.543,37.909672,47.062351,10.945034,10.214865,45.839752,127608.41,127200,607.76978,726,58.246655,21.714687,82.590691,8.784256,.54773867,.095477387,.020100502,.050251257,.010050251,.075376883,.20100503,199,23315.699,17094.199,551.77698
17031301701,25.66666603089,64,62.61689758,156.1356354,3994,31273.451,12.488075,.025037557,0,97.596397,2.3785679,0,4.6928549,48.147221,18.853279,65.853661,30.731707,46772.863,36.755135,47.446171,6.9740634,7.7552781,30.776794,143827.47,158400,613.16931,779,58.031837,16.640379,85.334,19.794952,.48872182,.086466163,.25187969,.082706764,0,.090225562,0,266,24615.9,21829.1,762.31799
17031301702,17.66666603089,41.3333358765,44.60152817,104.3507614,4476,35024.473,9.7031612,0,0,96.559433,2.613941,.82663095,6.6876063,44.213585,26.105898,50.60606,24.040403,47212.875,22.963295,32.900627,7.4000001,6.2739096,46.940639,146171.2,150900,625.49371,822,51.606804,22.299049,90.451233,5.3586884,.065217391,.014492754,.14492753,.15217391,.021739131,.40579709,.19565217,138,24237.301,17025.5,577.79999
17031301801,19.66666793824,60.6666641236,44.32424545,136.7290192,3840,14317.614,10.598274,.026041668,0,94.479164,5.15625,.33854166,10.469847,44.739582,19.53125,56.501724,17.836594,48989.992,23.619791,47.708332,6.3015313,8.3585968,37.256718,128106.97,135000,667.86786,854,59.909912,25.96463,84.800644,13.263664,.11034483,.13103448,.10344828,.34482759,0,.26206896,.048275862,145,28200.6,14519.3,599.45001
17031301802,48.66666793824,142.666671753,177.22749329,519.5435791,3346,25118.367,12.721047,1.0161387,0,96.951584,1.6736401,.35863718,5.9642773,48.774658,24.043634,55.649719,22.598869,40633.219,33.554016,48.179356,12.929849,7.3906484,35.648148,161281.81,134500,639.61902,771,58.285713,16.332664,90.722275,13.426857,.46623093,.065359481,.19389978,.015250545,0,.20915033,.050108932,459,27459.6,21034.699,827.76801
17031301803,28.33333396912,47,79.87971496999999,132.5063477,5506,40622.148,9.4396038,2.6153288,0,94.733017,2.4518707,.19978206,10.127638,53.142025,28.759537,61.759258,15.833333,44482.504,24.936434,33.073009,6.7132325,4.671392,38.621201,148184.27,156000,661.83575,813,52.233253,19.93421,89.014656,11.25,.022648083,.010452962,.010452962,.013937282,0,.9425087,0,574,25251,19912.301,743.96698
17031310200,11.33333301545,44.3333358765,66.78452301,261.2453613,1465,11839.465,-1.1880064,6.3481226,14.402731,44.300343,33.174061,1.7747439,66.860741,25.051195,24.982935,37.541527,12.956811,64813.363,14.539249,25.460751,3.3003299,50.270271,33.962265,236283.8,251900,1145.0364,1252,47.549019,13.931034,81.017883,12.275864,.079136692,.12589929,.31294963,.24460432,0,.23741007,0,278,17202.1,5973.2402,174.44
17031310300,8.666666030889999,39.3333358765,45.83112717,208.0028381,1696,13803.737,.27598512,1.5919812,10.318397,61.73349,25.648584,.70754719,54.216221,34.316036,22.464622,38.359787,18.518518,63798.391,21.10849,23.172171,16.519175,42.503864,28.80117,436472.09,295800,916.01642,983,43.121147,7.9681277,85.613205,9.1633453,.037202381,.081845239,.70238096,.15178572,.0074404762,.017857144,.0014880953,672,17319.199,5219.6499,152.103
17031310400,7,18.3333339691,65.97549438,172.7929688,1171,24367.756,-.38791659,6.7463703,5.0384288,63.193851,22.032452,2.9888983,54.412754,33.475662,27.796755,58.47953,23.976608,70101.172,17.506405,27.497866,.67796612,49.428207,36.647175,242494.69,268900,851.40186,878,28.057556,16.637478,73.842194,10.157616,.27737227,.01459854,.14598539,.17518248,0,.38686132,0,137,18664,3503.2,98.493599
17031310500,7,22.6666660309,48.81450653,158.0660095,1387,21997.273,4.2275767,0,0,80.89402,19.105984,0,30.911194,36.69791,38.788754,36.419754,19.135803,56938.246,21.124729,28.622927,4.6424088,27.242887,29.083666,237876.72,263800,761.51685,868,39.887642,19.009584,83.994232,19.808304,.01242236,.076604553,.1552795,.22360249,.055900622,.45755693,.018633541,483,19210.5,4497.5698,131.22701
17031310600,36.33333206177,118.666671753,76.01115417,248.2566376,4377,20876.631,7.1906061,6.9453964,.27416039,71.190315,19.853781,1.7363491,44.864376,30.271875,32.248116,26.322418,15.869018,49216.352,41.009823,48.252228,3.3388982,33.617279,25.115326,240559.19,272400,754.21851,771,53.673897,2.7240772,85.126801,14.279434,.077849858,.031510659,.19647822,.39666358,.039851714,.24930491,.0083410563,1079,20662,16843.9,462.78601
17031310700,9,27.6666679383,68.07866669000001,209.2788849,1456,23563.57,6.1221957,1.7857144,3.9148352,74.656593,18.20055,1.4423077,40.74538,46.703297,32.28022,35.779816,6.1162081,48950.297,26.236263,37.087914,9.7813578,20.719845,25.940594,210390.84,223400,742.06128,835,47.262245,6.1328793,80.013733,13.969337,.085000001,.025,.17,.26499999,0,.19,.26499999,200,24129.1,4563.6899,113.136
17031310800,21.99999809266,72.6666641236,51.49812317,170.0998688,4397,34221.105,4.208602,.59131223,1.2963384,87.445984,9.2335682,1.432795,22.638577,48.37389,31.578348,54.196644,12.470024,56710.238,13.804867,26.131453,4.0935674,18.813559,26.81638,260832.77,310000,744.71021,830,45.668549,9.1793318,90.522423,7.9635239,.084269665,.17790262,.43445691,.28089887,0,.02247191,0,534,23608.1,9665.4404,243.492
17031310900,28.66666793824,69.6666641236,57.52893448,139.8086853,5466,29194.865,7.8845463,1.6282473,.53055251,86.18734,10.629345,1.0245152,24.547773,36.663006,28.476034,49.957447,30.212767,51630.449,26.875229,36.205635,10.80782,24.162312,33.026398,186327.14,193300,778.4259,929,57.714287,14.776445,89.602051,11.177757,.0051194541,.022184301,.67320818,.1552901,.041808873,.025597269,.076791808,1172,19665.4,16359.9,453.71201
17031320400,76,838,249.26205444,2748.4421387,3167,5620.9443,-43.881336,8.8727503,17.461319,5.7783389,64.161667,3.7259235,54.523857,22.323965,90.33786,8.5910654,0,269813.03,9.2980852,9.2980852,8.9752645,88.92157,61.969696,796282.38,672400,2370.9092,2291,25.520834,0,45.630146,33.467743,.028879296,.35498443,.16039219,.034501221,.11722384,.09399993,.21001908,29883,13434.9,11146.6,325.44
17031320600,39,172.3333282471,76.56066131999999,338.306488,4672,10445.444,-16.599297,17.1875,18.236301,5.3296232,55.479454,3.7671235,62.51461,24.336473,32.587757,23.034935,9.8253279,124895.33,14.236633,16.74898,5.4023633,80.349792,36.943619,485080.31,424800,1839.0681,1923,33.602985,.95426124,64.226936,11.286606,.021450859,.089898594,.10608424,.0031201248,.0013650546,.35920438,.41887677,5128,13741.9,17184.199,510.328
17031330200,17.66666793824,109,45.25273514,279.2008057,3727,12211.058,-16.246407,29.165548,19.855112,1.287899,45.022808,4.6686344,67.046371,19.318487,12.664341,40.086208,12.823276,135319.53,12.243797,14.644013,1.9436346,64.364258,54.015747,536268.25,459600,855.06915,710,49.010475,8.9933567,82.150597,2.6571274,.022508038,.16720258,.24758843,.13826367,.051446944,.36012861,.012861736,311,15241.4,26488.5,806.49902
17031340300,5.66666650773,23,29.5909481,120.1044388,1792,21718.752,6.5178981,1.171875,70.758926,4.3526788,23.325893,.390625,44.286053,60.435268,15.234375,40.692642,11.471862,54564.855,30.357143,39.118305,12.911392,17.505634,50.075417,357983.44,330600,572.9231,647,68.729645,7.0572572,93.378227,11.717712,0,.1,.1,.075000003,0,.72500002,0,40,16336.3,5914.3198,195.929
17031340400,14,45.3333358765,80,259.0476379,2150,19184.789,4.9011827,1.7209302,83.255814,4.7441859,7.7674417,2.5116279,29.763588,69.255814,24.418606,40.128754,3.6480687,51466.457,30.930233,39.627907,8.0530977,27.71633,41.341652,241084.91,211300,754.15472,872,42.546581,4.3243241,83.013573,13.37838,.16348773,.021798365,.40054497,.11444142,0,.16621253,.13351499,367,15318.6,2635.5901,85.909897
17031340500,21.66666603089,56,141.15092468,364.8208618,1638,9742.6074,6.6932616,2.2588522,38.156288,10.01221,48.9011,.67155069,60.469826,39.438339,21.642246,34.770115,4.0229883,42393.414,34.676434,39.49939,12.121212,25.621702,23.658537,337216.5,328900,560,700,40.707966,8.0536909,82.914879,8.2774048,.03125,0,.42500001,.21875,0,.25624999,.068750001,160,15475.4,4551.2798,155.506
17031340600,25.33333396912,48,244.53025818,463.3204651,995,5455.1997,22.962414,97.386932,0,.20100503,0,2.4120603,5.0992699,1.0050251,22.864323,44.670052,41.624367,20984.746,71.356781,80.904526,44.910179,7.3308272,1.2106538,,,295.7179,284,40.540543,4.318182,79.958466,6.1363602,0,.038585208,.46164447,0,.13229215,.36747819,0,2177,15270.4,1618.99,59.207001
17031350100,6.66666650773,42.6666679383,26.02133751,166.5365601,2239,5336.9302,-.34196815,48.861099,36.534164,4.4216166,5.8954892,4.2876287,62.051567,47.342564,41.625725,22.43346,0,46843.047,30.50469,36.08754,7.9104476,67.438103,.53226882,,,1094.3805,1110,53.035843,1.1309524,61.947296,10.535713,0,.73770493,.13114753,.016393442,0,.1147541,0,61,13354,3588.49,113.499
17031350400,21,53,104.06343079,262.636261,1856,23861.674,24.918831,97.737068,0,.26939654,1.1853448,.80818963,4.4533477,0,28.098061,64.337349,57.108433,17379.305,66.918106,75.754311,41.32653,4.7289505,0,,,339.9696,282,42.810986,.57720059,84.046051,4.4733047,0,0,0,0,0,1,0,48,15257.5,1578.73,51.326599
17031351000,32,152.6666564942,100.09384155,477.5309753,3776,6581.5347,1.0916796,74.894073,16.710804,.47669491,5.1112285,2.8072033,40.773949,26.271187,30.071503,29.643528,20.262665,55223.211,25.503178,27.727755,9.2839298,54.027378,9.250535,,374200,1060.704,1128,39.97839,3.1313541,73.550629,5.0427017,.59326422,.082901552,.090673573,.03626943,0,.19689119,0,386,13131.3,8041.7798,254.58299
17031351100,26.99999809266,71.666671753,116.02921295,307.9788208,2102,15718.849,23.772024,95.908661,0,.80875355,2.1408184,1.1417698,7.9498816,3.7107518,28.472885,65.051903,62.110725,19038.154,73.088097,76.379478,32.300884,16.796116,7.5170841,,212500,429.44162,401,65.006912,1.8008474,80.019302,6.9915237,0,.22499999,.67500001,0,0,0,.1,40,13542.4,4338.0298,140.08099
17031351400,23.33333206177,52.3333358765,131.23358154,294.3382263,1939,15513.819,16.596493,88.189789,2.475503,1.6503353,7.3233628,.36101082,21.599478,3.5585353,19.417225,42.396313,39.400921,36397.387,62.300156,66.116554,40.929203,18.26012,10.718954,,,501.1713,362,55.742725,8.0586081,64.627663,6.5934067,.0099150138,.067988671,.41926345,.018413598,0,.0014164306,.48300284,706,14283,4768.75,158.105
17031351500,6.66666650773,22.6666660309,93.50163268999999,317.9055481,507,7775.5322,11.42125,53.254436,20.315582,5.7199211,20.710058,0,62.896179,28.007889,51.873768,50,44.047619,46564.5,43.984222,56.213017,21.481482,38.46154,14,,250000,938.37207,1000,66.875,8.6757994,61.143986,8.6757965,.19178082,.19178082,0,0,0,.61643833,0,73,15184.8,383.56799,13.5553
17031360200,20.66666603089,35.6666679383,141.94139099,244.9633789,1583,17698.014,18.776981,92.356285,4.1692986,2.7163613,.75805432,0,14.449797,19.646242,25.584333,76.6129,70.161293,29931.223,33.291218,43.082756,23.823977,10.861423,4.9773755,,174300,689.15857,792,53.169014,.79787236,70.025345,11.835106,0,1,0,0,0,0,0,56,13436.9,2690.8601,86.346703
17031380100,21.33333206177,65.666671753,111.51767731,343.2654114,1932,11438.896,13.44843,94.565216,0,.62111801,3.1573501,1.6563147,10.443213,1.9151139,15.45031,52.69923,42.159382,37480.598,39.884697,52.30608,23.297003,28.159645,21.791044,256530.59,260100,627.73535,446,60.840111,14.72,78.217819,19.599998,.074626863,.10447761,.23134328,0,0,.44776121,.14179105,134,13607.8,6241.4399,200.87399
17031380200,10,42,60.90134048,255.7856293,1845,22212.447,9.7511978,93.008133,1.3550135,3.3062332,.86720866,1.4634147,13.338267,3.0352304,17.831978,22.99169,16.620499,33191.793,34.959351,43.306232,6.5599999,29.318333,11.965812,,,596.77106,681,53.25444,7.0498085,83.360435,10.344826,.20253165,.10126583,0,.69620252,0,0,0,79,13643.5,3050.6499,98.387199
17031381200,31.33333396912,61.6666679383,158.24916077,311.4478149,1792,17951.023,2.6555383,88.16964,0,1.6183035,3.4598212,6.7522326,21.659327,3.7946429,18.247768,37.352245,22.695036,64207.551,19.196428,32.03125,4.9625468,37.264835,31.558567,203404.91,149800,633.38049,785,51,9.4560671,79.169037,13.556488,.125,.5,.125,.010416667,0,.23958333,0,96,14036.4,5252.21,167.701
17031381400,43.0000038147,84.666671753,275.81787109,543.0831909,1660,13575.92,8.2023382,100,0,0,0,0,0,.84337348,24.487951,55.240791,29.745043,48393.602,15.783133,30.963856,13.557358,19.427402,26.934525,189974.58,127000,856.21179,1026,66.1157,8.8270855,83.716705,18.742439,.47999999,.31999999,.079999998,.1,0,.02,0,50,14499.7,2256.72,74.346802
17031381500,12,17.6666660309,277.13626099,408.006134,341,8126.7715,11.981112,87.096771,1.4662757,5.5718474,5.8651028,0,23.46557,6.4516129,13.049853,44.285713,44.285713,48931.199,43.40176,46.041058,14.689265,19.545454,15.2,,,834.90564,1047,50,14.772727,45.454544,52.651516,.44444445,0,0,.53968257,0,.015873017,0,63,14528.1,684.33698,23.0061
17031381800,34,50,295.90948486,435.1610107,1034,8385.5029,6.2455292,94.487427,.58027077,.0967118,4.2553191,.58027077,10.533353,3.5783365,22.582205,41.242939,31.638418,52537.988,25.099207,27.876984,7.3504272,27.554981,17.318436,,168800,816.47058,1016,51.020409,4.7482014,76.98259,22.73381,.025806451,.032258064,.81935483,.070967741,0,.051612902,0,155,14497.9,2730.1299,88.555496
17031381900,10.66666698456,34.3333320618,82.05128479,264.1025391,1282,19227.088,3.2372875,90.093605,.3900156,2.3400936,3.6661465,3.5101402,18.517521,2.3400936,19.695787,42.519684,26.377953,59725.832,20.98284,24.25897,11.388455,32.914288,36.900368,240860,190800,701.5528,798,46.62162,19.271624,86.787971,17.754173,.093045115,.51033837,.39661655,0,0,0,0,1064,14096.9,3273.1399,104.289
17031390100,12.33333301545,60.3333320618,77.71476746,380.1722107,1464,4498.9082,-7.3831096,80.25956,7.1721306,3.6202185,3.3469944,5.6010928,34.512829,6.284153,17.759563,54,26,103568.89,9.9726772,15.300547,4.6272492,48.69656,43.811073,348752.03,386500,1089.426,1080,40.893471,21.800947,87.154694,3.0015793,.81675392,.094240837,.015706806,0,0,.073298432,0,191,12639.6,4389.7798,134.548
17031390200,15.33333396912,43,70.53051757999999,197.7920837,1718,14646.78,-7.2990127,75.611176,5.0058208,.34924331,15.541327,3.4924333,40.040401,5.0640278,16.76368,52.505966,28.162291,103116.33,16.239813,20.547148,9.6098957,56.597511,55.029587,288401.5,258100,895.83331,1046,60.62323,14.644809,80.11834,7.6502762,.15483871,.18709677,.56129032,0,.0064516128,0,.090322584,155,13233.6,5466.02,168.366
17031390300,34.33333206177,74.3333358765,114.36819458,247.6127167,2830,22411.543,13.224521,86.925797,.63604242,1.8374559,7.8445234,2.7561839,23.709927,3.0388691,18.5159,65.209122,58.174904,40739.055,41.350845,46.641651,20.710974,33.637341,10.910355,337770.69,266100,641.5459,693,61.835747,4.0515652,68.173531,11.663597,.21487603,.23966943,.34710744,.10743801,0,.090909094,0,121,13343.7,6695.1099,206.295
17031390400,33,122.3333282471,141.99655151,526.3912354,2509,19914.59,5.4099617,84.416107,.83698684,1.5942607,11.279394,1.8732562,27.399454,3.5073736,17.935432,44.600941,29.107981,60383.625,28.856117,39.537663,13.675214,35.038609,23.344948,389397,266000,701.4679,811,57.605495,6.9835682,81.297554,15.786385,.21527778,.34722221,.4236111,.0069444445,0,.0069444445,0,144,13612.8,6049.0698,185.91299
17031390500,11.33333396912,37.6666641236,70.13201904,233.0858002,1462,11596.795,-10.165377,69.015053,6.4295487,4.240766,19.288645,1.0259918,48.044952,12.380301,21.990423,41.077442,5.3872056,102879.75,23.803009,27.49658,7.4821854,66.796494,26.997246,1028367.4,612500,1045.9144,1111,58.909851,13.714286,65.663475,17.028572,0,.3773585,.6226415,0,0,0,0,53,13372.3,6243.5498,190.84801
17031390600,14.33333396912,55.3333320618,83.62505341000001,322.8315735,1829,14592.272,-16.421913,39.529797,3.7178783,2.460361,48.605797,5.6861672,60.226631,13.1766,21.022417,46.52174,20,128659.52,11.645708,13.012575,6.4150944,78.971603,46.467068,636578.88,455200,958.83667,1042,43.276283,17.112299,75.496689,10.69519,.030303031,.17171717,.14141414,0,0,0,.65656567,99,13064.3,6222.7598,188.94299
17031390700,23,125,41.40414047,225.0225067,5377,9736.4375,-5.0810461,54.67733,22.1313,2.5850844,17.128511,3.4777756,62.084316,27.041101,31.262787,24.26989,9.6676741,70344.359,19.416031,23.284359,9.8002958,68.143265,35.777306,186581.72,148100,1317.4785,1341,64.797012,1.0171306,73.183098,12.018204,.020408163,.31746033,.14285715,.0068027209,.0090702949,.26530612,.23809524,441,12503.3,12919.9,390.22699
17031400300,50.33333587647,132.3333282471,395.08111572,1038.7231445,1347,2382.2849,15.71124,89.532295,.66815144,5.5679288,2.6726058,1.55902,19.42947,1.0393467,15.961395,65.306122,54.227406,36493.672,43.132889,47.512993,23.217247,17.091837,17.721519,231163.27,119600,895.16486,1082,73.433586,5.4208274,58.141319,21.112694,.020942409,.057591625,.13612565,.30366492,.26178011,.21989529,0,191,14183.4,12783.9,394.414
17031400400,47.66666793824,85,242.70198059,432.7902222,1886,14940.571,12.345196,96.924713,0,1.4846236,1.007423,.58324498,6.0204134,0,24.73489,56.962025,41.265823,42650.715,36.269711,45.350735,29.418222,21.314386,21.571428,,87800,803.32104,998,64.579254,2.2245762,76.429344,25.847458,.15625,.1875,0,0,0,.65625,0,32,14394.3,3236.9099,99.541199
17031400500,55.33333206177,108.3333282471,262.24328613,513.4281006,1986,15771.112,19.156574,97.683784,0,.60422963,.20140988,1.510574,4.5519018,.90634441,20.39275,61.460957,56.171284,30652.598,43.942505,61.344971,26.774595,15.295257,15.064935,151817.23,118200,731.65137,878,56.190475,4.4507575,66.314201,27.083336,.27777779,.5,0,.055555556,0,.16666667,0,18,15040.2,4199.29,131.17599
17031400800,69,130.6666564942,318.55957031,603.2625121999999,2847,14947.418,18.508831,88.654724,0,1.5454865,.70249385,9.0972948,20.546967,0,21.865122,67.791412,57.055214,29366.15,44.08149,55.672638,13.992172,16.323988,4.1856232,,182000,593.17023,779,54.03397,7.0036101,78.169518,20.649818,.26229507,.32786885,.27868852,.032786883,0,.098360658,0,61,14747.9,5980.2402,179.55499
17031410100,8,77,37.24394608,358.4729919,2025,10818.491,-2.3303397,39.012344,7.5555553,18.814814,30.024693,4.5925927,71.443794,25.530865,31.777777,36.616161,13.383839,58784.992,22.864197,28.098766,9.545804,70.447182,23.777403,211944.69,192700,1114.7982,1053,49.52607,1.0989012,74.500999,13.113556,.12328767,.19178082,.30136988,.02739726,0,.34931508,.006849315,146,12425.8,5036.6201,151.30099
17031410200,5.66666698456,17.3333339691,38.65393448,118.2355652,1562,62134.543,-3.1392851,22.983355,20.038412,12.99616,40.653008,3.3290653,72.375778,33.546734,57.938541,35.984848,10.606061,67197.422,24.600153,34.196495,8.8709679,70.378616,14.719272,479639.19,334400,996.58276,1034,64.661652,6.139154,57.234314,10.095497,0,.22222222,.77777779,0,0,0,0,18,13143.5,1478.3199,44.700802
17031410500,15.33333396912,80.6666641236,56.20723724,295.6989136,2463,24269.822,.49073842,34.429558,13.804303,6.8615513,41.169308,3.7352822,68.681015,15.550142,49.269184,49.61039,28.051949,62141.461,32.566071,38.235294,8.4697514,68.860245,28.122345,302290.03,303100,1153.5461,1280,66.540405,5.9334297,68.844429,14.833572,0,.078947365,.92105263,0,0,0,0,190,13652.7,4381.04,133.967
17031410600,9.33333396912,47.3333358765,37.58893967,190.6296234,2643,27103.811,-3.4982631,27.884977,12.031782,8.967083,44.911087,6.20507,69.417473,19.409761,43.624672,49.846153,0,64489.426,35.52063,35.95285,4.0875912,69.148933,34.415585,374164.69,320500,1077.7292,1066,74.63343,8.593092,69.043083,9.1828156,.0022050717,.0022050717,.61962515,.0033076075,0,.05512679,.31753033,907,13342.8,5756.4102,174.01401
17031410700,18,80.3333358765,80.82622528,360.7244568,2015,20057.793,-5.6191468,21.588091,15.235732,6.7990074,52.952854,3.4243178,64.398697,26.253101,39.627789,28.608923,3.1496062,70245.867,27.493797,31.265509,8.5969181,75.769234,28.42742,290107.81,267300,1211.7391,1159,58.390411,6.5412188,69.061874,11.111115,.38734177,.18734178,.15696202,.010126582,0,.24556962,.012658228,395,13205.6,6627.1299,199.66
17031410800,22.33333396912,96.666671753,76.48402405,331.0502319,2987,30975.33,-1.1836237,33.880146,14.496151,7.9343824,37.763641,5.9256783,71.178368,23.970539,31.670572,47.769516,26.394053,56284.973,22.062269,22.664881,6.2740078,70.200294,28.466707,247384.77,173900,931.66229,972,64.210526,3.8356164,75.573547,10.301369,.27298051,.15738161,.30849582,.01183844,.0013927576,.24094708,.0069637885,1436,12953.5,6254.1699,187.407
17031410900,18.33333396912,82,54.00098419,241.531662,3078,8257.3975,-6.711956,31.124105,8.2521114,9.876543,46.946068,3.8011696,66.472641,18.096167,29.727097,40.447155,7.723577,72783.164,22.03903,24.192463,4.9665179,77.051399,41.464855,301137.03,265100,1005.7518,1010,54.073318,2.353585,72.605423,7.3344269,.0024691359,.46172839,.12592593,0,0,.21728395,.19259259,405,12404.9,7727.6099,230.608
17031411000,19.33333206177,83.6666641236,56.39828491,244.0684509,3128,4270.8486,-15.624166,34.910484,7.1930943,8.4079285,45.204605,4.2838874,65.970161,18.286446,33.152176,14.864865,7.1428571,121109.2,10.559887,17.71793,6.3180828,76.30732,50.775192,392404.25,172400,1272.3285,1207,35.637665,5.3753476,61.892582,16.311401,.29455709,.26147279,.34364995,0,0,.088580579,.011739595,937,12532.4,6375.48,189.38499
17031411100,8.666666984560001,78.6666641236,38.45016479,349.0091553,2239,20493.002,-25.207016,3.7516751,16.435909,5.0915589,71.371147,3.3497095,45.848003,24.832514,37.851719,48.75,9.375,159484.69,10.048361,10.370769,2.2727273,95.248871,52.033493,503907.13,450000,1478.0857,1240,35.433071,7.5025692,70.543335,14.080162,0,.21923077,.15384616,.44999999,.01923077,.10384616,.053846154,260,13006.5,3001.22,89.275703
17031411200,5.33333349228,25,31.7838707,148.9868927,1681,10818.291,-21.247583,13.444379,18.203451,3.3908389,59.4884,5.4729328,59.075626,24.568708,25.877455,48.418491,13.868613,158265.69,24.655069,24.955009,4.7252746,86.597939,50.265957,750211.63,554900,1289.0208,1249,76.205788,13.090909,77.543648,8.8484879,0,.059602648,.21854305,.0066225166,0,.71523178,0,302,13333.1,5997.1401,179.19
17031420100,10,34.6666641236,65.53079987,227.1734161,1331,2498.3677,11.982978,87.227646,0,1.2772352,4.8835464,6.6115699,23.221441,2.4793389,17.017281,37.716263,29.065744,36904.188,35.011269,44.778362,6.1224489,19.936373,5.810811,,246400,650.87207,827,57.703487,1.3681592,82.569496,7.9601974,0,.94444442,.055555556,0,0,0,0,216,12798.7,3206.96,94.852097
17031420200,15.33333396912,45,94.3009491,276.7527771,1688,15715.635,8.3822527,67.180099,3.8507109,2.4881518,23.459717,3.021327,49.06329,4.3246446,34.41943,73.86364,39.772728,46684.441,36.99268,48.170326,12.593703,49.030788,29.821718,157967.39,150700,870.46002,973,62.755104,.65703022,74.2379,18.92247,0,.20353982,.59646016,.0017699115,.007079646,.028318584,.16283186,565,13403.8,4905.5698,145.745
17031420300,9.666666030889999,39.6666641236,36.27266693,148.8430176,2625,27736.354,1.2058084,39.390476,17.257143,6.1333332,35.580952,1.6380953,68.442764,13.790476,81.409531,34.200745,23.048326,63742.129,36.129906,39.445198,15.709459,58.057632,23.688156,,167100,883.82355,914,54.853275,6.041131,64.032074,14.267349,0,.088050313,.11949685,0,0,.79245281,0,159,13460.7,4852.4702,144.214
17031420400,15,58,138.37638855,535.0553589,1180,12467.778,10.124004,58.474575,8.1355934,5.4237289,22.711864,5.2542372,59.416836,7.6271186,28.432203,40.888889,27.111111,32220.059,45.932205,49.830509,14.204545,44.609665,12.645349,,124200,708.49219,828,59.893047,.89285713,67.268044,12.244896,.5390625,.0703125,.328125,0,0,.0625,0,128,13830.4,4340.5098,129.694
17031420500,28.33333396912,74.3333282471,156.62428284,410.9083862,1704,17941.926,9.7974682,87.441315,3.8732395,7.746479,0,.93896717,22.781252,7.9812207,19.835682,47.204967,24.844721,35444.488,27.582159,31.338028,27.6411,19.717064,18.25095,,156300,706.97675,872,43.305786,5.5155873,79.636147,36.930454,.30851063,.42553192,.095744684,.11702128,0,0,.05319149,94,13879.3,4238.54,126.662
17031420600,63,98.6666641236,316.90139771,496.3111877,2017,21444.529,17.092928,90.480911,0,3.5696578,2.974715,2.974715,17.827642,1.7848289,24.343084,50.884956,45.353981,28791.295,51.561726,56.172535,27.272728,18.181818,14.68988,174703.7,172700,626.91809,843,58.615612,2.7118645,70.125946,22.118645,.1,0,.60000002,0,0,.30000001,0,30,14389.4,3721.04,111.673
17031420700,151.66667175293,192.3333282471,618.5427246100001,784.3936768,3269,13015.075,15.818169,93.117157,0,1.009483,3.7626185,2.1107371,13.095631,4.1602936,25.971245,50.934578,32.087227,32959.766,58.379375,60.497238,34.339622,15.765247,17.028381,111866.66,110200,807.88074,1027,73.983734,14.577581,77.1875,33.848701,.28455284,.10569106,.26016259,0,0,.31707317,.032520324,123,14201.6,9085.0303,267.79901
17031420800,50.33333206177,107.666671753,187.7408905,401.5914612,2077,15475.806,11.357056,90.274437,.96292728,4.862783,2.9850745,.91478091,18.16205,5.1035147,23.543571,70.661156,53.305786,46263.441,27.374031,35.416668,12.707182,23.833757,21.105528,263833.34,165200,871.19476,1083,70.961891,6.4253392,77.422531,27.963799,.15517241,.034482758,.35344827,.1637931,0,.29310346,0,116,13856.8,5474.6201,161.83701
17031421200,43.66666793824,57.6666641236,385.4074707,508.9732056,1497,11812.828,12.11177,97.795593,0,1.0688043,0,1.1356045,4.3358989,2.0708082,21.175686,40.284359,32.227489,38743.227,39.459461,40.472973,15.815486,14.453961,32.838589,109327.69,93700,532.47125,561,57.725945,25.703325,87.02446,31.074165,.11016949,.779661,.0084745763,.10169491,0,0,0,118,14180,2265.99,66.441002
17031430101,85.66666412354,154,303.13751221,544.9398193,3431,26968.475,10.846347,96.211014,0,1.0492568,2.3608277,.37889826,7.3662233,1.340717,27.645002,43.413174,35.179642,46689.961,38.006413,40.716991,21.098423,17.015285,13.94052,182488.89,193800,812.74298,902,58.823528,6.0523939,90.702415,27.100273,.057142857,.0057142857,.91428572,0,0,.022857143,0,175,12944.8,5487.6602,163.83
17031430102,34.66666793824,96,95.57945251,264.6815491,2944,7630.5601,9.654932,92.527176,.95108694,3.634511,1.4945652,1.3926631,14.204344,9.171196,20.074728,40.174671,22.270742,34107.359,26.766304,39.470108,10.020175,29.579832,13.893465,176396.44,126000,679.33673,739,60.378731,4.4715447,80.962128,7.4695129,.086956523,.17391305,.2173913,.086956523,.26086956,.17391305,0,23,12543.6,9945.3301,298.34601
17031430200,107,206,204.98085022,394.6360168,4866,18899.295,10.725327,93.629265,1.1508425,0,3.5347309,1.6851623,12.169023,.84258115,22.523634,66.049385,50.088184,52921.777,34.134811,45.232224,16.499283,28.520672,17.099106,311084.56,405200,668.9834,795,67.441856,13.968872,74.373199,8.5214005,.080213904,.43850267,.47058824,.010695187,0,0,0,187,13141.3,10058.5,299.715
17031430300,54.66666793824,110.666671753,230.56376648,466.7510376,2391,15142.071,22.237377,98.996231,.29276454,.33458805,.33458805,.041823506,1.994343,0,22.877457,70.220589,67.463234,26673.482,61.645569,71.603378,26.470589,18.27326,13.483146,144558.33,156500,780.5907,963,84.615387,8.7440386,79.966187,29.252785,.55855858,.10810811,.10810811,.054054055,.081081077,.090090089,0,222,13362.7,5706.9102,169.592
17031430400,58,156,200.4839325,539.232605,2934,13938.786,15.301698,96.387184,0,0,2.1813226,1.4314928,7.0270348,6.7484665,25.22154,56.890461,39.045937,35672.992,51.448517,57.696335,20.142603,19.358742,21.624174,166828.83,72700,815.30121,1033,65.020576,19.61459,73.947281,27.11631,.27651516,.026515152,.37121212,.14015152,0,.18560606,0,264,13472.5,6726.6899,200.08
17031430500,75.33333587647,205.666671753,219.82298279,600.1361694,3543,27202.617,18.04751,94.976006,0,2.3990967,1.9192774,.70561671,9.696207,4.1772509,22.523285,51.162792,48.682171,32791.371,52.356758,58.791985,19.363575,11.527514,12.309645,197963.92,167500,684.80463,791,66.020241,9.0045252,78.198914,28.687782,.037878789,.098484851,.70454544,0,0,.15530303,.0037878789,264,13175,5567.6299,166.42599
17031430600,32.66666412354,95,147.01469421,427.5427551,1732,13662.426,5.5354781,91.166283,.11547344,.98152423,5.3117781,2.4249423,16.536369,1.7321016,22.690533,39.401497,29.925186,57634.77,26.558891,31.466513,14.910026,29.08922,35.632183,239118.95,240500,667.19458,740,76.57431,20.27972,87.336502,18.881119,.50887573,.10059172,.18343195,0,0,.094674557,.11242604,169,12866.1,6693.9199,200.927
17031430700,19.66666603089,54.6666641236,73.21916199,203.5244446,2562,18042.348,15.489965,90.046844,.85870409,1.0928961,5.7377048,2.2638564,18.515884,4.3715849,15.495707,63.474388,59.242764,41643.844,46.913044,52.739132,15.06352,22.675619,12.23193,135214.94,115000,792.85071,896,60.441769,2.1536252,77.371117,9.6195297,.025242718,.025242718,.92815536,.0077669905,0,.009708738,.0038834952,515,12457.3,3433.8301,103.627
17031430800,21.99999809266,57.3333320618,116.52541351,303.6723022,1549,12228.688,2.4690199,93.47966,0,1.0329244,4.2608132,1.2265978,12.408266,2.001291,10.103292,27.380953,13.690476,51053.332,20.89356,23.587385,17.169374,37.956203,40,190705.31,208700,939.47992,1059,55.25,19.755827,88.571426,21.753609,.09259259,.24074075,.4074074,.25925925,0,0,0,54,12783,5194.2202,157.83099
17031430900,28.33333206177,71.3333282471,185.67059326,467.4530029,1356,10436.483,10.631335,98.00885,0,0,1.1061947,.88495576,3.9225905,5.8997049,21.423304,44.680851,31.914894,38163.707,35.324482,40.191742,15.423729,26.200872,36.91589,161202.53,161200,825.18518,864,67.819145,21.428572,78.310501,20.935959,0,.065789476,.67105263,.052631579,0,.21052632,0,76,13182.4,5324.4302,159.57899
17031431200,35.33333587647,129.3333282471,136.47483826,499.5493469,2975,11758.364,.76904118,95.025215,0,1.5126051,1.0756303,2.3865547,9.6106853,2.0840337,19.798321,33.333332,11.265432,63061.453,27.009537,28.235695,14.742785,38.864628,62.272728,188409.2,174900,1067.7108,1205,69.64286,61.380878,83.93277,16.540215,.12025317,.24683544,.44936708,.094936706,0,.069620252,.018987341,158,12783,9281.7695,285.47601
17031431301,103.66666412354,169.3333282471,278.67382813,455.197113,3319,21273.643,13.946793,93.582405,0,.84362757,3.2841218,2.2898464,12.255932,3.7661946,25.986742,43.768116,41.15942,31880.102,39.457649,45.581963,30.883345,22.890972,18.962585,167431.84,151300,744.75983,847,72.108841,8.4736557,64.187744,36.121674,.22352941,.047058824,.52941179,.2,0,0,0,85,12290.2,7461.7002,236.871
17031431302,110.0000076294,189,310.91012573,534.2001342999999,4161,24637.455,15.926538,97.620758,0,1.7784185,.45662099,.14419611,4.6679487,2.6435952,28.082191,61.016949,50.621468,37728.598,43.378994,51.766403,25.750137,15.434084,14.082767,219223.69,250000,677.97968,820,66.127846,5.997448,69.021469,31.135689,.1147541,.049180329,.46448088,.23497267,0,.13661203,0,183,12399.8,8542.71,264.59698
17031431400,92.66666412354,183,131.10733032,258.9134216,6406,7525.0845,13.491057,89.275681,.29659694,1.451764,6.3534184,2.6225414,19.804134,3.1532938,14.783016,39.556591,37.22287,37569.871,40.679974,50.77808,19.268211,21.502483,13.152866,118808.72,82500,814.06366,887,63.949345,6.1587148,70.42009,23.563782,.0092879254,.012383901,.97368419,0,0,.0030959751,.0015479876,646,12108.5,12797.9,398.85901
17031440101,138.66667175293,227,333.81481934,546.4612427,4020,27207.789,20.210243,92.810944,1.7412934,2.8109453,1.5671643,1.0696517,13.715945,1.5671642,18.569653,61.580383,53.950954,29094.184,41.393036,58.582088,23.510115,3.8834951,3.3557048,,,700.34723,783,63.878563,3.8570848,75.139946,27.405602,.36065573,.016393442,.39344263,.016393442,0,.21311475,0,61,14233.5,8110.8301,239.422
17031440102,78.66667175293,261,234.19670105,777.0169678,3431,14161.256,14.901705,89.915482,.58292043,2.7105801,6.5287089,.2623142,18.64827,2.5065579,23.03993,61.688313,57.012985,34149.438,34.887787,40.046635,14.585698,20.415224,15.914787,108183.86,116300,742.12964,842,70.382164,11.850412,76.664703,22.486641,.13178295,.072351418,.51162791,.22997417,0,.054263566,0,387,14393.4,7151.0698,211.76401
17031440201,87,185.3333435059,147.00912476,313.1688843,4805,23413.02,10.422691,93.818939,0,1.9562956,2.3100936,1.9146721,11.851771,1.8938606,23.454735,48.612537,43.473793,48108.375,29.881907,35.027416,20.741646,19.448095,19.140625,256944.44,171500,749.62036,876,72.722343,14.329475,72.708244,21.579308,.051075269,.76612902,.16397849,.002688172,0,.016129032,0,372,14543.8,13441.4,390.048
17031440202,44.66666793824,153.666671753,167.04064941,574.6696777,3507,11619.681,6.2484221,96.692329,.82691759,2.0245223,.4562304,0,6.4560275,1.7964072,20.359282,39.677048,32.06459,48430.625,25.07188,29.930994,12.568606,35.597282,41.687042,152055.72,154800,658.56238,786,53.619911,32.504147,83.443329,9.5632935,.64864862,.096525095,.14478764,.015444015,0,.094594598,0,518,14561.7,8727.9297,254.52299
17031440300,63.33333206177,184.666671753,138.52435303,403.9078674,4775,9572.9492,2.9032493,97.089005,0,0,1.1099477,1.8010471,5.6924944,2.2198954,18.020943,26.468084,19.829786,58037.891,13.172775,22.994764,21.125099,30.360638,62.261307,260531.56,170300,846.44476,1010,59.539474,49.02211,87.168701,15.391159,.075000003,.115625,.36562499,.043749999,0,.37812501,.021875,320,15115.3,13840.4,396.578
17031440600,25.66666793824,81.3333282471,145.91624451,462.3839111,1980,7656.105,-.63071179,99.646469,0,.35353535,0,0,.70456636,2.5757575,20.404041,32.857143,20.238094,73866.109,15.909091,16.717173,15.858586,30.703625,86.726807,157486.33,145600,1035.443,1391,67.088608,77.400467,89.090912,9.1334915,0,.42857143,.071428575,0,0,0,.5,14,15350.2,5764.48,168.42
17031440700,19.66666793824,46.3333358765,141.28353882,332.8544312,1513,11966.771,2.8730621,97.488434,0,0,1.9828155,.52875084,4.9179425,15.26768,17.283543,31.402439,17.987804,52195.977,10.97158,19.365499,26.657061,32.339657,70.433434,145105.5,146200,772.25128,898,58,72.028984,78.585594,6.3768082,.046875,.89453125,.01953125,.00390625,0,.03515625,0,256,14963.5,3916.5,115.905
17031440800,30,53.6666641236,155.68240356,278.4985046,1553,14412.867,14.940194,98.583389,.77269799,0,.643915,0,2.8030386,.77269799,12.749517,34.909092,25.09091,27244.314,44.236961,51.641983,20,13.57466,27.696793,128433.69,96100,736.70331,835,72.335022,16.265751,81.065086,21.420387,.33333334,.095238097,.5714286,0,0,0,0,21,15511.7,3077.9199,92.599403
17031440900,42.66666412354,93,169.98670959,370.5179138,2403,8380.6748,8.7912092,98.709946,0,.041614648,.083229296,1.1652101,2.5498002,1.3316687,16.10487,37.5,28.42742,48442.813,21.606995,43.213989,10.849056,27.622999,46.484783,120525.96,115200,715.84821,922,64.508926,50.972103,85.991379,19.442093,.375,0,.16071428,.035714287,0,.23214285,.19642857,56,15812.6,8303.5996,247.549
17031450300,42.66666793824,115.6666641236,127.93603516,346.8265686,3650,6916.6636,3.8530073,98.136986,0,0,.32876712,1.5342466,3.6667011,2.4657533,15.835616,34.777653,18.928164,59808.156,16.210236,23.540802,17.491369,20.437685,67.964729,162922.81,148100,954.33673,960,67.029976,57.248158,87.825844,16.40049,.027100271,.008130081,.7550813,.17682926,0,.02100271,.011856369,2952,13532.8,11195.6,351.681
17031460100,51.66666793824,105,185.58428955,377.1551819,3133,1479.4795,9.6997538,71.720398,0,22.278967,1.6597512,4.3408875,43.382343,10.24577,22.518353,43.892044,28.40909,48531.223,40.450161,41.76849,29.171974,18.713137,39.728508,90466.969,96200,734.32599,862,71.316612,25.552408,85.40593,37.393768,.093959734,0,.16778524,.087248325,0,.053691275,.59731543,149,11993.8,11841.3,389.26801
17031460200,33.66666412354,48.3333320618,150.16352844,215.5813141,2678,11555.979,13.359776,41.187454,0,48.842422,9.9701271,0,58.186081,17.25168,23.506348,51.197052,33.517494,44901.797,39.750378,51.399395,16.558441,10.400478,38.203594,138683.39,116000,585.89746,709,68.034554,24.525043,72.870903,27.892921,.05785124,0,.23966943,.70247936,0,0,0,121,12037.3,5289.23,178.076
17031460301,39.0000038147,73.666671753,111.87608337,211.3214874,2917,15547.778,12.935852,67.56942,.41138157,30.202263,1.8169353,0,45.18726,16.146727,30.510799,44.100296,37.610619,43387.828,35.326462,42.371136,17.743134,9.0128756,46.484783,686990.5,122000,758.43372,988,71.39875,33.958183,74.738678,31.290558,.57051283,0,.13461539,.18589744,0,.03846154,.070512824,156,12213.6,6304.8799,213.287
17031460302,85.33332824708,141,237.49882507,392.429718,3468,13849.992,14.127853,90.484428,0,7.1222601,1.4129181,.98039222,17.58884,6.3725491,25.99481,47.156727,34.396671,33783.141,37.370243,45.213379,31.480194,12.482066,34.462811,458211.03,112400,677.51941,853,66.849312,37.07317,76.353951,26.219513,.76785713,.071428575,.16071428,0,0,0,0,56,12222.9,9064.5596,293.53101
17031460400,51.33333206177,139.6666564942,147.00267029,399.961792,3458,13725.348,7.7468867,97.513016,0,.46269521,1.7929438,.23134761,4.8772984,1.8218623,20.532101,38.386307,31.051344,48852.594,21.168304,29.005205,13.302448,21.331581,41.981133,142824.91,133600,773.83563,926,57.997219,40.560291,86.546951,22.533493,.15789473,0,.11842106,0,0,.72368419,0,76,12343.4,8738.71,285.26999
17031460500,76,212.3333435059,124.73329926,348.4873657,4816,9766.0264,6.0272684,99.003319,0,.64368773,.35299003,0,1.9780351,1.0797342,27.564369,36.103897,24.848484,49469.035,8.4462986,23.086548,13.364233,21.617689,53.82526,149613.28,129800,695.81097,826,54.672394,57.07317,90.808899,17.110695,.094766617,.0070721358,.85714287,.033946253,0,0,.0070721358,707,12958.3,14051.4,440.93701
17031461000,29.33333396912,86.6666641236,215.52780151,636.7866821,1533,6436.7935,14.601737,63.27462,0,29.549902,6.4579258,.7175473,50.809059,12.850619,16.340509,58.235294,24.117647,25500.85,29.294273,45.272968,17.52809,10.296846,9.3560143,132012.98,110900,434.18231,355,46.018894,4.2211056,69.813828,17.28643,.060919542,.055172414,.41321838,.10057471,0,.37011495,0,1740,12157.6,3861.02,140.097
17031470100,52,86.3333282471,238.53210449,396.0244446,2254,3673.7429,8.4459677,97.471161,0,1.4640639,.44365573,.62111801,4.9664693,5.4126,20.918367,28.008299,19.709543,38338.344,17.568768,24.489796,22.311829,14.063435,46.735752,109054.99,102900,575.65393,748,80.080482,49.505703,90.52726,26.615967,.037656903,.010460251,.076569036,.87531382,0,0,0,2390,31349.301,25086,689.34698
17031480100,19.33333396912,66.666671753,93.66925049,322.9974365,2208,8558.5693,-1.3661318,98.91304,.22644927,0,.63405794,.22644927,2.1570518,1.9927536,18.161232,18.493151,12.5,71394.883,6.4764495,12.817029,9.8632813,28.21088,78.953354,149870.47,145400,924.375,1076,28.125,85.355652,90.715576,8.05439,.053061225,.24081632,.26938775,.26122448,0,.1755102,0,245,13732,5891.1899,190.211
17031480200,15,45.3333358765,161.29032898,487.4552307,1143,10349.95,4.7873111,98.250214,0,0,0,1.7497814,3.4383328,1.399825,14.173229,28.515625,22.65625,48584.691,17.869719,21.390844,15.09804,28.555799,48.062016,159196.38,144600,859.72223,1049,66.666664,22.662441,81.095406,18.225037,.37226278,.047445256,.10583942,0,0,.47445256,0,274,16838.699,3062.4099,91.967102
17031480300,22.66666793824,49,200.05885315,432.4801331,1159,7220.481,3.9951346,94.650558,.43140641,2.6747196,1.1216567,1.1216567,10.314149,1.1216567,18.550474,29.276316,21.381578,61697.031,25.906736,34.887737,22.986248,32.115173,53.061226,143824.13,149000,725.56055,927,75.471703,53.929123,91.458153,16.94915,.17964073,.20958084,.20958084,.0059880242,0,.35928145,.035928145,167,18611.199,4063.3401,122.088
17031480400,48.66666793824,155,91.66823578,291.9570618,5662,8102.3774,-.59668344,95.460968,0,1.3952667,2.6139174,.52984816,8.7814331,1.607206,14.791594,19.753086,10.530138,69452.523,14.517838,17.449665,10.517359,28.239422,86.396393,175122.27,173400,805.96027,866,56.953644,90.063095,90.907478,12.460571,.029249012,.005533597,.95019764,.00079051382,0,.014229249,0,1265,14521.9,15187.6,499.37399
17031480500,33.66666793824,105,115.81240845,361.197113,3016,5763.1592,6.1098924,86.770561,.26525199,11.505305,1.458886,0,23.362995,14.224138,26.061008,33.333332,20.089285,52628.738,21.253315,28.912466,13.087934,19.270073,69.471802,144089.69,147900,653.43286,787,48.0597,76.415092,86.836868,12.185532,.087108016,.2369338,.50522649,.080139376,0,.090592332,0,287,12717.7,11414.1,407.22699
17031490500,28.66666603089,96.666671753,141.56378174,477.366272,2084,3785.2522,.15021676,92.658348,.6238004,1.0556622,2.9750478,2.6871402,13.968555,4.7984643,30.110365,39.921722,24.266146,66271.742,15.121181,17.96628,21.12676,39.493294,67.352539,169069.86,163100,1056.7686,1137,60.824745,65.5914,77.202324,12.903229,.8831169,.025974026,0,.090909094,0,0,0,77,15207.2,9769.5596,309.927
17031490600,34,76,229.41970825,512.8204956,1558,5942.3281,5.4434566,97.881905,.6418485,0,1.4762516,0,4.165421,6.4826703,16.688061,31.701031,21.391752,49831.09,16.944801,18.677792,26.517572,17.543859,77.272728,143630.59,120000,940.35089,1587,100,92.659058,85.04493,10.277321,0,0,.18421052,0,0,0,.81578946,76,15720.6,6849.0898,209.674
17031490700,50.0000038147,97,179.53323364,348.2944336,2834,11464.837,7.714438,99.082573,0,.45871559,0,.45871559,1.8222324,1.905434,25.123501,35.111877,21.686747,53916.191,28.652082,34.685955,31.190475,13.097156,70.467506,104155.66,93800,909.96014,1273,69.361702,87.557182,76.252647,19.762123,.41176471,0,0,0,0,.58823532,0,17,15235.2,7414.4399,237.722
17031490800,68.66667175293,115.666671753,173.97180176,293.0495911,4110,9863.1689,6.7063966,97.785889,0,.38929439,.4622871,1.3625305,4.3569794,.85158151,24.270073,39.336018,28.571428,56672.645,29.486553,31.271393,24.348698,19.715376,68.248428,124028.02,123900,746.30072,916,85.441528,83.498146,89.065948,11.433868,.23651452,.15767635,.28215769,0,0,.2033195,.12033195,241,14923.6,10540.6,350.405
17031490901,54.66666793824,115.666671753,186.70309448,395.036438,3768,11543.177,4.819993,97.50531,0,2.0435243,.13269639,.31847134,4.8842006,1.8046709,21.523355,40.300232,19.168591,57047.324,16.480892,20.700638,26.144135,13.394566,35.915493,122578.23,129900,715.10712,829,51.590912,36.815067,72.451424,18.949768,.056603774,0,.81132078,0,0,.13207547,0,53,14564.9,9579.9004,359.47
17031490902,63.0000038147,164,138.00657654,359.255188,4999,10824.926,5.2893066,98.139626,.48009604,.50010002,.46009204,.42008403,3.6774511,4.4408884,19.543909,36.082474,23.71134,52120.266,16.663332,21.644329,17.792015,21.2833,59.722935,146451.8,154300,848.67377,933,57.643757,67.537643,88.277657,13.684677,.20973782,0,.38576779,.1835206,.037453182,.1835206,0,267,14714.5,14091.1,503.77802
17031491000,114.66667175293,193,321.91653442,541.8304443,4584,9296.6719,15.129788,97.534904,.26178011,0,1.0907505,1.1125655,4.8444586,1.2652705,26.843369,38.303032,32.848484,38317.422,44.714912,56.074562,39.224571,9.8263617,52.177628,246927.98,86300,860.11133,1086,71.757324,55.198162,81.16423,32.739807,.27848101,0,.24050634,.34177214,0,.11392405,.025316456,79,14728.5,15866.4,553.12903
17031491100,48,131,114.97006226,313.7724609,4488,8786.9043,.50920981,93.048126,0,3.3645277,2.6069517,.98039222,13.22969,.53475934,16.165329,32.903866,15.163528,73775.555,19.527187,23.498817,16.389038,25.095505,73.611115,130918.49,118000,899.42365,1233,40.057636,88.061539,87.471886,11.384613,.020291694,.029803425,.93278378,.017121116,0,0,0,1577,14790.1,13301.5,439.87601
17031491200,30.66666603089,75,156.30308533,382.2630005,2097,8362.2012,5.9488873,92.41774,1.6213639,1.096805,.5245589,4.3395324,14.360227,4.8640914,17.453505,35.477581,24.561403,59610.664,27.434053,33.621101,23.041475,20.923723,66.570602,165654.55,119400,834.25928,1181,71.296295,79.1716,84.874756,17.86982,.011627907,.12209302,.22674419,.023255814,0,.61627907,0,172,14354.1,6736.1299,237.86099
17031491300,53.33333206177,78,218.93814087,320.197052,2465,9882.3955,14.128049,96.105476,0,1.5010142,1.2981745,1.0953348,7.5859976,.48681542,29.168358,35.378323,27.811861,41323.66,51.805275,58.255577,33.726646,11.740332,47.634068,82321.195,81100,873.12927,1110,82.068962,55.825733,75.465454,35.764946,.0029850747,0,.98358208,.0044776117,0,.0089552235,0,670,14430,7648.6602,293.504
17031491400,77.33332824708,175,223.83018494,506.5122986,3221,10052.513,11.793883,94.318535,0,2.3595157,2.7941632,.52778643,10.903611,1.6454517,25.19404,41.509434,32.418526,36700.707,36.044708,37.379696,30.413794,16.213215,24.336283,139204.36,120000,754.401,929,79.385406,12.284069,70.767746,27.703133,.18711656,.018404908,.2760736,.20858896,0,.30981594,0,326,14405.9,6883.4399,284.85999
17031500100,26.99999809266,108,82.26690674,329.067627,3083,3009.7302,5.5773387,97.988968,0,.77846253,1.2325656,0,3.9603672,1.0055141,15.536816,28.287842,25.930521,45451.535,14.466429,17.612715,10,25.042017,46.547314,149691.89,131600,747.48804,929,42.138363,56.202045,94.006516,0,.059293043,.021664767,.0068415049,.39224631,.0011402508,.0045610033,.51425314,877,15831,11618.3,381.09399
17031500200,27.66666603089,187.666671753,129.28349304,876.9470825,2113,2677.3115,11.206572,96.355888,0,.61523902,1.4197823,1.6090866,7.1055875,.23663038,26.33696,52.795033,48.033127,45989.492,32.427185,38.058254,29.181818,23.643724,30.632912,125566.12,126200,652.52338,900,55.122952,11.647429,84.107231,17.103882,.19179052,.016985139,.02406228,.76574665,0,.0014154281,0,1413,14503.2,7250.0898,286.24301
17031500300,12,51,70.21649933,298.4201355,1417,5175.0884,3.9088092,30.910374,.70571631,19.05434,43.189838,6.1397319,67.779243,14.820043,19.513056,40.189873,27.215189,56794.512,20.677488,33.098095,16.19632,42.35294,54.320988,134922.98,122400,743.42505,842,54.205608,6.4382138,84.992783,24.299065,.13546798,.049261082,.096059114,.36699507,.14039409,.21182266,0,406,14327.4,4525.9702,189.604
17031510100,15.66666698456,44,43.55481339,122.3241577,3027,3303.6978,8.0934143,11.364387,0,78.691772,9.9438381,0,35.795753,25.074331,24.083252,48.153618,21.565731,50064.328,17.64123,27.1556,18.918919,6.3654032,62.32465,144711.09,118500,613.44537,763,63.305321,53.501629,89.216988,18.729645,.025056947,.11845102,.28018224,.49658313,0,.036446471,.043280181,439,13314.6,7669.5498,304.48199
17031510200,18,63,48.5306015,169.8571014,2801,5667.834,5.1604018,68.868263,.035701536,25.812208,3.6772583,1.6065691,45.747879,12.245626,23.634417,31.746031,14.574314,49583.043,25.671322,26.709631,19.345455,23.153198,76.782272,103168.13,106400,1077.6316,1112,78.947365,67.155174,94.528435,10.517242,.021390375,0,.037433155,.78609627,0,.15508021,0,187,13550.1,9370.9697,361.983
17031510300,84,235,174.81790161,489.0738831,5260,4607.1323,10.247369,99.239548,0,.32319391,.32319391,.11406843,1.5129057,1.3498099,20.370722,29.769737,20.970394,42576.441,23.155266,41.641045,25.40633,15.281651,59.82906,83114.914,84800,780.54419,1060,68.635727,43.968693,81.411125,13.812157,.45594406,.10349651,.10629371,.18741259,0,.14685315,0,715,14412.5,15430.4,552.98401
17031520100,11,32,49.57188034,144.2091064,2019,1686.9214,7.6027012,3.2689447,0,87.32045,8.2218924,1.1887072,22.954399,43.189697,19.51461,42.718445,11.165049,47843.527,19.068846,31.996038,11.161218,9.2622948,60.037525,119809.38,130700,597.18311,696,50.234741,49.483013,81.662468,21.270309,.031620555,.0079051387,.063241109,.31225297,.15019763,.28458497,.15019763,253,12490.4,9961.4697,384.591
17031520200,23.33333396912,54,76.77964783,177.690033,3572,7643.604,10.049319,7.1668534,.25195968,82.334831,10.246361,0,30.645609,29.25532,29.185331,58.703938,24.396442,43612.211,23.964167,29.675251,23.062954,4.8460374,39.85873,102931.65,89300,616.61072,770,58.221478,19.598766,75.171036,23.533951,0,.092485547,.03468208,.84393066,0,0,.028901733,173,13027,9959.21,391.298
17031520300,25,55.6666679383,45.22431183,100.6994705,6058,16399.631,8.4080439,2.888742,.54473424,85.770882,10.795643,0,25.181684,29.910862,28.516012,59.017651,26.09363,54767.41,30.445585,35.92844,24.191792,11.960844,70.170288,146387.36,123000,695.19037,824,61.923847,62.163563,84.832214,11.853004,.17359413,.09535452,.57457215,.14914425,0,.0073349634,0,409,14649.3,16604.1,670.72803
17031520400,17.33333396912,54.3333320618,40.51737595,127.0063858,4186,15060.636,3.1630762,2.8428094,0,84.424271,12.732919,0,27.02334,29.813665,27.795031,39.724575,9.8516951,60109.879,15.671286,22.551361,16.543438,16.129032,66.533867,155908.86,131100,691.11108,927,56.049385,61.169102,92.458702,12.665276,.38196287,.095490716,.20424403,.010610079,0,.30769232,0,377,14341.1,9940.8398,390.745
17031520500,9,28.6666660309,17.28110504,55.0435219,5112,12604.983,.93960053,1.5453835,0,68.388107,29.675276,.39123631,44.39904,21.498436,20.940924,39.542225,17.679558,75838.203,15.003912,21.459311,12.95613,18.978563,75.57692,146797.2,131200,827.62762,1005,53.560371,88.161995,85.090691,2.8037415,0,.048780486,.024390243,.71341461,0,0,.21341464,164,16179.3,11651.5,454.07999
17031520600,7.33333301545,22,26.89157677,80.674736,2824,6704.0913,5.6868215,0,.81444752,77.443344,21.74221,0,35.291416,35.446175,20.042492,40.522877,9.1503267,51210.738,16.749292,25.637394,15.725456,10.794845,81.772781,144642.59,120900,731.91492,976,60.992908,77.931038,91.974205,7.9310379,0,.014851485,.35643566,.5792079,0,0,.049504951,202,16364.6,10194.1,438.91
17031530100,40.33333206177,63,193.0748291,301.5797119,2252,8974.1885,10.114738,32.371227,0,66.474243,.84369451,.31083483,45.324699,32.282417,26.531971,36.381325,17.315176,39098.289,28.272484,31.255566,19.072165,5.6087551,43.947369,107085.33,83800,541.16223,657,57.506359,31.041666,86.675636,20.833336,.42857143,0,.36090225,.19548872,.015037594,0,0,133,14716.2,6472.9399,311.375
17031530200,82.33333587647,140,196.734375,334.5280762,4296,8576.4258,13.147015,99.813782,0,0,0,.18621974,.3717401,.6517691,20.018621,44.924152,33.022171,44531.344,40.35006,52.765461,30.120481,13.669065,49.235474,94517.391,88600,840.625,1048,77.876099,59.459461,74.263641,32.016632,.40449437,.089887641,.37078652,.011235955,0,.12359551,0,89,14412.3,12842.6,521.979
17031530300,53.66666793824,152.3333435059,141.45141602,401.5112,4607,9121.0225,6.226819,97.894508,0,.75971347,.065118298,1.2806599,4.1444387,.39070979,18.710657,35.498222,22.330961,56221.254,25.692308,28.615385,26.260942,15.379644,75.997383,108503.96,112400,751.14008,945,52.107281,86.707695,87.916664,5.907692,.10034602,.020761246,.15224913,.68512112,0,.041522492,0,289,14168.3,9015.4004,299.20901
17031530400,28.33333396912,65.6666641236,130.328125,302.0545654,1973,3894.6719,2.3387785,94.830208,.70957935,1.6725799,1.7739482,1.0136847,9.9975595,5.4232135,19.26001,33.465347,21.188118,64080.859,15.509377,22.149012,20.260782,27.207466,83.633842,157954.89,117800,880.20831,989,87.5,81.569115,84.70948,10.211708,.67625898,.035971224,.017985612,.26978418,0,0,0,278,14287.7,9608.6104,338.71399
17031530501,75,154.3333435059,147.84150696,304.2250061,4704,9397.1318,7.4084768,95.748299,0,1.1267006,1.5943878,1.5306122,8.2610884,1.5943878,24.224066,39.329269,26.626017,55295.031,26.805882,35.542297,16.827438,19.146791,56.942677,106828.19,100200,746.63538,830,63.344593,61.900192,82.041954,24.664108,.20289855,.28985506,.47826087,.014492754,0,.014492754,0,69,14612,13365.3,592.76801
17031530502,17.66666793824,42.6666641236,109.79905701,265.1750488,1419,4548.7041,7.8360481,96.828751,0,1.9027485,.42283297,.84566593,6.1967826,.422833,22.727272,19.344263,17.377048,48820.98,21.916843,33.89711,23.567709,13.953488,81.960785,119893.06,109900,1085.5072,1471,69.565216,93.559319,84.809212,13.559319,.090909094,0,.090909094,.81818181,0,0,0,44,17288.6,5633.98,329.578
17031530503,66.66666412354,138.3333435059,128.40266418,266.4355469,5846,9243.749,7.8651505,98.015739,.87239134,.51317143,.17105713,.42764282,3.9167864,2.6000683,25.564487,34.24765,25.70533,51455.141,29.621382,35.583347,31.770046,19.76082,71.508377,112033.98,112100,963.33331,1165,76,86.603584,86.550415,10.856575,.089430891,0,.17073171,.73983741,0,0,0,123,15178.6,12642.2,586.59302
17031530600,44.66666412354,87,188.62611389,367.3986511,2636,6601.4463,12.978517,99.355087,0,.26555386,.37936267,0,1.283529,0,19.366465,42.711864,33.220341,41997.25,33.877087,43.968132,24.980902,8.3532219,42.116402,111577.89,114800,684.20074,1057,65.873016,62.765957,82.852806,22.667755,.14285715,.071428575,0,.78571427,0,0,0,28,17570.699,8783.9697,538.59802
17031540101,88,140.6666564942,208.58023071,333.412323,3881,2599.8569,23.386147,92.9142,.5926308,5.0502448,.87606281,.56686419,13.400064,4.1484156,30.791033,67.294899,59.977825,24453.287,62.123165,71.991753,38.217823,5.841527,6.7292643,67441.859,49600,443.12082,379,45.794392,14.308768,82.644196,31.253365,.021857923,0,.30601093,.33333334,.076502733,.26229507,0,183,19893.5,14583,1194.42
17031540102,54.66666793824,104,171.10067749,325.508606,3513,1717.8484,23.801935,93.253632,0,3.1312268,3.3304865,.284657,12.827826,.91090238,30.358667,65.571777,63.625305,29761.652,63.804222,74.941383,32.355339,2.3809524,13.304348,57496.73,58100,454.8718,445,49.939392,17.99308,76.889664,20.415222,.017334778,.094257854,.071505956,.81690139,0,0,0,923,17044.4,13287.1,1071.9
17031550100,31.00000190735,122.3333282471,47.08384323,185.8039551,6523,2029.6608,2.1756432,4.8443971,0,56.216465,38.663189,.27594665,53.213223,20.266748,20.895294,26.880394,7.1516647,67262.516,20.250813,23.951077,8.1578951,13.768719,65.169456,128011.28,126000,684.36755,826,39.260143,61.767838,82.559227,13.063545,.12441214,.051303975,.059427105,.6981616,.013253527,.045746047,.0076955962,2339,17772.199,23013.199,914.43799
17031550200,7.00000047684,52.3333320618,27.01659775,201.9812164,2861,1371.8453,-.52114373,.8738203,0,59.874172,39.25201,0,48.735996,9.4023066,15.27438,42.813919,2.8744326,71593.523,5.9769311,20.272633,8.7903223,21.207178,89.428574,139341.42,137300,803,1052,66,94.493782,89.456757,6.7495575,.041522492,.0034602077,.36678201,.45328718,.024221454,.11072665,0,289,15912.8,11321.3,532.31897
17031560100,6.33333349228,28.3333320618,48.19888687,215.6265717,1605,5642.3599,2.0547523,10.529594,7.8504672,70.031151,10.093458,1.4953271,48.190212,39.875389,20.436136,34.71698,9.4339619,63664.352,8.3769636,16.679132,8.2251081,13.089937,72.507553,147873.75,156300,706.17285,896,44.444443,69.467789,82.118378,7.2829132,.12659381,.097449906,.22222222,.52914387,0,.024590164,0,1098,30879.9,4844.3501,172.744
17031560200,14.33333301545,44,91.88034058,282.0512695,1724,6674.3696,4.3406463,61.368912,.40603247,30.568445,6.9605565,.69605571,52.503281,15.661253,20.040604,25.840336,7.352941,52592.832,20.359629,24.535963,29.832403,16.666666,82.666664,143909.47,149000,792.30768,990,80.769226,93.09816,89.427055,7.9754639,0,.059701491,.044776119,.029850746,0,.86567163,0,67,27715.301,7945.9902,391.85101
17031560300,9.33333301545,59,30.08811378,190.1998749,3283,12902.692,2.6782248,2.5890954,2.1017361,65.976242,27.41395,1.9189765,48.808075,37.282974,21.809322,49.306431,15.762925,67328.359,8.5951939,23.321011,10.863698,16.790352,88.321167,166091.5,172900,1002.985,1355,86.567162,98.590134,90.303772,3.4239655,.27242523,0,.089700997,.18936877,.0033222591,.3654485,.079734221,301,25660.9,16164.9,688.28802
17031560400,8.33333396912,51.3333358765,50.81301117,313.0081482,1727,13369.486,4.6717958,1.3896931,4.9218297,71.800812,21.887667,0,43.39418,47.075855,19.687319,40.201004,12.311558,59024.781,17.718588,26.577881,12.307693,12.554112,91.008774,163206.03,167200,951.21948,1225,12.195122,89.692986,94.862816,0,.050000001,.12857144,.028571429,.40000001,0,.12857144,.26428571,280,25799.6,7612.2402,275.802
17031560700,10.66666698456,66.6666641236,29.17578506,182.3486481,3726,14594.148,3.3624892,.96618354,.18786903,59.017712,39.828236,0,49.296524,33.682232,22.128288,64.226517,19.61326,67354.031,11.688662,21.761379,12.466559,13.078292,57.675629,196839.25,199400,845.73804,903,33.26403,55.249043,80.831284,11.647507,.21818182,.06787879,.12969697,.27757576,0,.28363636,.023030303,825,25210.5,11710.4,418.94
17031560800,9.33333301545,88.3333358765,15.89193439,150.4058228,6219,12191.754,-1.4032266,2.3958836,0,52.452164,45.151955,0,52.043312,21.659431,17.438496,44.376152,19.852489,81569.25,5.4349575,10.467921,11.096732,19.253153,77.149536,199640.22,194900,973.84259,1024,69.444443,74.205109,85.20739,4.1648026,.39107883,.18775934,.16286308,.057053942,.012448133,.073651455,.11514523,964,25704.5,26433.5,835.00702
17031560900,4.33333349228,49,8.17764378,92.4702759,5263,10332.429,-7.8929782,.30400911,.55101651,33.250996,64.373932,1.5200455,47.47662,13.471404,18.041042,37.519142,3.8284838,102504.63,3.8001139,5.8711762,3.5443909,23.24505,87.381706,227140.67,230400,930,1167,51.5,91.050003,93.854752,4.9000015,.26395175,.096530922,.18552037,.14328809,0,.21116139,.099547513,663,27799.9,31603.199,920.74799
17031561000,4,41.3333320618,6.66777802,68.9003677,5541,10804.453,-8.4055796,.92041147,0,32.430969,64.049812,2.598809,48.38253,11.514167,19.310593,37.646294,6.6319895,98575.734,1.7866811,3.7899296,6.1053987,32.493137,84.074944,240040,237600,817.80823,927,35.273972,91.290169,91.17807,.55892181,.029096479,.18070444,.23583461,.25267994,0,.30015314,.0015313936,653,28769.1,30735.4,919.89801
17031561100,5,35.6666679383,8.796622279999999,62.7492409,5531,10836.093,-4.2012839,.25311878,0,47.640572,52.106308,0,50.152447,22.401012,21.713976,42.304832,11.672862,87995.523,3.7967818,10.124751,7.363668,25.078207,92.754395,204180.23,204600,917.64703,917,44.85294,89.460663,86.209396,7.1251831,.029999999,.14,.075000003,.745,0,.0099999998,0,200,26564.6,29012.699,876.414
17031570100,7.33333301545,79.3333282471,56.02240753,606.0605469,1294,2199.4807,3.1497908,0,10.046368,71.483772,17.310663,1.1591963,44.881378,41.885628,27.202473,47.272728,13.454545,65509.871,20.358814,21.138845,7.1526823,10.864198,61.298702,166991.53,169800,736.49634,877,47.863251,43.301434,89.679436,7.8947372,.13282281,.057301294,.028782677,.7663058,.0036968577,.011090573,0,3787,26278.1,15382.6,491.271
17031570200,11.66666698456,71.3333282471,51.80580521,316.7554626,1978,2905.7703,2.75611,0,8.9989882,71.638016,19.362993,0,44.120872,44.843277,24.87361,38.983051,7.2033896,68374.961,17.239635,27.148636,12.696851,11.495845,74.280876,189371.3,186300,644.79999,694,48,71.428574,92.691711,5.1364365,.054947849,.025184432,.3772577,.51284659,0,.029763419,0,3931,27721.301,18361.6,609.27802
17031570300,22,82,37.99654388,141.6234894,5773,15254.434,5.9643912,1.6802356,2.2172182,80.512733,15.399273,.19054219,32.727867,40.672092,22.241468,55.10836,21.362228,57403.477,19.788048,26.841557,10.235378,12.993855,54.496403,198642.47,172600,773.65588,924,45.2957,38.490364,83.086418,10.706635,.063010499,.055425905,.30805135,.51050174,0,.031505249,.031505249,1714,27898.199,34077.602,1157.17
17031570400,4.33333349228,39.6666641236,25.71711349,235.4104767,1732,9680.5088,4.8230114,.057736721,1.3279445,83.140877,14.26097,1.2124711,28.80982,36.200924,25,35.119049,20.833334,54771.047,15.588915,17.436489,11.620469,14.075437,38.857143,176911.77,178700,746.41742,901,52.647972,35.402683,90.099007,11.91275,.009162304,.2434555,.18586387,.46858639,0,.040575918,.05235602,764,28282.9,12730.8,406.496
17031570500,10,44.3333358765,40.04805756,177.546402,2392,14625.194,5.6734681,.71070236,5.1839461,74.038467,19.857861,.20903009,40.965492,39.757526,26.149666,58.052433,15.917603,52545.145,18.39465,21.446487,2.5711663,10.464311,44.322845,182516.97,191100,797.64398,915,45.675674,35.623409,85.295364,6.9974518,.02247191,.018726591,.60674155,.29962546,0,.052434456,0,267,28587.1,17146.1,605.89301
17031580100,14.66666603089,49.6666679383,55.07572556,186.5064545,2885,9786.1055,8.5369787,2.3916812,25.857887,64.090118,4.8873482,2.7729635,51.865303,46.724438,22.149048,58.017494,23.61516,49101.027,23.812824,34.419411,11.933861,14.325221,56.799999,227383.3,220700,822.31885,942,70.72464,41.821945,87.552597,9.4202881,.0782241,.0782241,.042283297,.53488374,.0042283298,.24312897,.019027485,473,21958.801,14667,468.50601
17031580200,19.33333396912,39,57.2500267,115.4871216,3534,12541.444,8.1461544,.33955857,11.290322,81.126198,5.7724957,1.4714205,32.554661,47.934353,25.820599,66.846359,23.989218,49925.227,23.061686,26.655348,9.1607943,7.7444339,53.603603,178006.3,162700,712.04187,853,46.556473,44.834309,88.981827,13.450294,.24317913,0,.020166073,.73665482,0,0,0,843,22970.801,18637.6,587.50299
17031580300,8.666666984560001,16,34.33703232,63.3914413,2502,13757.68,6.6838675,1.2789768,13.589128,80.375702,4.7561951,0,33.30825,52.677856,27.63789,46.542057,17.75701,51701.457,12.430056,21.183054,10.302092,4.9970608,53.275108,188666.39,170100,620.56964,784,26.013514,40.927696,92.193161,6.2755814,.026954178,.008086253,.03773585,.92722374,0,0,0,742,23998.699,5059.6802,160.159
17031580400,25.33333206177,74,53.45712662,156.1510925,4551,8955.8994,7.4802427,1.8677214,11.843551,76.664474,9.624258,0,38.861744,43.221272,20.742695,58.417664,21.067158,51534.992,20.563442,31.588287,2.7777777,13.903154,54.306866,191622.06,203000,671.64178,812,53.253426,35.732166,92.36203,7.0087585,.22882883,.16396396,.38198197,.10630631,0,.11891892,0,555,25338.699,32875.398,1047.37
17031580501,32,53,69.86899567,115.7205276,4881,25688.41,9.8738165,.38926449,4.9375129,86.252815,8.256505,.16390084,24.677246,45.748821,21.972956,56.347656,22.851563,50464.32,27.672697,40.789474,10.58201,8.7066479,42.422047,183862.05,149000,658.40936,839,45.762714,13.156269,83.482796,14.823967,.08252427,.36407766,.2038835,.067961164,0,.26213592,.019417476,206,23746.6,25752.199,833.48602
17031580502,24.66666793824,45,48.70985031,88.8625565,5264,27575.23,2.8328469,.43693009,7.1998477,83.092705,8.4156532,.85486323,29.720192,49.563068,22.368921,46.384041,3.5743973,67860.352,23.024317,30.376141,9.754281,11.992562,49.451355,170563.91,146900,710.39368,809,66.771652,21.277956,87.044144,12.651756,.093548387,.051612902,.74623656,.023655914,0,.04623656,.038709678,930,24566,31163.4,1029.95
17031580600,22.66666793824,72,48.3194809,153.4853973,5297,27839.984,4.2726412,1.3781385,5.0783463,81.668869,11.855767,.018878611,31.619469,44.798943,27.128563,52.892563,15.977962,62936.656,17.104261,25.989346,13.86889,13.244593,50.676155,180539.61,174400,670.74237,792,41.630276,18.534222,94.333847,14.900063,.539823,.013274336,.17699115,.088495575,0,.14159292,.039823011,226,23325.301,31215.5,1078.21
17031580700,24.66666603089,50,41.33154678,83.780159,6356,29952.156,8.1086836,.64505976,4.6570172,86.847076,7.1113906,.73945874,23.843634,42.621147,28.185966,48.575401,17.72064,53071.078,23.269352,37.083073,14.901008,10.276788,50.884686,153017.5,156900,664.15094,830,47.44318,23.101952,87.38839,11.117134,.10144927,0,.28985506,.42028984,.057971016,.13043478,0,69,22883.301,22554.6,854.18903
17031580800,11,49,49.86400604,222.1214905,2123,30001.633,8.0823965,0,.61234099,94.677338,4.1921811,.51813471,10.179833,48.092323,28.52096,44.772728,15.454545,45525.09,21.808762,26.519077,14.607755,6.0902257,38,155990.44,154200,626.74774,848,45.569618,14.529915,86.37458,5.9829025,.41052631,.22105263,.10526316,.24210526,0,.021052632,0,95,23886.6,7428.21,382.61899
17031590500,12.33333396912,66.3333358765,66.27261353,356.439209,1791,7778.0347,2.2903359,2.2333891,34.896706,43.830265,19.039642,0,64.936317,42.825237,24.06477,47.570332,8.695652,64139.223,26.521496,30.82077,13.983904,26.19627,54.041916,404959.28,253800,858.52844,925,34.812286,17.342657,81.407036,6.5734253,.55220419,.11600928,.10440835,.097447798,0,.12993039,0,431,21007.1,7657.9302,252.867
17031590600,10.66666603089,36,30.04694748,101.4084473,3415,25405.506,7.0741234,.29282576,6.7349925,70.688141,20.204977,2.0790629,45.451775,25.68082,26.295753,51.145039,20.992367,52851.141,20.907761,30.688141,15.266337,14.279176,55.350876,190339.63,171300,682.51471,858,64.476387,33.903576,86.506523,11.353035,.088888891,.33333334,.26666668,.24444444,0,.06666667,0,45,19963.9,10771.1,369.82901
17031590700,5.66666698456,58.3333358765,18.49434471,190.3829498,3379,10062.749,7.4122987,1.3613495,10.506066,77.03463,9.7366085,1.3613495,38.567806,39.360756,23.794022,66.47966,23.422159,55990.07,33.511269,39.027283,6.6790352,19.326426,39.713409,216449.75,214900,761.29034,905,56.347824,16.635513,82.659477,8.6915894,.065335751,.027223231,.13793103,.62794918,0,.030852994,.1107078,551,19083.801,11462.1,390.97699
17031600400,11.33333396912,34.6666641236,30.33547592,92.7908554,4602,36424.875,5.6024008,1.3255106,66.731857,16.4711,15.297696,.17383745,50.397552,54.758801,25.923512,43.974239,15.455381,55861.863,28.096479,35.680138,12.558502,22.645601,39.813663,570824.5,301700,760.53766,894,62.950451,20.21726,80.801598,2.8364487,.21218488,.12815127,.11344538,.39705881,.0042016809,.073529415,.071428575,476,16874.699,7601.9702,255.536
17031600600,11,30.6666660309,36.69112778,102.2904129,2992,19661.438,7.522387,1.2032086,39.405079,39.137699,19.986631,.26737967,65.144951,47.393047,25.317513,44.700462,11.367127,46151.805,26.403744,34.692513,6.2987013,15.361596,44.789577,264551.47,231500,702.09521,848,46.456692,30.082043,87.030136,9.0246124,.070247933,.26033059,.09504132,.45041323,0,0,.12396694,242,17992.801,7101.98,238.226
17031600700,12.66666603089,38,45.46541977,136.3962708,2576,14341.5,5.4941511,4.4642859,26.397514,26.630434,41.537266,.97049689,68.477753,28.726707,22.612577,33.394497,16.697248,54641.188,16.110249,31.01708,18.344828,20.843092,38.033394,301636.59,290700,932.85712,1022,57.660625,34.470692,83.14431,5.6867905,.084507041,.014084507,.16901408,.084507041,0,.63380283,.014084507,71,18411.199,10091,330.29401
17031600900,15,53.3333358765,42.90617752,152.5553131,3605,24364.398,-.74650222,8.4049931,32.094315,16.976421,41.692093,.83217752,68.721893,31.678225,23.619972,33.421051,3.9473684,60701.594,8.5933065,14.350539,7.7549067,31.257345,40.014473,229956.06,228800,779.77386,885,41.708542,20.12158,84.020325,15.987839,.0063091484,.069400631,.12618296,.11041009,0,.21135646,.47634068,317,17869.1,11210.1,379.30399
17031610300,55.66666793824,132.666671753,95.92739868,228.6173859,5875,6383.7275,10.935135,3.0978723,6.3319149,85.923401,4.6468086,0,25.458858,40.017021,28.459576,59.042114,21.139555,42497.578,27.213896,41.212536,15.210728,9.6551723,35.436584,154264.39,142200,582.62585,713,51.72414,13.214671,78.618423,15.372169,.23827095,.029520296,.12967844,.49710068,.014233,.086979441,.0042171851,1897,21134.5,43510.301,2128.3501
17031610400,18.66666793824,62.6666641236,103.01692963,345.8425293,2135,33886.395,16.551094,1.5456674,0,97.798599,.6557377,0,4.3261518,43.793911,21.522247,78.651688,35.730335,31402.754,50.163933,54.192036,19.772257,8.0882349,18.416523,120514.02,133100,556.5401,744,59.227467,8.6230879,78.501167,19.193321,.55223882,.0074626864,.39552239,0,0,.044776119,0,134,19563.199,5750.5,237.041
17031610800,5,20.3333320618,32.61578751,132.6375275,1595,12444.253,1.3117034,1.2539184,2.8840125,22.884012,67.962387,5.0156736,48.223896,3.8871474,26.45768,61.479591,16.581633,73133.945,15.172414,18.808777,13.13253,15.53398,51.376148,170381.78,172000,745.73993,921,51.121078,43.225807,86.953766,12.096771,.2857143,.023809524,0,.61904764,0,.071428575,0,42,15765.7,3626.8,165.63901
17031611200,35.66666793824,43,158.65956116,191.2811432,2545,20155.107,17.075586,18.978388,.31434184,72.023575,8.4872293,.19646366,43.802547,37.917484,28.290766,60.671936,35.770752,31176.695,42.19561,55.369263,15.441959,5.6590753,24.011299,73888.234,64500,557.67792,724,55.094341,18.289785,79.01786,15.91449,.095022626,.44343892,.31674209,.027149322,0,.11764706,0,221,18627.1,9583.7598,357.87601
17031611300,54,78.3333282471,190.67796326,276.6007385,2481,19648.803,13.111928,5.1592102,0,87.303505,7.5372829,0,22.946695,46.271664,22.934299,57.692307,28.461538,34973.664,28.900566,36.782539,17.700579,3.867748,32.64563,102524.16,95600,612.79279,714,59.099434,18.72146,89.313286,24.748856,.36641222,.13740458,.16030534,.26463103,0,.040712468,.030534351,393,19199.4,11437.2,426.55301
17031611400,25,40,85.1498642,136.2397766,3298,26177.842,14.699315,2.3650696,0,93.268646,3.0927835,1.273499,12.841792,43.026077,27.78957,65.568863,22.60479,36690.367,42.700062,55.131336,12.013652,4.9840932,32.142857,133545.45,125700,647.0199,720,34.437084,16.32653,83.714546,24.571426,.17021276,.063829787,.56382978,.010638298,0,.031914894,.15957446,94,20238.6,14634.4,541.13599
17031611500,22.33333396912,48.3333358765,71.95017242,155.7130737,3197,16963.391,12.404495,8.9771662,.34407255,85.705345,4.7544575,.21895526,25.512329,46.512356,26.603065,61.634102,22.380106,41173.383,37.596249,43.254101,15.521235,3.3199196,25.538794,103232.07,104700,595.33527,747,53.41246,15.738285,82.643311,17.948715,.0066666668,0,.65333331,.34,0,0,0,300,21706.4,15328,630.82599
17031611600,15.33333396912,45.3333320618,99.89142609,295.3311462,1509,12401.933,10.589491,40.424122,.8614977,55.069584,2.3856859,1.259112,53.252121,29.357191,28.164347,57.910446,25.97015,39026.238,15.506958,24.121935,22.252375,1.6008538,49.173553,91991.594,85800,561.20691,697,45.192307,50.515465,85.155731,16.838486,.3888889,.33333334,.16666667,.055555556,0,.055555556,0,18,20218,8056.25,263.92001
17031611700,32,54.6666641236,163.01579285,278.4852905,1490,11754.309,13.932116,38.322147,0,60.805367,0,.87248319,48.333588,28.523489,21.476509,53.125,29.0625,35159.48,38.456375,43.288589,22.85276,5.2106428,38.922157,198379.48,87800,675.16339,810,71.241829,27.653631,90.603569,30.027931,.043988269,0,.058651026,.02052786,0,.13782991,.73900294,341,19991.5,8958.5898,296.90701
17031611800,33.33333206177,56.3333320618,148.34593201,250.7046356,2316,18298.645,14.592328,52.288429,0,47.495682,0,.21588947,50.100338,30.008636,22.970638,54.506439,33.261803,40386.473,40.587219,48.100174,27.015438,2.575423,31.239935,123334.54,113000,759.00476,897,58.05687,22.043629,86.720146,28.702644,.34090909,.090909094,.56818181,0,0,0,0,44,18914.1,8040.3501,272.155
17031611900,46.33333206177,73.666671753,299.89212036,476.8069458,1798,7125.4287,15.099687,72.525032,0,20.41157,5.7285872,1.3348165,42.888893,9.5105677,22.914351,57.284767,42.384106,39382.863,39.519283,44.270542,17.84108,3.7336025,38.983051,146172.95,155800,640.70514,775,55.7047,21.161291,81.25,31.483871,.039999999,0,.25999999,0,0,.69999999,0,50,18182.9,12524.8,425.21701
17031612000,21.33333396912,39,179.27171326,327.7310791,1355,10767.668,13.29551,95.276756,0,1.5498155,3.1734319,0,9.0986738,.73800737,24.206642,60.317459,43.650795,40826.621,23.851852,35.407406,35.22562,6.9686413,42.824074,127356.76,120900,660.98657,877,63.849766,33.026115,92.51297,33.640556,0,0,.875,.125,0,0,0,16,17407.199,3841,128.229
17031612100,31,31,310.31030273,310.3103027,1013,8039.5122,12.868518,93.287262,3.0602171,1.7769003,1.875617,0,12.814459,4.2448173,31.539982,42.105263,37.426899,35981.332,28.840437,35.67889,37.378639,11.290322,42.400002,155528.3,111700,698.61108,874,63.054188,30.782312,85.385384,36.224491,.083333336,.75,0,0,0,.16666667,0,12,16584.301,3047.3201,100.479
17031620100,20.66666603089,144.666671753,45.60164642,319.2115479,4782,14787.029,3.3490307,0,5.0188208,86.36554,8.6156416,0,24.415758,44.667503,27.917191,58.453609,16.28866,67255.398,16.372795,22.858942,13.810316,11.572283,74.916946,181970.06,170300,823.36768,793,39.175259,87.256493,93.405426,2.272728,.16526139,.075885326,.060708262,.21753794,0,.48060709,0,593,30756.199,26936.9,822.91498
17031620200,14.66666603089,46,73.99932097999999,232.0888062,2286,10260.23,.83565658,.48118985,5.4243217,72.440948,21.653543,0,42.537785,36.264217,28.171478,42.003231,7.9159937,67514.758,5.5555553,13.035871,11.111111,12.101535,65.300545,162409.63,163100,833.87097,960,56.95652,63.989635,91.236656,5.1813507,.29814816,.10185185,.24259259,.2574074,0,.1,0,540,31425.301,22962,720.966
17031620300,19.00000190735,94.3333282471,25.94919586,128.8354645,7706,20115.699,3.3402467,2.7770567,0,78.120949,18.920322,.18167661,35.313942,34.414742,27.017908,63.254238,19.322035,68296.992,9.8841,20.562572,14.185734,10.391743,67.636726,165545.55,169600,964.32159,1133,48.073704,70.223915,81.296272,5.0500259,.33603239,.18623482,.20850202,.044534411,0,.18016194,.044534411,494,34621,51623.898,1560.58
17031620400,18.33333396912,52,39.11528397,110.9451675,4436,17506.459,2.7722404,.92425609,.31559962,90.486923,8.0477905,.22542831,17.463446,43.575294,29.474751,58.610271,14.400805,66013.906,9.5797558,16.74198,5.6065731,8.9758339,77.64901,184564.28,162400,831.48151,1008,75.313812,72.720589,90.944344,11.176468,.036036037,.12612613,.3963964,.41441441,0,.027027028,0,111,36749.199,42427.898,1274.4301
17031630300,38,150,73.38740540000001,289.6871338,5614,14754.291,4.6019068,0,.69469184,94.923409,4.3819027,0,9.6986313,44.727467,30.049875,65.896484,18.57671,57076.113,9.4570303,16.127293,13.75,9.2822962,54.898785,151486.72,141500,745.74072,890,45.370369,50.761772,92.098633,14.473686,.19990659,.010275573,.71041572,.021952359,.014479215,.042970575,0,2141,29440.699,44158.801,1339.96
17031630400,21.66666793824,71.6666641236,36.91713715,122.1105194,7317,28789.961,9.1999025,.35533687,0,93.754272,5.8903923,0,11.753132,43.925106,28.098949,57.328522,17.039711,47340.926,23.705042,36.092209,13.748881,7.3997412,52.432743,143310.7,138200,667.36194,829,55.454548,47.340427,85.177979,7.0744705,.4481132,.014150944,.30660376,.12264151,0,.10849056,0,212,28285.801,46443.199,1413.0601
17031630500,40.33333587647,81,68.60577393,137.7785339,6464,25453.246,8.5481863,1.5625,.046410892,95.745674,2.2122524,.43316832,8.2524128,43.425125,31.350557,64.677025,34.341782,58885.848,20.194876,26.889832,8.3073082,2.5908196,55.282391,283569.13,124800,711.1441,847,48.291233,32.288586,84.415382,10.999405,.16346154,.27884614,.49038461,.028846154,0,.03846154,0,208,25268.801,29165.6,895.35602
17031630800,32,83.6666641236,50.77753067,132.762085,7616,30077.719,9.8410301,4.7137609,.17069328,93.119743,1.9957983,0,13.024809,36.554623,24.008667,59.307957,31.418686,51334.398,19.466311,32.194798,13.340653,5.6985292,58.528236,127733.92,118800,714.9931,785,59.697388,54.491661,87.612854,5.7019882,.064935066,.077922076,.18181819,.13419913,.034632035,.50649351,0,231,29810.801,45705.699,1364.3101
17031630900,27,61,61.3496933,138.6048584,5123,20111.178,6.6485004,1.3273473,1.0931095,93.304703,4.2748389,0,12.730009,41.694321,26.08823,62.764885,19.27346,53195.043,10.063518,19.233824,13.012048,2.4691358,55.564583,157967.69,162400,731.67938,806,49.806198,61.839249,77.950058,10.861694,.40926641,.0077220076,.27027026,.057915058,0,.096525095,.15830116,259,33772,47746.199,1427.73
17031640100,6.66666698456,57,44.38526535,379.4940186,1600,12714.631,.12582532,3.8125,.6875,62.875004,31.25,1.375,50.53273,23.375,25.90625,48.797253,20.9622,77321.336,10.0625,10.625,4.9122806,13.957597,44.827587,202350.97,182900,905.02283,1104,58.447491,26.4,76.683937,7.1999969,.044943821,.011235955,.044943821,.41573033,0,.48314607,0,89,30817.1,8734.7803,249.03799
17031640300,9.666666984560001,59.3333320618,14.70215511,90.2408066,6954,13596.625,-1.8989903,.81967211,.37388551,51.639343,45.614033,1.553063,52.495144,11.906816,23.109001,44.489559,9.3967514,76700.68,3.7133362,10.749891,10.937927,20.338257,68.941978,194537.56,207800,937.22528,989,32.678822,68.3871,82.838425,5.4838715,.071811363,.49624866,.17792068,.187567,0,.020364417,.046087887,933,27582.199,37717,1092.09
17031640400,6.66666698456,42.6666641236,19.8353672,126.9463348,3874,7516.1211,-3.3902125,2.2199278,.98089826,40.320084,50.361382,6.1177077,57.947052,17.449665,18.688694,45.289078,11.563169,92299.422,7.2276716,14.894166,6.3818564,18.52137,81.161827,237557.16,193700,789.42731,884,48.598129,73.58934,73.260361,5.5642624,.0064935065,.023476524,.042457543,.91708291,0,.01048951,0,2002,29331.199,25370.9,822.41199
17031640500,4,22.6666679382,10.35196686,58.6611481,3779,14786.737,-4.9288335,.44985446,1.6671076,48.795979,48.451973,.63508868,52.679741,18.761578,18.80127,40.88398,6.2983427,86398.188,2.6797559,4.828867,6.4922481,21.921366,77.894005,175182.36,184700,854.25867,943,26.813881,52.542374,87.134033,6.5189056,0,.077777781,.23333333,.30000001,0,.033333335,.35555556,90,29640.5,12162.4,392.909
17031640600,11.66666698456,45.6666641236,28.29654884,110.7607651,4246,16668.445,6.679389,1.1775789,.80075365,49.576073,47.503532,.94206315,52.827122,20.913801,20.289684,43.909626,23.67387,52240.07,20.920897,24.817001,14.045193,13.843537,49.672035,186848.98,190600,824.58032,905,56.834534,34.615383,85.0215,5.1470566,.2243346,.13307984,.20152092,.35741445,0,.083650187,0,263,28847.9,12661.6,357.56299
17031640700,4.33333349228,42,13.23155308,128.244278,3644,14361.844,4.3584261,2.3326015,.19209659,61.553238,35.922062,0,49.153263,28.759605,15.14819,48.651684,12.134831,58121.91,18.057079,26.481888,11.519302,15.910073,76.272728,155994.39,166700,894.25287,1206,61.302681,58.015942,88.091263,2.5686417,.11076923,.22461538,.07692308,.052307691,0,.52615386,.0092307692,325,29127,8626.6602,237.84
17031640800,6.33333301545,26,37.65358353,154.5778809,1794,14222.144,3.1374083,2.45262,.27870679,75.083611,22.073578,.11148272,38.691025,26.644371,25.278708,47.263683,23.880596,64173.32,10.835215,16.139956,14.744233,16.360455,70.708954,187805.81,194100,891.08282,882,28.476822,76.216217,80.843788,3.4234238,.11678832,.77737224,.018248174,.056569342,0,.025547445,.0054744524,548,35071.199,11546.1,320.996
17031650100,17.33333396912,55.6666641236,39.61904907,127.2380905,4278,16449.104,8.6058836,1.6596541,.4675082,83.707336,14.00187,.16362786,27.940292,42.286114,25.689573,46.900826,20.764463,50929.852,25.970079,31.813932,12.984587,5.8527131,54.726368,157860,152900,758.84546,876,49.16201,60.165043,83.716026,9.5273819,.066037737,.061320756,.3490566,.1273585,0,.24056605,.15566038,212,45652.801,57134.801,1697.78
17031650200,23.66666603089,96.6666641236,32.46456146,132.6017303,7558,19754.828,3.8758078,.93940198,0,79.55809,19.502514,0,32.892803,34.731411,23.246891,53.836235,16.63443,63624.988,19.700979,21.169622,13.180363,10.521663,61.54594,183847.23,167300,830.46777,897,41.567062,54.111404,86.534843,9.0627747,.1875,.088235296,.51102942,.10661764,.0036764706,.10294118,0,272,40446.699,61394,1794.6801
17031650301,22.33333206177,100.3333282471,49.33362579,221.6331482,5568,14632.45,1.6294335,.59267241,1.4727011,76.813934,20.851294,.26939654,36.622501,30.441811,22.943607,59.653091,21.342382,75349.25,11.494253,18.714081,12.463343,14.359598,78.687462,178782,185700,958.51392,1139,76.780182,78.931389,84.132706,6.5573807,.1274298,.22030237,.32397407,.051835854,.0043196543,.18574513,.086393088,463,55187.5,79098.703,2289.8999
17031650302,12.66666603089,56,26.57714272,117.4989471,4216,16498.43,1.0028028,3.6527514,0,84.796021,11.195446,.35578749,26.708282,35.602467,27.727703,50.674156,19.550562,78512.398,12.737191,19.283682,10.549645,14.208285,79.063362,169400.34,156700,826.26263,985,54.857143,88.819878,92.477242,3.3717804,.26510066,.26510066,.295302,.016778523,0,.15771812,0,298,60371.301,64226.398,1892.23
17031650400,21.33333206177,79.666671753,32.04646683,119.6735306,6979,16452.789,5.7651925,8.1816883,1.0746526,82.633614,8.1100445,0,30.37818,40.55022,32.146439,63.702625,19.387754,57420.242,13.851012,23.496483,16.850153,8.9118662,75.824173,154253.39,159500,868.42108,1062,54.066986,76.339287,81.326607,3.515625,.26056337,.077464789,.11971831,.077464789,0,.33450705,.13028169,284,74031.5,113065,3284.8201
17031650500,22.33333206177,273.3333129883,49.11663055,601.1289063,4509,3602.4622,1.8616699,5.5888224,.17742294,76.58017,16.877356,.77622533,38.18763,32.778885,23.164782,59.453552,9.3989067,62652.996,14.114247,14.247611,11.195024,13.090654,77.923973,166852.25,165700,1114.5391,983,67.730499,58.626976,86.848526,16.889427,.23410885,.079975076,.042791858,.42085585,.0027004571,.070835061,.14873286,4814,89988.398,96453.102,2767.25
17031660301,26.66666603089,49,168.24394226,309.1482544,1537,24305.604,16.172405,36.694862,0,61.027973,1.5614834,.71567988,49.26123,32.140533,29.765778,57.297298,30.81081,28585.289,37.024902,48.2962,32.04353,3.5005834,29.772329,151835.3,159200,658.60352,778,77.237854,26.046511,72.37458,11.47287,.40186915,0,.26168224,.018691588,0,.31775701,0,107,31165.5,11571.4,338.52499
17031660302,43,104.666671753,94.50549316,230.0366364,5250,27646.131,9.9148626,20.228571,.85714281,74.971428,2.8761904,1.0666666,39.599445,48.171429,23.152382,55.674103,17.555771,41642.473,24.4,34.419048,17.806648,7.7265973,35.945019,138596.17,127200,784.87122,874,61.757992,34.515934,79.585968,12.507515,.39428571,.068571426,.25714287,.13142857,0,.14857143,0,175,31167,35634.602,1045.34
17031660400,21,82.3333358765,39.84819794,156.2302399,6319,25348.408,4.6559582,1.7407818,0,91.644249,6.6149702,0,15.545442,41.509731,25.94556,59.435627,20.194004,62721.285,12.987638,21.865467,12.083196,9.5894432,61.921215,143222.55,134500,666.7323,780,55.626328,56.411877,91.649338,8.5912857,.23741007,.17266187,.46762589,.12230216,0,0,0,139,37997.199,53312.301,1574.25
17031660500,29.99999809266,121.3333282471,66.94934082,270.7728882,5075,19934.846,9.8107586,7.211823,.31527096,85.871925,6.6009851,0,25.303301,40.80788,30.768475,60.731022,18.369259,46491.449,32.475246,38.079208,13.910134,7.1942444,44.809162,150338.16,152200,652.73267,780,59.133129,44.195518,81.932022,11.065849,.40959409,.2693727,.092250921,.16605166,0,.062730625,0,271,42355.398,43776.602,1275.54
17031660600,108,191.6666564942,200.85549927,356.4564819,5883,23134.955,12.738579,51.555328,0,42.444332,4.7594762,1.2408634,55.163345,20.975693,27.392487,42.25576,22.954725,39627.707,35.237125,44.637089,26.613705,4.8109965,32.025818,119725.43,114700,704.61536,826,72.308891,31.068766,80.722473,16.570007,.3442623,.11202186,.39344263,.016393442,0,.057377048,.076502733,366,30925.5,38088.398,1102.14
17031660700,42.66666412354,94.3333282471,279.78140259,618.5792236,2041,10997.216,12.23814,87.996078,2.6947575,5.7814794,1.7638413,1.7638413,22.097809,2.9887309,27.804996,41.369862,30.136986,37452.59,32.288094,38.167564,29.98008,10.603829,50.647247,102859.74,93400,665.9649,882,53.333336,67.361115,87.604118,14.166664,.55869567,0,.26521739,.019565217,0,.15652174,0,460,25432,13957.7,405.23801
17031660800,67,177.6666564942,121.75177002,322.854187,5109,20189.939,10.060386,51.908398,.72421217,42.630653,2.7794089,1.9573303,54.760651,21.745939,25.288706,49.956711,27.965368,42232.949,23.29735,28.773308,16.24305,8.7309313,37.393421,125273.62,130500,707.7821,866,59.233097,27.181818,83.053528,25.36364,.079999998,.090000004,.80000001,.0099999998,0,.02,0,100,31020.301,36501.898,1055.46
17031660900,94.33333587647,190.3333435059,193.18725586,389.7877197,4647,6100.2129,14.417287,83.6884,.53798151,7.8545294,1.8076178,6.1114697,28.936508,6.2190661,22.810415,52.532391,42.049469,41971.121,37.215847,46.806667,33.179512,8.3363152,29.098967,142033,120200,814.97327,961,74.136009,14.574236,81.010986,26.091705,.24623115,.060301509,.38190955,.10552764,.030150754,.14572865,.030150754,199,37969.602,43623.898,1256.99
17031661000,68.66666412354,198.6666564942,120.637146,349.0278625,5114,11840.395,9.7485485,86.898712,.91904581,8.7602663,.72350407,2.6984746,23.632223,5.2991786,28.138443,37.709496,22.905027,41676.859,24.755573,38.423935,34.686775,18.408409,52.188183,131720.13,114600,804.86285,901,89.89637,54.389225,87.115463,15.095215,.41959065,.058479533,.13450292,.27192983,.0058479533,.10818713,.0014619883,684,27284.301,30582.9,865.15198
17031661100,27.66666793824,113.3333282471,40.20733643,164.7047424,6544,13040.125,7.8105092,40.953545,0,52.536671,4.1717606,2.3380196,55.398354,24.098412,27.070599,45.168068,20.798319,54151.672,20.891838,29.856504,15.893847,5.6937675,67.126923,130913.45,134700,900.99011,1064,56.930695,74.790329,82.755417,7.1040955,.32653061,.20408164,.3877551,.081632651,0,0,0,49,40274.301,60048.398,1705.86
17031670100,37.33333206177,62.6666641236,381.7314148,640.7634277,1069,8469.6924,8.1897364,88.868103,0,7.9513564,3.1805425,0,20.29121,6.3610849,25.631432,14.644351,14.644351,46319.109,23.760525,32.086063,27.964602,9.8798399,43.193718,197481.22,129900,699.07837,778,36.021503,39.633026,89.335831,29.908257,.088888891,.06666667,.84444445,0,0,0,0,45,17880.801,4329.3301,135.78799
17031670200,36.33333587647,46,374.57046509,474.2268066,953,7558.7651,12.547053,91.080795,0,5.036726,3.1479537,.73452258,16.684708,2.2035677,19.359917,43.661972,34.272301,51033.234,46.914894,48.829788,22.606382,6.5546217,52.478134,114333.89,113600,648.64862,929,83.720932,34.082397,85.9375,35.767792,.18518518,0,0,.81481481,0,0,0,27,19241.5,5461.0601,172.661
17031670300,41.33333587647,57.6666679383,341.88037109,476.978241,1034,8206.5586,15.776243,79.303673,.3868472,15.860735,1.9342359,2.5145066,34.491505,8.9941969,23.887814,49.704144,36.094673,31628.643,38.678329,49.659863,23.279352,8.993289,44.197533,102141.34,74700,613.74408,850,59.803921,29.402262,80.15564,34.571892,.072886296,.005830904,.87463558,0,0,.026239067,.020408163,343,19376.4,5374.1499,169.435
17031670400,30.33333396912,60,179.16912842,354.4004822,1680,13329.989,9.9625263,83.333328,0,16.369047,0,.29761904,27.875216,7.4404764,26.517857,48.118279,21.505377,50151.262,36.607143,40.714287,28.954802,7.1164508,48.932037,120027.78,128600,639.04382,857,57.085018,31.287426,89.93409,22.90419,.26086956,0,.086956523,.65217394,0,0,0,23,20889.6,5458.5098,169.23199
17031670500,35.33333587647,57.6666679383,374.29382324,610.8757323999999,1143,4755.6455,14.296481,77.777779,0,20.734907,.52493441,.96237969,35.19479,11.636045,20.691162,37.614677,26.605505,34213.406,36.944939,45.115452,31.390135,3.4620507,48.324024,94549.133,77300,688.88892,885,79.012344,62.634991,94.713654,22.678185,.18421052,0,.13157895,.57894737,0,.10526316,0,38,21855.5,8620.3398,263.64301
17031670600,20.33333396912,50,209.19067383,514.4033203,1068,8458.1709,14.016487,97.284645,0,1.9662923,.46816477,.28089887,5.3153348,0,26.498127,30.932203,18.220339,32243.969,46.529079,50.281425,49.135803,6.573957,58.981232,88568.18,81400,493.46405,728,53.383457,55.513309,89.13858,29.087456,0,0,1,0,0,0,0,2,21883.5,4433.6899,133.254
17031670700,50,97.3333358765,442.47787476,861.3569336,1140,9036.8271,11.445952,95.701752,0,3.5087719,.087719299,.70175439,8.2836266,2.4561403,15.789474,36.39576,24.734982,40804.664,16.403509,35,28.169014,3.9580908,51.03627,97500,93800,736.612,865,63.529411,55.268391,77.192986,23.260437,.15458937,.033816423,.77294683,.038647342,0,0,0,207,20387.1,5750.3799,172.677
17031670800,50.33333206177,70.666671753,497.3649292,698.2872925,1333,10580.635,14.394499,98.574646,0,1.4253563,0,0,2.8100786,1.4253564,13.578394,39.0625,39.0625,35502.895,38.93536,41.520912,24.285715,8.13449,34.362934,164960.67,110200,564.7619,779,67.676773,33.283131,65.519875,21.987953,.072916664,.19791667,.6875,0,0,.041666668,0,96,19815.801,5471.0498,164.354
17031670900,35,54,261.78009033,403.8893127,1717,13629.054,11.622794,93.942924,0,2.7373326,1.2230635,2.0966802,11.613424,.34944671,25.771694,36.994221,30.057804,42335.641,39.201878,46.478874,44.315247,18.567389,52.545826,86974.422,77000,781.41595,950,67.59259,42.745708,86.288414,23.400932,.94444442,0,.055555556,0,0,0,0,18,18411.1,4931.6802,147.776
17031671100,32,48.6666641236,529.80133057,805.739502,1088,11472.617,14.67515,97.610298,0,.27573529,.45955884,1.6544118,4.6920605,0,14.522058,53.04348,31.73913,34025.785,49.43074,50.853889,23.214285,11.956522,33.018867,73632.383,63300,750,915,51.785713,45.73991,78.166351,28.699554,.12,0,.22,0,0,0,.66000003,100,20078.4,4429.3599,129.259
17031671200,55.33333587647,67,536.69580078,649.8544922,988,10447.924,15.261977,97.570847,0,0,1.417004,1.0121458,4.7689719,0,31.022268,43.888889,43.888889,48235.715,51.113361,54.554657,47.002399,4.1528239,29.220779,115944.45,115200,750,1039,65.402847,34.888439,86.680328,37.525356,.056338027,.028169014,.54929578,.02112676,0,.34507042,0,142,21134,4702.4302,137.489
17031671300,53.33333206177,79.666671753,305.63513184,456.5425415,2078,11104.677,11.273154,95.187683,0,4.1385946,.048123196,.62560153,9.2178354,2.4061599,18.671801,45.563549,31.894484,39736.797,24.40678,30.702179,34.627491,8.2211199,42.904289,96601.922,84500,642.99365,834,57.91246,54.161491,85.776909,24.720497,.05882353,0,.7647059,.11764706,0,.05882353,0,17,22357.301,9584.1104,277.64401
17031671400,35.0000038147,57.3333320618,297.36621094,487.1141357,1390,7263.7236,13.475836,97.410072,0,2.5899279,0,0,5.0457034,.86330932,27.266186,37.82991,32.844574,40448.91,35.971222,40.431656,40,2.0639834,56.9869,80119.922,82800,751.38123,1007,59.116024,77.170418,92.002884,26.366562,.28070176,0,0,0,0,0,.71929824,57,23803.301,10690.1,309.905
17031671500,87.66666412354,176,371.46890259,745.7626953,2700,9435.1113,14.503724,80.296295,0,14.444445,1.4814814,3.7777777,33.273964,5.8888888,19.648148,36.585365,21.777004,35573.316,33.740742,54,29.732313,5.9188275,47.795822,75032.766,76300,755.66748,973,78.961037,55.140186,78.841789,26.762955,.7527675,.11439114,.036900368,.022140222,0,.073800735,0,271,22254.301,14778.3,420.95599
17031671600,76,117.6666641236,448.90725708,695.0186768,1917,12191.519,14.407711,93.375061,0,2.1387584,2.3474178,2.1387584,12.664387,1.304121,19.040167,28.272251,25.916231,31874.131,25.404278,43.97496,36.139168,3.6908078,30.041725,100900,106300,646.15387,740,65.789474,29.588766,86.332809,27.883652,.36956522,0,.26086956,0,0,.36956522,0,46,19986,7696.9199,218.37601
17031671800,28.33333396912,47.3333320618,229.41970825,383.2658386,1292,10320.445,9.7095108,90.866875,0,5.2631578,0,3.8699691,17.005335,3.4055727,29.218266,39.711193,28.880867,66404.414,43.808048,55.03096,23.747276,11.125485,50.882355,93329.477,93400,956.75677,1273,49.324326,59.645233,84.155212,24.611977,.35714287,0,.14285715,.5,0,0,0,14,19480,5257.46,146.056
17031671900,23.66666603089,42,208.33332825,369.7183228,1241,9980.0088,6.5058718,89.363411,0,9.1055603,1.5310234,0,19.289249,4.3513298,20.507654,33.840305,21.673004,51561.891,18.936342,21.998388,21.797323,11.041406,70.426826,164871.86,89000,769.89246,1052,10.11236,71.298409,69.782433,25.284737,.31428573,.21428572,.085714288,.38571429,0,0,0,70,19646.1,5096.6401,141.56799
17031672000,64.66666412354,164,180.43153381,457.5892944,4239,11033.831,8.8543997,92.639771,0,5.614532,.70771408,1.0379806,13.847711,.80207598,20.464733,33.416149,28.571428,50413.148,20.402718,30.591946,29.266895,10.215054,59.117897,371543.47,116300,806.2356,1145,71.638138,82.468552,86.60672,7.3113174,.18181819,.0075757578,.21212122,.56818181,0,.030303031,0,132,22399.1,15343.1,429.60001
17031680500,36.33333206177,57.3333320618,346.03173828,546.0317383,1375,10895.306,19.685709,96.290909,0,3.7090909,0,0,7.1430326,3.2727273,27.854546,64.552238,57.089554,36992.891,50.658859,63.469986,41.282566,6.2005277,39.215687,254681.25,107400,784.0517,922,71.493217,24.14307,80.872726,39.195232,0,0,.66666669,0,0,.33333334,0,3,17803.199,4227.6802,132.929
17031680600,39.66666793824,56.3333358765,316.32110596,449.2291565,1594,12645.902,18.97397,94.981178,0,0,.94102883,4.0777917,9.6106119,3.1994982,26.913425,48.101265,42.721519,30684.832,58.56031,64.137482,36.151077,7.7565632,24.164524,152969.16,102800,703.05084,830,77.14286,22.571001,63.46912,41.853512,.80952382,0,.047619049,0,0,.14285715,0,21,18058,4557.3398,136.84
17031680900,101.66667175293,219,306.50186157,660.2351685,3143,7880.0728,18.864193,98.822777,0,.19090042,.98631883,0,2.3304918,1.686287,19.0105,56.90184,49.233128,22544.871,38.116592,49.615631,26.930147,8.3692017,10.844156,144850.3,161500,494.53751,556,59.722221,8.8806658,77.124397,28.769661,.09760426,.013309672,.83318543,.041703638,0,.014196984,0,1127,16333.7,12238.4,355.40601
17031681000,78.33332824708,143.666671753,339.54629517,622.7423706,2458,9768.6719,14.217678,97.233521,0,0,1.261188,1.5052888,5.4178572,1.7087063,23.209927,14.32225,10.230179,34846.078,43.043125,62.48983,24.498886,8.4317942,30.217028,127924.86,120200,652.2193,767,74.585632,18.259804,70.382423,26.59314,.12288135,.016949153,.83474576,.025423728,0,0,0,236,17765.1,9524.2197,275.59601
17031681100,84,145.3333435059,352.79293823,610.3878174,3097,12294.126,18.383575,94.091057,0,5.5214725,.35518244,.032289311,11.16259,1.0009687,26.186632,45.028408,36.789772,27705.637,53.788616,60,42.869415,6.1427779,14.300627,189343.06,89900,722.89893,1019,75.712349,16.347305,70.095612,42.634731,.22857143,.16190477,.20952381,0,0,.40000001,0,105,17948.1,11502.3,324.81
17031681200,59.66666793824,103,264.71459961,456.9653931,2664,8681.8662,17.276316,93.918922,0,4.8048048,0,1.2762762,11.545216,1.5765766,30.142643,57.793346,55.341507,34030.574,39.226727,46.696697,35.802467,8.0876799,20.503597,114064.33,101900,709.2879,886,73.301735,22.890625,64.829193,34.84375,.16901408,.028169014,.78873241,.014084507,0,0,0,71,16614.1,10859.8,308.75299
17031681300,71.66666412354,86.666671753,283.04370117,342.2854309,2325,8348.1172,17.209797,92.258064,0,5.5913978,0,2.1505377,14.525607,7.4408603,24.236561,51.829269,45.325203,30907.105,40.516129,53.161289,37.542664,11.041504,31.635389,127745.77,101600,692.60779,838,70.711296,14.511278,73.08036,43.909775,.25,0,.75,0,0,0,0,16,16914.1,11507.3,321.52899
17031681400,67.66666412354,101.3333282471,279.72991943,418.9058533,2570,10344.888,14.693974,100,0,0,0,0,0,1.0894941,27.568094,34.420288,29.166666,35606.566,39.22179,46.731518,28.511087,2.7075813,54.26696,94458.469,84900,761.27454,916,61.306534,59.877487,81.789886,30.015312,.52040815,.071428575,.39795917,0,0,.010204081,0,98,18052,12540.3,348.01501
17031690300,62.66666412354,95,274.37243652,415.9369507,2393,12103.545,19.229734,94.358543,0,.41788551,4.4713745,.75219393,10.757313,.91934812,20.894276,63.729507,54.713116,33335.293,56.032307,58.404846,19.018404,6.5549889,9.6256685,,,652.8302,696,63.798702,13.897937,82.800674,18.783928,.0009363296,.012172285,.30805242,0,.010299626,.057116106,.61142319,1068,15562,5897.6899,168.74001
17031690400,99.66667175293,183.6666564942,336.93939209,620.914978,3253,12928.925,12.082627,98.893326,0,0,.092222564,1.0144483,2.1907237,1.1066707,27.881954,21.482412,20.854271,37378.832,35.102421,49.193047,13.98773,16.200418,28.510336,176992,155800,758.7334,887,76.502151,14.832794,79.188438,24.325783,.4100529,.021164021,.18783069,.097883597,0,.28306878,0,378,14913.3,9696.8604,281.19299
17031690500,25,36.6666641236,336.02151489,492.8315125,736,5944.2422,9.5652285,99.45652,.54347825,0,0,0,1.0810548,.54347825,22.554348,35.365852,17.073172,42863.191,39.266304,45.516304,15.877438,21.188118,26.07362,122894.12,112900,737.71185,892,62.5,24.646465,87.5,34.141411,.028169014,0,.25352111,.67605633,0,.04225352,0,71,14397.2,3614.1399,105.397
17031690900,73.33333587647,141.3333282471,173.36485291,334.1213379,4305,17010.822,10.475865,94.262489,0,.76655054,2.020906,2.9500582,11.012091,.88269454,31.800232,32.093021,27.325581,42306.586,34.796749,41.207897,17.427158,19.076824,31.556887,143446.48,146600,730.97113,873,59.454376,21.099291,77.937706,25.975174,.057142857,.017142856,.76571429,0,.14285715,.017142856,0,175,14413.9,11111.2,323.289
17031691000,62.33333206177,107.3333358765,296.54296875,510.6248169,2444,9758.1191,2.5359025,99.42717,0,0,.16366613,.40916529,1.1404375,.16366611,20.949263,33.049042,21.108742,59531.785,15.957447,18.166939,17.311752,26.915005,47.153702,148119.72,151400,742.44745,876,62.525459,39.551083,84.232193,18.421051,.58914727,0,.069767445,0,0,.12403101,.21705426,129,15081.1,8697.9102,249.55901
17031691100,91.99999237061,148.6666564942,371.41699219,600.1883544999999,3304,12663.679,16.869179,96.004845,0,1.1501211,1.5435835,1.3014528,7.7767076,1.5435835,30.67494,66.713684,50.352608,35219.082,49.303875,51.725182,29.199371,11.00964,31.713781,235664.63,157400,645.35516,877,71.127815,23.461798,82.950722,23.4618,.14457831,.15662651,.68674701,.012048192,0,0,0,83,15888.1,9038.3203,255.72099
17031691200,88.99999237061,192,358.43734741,773.2581787,3027,7733.77,16.519205,94.549057,.95804429,0,3.336637,1.1562604,10.470874,.85893625,29.022135,52.077923,52.077923,39755.223,46.250412,56.161217,20.107859,14.522584,31.138288,127096.68,111900,878.55194,967,63.690475,32.299545,74.231911,19.59153,.05899705,.539823,.11504425,.020648967,0,.21533923,.050147492,339,16247,11837.4,331.47
17031691300,50.66666412354,142,215.41949463,603.7415161,2721,10884.86,4.2370272,91.363472,0,6.7989707,.55126792,1.2862918,16.045317,4.8144064,22.767365,32.437618,7.6775432,52670.539,25.057209,27.955759,34.244606,21.5965,53.008297,125345.2,119900,721.44641,859,65.970146,55.166668,86.29985,19.666664,.54090911,.040909089,.29090908,.013636364,0,.11363637,0,220,15142.4,7934.7202,226.90199
17031691400,67.33333587647,166,218.61473084,538.9610596,2807,11071.009,8.7875042,99.144997,0,.85500532,0,0,1.6953889,1.7100106,21.428572,33.840305,23.003801,38955.289,23.267504,28.258528,12.366737,17.885796,48.557693,156413.7,153600,745.84717,953,65.916954,51.226467,85.528687,28.807755,.078369908,.031347964,.48902822,.14733543,0,.17554858,.078369908,319,14504,10550,306.60199
17031691500,71.33333587647,109.3333282471,344.27285767,527.6705322,2013,7767.6904,14.975615,97.069046,0,2.3348236,.59612519,0,5.7179298,.7948336,22.404371,48.565121,37.527596,35737.004,37.068535,50.475239,33.966747,12.171838,28.040974,113014.16,98500,723.33929,825,68.649887,36.036961,68.908432,19.815193,.071428575,.11734694,.17346939,.035714287,.010204081,.045918368,.54591835,196,14035.9,5941.23,175.179
17031700100,34.66666412354,100,91.97841644,265.3223572,3479,3897.5779,1.9548142,66.599594,0,29.318771,2.9893649,1.0922679,46.947742,12.561081,22.319632,50.400917,15.120275,74508.484,16.901814,29.340628,9.7466965,19.484938,76.277725,151362.83,153700,931.70734,997,56.221199,82.452995,77.97213,7.1620407,.10618182,.0036363637,.46690908,.35345456,0,.069818184,0,1375,33179.801,31724.699,876.72998
17031700200,24.66666603089,110.666671753,37.91371918,170.0993958,6708,10698.419,1.2426085,13.670245,1.0435301,71.049492,12.522361,1.714371,46.042564,30.858677,21.936493,54.498383,13.656958,69197.461,9.1899147,16.55975,13.38278,15.956392,84.369926,161435,155100,941.52246,982,85.467125,90.109322,87.70192,3.7480469,.015007899,.048183255,.081358612,.77567142,0,.079778828,0,1266,48532,77115.703,2135.04
17031700301,20.00000190735,78.3333282471,31.45148849,123.1849823,6592,13383.285,1.0428371,10.92233,1.4563107,69.523659,17.506067,.59162623,47.382298,27.305826,29.103458,51.453686,15.280595,74617.109,11.846107,15.906326,12.023016,11.213283,88.747101,164040.59,169400,925.25775,1083,52.577324,92.905403,86.701637,2.9279251,.52673584,.26975259,.06703911,.015163607,0,.055067837,.066241018,1253,33466.102,40792.699,1061.8101
17031700302,14.33333396912,62.6666641236,24.49723816,107.1041946,5469,10733.66,-2.3738155,18.888279,.073139518,53.958679,26.878771,.20113367,60.091797,21.85043,21.685865,49.921135,13.564669,80020.078,6.5775008,7.2554049,12.808751,19.506035,85.230591,183893.63,207800,1090.1185,1128,41.897232,88.973801,86.908028,6.495636,.36363637,.16746412,.25358853,.12440191,.0047846888,.086124405,0,209,27816.1,31463,800.91998
17031700401,33,121.666671753,51.12316132,188.4843903,6301,11007.901,1.2519053,60.053963,.61894941,30.899858,5.2213931,3.2058403,54.007969,13.521664,25.956196,48.320229,18.584703,71596.555,14.988029,21.069433,11.869526,22.396963,83.521812,151794.66,142200,1009.8039,1071,71.241829,88.624611,89.996773,3.9813843,.091445431,.11209439,.40117994,.13274336,0,.26253688,0,339,31821.9,45755.301,1210.5601
17031700402,17.66666793824,54.3333358765,46.47900009,142.9448395,4337,9776.5908,1.7144895,59.8801,1.3142725,29.421257,9.384367,0,54.589695,16.785797,23.414803,37.723423,20.978363,75910.367,25.898447,30.071877,19.193689,25.675676,87.625679,185409.53,145600,915.625,,53.125,89.984825,89.36615,1.8968124,.44835165,.085714288,.14505495,.072527476,.021978023,.0989011,.12747253,455,26841.4,22413.801,584.09198
17031700501,43.66666412354,154.3333282471,67.33486938,237.9850922,7469,11581.145,-2.8943727,85.52684,.65604502,3.6952739,3.6149416,6.5068951,26.156664,4.8466997,17.338333,28.052996,14.170506,78472.305,7.478334,8.2052002,9.1073742,27.227722,79.0224,167093.81,160100,953.55731,1084,78.661087,81.21653,89.294472,6.082634,.13143632,.008130081,.76287264,.063685633,0,.024390243,.0094850948,738,27405.9,35168.301,965.74701
17031700502,12,51.3333320618,32.6441803,139.6445313,3437,5166.54,-5.997726,89.642128,0,3.0549898,4.9752688,2.3276112,19.247843,3.4914169,21.399475,36.897766,13.278496,95690.32,3.7311132,6.3829789,20.777027,26.336899,93.074005,176593.38,173500,739.72601,860,8.2191782,89,86.119316,4.1818161,.018018018,0,.95945948,.022522522,0,0,0,222,24194.301,18148.699,497.02701
17031710100,25.33333206177,82.3333282471,233.48693848,758.8325195,1188,14303.591,20.507959,97.222221,0,2.4410775,0,.33670032,5.4176755,2.0202019,23.611111,66.666664,56.540085,28991.508,58.417507,61.868687,40.892857,7.7922077,11.252654,135566.03,113500,648.32538,708,51.0989,23.040752,80,26.175552,.19148937,0,.08510638,0,0,.17021276,.55319148,47,16914.6,3106.1001,86.353203
17031710200,124.0000076294,178.3333282471,286.77151489,412.4267578,4925,17201.854,14.912332,93.197975,1.0761421,3.28934,2.4365482,0,12.962234,.5888325,20.670052,55.917667,40.737564,36015.84,30.84264,47.918781,26.313465,12.267537,28.642384,130578.03,118000,690.13525,908,62.024292,26.075504,80.157745,20.456543,.12727273,.11818182,.090909094,.045454547,.61818182,0,0,110,18476.9,16225.5,447.11401
17031710300,40.66666793824,110.3333282471,263.8979187,715.9852294999999,1444,11416.846,13.550305,89.058174,0,9.0027695,0,1.9390581,19.83832,2.2853186,23.718838,47.147148,42.342342,38729.215,30.543934,41.073917,36.482086,13.014461,29.77528,195087.42,114900,784.76453,956,71.159874,24.44795,64.561401,15.772873,.15449437,.053370785,.33707866,.17977528,0,.26966292,.0056179776,356,19524.699,6816.1001,187.14999
17031710400,92.33333587647,182.666671753,160.7754364,318.0683899,5458,14100.575,8.4801083,96.555511,0,1.7222425,.47636497,1.2458776,6.7228761,4.6720409,21.986074,32.422245,15.551367,54074.262,30.157566,42.066692,23.980711,9.8302298,51.588169,119526.33,119800,799.77167,928,65.063293,55.645523,90.320793,17.858749,.15789473,.092105262,.28947368,.19736843,0,.2631579,0,76,22201.301,21472.301,590.84302
17031710500,79.33333587647,154.3333435059,183.26019287,356.510376,4268,14770.382,9.8891935,90.791939,.42174318,2.1555765,1.1715089,5.4592314,17.208235,.82005626,22.738987,35.80875,28.789421,45175,30.060919,36.340206,20.103823,15.689655,30.649351,113739.83,119200,756.50525,881,56.068203,34.032513,78.351257,19.244888,.26114649,.082802549,.42675158,.21019109,0,.019108281,0,157,21865.1,17193.199,472.36301
17031710600,35,85.3333358765,193.90582275,472.7608643,1934,20450.676,12.584211,97.67321,0,0,.98241985,1.344364,4.5717092,2.7404344,23.888315,44.285713,35.714287,38711.43,29.524302,38.521198,16.138329,11.698113,31.578947,314340.94,103800,760.27087,842,70.814476,28.485577,66.178009,20.072113,.66666669,.22807017,0,0,0,.10526316,0,57,19446.5,6309.3501,173.43201
17031710700,50.33333206177,114,146.95863342,332.8467102,2941,15542.575,10.208394,99.353966,.03400204,.37402245,.2380143,0,1.2859231,.47602856,17.732063,42.031525,26.795095,40894.492,19.699556,31.23933,15.049929,11.080711,28.869047,125557.22,126300,607.909,705,58.741261,22.772898,92.650101,15.683815,.23999999,.17,.185,.015,0,.0049999999,.38499999,200,19053.6,12447.4,342.71399
17031710800,92,203.3333282471,192.14703369,424.6727905,4719,14973.036,5.9179692,97.690186,0,1.6740835,.063572787,.57215512,4.5349302,2.2462387,23.087519,12.839506,11.687243,45898.715,23.017902,31.265985,19.628395,24.617197,39.362797,147938.64,153400,704.29926,799,69.08577,25.307333,85.855759,17.507416,.22792023,.065527067,.11680911,.16809116,0,.33618233,.085470088,351,17774,19270.6,532.76202
17031710900,59.33333206177,251,295.0439148,1248.1352539,2153,5627.7261,13.652871,96.19136,0,1.9507663,.13934046,1.7185323,7.4044428,1.9043195,21.528099,42.372883,36.652542,37002.449,47.840221,50.48769,34.332989,20.121952,43.137257,136567.05,135900,563.94556,755,68.020302,45.095947,87.151627,13.006393,.28934011,.027072757,.013536379,.65313029,0,.016920473,0,591,16614.301,8756.2803,250.535
17031711000,64.66666412354,106.3333282471,177.90003967,292.5263367,3098,12262.043,11.842859,94.835373,1.3557134,0,2.7759845,1.0329244,9.9564037,2.1949644,20.981277,34.136547,31.593039,40427.246,36.087799,41.962555,19.34033,15.516483,46.367111,126354.23,126500,733.13953,793,69.480522,48.258347,77.469337,24.092888,.10344828,.034482758,.068965517,.58620691,0,.10344828,.10344828,29,17467.199,11111.9,312.85501
17031711100,48.0000038147,109.3333282471,197.61219788,450.1166382,2283,9042.1494,1.9737793,97.284279,.39421815,2.3215067,0,0,5.3022499,1.9710907,16.403854,21.631207,9.2198582,65190.805,15.462111,19.229084,11.36999,14.480409,52.008457,141539.23,153400,718.5022,755,63.656387,62.068966,88.655281,18.448273,.27027026,.018018018,.22522523,0,0,.48648649,0,111,18743.6,13465.1,374.13699
17031711200,51.33333587647,119.6666641236,110.22833252,256.9608459,4986,11715.894,4.5277834,99.779381,.22061773,0,0,0,.4402678,.50140393,21.811069,33.333332,23.716381,59993.559,20.076214,24.388287,11.185031,20.202312,62.576687,142988.16,151300,732.43243,821,65.532547,62.273163,90.542732,6.5902557,.26213592,.058252428,.18932039,.35922331,0,.072815537,.058252428,206,20919.6,20086.199,554.76898
17031711300,12,51,74.44168854,316.3771667,1780,13171.307,6.0778131,96.741577,.6179775,2.1348314,.50561798,0,6.358726,2.1348314,16.516853,23.737373,9.3434343,51029.422,23.314608,33.539326,26.548672,17.211155,47.635727,135481.63,139900,918.30511,947,60.839161,62.852898,83.097794,15.156021,.062111802,.53416151,.10559006,0,0,.099378884,.19875777,161,19514.4,5091.9399,142.45799
17031711400,40.66666793824,97.3333282471,157.2570343,376.3856506,2424,8398.9893,9.0093889,96.328384,.24752475,2.9290428,.041254126,.4537954,7.1199431,2.3927393,23.721123,30.996309,18.265682,41528.828,30.251755,33.677261,18.266254,14.758114,59.589867,126524.9,131100,648.35529,792,63.503651,75.3125,92.228195,13.645836,.38007382,.099630997,.062730625,.41697416,0,.011070111,.029520296,271,17689.199,12089.8,342.87701
17031720100,7.33333349228,105,21.84490204,312.7792664,3381,4440.4653,-23.165014,27.270041,0,8.7843838,61.697723,2.2478557,53.675179,4.7619047,9.1097307,36.430836,4.6462512,160572.23,.44365573,5.3534455,6.0182371,67.812759,89.010071,426695.38,386600,915.17859,1024,35.714287,87.223587,86.53904,2.3750992,.19720767,.10994764,.21815009,.0087260036,.0017452007,.2739965,.19022688,573,19308.199,13747.8,388.54001
17031720200,9.666666030889999,64.3333282471,24.54714584,163.3654785,4043,6274.2578,-7.30758,50.976997,.74202323,4.5758104,38.684143,5.0210242,58.581833,6.1093249,15.137274,42.588726,11.691023,89210.414,10.017314,10.017314,5.7619047,47.738014,72.986069,318483.66,254000,943.05554,850,28.009258,65.969803,81.925293,4.1231155,.15184049,.21319018,.28374234,.1196319,.0092024542,.073619634,.148773,652,16503.4,14648.1,430.5
17031720300,5,50.6666679383,12.72264671,128.922821,4208,8638.2539,-17.705698,38.165398,1.1169201,5.6558938,52.637833,2.4239545,57.335487,3.6359315,15.327948,43.967094,2.833638,134560.98,4.6102662,4.6102662,5.9753084,56.252167,98.560608,350346.34,352600,1415.7894,,47.36842,99.63768,92.416138,4.3478241,.12962963,.2294686,.5241546,.061191626,0,.055555556,0,1242,16849.5,11420.7,330.62201
17031720400,2.33333349228,28.3333339691,12.82756138,155.7632446,1953,7626.0664,-13.077262,1.9969279,.15360983,5.1715312,90.732208,1.9457245,17.331251,2.406554,16.333845,47.283703,3.4205232,113843.46,2.1582735,2.1582735,8.7523279,44.545456,94.887215,236582.09,241900,758.82355,696,14.705882,99.310349,89.528252,8.2758636,.035443038,.068354428,.46075949,.010126582,0,.26329115,.16202532,395,16275.7,5813.4902,165.95599
17031720500,4.33333349228,27,23.47417831,146.2621918,2199,5464.9253,-17.97139,1.9099591,1.2733061,5.638927,90.950432,.22737607,16.90901,3.5470669,16.143702,53.419594,2.4029574,127452.84,1.2340037,1.416819,1.1494253,63.490959,91.656128,308009.38,264400,996.77417,1070,24.193548,83.069427,93.61702,3.6540833,.081632651,.13265306,.28316328,.096938774,.21938775,.17091836,.015306123,392,15562.5,8785.6299,257.19299
17031720600,2,23,10.99505234,126.4431,1758,7818.3765,-20.709112,23.720137,.22753128,3.469852,71.843002,.73947668,42.632996,1.0807736,15.187714,50.672646,0,143227.34,1.9340159,1.9340159,6.1202188,62.928082,90.129448,361005.38,360300,767.21313,654,14.285714,83.511452,87.657867,5.6488571,.17716536,.23228346,.25984251,.023622047,0,.27165353,.035433073,254,15404.3,5475.6001,161.845
17031720700,9.666666984560001,58.6666641236,31.10253143,188.7601776,3280,8091.71,-7.0640182,59.268291,1.554878,2.7134147,33.902439,2.5609756,53.215557,3.5670731,15.167683,40.460949,13.572343,89984.398,7.4311929,10,9.1062393,46.503792,49.02507,302553.97,263400,853.04712,880,31.484257,46.259842,90.533455,5.7742767,.027450981,.06666667,.14901961,.023529412,0,.054901961,.67843139,255,15387.6,9545.1104,286.25601
17031730100,25.33333396912,77.666671753,91.29129028,279.8799133,2567,10070.238,2.8746531,97.623688,0,.70120764,.23373589,1.4413712,4.6699166,.1947799,26.587456,27.444254,22.64151,62062.5,12.31009,24.113752,25.696102,29.190422,79.279282,120204.83,119500,743.90247,980,42.675159,95.463921,88.106415,8.4536057,.06122449,.020408163,.83673471,.081632651,0,0,0,49,16396.301,8328.0596,242.437
17031730201,75.0000076294,229.6666564942,147.95819092,453.0808105,5719,14814.826,7.9801364,94.107361,0,1.4687883,.6119951,3.8118553,11.267427,.94422102,25.118027,23.882784,19.706959,41615.906,28.396572,31.36912,17.002989,21.361153,45.012897,138188.44,144100,705.99841,783,74.548439,40.424725,83.839272,11.793701,.31764707,.2,.16470589,.29411766,0,.023529412,0,170,17694.801,16398.4,467.95099
17031730202,28.66666793824,78.3333358765,93.83524323,256.4102783,3439,10165.799,5.2405534,96.626923,.23262575,.17446932,2.355336,.61064267,6.5723224,1.3957546,23.21896,39.866665,30.4,60651.832,13.059587,21.364618,28.603731,16.322477,73.717949,146419.88,155100,1059.3525,1254,60.465115,85.446426,91.014832,2.5,.11343284,.0029850747,.74029851,.11641791,0,.026865672,0,335,17027.6,12126.7,348.892
17031730300,13.33333301545,49.6666641236,135.63919067,505.2559814,1126,9796.6953,6.5400205,97.779755,0,0,0,2.2202487,4.3419085,0,30.595026,45.200001,38,56225.297,15.63055,20.515099,15.068493,17.75701,60.381863,141104.34,146900,874.69879,969,62.328766,66.80761,86.073677,11.416489,.93548387,.046594981,.014336918,.0035842294,0,0,0,279,18169.699,5309.3999,150.64999
17031730400,46.66666793824,141,108.9324646,329.1316528,4129,8367.2559,-.24086133,94.139015,0,1.2109469,.31484622,4.3351898,11.174864,3.245338,22.13611,27.272728,12.088975,74571.523,14.528668,20.432459,11.569873,23.647968,80.182236,163661.17,150400,926.43677,1257,71.264374,86.799149,89.440544,6.5294571,.019746121,0,.30747533,.011283498,0,.15937941,.50211567,709,16582.1,13482.8,398.54401
17031730500,53.33333587647,151,122.1280899,345.7751465,4507,8884.1465,2.2401779,96.383408,0,.33281562,.42156646,2.8622143,7.0175853,2.1743953,25.604616,33.30373,22.468916,70004.391,18.504549,20.812071,19.454771,19.924683,78.3871,129675.72,121800,752.23883,939,74.328362,91.206177,87.952072,7.9025574,.0068610637,.77015436,.14408234,.036020584,0,.042881645,0,583,15752.2,14055,429.04999
17031730600,30.33333396912,106,75.587677,264.1415405,3621,9310.7119,4.3045411,97.928749,0,.38663355,.33140019,1.3532174,4.0786929,4.2805853,18.848385,31.96126,19.007263,54420.363,21.844793,24.330296,11.725955,24.858984,66.798729,198693.36,128700,620.4787,817,77.127663,79.13562,86.467827,5.9612503,.056818184,.11363637,.27272728,.06818182,0,.48863637,0,88,15797,9800.6201,298.50299
17031730700,32.33333206177,79.3333282471,135.05986023,331.3840027,2345,6146.6025,5.3239317,93.987206,0,1.1940298,.72494674,4.0938163,11.47694,1.2366738,18.656717,27.787933,15.72212,59427.234,26.723768,35.588863,17.361784,20.343292,80.167595,137818.3,124700,882.39435,1233,70.491798,90.909088,88.706184,14.354065,.14814815,.074074075,.37037036,.046296295,0,.2962963,.064814813,108,15172.5,8672.7402,270.47501
17031740100,4.33333349228,44.3333358765,14.62975502,149.673645,3128,9089.1807,-7.7673874,0,0,9.23913,87.723785,3.0370843,22.09952,4.1240411,18.094629,43.004585,9.6330271,100556.91,1.7902813,3.3567774,4.0361447,27.134987,86.880974,219423.59,220300,1061.2676,1268,40.84507,92.229202,81.174942,9.6546326,.32090545,.14114514,.38215712,.027962716,.0026631157,.12516645,0,751,15568,5913.1201,177.045
17031740200,4,44.6666679383,6.08550119,67.95476530000001,6523,8592.0498,-9.4136972,.85850072,3.8325925,9.4894991,85.635445,.18396445,25.610609,7.7265062,30.57642,41.224491,5.1700683,100945.74,5.3510566,5.9986367,1.6093404,38.538204,91.272346,233898.73,239200,888.80597,1139,54.098358,93.503838,84.913658,2.7109985,.084696263,.0087616825,.21962617,.012850467,0,.053154204,.62091124,1712,16256.1,24225.699,653.40503
17031740300,2.99999976158,33.6666641236,6.16649485,69.20177459999999,4957,9720.8223,-11.858145,2.219084,.56485778,6.8993344,89.388748,.9279806,19.559467,1.6743999,18.045189,50.46225,10.323575,117234.34,2.6225541,3.4698405,2.4980175,38.331318,88.515083,245088.14,246600,1177.2727,1234,19.69697,83.48774,90.485001,6.0490494,.17877094,.064245813,.36871508,.14804469,.011173184,.12569833,.10335196,358,15950.5,15751,451.43201
17031740400,4,41.3333320618,9.00900936,93.0930939,4669,4259.7729,-6.970109,9.9164705,3.3197687,8.6099815,76.440353,1.713429,39.704475,3.4696937,20.935961,48.048569,7.5455332,91932.234,3.748126,7.6247592,5.075552,35.080147,73.927391,234013.91,232900,1033.4764,1051,22.875816,79.776421,89.262329,7.6219482,.13288288,.018018018,.3581081,.069819823,0,.076576576,.3445946,444,16867.4,22270.9,644.15002
17031750100,37,109.3333358765,100.54347992,297.1014709,4014,8087.0854,4.4067016,92.476334,0,3.7867465,1.1958146,2.5411062,14.259013,1.5196811,23.667164,18.834082,16.47982,55414.395,19.457129,25.012684,13.724374,21.273567,73.033707,154578.75,140400,701.07141,739,45.714287,79.358971,90.669678,8.7179489,.12953368,.093264252,.12953368,.38860103,0,.10880829,.15025906,193,14675.6,9986.04,318.048
17031750200,10.33333301545,46.6666641236,38.27160263,172.8394928,2868,5666.1318,-11.195704,58.403069,.034867503,2.7545328,34.239887,4.5676427,53.882595,1.6039052,12.935844,35.958004,8.1364832,111362.34,12.377964,13.389121,7.1960297,50.163475,74.24118,278336.78,234500,910.06714,995,49.561405,59.656651,88.361465,12.804008,.033112582,.43377483,.26490065,.18211921,.052980132,.033112582,0,302,14818.2,10552.7,317.94901
17031750300,2.33333325386,35.6666679383,9.24824905,141.3661041,2452,9596.5137,-10.246525,11.582382,.73409462,4.812398,81.851547,1.0195758,31.414349,4.6492658,16.088907,42.774567,13.439306,105207.69,4.2092357,8.9497347,6.4860425,50.388988,80.042686,276758.28,279300,896.79144,996,41.711231,70.020119,89.49305,5.7344055,.43864229,.033942558,.25848565,.1853786,0,.033942558,.049608354,383,15138,7802.4102,239.327
17031750400,5.33333349228,59.3333320618,18.4992485,205.8041382,3212,8356.1416,-9.7814131,33.094643,.34246576,2.9887919,63.5741,0,48.540283,2.9887919,23.676836,45.422115,9.9881096,98631.547,3.860523,4.5765877,5.3627758,47.132618,77.573219,222095.58,228300,938.80597,897,50,79.344261,89.277901,2.0491791,.012173913,.16521738,.49913043,.1373913,.029565217,.034782607,.12173913,575,15009.1,7739.0898,241.00999
17031750500,41.33333206177,266.6666870118,77.18642426,497.9770203,6403,6290.4292,2.8231514,75.792603,0,6.1846008,16.992035,1.0307668,39.27441,5.5286584,20.537249,46.575344,28.158295,65649.305,23.409166,25.321465,17.52066,31.309206,59.319599,198206.63,214100,1190,1168,62.168674,58.888889,89.89772,10.811966,.2922636,.010744986,.53366762,.027936963,0,.045845274,.089541547,1396,14608.1,19815.801,619.79797
17031750600,45.33333206177,125.3333358765,133.92417908,370.2609558,3426,6740.8398,8.6608,91.155869,0,0,.81727964,8.0268536,16.255093,2.4226503,17.440163,43.255131,24.63343,51966.227,33.741974,40.10508,18.308767,17.087465,64.900665,122875.13,121400,836.17023,1137,75.942032,80.790192,85.548271,17.711174,.45823389,.026252983,.13603818,.0071599046,0,.37231505,0,419,14327.9,11794.3,383.379
17031760801,1.66666674614,38.3333358765,3.32535267,76.4831085,4020,8005.4692,-1.9138327,2.1641791,12.761193,9.9253731,66.144272,9.0049753,52.778004,51.467663,19.129353,38.222221,9.7777777,61587.004,10.970149,18.58209,5.8303175,49.374611,21.751413,136006.5,123900,1057.9755,1128,41.038631,2.0034842,74.398979,7.4912872,.0029920749,.56040758,.21235646,.17289342,0,.026362607,.024987871,12366,20814.801,16900.6,225.96899
17031760802,.6666666865400001,11.6666660309,2.84535503,49.7937088,2540,1058.7256,-.68319261,1.3779527,.66929132,3.5433073,93.976379,.43307087,11.53351,33.425198,14.566929,27.635782,8.4664536,67952.102,12.086615,20.078741,6.4279904,32.017982,73.994637,259368.59,280400,1037.0079,1075,63.779526,54.882156,90.78212,5.8080826,.032748539,.058479533,.056140352,.73450291,.015204678,.10292397,0,855,28992.6,28688.6,462.47501
17031760803,4.33333349228,45.6666641236,7.30747652,77.009552,5579,19003.617,3.8884943,.48395768,7.8687935,5.2159886,83.097328,3.3339307,29.943605,64.491844,15.988528,33.825596,11.533052,47626.441,19.555475,23.373363,9.6878014,29.081974,39.538239,181779.2,138300,934.54657,1005,52.152523,2.7195282,79.096962,9.1743088,.02538071,.12690355,.09137056,.35532996,0,.39593908,.005076142,197,21961.5,21525.9,311.94901
17031804403,2.66666674614,68,3.88443804,99.05316929999999,6882,4104.5981,-6.5568352,3.1386228,10.447545,40.743973,43.272305,2.3975589,63.426861,28.639931,16.928219,49.711315,6.7551961,95550.305,15.605928,16.27434,7.1934605,36.3694,69.995941,241662.41,226300,1115.6696,1150,53.6903,52.60574,76.652435,6.9864044,.46060607,.14545454,.22575757,.030303031,0,.13636364,.0015151515,660,6488.7798,11349.4,143.33099
17031804404,2,38,3.35120654,63.672924,5392,4504.1851,-3.0081878,2.1698813,8.957715,63.24184,25.111277,.51928782,52.846748,34.514095,20.873516,56.173344,8.0948486,82508.227,5.9838681,11.780154,8.7693443,21.512346,90.1436,171682.84,165800,1472.1804,1750,45.112782,91.100121,85.706192,5.3152008,.14482759,.018390805,.63908046,.098850578,.087356322,.011494253,0,435,6254.6201,7673.1802,113.674
17031804405,2,57.3333358765,5.76036882,165.1305695,3286,5084.1309,4.9353456,9.190505,7.6080337,58.916618,16.646379,7.6384664,60.510365,35.088253,24.269629,65.247253,19.78022,59193.27,17.295792,24.226484,9.3996363,14.309031,43.317074,143033.78,148700,867.27271,955,53.090908,17.863554,84.169281,7.9892273,.35540071,.13937283,.21951219,.080139376,.013937282,.19163764,0,287,6063.25,5417.8701,86.191498
17031804406,8,74.6666641236,13.19261169,123.1310425,6685,2436.406,-1.303326,2.5729244,11.368736,54.480179,30.979807,.59835452,59.359356,37.023186,21.780106,58.455391,10.119841,79646.836,11.219148,18.863127,5.87253,21.818619,81.537682,179938.22,155300,1101.0959,1267,56.022408,52.716106,83.100914,6.6131287,.38965517,.035632186,.18045977,.38390803,0,.010344828,0,870,5515.6602,9154.5801,214.744
17031804607,0,,0,,6846,4822.8398,-10.98222,2.1326323,18.697048,5.5799007,70.625183,2.9652352,46.180283,19.646509,17.732983,34.798344,8.5315409,110675.3,4.6450481,5.4630442,5.0492611,40.638634,82.512733,289293.53,294800,1255.097,1420,39.320389,70.286636,84.406929,4.8849411,.077821009,.19844358,.22957198,.19844358,.023346303,.20428015,.068093382,514,14089.6,18183.6,206.26199
17031804803,0,,0,,6155,2794.0913,-8.4344206,3.7043054,21.543461,10.917953,61.689682,2.1445978,55.927399,22.437042,16.539398,43.218807,6.9921641,98115.602,1.8751019,10.027719,4.2607951,40.800972,68.893044,313722.72,323100,1288.2716,1259,51.234566,54.056561,84.087883,.74176788,.075955927,.042384963,.20064808,.63395983,.0020738821,.043551523,.0014257939,7715,19234.5,23884.6,789.95801
17031830500,21.66666793824,73,55.41347122,186.7007599,4785,3012.7131,9.2118692,0,0,98.704285,1.2957158,0,2.5578535,50.909092,25.736677,65.952888,17.558886,49309.422,30.595612,35.339603,9.0618334,4.3594646,62.966419,124430.81,123300,734.54547,868,67.272728,58.73016,86.809685,14.920631,.006875,.022187499,.2065625,.75093752,0,.0015625,.011875,3200,26187.301,43772.102,1504.3199
17031830600,18.33333396912,119,37.24016571,241.7225342,4670,18287.566,-.33762053,13.768737,3.1477516,41.541756,37.794434,3.747323,66.323349,29.464668,24.27195,44.444443,13.142175,65104.336,19.200172,26.961945,6.3644829,45.120049,25.107067,234560.77,215400,939.88562,965,37.536232,7.2035794,84.110947,16.420578,.054404143,.027461139,.035233162,.84663212,.0015544042,.034715027,0,1930,14488.5,18613.6,345.41101
17031830700,64.33333587647,243.666671753,155.09483337,587.4317017,3627,10811.3,1.1489502,37.579266,4.3837881,11.690102,44.389301,1.9575406,64.576805,26.275158,25.999449,35.621521,17.254175,66837.18,31.033527,36.51981,7.0617905,45.907116,33.256485,250731.38,243100,776.13135,717,56.896549,.89418781,78.329124,13.810234,.11181103,.18960629,.35685039,.0044094487,.014173228,.053543307,.26960629,3175,14057.4,27557.1,670.992
17031830800,4.66666650772,50.3333358765,17.69016838,190.8011169,2623,20186.771,-12.032894,3.6218069,3.7361801,14.601602,77.011055,1.0293558,38.279545,14.944719,25.35265,41.910332,3.7037036,93333.922,5.8330154,8.8448343,6.7340069,70.870735,19.141449,,356200,1161.9508,1126,28.310503,8.7351503,68.094299,.69881439,.030785562,.27282378,.18259023,.13906582,.095541403,.19214438,.087048829,942,14669.9,7833.4102,194.53
17031830900,25.66666603089,334.6666870118,93.19776917,1215.2021484,2794,6973.6279,-14.934758,2.2906227,3.6506801,33.571941,55.368649,5.1181102,57.62468,22.369364,23.53257,42.927631,15.131579,119599.44,4.2089987,5.1523948,1.0897769,65.643883,54.001617,376833.84,361500,1396.1978,1378,31.74905,15.800866,76.502731,10.750359,.24631162,.033465274,.28283554,.34382871,.033825118,.051637281,.0080964379,5558,16716.301,11504.5,324.09
17031831000,12,118.3333282471,56.71077347,559.2312012,2209,20289.086,-34.620014,3.1235852,6.4735174,8.1484833,80.172028,2.0823901,34.500488,10.411951,21.502943,42.604858,4.6357617,213134.64,1.4486192,1.8560435,2.5934861,85.436317,62.172283,731970.5,610800,1832.4258,1856,25.990099,23.070175,65.574524,6.3157883,.24629879,.34051144,.16419919,.01345895,.0080753705,.1884253,.039030954,743,16027.9,7186.5601,202.33299
17031831100,46.66666793824,272.3333435059,59.98286438,350.0428467,7875,15508.572,-1.5948654,.012698413,6.7428575,58.46349,34.006348,.77460319,53.795223,42.717461,26.15873,42.263279,10.334873,75422.797,15.325572,19.291288,5.1463647,30.262444,41.519825,719267.81,313100,975.66541,1012,44.968773,15.132025,84.385338,7.7860565,.45826378,.099332221,.0221202,.3117696,.00083472452,.10434057,.0033388981,2396,18693.801,33404.5,791.19202
17031831200,27,78,56.13305664,162.1621552,5051,22753.484,7.6093473,5.4840622,.57414377,87.131264,6.8105326,0,23.313553,46.545238,25.143536,57.114429,18.009951,52699.145,22.747971,38.665611,7.6130056,16.749256,38.078293,218844.86,181500,799.18701,938,57.547169,14.864865,76.212608,13.697792,.049222797,.0025906735,.20984456,.68911916,0,.018134715,.031088082,386,26246.801,27337.4,493.66299
17031831300,33,243,363.43612671,2676.2114258,1043,4688.4487,7.918056,47.171619,0,48.609779,1.8216683,2.3969319,54.028641,11.025887,31.447746,27.443609,15.037594,40033.047,24.25695,24.25695,12.903226,11.522048,46.438747,,114200,633.51062,825,55.555557,40.816326,76.436218,10.459183,.59979421,.0041152262,.089506172,.2674897,0,.039094649,0,972,67160.703,34939.398,376.448
17031831400,104.66667175293,161.6666564942,371.15841675,573.2860107,3000,3692.4492,9.8213787,63.200005,.23333332,23.933332,11.8,.83333337,52.929665,12.1,23.566666,35.552193,28.290468,43946.742,23.302752,33.908257,11.138015,14.570858,41.158222,159754.78,161400,737.85712,928,74.285721,32.502308,78.695656,10.710991,.065333597,.03662641,.43575528,.44407049,0,.01346268,.0047515342,5051,22269.5,33542.699,898.85303
17031831500,20.33333206177,171,52.9789772,445.5445557,3540,9469.2041,2.0525341,3.954802,5.0564971,64.802261,25.338984,.84745765,51.166763,39.124294,23.432203,51.183064,25.529264,66523.094,12.79661,14.20904,7.2989078,21.087315,64.100418,186515.53,185500,976.07654,1000,59.808613,47.352722,86.521988,10.887398,.65306121,.024009604,.08103241,.094837934,0,.14705883,0,1666,20265.199,21311.5,320.07101
17031831600,28,117.666671753,34.77396774,146.1334686,7574,13175.722,.8749634,6.0602059,2.4161606,67.560074,21.217323,2.746237,49.353554,30.723528,23.92395,35.531788,10.279263,71901.859,13.506734,17.20359,8.9476814,13.024692,48.221672,249547.69,238100,868.4519,923,67.070007,41.079296,85.729416,11.233482,.35522234,.04395036,.26111686,.26111686,.0010341262,.056876939,.020682523,1934,20649.199,38318.602,559.76703
17031831700,14.33333301545,147.6666564942,64.04528046,659.8152466,2365,11507.686,-.28301731,1.4799154,6.6807613,61.226212,27.991543,2.6215644,54.141293,38.18182,22.325581,57.760315,12.770138,69860.461,18.301487,22.972399,12.043796,33.613445,51.530613,273357.69,244700,979.41174,1067,69.55307,39.711193,81.001282,5.655838,.5767138,.064200215,.2132753,.10663765,0,.029379761,.0097932536,919,18329.801,9394.6797,179.561
17031831800,19.33333396912,123.6666641236,30.92343903,197.80336,6418,8732.3154,-5.0337553,1.6360236,25.25709,24.228733,43.23777,5.6403866,68.710526,42.832657,26.729509,46.65242,12.606837,79089.82,13.612218,15.139442,5.8015695,49.741299,45.234776,299902.38,303000,991.04205,1060,45.246799,24.011652,79.327225,10.486893,.042151164,.18168604,.13517442,.10828488,0,.10973837,.42296511,1376,18685.1,37291.5,787.01801
17031831900,4,70,11.82033062,206.8557892,2818,22503.98,-25.466091,.99361253,5.6777859,7.0617461,82.505325,3.7615328,30.956301,9.7941799,34.953869,51.325302,1.9277109,160987.69,3.761533,7.0617461,1.5532206,84.814293,41.77919,709045.63,467300,1649.786,1757,23.537804,12.053872,69.435455,15.218857,.090764329,.14171974,.44745222,.090764329,.0079617836,.22133759,0,628,15457.7,9998.7197,282.013
17031832000,22.33333206177,143.3333282471,131.52728271,844.1303101,1799,27803.15,-17.57736,1.9455252,6.6147857,6.5036135,84.936073,0,26.960255,9.9499722,50.277931,39.215687,4.4117646,125315.33,13.674264,15.119511,3.30251,80.715393,40.754257,460423.59,475900,1588.7966,1716,30.497925,1.2471656,71.074844,6.8027191,.12210526,.017894737,.036842104,.0010526315,.14421053,.67789471,0,950,14246,5662.1299,153.978
17031832100,14.33333301545,78.3333282471,39.92572021,218.1986847,3234,37715.43,-7.9070387,17.872602,5.6895485,8.5961657,65.769943,2.0717378,52.443272,19.727892,42.563389,50.113895,28.701595,93856.273,13.667285,16.141003,5.055963,68.790398,27.299017,365232.63,360000,1201.9867,1138,35.828426,.87448561,69.290848,11.059669,.25,.26524389,.039634146,.085365854,0,.35975611,0,328,14026.6,6508.4302,167.26601
17031832200,8.33333301545,87,27.49367523,287.0339966,3397,22029.379,-18.497047,2.031204,2.7671475,18.928467,70.032379,6.2408009,46.864483,12.89373,27.509567,63.848923,12.769784,138541.05,8.5394583,11.454653,1.9873151,74.116264,33.085754,661826.5,612300,1324.4198,1336,32.290615,19.913952,67.866867,8.9735718,.025990099,.18316832,.29950494,.14851485,.0024752475,.19925742,.14108911,808,16005.5,9021.5303,247.133
17031832300,10.33333396912,143.666671753,52.99145508,736.7521362,2111,6507.7227,-19.289719,1.8948365,9.1425867,25.248697,58.739937,4.9739461,58.002056,16.342966,27.73567,46.136864,2.8697572,139524.5,7.9583135,13.595452,1.6689847,72.579636,42.247192,626895.19,500000,1709.6385,1767,28.947369,17.580145,74.066795,7.9627686,.17747217,.35428944,.1054355,.28618205,.0042567127,.070399478,.0019646366,3054,15594.4,9145.4902,261.78
17031832400,13.66666603089,89.6666641236,42.62840271,279.6839294,2926,23458.488,-14.245239,4.7505126,7.4504442,31.886536,52.460693,3.4518116,61.411327,25.700615,27.323992,38.376385,4.612546,115858.67,9.4668493,12.440191,3.9195461,63.964756,53.897736,350571.69,336400,1493.6364,1548,35.272728,12.576897,72.628632,18.455231,.033527698,.05102041,.6574344,.16472304,.001457726,.056851313,.034985423,686,17212.5,10430.8,271.035
17031832500,17.33333396912,209,54.30242538,654.7619019,3732,12344.413,-22.334011,6.1629152,1.4469453,8.1457663,82.502678,1.7416935,30.838455,9.1371918,34.418541,50.591717,11.834319,168175.13,14.569126,17.234966,7.3275862,71.572495,47.980156,791146.25,677000,1296.459,1452,53.541077,13.305899,73.778145,3.2235947,.18011014,.18594104,.29154518,.06057661,.023323616,.23291221,.025591189,3087,15200.9,15020.8,467.88101
17031832600,18.66666603089,260.3333129883,46.41140366,647.2732544,3728,13380.181,-30.055101,.75107294,5.6598711,4.1309013,84.898064,4.5600858,27.218613,10.595493,37.768238,41.411041,5.8282208,188488.27,8.3981752,9.3104372,1.8141429,91.236931,51.421803,786323.75,587600,1942.3412,1960,28.518059,12.645503,69.339493,10.687828,.25537425,.04817405,.11758612,.41621342,.065786064,.096866094,0,3861,15371.5,11043.3,372.66199
17031832900,10,41.3333320618,51.92108154,214.6071167,2381,15367.363,-9.2493553,2.7719445,13.355734,8.4838305,72.994545,2.3939521,44.080311,15.329694,58.567829,50.943398,11.698113,95044.141,35.041611,36.925098,10.493442,86.289124,35.268345,443975.16,381600,1426.8551,1531,66.731522,6.521739,53.868923,13.705101,0,.010810811,.082625486,.9065637,0,0,0,1295,18166.4,6067.1401,159.631
17031833000,54.33333587647,787,115.9482193,1679.4707031,3567,7037.9653,-22.243004,11.18587,7.9058027,7.9618731,69.358002,3.5884495,49.255737,9.1393328,22.988506,18.155197,0,147683.19,12.335296,13.59686,5.4842067,82.561829,38.825214,473444.03,419700,1915.925,1960,38.114426,2.3578947,62.797871,11.831581,.032317273,.21592921,.19901672,.18518518,.0083251391,.21586365,.14336284,15255,18471.301,28745.699,888.68103
17031833100,36.66666793824,323,48.41762543,426.5152588,7441,20898.584,-20.461346,11.544147,16.207499,8.9235325,60.556377,2.768445,58.496811,13.049321,16.919769,39.793816,7.4914088,148297.36,12.445384,14.05215,2.3132427,75.085655,62.879581,458618.75,363700,1501.7896,1776,37.055416,1.4605893,76.440514,3.8025665,.046115875,.25422189,.22122629,.21421148,.023772409,.17939724,.061054818,7698,18548.199,23138.801,662.758
17031833300,18.33333396912,57.6666641236,64.32748413,202.3391724,2646,14342.206,-6.4760423,6.2358274,37.792892,8.994709,44.78458,2.1919878,64.414429,28.269085,66.118668,34.768211,1.986755,91850.117,43.34845,48.488285,7.9947577,73.209305,36.582569,441951.72,411900,1427.6051,1442,79.67807,5.2734375,59.530125,14.84375,.093479969,.1641791,.08012569,.0062843678,0,.51139039,.14454046,1273,17801.4,10197.7,268.255
17031833900,46.33333587647,67.6666641236,171.85955811,250.9891052,2441,8950.9395,11.433216,57.80418,0,41.827122,.16386726,.20483409,49.091,16.878328,29.311756,48.735245,32.546375,47674.246,33.346989,38.59074,19.576719,6.324666,31.537451,350611.25,256800,612.95544,796,53.389832,20,86.95652,29.537041,.33476394,.24892704,.094420604,.10729614,0,.025751073,.18884121,233,12134.2,5537.3198,198.202
17031834000,73.66666412354,129.3333435059,231.14735413,405.8153381,2956,7743.0156,9.1470709,95.906631,1.1163735,2.1989174,.405954,.37212449,7.9553289,.71041948,21.464817,35.579937,27.742947,48242.883,23.682409,33.401779,18.675123,13.212181,16.55814,359903.38,194500,801.56073,1072,59.624413,25.81081,86.334129,27.364868,.08510638,0,.031914894,.15957446,.17021276,0,.55319148,94,15963.7,10259.9,299.08801
17031834200,113.0000076294,304.6666870118,241.76295471,651.8328857,4310,11443.812,6.8946648,97.656616,0,.88167053,.76566124,.69605571,4.6133776,3.0162413,17.691416,46.907215,29.278351,54628.047,29.048723,34.176334,15.297029,24.862082,33.860046,262256.66,210100,733.2757,866,66.170029,23.53644,79.063812,29.430504,.49298245,.075438596,.15263158,.24736843,0,.031578947,0,570,13388.1,13946.5,421.26901
17031834300,80,207,127.10517883,328.8846436,6384,8659.9482,5.6704631,96.679199,.59523809,1.0338346,.76754385,.92418545,6.5026617,1.8796992,23.253445,35.607841,24.078432,51403.508,20.880325,27.098997,18.095238,25.818182,64.998032,163398.67,168500,734.85382,765,80.371353,60.319077,85.275681,13.883232,.11885246,.18237706,.46516395,.043032788,0,.19057377,0,488,14194,20062.5,603.29199
17031834400,40.33333206177,121,88.25674438,264.7702332,4487,19846.125,7.5653076,94.53978,.24515267,.75774461,2.3178072,2.1395142,10.51646,3.9893024,22.710052,58.288189,46.587215,59822.598,28.928015,34.410519,13.169755,28.759125,36.595493,197590.77,205600,884.24591,1073,55.235352,13.77892,89.979645,13.316193,.0085287848,.012793177,.25159913,0,0,0,.72707891,469,13545.2,11541.8,341.75
17031834500,33.33333206177,62.3333358765,308.92800903,577.6954346,1273,7103.6724,12.710781,97.800468,0,0,0,2.1995287,4.3023024,.86410058,29.654362,49.397591,45.783131,37750.32,40.455616,40.455616,28.080809,23.255814,15.351812,,210900,726.89294,1019,57.702351,11.078717,72.734566,31.632652,.044303797,.069620252,.48101267,.30379745,0,.10126583,0,158,14953.8,5439.46,166.895
17031834600,89.66667175293,143.3333435059,532.77880859,851.6538696,2535,4202.7061,16.911816,90.611443,.35502958,5.5621305,3.4714003,0,17.464529,1.617357,23.609468,36.90987,36.90987,40076.41,48.87574,61.656803,36.861313,3.6548831,21.816284,135047.84,112700,599.13171,845,69.21875,32.097004,77.256317,31.669044,.040590405,.051660515,.16236162,.081180811,0,.029520296,.63468635,271,15768.4,12155.3,372.42401
17031834700,59,114,522.12390137,1008.8495483,1748,6880.478,16.017349,82.665901,3.3752859,8.8100691,.2860412,4.8627005,30.53611,4.0045767,20.652174,44.413406,39.944134,40867.555,51.954021,57.471264,28.84927,7.5712881,18.971632,113841.13,106000,698.78345,888,71.065987,19.119026,68.911919,47.141518,.21875,0,.765625,0,0,.015625,0,64,16734,6433.48,202.19299
17031834800,54.66666412354,98,323.08901978,579.196228,1566,6754.4434,15.652504,96.040871,0,3.9591317,0,0,7.6047683,2.4904215,20.178799,48.207172,32.669323,29320,42.270687,49.13406,37.190083,9.2609081,24.885496,109098.16,112900,515.90411,729,66.908218,23.603083,82.860825,36.897881,.67521369,.1025641,.22222222,0,0,0,0,117,16917.4,6217.98,187.09399
17031834900,58.33333206177,106.3333358765,432.73983765,788.822937,1859,7376.4961,16.217239,96.503494,.43033889,.37654653,.96826255,1.7213556,6.8284764,1.2910167,18.639053,32.09549,29.708223,27884.596,49.38139,54.706833,29.17342,10.421638,31.075697,114260.69,127100,572.78107,685,73.972603,31.054688,79.366814,26.464844,.028571429,0,.97142857,0,0,0,0,35,19104.301,11628.2,332.25699
17031835000,103.0000076294,196.3333435059,187.40904236,357.2295227,5579,14390.856,12.039148,57.447571,.035848718,40.41943,1.7565873,.34056282,50.628433,16.562107,28.230865,48.279068,29.209303,42631.719,34.483387,39.686016,24.375744,6.3578563,34.326771,126761.24,120400,692.42297,848,65.523155,30.73896,79.783005,17.839966,.67701864,.043478262,.090838507,.14363354,0,.045031056,0,1288,26137.1,35943.699,1062.89
17031835100,45,107,91.78054047000001,218.2337341,5809,14986.951,9.1679573,12.377346,.43036667,84.248581,2.7199173,.22379068,27.41345,38.044415,25.933895,55.813953,21.767443,51419.883,22.740576,35.909794,22.22987,6.4198961,63.427299,122056.96,116700,775.86206,930,66.734283,58.062374,86.351753,10.550766,.12349398,.045180723,.4006024,.20783132,0,.060240965,.1626506,332,25214,34327.699,1028.1
17031835200,12.33333396912,71.3333282471,64.16927338000001,371.1411438,1833,4802.5005,4.1515207,0,2.0185487,65.029999,32.951443,0,46.812263,38.297871,20.621931,45.502647,18.518518,61542.012,11.238407,21.822149,10.323254,13.509192,57.348244,171589.69,171000,747.32825,764,39.0625,56.222549,89.912277,8.3455353,.037062936,.11188811,.7248252,.08146853,0,.044755246,0,2860,26115.1,14672,535.57501
17031835500,39.66666793824,78.666671753,292.52703857,580.1376953,1444,4089.6504,13.504846,92.105263,0,5.5401659,2.3545706,0,14.80383,6.163435,14.196676,16.41791,14.328359,29400.428,41.620499,50.831024,26.071428,11.3879,28.774929,116778.22,122400,569.57404,419,63.168724,16.152264,82.250175,27.777779,.01858736,.0012391574,.17967781,.78934324,0,.011152416,0,807,15137.1,3951.01,145.412
17031835600,54.66666412354,147.3333282471,689.3652343799999,1857.9234619,910,2568.7148,4.4867167,92.307693,0,7.6923079,0,0,14.201182,3.7362638,19.780218,25.405405,9.7297297,47336.441,15.853659,15.853659,38.554218,14.511041,41.982506,120590.28,85000,647.23621,719,65.829147,26.171875,82.405342,33.007813,.3621347,.0088945366,.18932655,.24142313,0,.19822109,0,787,15351.3,3540.8899,119.103
17031835800,22.99999809266,67.3333282471,127.91989899,374.4901428,1707,15544.062,4.4448414,92.560043,0,1.9332161,3.397774,2.108963,14.129078,0,22.231985,53.623188,40,71138.789,41.241943,45.166958,22.456141,44.952179,39.268681,236546.56,199300,912.30365,1018,60,8.2228117,70.954353,16.578247,.0021834061,.00072780205,.0014556041,.0080058221,0,.0014556041,.98617178,1374,14249.4,3851.73,127.197
17031836000,27.66666793824,79.3333282471,93.78531647,268.9265442,2685,13750.372,-.015065023,94.785843,0,1.0428306,2.1601491,2.0111732,10.05845,1.7877095,20.744879,45.48336,20.443741,80973.57,28.965258,30.929003,20.307281,33.168926,53.821655,248315.97,261400,988.05194,1090,58.96104,28.584393,84.333206,14.519058,0,.014705882,.91176468,.019607844,0,0,.053921569,204,13811.3,7934.4199,253.459
17031836100,62.33333206177,90.666671753,339.87640381,494.3657227,2163,6510.5498,13.103094,93.250114,.23116043,5.5016184,.27739251,.73971331,12.73471,8.1830788,26.28294,61.282661,34.679337,42742.395,41.493977,51.951809,21.776815,16.892429,13.593539,211089.11,,841.02142,1006,60.271648,1.7699115,70.398483,17.809738,.12195122,.024390243,.28455284,0,0,.024390243,.54471546,123,14406.4,7627.4302,241.21001
17031836200,8.33333301545,71,54.93297958,468.0289917,1585,5044.8618,-15.611161,7.066246,27.823343,6.5615139,55.962147,2.586751,59.944233,22.018927,110.85174,41.463413,0,114054.1,28.947369,28.947369,11.611785,91.794868,45.901638,454464.28,235000,1165.5172,980,54,14.685315,54.447948,14.685318,.0022758974,.0032303061,.0059467,.00022024814,.0013949049,.036120694,.95081127,13621,13581.5,6942.27,207.403
17031836300,9,30,60.89309692,202.9769897,1421,26762.432,-7.7036614,50.175934,7.1076708,2.8149192,33.075298,6.8261786,62.833607,12.385644,30.190006,48.695652,0,89170.781,22.395464,23.316797,8.5714283,55.613304,38.855423,297965.13,231900,1049.5074,994,51.742626,9.0418358,65.728363,10.391365,.021505376,.21505377,0,.3548387,0,.39784947,.010752688,93,13521.9,2572.25,78.353897
17031836400,24.66666603089,98.3333358765,66.20146179,263.9112549,3308,5142.3267,7.285708,85.73156,2.2370012,6.7412333,4.3530831,.93712211,25.798237,5.8041115,20.178356,61.609905,45.820435,52668.797,28.053204,34.068924,17.05151,39.136623,26.302729,327863.22,282700,548.75964,489,46.450481,12.206304,76.348038,7.6217728,.05109489,.080291972,.69343066,0,0,.043795619,.13138686,137,12681.3,10163.5,315.5
17031836500,16.33333396912,49,91.19673157,273.5901794,1754,4830.3682,9.3664827,94.69783,0,3.3067274,.91220069,1.0832384,10.193805,10.54732,24.401369,50.873363,32.096069,45535.965,29.36146,33.523376,32.062778,19.067358,4.4006071,,186700,689.08795,798,44.388611,6.1971831,81.446358,7.1830978,0,0,1,0,0,0,0,2,12789.6,2554.1599,81.0214
17031836600,70.33333587647,127.6666641236,344.09655762,624.5922852,2337,9544.3486,4.577878,30.680359,0,54.728283,14.163457,.427899,58.627441,18.142918,29.610611,37.323944,28.87324,57208.547,18.586388,24.73822,5.0182481,28.472658,36.217949,225955.75,171300,840.87103,991,49.469967,15.862069,85.207611,19.310349,.08835341,.065261044,.36847389,.41666666,0,.06124498,0,996,19668.301,14003.1,344.30399
17031836700,70.33332824708,117,300.95562744,500.6418457,2252,4750.3467,15.25665,75.621674,.26642984,20.426289,3.463588,.22202486,38.52013,6.3499112,23.579041,52.575108,45.922749,36089.063,36.944939,47.779751,12.178877,13.992674,26.634958,305761.16,167600,619.71582,873,64.845169,12.46138,75.838623,13.38826,.019388516,.18269947,.54362416,.16853094,.0014914243,.013422819,.070842654,1341,19058.301,14042.1,363.37601
17031836800,86.33333587647,141.3333435059,401.73724365,657.6702881,2214,7027.1089,19.432842,89.792236,0,2.9358628,7.2719059,0,18.758549,1.0388438,25.067749,49.126637,35.807861,23155.234,59.665764,66.531166,20.916031,10.428994,19.23077,223038.89,240600,564.98639,695,84.335449,14.054515,80.844307,20.272575,.03846154,.47802198,0,.34065935,0,.010989011,.13186814,182,20603.801,13212.2,351.10699
17031836900,37.33333206177,50.6666679383,333.33331299,452.3809509,1422,22359.631,14.78136,85.161743,.98452884,6.25879,7.5949364,0,26.496523,3.8677919,30.06329,60.81081,42.905407,39151.867,38.818565,53.375526,22.535212,17.449665,22.857143,,122400,678.20898,746,63.103447,12.312812,87.420044,24.292847,.94444442,0,0,.055555556,0,0,0,18,19876.1,2916.6899,78.9505
17031837000,50.33333206177,93.3333358765,301.03668213,558.2137451,2028,12731.937,10.83811,85.009857,.098619327,2.9092703,8.1360941,3.846154,26.83861,3.0078895,20.784023,56.979404,46.224255,48973.316,34.393639,39.910538,16.547789,23.158829,25.495377,202099.48,202000,654.91949,822,53.831417,9.0315561,80.914513,17.627853,0,0,.796,.14,0,.064000003,0,250,19310.4,5807.3301,157.77499
17031837100,55.66666793824,128,412.65136719,948.8510132,1634,5678.3198,9.2813892,69.277847,1.7135862,13.769891,11.933905,3.3047736,48.54694,6.364749,28.977968,33.684212,11.929825,37824.137,26.19339,41.799267,21.30719,21.035334,31.299734,184226.27,168600,729.97986,769,72.784813,11.163338,86.45443,11.398354,.03697997,.21879815,.32357472,.42064714,0,0,0,649,19006.199,10476.4,280.49701
17031837300,67.0000076294,95.3333282471,249.25598145,354.6626892,2519,17704.734,12.780096,89.797539,1.62763,3.5728462,5.0019851,0,18.959679,1.0718539,28.463676,48.514851,34.059406,44226.301,35.664661,50.254749,11.028501,14.993122,34.579441,136979.16,158100,834.28571,987,66.881721,5.3872056,70.421394,15.937149,.014527845,.39467311,.42372882,.15012106,0,.016949153,0,413,20484,8065.0801,229.56
17031837400,57.33333206177,106.3333282471,260.72457886,483.5531006,2403,10522.852,11.767074,91.011238,.62421978,.99875152,5.8676653,1.4981273,16.788935,2.5384936,27.195171,40.646652,37.413395,50766.523,44.271927,45.950481,22.985348,12.54061,19.148935,208888.89,174500,749.1228,930,49.203537,9.4515753,75.157364,17.73629,0,.13632031,.70162058,.1620591,0,0,0,1049,19000.1,8076.79,218.616
17031837800,85.66667175293,290.3333435059,355.6109314,1205.2027588,3110,8010.7983,1.0084615,69.710609,4.8553052,8.4565916,15.11254,1.8649518,48.134758,7.266881,30.691319,55.833332,32.916668,80248.797,30.617977,33.813202,15.434084,40.650856,19.176706,328803.66,338900,1096.149,1230,36.484688,13.778529,64.239273,15.807266,.068113774,.05763473,.21407185,.5879491,.0011227545,.044910181,.026197605,2672,17804.9,13921,373.319
17031838000,54.33333206177,115.666671753,246.85748291,525.5187378000001,2760,13290.951,8.5771017,73.115944,2.1014493,12.173913,10.217391,2.3913043,43.91325,7.173913,31.413044,28.341013,20.506912,48808.434,46.231884,53.623188,15.878616,33.630787,22.46553,285468.59,258200,577.40588,467,41.536613,3.2209737,68.882393,7.6404495,.0025906735,.22279793,.71243525,.062176164,0,0,0,386,18107.4,8766.4902,232.745
17031838100,39,164,245.43737793,1032.0957031,1980,6237.7915,5.1963596,49.292927,10.505051,12.929294,26.21212,1.0606061,66.044846,15.909091,22.222223,25.217392,11.73913,50074.082,34.696968,40.252525,21.666666,35.223881,13.610432,,174700,655.63104,473,46.617336,4.4043322,70.961143,11.407944,.0032182308,.072105765,.78455251,.0081760455,.061407324,.013655736,.056884404,11497,18410.301,8628.6396,240.052
17031838200,24.33333206177,139,110.60605621,631.8181763,2028,4537.542,-.096555524,25,15.039449,17.702169,38.560158,3.698225,73.348854,28.155819,80.522682,24.166666,5,52183.75,38.058254,42.815533,6.6285715,70.828186,40,297032.5,323300,1022.2222,969,58.653847,13.225058,51.282051,7.1925735,.015388097,.040959492,.92668027,.0045259111,0,.012333107,.00011314777,8838,18677.4,10895.8,275.189
17031838300,17.33333396912,152.666671753,92.74121857,816.8361206,1515,11271.055,-3.0471113,45.676567,13.201321,6.2046204,31.81518,3.1023102,66.790489,13.59736,30.825081,42.953022,12.080537,83218.906,25.108225,31.240982,7.5723829,46.831955,23.28125,479546.97,398900,1141.1405,1192,56.837608,7.4277854,78.067169,11.966988,0,.25272331,.55337691,.026143791,.013071896,.11328976,.041394334,459,14372.2,9414.4004,288.133
17031838600,55.33333206177,56,318.92410278,322.766571,1467,15429.327,25.312595,90.38855,0,7.8391275,1.7723246,0,17.653173,2.1131561,27.641445,69.230766,69.230766,21220.449,56.581985,69.591995,19.018404,.52770448,5.5214725,,164200,488.7446,706,55.963303,4.2654028,64.878052,22.748817,.027777778,0,.93055558,0,.041666668,0,0,72,19927.6,4810.1401,134.847
17031838700,163.33334350586,196.666671753,415.39508057,500.1695557,4631,18225.969,17.895479,89.505508,0,5.7654934,1.0148996,3.7141006,19.40699,2.7423882,25.210539,49.95005,45.154846,30339.258,48.646309,53.54126,25.779871,6.6868153,15.915119,163076.25,138300,696.41107,954,66.7295,5.6220717,86.301071,21.499222,.61491442,.081907094,.18092909,.059902202,0,.0061124694,.056234717,818,25787.801,23686.801,770.20502
17031838800,44.33333206177,212.666671753,146.16990662,701.1759644,3526,422.0018,17.320261,52.949516,0,41.661938,5.0765743,.31196824,54.347626,18.60465,22.178104,63.684212,43.947369,33813.352,49.574589,54.991493,24.149378,7.2677598,36.693916,179183.17,133300,389.64496,376,44.194107,41.686184,88.354218,14.051521,.0023339319,.042908438,.072890483,.88186717,0,0,0,5570,16031,14876.5,722.83301
17031839000,49.66666793824,400,49.5378685,398.9627075,8542,42837.477,-13.252481,14.750645,15.113556,7.1060643,58.066029,4.9637089,61.072006,19.058769,38.603371,25.816584,7.977387,107889.26,20.212376,20.407665,3.1666126,78.694527,40.444916,243035.78,252800,1825.7927,2059,43.307724,4.7574973,62.815842,12.624954,.22211204,.23202777,.31482399,.075855233,.016360933,.10461081,.034209222,2017,14828.6,14934.9,436.66299
17031839100,219.66667175293,2550.3332519532,277.49707031,3221.744873,6760,14761.713,-15.71258,13.890533,22.026627,10.103551,51.89349,2.0857987,65.225143,25.621302,48.261833,35.404453,10.433764,125571.41,16.28816,17.553984,5.6561084,73.998299,31.578947,556198.63,361600,1829.8934,1865,42.682926,.73221755,56.509987,17.024055,.0076223291,.50026888,.26151642,.026415702,.004543771,.026641119,.17299177,310535,14299.3,14272.5,408.73199
17031839200,36.66666412354,137.6666564942,150.64364624,565.5984496999999,2368,9422.6914,3.4587944,67.567566,13.217905,5.2787161,11.528716,2.4070947,50.933403,22.804054,20.650337,46.551723,21.182266,45639.984,22.212837,26.182432,8.7620583,46.952835,33.215797,152784.08,154500,836.64203,838,63.282936,3.8140643,75.127335,15.494637,.066350713,.29173249,.57345974,.025803054,0,0,.04265403,1899,14534.7,9418.4199,299.474
17031839500,27,106,170.02519226,667.5062866,1367,13486.661,-.94095492,71.324066,8.632041,2.1214337,16.020483,1.901975,45.735912,11.265545,29.261154,21.585903,5.2863436,70061.82,30.124481,35.933609,1.4678899,46.635513,42.87812,305890.41,308700,475.73334,339,50.279327,21.95122,79.277283,27.783669,.052631579,.042105265,.031578947,0,0,.86842108,.0052631581,190,14217.2,4047.1799,130.356
17031839600,28.33333396912,167.3333435059,167.85150146,991.3112793,1521,12050.753,1.395089,89.546356,.32873109,3.5502958,5.5884285,.9861933,19.365349,2.8270874,17.915846,34.310852,21.994135,57980.891,16.812963,21.404457,10.832232,42.379471,44.585987,301568.56,315200,881.20483,782,76.144585,25.625,92.636421,18.229164,.015414258,.063583814,.76878613,.088631988,0,.063583814,0,519,14141.6,5551.3999,183.69901
17031839700,20,72.3333358765,42.08754349,152.2166138,4417,17636.918,-.24076773,1.2225493,21.870047,41.544037,34.299297,1.0640706,66.167252,27.824316,24.518904,52.873562,16.091953,68057.57,21.711569,25.582975,7.1124854,41.612202,47.36842,324689.34,273900,757.26141,870,50.053024,27.504911,84.968063,8.5461655,.027439024,.50152439,.12195122,.19359756,.0015243902,.11280487,.041158538,656,17764,11460.4,424.349
17031839800,8,45,29.99625015,168.7289124,2834,27576.041,-.6558466,.84685951,31.227947,21.630205,45.165844,1.1291461,65.15004,38.990826,26.058575,35.346096,7.216495,62610.438,18.630911,21.277346,3.7823491,38.974113,38.408897,278691.53,306300,904.93652,985,39.910313,19.126984,90.576851,7.2222214,.36363637,.1,.12272727,.027272727,0,.36818182,.018181818,220,16633.301,6791.0898,239.05901
17031839900,5.66666650773,68,12.67427063,152.0912476,4374,9604.1924,-.46632171,3.7265663,20.164608,24.942844,49.771378,1.3946046,64.782211,20.850481,21.662094,42.65403,15.07109,71300.5,15.294925,24.211248,6.0759492,36.681614,54.384998,278864.5,303300,865.71069,935,47.581703,36.489254,84.691528,7.2159653,.012412304,.055585537,.079870477,.78467351,.0053966539,.037236914,.024824608,1853,17230,12773.5,499.07599
17031840000,5.66666698456,30.6666679383,22.64855003,122.5686188,2891,12656.031,-5.4474697,.48426151,36.008301,19.19751,43.825665,.48426151,64.137001,29.021099,17.087513,47.172619,8.333333,91284.68,9.5588236,16.736694,8.292079,35.158501,64.477615,323696.75,331600,870.50146,877,36.74699,44.811321,84.248039,5.1886826,.25957447,.04255319,.15319149,.23829788,0,.08510638,.2212766,235,16324.6,11506.3,422.98999
17031840100,7.33333301545,47,22.20203781,142.2948761,2957,22806.637,4.7777219,1.0145417,62.056137,14.744674,22.184647,0,54.384426,51.031452,18.532295,43.950996,4.1347628,51985.656,19.416157,34.962662,9.2896175,23.094582,35.166996,229863.13,230100,791.11469,836,44.103394,15.026834,85.796417,8.9445419,.045751635,.0065359478,.52941179,.32026145,0,.098039217,0,153,16366,9361.6201,312.617
17031840200,18,80.666671753,82.19178008999999,368.3409729,2448,7628.8525,-1.3532361,1.9607844,59.640522,12.908498,23.284313,2.2058823,57.255093,51.184639,20.996731,40.429337,5.3667264,70767.156,16.412998,20.156315,10.250569,30.913216,61.887257,288988.31,288400,876,944,50.185875,38.285713,87.650726,6.7428589,.29437229,.067099564,.18831168,.25541127,0,.12337662,.071428575,462,17387.199,12653.7,419.88199
17031840300,19.33333206177,67.6666641236,53.43651581,187.0278168,3917,12204.857,3.9532065,1.684963,22.619352,53.791164,17.998468,3.9060507,62.528343,39.54557,27.201939,38.939053,16.139956,60830.715,18.472652,25.335398,12.821807,17.872177,64.846413,213888.16,221600,800.24274,927,58.495144,47.285603,81.745003,7.7891388,.13884993,.11921459,.01542777,.46704069,0,.25946704,0,713,20882.5,17553.6,555.74701
17031840400,19.33333396912,114.3333358765,61.31726456,362.6176147,3265,8605.6689,2.9382825,.061255738,30.934149,50.260334,18.437979,.30627874,61.769207,40.091885,15.298622,47.299076,5.0065875,57030.348,27.932619,33.966309,11.633986,30.613997,58.32629,228500.44,205200,698.15668,771,61.964737,36.386139,85.652443,2.3927383,.1079862,.048819315,.50437784,.29689574,.006367737,.033165295,.0023879013,3769,19343.9,17300.6,553.80103
17031840700,41.33333206177,135.6666564942,117.82592011,386.7350464,3921,18753.156,11.490175,3.800051,.96914053,87.350166,7.4980869,.38255545,22.982012,40.448864,26.090282,48.148148,27.530865,45676.48,39.377708,45.498596,10.914454,11.87236,34.001823,183000,188600,652.0451,789,54.571842,10.108865,88.03553,14.696732,.12360212,.085344322,.61565626,.10653325,.013537375,.034726311,.020600352,1699,20333.1,17410.6,500.99301
17031840800,21.33333396912,57,65.78271484,175.7631836,2805,22103.248,12.759633,0,0,97.611412,1.604278,.7843138,4.6882391,46.41711,26.844921,50.617283,25.154322,42386.625,34.010696,46.310162,6.2551441,4.975728,35.092026,136003.5,130000,584.98022,743,53.557312,14.755733,88.901016,18.743767,.35449734,.26984128,.015873017,.19047619,0,.16931216,0,189,22813.4,16662.301,520.32098
17031841000,30.66666603089,173.3333435059,299.1869812,1691.0570068,878,1680.5344,-6.0114098,42.027332,25.74032,4.2141228,24.031891,3.9863327,69.599579,28.018223,16.17312,31.840796,13.930348,84624.086,22.437357,23.462414,5.05618,60.978836,52.023121,297818.53,300000,1418.4739,1478,55.084743,1.5570934,76.6129,10.207611,.021563342,.038634323,.66756517,.086552858,0,.18568434,0,3339,14232.8,5748.8799,181.828
17031841100,61.33333206177,205.6666564942,85.6013031,287.0434875,6821,15452.772,7.2249641,2.2577333,89.840195,2.6389093,4.6474123,.61574548,18.947001,69.432632,21.338512,29.686642,7.7515121,47605.535,37.302052,44.002934,9.2877493,23.234449,42.259888,275020.5,279200,689.48804,822,53.818443,6.3475547,90.031105,7.908432,.10585585,.083614863,.28800675,.066159911,.13823198,.3009572,.017173423,3552,15964.1,23983.1,756.14899
17031841200,35.33333587647,91,75.46633147999999,194.3613892,5183,21464.316,8.7336388,8.1227083,2.1802046,75.342468,14.354621,0,40.467262,30.889446,26.500095,52.350815,24.864376,46146.117,26.606213,42.967392,7.9031682,27.552927,22.421785,168602.06,179800,752.59595,874,53.204632,12.026612,81.291199,11.668373,.10402685,.15268457,.013422819,.49664429,0,.18456376,.048657719,596,19334.9,15781,439.48401
17031841300,33,101.666671753,76.76203918,236.4891205,4040,7419.1162,2.2889757,3.6386139,1.3861386,78.787132,13.787128,2.40099,35.815777,41.633663,25.779703,36.814346,12.130802,60852.445,22.10396,24.183168,5.7743955,25.945538,42.323368,184967.58,175300,732.80872,833,28.894472,21.25576,86.324348,15.207375,.17541049,.13656388,.24869844,.31998399,.0012014417,.03364037,.084501401,2497,20116.801,16919.1,499.48599
17031841500,88.66666412354,108.6666641236,374.27886963,458.7026672,2932,17565.887,16.179714,92.803551,.71623462,3.5811734,1.3983629,1.5006821,13.699559,2.319236,33.270805,54.678364,47.222221,36673.25,39.495224,51.705322,20.365536,11.681087,22.080679,144097.59,162900,717.25598,1015,73.85524,10.976594,80.17894,23.970947,.10344828,.049808428,.03065134,.01532567,0,0,.80076629,261,21441.801,10216,302.298
17031841700,35,63.3333358765,242.38227844,438.5964966,1652,16037.147,14.377592,47.820824,0,47.336559,4.8426151,0,54.489677,18.401937,15.708233,48.540146,13.868613,31727.492,41.585957,57.142857,15.413534,8.3643122,19.373219,141667.64,150000,511.76471,658,41.304348,9.3153763,83.841461,21.21212,.043681748,.071762867,.76755071,.078003123,0,.018720748,.020280812,641,21635.699,9349.2998,281.02399
17031841800,57.33333206177,95.3333282471,229.15000916,381.0285034,2756,4344.186,10.822423,94.375908,0,4.0638609,.36284471,1.1973876,10.751076,3.8098693,18.904209,49.667774,34.219269,44254.621,29.756275,37.322662,25.654922,15.595757,43.889481,147575.55,115900,769.40454,921,61.00629,40.569992,76.937271,21.123222,.0067567569,.011261261,.52927929,.4527027,0,0,0,444,13811.4,10674.5,314.37399
17031841900,106.0000076294,758.3333740235,165.85824585,1186.5644531,6509,6572.4678,-17.42889,16.96113,21.769857,13.765555,44.630512,2.8729451,70.487663,19.112,66.016281,42.037304,1.8651363,127394.55,13.424072,14.011209,9.7958126,73.287895,58.982037,367823.66,341100,1831.0192,1959,20.57057,4.2808218,59.834011,4.6803665,.082895339,.39151052,.22320612,.21789305,.000285649,.055758685,.02845064,17504,16104.4,31133.301,885.86902
17031842000,30.66666603089,90.6666641236,97.50926971,288.288269,3106,13635.306,-6.3296909,33.773342,19.929169,8.145525,34.803604,3.3483579,71.733376,27.591759,71.039917,27.731092,6.7226892,103133.34,21.863354,24.347826,4.3227668,34.001431,82.093666,261599.67,254800,1743.0769,2094,75.384613,17.902813,58.821636,7.1611252,.0019903327,.12311629,.20585726,.004549332,0,.029854991,.63463181,3517,14774.8,6692.7998,217.77499
17031842100,84.33333587647,183.3333435059,110.84823608,240.9744263,7664,9755.8604,13.842535,45.172234,.39144051,50.678497,3.3141963,.44363257,53.798252,15.357515,23.395094,60.677383,36.854191,39476.871,33.901691,48.421474,14.063534,13.239211,51.134716,133753.55,140000,734.64911,828,67.039803,28.799654,71.049438,10.578583,.0040635387,.016623568,.14702623,.78315479,.0036941264,.044329517,.0011082379,2707,23791,37676.102,786.99298
17031842200,47.33333587647,723.6666870118,130.79119873,1999.6315918,3058,5058.5723,-12.551376,12.622629,8.5349903,15.434925,60.889469,2.5179856,58.157185,21.223022,28.531719,16.26506,3.8152611,107134.43,11.245902,19.278688,1.5172414,69.128014,30.985916,406441.06,378900,1636.502,1923,27.009645,1.5602145,74.456161,6.5334015,.1229451,.44119328,.1407807,.14084418,.017899079,.07832434,.058013327,15755,15129.7,14861.9,483.534
17031842300,31.66666603089,389.3333435059,101.39822388,1246.6645508,3189,4411.5649,-23.377272,10.285356,5.2994671,7.1809344,73.471306,3.7629352,44.023685,10.598934,29.554718,45.535713,6.25,158282.39,6.7419252,9.1564751,5.2323146,78.255814,55.085323,557644.38,556000,1705.0151,1734,29.939209,2.3002422,74.651901,11.319611,.20730416,.17078334,.13320395,.33521524,.012173606,.099153139,.04216655,5668,16328.9,33033.699,984.495
17031842400,122.66666412354,502.6666564942,395.95437622,1622.552124,3084,4057.385,5.8705878,99.80545,0,.19455253,0,0,.38834211,3.1128404,14.964333,36.677631,15.625,47243.293,26.102465,33.398186,23.895027,29.246101,69.333336,135499.66,129100,966.30139,1139,69.589043,68.284576,82.798164,15.226067,.53169417,.05455244,.13292354,.23511334,0,.045716479,0,2603,15879.8,13661.9,388.09799
17031842500,49.33333206177,65.6666641236,229.99221802,306.1383057,2007,4833.9077,26.541037,99.800697,0,.049825612,.14947683,0,.39795464,.49825612,27.653214,77.53479,77.53479,20010.639,68.195412,76.271187,38.610039,7.6280041,8.6357946,106956.52,87700,366.94797,375,54.579437,13.014461,79.143578,11.123474,.21678321,0,.07692308,.7062937,0,0,0,286,14972.4,10752.3,315.40201
17031842600,45,208.6666564942,108.30324554,502.2061462,4115,2896.5947,1.3669931,5.4921021,9.210207,33.219929,50.133659,1.9441071,62.642822,17.424059,21.324423,35.897434,11.076923,66738.406,16.190475,18.437119,13.045357,17.995911,53.494808,222055.63,198900,776.58612,951,36.555889,34.445118,85.647583,12.371132,.069415718,.073940024,.10767838,.72375906,0,.020682523,.0045243017,7736,17678.301,27159.4,1201.79
17031842800,53.0000038147,147.3333282471,76.63389587,213.0325775,7420,12671.895,12.133881,1.06469,5.4043126,89.55526,3.2749324,.70080864,19.382994,48.396225,21.981133,61.713932,22.872995,41668.695,37.596848,43.849396,10.863788,5.9266229,45.73111,183702.8,176200,722.93579,896,76.055046,14.188615,83.235497,13.423958,.18126889,.07794562,.049546827,.63021147,0,.056797583,.0042296071,1655,25721.301,46067.801,1605.23
17031842900,57,190.666671753,210.2545166,703.3075562,2050,2404.342,13.906432,69.365852,4.1951222,11.073171,13.463415,1.9024391,48.632816,8.1463413,24.341465,59.431526,52.713177,42668.727,36.292683,42.390244,7.6496673,15.985663,15.76655,,206600,502.71445,567,46.206116,5.6956878,82.032402,6.5907211,.12107133,.10303362,.42935228,.30445477,0,.02978956,.012298442,3659,22116.301,29037.1,654.46301
17031843000,139,232.3333282471,557.33758545,931.5690918,2689,6538.4541,20.666983,96.281143,0,1.7106731,0,2.0081813,7.2298155,1.4875418,27.37077,67.647057,62.975777,30604.822,47.168404,60.134129,16.132597,8.2701063,12.004288,144062.5,109400,670.98767,880,64.416313,3.990025,82.37986,22.443893,.038694993,.0053110775,.31790593,.35280728,0,.18664643,.098634295,1318,25725.6,27359.4,875.55103
17031843100,61.0000038147,89.3333282471,420.98001099,616.5170898,1742,4455.2754,12.550583,87.313431,0,2.0091848,8.3811712,2.2962112,22.968113,1.2055109,20.063145,47.169811,33.692722,45096.438,32.784809,51.582279,7.6672106,16.857143,23.762377,170166.67,121800,713.79309,984,79.551819,9.7629013,85.889931,29.567642,.025641026,.014652015,.46886447,0,0,0,.49084249,273,20834.801,18032.199,523.68103
17031843200,26,81.3333358765,115.50421906,361.3208923,2250,1842.9357,4.2899208,3.3777778,1.5111111,76.044449,17.866667,1.2,38.828915,35.466667,24.933332,46.220303,23.758099,56286.625,18.356409,26.663689,8.5418463,29.519596,28.834356,260102.13,236800,733.85687,872,35.188511,14.07334,84.739677,19.226959,.060263954,.041978057,.28223884,.57465416,.017172841,.0071553504,.01653681,6289,18809.699,32764.801,985.26398
17031843300,25.33333206177,83,147.88868713,484.5300598,2144,9504.3633,10.712727,54.710823,.79291046,35.774254,8.6753731,.046641789,56.510357,18.376865,28.008396,62.985073,26.865671,55441.762,45.904854,55.370281,15.134529,16.041979,25.282167,160223.22,160200,817.52264,956,47.648903,10.387324,64.494804,22.007042,0,.0042968751,.88398439,.052343749,0,.05859375,.00078125001,2560,19694.199,3721.03,102.114
17031843400,51.33333206177,92.3333282471,372.25042725,669.5672607,1254,4949.811,14.903051,67.703346,1.1164274,20.015949,3.8277512,7.3365235,49.458958,6.6188197,27.511961,35.9375,30.078125,34893.496,40.590111,50.797447,10.517799,7.4829931,40.358746,116448.34,101800,672.44092,667,65.983604,26.306913,90.208664,24.789207,.23943663,.04225352,.084507041,.61971831,0,.014084507,0,284,61755.5,24828.5,1395.51
17031843500,20.66666793824,112.3333358765,19.36350441,105.2500076,10079,12842.558,11.058716,66.762581,.45639449,24.119455,8.6615734,0,48.857788,9.9910707,52.783016,42.396313,16.129032,41570.668,29.417294,38.721806,7.5471697,2.5085697,42.333332,142913.39,138300,611.875,767,46.875,16.811594,34.901531,13.04348,.022414824,.0053795576,.36551106,.54961145,0,.054991033,.0020920502,3346,21741.699,50808.699,1557.49
17031843600,34.99999618531,135,116.93951416,451.0524597,2822,17787.951,6.1923523,89.759033,.85046065,4.1105599,2.4450743,2.8348689,19.11681,6.3075833,20.588236,61.525131,50.433277,65608.117,28.313253,36.640682,24.717285,38.05014,14.490446,267527.47,266400,884.86841,1040,58.548706,4.4816055,61.067616,15.986626,.40160644,.056224901,.11646587,.012048192,0,.35341364,.060240965,249,13840.4,7962.6099,250.20599
17031843700,10.33333396912,64.6666641236,43.49046326,272.1661072,2549,5226.8535,-20.242968,1.9615535,5.610043,26.677128,61.435856,4.3154178,54.600235,20.321695,16.378973,58.392857,7.5,158087.33,4.8646526,7.3754416,4.2390547,53.031162,62.305298,538828.31,447300,1133.0579,1264,39.118458,30.776892,82.475052,4.0836639,.069244601,.41157076,.060251798,.38729018,.0089928061,.054856114,.007793765,3336,26901.6,26587.301,1440.52
17031843800,28.33333206177,68.666671753,192.09039307,465.5367432,1699,3360.3232,9.4609718,43.613892,10.771042,24.072985,21.247791,.29429075,69.507492,13.831666,16.774574,52.976189,27.380953,51561.586,23.871735,34.441807,18.555418,7.319149,51.904762,167821.09,171500,896.28101,1182,62.288136,40.731995,74.867569,25.619835,.025773196,0,.015463918,.93298972,0,.025773196,0,194,15932.9,9565.04,338.685
17031843900,69,164,200.99038696,477.7162781,3332,3902.0229,6.9587259,87.27491,4.0816326,3.2412965,4.2316928,1.1704681,23.366472,8.1332531,15.816326,34.326241,28.368793,44728.23,33.133255,36.734695,9.1743116,39.305302,29.587404,126343.12,112400,852.13947,963,54.921803,1.1910013,85.564224,18.747246,.0052493438,.053805776,.74015749,.0052493438,.032808401,.069553807,.093175851,762,12892.9,15070.9,447.375
17043841002,0,,0,,2973,1877.6998,-13.620692,1.3790784,7.3662968,3.363606,87.352844,.53817689,23.017134,16.178944,17.507568,25.239235,5.1435409,127218.35,2.5227749,3.8892782,6.3348417,35.013145,88.078903,348946.25,338300,1293.5251,1248,21.582733,79.025925,90.76767,8.4053421,.032805432,.35294119,.41968325,.080316745,0,.11199095,.0022624435,884,17227.699,11818.9,119.388
17043841003,0,,0,,3436,3091.2566,-5.7161379,8.847497,4.2200232,6.4027944,79.685684,.84400463,35.12397,18.364378,19.484867,41.676941,1.8495685,83822.469,6.7389393,11.309698,2.8276236,34.854771,78.634361,293463.13,212800,1182.6855,1221,49.469963,41.746906,88.944725,6.3273697,.012618297,.10935857,.095688745,.42797056,.036803365,.0042060986,.31335437,951,16387.199,13636.4,164.72099
17043841004,2,,4.86263084,,3536,3694.6519,-5.3924875,5.147059,2.60181,13.489819,77.347282,1.4140272,38.001614,19.683258,19.075226,46.448086,15.409836,85750.508,4.5814481,6.5610862,4.3094497,36.60215,66.803001,266446.22,256100,939.83575,992,39.835732,54.819279,91.250717,1.8072281,.12521295,.12265758,.29216355,.080068141,0,.11499148,.26490632,1174,19490.801,14671.3,181.01199
17043841102,1,,1.73822355,,6018,3373.8701,-6.8278909,7.0455298,10.767696,15.254237,63.559322,3.3732138,55.505592,17.015619,28.522764,47.549019,11.764706,90191.766,4.8188767,5.2675309,7.4064775,37.32143,74.211906,196356.22,187500,1275.7216,1448,18.845501,35.01292,79.859833,1.6365204,.0051880674,.013942931,.0029182879,.94682229,0,.031128405,0,3084,17868.199,22512,244.343
17043841103,1,,2.35460329,,3898,3975.3757,-6.8346066,4.0277061,5.8234992,15.802977,73.70446,.64135456,42.67371,25.602873,19.125193,46.793133,12.737127,95926.625,4.6690612,5.2591071,5.9885511,30.809992,83.967186,298577.34,266900,1225.238,1322,26.190475,77.659576,85.394127,4.8936157,.089350179,.15974729,.29602888,.30144405,.052346569,.10108303,0,1108,22283.1,16777.699,164.312
17043841104,1.5,,3.50959277,,4565,2590.2688,-9.7594843,.10952903,6.1336255,7.491785,83.745888,2.5191677,28.865194,11.259583,22.650602,36.003372,3.1197302,101100.83,4.053452,6.6815143,4.3216438,39.981068,93.512764,292744.5,265300,1098.9362,1109,56.38298,93.16069,87.549934,3.7848587,.019329507,.077620052,.20477197,.56599218,.026578072,.012080942,.093627304,3311,50292.699,51843.5,856.31598
17043846103,4.33333349228,44.6666679383,8.3285284,85.847908,5534,4206.3486,-15.84696,3.8489337,7.4087458,7.5171666,77.773758,3.4513912,38.131184,11.004698,29.598843,46.090843,9.9032021,123715.16,4.2395554,6.7297797,6.3303661,64.552567,67.281105,358625.81,353200,1175.1613,1177,27.741936,64.003944,80.933281,3.6982269,.034957983,.078991599,.28806722,.019495798,.020840336,.030924371,.52672267,2975,13699.1,18326.199,268.98999
17043846104,1.66666674614,8.3333339691,3.74279523,18.7139778,4586,3273.7849,-19.697132,1.591801,18.011339,10.880942,67.684258,1.8316616,49.701492,20.017445,19.60314,48.133118,7.5487013,149471.09,6.8852458,6.8852458,3.7124803,59.400723,84.822601,374084.59,383300,968.83118,987,52.380951,81.298698,84.743507,1.1688309,.070015222,.05783866,.13242009,.59411466,.00050735666,.059868086,.085235924,1971,14770.5,16005.5,217.972
17043846105,5.33333349228,65,13.52608013,164.8491058,3559,3616.8711,-21.693144,2.1916268,6.4343915,11.12672,78.364716,1.8825512,36.854195,10.958135,18.432144,52.054794,2.9504743,153941.64,4.720427,5.6757517,7.1755724,63.711681,81.146896,479569.22,415100,1587.5,1683,57.327583,77.488853,85.052872,5.4234772,.21864717,.18756856,.32723948,.066544786,.00073126145,.18793419,.011334552,2735,12810.9,10227.8,161.278
17043846106,2.66666650772,60,6.71028328,150.9813843,3852,1884.043,-20.205009,4.5950155,23.805815,1.2201453,68.431984,1.9470404,47.239525,21.936657,17.860851,39.260021,.51387459,136869.97,2.2585671,3.271028,7.3627844,69.214661,63.756283,424158.72,430100,1404.2253,1421,32.922535,53.910446,85.124832,4.9552231,.0074666669,.7519111,.084088892,.0528,.0014222222,.098399997,.003911111,11250,12686.9,9200.5596,145.19701
17043846201,2.66666674614,32,4.24763727,50.9716454,6168,5558.5073,-13.159409,9.7276258,12.029831,3.420882,69.601166,5.2204928,48.773781,19.552528,20.282101,56.467941,22.047245,123254.21,8.1712065,10.94358,9.9824352,59.882832,75.62442,301992.66,312700,1117.8423,1162,52.074692,57.390549,88.830826,6.2852173,.14849187,.10672854,.17633411,.53828305,.0069605568,.023201857,0,431,12421.4,15741.2,284.04199
17043846202,0,7.6666665077,0,12.1847849,6258,5120.9995,-16.610119,3.627357,21.252796,4.7299457,67.753273,2.6366251,49.153309,19.319271,32.358582,44.051449,8.2958202,124719.46,6.6594672,7.6673865,4.8091373,68.857513,59.99131,366567.19,392100,1220.4126,1283,43.322475,50.450451,78.959206,1.2441025,.030474041,.049097065,.080135442,.040632054,.0022573364,.095936798,.70146728,1772,15309.3,16819.301,222.662
17043846203,4.33333349228,50.6666679383,10.68639565,124.9486237,4369,3226.2959,-20.862982,1.4190891,16.594187,3.3188372,76.379036,2.2888534,38.726082,16.296635,16.239414,36.587303,5.3968253,141795.23,1.9933555,1.9933555,1.895108,70.926414,95.568787,414912.72,359500,2004.4777,2328,37.313431,77.045021,83.011848,4.1217499,.25948104,.092481703,.33865601,.0499002,.0086493678,.23552895,.015302728,1503,13453,13263.2,214.843
17043846205,1.33333337307,14.3333330155,3.61434913,38.8542519,3946,4799.9561,-23.462631,1.8246325,15.30664,9.5032949,72.275719,1.0897111,44.470974,20.146984,15.648758,46.755554,2.8444445,161141.22,3.8276298,6.7427125,11.922882,69.3769,86.682426,484913.63,499700,1609.434,1159,80.503143,84.475967,92.550217,0,.02079002,.32432431,.2016632,.085239083,.0083160084,.19750519,.16216215,481,14204.2,11024.4,155.666
17043846206,2.66666650772,28.3333320618,6.25978041,66.51017,4387,5316.6108,-14.077825,2.1426945,3.2824252,2.2338727,89.970367,2.3706405,18.793573,4.4449511,20.651926,44.513828,3.3006244,115435.78,5.2427626,5.6758604,6.7429023,54.252304,76.421722,326731.59,343800,1305.1282,1208,48.456791,78.045837,83.641907,5.609169,.13165267,.54528481,.14192344,.064425774,.021475257,.09430439,.00093370682,1071,11779.8,9575.4404,175.045
17043846207,2.66666674614,23,4.74158382,40.8961601,5691,5353.9565,-23.155319,1.6341591,8.3816547,6.044632,81.813393,2.1261642,31.925886,10.63082,18.538042,43.256996,1.8447837,154315.28,1.9223986,2.5044091,3.2318211,70.047173,96.974281,331292.25,345400,2070,2554,56,81.209717,85.544937,1.6856689,.011111111,.17222223,.33333334,.088888891,.0055555557,.30555555,.083333336,180,10997.3,12712.6,256.198
17043846208,0,10.6666669846,0,31.3356838,3263,3479.53,-24.540688,.30646643,4.6582899,3.0953112,89.855965,2.0839717,18.901884,8.8568802,12.59577,44.103073,5.1536174,160574.67,.92222565,1.905933,5.090909,75.089607,93.791389,480102.22,448600,1826.1538,2181,60,93.846153,85.951942,2.1862335,.25187969,.2631579,.26691729,.16917293,0,.04887218,0,266,13211.2,9663.54,147.517
17043846209,1.33333337307,26.6666679382,3.09933376,61.9866753,4046,4465.9707,-32.339794,0,9.0706873,1.7053879,86.974785,2.2491348,23.45142,8.082056,29.522985,47.005077,4.3654823,211071.41,3.0915921,3.0915921,4.4596014,71.416595,86.258934,596824.13,540800,1172.619,1184,51.190475,85.44352,84.445549,4.5489044,.01509434,.13459119,.34842768,.076729558,.091823898,.33333334,0,795,12541.3,10517.1,170.27499
17043846304,2,17,3.51370335,29.8664799,6590,1557.502,-23.650959,5.9484067,30.652506,4.021244,56.585735,2.7921093,57.991287,31.365705,16.68437,49.182178,7.8398194,160318.66,3.3535659,5.4628224,3.9922373,74.955833,86.236855,460482.19,424500,1406.7137,1486,42.696629,74.046143,85.836906,2.972496,.15430267,.1454006,.4421365,.1454006,.03560831,.077151336,0,337,16358.4,27941.301,397.29501
17043846404,8,63,13.12766647,103.3803711,6060,5493.3486,-6.0523591,9.5049505,4.4059405,12.013202,73.118813,.95709574,43.9865,16.155115,23.671618,41.975307,17.592592,89874.305,8.8472767,10.410583,5.0918951,42.817165,50.314697,277821.03,215800,1127.7212,1243,51.76194,28.640778,69.897285,6.3453522,.072009295,.30720094,.33855981,.14576074,.019744484,.050522648,.066202089,1722,11322.8,13947.9,249.088
17043846405,1,25.6666660309,2.52016139,64.6841354,3879,1361.4095,-20.448597,2.1655066,19.927816,3.1193607,71.04924,3.7380769,45.26495,16.885796,13.482857,49.164207,7.964602,144600.48,3.6091776,4.9497294,1.7603635,69.75425,84.167236,433199.28,448200,1224.6637,1231,69.058296,63.147667,86.963272,5.5051804,.026107784,.56143713,.14427146,.19409181,.015409182,.057245508,.0014371257,12525,10735.7,11945.9,222.576
17043846410,5.33333349228,42.3333320618,10.48012066,83.18595120000001,5311,6196.2363,-8.4174767,16.814159,29.278856,11.730371,39.860664,2.315948,71.281944,37.751835,24.355112,49.013878,8.4733381,84735.773,7.2128062,8.6440678,2.674772,57.754597,31.740139,224561.7,251700,1272.5931,1351,32.817993,23.831139,68.329758,2.1788483,.043749999,.089062497,.29374999,.1484375,0,.19374999,.23125,640,8694.4902,7998.23,184.384
17043846411,3,45.3333320618,5.77145052,87.21302799999999,3909,1694.3293,-8.3516579,7.1373754,25.121513,14.632898,43.94986,9.1583529,70.883804,28.114607,30.097212,49.24012,14.387032,85400,7.648283,11.810614,11.024845,65.348038,40.291546,231895.8,209900,1277.5591,1396,44.255745,12.314768,67.036835,12.365868,.23024595,.18158032,.24908425,.28902844,.013256584,.034885749,.0019187162,5733,8533.4805,8285.8398,199.584
17043846412,6.33333301545,60.6666679383,13.51832008,129.4912872,4710,4763.21,-12.854143,9.1507425,12.441613,4.968153,70.467087,2.972399,47.623417,21.592358,25.732485,45.131084,8.6142321,105053.8,6.082037,6.2942009,9.3406591,63.62059,56.350529,264838.59,247200,1447.2899,1598,35.378033,26.404774,74.762726,10.343109,.16778761,.05982301,.4361062,.090619467,.00035398229,.12743363,.11787611,2825,9492.2002,11291.7,238.508
17043846413,3.33333349228,31.3333339691,9.33968449,87.7930374,3782,1812.7064,-11.747984,5.552618,8.9106293,6.6102595,76.86409,2.0624008,39.337311,17.953465,19.989424,43.174603,7.7248678,103065.38,5.3601341,5.6393075,5.6748466,55.9753,51.104477,308004.69,331000,1400.9537,1351,44.277931,31.492027,76.73307,4.6127548,.0099218916,.51351064,.17236647,.24424741,.0049609458,.034515515,.020477096,9474,9753.9199,7712.9399,159.207
17043846504,12.33333301545,119.3333282471,20.28175163,196.2396393,6650,3696.5442,-12.323663,3.4285712,4.225564,18.977444,71.413536,1.9548873,45.065315,18.045113,25.045113,43.601894,14.395735,118087.1,7.4442863,9.3409195,6.290041,51.287357,59.569984,523992.78,378100,1279.452,1281,55.328308,52.274509,80.227615,6.9803925,.045276422,.080484718,.5103997,.014167721,.049556881,.091879182,.20823537,16587,11021.6,14667.5,271.75101
17043846519,5.33333349228,173.6666564942,17.23766518,561.3013916,2901,1623.8081,-12.263534,6.411582,20.579109,9.9620819,57.325058,5.7221646,61.172432,24.543261,15.960013,46.086956,3.2298136,104295.28,10.134437,12.995519,4.0734367,62.810757,56.993008,301618.25,324300,1440.2439,1616,39.837399,48.25,69.746124,4.6666641,.52938575,.11533363,.097216085,.16106938,.010494919,.071696863,.014803358,9052,9428.1904,8747.9102,188.27901
17043846521,1.33333337307,31.6666660309,2.66453505,63.2827072,5227,3984.9229,-21.150187,5.2228813,9.5274534,3.1566865,76.583122,5.5098524,39.766514,10.656208,18.021809,44.394951,2.0044544,143838.63,2.4684272,3.1955607,4.7320809,68.848694,79.886833,392976.19,427700,1553.6193,1782,46.916889,60.392342,86.666664,9.2013092,.04966443,.16510066,.36375839,.048322149,.0093959728,.061744966,.30201343,745,10121.9,10859.7,222.17999
17043846522,1.66666662693,108.3333358765,4.23441744,275.2371216,3974,4915.0776,-15.6978,4.6804228,39.884247,5.8379469,42.450932,7.1464515,65.001053,34.474083,23.842476,67.502609,11.703239,121864.97,3.3383915,3.8189175,4.4809227,64.063713,59.807297,298440.16,320800,1429.0435,1571,41.565216,43.35857,77.407692,0,.49322799,.036681715,.29176071,.016930023,0,.14841987,.012979684,1772,9114.8701,6457.71,146.267
17043846523,1.66666674614,14,6.20270491,52.1027184,2777,3340.3491,-21.426853,4.0691395,1.6924739,1.6924739,90.925461,1.6204538,17.076479,6.7338853,15.862442,44.110275,3.6340852,148437.39,1.7644941,1.9445444,3.7873271,65.091301,95.619659,389218.88,374300,2010.8108,2281,51.515152,100,84.665695,1.4736862,0,.115727,.2106825,.46587536,0,.026706232,.18100891,337,10839.2,6569.79,126.8
17043846524,4,109.666671753,7.7684989,212.9863434,4784,1053.4489,-17.930704,7.2115383,20.882107,6.166388,64.172241,1.5677259,53.53373,26.860369,14.903846,47.484276,8.8050318,135219.16,4.0110354,4.5203733,3.1540639,62.44622,84.462616,345493.22,347500,1403.0076,1486,30.827068,62.764771,81.937119,4.5707932,.71052629,.073308274,.098370925,.018170426,.025689224,.072681703,.0012531328,1596,9214.96,12982.1,308.496
17089850800,6.66666698456,97.6666641236,9.104980469999999,133.3879547,6733,5331.8887,-1.0523034,1.9604931,.99509883,64.324966,32.541214,.17822665,47.98502,35.749294,25.924551,49.853371,7.7712612,72189.914,11.321882,12.636295,2.9691877,20.248028,75.468826,169911.02,162500,893.11829,1093,48.172043,89.721725,87.295578,11.445244,.19602649,.13774835,.34304637,.16556291,.0013245033,.15364239,.0026490067,755,5622.6602,9408.1699,131.403
17089851000,6.66666650773,95,9.89266396,140.9704742,6915,3366.7378,-.5623548,9.2118587,8.0983372,35.719452,44.873463,2.0968909,65.556549,22.979031,30.795372,40.443897,14.180025,76843.789,14.772366,22.14263,6.9247546,27.072226,50.887573,135127.48,143900,983.13251,1111,46.729774,37.406483,82.309837,15.710724,.014543155,.45684478,.023079354,.3420803,.00031615555,.067341134,.095795132,3163,4942.6099,5736.96,92.452499
17089851101,7,50,18.07851219,129.1322327,4218,6983.0947,1.6149867,10.739687,4.0540538,27.003319,54.907536,3.2954006,61.133472,22.214319,21.372688,51.708633,16.546762,60414.188,10.490009,12.15509,7.7975945,21.9711,57.51223,143512.03,154700,840.34485,945,67.190231,73.907455,78.610779,8.0334167,.022975929,.10175055,.45623633,.38183808,0,.03391685,.0032822757,914,4789.75,4680.23,107.085
17089851102,6,45,13.08900547,98.1675415,3660,6189.0566,.62911791,3.6612022,2.240437,47.896175,45.136612,1.0655737,56.490833,31.010929,24.890711,50.511509,12.915601,68622.789,17.319813,19.512196,2.0843925,24.228878,67.44574,165941.7,166300,777.31091,981,71.63324,71.594429,85.905289,7.2755432,.22543353,.0867052,.19075145,.040462427,0,.42196533,.03468208,173,4664.73,3494.96,69.911201
17089851301,8.33333301545,54,23.74168968,153.8461609,4067,12835.956,6.3165965,4.0078683,3.0735185,68.945168,16.572411,7.4010329,48.91634,36.660931,29.259895,57.989689,18.556702,56724.094,20.506516,28.645193,11.081442,10.653864,46.195652,145964.31,142800,860.80841,951,57.644989,43.790321,82.338058,10.967743,0,.10135135,.013513514,0,0,.20945945,.67567569,148,5049.0801,3428.3201,67.877296
17089851302,3.66666650772,56.3333320618,11.34839535,174.3526154,3388,10126.012,5.9201417,12.691854,.94450998,72.933884,12.337663,1.0920897,43.65263,32.821724,28.541914,57.843136,15.82633,57864.633,20.365997,28.010626,9.0546694,9.090909,45.046082,134471.36,122500,859.95673,980,67.099564,52.375809,72.615845,6.2634964,.015174977,.019820377,.92381543,.0096004959,0,.031588726,0,3229,5153.8101,3246.3601,57.687901
17089851400,9.33333396912,91.666671753,14.41886902,141.6138916,7136,9433.3682,4.7494669,4.2180495,2.4943945,69.77298,19.044283,4.4702911,47.250488,43.778027,29.680494,60.6264,21.923937,66229.977,17.814053,25.663591,15.654019,10.230548,55.517635,126669.57,131100,860.55048,1093,43.597122,70.056206,80.899513,10.168625,.3991684,.058212057,.3991684,.081081077,.012474013,.04989605,0,481,5187.1602,7710.4399,167.70599
17089851500,5.33333301544,86,53.01523972,854.8707886,1164,2392.8081,6.4642663,3.6941581,4.5532646,62.457043,29.295534,0,52.065105,35.137459,34.707905,63.559322,31.779661,57393.031,18.515123,28.689276,16.881029,20.60932,27.345844,141378.44,134100,769.28839,837,60.674156,28.365385,71.312218,10.33654,.13134658,.084988959,.15231788,.47350994,.004415011,.14238411,.011037528,906,5228.1099,2835.1499,69.752502
17089851600,16.66666603089,86,24.65483093,127.2189331,6785,9187.9033,6.2080288,7.280766,.75165808,57.803978,31.952837,2.2107589,55.792545,26.941784,21.28224,65.003281,21.996061,58602.004,20.996122,27.438116,6.9367709,10.788177,51.132404,130386.03,126400,731.91681,811,51.277199,58.164982,80.901581,3.3670044,.010526316,.0061403508,.87192982,.032456141,0,0,.078947365,1140,5128.5,5850.9702,155.339
17089851904,20,178.666671753,27.55959702,246.1990814,7452,2143.3484,-1.9564685,3.1937733,4.575953,34.500805,57.071922,.65754157,55.209179,20.625336,18.230005,52.459015,18.628912,78532.734,9.9421806,12.395995,8.8243065,28.632813,63.46154,209964.31,211100,932.27271,975,67.5,60.097233,86.521149,4.7120438,.063806377,.059955996,.81371468,.022918958,.0040337369,.033736706,.0018335166,5454,3849.48,6554.5898,129.004
17089851907,.6666666865400001,16.3333339691,.7850526,19.2337894,7591,4507.6616,-8.0017996,5.5723882,10.749572,26.096693,53.761036,3.8203135,62.67514,25.5961,23.494926,53.773586,5.4384017,94057.883,1.9104084,1.9104084,4.9021668,31.949301,83.161797,237374.2,192000,1617.1428,1731,61.038963,53.322594,88.189293,2.1747894,.22892939,.056947608,.35421413,.14009112,.068337128,.15148064,0,878,4971.96,9444.9502,267.58099
17089851908,5.66666698456,171,9.5575428,288.4128723,5082,2908.217,-2.5510848,10.17316,6.0212517,34.651711,47.855175,1.2987013,63.677059,21.428572,22.786304,45.668015,8.7449389,75815.438,5.6674566,6.3586097,6.1189413,20.966299,79.051819,227308.92,146700,1226.9886,1444,49.715912,54.661018,82.449142,3.9194946,.16042367,.052441228,.057607852,.31903902,.0095582539,.095840871,.30508912,3871,4644.25,6480.3398,154.536
17089851909,1,30.3333320618,2.41721058,73.322052,4465,4619.959,-4.2147365,1.18701,8.7793951,29.025757,59.440086,1.5677491,55.434368,17.133259,19.529675,31.949806,11.776062,85605.438,7.9935498,8.7998161,6.0994563,26.853016,79.029129,175792.95,186700,1112.7036,1317,50.162868,67.082588,83.88636,8.199646,.2206655,.082311735,.66549915,.028021015,.0035026269,0,0,571,4342.3398,3754.8501,68.9552
17089851910,3,48.6666641236,7.5452714,122.4010696,4545,1537.4941,-3.3423278,8.0528049,2.3322332,34.323433,53.79538,1.4961495,58.554337,23.432343,20.09901,32.861191,10.009443,85785.188,9.8878927,15.201794,7.6792531,25.53923,69.525665,213100.66,201000,929.65369,900,52.380951,62.302341,83.925812,2.6565475,.023154145,.055051815,.39896372,.50064766,0,.019430052,.0027525907,6176,3431.05,3779.53,64.270203
17089854600,30,193,73.65578461,473.8522034,3716,4326.3228,2.2900229,9.3110876,2.9332616,60.898815,26.076427,.78040904,55.154446,34.472549,27.610332,58.647594,15.474643,68620.477,20.455162,23.760498,7.880435,18.402342,30.638952,204530.91,191500,874.91449,918,34.549599,29.779917,75.047623,10.660248,.0084534101,.057156581,.17857829,.040345822,.093948126,.015658021,.60585976,10410,4809.9302,5945.4702,119.804
17089854900,7.66666650773,60.6666679383,13.46446514,106.5449066,5838,2025.4623,2.8753669,16.992121,2.3809524,25.882153,53.066116,1.6786572,62.168823,12.829736,23.715313,54.187546,26.700071,69051.102,18.216492,22.593534,9.2245989,22.044729,57.599579,157763.14,159500,632.79303,682,46.21212,55.063614,79.923981,2.9007645,.014014175,.032216493,.48485824,.45779639,.0011275773,.0093427831,.00064432988,6208,6256.2798,9104.1396,357.54199
17097860400,1.5,,2.38284349,,6049,1476.1654,-.59433317,25.508347,1.9507356,28.682426,41.99041,1.8680774,67.561531,13.1592,26.963133,55.873402,23.006695,77150.375,13.522897,13.522897,10.644161,24.993366,55.765594,151947.03,143300,1041.9069,1166,45.565411,51.792828,76.948051,6.3302383,.13856813,.057736721,.17321016,.34872979,0,.099307157,.18244803,433,32282,64139.801,55.341099
17097861504,4,,4.63875675,,8414,2969.9983,-3.6121724,7.1547418,24.411695,49.061089,18.350368,1.0221061,66.081078,46.933681,27.270027,63.357971,16.473072,83530.078,11.998571,16.081419,6.880549,37.416885,46.311008,97395.586,90600,1143.8558,1275,36.775631,23.921568,76.692818,5.7753983,.088794567,.095925294,.14091681,.59456706,.0050933785,.074702889,0,5890,38040.398,91003.5,95.335701
17097861506,0,,0,,5311,1920.9662,-2.3738282,24.063265,4.8201842,20.37281,47.486351,3.2573905,67.171097,16.738844,25.522499,56.948639,28.776436,81344.602,14.065147,18.263981,10.106738,44.149967,48.474575,219380.92,196600,1067.0112,1176,37.735851,28.854118,72.563805,4.9700851,.041237112,.36082473,.06185567,.041237112,.2113402,.28350514,0,194,73001.203,79677.203,40.771301
17097861701,2.5,,14.76668644,,1657,392.41864,-4.9236541,2.2329512,1.2673507,24.502111,65.359077,6.6385031,50.771751,11.707906,22.812311,36.817101,1.4251782,81519.578,4.8280025,4.8280025,4.5454545,23.805601,85.43689,186146.97,159300,1081.1111,1170,67.777779,97.191887,85.836388,3.5881424,.10810811,.081081077,.32432431,.48648649,0,0,0,37,46455.301,25553.5,17.4881
17097861702,17.5,,41.86602783,,4232,4340.0322,-3.5281024,12.121928,1.205104,44.943287,31.687147,10.042533,67.267799,26.299622,22.270794,31.421005,8.4730806,78856.68,6.8349609,8.240057,5.2524428,26.595745,78.538208,143264.81,139500,860.99072,802,44.89164,84.344063,82.608696,6.8688126,.0021126762,.0028169013,.84788734,.035915494,.034507044,.07676056,0,1420,57720.398,58515.602,44.603901
17097861803,28,,37.85830307,,6595,4313.1855,2.106111,18.043972,1.6679301,47.626991,31.781652,.87945414,63.924561,21.243366,32.403336,55.844982,23.57052,66688.781,9.7675829,12.714568,11.635884,16.970158,49.122807,158821.42,113300,928.47626,1061,65.445465,62.51926,81.956261,5.5855179,.32083333,.047916666,.38958332,.064583331,.045833334,.13124999,0,480,81885.203,132006,65.105202
17097861804,13.5,,33.19400024,,3750,7492.5854,9.6232834,14.133332,4.7200003,69.813332,10.853333,.48000002,47.860435,33.733334,26.426666,72.304443,35.940804,48850.797,21.19507,29.903538,8.347928,12.072539,48.586571,118623.09,99700,672.04858,833,56.076389,61.514194,70.131653,10.725555,.56701028,.018041236,.046391752,.072164945,0,.29639176,0,388,100995,79147,37.978401
17097861901,.5,,1.87195802,,3561,2343.1157,-.37618259,9.2108955,6.2342038,43.049706,35.636059,5.8691378,67.186417,23.027239,20.036507,44.927536,21.635611,76094.82,7.7492876,13.133904,4.3383946,22.968349,79.375511,168878.88,136600,929.14801,1120,33.809525,99.605675,88.007957,4.0220795,.10404624,.01734104,.28901735,.58959538,0,0,0,173,125827,113026,35.759201
17097861902,14,,18.99592972,,6835,4564.6772,5.5321221,19.429407,4.7841988,54.308708,17.205561,4.2721286,63.358917,34.045353,23.152889,52.225311,21.974966,50107.902,12.990269,14.081392,6.5792856,11.740088,40.084389,128363.45,139200,787.55701,894,47.788204,36.106258,74.911659,8.8780136,.10857143,.024415584,.79324675,.019740259,.0062337662,.045194805,.0025974025,1925,161560,236270,88.704102
17097862000,24.5,,43.01264191,,5480,8587.6758,6.8728743,10.839417,2.7007298,72.33577,13.485402,.63868612,44.604858,36.897812,23.430656,62.759766,27.265171,56084.656,17.516508,25.605282,8.422555,11.490015,55.595669,115908.01,87400,888.75909,1046,47.59124,75.692627,78.488693,13.12075,.10817308,.081730768,.54326922,.091346152,0,.14182693,.033653848,416,66897,89028.203,80.100403
17097862100,18,,31.83586884,,5492,10171.316,8.0369768,17.516388,.7283321,63.801895,16.587765,1.3656226,53.449448,31.97378,28.914785,56.611927,24.373379,51143.641,26.653271,33.138474,11.621335,14.809874,43.815029,106778.37,101300,789.37769,1016,62.55365,56.657825,74.462959,8.2228088,.10328639,.24413146,.2488263,.18309858,.037558686,.032863848,.15023474,213,57406.5,57846.199,58.256802
17097862200,23.5,,56.23354721,,4091,1555.3306,4.6471381,32.461502,.87998044,31.679296,27.743828,7.2353945,71.19828,16.792959,33.732582,59.31308,31.968296,68902.961,28.172817,29.192919,12.73292,20.681362,34.320427,176187.83,158400,809.33014,874,52.567234,38.803986,65.214142,12.491692,.0047483379,.060236059,.46818614,.066748068,.013838014,.024148691,.3620947,7371,154125,71749,104.202
17097862300,37.5,,134.40859985,,2778,2243.5376,17.099129,37.868969,2.3398128,45.212383,9.359251,5.2195826,64.014671,26.529877,28.61771,70.753067,43.432575,38787.039,38.153625,58.276234,13.682565,5.8615818,19.915701,151379.36,104800,493.1217,635,54.790821,26.460482,67.802887,18.470787,.0029010733,.0014505367,.91180736,.070205979,0,.0031911808,.010443864,6894,175510,65932.703,106.878
17097862401,8.5,,31.2041111,,3320,9994.5654,9.1524305,11.596385,1.8373493,70.150604,13.042169,3.3734939,47.595623,38.704819,23.11747,64.943459,23.74798,40545.672,21.150949,30.581501,11.997564,16.30327,24.066719,110208.91,79300,631.56781,737,52.7957,30.835545,80.600677,16.51194,.069444448,.2638889,.25694445,.16666667,0,.013888889,.22916667,144,67801.203,54752.199,71.6875
17097862402,9,,32.54972839,,3032,9854.2939,9.3556252,12.104221,0,82.717682,3.9577837,1.2203166,29.941198,44.920845,23.449867,55.698235,28.250401,51075.965,28.066116,31.008265,7.0841241,5.6167979,35.281147,101259.38,83600,690.69342,867,39.962475,45.792564,79.744713,11.252449,.19,.029999999,.77999997,0,0,0,0,100,72114.602,45832,64.568802
17097862501,16.5,,45.36706162,,3990,8739.0576,4.6665583,10.551378,0,85.037598,4.1353383,.27568921,26.400988,50.902256,24.786968,59.4328,25.524044,65169.738,7.2576594,14.866901,8.8172045,3.1079378,54.268806,89341.125,81400,808.90271,959,56.52174,78.571426,88.807663,1.7441864,.055266887,.021728862,.78837979,.10155881,0,.033065658,0,2117,57586.602,52605.301,63.430901
17097862502,7.5,,27.84998131,,2648,5450.3394,6.3529782,18.202417,.9818731,65.483383,13.97281,1.3595166,51.825466,31.533232,25.641994,49.304176,24.055666,65302.117,18.204182,29.151291,12.137404,4.7945204,70.546738,109722.5,109300,819.7605,987,29.341318,66.450569,86.994331,8.1037292,.0094517963,.0037807184,.34215501,.64461249,0,0,0,529,54460.602,38308.801,54.780701
17097862603,31.5,,43.95757675,,7877,6978.4443,5.0101089,14.942236,6.1317759,64.085312,11.159071,3.6816046,54.941246,40.358006,25.250729,54.215637,20.337252,60831.738,13.95828,23.873293,11.233767,11.697008,46.853977,121145.77,114700,805.88232,883,59.590599,56.861973,72.95977,.62918091,.17732884,.17807707,.16236438,.36213991,.024317246,.094650209,.0011223345,2673,86898.203,121666,79.415298
17097862604,25,,54.48997498,,5185,5077.4048,5.8708544,6.9238186,3.0472517,73.828354,14.233366,1.9672132,42.856911,43.606556,26.962393,62.466248,16.11161,57284.031,14.506234,24.717989,6.6465259,6.7071114,61.137764,113743.5,73300,828.39508,898,53.680431,52.484684,79.391693,.68073273,.096491225,.067982458,.59100878,.11677632,.047149122,.075109646,.0054824562,1824,61667.398,90891,78.274696
17097862605,8.5,,21.66709137,,3893,3562.1565,16.411217,47.62394,3.2108915,23.503725,24.736708,.92473674,65.564651,16.850758,24.49268,65.521065,46.563194,31747.236,44.103439,48.70702,25.761589,12.214089,27.261307,92379.031,83200,512.23407,686,58.607716,15.331412,69.299393,8.2420731,.2016317,.11888112,.5221445,.036130536,0,.12121212,0,858,47350.199,44498.602,55.307499
17097862700,34.5,,97.90011597,,3926,10854.953,13.607909,21.472237,.76413655,73.81559,3.6933265,.25471219,40.759121,39.760571,26.171677,54.567024,27.164886,41720.07,34.258789,49.923588,12.945694,5.1541648,36.162689,84569.68,79300,713.24402,881,71.677216,31.040001,67.133423,9.5199966,.020080321,0,.87148595,.096385539,0,.012048192,0,249,71763.297,52946.301,81.845299
17097863601,1.5,,4.45897722,,3638,449.00418,-35.66452,2.3364487,10.032986,1.3194063,84.854317,1.4568444,26.897619,12.809236,17.234745,41.586075,.48355898,230935.61,.39084309,1.6471245,5.143476,66.567673,94.913795,555482.19,512600,2005.0847,2479,38.983051,92.598824,85.190292,2.4390259,.011327378,.10370134,.15634972,.72718573,0,0,.0014358647,6268,22334.801,20791.801,43.996201
17097866100,14.5,,39.63914871,,3502,5305.5903,8.1366253,10.593946,2.5128498,64.705887,19.360365,2.826956,53.11787,43.803539,25.785265,64.09922,30.548304,50680.367,15.515695,26.935724,12.756985,13.079551,39.726028,137412.64,99500,764.54547,785,63.458405,49.562939,79.428734,4.2832184,.14389358,.15961306,.3555018,.0084643289,.068923824,.25272068,.010882708,827,71127.398,68234.602,45.772202
17197880118,.33333334327,18.3333339691,.68320012,37.5760078,4825,1608.783,-25.373756,.80829012,15.19171,2.3212435,79.481865,2.1968913,34.409775,16.124352,14.99482,52.874432,3.1770046,167327.55,2.0725389,2.238342,2.9377658,71.465134,97.603943,483369.53,453900,1525,,46.42857,98.520088,90.029266,0,.0088105723,.42731276,.27753305,.16740088,.030837005,.074889868,.013215859,227,13363.3,14762.3,281.17899
17197880119,.33333334327,10,.81579381,24.4738121,4285,2764.814,-20.560783,2.4504085,18.436407,1.0735122,75.052513,2.9871645,40.111393,18.249708,18.553093,48.57143,3.8392856,140811.61,2.8938155,3.8973162,6.1683927,70.613564,96.643356,368350.72,365700,1572.9166,1483,52.083332,84.920082,93.2407,.62543488,.014705882,.43382353,.40073529,.15073529,0,0,0,272,10497.5,10453.9,228.274
17197880303,2,13,4.50653458,29.2924747,4173,3892.4946,-18.259159,2.9475198,11.358735,3.7622814,80.901031,1.0304338,33.020977,14.402109,21.207764,45.578232,5.1870747,137015.56,5.4397316,5.9669304,3.837671,61.088783,90.272377,348409.41,333500,1828,2022,48.799999,89.008453,85.47567,1.2298203,.017291067,.046109509,.08501441,.015850144,.0129683,.08645533,.73631126,694,8601.2402,7042.1299,193.47701
17197880304,.33333334327,9.666666984600001,.70576614,20.4672184,5028,4731.4336,-27.784443,1.531424,13.842482,5.7875896,74.224342,4.6141605,42.42001,13.564041,19.331741,52.492668,3.2258065,181047.02,4.0710435,4.0710435,4.7742414,74.724586,98.952194,429034.28,449600,,,0,98.435463,91.62146,.45632172,0,.102649,.2781457,.099337749,.0033112583,.0066225166,.50993377,302,9444.3203,9986.8301,249.049
17197880305,1.66666662693,20,3.21812439,38.6174927,4925,4355.9663,-26.645119,2.6598985,13.685279,3.1065989,78.822334,1.7258883,35.800484,12.629441,19.005077,52.532562,3.617945,174356.7,1.8071066,3.2284265,3.3935018,73.853065,98.357422,425789.19,446500,,,0,92.801559,92.914192,1.29702,.070247933,.26859504,.40495867,.18595041,.0041322312,.0661157,0,242,8294.8203,9481.6396,285.14899
17197880307,2.66666650772,27.3333339691,4.23146057,43.3724747,5623,5319.6572,-12.661169,6.5801172,26.320469,5.5486398,59.807934,1.7428418,56.531212,27.031834,20.184956,53.974617,9.2184372,108651.15,7.1669927,9.9413128,4.3092103,62.178478,64.645477,379453.94,343600,1510.2565,1688,37.024792,46.942448,80.241867,8.0485611,.30413017,.30162704,.21902378,.043804757,0,.12515645,.0062578223,799,7902.77,9616.4199,279.50699
17197880309,1.33333337307,18.3333339691,2.80524588,38.5721321,4911,2468.5452,-28.998014,3.4005296,20.749338,1.5068214,70.494804,3.8485036,45.71302,15.597638,21.991447,63.138138,3.4534535,188327.78,.40724903,.69232333,2.9334335,71.126053,94.626656,421150.44,438000,1834.2858,,20,99.03714,88.956932,1.4442902,.10474485,.17278424,.2354521,.25514773,.030438675,.18352731,.017905103,1117,7501.71,11138.3,371.34
17201000401,5.66666698456,29,24.90842628,127.4725266,2032,4046.7886,-2.8680081,2.1161416,6.8897634,1.968504,85.580704,3.4448817,26.082535,6.2007875,17.691929,44.48819,13.582677,75201.922,8.0611172,14.541623,3.1775701,38.002682,92.539108,109606.63,99900,786.95654,1000,100,94.329338,83.610687,9.3784103,0,0,.75,.25,0,0,0,8,19322.699,7620.73,37.7785
17201000402,5.33333349228,24.3333339691,17.97550964,82.01325989999999,3043,2996.3259,-6.5416112,9.0042715,.98586923,11.567533,76.273415,2.1689122,39.618057,10.055866,13.703582,31.365314,3.3210332,84481.539,2.2924626,10.455019,6.5173116,40.815487,85.232742,130603.67,131400,1426.1364,1359,59.146343,88.855423,86.071785,6.1746979,.13081396,.17732558,.57703489,.011627907,0,0,.10319767,688,22892.699,13197.4,59.362301
17201000403,15.33333396912,84.6666641236,34.43371582,190.1339874,4247,2505.8315,-3.1497655,10.501531,3.3199906,8.3352957,72.545326,5.2978573,45.18327,7.5818224,20.720509,29.822926,11.183598,72277.547,6.7237473,7.9828758,6.1149182,34.306805,71.008171,131105.91,122400,1036.8422,957,49.105366,57.185478,82.105019,8.7518616,.35168448,.069843881,.34593263,.0016433854,.060805257,.14379622,.026294166,1217,55907.602,52378.199,139.692
17201000501,15.66666603089,75,33.70625305,161.359726,4287,2835.1194,.50632393,12.549569,4.315372,16.74831,64.380684,2.0060649,53.944828,15.208771,17.658035,35.231316,11.565836,66392.445,10.600047,16.717255,3.9231713,23.655237,71.066254,108609.1,104700,668.15741,762,59.212879,66.775398,82.145378,9.9720383,.17892976,.34615386,.13879599,.13712375,.053511705,.10367893,.04180602,598,10315.8,11149.2,136.45
17201000502,23.33333396912,99,60.1219635,255.0888977,3219,2583.4871,6.1232772,11.463187,3.292948,19.043182,64.305687,1.8949983,53.562965,16.309412,20.72072,41.782406,26.736111,53576.266,17.964071,25.282768,11.952662,19.766939,59.92218,104489.61,95800,665.72583,704,46.694214,58.598724,80.74749,18.152863,.16110888,.15307352,.47730011,.043792687,0,.12856568,.036159102,2489,12002.9,9757.3301,81.026802
17201000506,1.33333337307,25.3333320618,2.66933608,50.7173805,4269,2741.4268,-12.673244,11.618647,3.8416491,2.9983602,75.802299,5.739049,40.623337,5.7624736,15.003513,33.559898,5.6924386,111178.76,3.6192715,5.4524088,6.4402294,50.663715,89.316772,166100.91,137800,1158.3334,1302,27.083334,97.017548,88.377556,5.8479538,.075729929,.097627737,.64963502,.027372263,0,.14963503,0,1096,23339.199,18479,74.8965
17201000507,24.33333206177,125,70.63376617,362.844696,4127,2351.1853,1.8930942,7.002665,5.1611342,25.80567,59.801311,2.2292223,56.772266,14.538405,21.952993,50.845665,16.490486,65618.258,24.513514,27.621622,5.7403436,30.751965,40.124611,157773.3,141600,684.18707,739,46.325165,35.922897,74.410027,6.25,.053709604,.019799726,.81611288,.0061447429,.012289486,.023896223,.068047337,4394,15199.4,11894,70.807098
17201000510,5.66666698456,30.6666679383,15.95345402,86.33634189999999,3179,2094.1255,-12.532233,5.3161373,9.0279961,7.2349796,77.60302,.81786728,38.149918,13.998113,21.185907,32.247192,2.3595505,108438.32,5.2231717,6.2361507,6.2796206,51.002987,74.299065,164303.56,165400,933.2298,948,51.633987,70.869568,89.155472,6.9565201,.10301179,.19598429,.14316893,.018769097,.011785246,.11174159,.41553906,2291,32979.102,22508.9,65.141899
17201000511,7.33333349228,99,29.53416634,398.7112427,2661,1323.8246,-9.8124285,6.7267947,12.927471,18.414129,61.067265,.86433673,57.185925,27.546036,16.102968,31.494921,8.4179974,106144.41,4.8102217,5.5618191,8.7020645,37.354496,73.465706,220543.73,159100,1027.5093,1113,29.296875,70.531822,85.606918,3.400177,.20398277,.33288482,.31862217,.028794402,.014262648,.10145318,0,3716,17711.5,10787.4,51.367199
17201000512,14,153.666671753,30.48780441,334.6399536,5070,767.48956,-6.5991116,8.3826427,2.0512822,4.1617355,77.396454,8.0078888,38.538662,19.881657,14.832347,32.314743,1.2223071,80726.367,4.4545636,6.3551774,7.3170733,39.53257,56.756756,169588.38,146300,936.01849,1042,54.259258,41.185184,78.33828,4.0740738,.1884253,.081292056,.38977119,.01911171,.00269179,.27294752,.04576043,3715,17969.801,23568.1,104.664
17201000513,6.33333349228,117.6666641236,15.2610445,283.5341187,3785,1867.5994,-3.1115186,5.2047553,12.734479,2.3778071,78.943199,.73976225,35.725136,14.768825,11.889036,30.872482,8.5330772,77129.266,7.6616349,8.4591284,10.730744,25.875486,77.298309,139229.78,137100,918.64404,1084,43.785309,61.700947,88.767342,11.117287,.19800276,.10089532,.40323693,.018939395,.0082644625,.26893941,.0017217631,2904,10741.2,8568.1699,66.678299
17201000600,22,90,52.09566498,213.1186371,4356,3972.0789,-1.9847956,8.7695141,1.721763,10.812673,76.101929,2.5941231,40.049843,10.330579,16.678144,42.857143,12.698413,70256.727,12.540341,15.168281,6.8845315,37.411766,71.299942,106656.35,100400,763.81708,888,45.061729,81.123245,81.431557,7.5923004,.29626411,.14769766,.42571676,.025195483,.026933102,.067767158,.010425717,1151,15097.8,14168,87.197998
17201000700,11.66666698456,64,37.01353836,203.0456848,3353,2797.79,-2.4919496,5.1893826,1.6999701,3.6385326,86.668655,2.8034596,24.376268,3.6087086,20.086491,41.309822,16.876574,78262.695,9.3945723,14.285714,11.933602,33.767258,64.887062,113093.88,104500,692.23108,852,28.629856,77.654724,74.256531,4.8208466,.032778077,.036539495,.46749058,.062869422,.35518539,.013970983,.031166039,1861,18146.6,13297.8,80.359299
17201000800,41.33333206177,107.3333358765,184.85389709,480.0238647,2493,4737.9932,12.209435,12.83594,1.2434818,20.978741,60.248695,4.693141,57.416538,10.268752,26.855194,40.535374,39.005737,42543.059,28.399519,38.868832,16.559601,13.037974,30.839567,77956.875,65400,506.64206,655,47.761192,44.081894,79.467995,23.032631,.024944974,.10858401,.68231839,.096845195,0,.063096114,.024211299,1363,15179.9,9452.7305,71.568604
17201001000,51.99999618531,90.3333282471,185.91346741,322.9650574,2665,4733.9824,18.010729,46.228893,7.0168853,14.446529,31.819885,.48780489,65.922073,17.410881,20.675423,70.769234,41.367523,26097.861,53.601212,55.76194,29.508196,10.412574,27.005348,82442.242,66200,454.82867,598,67.310791,30.732044,58.161709,22.513809,.016252389,0,.31261951,.56978965,0,.07361377,.027724665,1046,11993.8,4587.4399,78.260101
17201001100,35.66666793824,148,252.23951721,1046.6761475,1074,3242.1587,16.354742,29.329609,1.9553072,9.5903168,58.286781,.83798885,56.459255,7.0763502,7.4953446,48.507462,21.64179,21681.492,38.826817,53.910614,8.2595873,9.1915836,7.7348065,79375,63300,352.83307,407,33.179012,12.381951,75.095055,24.029381,.03011889,.12866579,.71017176,.057067372,0,.073976219,0,3785,13431.6,3773.5701,39.23
17201001200,68,135,271.78256226,539.5683594,2199,5158.6001,17.549967,21.00955,12.55116,35.970898,26.466576,4.0018191,73.906677,30.42292,24.965895,54.911839,32.74559,28883.48,52.171925,57.201645,18.448439,4.2879019,31.04213,55432.145,52200,455.11551,575,59.402458,18.213058,65.76162,22.508591,.25212464,.070821531,.54390937,.099150144,0,.033994336,0,353,12061.6,6697.3799,90.001602
17201001300,56.33333587647,75.3333282471,252.276474,337.3637695,2589,7073.7261,15.660647,23.677095,3.3989959,27.61684,36.11433,9.1927385,72.764008,10.428737,29.374275,65.280289,47.377937,40492.348,36.50058,46.774818,13.36554,5.2800002,34.504391,68627.273,56600,591.55206,754,49.490833,45.352402,67.268349,18.590401,0,.0029440627,.96696109,.027150802,0,.0029440627,0,3057,12896.2,6118.7598,55.9226
17201001400,47.66666412354,143.6666564942,113.43804169,341.9006653,4051,6760.6177,10.710916,20.044434,.39496422,25.22834,53.344852,.98741055,61.149475,11.083683,23.78425,61.414143,38.686871,46228.625,23.781242,34.867607,18.336237,15.123586,45.39312,70042.086,57700,641.81818,735,33.687943,55.680538,79.994804,8.4364471,.21753247,.10714286,.31493506,.15909091,0,.2012987,0,308,12686.9,10788.8,84.831299
17201001500,34,161.3333435059,65.03443145999999,308.5947571,4692,3429.3284,2.8484623,8.1415176,.36231884,17.625746,71.121056,2.7493606,45.571541,11.253197,22.005541,42.745098,18.352942,56479.23,12.97954,14.450128,10.264267,21.668705,70.700043,83863.609,75500,622.651,702,67.281876,74.740768,82.586319,10.535049,.075930372,.048919566,.66956782,.054021608,.028511405,.1167467,.0063025211,3332,12255.2,15928.6,122.33
17201001600,36.66666793824,106,70.63507842999999,204.1995697,5600,6626.8037,5.095809,20.267859,2.5,15.821428,55.446426,5.9642859,62.227673,7.7678571,19.821428,51.795582,28.453039,53281.645,6.1808119,13.173431,10.38961,15.848086,61.152416,89388.68,83600,673.92346,863,30.359356,70.197258,78.41362,7.7186966,.23125,.11875,.068750001,.18125001,0,.40000001,0,160,10120.1,10455.6,116.129
17201001700,15.99999904633,79.666671753,57.53325653,286.4677124,3195,5600.4746,5.0561442,14.741784,.21909234,21.533646,61.65884,1.8466353,55.137112,9.6087637,23.521128,55.680225,23.281908,53003.656,17.044739,21.833649,11.972705,21.795538,62.355042,80977.68,81700,738.38861,927,36.255924,81.839439,78.1558,12.626656,.25,.375,.25,.125,0,0,0,16,10877.4,7032.96,65.252998
17201001800,82,216.6666564942,152.10536194,401.9043884,6039,4125.2388,13.227457,25.401556,2.7819176,31.429043,39.990063,.3974168,67.59874,25.666502,32.248718,57.200645,35.841423,41277.113,37.060387,40.792965,13.239436,6.0553632,34.503212,49529.801,47800,581.74603,692,59.157211,47.790295,74.358116,12.348351,.14609572,.04086202,.1172684,.67282397,0,.011754828,.011195074,3573,12031.1,15570,255.32001
17201001900,37,146.6666564942,110.38185883,437.5496826,3637,3854.238,6.0758786,9.3758593,6.0489416,27.962606,52.900742,3.7118506,62.813297,19.164146,22.119879,30.614656,8.5106382,49409.105,13.362661,19.191641,8.761528,2.1044111,74.289879,65697.648,64600,472.38373,584,45.103859,79.212395,81.935661,11.362167,.22024867,.023090586,.10834814,.39076376,0,.1811723,.076376557,563,9463.0898,6602.21,86.880096
17201002000,35.66666793824,116,167.84313965,545.8823242,2760,2895.5066,11.988649,2.1014493,3.6231883,30.108696,63.333332,.83333337,50.641174,20.507246,21.413044,46.118011,17.701864,35891.598,28.409506,35.575867,14.868805,.38845727,39.150509,48115.566,56400,547.64795,669,38.088013,74.768715,77.438568,8.9150543,.13444768,.023255814,.055959303,.66351742,0,.12281977,0,1376,12251.8,7132.3999,202.40601
17201002100,30.33333396912,80,143.62373352,378.7878723,1865,1074.9098,17.785828,31.474531,6.3270779,25.46917,31.903484,4.8257375,72.795235,15.495978,18.900805,58.093128,41.241684,30347.846,53.029491,57.587132,33.333332,8.6491737,45.545979,48811.672,48800,501.79105,685,54.037266,78.074867,73.10833,6.9518738,.015677966,.0097457627,.092372879,.87838984,.00084745762,.0029661017,0,2360,13123.1,11144,407.88501
17201002200,17.33333396912,44.3333320618,51.25172806,131.0861359,3696,724.37341,7.5199652,29.707792,0,34.199135,32.954548,3.1385281,68.520142,17.397186,21.563852,40.88398,20.662983,52460.074,22.39172,28.793243,13.257965,8.8199263,77.509438,82368.547,72900,613.86859,765,72.262772,82.899368,86.7631,6.755806,.0040043686,.017109575,.1456134,.8227157,.0058245361,.00036403351,.0043684021,2747,8214.1504,8397.5,82.578201
17201002301,27.66666793824,70,134.63098145,340.6325989,2377,1232.1974,10.238004,31.552378,0,21.876314,42.280186,4.2911234,67.198463,9.0450144,18.00589,44.814816,27.777779,41199.895,19.154444,27.566868,14.942529,7.1236558,63.879955,76458.891,63600,597.03265,799,49.25816,92.29287,83.703072,10.115608,.32923076,.18769231,.0061538462,.2923077,0,.049230769,.13538462,325,10158.1,7667.0698,41.301201
17201002400,47,84,187.62475586,335.3293457,2409,2153.3872,20.495884,63.345783,.083021998,17.683687,15.110004,3.7775011,54.320103,9.2154417,21.025322,62.153343,51.876019,28908.152,52.581181,62.65612,25.388027,4.691165,47.301952,60153.398,49500,392.36111,627,67.681496,75.071907,75.415421,16.490891,.11111111,0,0,.83333331,0,.055555556,0,18,9670.4102,6020.3198,35.572201
17201002500,68.33333587647,117,263.83526611,451.7374573,2786,3355.6218,14.761685,70.890167,0,17.910984,11.198852,0,45.283669,9.3323765,24.605167,60.951008,39.625359,38441.117,40,48.633881,24.848024,10.1227,42.814373,70823.773,51200,557.0144,786,44.424461,84.559998,81.08696,19.839996,.0041322312,0,.018595042,.97727275,0,0,0,484,12227.2,10297.4,72.637001
17201002600,57.33333206177,113,169.27467346,333.6285706,3239,5678.6968,20.749567,55.109604,0,17.104044,22.939178,4.8471746,61.206825,6.5761037,31.321396,69.216064,53.919693,27521.371,59.544514,63.105591,44.779118,6.8600111,24.865591,42405.406,41600,412.03885,565,65.838509,33.136093,55.226208,26.62722,.021922428,.011804384,.53625631,.41989881,0,.010118044,0,593,30351.1,24273.1,210.832
17201002700,28.33333396912,57,85.47008513999999,171.945694,3139,5910.7974,10.336365,28.703409,.031857278,56.35553,11.022618,3.8865879,58.635639,26.027397,22.714241,60.83086,41.394657,66018.297,36.486053,44.212891,20.944149,5.584341,48.946362,167232.88,51700,509.64566,656,66.733467,58.043655,83.889603,15.602264,.074626863,.052238807,.1641791,.70895523,0,0,0,134,10515,5742.3599,52.988201
17201002800,21.33333396912,52.6666641236,169.5813446,418.6539307,1786,2698.9475,17.631435,24.636059,0,69.372902,3.6954086,2.2956326,45.615395,29.619261,26.987682,55.949368,34.683544,30791.27,48.459385,55.966385,25.365206,1.5075377,46.626984,57309.363,39400,436.05948,549,40.520447,60.330578,67.476303,16.694214,.19726028,.01369863,.23013699,.53972602,.010958904,.0082191778,0,365,11135.2,5725.8198,62.997002
17201002900,24.66666603089,91,225.06082153,830.2919922,1090,3838.5913,13.402459,43.21101,1.4678899,5.8715596,42.56881,6.880734,62.367306,3.5779817,10.275229,7.0588236,0,24380.441,41.743118,55.229359,33.014355,10.818439,1.1049724,,,333.85474,320,34.27562,2.4084778,82.84404,12.813103,.0068574129,.16386853,.55757862,.067155354,.1747458,.025774416,.004019863,4229,15189.2,3467.9199,29.107
17201003000,10.66666603089,34,56.7677803,180.9473114,1677,4352.9429,-2.1089785,5.1282053,.65593326,8.1097202,83.899818,2.2063208,28.634562,2.6237328,18.276684,42.206234,16.306955,78921.688,14.461538,18.584616,6.9990411,34.333332,62.467533,152537.42,118800,728.71973,920,35.640137,70.941177,81.57576,9.4117661,0,.43119267,.23853211,.12844037,0,.20183486,0,109,19515,5887.48,33.536999
17201003100,69,163,211.91645813,500.6142578,3541,5514.147,13.976112,30.895227,0,23.66563,42.728043,2.7110987,66.523872,10.251342,24.56933,60.434784,39.673912,33333.977,31.234116,40.18639,9.8060341,13.243243,37.718204,61067.602,65700,596.1698,683,72.080681,48.48032,77.199997,20.07972,.022821577,.11618257,.031120332,.55394191,0,.17634855,.099585064,482,21982,19003.5,135.325
17201003200,70.66666412354,141.6666564942,209.81788635,420.6254578,3640,6478.8052,17.526724,58.049454,3.5989013,23.04945,12.445055,2.8571429,59.229893,13.021978,27.82967,58.837772,34.624699,29046.467,40.796703,58.516483,31.554678,7.4633918,34.663342,108086.33,42900,496.44324,642,62.615387,66.838234,74.563591,11.544121,.20183486,.11926606,.10091743,.1880734,0,.38990825,0,218,19704.699,13092.7,93.731796
17201003300,59.33333587647,120.666671753,164.35827637,334.2567139,3096,3525.478,12.265121,28.326872,0,21.188631,44.799744,5.6847548,67.092972,11.595607,23.82106,52.572147,30.238394,38021.219,31.532988,38.421734,8.6773968,10.038797,54.853271,55091.906,57300,566.44183,696,66.041664,82.870071,78.846786,14.091789,.010872941,.0083876979,.91767627,.031065548,.00093196647,.031065548,0,3219,18921.4,16749.9,95.5327
17201003400,36.33333206177,121,76.17050934,253.6687622,4826,5217.1816,9.6461716,19.912971,.49730629,14.090344,64.401161,1.098218,52.559727,6.0298386,24.80315,48.776638,36.700867,45656.098,15.105932,23.411016,10.470347,9.2657347,56.604836,69894.242,67700,656.32025,885,68.39888,91.675446,74.200912,6.2697601,.04528302,.023584906,.1764151,.68962264,0,.033018868,.032075472,1060,22081.1,23001.199,118.807
17201003500,11,60.6666641236,48.9541626,269.9895935,2419,2503.437,-3.9392593,11.202976,2.4390242,7.1930552,76.767258,2.3976851,39.178432,5.1260853,15.915668,41.068447,12.353923,76663.852,5.7875156,14.220753,4.4585986,43.025749,60.310612,122811.16,100700,634.4519,740,37.807606,66.805672,77.824097,3.336113,.0090293456,.063205421,.090293452,.57562077,0,.18961625,.072234765,443,29849.1,16045.3,63.522499
17201003601,5,16.6666679382,27.45744133,91.5248108,1584,220.96609,4.8799143,7.3863635,0,6.25,85.479797,.88383836,25.988024,2.9040403,15.277778,25.747126,9.6551723,50800.68,22.790403,24.621212,13.748379,16.93811,69.07357,109744.38,101400,597.52478,770,57.837837,92.211052,87.127457,7.7889481,.088424437,.096463025,.26848873,.5,.001607717,.045016076,0,622,11909.9,7552.1802,36.9958
17201003602,35.99999618531,210.3333282471,89.70843506,524.1298828,3838,2399.135,9.803874,31.578945,.52110475,10.135488,55.966652,1.7978113,57.642723,4.2470036,16.167274,42.752102,35.084034,45252.793,25.542042,29.799047,11.418919,14.427103,48.300972,128865.7,80700,546.25934,613,41.296062,47.849754,81.444649,10.288513,.56148148,.20592593,.16296296,.029629629,0,.039999999,0,675,20202.699,18644.301,80.357399
17201003604,19,55.6666679383,69.11604309000001,202.497879,2891,5721.4565,8.1901894,21.895538,1.6603252,10.204082,62.573505,3.6665514,54.848183,10.930474,26.132826,48.681896,27.416521,47085.512,21.757177,31.511587,11.166078,19.745846,62.834644,77277.195,73700,529.77271,696,50.454544,68.804031,81.328674,8.501442,.15384616,.18461539,.47692308,0,0,.18461539,0,65,24811.199,14833,61.260799
17201003605,12.33333301545,55.6666641236,53.57659912,241.8186951,2015,2220.6772,8.60289,16.526054,0,9.3300247,70.372208,3.7717123,46.733669,7.8411913,14.491315,50.519032,22.83737,43146.582,18.372704,29.330709,20.943953,14.98173,33.161289,96210.898,88000,744.12372,733,56.494843,26.653103,78.225807,21.159714,.11011904,.041666668,.68650794,0,0,.023809524,.13789682,1008,35521.699,18960.6,59.872601
17201003606,27.66666793824,126.3333358765,97.11009979000001,443.4304504,3033,5276.1411,8.0006409,35.04781,.52753049,16.848005,44.971977,2.6046817,64.582542,14.507089,20.458292,57.086094,33.377483,55503.797,23.211342,30.333004,11.211073,14.346765,62.317429,84569.375,80900,595.86566,645,62.790699,70.008423,72.02726,13.479362,.23178808,.12803532,.070640177,.0022075055,.050772626,.51655626,0,453,33775.898,16217.6,57.437199
17201003706,9,37.6666641236,16.92683792,70.8419495,6407,1186.1453,-1.8429508,9.7081318,5.0101452,17.043859,66.224442,2.0134227,52.004265,9.0682068,19.783051,37.728077,11.653914,71563.852,2.1306818,2.8724747,11.595092,19.549229,90.89727,118407.91,112400,905.47266,1150,26.368158,94.693542,89.439049,5.1007843,.053608246,.043298971,.28865978,.61443299,0,0,0,485,7102.4702,11025.1,150.733
17201003707,10,26,28.977108,75.3404846,3818,937.82684,6.4086723,17.94133,5.7097955,9.7433205,63.907806,2.6977475,54.590889,8.4861183,27.579885,48.640167,35.146442,53962.52,16.351027,25.713524,6.9536424,25.111744,25.680727,178543.03,142300,568.05554,652,40.620384,28.878283,66.268257,10.596657,.01058201,0,.13227513,.85714287,0,0,0,378,8009.7402,8666.0996,392.71301
17201003708,18.33333396912,73.3333282471,54.3693161,217.4772491,2851,1086.5934,9.3112001,25.675201,7.927043,22.378113,42.406174,1.613469,69.762794,18.098913,20.133287,59.673023,19.209808,48164.648,32.313644,41.807312,15.202231,13.978495,47.164463,91012.023,82300,715.59631,867,54.766354,48.566463,81.710808,8.0799332,.038210899,.10337678,.132109,.65817535,.0044431281,.061611373,.0020734598,3376,9025.7803,9147.9102,159.33
17201003709,13.33333301545,38.3333358765,74.57121277,214.3922577,1545,1910.3694,12.253386,11.45631,.19417477,26.47249,56.569584,5.3074436,59.396358,17.540453,22.330097,55.789474,36.578949,43419.129,34.717716,42.569759,12.073491,13.617464,40.869564,66812.766,70600,645,751,53.731342,46.104927,67.17305,8.5850525,.0028844019,.048591081,.19125804,.71954739,.00066563126,.037053473,0,4507,9342.7402,4992.3701,72.405899
17201003710,3.66666674614,19,14.69017124,76.12179570000001,2474,1325.2599,-3.0675969,4.4462409,5.8205338,13.379143,75.464836,.88924819,40.71619,14.672595,18.249798,40.702782,6.7349925,75275.344,4.1700406,7.9757085,3.9522743,25.75671,83.597885,126624.43,121000,1019.3549,1222,25.806452,85.743378,88.191574,3.7678223,.44911805,.0054274085,.11126187,.03256445,0,.37313432,.028493894,737,8400.3604,4418.3999,53.733601
17201003711,10,30.3333339691,25.50369835,77.3612213,4443,171.46773,.75463063,4.0738239,2.4758046,4.1863604,85.302719,3.9612875,26.675024,3.9612875,15.518794,32.917889,11.803519,68684.586,9.1134672,14.572524,5.1196175,16.491564,82.958382,129110.98,116400,686.05444,868,84.353737,83.280594,82.651428,6.2236252,.038746711,.002152595,.41712508,.48265964,0,.049031332,.010284621,4181,6033.6201,6655.8301,60.349098
17201980000,.6666666865400001,11.3333330154,833.33337402,14166.6660156,8,1.9483544,34.806,0,0,0,50,50,50,0,75,,,,100,100,0,0,0,,,,,100,0,100,0,.0027386541,.025821596,.03599374,.92097026,0,.0039123632,.01056338,2556,6598.0801,401.65601,4.6006699
