{"type":"FeatureCollection","features":[{"type":"Feature","id":1,"geometry":{"type":"MultiPolygon","coordinates":[[[[-84.428556209698897,33.657611413254806],[-84.428553209691756,33.657492413229427],[-84.42855120968828,33.657437413217671],[-84.428531209639075,33.656615413042225],[-84.428431209599609,33.656415413003025],[-84.428481209537864,33.654972412691819],[-84.428518209479421,33.653664412410031],[-84.428531209464779,33.653315412334699],[-84.428531209265572,33.649543411525976],[-84.428531209221859,33.648715411348427],[-84.423431207749871,33.64871541153677],[-84.419331206561196,33.648615411666739],[-84.419232206532598,33.648614411670145],[-84.419233206536049,33.648674411682975],[-84.419230206581176,33.64954541186988],[-84.419228206614292,33.650183412006747],[-84.419249206746542,33.652573412518429],[-84.419209206846659,33.6546884129734],[-84.41920520689844,33.65569041318841],[-84.421259207557966,33.656952413383117],[-84.42096520751727,33.657788413573186],[-84.420924207511703,33.657907413600228],[-84.420712207483405,33.658529413741427],[-84.420597207468163,33.658870413818761],[-84.421036207595336,33.658878413804239],[-84.421386207696628,33.658884413792649],[-84.422886208130947,33.658909413742585],[-84.425820208979999,33.658951413643194],[-84.426893209290512,33.658966413606713],[-84.427011209324561,33.65896641360235],[-84.427005209253409,33.657652413320903],[-84.426984209245333,33.65761441331351],[-84.428556209698897,33.657611413254806]]],[[[-84.55085724843137,33.722601422639364],[-84.550858248422088,33.722421422600831],[-84.550842248410206,33.722285422572348],[-84.550806248383637,33.721980422508416],[-84.550770248356898,33.721673422444084],[-84.550735248330696,33.721370422380595],[-84.55070124830533,33.721078422319401],[-84.55066924828138,33.72080142226136],[-84.550628248251201,33.720456422189066],[-84.550600248231262,33.720233422142456],[-84.550097248086146,33.720233422161144],[-84.550050248072537,33.72023242216261],[-84.549919248034641,33.72023042216707],[-84.549482247908315,33.720224422182028],[-84.549128247805882,33.720218422193923],[-84.548555247640223,33.720210422213469],[-84.548502247624825,33.720209422215234],[-84.548435247605454,33.720208422217489],[-84.548380247589563,33.720207422219346],[-84.548277247559739,33.720205422222726],[-84.547815247426072,33.720197422238201],[-84.547385247301378,33.720184422251386],[-84.547136247229304,33.720179422259555],[-84.54691824716619,33.72017542226682],[-84.546258246975171,33.720162422288539],[-84.545910246873859,33.720145422297882],[-84.545908246873822,33.720155422300074],[-84.545906246875902,33.720205422310826],[-84.545764246835006,33.720206422316316],[-84.545415246734422,33.720208422329698],[-84.5449872466112,33.720212422346506],[-84.544522246477271,33.720215422364426],[-84.544196246383379,33.720218422377151],[-84.543442246166251,33.720224422406439],[-84.54341124615722,33.720223422407365],[-84.543419246184726,33.720696422508233],[-84.543420246188361,33.720759422521716],[-84.543431246219882,33.721292422635329],[-84.543490246287192,33.722237422835263],[-84.539553245151126,33.722228422979562],[-84.539395245105496,33.722227422985227],[-84.539279245072166,33.722229422989976],[-84.539169245073509,33.722851423127118],[-84.538940245075054,33.724121423407247],[-84.538825245079622,33.724830423563198],[-84.53877024507824,33.725103423623615],[-84.538746245089158,33.725438423696183],[-84.538760245109813,33.725750423762385],[-84.53881224514285,33.726089423832953],[-84.53888424517946,33.72638742389401],[-84.538978245221955,33.726676423952348],[-84.539097245271378,33.72695942400842],[-84.539212245316463,33.72718342405205],[-84.539247245330031,33.72724942406488],[-84.537873244936151,33.727295424125771],[-84.537741244897703,33.727288424129192],[-84.537601244855679,33.727257424127714],[-84.537471244815407,33.727205424121443],[-84.537099244695682,33.726971424085249],[-84.536832244609812,33.72680542405962],[-84.536908244628535,33.726745424044005],[-84.537273244713106,33.726355423946998],[-84.537231244699797,33.726333423943849],[-84.536984244622062,33.726211423926955],[-84.536914244599998,33.726176423922048],[-84.536669244522898,33.726055423905287],[-84.536518244475332,33.725980423894867],[-84.536406244420505,33.72555742380856],[-84.536252244344411,33.724962423687032],[-84.53617324430526,33.724654423624074],[-84.536167244240545,33.723470423371019],[-84.536166244193566,33.722592423183251],[-84.536165244173475,33.722221423103953],[-84.53609524410227,33.721262422901383],[-84.535930243935212,33.719016422427039],[-84.535856243859115,33.717986422209492],[-84.535819243819759,33.717447422095567],[-84.535624243771835,33.717604422136418],[-84.535558243755673,33.717657422150168],[-84.535382243686058,33.717303422080974],[-84.535783243784508,33.716980421996986],[-84.535752243753137,33.716558421907848],[-84.535807243766641,33.716513421896188],[-84.535890243789908,33.716501421890563],[-84.535877243784341,33.716466421883524],[-84.535583243658152,33.715688421728053],[-84.535764243709892,33.715679421719351],[-84.53652224392637,33.715639421682638],[-84.536463243904961,33.715556421667131],[-84.536426243886723,33.715414421638066],[-84.536209243780291,33.714590421469893],[-84.536199243773765,33.714521421455494],[-84.536058243701476,33.713926421333397],[-84.535965243654985,33.713556421257721],[-84.535842243619527,33.7135574212625],[-84.535795243601129,33.713466421244789],[-84.535412243490725,33.713467421259196],[-84.535241243402837,33.712742421110455],[-84.535135243349174,33.712307421021293],[-84.53520624327453,33.710518420635928],[-84.535210243265311,33.710323420594037],[-84.535256243274432,33.710245420575646],[-84.535298243283421,33.710186420561456],[-84.53521324325736,33.71015742055841],[-84.535220243236495,33.709727420466137],[-84.535223243225815,33.709509420419394],[-84.535156243204796,33.709477420415048],[-84.535224243223183,33.709454420407603],[-84.53528324305617,33.705992419664653],[-84.536498243407365,33.706006419622575],[-84.53647724340577,33.706090419641271],[-84.536452243404042,33.706193419664253],[-84.536369243403357,33.706630419760813],[-84.536218243425537,33.707867420031128],[-84.536105243442577,33.708801420235183],[-84.536081243442354,33.708927420262995],[-84.536164243466686,33.708935420261682],[-84.536736243631864,33.708938420241068],[-84.537038243718996,33.708939420230074],[-84.538344244096052,33.708946420183075],[-84.5387302442074,33.708946420168729],[-84.539563244447976,33.70895242013907],[-84.540380244683817,33.708955420109433],[-84.541177244913882,33.708959420080689],[-84.5411772449267,33.709200420132206],[-84.541175244934891,33.709365420167622],[-84.541175244937236,33.709409420177039],[-84.541400245002862,33.709423420171639],[-84.541422245009272,33.709424420171047],[-84.541461245020201,33.709418420168319],[-84.541866245134258,33.709366420142189],[-84.542030245178623,33.709311420124287],[-84.542111245202122,33.709313420121717],[-84.542445245298666,33.709318420110421],[-84.542600245346989,33.709386420119223],[-84.542707245378821,33.709404420119114],[-84.54282724541639,33.709460420126604],[-84.542986245462259,33.709460420120692],[-84.543040245477968,33.70946242011911],[-84.543865245713732,33.709422420079918],[-84.544129245789222,33.709409420067352],[-84.544383245852657,33.709225420018569],[-84.544811245977058,33.70924342000648],[-84.544865245992781,33.709245420004905],[-84.544980246027606,33.709276420007292],[-84.545108246066334,33.709310420009793],[-84.545456246165514,33.70928841999217],[-84.544483245715909,33.706109419348152],[-84.544687245774853,33.706111419340999],[-84.54498724586162,33.706116419330918],[-84.544994245841409,33.705697419241041],[-84.544997245835049,33.705561419211826],[-84.545046245700803,33.702769418612625],[-84.545696245847935,33.702010418426063],[-84.545939245902829,33.701724418355823],[-84.546432246014376,33.701148418214316],[-84.546150245917246,33.700850418161046],[-84.545969245868164,33.700909418180352],[-84.545638245787089,33.701180418250622],[-84.545298245704828,33.701477418326775],[-84.545067245648895,33.701678418378357],[-84.545113245533315,33.69925341785779],[-84.545126245506637,33.698681417734868],[-84.545138245466205,33.697854417557494],[-84.545143245451598,33.697552417492645],[-84.546626245881484,33.697593417446406],[-84.547347246090538,33.697614417424141],[-84.547458245914569,33.693698416581995],[-84.545269245279769,33.693632416649081],[-84.5453932451138,33.689833415831409],[-84.545201245058252,33.689829415837679],[-84.545223245056832,33.689683415805661],[-84.545247245039405,33.689224415706484],[-84.545237245002724,33.688588415570749],[-84.545315244925618,33.686711415166123],[-84.54535224489014,33.685841414978505],[-84.545368244875178,33.685473414899185],[-84.545449244819451,33.683982414576995],[-84.545505244754011,33.682445414245905],[-84.545550244696429,33.681115413959532],[-84.545564244682183,33.680770413885185],[-84.544678244425853,33.680754413914592],[-84.543431244065559,33.680742413958235],[-84.542353243753027,33.680711413991595],[-84.541901243622192,33.680702414006447],[-84.541454243493646,33.680709414024506],[-84.540586243244078,33.680723414059706],[-84.539543242942784,33.680713414096189],[-84.538624242676207,33.680684414124073],[-84.538229242560561,33.680652414131842],[-84.537963242481922,33.680616414134043],[-84.537771242433536,33.680747414169197],[-84.537643242394424,33.680706414165151],[-84.537506242353913,33.680687414166165],[-84.53563824181272,33.680641414225569],[-84.535727241711598,33.67825041371038],[-84.535741241697309,33.677904413635751],[-84.535761241693749,33.677728413597393],[-84.535802241696246,33.677553413558378],[-84.535750241601349,33.67604641323765],[-84.535653241423375,33.673216412635306],[-84.535507241381183,33.673215412640502],[-84.532017240372113,33.673167412759561],[-84.53079524001943,33.673162412803762],[-84.529856239748426,33.67315941283794],[-84.525866238595654,33.673121412977601],[-84.525869238559096,33.672415412826325],[-84.52580123810155,33.664149411058609],[-84.525928238137141,33.664129411049657],[-84.526110238187186,33.664083411033062],[-84.526307238240406,33.664015411011199],[-84.52662323832503,33.663892410973141],[-84.527211238480319,33.663622410893524],[-84.527584238576679,33.663411410834541],[-84.527948238669566,33.663183410772241],[-84.528112238710605,33.663064410740645],[-84.528577238821484,33.662626410629642],[-84.528670238842466,33.662515410602424],[-84.528755238860114,33.662386410571621],[-84.528937238894429,33.662043410491442],[-84.529065238911713,33.661672410407213],[-84.529110238913361,33.661458410359742],[-84.529231238902909,33.660602410171911],[-84.529286238903765,33.660318410109021],[-84.528599238700195,33.660216410112639],[-84.528699238706253,33.659785410016639],[-84.528682238668608,33.659167409884866],[-84.528667238664255,33.65916740988542],[-84.52861323864866,33.659166409887206],[-84.528511238618321,33.659148409887123],[-84.528224238534435,33.659127409893237],[-84.52724023824824,33.659082409920053],[-84.527102238207974,33.659073409923252],[-84.526622238067816,33.659040409933979],[-84.526113237917286,33.658970409937794],[-84.525931237862579,33.658928409935562],[-84.525876237845992,33.658915409934792],[-84.525882237825911,33.658502409846122],[-84.525904237748804,33.65692640950774],[-84.525934237747919,33.656746409468056],[-84.523306236988645,33.656721409559992],[-84.522032236620618,33.656709409604566],[-84.521920236588045,33.656704409607649],[-84.521868236551782,33.656303409523652],[-84.521849236538472,33.65615440949243],[-84.521810236511016,33.655848409428359],[-84.521678236472667,33.655843409432194],[-84.521620236455803,33.655841409433862],[-84.521429236401659,33.655858409444591],[-84.521367236383554,33.655854409446022],[-84.521309236365639,33.655831409443238],[-84.521236236343256,33.655807409440818],[-84.521202236332968,33.655797409439977],[-84.521136236313708,33.655793409441486],[-84.521075236296099,33.655793409443746],[-84.52091823624832,33.655746409439509],[-84.520839236227104,33.655775409448673],[-84.520785236212603,33.655796409455114],[-84.520596236158767,33.655808409464719],[-84.520533236139627,33.655790409463172],[-84.520457236116613,33.655769409461485],[-84.520365236088878,33.655746409459965],[-84.519968235972286,33.655707409466359],[-84.519903235953322,33.655703409467847],[-84.519234235766277,33.655815409516606],[-84.515624234685575,33.655068409490191],[-84.515607234727113,33.655946409678911],[-84.515595234733411,33.656130409718777],[-84.514397234372609,33.65584140970121],[-84.512917233926515,33.65547840967821],[-84.51140623347213,33.655127409658959],[-84.510259233127215,33.654861409644411],[-84.509997233048395,33.654800409641005],[-84.509312232842476,33.654642409632508],[-84.508733232667836,33.654498409623109],[-84.507984232441814,33.654309409610299],[-84.507539232309099,33.654227409609241],[-84.507198232208523,33.654185409612836],[-84.506905232123174,33.654169409620252],[-84.506659232051902,33.654163409628055],[-84.506235231930276,33.65417640964656],[-84.506448232296023,33.659926410870547],[-84.506686232639325,33.665115411973275],[-84.506738232714724,33.66625641221578],[-84.497896230154367,33.666071412503491],[-84.497801230126967,33.666072412507226],[-84.497554230055712,33.666071412516153],[-84.493384228851909,33.666056412667267],[-84.492155228498348,33.666074412716611],[-84.492156228528103,33.666631412835926],[-84.492162228680129,33.669470413443868],[-84.492169228863887,33.672902414178729],[-84.492172228920509,33.673955414404197],[-84.487841227670188,33.67393941456109],[-84.487841227690893,33.674330414644878],[-84.487433227572396,33.67431541465676],[-84.486611227335487,33.674320414688253],[-84.486621227529398,33.677926415460249],[-84.486601227579726,33.678985415687819],[-84.486581227629998,33.680043415915165],[-84.486558227691305,33.681325416190596],[-84.486562227864738,33.684576416886735],[-84.486557227920116,33.685648417116447],[-84.486557227931613,33.685865417162944],[-84.486553227974781,33.686701417342128],[-84.486542228123469,33.689566417956037],[-84.48654022814523,33.689987418046272],[-84.485932227970849,33.690007418073094],[-84.48573222791623,33.690065418092942],[-84.48358822733033,33.690682418304483],[-84.483033227179035,33.690848418360559],[-84.482189226948535,33.691094418444528],[-84.482177227031158,33.692717418792512],[-84.481813226925965,33.692715418805555],[-84.478544225979547,33.69265541891388],[-84.476345225344062,33.692636418991277],[-84.476315225435371,33.694522419396272],[-84.476401225601435,33.697185419963297],[-84.47645322564702,33.697762420084878],[-84.474858225187234,33.697771420145934],[-84.473257224728229,33.697827420217244],[-84.472605224542193,33.697867420249963],[-84.469945223765478,33.697695420311689],[-84.468599223382924,33.697806420385319],[-84.468318223303839,33.697843420403686],[-84.466575222797999,33.697789420456736],[-84.466175222682281,33.697784420470434],[-84.465798222567642,33.697674420460885],[-84.465125222373374,33.69767342048555],[-84.46218922152589,33.697669420593485],[-84.461570221347159,33.697668420616196],[-84.46121022124386,33.697679420631928],[-84.460891221151968,33.697682420644369],[-84.460688221093164,33.697678420651037],[-84.460554221061713,33.697814420685141],[-84.459666220832077,33.698316420825535],[-84.45899222065681,33.698679420928222],[-84.458813220610281,33.698776420955596],[-84.457934220372479,33.699075421052243],[-84.457346220208663,33.699186421097785],[-84.456935220093129,33.699245421125639],[-84.456165219876951,33.699359421178563],[-84.454218219309226,33.699249421227115],[-84.45348121908745,33.699078421217834],[-84.453356219049795,33.699049421216287],[-84.449693217943718,33.698126421154285],[-84.449693217952714,33.698296421190648],[-84.449685217958432,33.698448421223503],[-84.449668217969418,33.698747421288161],[-84.449652218053018,33.700411421645128],[-84.449539218121302,33.70231442205688],[-84.449453218272666,33.705636422771434],[-84.448018217860962,33.705683422834646],[-84.446384217385329,33.705607422878927],[-84.446313217364676,33.705604422880924],[-84.444432216822278,33.705614422952742],[-84.443855216656175,33.705623422976075],[-84.442932216394524,33.70571342302955],[-84.442934216391407,33.705642423014204],[-84.442961216357915,33.704864422846626],[-84.443032216232581,33.702114422255072],[-84.443045216183393,33.701116422040812],[-84.437901214693696,33.701023422211435],[-84.437916214639742,33.699923421975271],[-84.435839214040328,33.699926422052869],[-84.430892212607432,33.699833422216081],[-84.430618212528032,33.699828422225181],[-84.429298212145653,33.699802422268483],[-84.429330212130694,33.69934642216964],[-84.429384212118549,33.698822422055422],[-84.429408212113714,33.698600422006947],[-84.429464212105685,33.698144421907166],[-84.429489212104983,33.697995421874353],[-84.429589212110159,33.697547421774686],[-84.429446212068527,33.697541421778702],[-84.42934321203856,33.697536421781422],[-84.429177211990179,33.697528421785876],[-84.429110211970738,33.697525421787709],[-84.42907621196079,33.69752342178856],[-84.429056211954958,33.697522421789067],[-84.429018211943912,33.69752142179027],[-84.428975211931444,33.697519421791426],[-84.428913211913382,33.697516421793097],[-84.425499210912946,33.697235421859254],[-84.423198210254128,33.69733742196631],[-84.42016020937487,33.697295422069757],[-84.41994620931365,33.697306422080011],[-84.419694209239964,33.697288422085464],[-84.418843208993593,33.69727542211421],[-84.418332208844774,33.697250422127773],[-84.417714208665856,33.697241422148693],[-84.417237208527794,33.697234422164875],[-84.417093208486889,33.697246422172789],[-84.416049208185498,33.697247422211653],[-84.415934208152265,33.697246422215684],[-84.415538208036367,33.697216422223875],[-84.415423208002082,33.697195422223629],[-84.415487207899005,33.694901421729796],[-84.415493207889639,33.694691421684595],[-84.415500207880214,33.694475421638046],[-84.415511207879703,33.694406421622844],[-84.415524207844015,33.693661421462757],[-84.415542207796264,33.692661421247848],[-84.4155492077753,33.692227421154612],[-84.416866208153579,33.692190421097955],[-84.416764207969962,33.689279420478023],[-84.416819207839339,33.686511419882876],[-84.416817207779701,33.685395419643804],[-84.416817207760118,33.685025419564539],[-84.416831207721188,33.68421441939023],[-84.416885207663299,33.682825419090562],[-84.416902207645208,33.68239141899695],[-84.416942207603114,33.681377418778176],[-84.41669420753135,33.681374418786703],[-84.415956207317734,33.681363418811607],[-84.415133207079478,33.681350418839244],[-84.415181207049898,33.680529418661536],[-84.415159207033014,33.680330418619697],[-84.415074206987839,33.679940418539275],[-84.415063206978601,33.67982541851503],[-84.415054206970879,33.679729418494766],[-84.415053206954042,33.67941641842777],[-84.415124206940831,33.678779418288592],[-84.415181206942933,33.678507418228186],[-84.415329206962014,33.678061418127129],[-84.415465206980983,33.677677418039792],[-84.415532206991685,33.677514418002403],[-84.416664207314952,33.677447417946198],[-84.417231207476874,33.677414417918172],[-84.417231207463928,33.677169417865649],[-84.417231207455714,33.677014417832439],[-84.418231207739097,33.676914417773986],[-84.418331207566993,33.67311441695589],[-84.416572207058707,33.673104417018756],[-84.414274206395518,33.673107417104347],[-84.414114206349225,33.673106417110041],[-84.413153206071428,33.673098417143869],[-84.412113205770723,33.673089417180407],[-84.40850020472601,33.673057417307064],[-84.406970204283311,33.673038417359521],[-84.40539220382675,33.673019417413762],[-84.40345520326629,33.672995417480223],[-84.400660202457459,33.672959417575811],[-84.399563202139959,33.672944417613103],[-84.399393202090849,33.672943417619187],[-84.397937201670004,33.672934417671087],[-84.397740201613075,33.672933417678152],[-84.397527201551497,33.672931417685604],[-84.397625201459093,33.670648417192517],[-84.397635201444302,33.670313417120326],[-84.397621201413983,33.669816417014296],[-84.39758220136693,33.669139416870614],[-84.397574201359831,33.669048416851389],[-84.397561201348168,33.668899416819905],[-84.397554201342061,33.668821416803475],[-84.397463201293746,33.668404416717408],[-84.397420201273974,33.668265416689209],[-84.397300201218968,33.667879416610901],[-84.396963201074371,33.666984416431433],[-84.396572200908778,33.665987416232134],[-84.396140200725853,33.664885416011835],[-84.39567420052839,33.663694415773655],[-84.395295200361076,33.662597415552483],[-84.395176200308512,33.662253415483065],[-84.395122200282387,33.662053415442173],[-84.394912200174119,33.661151415256512],[-84.394821200124525,33.660709415165137],[-84.394727200047853,33.659772414967669],[-84.394707200031561,33.659573414925724],[-84.394702199973423,33.65849941469564],[-84.394798199911008,33.656791414325809],[-84.394849199908506,33.656465414254001],[-84.394846199906368,33.65644141424896],[-84.395090199968266,33.656280414205426],[-84.395322200027209,33.656127414164047],[-84.395457200028332,33.655410414005303],[-84.395532200036612,33.655157413948281],[-84.395996200136707,33.654515413793504],[-84.396077200156299,33.654444413775238],[-84.39618120018271,33.654375413756604],[-84.396523200273251,33.654220413710753],[-84.396562200275383,33.654047413672217],[-84.396766200285938,33.653131413468245],[-84.396863200315451,33.653160413470843],[-84.396950200341948,33.653186413473279],[-84.397045200370684,33.653211413475113],[-84.397243200430637,33.653264413479164],[-84.399320201053726,33.653709413497921],[-84.39932620104139,33.65344241344043],[-84.399330201033351,33.653268413402955],[-84.399402200896219,33.650276412758629],[-84.399410200881675,33.649957412689936],[-84.399450200806584,33.648315412336302],[-84.399030200685374,33.648316412351996],[-84.397866200349497,33.648318412395376],[-84.397733200311094,33.648318412400286],[-84.397687200296971,33.648302412398593],[-84.397477200232572,33.648231412391077],[-84.397457200226469,33.648224412390341],[-84.397431200218435,33.648215412389384],[-84.397420200215251,33.648214412389578],[-84.397224200157538,33.648193412392303],[-84.397201200150747,33.648190412392509],[-84.395820199752833,33.648204412446447],[-84.394911199490906,33.648213412481951],[-84.394761199447316,33.648208412486376],[-84.394749199443837,33.648208412486824],[-84.393862199186358,33.648181412513779],[-84.391831198596549,33.648115412574569],[-84.391568198520446,33.648112412583636],[-84.391554198516388,33.648112412584148],[-84.391395198470548,33.64811341259022],[-84.391378198465659,33.648113412590853],[-84.391339198454446,33.648114412592527],[-84.391204198415252,33.648110412596651],[-84.391168198405111,33.64811541259904],[-84.391065198375415,33.648115412602841],[-84.390231198134643,33.648115412633608],[-84.388807197723494,33.648115412686167],[-84.388698197692065,33.648115412690188],[-84.38855919765183,33.648114412695094],[-84.388545197647773,33.648113412695388],[-84.388187197544511,33.648115412709032],[-84.387729197412312,33.648115412725936],[-84.387713197407678,33.648115412726533],[-84.387135197240781,33.648115412747856],[-84.38689219717061,33.648115412756816],[-84.38225719583248,33.64811641292804],[-84.382233195825549,33.648116412928943],[-84.379929195160315,33.648115413013727],[-84.37987619514503,33.648115413015681],[-84.375829193976529,33.648115413164973],[-84.375129193774427,33.648115413190808],[-84.372225192930713,33.648016413276693],[-84.37134819267753,33.648017413309269],[-84.370375192396764,33.648020413345776],[-84.370352192390115,33.648020413346629],[-84.370312192378549,33.648020413348121],[-84.370127192325157,33.648020413354935],[-84.370113192321085,33.648020413355447],[-84.369926192266846,33.6480154133613],[-84.369886192255009,33.648010413361696],[-84.365310190923424,33.64781541348863],[-84.365275190913337,33.647816413490141],[-84.365260190909055,33.647816413490695],[-84.365183190886881,33.647818413493951],[-84.360945189667518,33.64790141366808],[-84.360315189486215,33.647913413693843],[-84.36022818946121,33.647915413697483],[-84.359963189384302,33.647908413705771],[-84.359891189363395,33.647906413708],[-84.359816189341672,33.64790441371035],[-84.359769189328048,33.647903413711859],[-84.359613189282413,33.647892413715226],[-84.35959518927757,33.64789941371744],[-84.35912018913973,33.647886413732145],[-84.358528188967995,33.647871413750728],[-84.356438188361594,33.647817413816234],[-84.356216188297338,33.647814413823788],[-84.356194188290985,33.647814413824584],[-84.355863188195372,33.647814413836798],[-84.354028187665492,33.647814413904463],[-84.353796187598661,33.647818413913889],[-84.353755187586927,33.647819413915585],[-84.353673187563345,33.64782141391904],[-84.350228186573361,33.647914414066008],[-84.350205186622247,33.648967414292798],[-84.350121186798418,33.652769415111649],[-84.350064186918203,33.65535241566792],[-84.350010187032368,33.657813416197868],[-84.349928187198699,33.661414416973365],[-84.349921187203662,33.661547417002154],[-84.349918187205688,33.661602417014045],[-84.34991418720935,33.66169341703371],[-84.349892187228122,33.66216941713666],[-84.349823187285025,33.663625417451492],[-84.349822187285696,33.663643417455411],[-84.349821187286281,33.663660417459091],[-84.34981218729358,33.663848417499736],[-84.349803187301191,33.66404141754149],[-84.349727187370036,33.665761417913203],[-84.349428187735199,33.674314419758637],[-84.349528187853906,33.676014420119486],[-84.349428187951759,33.678414420637864],[-84.349428188046858,33.680214421023855],[-84.349418188051288,33.68035242105379],[-84.349306188104222,33.681966421404042],[-84.34924118813494,33.682903421607314],[-84.349237188137096,33.682965421620779],[-84.349227188141981,33.683113421652884],[-84.349227188149698,33.68325942168417],[-84.349227188186205,33.68395042183235],[-84.349227188257458,33.685298422121392],[-84.349227188382258,33.687659422627597],[-84.349228188420554,33.688378422781724],[-84.349228188469979,33.689313422982153],[-84.349228188501712,33.689913423110795],[-84.349246188522997,33.690217423175291],[-84.349295188585188,33.691126423368388],[-84.349322188614096,33.69152442345267],[-84.349371188663923,33.692199423595561],[-84.349417188697146,33.692576423674694],[-84.349486188778258,33.693733423920172],[-84.349582188889542,33.695313424255367],[-84.349585188901287,33.695519424299398],[-84.349614188998785,33.697203424659335],[-84.349550189031191,33.698165424867867],[-84.349527189043116,33.698516424943961],[-84.349520189052214,33.698727424989436],[-84.349512189066274,33.699036425055979],[-84.349493189102631,33.699827425226211],[-84.34948818914151,33.700589425389737],[-84.349491189144274,33.700625425397391],[-84.349484189154396,33.700854425446693],[-84.349481189175904,33.701277425537484],[-84.349506189299433,33.703475426007643],[-84.349504189333331,33.704126426147234],[-84.349504189348465,33.704412426208556],[-84.34950418936387,33.704703426270939],[-84.349517189559748,33.708333427048416],[-84.349515189608908,33.709272427249736],[-84.349512189860206,33.714034428270288],[-84.348160189468985,33.714021428317558],[-84.348124189414918,33.713197428142273],[-84.346594188972531,33.713189428197175],[-84.346593188935856,33.712502428049966],[-84.34518018852873,33.712521428106307],[-84.344904188449121,33.712524428117156],[-84.344887188446691,33.712570428127627],[-84.344866188443859,33.712631428141485],[-84.344806188429089,33.712680428154215],[-84.344625188389088,33.712912428210593],[-84.344526188370793,33.713106428255855],[-84.344511188371996,33.713211428278925],[-84.344505188371556,33.7132354282843],[-84.344474188368977,33.713356428311357],[-84.344485188378115,33.713468428334934],[-84.344485188386273,33.713622428367955],[-84.34444518838005,33.713723428391042],[-84.344268188348352,33.714090428476261],[-84.344210188340782,33.714263428515466],[-84.34420318834735,33.714426428550695],[-84.344278188381068,33.71465342859657],[-84.344416188430785,33.714839428631279],[-84.344499188463104,33.714997428662087],[-84.344517188483039,33.715275428720979],[-84.344506188507467,33.715796428833009],[-84.345119188684706,33.715799428811032],[-84.345555188810735,33.715801428795338],[-84.34612818897719,33.715818428777723],[-84.346906189197824,33.715741428732464],[-84.347002189225066,33.715731428726791],[-84.349505189937929,33.715539428593047],[-84.349505189938455,33.715549428595153],[-84.349504189945577,33.71568942862524],[-84.349502189955288,33.715883428666857],[-84.349501189958389,33.715947428680607],[-84.349500189962811,33.716036428699731],[-84.349499189968199,33.716143428722695],[-84.349484190044009,33.717656429047445],[-84.349480190079944,33.718356429197563],[-84.349470190133715,33.719426429427216],[-84.349463190200439,33.720723429705338],[-84.349462190209493,33.720899429743099],[-84.349444190252754,33.721814429939812],[-84.349442190273592,33.722218430026466],[-84.349442190275013,33.722245430032238],[-84.349236190212764,33.722193430028739],[-84.349026190151903,33.722190430035816],[-84.348730190066036,33.722183430045284],[-84.34871019014777,33.723834430399727],[-84.34866519026761,33.726340430938322],[-84.34863819032644,33.727597431208601],[-84.348618190398597,33.72906743152425],[-84.348613190443515,33.729941431711673],[-84.348602190574809,33.732476432255069],[-84.348046190413896,33.7324714322746],[-84.347194190167428,33.732465432304863],[-84.346104189852198,33.732458432343677],[-84.345877189786407,33.732454432351233],[-84.345575189699019,33.732452432361995],[-84.345568189664561,33.731840432231159],[-84.345428189624982,33.731856432239788],[-84.345420189621038,33.731826432233632],[-84.345404189613333,33.731767432221609],[-84.345278189556751,33.731387432144864],[-84.345418189596614,33.731376432137303],[-84.345418189588614,33.731225432104992],[-84.344808189412021,33.731218432126035],[-84.344171189227524,33.731209432147715],[-84.344158189261179,33.731915432299409],[-84.344157189263228,33.731959432308869],[-84.344361189322896,33.731973432304329],[-84.344568189382329,33.731966432295216],[-84.34476218943685,33.731937432281754],[-84.344760189441885,33.732043432304557],[-84.344754189461653,33.732448432391543],[-84.343589189124643,33.732440432432981],[-84.34298918895108,33.732436432454342],[-84.340086188111172,33.732413432556825],[-84.340079188115482,33.732532432582602],[-84.340066188130791,33.732891432660004],[-84.340069188136596,33.732984432679814],[-84.339976188106007,33.73291443266826],[-84.339387187909935,33.732426432585498],[-84.338890187744866,33.732021432517143],[-84.338898187746267,33.73200343251299],[-84.338598187646184,33.731751432470112],[-84.338534187623551,33.731673432455793],[-84.338496187609806,33.731620432445808],[-84.338320187551261,33.731475432421291],[-84.337829187388564,33.731082432355237],[-84.337506187282642,33.730844432316239],[-84.337264187203232,33.730665432286841],[-84.337161187170366,33.73060643227798],[-84.337158187161975,33.730465432247918],[-84.337155187154224,33.730335432220173],[-84.337093187135665,33.730323432219912],[-84.336951187093348,33.730298432219804],[-84.336702187011795,33.730117432190248],[-84.336611186984726,33.730102432190392],[-84.336612186982251,33.730050432179233],[-84.336353186897426,33.72986143214829],[-84.336239186860055,33.729777432134497],[-84.336128186823672,33.729696432121301],[-84.336005186783396,33.729607432106775],[-84.335887186744699,33.729520432092478],[-84.335648186666347,33.729345432063823],[-84.335252186535499,33.729034432011858],[-84.33490118641943,33.728758431965723],[-84.334861186405732,33.728718431958619],[-84.334840186398353,33.728693431954056],[-84.334782186372081,33.728513431917634],[-84.334684186327564,33.728208431855933],[-84.334650186318513,33.728222431860146],[-84.334581186292098,33.728100431836587],[-84.334443186239312,33.727856431789412],[-84.334331186196479,33.727658431751117],[-84.334220186153999,33.727462431713271],[-84.334354186192186,33.727452431706155],[-84.334943186362196,33.727449431683716],[-84.335059186410319,33.727725431738541],[-84.33519318646313,33.727991431790585],[-84.335350186505423,33.727933431772378],[-84.335213186434956,33.727350431652525],[-84.335599186545451,33.727331431634163],[-84.335907186638536,33.72740843163924],[-84.336160186711879,33.72741343163095],[-84.336505186806647,33.72732143159849],[-84.336702186859398,33.727242431574297],[-84.336705186856506,33.727171431558979],[-84.336741186866973,33.72717243155784],[-84.33678818687126,33.726997431518612],[-84.336784186861479,33.726834431483844],[-84.336777186856352,33.726776431471642],[-84.336666186809168,33.726490431414469],[-84.336516186765621,33.726486431419168],[-84.336519186735359,33.7258994312933],[-84.336528186734498,33.725834431279026],[-84.336358186685246,33.725831431284682],[-84.33614718662399,33.725826431291416],[-84.335924186558927,33.725813431296878],[-84.335845186540212,33.725891431316548],[-84.335741186509779,33.725884431318917],[-84.335126186332786,33.725897431344407],[-84.335125186336541,33.725973431360721],[-84.334314186102986,33.725987431393747],[-84.334315186089484,33.725727431338022],[-84.333593185882222,33.725752431370083],[-84.333600185886766,33.725800431380115],[-84.333488185854463,33.725801431384468],[-84.333413185832811,33.725801431387239],[-84.333354185802378,33.725549431335445],[-84.333269185769126,33.725384431303205],[-84.333233185755375,33.725321431291079],[-84.333186185735329,33.725199431266638],[-84.333132185709474,33.725005431227046],[-84.333099185689989,33.724818431188218],[-84.332987185627388,33.724247431070033],[-84.332876185564004,33.723656430947521],[-84.332745185493181,33.723034430819069],[-84.332745185491532,33.723003430812447],[-84.332732185485128,33.722952430801946],[-84.332635185441859,33.722665430744094],[-84.332431185351908,33.722080430626285],[-84.332280185286081,33.721660430541853],[-84.332241185272096,33.721609430532375],[-84.332209185260325,33.721561430523231],[-84.332103185215985,33.721302430471674],[-84.331903185126976,33.72071343035288],[-84.331804185094384,33.720637430340226],[-84.331715185065377,33.720575430330264],[-84.331486184982808,33.720266430272481],[-84.331292184912911,33.720004430223518],[-84.331012184812053,33.719628430153335],[-84.330764184722682,33.719293430090723],[-84.330713184700386,33.719150430061916],[-84.330624184651725,33.718717429972443],[-84.330606184642079,33.718633429955091],[-84.329938184448253,33.718617429976405],[-84.32993418444299,33.71853942995979],[-84.329930184436861,33.718446429940009],[-84.329866184418364,33.718446429942382],[-84.329290184251988,33.718446429963699],[-84.329304184276552,33.718833430046089],[-84.329281184288902,33.71919243012389],[-84.329226184277971,33.719286430146056],[-84.329059184251307,33.719693430239516],[-84.328698184197535,33.720647430457277],[-84.328508184168044,33.721127430567158],[-84.328430184152893,33.721266430599812],[-84.328377184141573,33.72134243061808],[-84.328123184085257,33.721664430696464],[-84.327716183995904,33.722197430825744],[-84.327684183988836,33.722238430835738],[-84.327504183936782,33.722237430842192],[-84.327621183974827,33.722317430854972],[-84.327248183891399,33.722777430967362],[-84.32696118381952,33.72298643102274],[-84.326493183701203,33.723304431108211],[-84.325958183564254,33.723637431199357],[-84.324742183244382,33.724231431371599],[-84.324661183222986,33.724269431382758],[-84.324472183172674,33.724350431407075],[-84.324321183132483,33.724415431426586],[-84.324241183111297,33.724451431437288],[-84.324179183094685,33.724476431444941],[-84.323936183030412,33.724588431477919],[-84.323656182955943,33.724709431514185],[-84.322841182742991,33.725135431635636],[-84.322082182544818,33.725533431749007],[-84.32201618252833,33.72558243176195],[-84.322002182524798,33.725592431764625],[-84.321955182513022,33.725626431773627],[-84.320889182240407,33.726294431956227],[-84.321136182318355,33.72641843197362],[-84.321237182350217,33.726469431980803],[-84.321426182409894,33.726564431994213],[-84.321438182413644,33.726570431995036],[-84.32148618243022,33.72662143200418],[-84.321883182558409,33.726875432043961],[-84.322375182716897,33.727183432091721],[-84.322813182857942,33.727457432134209],[-84.323169182972592,33.727679432168614],[-84.323295183013613,33.727766432182598],[-84.323533183089921,33.727909432204427],[-84.323740183156673,33.728040432224851],[-84.32400818324291,33.728206432250545],[-84.324627183442729,33.728601432312239],[-84.32555818374361,33.729203432406791],[-84.326099183917663,33.729538432458554],[-84.326772184125588,33.729792432488068],[-84.326876184158309,33.72984243249492],[-84.328268184590186,33.730402432563402],[-84.328409184634197,33.73046443257148],[-84.328834184765796,33.730630432591283],[-84.328903184786682,33.730648432592609],[-84.329014184820451,33.730680432595392],[-84.329100184846098,33.730696432595593],[-84.329255184891579,33.730709432592683],[-84.329277184897848,33.73070743259143],[-84.329354184920334,33.73071143258943],[-84.329349184927381,33.730871432623893],[-84.329341184933782,33.731036432659529],[-84.329334184941729,33.731224432700095],[-84.329315184962866,33.731726432808337],[-84.329301184992929,33.732370432946844],[-84.329288184995306,33.732485432971963],[-84.329295185020257,33.732918433064455],[-84.329299185034557,33.733166433117432],[-84.329308185044226,33.733299433145596],[-84.329118184989326,33.733299433152638],[-84.328217184728985,33.733299433185984],[-84.328214184738243,33.733490433226976],[-84.327622184567915,33.733503433251713],[-84.327623184523773,33.73266543307215],[-84.327437184470625,33.732676433081359],[-84.326592184227252,33.732691433115853],[-84.326581184199597,33.732229433017267],[-84.326001184034453,33.732275433048564],[-84.326036184047823,33.732337433060572],[-84.325379183875796,33.732673433156876],[-84.325333183863634,33.732694433163083],[-84.325074183800055,33.732906433218062],[-84.32490818375922,33.733041433253128],[-84.324956183777957,33.733133433271057],[-84.324848183750618,33.733205433290536],[-84.324660183702932,33.733331433324445],[-84.324506183663729,33.733431433351612],[-84.32439318362573,33.733330433334096],[-84.324201183556923,33.733078433287254],[-84.323974183474533,33.732761433227729],[-84.323844183425336,33.732542433185607],[-84.323783183398959,33.732377433152529],[-84.323826183399888,33.732160433104418],[-84.322996183167575,33.732302433165621],[-84.322994183174259,33.732439433195033],[-84.323146183239629,33.732843433275953],[-84.323347183326121,33.733379433383313],[-84.323710183463803,33.733998433502528],[-84.32381418350333,33.734176433536824],[-84.323935183549239,33.734383433576674],[-84.323995183570617,33.734459433590722],[-84.324061183594296,33.73454643360693],[-84.324084183605038,33.734623433622609],[-84.324160183634717,33.734769433651024],[-84.324307183685846,33.734932433680513],[-84.324417183719973,33.734977433686083],[-84.32469018379885,33.734976433675762],[-84.324687183805793,33.735124433707604],[-84.324683183822913,33.735469433781638],[-84.324741183845063,33.735570433801165],[-84.325172183993232,33.736016433880756],[-84.325765184197053,33.736629433990139],[-84.328998185092246,33.735894433712986],[-84.32900218507929,33.735628433655847],[-84.329243185149167,33.735632433647773],[-84.329231185130709,33.73535043358784],[-84.329310185153716,33.735353433585558],[-84.329302185280611,33.7377904341079],[-84.329261185268763,33.737789434109196],[-84.328943185176556,33.737784434119916],[-84.328607185079221,33.73777843413108],[-84.328639185091404,33.73783443414186],[-84.328745185131964,33.738021434178037],[-84.328850185172186,33.738208434214201],[-84.328955185212394,33.738394434250132],[-84.329061185252968,33.73858143428626],[-84.329166185293175,33.738768434322466],[-84.328894185222453,33.738916434364207],[-84.328782185193333,33.738977434381425],[-84.328635185154269,33.739041434400605],[-84.328659185163119,33.739077434407385],[-84.328784185206999,33.73922443443427],[-84.328850185229356,33.739286434445127],[-84.328971185269708,33.739387434462273],[-84.329111185315767,33.73949343447979],[-84.329278185370953,33.739624434501685],[-84.329306185381,33.739660434508323],[-84.329333185391704,33.739715434519127],[-84.329361185402263,33.73976243452816],[-84.329396185416385,33.73983743454292],[-84.329301185390378,33.739865434552421],[-84.329263185379858,33.739873434555584],[-84.329160185349807,33.739868434558318],[-84.328657185203582,33.739851434573289],[-84.328278185093865,33.73984743458648],[-84.327708184928298,33.739830434603938],[-84.327289184807569,33.739837434620917],[-84.327130184763433,33.739871434634104],[-84.327108184757336,33.739876434635988],[-84.32710818476032,33.739932434647947],[-84.327108184770651,33.740127434689747],[-84.327116184776656,33.740197434704442],[-84.327134184786061,33.740276434720727],[-84.327196184812266,33.740432434751852],[-84.327339184868208,33.740708434805661],[-84.32780918504973,33.7415704349729],[-84.327916185099014,33.741916435043102],[-84.328002185141116,33.742241435109491],[-84.328337185308371,33.743569435381545],[-84.328728185478965,33.744655435599675],[-84.328743185486019,33.74470643561007],[-84.328748185489687,33.744748435618838],[-84.328750185498322,33.744900435651338],[-84.328720185523352,33.745535435788426],[-84.328697185530416,33.745793435844583],[-84.328574185581331,33.747423436198233],[-84.327257185200395,33.747415436245312],[-84.326300184922985,33.747399436277306],[-84.325254184619752,33.747380436311985],[-84.324320184349361,33.747371436344643],[-84.323306184055951,33.747363436380517],[-84.322869183929313,33.747356436395165],[-84.321778183613716,33.747350436434282],[-84.320852183345878,33.747345436467533],[-84.320451183229778,33.74734143648152],[-84.320096183127134,33.74733943649418],[-84.320027183107086,33.747338436496527],[-84.319950183084813,33.747337436499166],[-84.31997518306126,33.74675743637404],[-84.319978183058552,33.7466904363596],[-84.319983183054745,33.746590436337961],[-84.319251182843033,33.746587436364429],[-84.318897182740656,33.746586436377328],[-84.318591182652213,33.746585436388436],[-84.318206182541289,33.746591436403953],[-84.318187182535794,33.746591436404664],[-84.317204182251501,33.746587436440208],[-84.316957182180118,33.74658743644936],[-84.317028182112352,33.744923436090289],[-84.317034182106326,33.744776436058615],[-84.319376182781127,33.744739435963943],[-84.319481182811117,33.744733435958786],[-84.31967818286742,33.744721435948904],[-84.32032918310324,33.74562043611737],[-84.320333183097006,33.745481436087466],[-84.320348183077698,33.745035435991362],[-84.320352183071535,33.744897435961661],[-84.320358183063007,33.744704435920063],[-84.320371183049318,33.744375435849136],[-84.320377183043078,33.74422543581678],[-84.320386183033733,33.744000435768243],[-84.320396183023547,33.743753435714964],[-84.320406183013318,33.7435064356617],[-84.320416183003076,33.743258435608183],[-84.320423182996379,33.743094435572814],[-84.320429182989344,33.742929435537263],[-84.320433182984289,33.742811435511818],[-84.320439182978731,33.742674435482236],[-84.320444182972864,33.742536435452486],[-84.320450182967306,33.742399435422932],[-84.320459182957833,33.742171435373777],[-84.320474182941297,33.741778435288992],[-84.320480182934645,33.741619435254719],[-84.320817183025767,33.741501435216982],[-84.321251183143048,33.741348435168121],[-84.321630183245517,33.741215435125611],[-84.322085183368486,33.741055435074472],[-84.322305183432022,33.741054435066125],[-84.322506183489992,33.741052435058265],[-84.322706183547623,33.741050435050425],[-84.322907183605594,33.741048435042565],[-84.322973183624683,33.741048435040121],[-84.322997183592406,33.740309434880906],[-84.323012183573539,33.739871434786565],[-84.323004183563498,33.739725434755542],[-84.322384183383477,33.739709434775122],[-84.322092183298679,33.739701434784173],[-84.321585183152408,33.739705434803803],[-84.321324183078048,33.739725434817743],[-84.321100183016384,33.739783434838479],[-84.320913182965441,33.739841434857794],[-84.320565182872812,33.739991434902834],[-84.320566182851152,33.73957743481413],[-84.318294182203417,33.739742434933561],[-84.318243182188553,33.739740434935008],[-84.315343181344545,33.739627435018143],[-84.315328181313831,33.739129434912016],[-84.315328181311287,33.739081434901749],[-84.315323181272049,33.738368434749148],[-84.315321181257218,33.738100434691795],[-84.315321181253239,33.738025434675734],[-84.315342181227763,33.73743043454747],[-84.314893181088365,33.737248434525092],[-84.313758180736016,33.736788434468565],[-84.313501180656317,33.736685434455985],[-84.312838180519847,33.737725434703314],[-84.312559180461292,33.738141434802827],[-84.312473180441259,33.738232434825484],[-84.313684180790631,33.738221434778289],[-84.313905180854505,33.738221434770125],[-84.313947180920465,33.739237434986279],[-84.313959180940913,33.73955743505438],[-84.313725180872964,33.739550435061496],[-84.313658180853494,33.73954843506354],[-84.313446180791871,33.739542435070128],[-84.312414180491999,33.739511435101704],[-84.311189180136111,33.739475435139305],[-84.311153180125643,33.739474435140423],[-84.310453179922234,33.739453435161806],[-84.309670179694891,33.73943343518652],[-84.30956617966477,33.739431435189928],[-84.308977179493766,33.739416435208561],[-84.308974179490491,33.739370435198808],[-84.308975179478836,33.739145435150576],[-84.30897617947673,33.739100435140898],[-84.308978179473002,33.739019435123438],[-84.308980179469913,33.738950435108592],[-84.308815179422055,33.738947435114056],[-84.308814179425312,33.739014435128453],[-84.308814179426165,33.739030435131824],[-84.308811179431302,33.739143435156166],[-84.308810179443043,33.739370435204883],[-84.308811179445556,33.739412435213808],[-84.308064179228793,33.739395435237832],[-84.308061179203492,33.73893443513915],[-84.307798179127118,33.738927435147389],[-84.307819179153995,33.739320435230809],[-84.307825179159494,33.739390435245568],[-84.306837178872897,33.739370435277898],[-84.306841178849297,33.73890343517769],[-84.307163178942758,33.738911435167452],[-84.307168178932727,33.738695435121031],[-84.306675178789675,33.738684435136868],[-84.306675178801086,33.738899435182951],[-84.306675178825884,33.739367435283214],[-84.306598178803611,33.739366435285824],[-84.306030178638721,33.739352435303879],[-84.306032178627419,33.7391284352558],[-84.306035178615829,33.738893435205327],[-84.305983178600769,33.738892435207035],[-84.305984178599829,33.738869435202076],[-84.305985178597993,33.738829435193466],[-84.30598717858976,33.738663435157839],[-84.305988178582794,33.738526435128456],[-84.305988178578772,33.738450435112185],[-84.305989178575771,33.738388435098848],[-84.305827178528816,33.738385435104206],[-84.305822178551182,33.738834435200602],[-84.305821178552591,33.73886643520747],[-84.305820178553574,33.73889143521285],[-84.305739178530203,33.738891435215841],[-84.30555217847602,33.738888435222144],[-84.305537178471653,33.738888435222705],[-84.305494178459227,33.738888435224268],[-84.305496178448976,33.738684435180502],[-84.305496178444855,33.738606435163824],[-84.305500178424154,33.738194435075357],[-84.30550717839219,33.73755243493757],[-84.304493178097772,33.737526434969531],[-84.303836177906959,33.737509434990194],[-84.302964177653777,33.737486435017516],[-84.302570177539337,33.737476435029919],[-84.302405177491536,33.737473435035376],[-84.301803177317069,33.737464435055756],[-84.301542177241402,33.73746043506457],[-84.301399177199983,33.737458435069428],[-84.300533176948889,33.737442435098025],[-84.300520176968647,33.737886435193651],[-84.299922176795107,33.737873435212968],[-84.299914176800399,33.738016435243878],[-84.30051617697508,33.738029435224412],[-84.300508176989055,33.73833643529052],[-84.300500176993694,33.738468435319042],[-84.300490177000597,33.738652435358887],[-84.299360176672508,33.738623435394452],[-84.298420176399603,33.738600435424289],[-84.298423176396753,33.738530435409196],[-84.29842917638814,33.738335435367219],[-84.29843417638368,33.73822443534327],[-84.298440176378463,33.738092435314734],[-84.298444176372286,33.737954435285019],[-84.298453176360297,33.737679435225722],[-84.298550176388531,33.737682435222837],[-84.298779176455014,33.737688435215624],[-84.298788176442073,33.737395435152521],[-84.298796176430898,33.73714143509774],[-84.298800176429765,33.737097435088224],[-84.297893176165914,33.737065435114886],[-84.296829175857368,33.737045435149966],[-84.296819175867583,33.737292435203251],[-84.297115175953536,33.737300435194065],[-84.297106175965212,33.737570435252245],[-84.296810175879202,33.737561435261235],[-84.29680317588965,33.737796435311893],[-84.296797175896359,33.737955435346159],[-84.296791175905071,33.738153435388774],[-84.296786175911222,33.738296435419642],[-84.297115176006812,33.738305435409373],[-84.297772176197569,33.738322435388739],[-84.297817176210586,33.738322435387062],[-84.297858176222434,33.738322435385541],[-84.297847176233958,33.738600435445484],[-84.29780917622297,33.738599435446687],[-84.296115175731643,33.738567435502524],[-84.295527175561759,33.738568435524506],[-84.295415175555249,33.739056435633216],[-84.295360175554919,33.739349435698038],[-84.295334175553407,33.739462435723219],[-84.295310175545993,33.739453435722133],[-84.294931175429241,33.739317435707008],[-84.294370175257455,33.739135435688773],[-84.293828175095086,33.739027435685678],[-84.293437174980141,33.738991435692462],[-84.293200174910496,33.738969435696504],[-84.292636174747244,33.738964435716248],[-84.291143174312239,33.738898435757392],[-84.290490174122453,33.738878435777252],[-84.290300174067184,33.738872435782959],[-84.290301174071502,33.738948435799244],[-84.290277174097113,33.739562435931695],[-84.28981817397289,33.73972143598273],[-84.289878173996883,33.739847436007544],[-84.290272174103791,33.739715435964669],[-84.290267174110454,33.739868435997643],[-84.290249174132285,33.740378436107569],[-84.290146174103924,33.74040543611715],[-84.290258174149059,33.740646436164667],[-84.290223174147044,33.740798436198546],[-84.290216174151496,33.740921436225129],[-84.290194174145441,33.740927436227267],[-84.289828174045823,33.741043436265656],[-84.289879174066328,33.74115243628713],[-84.290166174144204,33.74105643625591],[-84.290213174157046,33.741042436251199],[-84.290211174157903,33.741069436257064],[-84.290179174186946,33.741791436412946],[-84.290245174213553,33.741933436440888],[-84.290171174193404,33.741957436448772],[-84.290170174196405,33.742019436462122],[-84.289938174133027,33.742088436485474],[-84.289702174068552,33.742158436509222],[-84.290090174225952,33.743012436677837],[-84.290508174390936,33.743846436841075],[-84.290978174575471,33.744764437020386],[-84.290774174517097,33.744775437030327],[-84.290189174347844,33.744772437051267],[-84.289894174262272,33.744766437060932],[-84.289762174223583,33.744756437063685],[-84.28967517419774,33.744743437064095],[-84.2895641741639,33.744710437061165],[-84.28977117424742,33.745156437149014],[-84.289791174255654,33.745202437158198],[-84.289839174275613,33.745317437181043],[-84.289948174320855,33.745577437232697],[-84.290003174343624,33.745706437258313],[-84.290055174365264,33.745831437283137],[-84.290162174409673,33.74608543733364],[-84.290257174449152,33.746312437378755],[-84.290278174457811,33.746361437388465],[-84.290440174525102,33.74674743746516],[-84.290496174548366,33.74688043749159],[-84.290558174574002,33.747025437520392],[-84.290577174581884,33.747071437529542],[-84.290668174608186,33.747071437526181],[-84.290811174649491,33.747070437520684],[-84.290815174651968,33.747095437525878],[-84.290828174666359,33.747295437568198],[-84.290866174708796,33.747889437694091],[-84.290870174712595,33.74793943770463],[-84.290934174748713,33.748271437773411],[-84.290931174766996,33.748632437850866],[-84.29093117476836,33.748658437856406],[-84.290958174775412,33.748644437852398],[-84.290957174784054,33.748812437888475],[-84.290966174788807,33.748852437896723],[-84.290976174823498,33.749452438024839],[-84.290952174834374,33.749788438097717],[-84.290952174837571,33.749848438110583],[-84.290950174840532,33.749915438125022],[-84.290944174850608,33.750137438172807],[-84.290932174867891,33.750529438257225],[-84.290934174871168,33.750580438268052],[-84.290934174872021,33.750596438271486],[-84.290937174876802,33.75067043828723],[-84.290930174892779,33.751009438360107],[-84.290901174884411,33.751009438361187],[-84.290895174910375,33.751531438473279],[-84.290893174913307,33.751598438487704],[-84.290892174913978,33.751616438491553],[-84.290891174916453,33.751668438502776],[-84.29089017491691,33.751682438505753],[-84.290849174942721,33.752391438659203],[-84.290797174927434,33.752387438660286],[-84.290661174924466,33.753072438812048],[-84.290653174926248,33.753149438828856],[-84.290701174940509,33.753156438828569],[-84.290817174974919,33.753173438827922],[-84.291104175060326,33.753219438827152],[-84.291937175308149,33.753352438824813],[-84.293234175688085,33.753448438797349],[-84.29359617579378,33.753467438788029],[-84.29439517602718,33.753514438768526],[-84.29453817606867,33.753517438763851],[-84.29563817638946,33.753571438734674],[-84.29586617645721,33.753606438733755],[-84.295996176496814,33.753644438737055],[-84.296056176515023,33.753660438738272],[-84.29610717653118,33.753687438742148],[-84.296156176547029,33.753719438747225],[-84.296216176566247,33.753754438752473],[-84.296273176584819,33.753794438758945],[-84.296326176602548,33.753839438766619],[-84.296434176638357,33.75392543878106],[-84.296538176673153,33.754015438796493],[-84.296626176701992,33.75407943880694],[-84.296717176731306,33.754136438815756],[-84.29681217676152,33.754188438823412],[-84.296887176785077,33.754223438828106],[-84.296964176808913,33.754253438831718],[-84.297043176833142,33.754279438834352],[-84.29712317685734,33.754300438835877],[-84.297205176881874,33.754315438836031],[-84.297287176906124,33.754326438835392],[-84.297425176946689,33.754338438832811],[-84.297520176974658,33.75434843883145],[-84.297563176987367,33.754353438830933],[-84.298106177146579,33.754396438820052],[-84.298649177305961,33.754442438809789],[-84.298684177316247,33.754445438809114],[-84.298761177338804,33.754451438807543],[-84.298873177371533,33.754458438804939],[-84.299582177579623,33.7545184387915],[-84.300291177787912,33.75458143877875],[-84.300322177796943,33.754583438778042],[-84.30140517811509,33.754680438758761],[-84.302477178429299,33.754762438736584],[-84.302514178376171,33.753559438477552],[-84.304015178809877,33.753558438421763],[-84.304531178906359,33.752566438190179],[-84.304675178938524,33.752387438146513],[-84.305219179096113,33.752394438127844],[-84.306680179519304,33.752412438077613],[-84.3082161799625,33.752399438017932],[-84.309764180409843,33.752398437960387],[-84.311223180833196,33.752431437913472],[-84.311229180806038,33.751886437796458],[-84.311230180801275,33.751791437776092],[-84.31215018106748,33.751797437743299],[-84.312389181136567,33.75179843773472],[-84.31248918116556,33.751799437731229],[-84.31200718105579,33.752356437868336],[-84.311768180998271,33.752573437923687],[-84.31163118096579,33.752707437957447],[-84.311350180898415,33.752968438023743],[-84.311262180876525,33.753035438041344],[-84.310708180742623,33.753528438167464],[-84.310424180671674,33.753738438222975],[-84.30983218052252,33.754151438333359],[-84.310004180582709,33.75434943836941],[-84.310259180675715,33.7547124384377],[-84.310342180707508,33.754860438466345],[-84.310389180728507,33.755000438494584],[-84.310447180761756,33.75531043855878],[-84.311818181157761,33.755306438507176],[-84.311881181175977,33.755306438504846],[-84.311950181195868,33.755305438502056],[-84.312009181212943,33.755306438500085],[-84.312315181301386,33.755306438488759],[-84.312333181390699,33.756890438827384],[-84.312426181641683,33.76111143972787],[-84.312396181777828,33.763837440312734],[-84.312427181813433,33.7643394404191],[-84.3124361818236,33.764482440449378],[-84.312442181832665,33.764619440478484],[-84.312446181850476,33.76493344054559],[-84.312446181858334,33.765081440577234],[-84.312446181858931,33.765092440579629],[-84.312447181860009,33.765107440582824],[-84.3124461818621,33.765152440592509],[-84.312446181864502,33.765197440602115],[-84.31244518186783,33.76526544061673],[-84.312445181876853,33.7654354406531],[-84.312504181893672,33.765431440650069],[-84.31265318193627,33.765422440642631],[-84.313738182247477,33.765378440593011],[-84.314606182493847,33.765293440542642],[-84.315497182742604,33.765129440474524],[-84.3157741828187,33.765054440448147],[-84.315820182828816,33.764994440433632],[-84.315877182841206,33.764918440415222],[-84.316096182900552,33.764843440391061],[-84.31612218290762,33.764835440388403],[-84.3162291829385,33.76483444038422],[-84.316348182972817,33.76483344037954],[-84.316434182997682,33.764833440376364],[-84.316472183008628,33.76483244037474],[-84.316527183024405,33.764830440372279],[-84.316950183146602,33.764829440356408],[-84.31698918315783,33.764828440354727],[-84.316992183169262,33.765027440397262],[-84.317000183203376,33.765626440525239],[-84.316999183218442,33.765915440587165],[-84.316998183230055,33.766139440635101],[-84.318433183644572,33.766135440581081],[-84.318906183781266,33.766135440563531],[-84.318961183797128,33.766135440561506],[-84.319053183823712,33.766135440558102],[-84.319079183831221,33.766135440557136],[-84.319794184113789,33.76756444083663],[-84.319968184164296,33.767568440831006],[-84.321020184469091,33.767582440795046],[-84.321027184481395,33.767776440836293],[-84.321044184486325,33.767776440835647],[-84.321271184551875,33.767775440827037],[-84.322042184774546,33.767773440798038],[-84.322978185044633,33.767765440761643],[-84.322976185084883,33.768534440926338],[-84.322976185089445,33.76862044094478],[-84.322974185122206,33.769247441079095],[-84.32297318514243,33.769633441161751],[-84.323084185174523,33.769633441157673],[-84.323918185415522,33.769633441126736],[-84.324703185642747,33.769640441099106],[-84.325537185884784,33.769659441072264],[-84.326350186120081,33.769666441043597],[-84.326779186244408,33.769673441029191],[-84.326787186220443,33.769178440922907],[-84.32679418618207,33.768418440759987],[-84.326795186151998,33.767847440637667],[-84.326923186189063,33.767848440633117],[-84.327628186392928,33.767851440607693],[-84.328359186604359,33.767854440581225],[-84.328378186609584,33.767850440579601],[-84.328433186625716,33.767854440578475],[-84.32843118663844,33.768104440632058],[-84.328430186650522,33.768337440681975],[-84.328441186685197,33.768930440808489],[-84.328431186817099,33.771465441351587],[-84.328613186821741,33.770563441151751],[-84.329030186942006,33.770559441135433],[-84.329049186971247,33.771006441230433],[-84.328866186947621,33.771556441354939],[-84.328843186945235,33.771636441372934],[-84.330451187410461,33.771647441315636],[-84.330654187469264,33.771650441308751],[-84.331251187642025,33.771654441287438],[-84.33142018769091,33.771654441281186],[-84.330437187463403,33.772718441545443],[-84.330409187457064,33.772751441553531],[-84.330376187446277,33.772728441549809],[-84.330067187346501,33.772531441519106],[-84.330033187389404,33.773522441732489],[-84.330022187403998,33.773857441804623],[-84.330033187462632,33.774899442027319],[-84.330067187646819,33.778178442727878],[-84.330068187704597,33.779259442959209],[-84.33184418821763,33.779255442892499],[-84.332254188273481,33.778077442625175],[-84.333109188543858,33.778515442687173],[-84.333278188597248,33.778601442699333],[-84.333045188546961,33.778921442776443],[-84.332783188486232,33.779203442846558],[-84.332749188482211,33.779312442871159],[-84.332756188485391,33.779334442875594],[-84.332816188512751,33.779522442913574],[-84.332842188524467,33.779601442929497],[-84.332899188546818,33.779712442951158],[-84.333412188683084,33.779487442883962],[-84.333456188694328,33.779459442876359],[-84.333526188712213,33.779415442864334],[-84.333608188733209,33.779364442850394],[-84.333663188746741,33.77932044283893],[-84.333742188766237,33.779257442822505],[-84.333888188808402,33.779257442817098],[-84.334157188885825,33.779251442805844],[-84.334536188995884,33.77926144279391],[-84.33694918969347,33.779267442705709],[-84.338266190074435,33.779274442658334],[-84.338178190045582,33.779210442647887],[-84.337790189919701,33.778952442607078],[-84.337394189791468,33.778692442566097],[-84.337415189796317,33.778669442560407],[-84.33750818981899,33.778590442540022],[-84.337645189852353,33.778473442509906],[-84.337697189869161,33.778507442515291],[-84.338119190008626,33.778836442569997],[-84.338435190113032,33.779082442610928],[-84.338670190190697,33.779265442641382],[-84.339037190296892,33.77926844262845],[-84.339268190363725,33.779270442620287],[-84.340933190845377,33.779280442560648],[-84.342000191154028,33.779287442522524],[-84.342234191221692,33.779287442513848],[-84.344392191846467,33.7793104424387],[-84.344528191889069,33.779372442446949],[-84.344845191987417,33.779499442462381],[-84.344970192014614,33.779332442421953],[-84.345074192044578,33.779330442417674],[-84.345194192079447,33.779334442414125],[-84.345509192176792,33.779453442427887],[-84.345807192268964,33.779566442441016],[-84.345991192326267,33.779644442450866],[-84.346489192481116,33.779850442476445],[-84.347443192777718,33.780244442525401],[-84.347434192782742,33.780387442556325],[-84.347426192787694,33.780524442585914],[-84.347417192793145,33.780675442618588],[-84.34740819279871,33.780828442651682],[-84.347400192803661,33.780965442681286],[-84.347392192808655,33.781102442710903],[-84.347383192813425,33.781240442740746],[-84.347375192818376,33.781377442770371],[-84.34736719282364,33.781519442801084],[-84.347359192828378,33.781652442829788],[-84.347351192833372,33.781789442859449],[-84.347345192836499,33.781880442879164],[-84.34734319283838,33.781926442889073],[-84.347342192844636,33.782049442915401],[-84.34734119284515,33.782064442918674],[-84.347329192848932,33.782201442948434],[-84.347316192852503,33.782338442978229],[-84.347304192856356,33.782476443008193],[-84.34727919286388,33.782753443068373],[-84.347266192867394,33.782890443098168],[-84.347262192868655,33.782935443107952],[-84.347258192869845,33.782979443117505],[-84.347254192870935,33.783021443126664],[-84.347251192871937,33.783056443134278],[-84.347298192885631,33.783058443132965],[-84.347414192919118,33.783058443128652],[-84.347574192965411,33.783059443122916],[-84.34805619310508,33.783067443106731],[-84.34805719310431,33.783047443102404],[-84.348145193129952,33.783051443100071],[-84.348148193127031,33.782979443084479],[-84.34825619315815,33.782978443080253],[-84.348660193274554,33.782972443063997],[-84.348623193310061,33.783839443250919],[-84.348584193319311,33.784225443334961],[-84.348144193190763,33.784199443345756],[-84.348150193196119,33.784266443359869],[-84.34814619320008,33.784363443380741],[-84.348568193323359,33.784388443370425],[-84.348554193327217,33.784536443402637],[-84.348141193207809,33.784535443417766],[-84.348136193214998,33.7846974434526],[-84.348538193331478,33.784703443438929],[-84.348429193358967,33.785811443680061],[-84.348429193397934,33.78654344383672],[-84.348429193452617,33.787570444056449],[-84.348429193526215,33.788952444352176],[-84.348297193495796,33.789097444388062],[-84.348176193467935,33.789230444421037],[-84.348243193489637,33.789274444427967],[-84.3484301935502,33.789397444447367],[-84.348431193574442,33.789847444543554],[-84.348238193518611,33.789846444550506],[-84.348075193500009,33.790381444671048],[-84.348058193498019,33.790435444683247],[-84.347899193450061,33.790398444681216],[-84.347883193445426,33.790397444681616],[-84.347891193444994,33.790346444670412],[-84.34796819344065,33.789846444560538],[-84.347673193355348,33.789846444571474],[-84.347737193353197,33.789458444486101],[-84.34771719334725,33.789455444486208],[-84.34754819329622,33.789413444483486],[-84.347525193289243,33.789407444483068],[-84.347484193276699,33.7893944444818],[-84.347445193264562,33.789378444479851],[-84.347411193253905,33.789362444477675],[-84.347371193241116,33.789339444474251],[-84.346992193151991,33.789722444570252],[-84.347083193185057,33.78984944459409],[-84.347070193181324,33.789849444594566],[-84.347084193212538,33.790360444703346],[-84.347086193216953,33.79043244471864],[-84.346926193172223,33.790460444730634],[-84.346882193159871,33.79046744473375],[-84.346866193122437,33.789850444602351],[-84.34666219306348,33.789851444610136],[-84.346606193047336,33.789851444612196],[-84.346069192891832,33.789845444630814],[-84.34606619289795,33.789976444658976],[-84.345611192766498,33.789976444675858],[-84.345100192618759,33.789975444694619],[-84.34390819227427,33.789974444738668],[-84.342921191988992,33.789973444775107],[-84.342295191808105,33.789972444798146],[-84.342282191823813,33.790338444876916],[-84.342206191808216,33.790457444905229],[-84.342368191887118,33.791060445028194],[-84.343097192101226,33.791125445015062],[-84.343409192192865,33.791153445009449],[-84.343428192189322,33.790983444972383],[-84.343753192284154,33.791001444964188],[-84.343748192272827,33.79081544492454],[-84.343744192262591,33.790644444888123],[-84.343744192258598,33.790569444872112],[-84.344040192343996,33.790567444860635],[-84.344038192373034,33.791123444979682],[-84.344026192371842,33.791166444989337],[-84.344104192395363,33.791184444990307],[-84.344485192509026,33.791251444990493],[-84.344911192636189,33.791327444990927],[-84.344953192648688,33.791334444990888],[-84.344901192673731,33.792087445153911],[-84.345308192790853,33.792078445136895],[-84.345271192806834,33.792578445245248],[-84.345237192816739,33.792949445325853],[-84.345206192826765,33.793305445403178],[-84.345191192832004,33.793485445442236],[-84.345144192847414,33.794029445560369],[-84.345104192860916,33.794500445662635],[-84.345116192867508,33.794558445674603],[-84.345071192855784,33.794582445681421],[-84.345054192860601,33.79476544572119],[-84.345051192861661,33.794801445729028],[-84.345160192896856,33.79487044573974],[-84.345084192899193,33.795327445840314],[-84.345071192900051,33.795413445859211],[-84.345077192913479,33.795633445905999],[-84.345100192938574,33.795979445979214],[-84.345003192916906,33.796098446008251],[-84.344984192912634,33.796121446013878],[-84.344846192873547,33.796136446022231],[-84.344625192809474,33.79613244602961],[-84.34442919275277,33.796131446036668],[-84.343912192603042,33.796125446054539],[-84.343912192590579,33.795891446004504],[-84.343913192578242,33.795654445953751],[-84.34391419256589,33.795417445903013],[-84.343915192556764,33.795240445865112],[-84.343916192553962,33.795181445852428],[-84.343916192551561,33.795136445842786],[-84.34392619254335,33.794928445797943],[-84.343932192539796,33.794829445776557],[-84.343910192532789,33.794817445774775],[-84.343552192418841,33.79462044574592],[-84.342951192226835,33.794275445694446],[-84.341505191752915,33.793223445523019],[-84.341186191653108,33.793080445504287],[-84.340833191547858,33.793018445504117],[-84.340456191441717,33.793071445529499],[-84.340407191427943,33.793078445532799],[-84.34005119132857,33.793144445560152],[-84.339838191267887,33.793161445571684],[-84.339661191215825,33.793143445574408],[-84.339477191159631,33.793087445569235],[-84.3393381911158,33.793018445559632],[-84.339285191098156,33.792974445552183],[-84.339273191100204,33.793078445574899],[-84.339277191115571,33.793345445631878],[-84.339279191121747,33.793449445654034],[-84.339279191122756,33.793468445658107],[-84.339283191133859,33.793655445698008],[-84.339506191198097,33.793651445688845],[-84.339722191260265,33.793647445679952],[-84.339871191303232,33.793645445674002],[-84.340019191345817,33.793642445667878],[-84.340167191388446,33.793639445661739],[-84.340392191453248,33.793635445652555],[-84.34049719148345,33.793632445648008],[-84.34051619149183,33.793686445658835],[-84.340574191512871,33.793767445674035],[-84.340617191526732,33.793794445678202],[-84.340885191614476,33.793987445709526],[-84.340856191607386,33.794011445715725],[-84.340488191520137,33.794370445806209],[-84.340622191564123,33.794469445822443],[-84.340661191576956,33.79449844582718],[-84.340808191612155,33.794362445792629],[-84.341065191673351,33.794116445730445],[-84.341220191724076,33.794227445748461],[-84.341360191769894,33.794328445764876],[-84.341299191755283,33.794385445779334],[-84.34095019167188,33.794712445862267],[-84.341058191707418,33.794793445875563],[-84.341067191710309,33.794799445876492],[-84.34116519174249,33.794872445888515],[-84.34124619176913,33.794932445898304],[-84.341263191774758,33.794945445900467],[-84.34133519179835,33.794998445909116],[-84.34140119182004,33.795047445917149],[-84.34141119182334,33.795055445918521],[-84.341393191820103,33.795092445927068],[-84.341378191817611,33.795126445934919],[-84.341337191806446,33.795139445939263],[-84.341330191824639,33.79551844602058],[-84.341261191807263,33.795566446033433],[-84.34113519177555,33.795655446057118],[-84.34091919173747,33.796112446162937],[-84.341380191870712,33.79611244614582],[-84.341646191947689,33.796114446136365],[-84.341851192006985,33.796115446128965],[-84.341776191990334,33.796210446152052],[-84.34155119194034,33.796492446220775],[-84.34054319171814,33.797788446535449],[-84.339583191505923,33.79901244683299],[-84.339018191381115,33.799734447008433],[-84.338997191376592,33.799763447015394],[-84.338962191368694,33.799805447025712],[-84.338850191344008,33.799948447060416],[-84.338770191326446,33.80005344708588],[-84.33842519125065,33.800501447194542],[-84.33852019128831,33.800693447232057],[-84.338508191297137,33.800924447281901],[-84.338500191299744,33.801016447301926],[-84.338510191310178,33.801158447331929],[-84.33833019126179,33.801226447353145],[-84.338414191294333,33.8013814473832],[-84.338505191329489,33.801547447415309],[-84.338460191345405,33.802090447533153],[-84.338079191242286,33.802221447575334],[-84.337913191196989,33.802271447592176],[-84.337819191159127,33.802070447552666],[-84.337792191148935,33.802025447544032],[-84.337750191131576,33.801927447524662],[-84.337521191045838,33.80156144745488],[-84.337383191008414,33.801607447469827],[-84.336069190653902,33.802080447619829],[-84.335947190621027,33.80212444763378],[-84.335914190606076,33.802023447613372],[-84.335854190573855,33.80174444755594],[-84.335852190567834,33.801642447534178],[-84.335873190561813,33.801415447484821],[-84.335903190567223,33.801353447470483],[-84.33599019058741,33.801261447447516],[-84.33608719061138,33.801184447427474],[-84.336175190633099,33.801114447409233],[-84.336142190621914,33.801084447404058],[-84.336105190609445,33.80105044739814],[-84.336032190584675,33.800982447386311],[-84.335562190425676,33.800547447310706],[-84.335289190333299,33.800294447266722],[-84.335036190247692,33.800059447225827],[-84.334870190191523,33.799905447199052],[-84.33481719017405,33.799865447192438],[-84.334692190132884,33.799770447176762],[-84.330735188791905,33.796064446530799],[-84.331042188880545,33.796062446518988],[-84.331189188888743,33.795419446375924],[-84.331117188868149,33.795423446379452],[-84.330966188823865,33.795411446382523],[-84.330866188792157,33.795358446374841],[-84.330808188770803,33.795272446358581],[-84.330772188753187,33.795136446330829],[-84.330751188730432,33.794823446264701],[-84.330764188711697,33.794401446173893],[-84.330783188702327,33.794122446113448],[-84.330769188687526,33.793919446070547],[-84.330720188661644,33.793700446025539],[-84.329884188426121,33.79381444608098],[-84.329812188405853,33.793824446085758],[-84.329871188428953,33.793937446107741],[-84.329702188377794,33.793894446104815],[-84.329653188362258,33.793868446101079],[-84.329600188345779,33.793846446098335],[-84.329545188328908,33.793828446096505],[-84.329489188312067,33.793815446095842],[-84.329403188286079,33.793794446094537],[-84.329335188265631,33.793779446093836],[-84.329244188237823,33.793751446091221],[-84.329196188222369,33.793721446086614],[-84.329116188196195,33.793664446077351],[-84.329054188175704,33.7936164460694],[-84.328976188149994,33.793556446059434],[-84.328942188138655,33.793528446054722],[-84.328899188123188,33.793470446043891],[-84.328820188095847,33.793386446028883],[-84.328764188075382,33.793305446013598],[-84.328707188053045,33.793195445992168],[-84.328649188027882,33.793038445960725],[-84.328612188011789,33.792936445940313],[-84.328590188001399,33.792860445924838],[-84.32856418798643,33.792720445895853],[-84.32855618798024,33.792648445880737],[-84.328540187967832,33.792501445849858],[-84.328539187965589,33.792464445842022],[-84.328540187958083,33.792318445810707],[-84.328547187952481,33.792175445779854],[-84.328543187949151,33.792134445771225],[-84.328540187947112,33.792112445766641],[-84.328532187940667,33.792035445750457],[-84.328513187931648,33.791969445737053],[-84.328499187925146,33.791922445727529],[-84.328470187911563,33.791825445707808],[-84.328442187898105,33.791724445687258],[-84.328437187894849,33.791690445680139],[-84.3284311878908,33.791646445670963],[-84.328423187885306,33.791587445658649],[-84.328426187879884,33.791468445633022],[-84.32844118788195,33.791426445623536],[-84.328539187908817,33.791398445613865],[-84.328651187939485,33.791366445602883],[-84.328971188027069,33.791274445571318],[-84.329048188050876,33.791304445574873],[-84.328923188004296,33.791107445537335],[-84.328837187970322,33.790936445503981],[-84.3287471879366,33.790791445476252],[-84.328484187857327,33.790730445473002],[-84.328299187799416,33.790646445461867],[-84.328075187727904,33.790519445442996],[-84.328054187721023,33.790504445440597],[-84.328007187705481,33.790467445434402],[-84.327906187672127,33.790389445421475],[-84.327677187576569,33.789837445311825],[-84.327550187531699,33.789683445283572],[-84.327403187480883,33.789527445255651],[-84.326960187330755,33.789112445183314],[-84.326546187191752,33.788748445120781],[-84.326309187113125,33.788557445088685],[-84.326180187071614,33.788478445076578],[-84.325897186985216,33.788392445068681],[-84.325526186870533,33.788251445052268],[-84.324484186568981,33.788244445089404],[-84.324202186487184,33.788238445098607],[-84.323716186347028,33.788244445117904],[-84.323493186283685,33.788265445130669],[-84.322149185908572,33.788514445233837],[-84.321190185643786,33.788747445319316],[-84.320950185578127,33.788817445343192],[-84.320924185571528,33.788834445347753],[-84.320239185384963,33.789048445419013],[-84.319583185208998,33.789304445498111],[-84.318751184990049,33.789708445615446],[-84.31824718485862,33.789976445691501],[-84.31756018468387,33.790423445812678],[-84.317625184720498,33.790758445881956],[-84.317657184729512,33.790754445879934],[-84.317693184750013,33.790943445919034],[-84.317696184751654,33.790958445922143],[-84.317665184743191,33.790967445925197],[-84.317676184749232,33.791021445936359],[-84.317702184763974,33.791157445964522],[-84.317990184844021,33.791097445940963],[-84.31820218490293,33.79105344592368],[-84.318386184954122,33.791015445908705],[-84.318423184973838,33.791185445943739],[-84.318457184992212,33.79134544597671],[-84.318499185014787,33.791541446017121],[-84.318465185005351,33.79154944602007],[-84.318337184969849,33.791577446030793],[-84.318139184915012,33.791621446047557],[-84.317959184865117,33.791661446062797],[-84.317831184829629,33.791690446073751],[-84.317805184847956,33.79217544617854],[-84.317801184850964,33.79225344619536],[-84.31778518484596,33.792246446194468],[-84.317674184811935,33.792210446190857],[-84.317610184796635,33.792270446206075],[-84.3172731847162,33.792589446286861],[-84.317123184667139,33.792482446269545],[-84.317397184731519,33.79220344619965],[-84.317460184746338,33.792140446183822],[-84.317122184639231,33.791963446158476],[-84.316933184578147,33.791841446139401],[-84.316786184527857,33.791694446113453],[-84.316757184517627,33.791660446107208],[-84.316836184538928,33.79163144609808],[-84.317114184606808,33.791397446037664],[-84.317207184632238,33.791370446028431],[-84.317301184657964,33.79134344601917],[-84.317589184736732,33.791259445990505],[-84.317467184668288,33.790635445861469],[-84.317438184652943,33.790505445834768],[-84.316437184400442,33.791196446019775],[-84.316004184287877,33.79143244608634],[-84.315143184057817,33.791785446193877],[-84.314467183876488,33.792049446275414],[-84.314770183964399,33.792056446265718],[-84.315132184073505,33.79214044627021],[-84.315453184172029,33.792248446281434],[-84.315692184246814,33.79235544629546],[-84.31600118434551,33.792531446321689],[-84.316684184568388,33.793010446398831],[-84.317215184737478,33.793303446441818],[-84.317547184844102,33.793504446472511],[-84.317376184808921,33.793771446535999],[-84.31699918472971,33.794330446669647],[-84.31690918471557,33.794553446720705],[-84.316900184721675,33.794716446755892],[-84.316999184760107,33.794901446791812],[-84.316622184662577,33.795116446851829],[-84.31653918464022,33.795146446861303],[-84.316361184592182,33.795210446881619],[-84.316308184577849,33.795229446887674],[-84.315812184430015,33.795145446888085],[-84.315572184358558,33.795105446888421],[-84.315367184297443,33.795070446888509],[-84.314983184183475,33.795015446891028],[-84.3146141840746,33.79497344689571],[-84.314465184030709,33.794958446898036],[-84.314317183987399,33.794947446901176],[-84.314165183942919,33.794937446904719],[-84.31401418389882,33.794929446908576],[-84.313698183806864,33.794917446917765],[-84.313403183721434,33.794914446928061],[-84.313101183634387,33.79491844694013],[-84.312771183539411,33.794926446954058],[-84.312707183520956,33.794927446956642],[-84.312473183453562,33.794931446966167],[-84.312268183394565,33.794936446974887],[-84.311913183292432,33.794945446989964],[-84.311566183192468,33.794951447004117],[-84.311233183096647,33.794959447018229],[-84.310890182997895,33.794966447032444],[-84.310593182912314,33.794972447044735],[-84.310268182818874,33.794981447058767],[-84.310165182789305,33.794985447063418],[-84.310062182759822,33.79499044706828],[-84.309987182738325,33.794993447071718],[-84.309861182702306,33.795001447078072],[-84.309794182683419,33.795010447082525],[-84.309722182663094,33.7950194470871],[-84.309550182614757,33.795045447099042],[-84.309372182564957,33.795076447112315],[-84.30920818251937,33.795110447125644],[-84.309044182473897,33.795146447139466],[-84.3089111824372,33.795179447151433],[-84.308781182401802,33.795220447165043],[-84.308652182366927,33.795266447179671],[-84.30852418233259,33.795315447194888],[-84.308402182300185,33.795369447211016],[-84.30828318226888,33.795427447227809],[-84.308175182240802,33.795486447244457],[-84.308070182213683,33.795547447261427],[-84.307969182187918,33.795611447278887],[-84.307872182163564,33.795680447297251],[-84.307784182141688,33.795747447314866],[-84.307698182120447,33.7958154473326],[-84.307614182100039,33.795888447351302],[-84.30753518208121,33.795963447370283],[-84.307458182063186,33.796043447390296],[-84.307354182039077,33.796154447417891],[-84.307285182023449,33.796235447437766],[-84.307235182012676,33.7963054474546],[-84.307177182000572,33.796392447475377],[-84.307076181979866,33.796552447513342],[-84.307043181973341,33.796608447526602],[-84.307014181968,33.796666447540062],[-84.306971181960208,33.796752447560074],[-84.306930181953192,33.796843447581061],[-84.306893181947373,33.796935447602095],[-84.30686018194281,33.797028447623241],[-84.306814181937085,33.797170447655368],[-84.306773181932883,33.79731444768769],[-84.306738181930442,33.797459447720051],[-84.306695181928987,33.797665447765716],[-84.306657181929125,33.797873447811625],[-84.30661518193034,33.79812444786689],[-84.307269182152595,33.79874844797618],[-84.307623182273204,33.799091448036435],[-84.308128182446154,33.799598448126197],[-84.308466182565255,33.800000448199626],[-84.308562182598891,33.800111448219845],[-84.309043182771049,33.80073244833487],[-84.309081182784595,33.80078144834394],[-84.309104182792836,33.800811448349492],[-84.309469182887838,33.80061344829361],[-84.309840182986903,33.800460448247094],[-84.31003018303727,33.800375448221835],[-84.310464183152476,33.800182448164477],[-84.310666183207459,33.800118448143273],[-84.310770183236201,33.800094448134274],[-84.310875183265566,33.800075448126293],[-84.311562183460538,33.800008448086466],[-84.311670183492041,33.800013448083519],[-84.311776183523605,33.80003044808322],[-84.311878183554654,33.800059448085619],[-84.312035183603655,33.800127448094358],[-84.312163183642753,33.800167448098179],[-84.312282183678775,33.800198448100353],[-84.313251183973819,33.800478448124352],[-84.313355184005502,33.800509448127102],[-84.313418184024954,33.800532448129687],[-84.313473184183678,33.803214448701503],[-84.311640183654347,33.803223448771512],[-84.311640183660757,33.803343448797165],[-84.311640183666455,33.803450448820072],[-84.313706184263253,33.803443448741838],[-84.313840184301995,33.803443448736864],[-84.315625184818188,33.803448448671709],[-84.315740184894238,33.804252448839421],[-84.315796184910511,33.804253448837549],[-84.316073184990572,33.804253448827275],[-84.31681018520365,33.804254448800101],[-84.317438185385129,33.804254448776781],[-84.317461185391821,33.804254448775943],[-84.317781185484733,33.804262448765812],[-84.318037185558268,33.804254448754563],[-84.318057185610954,33.805134448942077],[-84.318168185643671,33.80514644894054],[-84.318385185707697,33.805170448937638],[-84.31850218574219,33.805183448936099],[-84.318829185838538,33.805218448931399],[-84.31891018586245,33.805227448930346],[-84.319223185954726,33.805261448925968],[-84.319491186033801,33.805291448922418],[-84.319518186041762,33.805294448922119],[-84.321841186724996,33.805516448883289],[-84.32185418672691,33.805481448875355],[-84.321870186729157,33.805437448865327],[-84.321909186734416,33.805324448839727],[-84.321937186737699,33.805234448819434],[-84.321960186739545,33.805144448799311],[-84.321977186739574,33.805052448779009],[-84.322023186738264,33.804778448718686],[-84.322043186738512,33.804674448695678],[-84.322071186741155,33.804572448672836],[-84.322106186745913,33.804471448649913],[-84.322149186753066,33.804372448627163],[-84.322198186762051,33.804275448604535],[-84.322208186763959,33.80425744860036],[-84.32229218678016,33.804105448564705],[-84.322326186786711,33.804043448550161],[-84.322360186793148,33.80398044853542],[-84.322498186819544,33.803727448476153],[-84.322585186836761,33.803578448441044],[-84.322633186845763,33.803487448419808],[-84.322675186852976,33.803394448398336],[-84.322714186859244,33.803300448376788],[-84.322747186863651,33.803204448355046],[-84.322771186865097,33.803101448332093],[-84.32278718686419,33.802997448309284],[-84.322793186862327,33.802930448294731],[-84.322800186855062,33.80275544825701],[-84.322801186824364,33.802173448132436],[-84.322769186815066,33.80217344813363],[-84.322765186810145,33.80210244811861],[-84.322745186780821,33.801660448024762],[-84.322747186775317,33.801546448000295],[-84.321053186282199,33.801480448049062],[-84.321052186275097,33.80135244802171],[-84.321052186271373,33.801282448006738],[-84.321047186231738,33.800565447853543],[-84.321046186213664,33.80023144778211],[-84.321045186176235,33.799534447633022],[-84.321044186153216,33.79910744754168],[-84.321043186127937,33.79863844744137],[-84.321042186112223,33.798348447379333],[-84.321042186107434,33.798258447360098],[-84.320928186075179,33.798272447367331],[-84.320800186039023,33.798287447375245],[-84.320577185975523,33.798305447387392],[-84.32043618593525,33.798314447394581],[-84.320369185916789,33.79833144740067],[-84.320367185913071,33.798272447388158],[-84.320370185886617,33.797759447278267],[-84.320440185906904,33.797760447275877],[-84.320468185914976,33.797760447274825],[-84.320998186068337,33.79776344725579],[-84.321016186075838,33.797807447264546],[-84.321040186084957,33.797848447272436],[-84.321070186095696,33.797886447279467],[-84.321106186107926,33.797921447285589],[-84.321116186111269,33.797929447286919],[-84.32114918612217,33.797955447291294],[-84.321231186149348,33.798020447302122],[-84.3212841861654,33.798034447303152],[-84.321159186136711,33.798173447337547],[-84.321087186120167,33.798253447357375],[-84.32133118619447,33.798325447363688],[-84.321342186197882,33.798329447364132],[-84.321434186226071,33.798359447367169],[-84.321580186271021,33.79841144737285],[-84.321787186335953,33.798506447385492],[-84.321909186374057,33.798560447392489],[-84.32221618647111,33.798716447414485],[-84.322313186502981,33.798788447426325],[-84.322395186531807,33.798884447443818],[-84.322476186559982,33.798974447460068],[-84.322504186570498,33.799020447468862],[-84.322550186581282,33.798972447456869],[-84.322561186583869,33.79896144745409],[-84.322935186672424,33.798594447361701],[-84.322969186683821,33.798624447366834],[-84.3230671867083,33.798551447347592],[-84.323260186756272,33.798405447309221],[-84.323342186784714,33.798494447325226],[-84.32326018676649,33.798597447350254],[-84.323171186743551,33.798649447364674],[-84.32329418678556,33.798770447386048],[-84.323332186798368,33.798805447392105],[-84.323531186849934,33.798693447360726],[-84.323788186917426,33.798565447323845],[-84.323901186948106,33.798528447311703],[-84.32395418696612,33.798579447320662],[-84.324028186992066,33.798665447336312],[-84.32407118700732,33.798718447346097],[-84.324117187023333,33.798769447355284],[-84.3241971870508,33.798850447369595],[-84.324283187079715,33.798926447382698],[-84.324324187093325,33.798960447388424],[-84.324411187121939,33.79902544739911],[-84.324503187151777,33.799086447408762],[-84.324598187182318,33.799143447417407],[-84.326273187722791,33.800202447581817],[-84.326373187755081,33.800266447591788],[-84.326396187762469,33.800280447593934],[-84.326392187762124,33.800295447597335],[-84.326383187761095,33.800324447603856],[-84.326470187789553,33.800386447613896],[-84.326560187818643,33.800444447622944],[-84.326653187848393,33.800498447631071],[-84.326750187879128,33.800549447638353],[-84.326775187883953,33.800504447627802],[-84.326802187892326,33.800515447629124],[-84.326903187923534,33.800552447633315],[-84.32696218794166,33.800572447635403],[-84.32702118795963,33.800590447637077],[-84.327110187986591,33.80061344763871],[-84.327200188013506,33.800630447638959],[-84.327213188017495,33.800634447639368],[-84.327266188020857,33.800410447589478],[-84.327427188046869,33.80002544750112],[-84.327538188081235,33.800068447506142],[-84.327892188191669,33.800220447525547],[-84.327734188168805,33.800648447622983],[-84.327726188170786,33.800729447640634],[-84.327718188173023,33.800814447659128],[-84.327576188132255,33.800819447665468],[-84.327433188090794,33.800817447670333],[-84.327291188049287,33.80080844767366],[-84.327180188016399,33.800793447674614],[-84.327071187983876,33.800774447674591],[-84.32701618796743,33.800763447674228],[-84.326911187935721,33.800738447672792],[-84.326898187931775,33.80073444767244],[-84.326808187904334,33.800707447670014],[-84.326707187873239,33.800672447666258],[-84.326608187842538,33.800632447661393],[-84.326513187812751,33.800588447655521],[-84.326421187783495,33.800539447648418],[-84.326333187755225,33.800485447640142],[-84.325802187583477,33.800142447586481],[-84.325435187465075,33.799910447550424],[-84.325240187402457,33.799793447532657],[-84.324904187294678,33.799593447502318],[-84.32464618721194,33.799439447479017],[-84.324460187152184,33.799327447461948],[-84.324373187124223,33.799273447453594],[-84.324285187095896,33.799219447445346],[-84.324149187052058,33.799134447432181],[-84.32395118700218,33.799272447469036],[-84.323784186959998,33.799387447499861],[-84.323581186908783,33.799527447537336],[-84.323433186871483,33.799629447564676],[-84.323664186946914,33.799792447590953],[-84.323683186953104,33.799805447593066],[-84.32368418696197,33.799966447627448],[-84.323605186937982,33.799945447625902],[-84.323015186762859,33.799858447629191],[-84.322917186734756,33.799862447633664],[-84.322894186728163,33.799863447634721],[-84.322906186746081,33.800135447692469],[-84.322917186761543,33.800365447741321],[-84.322928186777531,33.800606447792447],[-84.322956186819184,33.801235447925983],[-84.32298918682875,33.801236447924978],[-84.323003186849107,33.801542447989945],[-84.323016186867491,33.80181744804829],[-84.323012186880945,33.802091448107049],[-84.323016186886562,33.802175448124871],[-84.32301418691705,33.802758448249705],[-84.323008186924014,33.802921448284778],[-84.322997186927253,33.803042448311103],[-84.322980186927879,33.803145448333744],[-84.322950186925553,33.80326544836052],[-84.322918186920958,33.803352448380338],[-84.322877186914539,33.803454448403699],[-84.322830186906359,33.803555448427034],[-84.322779186896952,33.803655448450336],[-84.322690186879271,33.803806448485915],[-84.322584186858379,33.803989448529045],[-84.32257218685605,33.804010448534008],[-84.32253218684825,33.804081448550647],[-84.322499186841796,33.804139448564271],[-84.322428186827565,33.804257448592196],[-84.322417186825362,33.804275448596407],[-84.322393186820676,33.804317448606305],[-84.322343186811082,33.804409448627808],[-84.322301186803983,33.804504448649702],[-84.322266186799069,33.804601448671782],[-84.322238186796284,33.804700448693985],[-84.322219186796104,33.804800448716136],[-84.322173186797457,33.805075448776648],[-84.322154186797235,33.80517444879851],[-84.322129186795308,33.80527344882065],[-84.322099186791803,33.805370448842503],[-84.322066186787239,33.80546444886383],[-84.322051186785203,33.805507448873584],[-84.322841187019378,33.805617448867785],[-84.323134187106234,33.805658448865692],[-84.324032187372509,33.805784448859285],[-84.324269187442795,33.805817448857546],[-84.325279187736626,33.805853448827705],[-84.325314187721787,33.805385448726341],[-84.325336187712793,33.805097448663886],[-84.325359187702816,33.804785448596284],[-84.325381187693822,33.804497448533837],[-84.325326187668409,33.804318448497597],[-84.325307187659718,33.804258448485484],[-84.325239187628284,33.804037448440724],[-84.325218187618646,33.803970448427172],[-84.325165187594123,33.803797448392103],[-84.325041187537053,33.803399448311538],[-84.325369187632717,33.803415448302808],[-84.326169187866043,33.803455448281653],[-84.326707188022922,33.803481448267249],[-84.327089188134337,33.803500448257125],[-84.327266188185973,33.803509448252449],[-84.327357188212488,33.80351344824993],[-84.327452188240244,33.803519448247727],[-84.32755518827031,33.803524448244957],[-84.327616188288118,33.803527448243308],[-84.327653188298825,33.803528448242147],[-84.327738188323835,33.803536448240706],[-84.327920188383473,33.803668448262194],[-84.32825418849913,33.804027448326586],[-84.328529188605884,33.804539448425928],[-84.328534188608444,33.804560448430237],[-84.328514188622961,33.804941448512487],[-84.328503188634301,33.805213448571067],[-84.328486188653457,33.805665448668414],[-84.32845718868225,33.806362448818589],[-84.328452188687095,33.806480448843999],[-84.328621188750674,33.806757448897017],[-84.328800188818093,33.807051448953274],[-84.328889188851662,33.807198448981367],[-84.329068188919052,33.807492449037611],[-84.329225188978185,33.807750449086996],[-84.329323189015014,33.807910449117593],[-84.329381189036965,33.80800744913617],[-84.329549189100163,33.808282449188731],[-84.329567189106712,33.808307449193421],[-84.329680189149499,33.808497449229883],[-84.329678189168646,33.808867449309069],[-84.329677189181538,33.809114449361971],[-84.329676189192327,33.80932244940648],[-84.329675189202064,33.809510449446762],[-84.329674189219048,33.809834449516075],[-84.329746189244872,33.809928449533523],[-84.329893189297607,33.810120449569155],[-84.330099189356929,33.810116449560645],[-84.330379189437892,33.810117449550454],[-84.330562189489001,33.810084449536568],[-84.330818189558386,33.809997449508437],[-84.331051189616105,33.809817449461264],[-84.331162189637951,33.809625449416117],[-84.33119218963644,33.809434449374095],[-84.33118618962672,33.809284449342293],[-84.331102189592713,33.809102449306486],[-84.330980189548626,33.808936449275457],[-84.330646189437104,33.8086554492278],[-84.330422189362608,33.808472449196977],[-84.330276189308066,33.808240449152734],[-84.330213189280371,33.808062449117045],[-84.330198189265403,33.807863449075043],[-84.330267189275105,33.807671449031368],[-84.330393189304885,33.807546448999958],[-84.330602189359141,33.807431448967563],[-84.330932189449314,33.807333448934351],[-84.331410189583764,33.807264448901854],[-84.331838189706275,33.807242448881254],[-84.332173189804124,33.807261448872886],[-84.332423189877218,33.807277448867026],[-84.332819189991213,33.807268448850351],[-84.33311619007479,33.807226448830328],[-84.333436190161038,33.80710944879344],[-84.333679190223592,33.806965448753616],[-84.33398219029786,33.806716448689109],[-84.334104190323174,33.806529448644518],[-84.334180190331367,33.80627144858655],[-84.334220190329361,33.806016448530521],[-84.33427819033723,33.805850448492826],[-84.334399190363655,33.805689448453904],[-84.334709190438119,33.80540544838167],[-84.335112190537487,33.8050854482982],[-84.334941190481445,33.804960448277853],[-84.334642190384216,33.80475744824551],[-84.334363190291398,33.804529448207106],[-84.334111190204979,33.804274448161891],[-84.333800190093896,33.803876448088332],[-84.333848190105144,33.803827448076021],[-84.333928190125022,33.803766448060053],[-84.334038190152938,33.803693448040313],[-84.334140190178758,33.803625448021968],[-84.334401190247704,33.803503447986195],[-84.334473190268028,33.80349444798162],[-84.334526190283384,33.803495447979863],[-84.334577190298532,33.803502447979433],[-84.334627190313725,33.803516447980599],[-84.334794190364349,33.803561447984031],[-84.334842190378808,33.803571447984368],[-84.334892190393461,33.803575447983341],[-84.334942190407844,33.803574447981276],[-84.334991190421675,33.803568447978193],[-84.335039190434898,33.803556447973804],[-84.335085190447231,33.803538447968307],[-84.335285190499974,33.803443447940495],[-84.335330190512011,33.803425447935027],[-84.335378190525248,33.803413447930659],[-84.335427190539079,33.803407447927555],[-84.335477190553561,33.803407447925721],[-84.335527190568314,33.803413447925116],[-84.335509190566853,33.803483447940771],[-84.335611190596865,33.803493447939147],[-84.335673190615026,33.803498447937898],[-84.33568419061541,33.803445447926094],[-84.335962190695042,33.803432447913039],[-84.336167190752136,33.803392447896847],[-84.336188190757198,33.803373447892],[-84.336237190768941,33.803328447880546],[-84.337918191236625,33.802988447745392],[-84.338104191288295,33.802949447730114],[-84.338094191279083,33.802830447705041],[-84.338032191246995,33.802564447650447],[-84.338014191237662,33.802487447634647],[-84.337992191228807,33.802440447625415],[-84.338154191272892,33.802388447608301],[-84.338444191351684,33.802295447577571],[-84.338425191361708,33.802585447640332],[-84.338392191370204,33.802924447714076],[-84.338350191387846,33.803483447835241],[-84.338332191395168,33.803717447885987],[-84.338326191397385,33.803792447902254],[-84.338079191316041,33.803605447871441],[-84.338022191315488,33.803903447937287],[-84.337889191293087,33.804204448006587],[-84.337737191264551,33.804493448074076],[-84.3379291913255,33.804595448088776],[-84.338051191357849,33.804541448072662],[-84.338273191416789,33.804443448043479],[-84.338266191420985,33.804559448068524],[-84.338421191465812,33.804561448063204],[-84.338730191554987,33.804558448051075],[-84.339107191663999,33.804559448037288],[-84.339805191865977,33.804564448012421],[-84.340461192056125,33.804575447990423],[-84.340704192126793,33.804583447983099],[-84.341124192248827,33.80459544797008],[-84.341518192363552,33.804612447959045],[-84.342500192648046,33.804625447925361],[-84.342665192695449,33.804620447918197],[-84.343753193008084,33.804587447870674],[-84.343791193019086,33.80458744786926],[-84.344001193079791,33.804588447861661],[-84.344257193153908,33.80459044785259],[-84.344394193193665,33.80459344784812],[-84.344456193211641,33.804594447846043],[-84.344508193226758,33.804596447844574],[-84.344815193315583,33.804599447833816],[-84.345731193581173,33.804615447803151],[-84.346415193779492,33.804627447780341],[-84.347000193949341,33.804642447761836],[-84.347119193985847,33.80468244776592],[-84.347485194091661,33.804683447752545],[-84.347483194099709,33.804845447787301],[-84.347481194110713,33.805062447833762],[-84.347250194044193,33.805066447843181],[-84.347248194053577,33.805253447883295],[-84.347503194127469,33.805257447874673],[-84.347909194285407,33.806019448022589],[-84.347997194312015,33.806041448024025],[-84.347760194218765,33.805577447933572],[-84.34799919427121,33.805265447857934],[-84.348000194269972,33.805236447851719],[-84.348000194268849,33.805215447847203],[-84.347985194264268,33.805211447846922],[-84.347974194260843,33.805206447846267],[-84.347949194253047,33.805195447844817],[-84.347926194245559,33.805179447842235],[-84.347909194239662,33.805161447839069],[-84.347895194234596,33.805142447835514],[-84.347885194230614,33.80512144783139],[-84.347880194227997,33.805099447826883],[-84.347879194226493,33.805076447821982],[-84.347883194226455,33.805054447817142],[-84.347958194248065,33.805053447814146],[-84.348064194278876,33.80505644781082],[-84.348064194281065,33.805097447819612],[-84.34806419428287,33.805131447826845],[-84.348064194287247,33.805213447844402],[-84.348106194300655,33.805237447847979],[-84.348198194327821,33.805248447846928],[-84.348202194332501,33.805314447860852],[-84.348229194361409,33.805710447944577],[-84.348328194421811,33.806307448068615],[-84.348331194425498,33.806359448079625],[-84.348331194428596,33.806417448091999],[-84.348329194459652,33.807010448218925],[-84.348329194528972,33.808310448497004],[-84.348229194537382,33.809010448650419],[-84.348430194632741,33.809709448792447],[-84.34841419463946,33.809922448838584],[-84.348377194651789,33.810353448932112],[-84.348337194665618,33.81082944903541],[-84.348329194668821,33.810932449057752],[-84.348429194744512,33.811810449241825],[-84.34822919472407,33.81251044939895],[-84.348236194735236,33.812682449435492],[-84.348240194741678,33.812780449456277],[-84.348304194842598,33.814326449784552],[-84.348321194869357,33.814735449871357],[-84.348325194875144,33.814822449889824],[-84.348429195027293,33.817110450375218],[-84.348419195039895,33.817400450437596],[-84.348329195158527,33.820110451020469],[-84.348340195176945,33.820396451081187],[-84.348513195422882,33.824066451859466],[-84.348529195445977,33.824413451933111],[-84.348528195470479,33.824877452032304],[-84.348527195473437,33.824938452045387],[-84.348510195478454,33.825123452085577],[-84.348487195487067,33.825409452147589],[-84.348486195487823,33.825428452151712],[-84.348484195488197,33.825447452155856],[-84.348473195492048,33.825578452184288],[-84.348470195509861,33.825928452259198],[-84.348472195533446,33.826359452351269],[-84.348466195563617,33.826956452479159],[-84.348468195569311,33.827052452499579],[-84.348478195591085,33.827406452574898],[-84.348482195599544,33.827543452604068],[-84.348491195613605,33.827757452649443],[-84.348492195619443,33.827861452671669],[-84.348502195645011,33.828286452762157],[-84.348502195649601,33.828372452780563],[-84.348504195654712,33.828457452798602],[-84.348505195660195,33.828554452819347],[-84.348527195703824,33.829252452967751],[-84.348527195715349,33.829468453013902],[-84.348528195748401,33.830081453144963],[-84.348505195775459,33.830712453280704],[-84.348487195784344,33.830975453337572],[-84.34845319579965,33.831446453439526],[-84.348450195839376,33.832206453602133],[-84.34843219598838,33.835092454219726],[-84.348444196050167,33.836183454452531],[-84.348457196068424,33.836455454510201],[-84.348474196093335,33.83682945458947],[-84.348469196101419,33.837007454627695],[-84.348474196111283,33.837165454661289],[-84.348494196147058,33.837726454780487],[-84.348487196169046,33.838175454876705],[-84.348457196208372,33.839074455069991],[-84.348458196212363,33.839143455084695],[-84.348464196230978,33.839458455151799],[-84.348345196176666,33.839086455076682],[-84.348107196110973,33.839143455097755],[-84.348190196158583,33.839586455189384],[-84.34822119617651,33.839753455223892],[-84.348231196181985,33.839802455233972],[-84.348266196191702,33.839794455230987],[-84.348329196209221,33.839781455225847],[-84.348464196245942,33.839738455211624],[-84.348422196305762,33.841084455500877],[-84.34841919632359,33.841434455575836],[-84.348343196330404,33.841973455693882],[-84.348323196334945,33.842166455735821],[-84.34827419634351,33.842591455828497],[-84.348169196362065,33.843506456027995],[-84.348084196382089,33.844339456209205],[-84.348009196397101,33.845026456358788],[-84.348095196436574,33.84529945641394],[-84.348132196453165,33.84540945643608],[-84.348234196498908,33.845714456497475],[-84.348300196529024,33.845920456539034],[-84.348329196542196,33.84600945655697],[-84.348329196554076,33.846231456604436],[-84.348329196580323,33.846722456709379],[-84.348329196626636,33.847588456894421],[-84.348329196646972,33.847968456975643],[-84.348329196699652,33.84895345718617],[-84.348329196719646,33.849327457266057],[-84.348329196761,33.850100457431303],[-84.348329196771218,33.850291457472082],[-84.348335196784646,33.850510457518666],[-84.348387196905918,33.852496457941108],[-84.348388196908928,33.852547457951957],[-84.348390196914266,33.852636457970917],[-84.348313196962394,33.853951458254798],[-84.348308196965718,33.854040458274014],[-84.348283196969362,33.854244458318512],[-84.348272196971507,33.854343458340075],[-84.348276196995229,33.854765458430116],[-84.348302197148669,33.857492459011823],[-84.348304197157177,33.857640459043409],[-84.348308197201135,33.858439459213947],[-84.348315197253555,33.859381459414955],[-84.348324197283588,33.859894459524256],[-84.348357197327374,33.860533459659514],[-84.348383197362978,33.86105845977071],[-84.34837419738696,33.861554459877006],[-84.348367197413864,33.862095459992844],[-84.348318197402747,33.862152460006875],[-84.348234197382638,33.862230460026645],[-84.348238197450556,33.863477460292941],[-84.348239197483338,33.864083460422371],[-84.348246197545976,33.86521546066394],[-84.348246197572223,33.865705460768645],[-84.348246197575108,33.865759460780161],[-84.348247197588677,33.866007460833089],[-84.348248197595765,33.866134460860216],[-84.348248197607106,33.866346460905476],[-84.348304197636608,33.866595460956574],[-84.348328197649252,33.866702460978544],[-84.348328197653814,33.866787460996719],[-84.348329197676222,33.867199461084688],[-84.348328197699445,33.867639461178747],[-84.348329197714264,33.867909461236373],[-84.348322197735001,33.868335461327653],[-84.348317197746226,33.868571461378231],[-84.348316197748616,33.868621461388933],[-84.347956197662555,33.868957461474103],[-84.347937197682654,33.869435461576941],[-84.348300197788049,33.869444461565372],[-84.348289197815177,33.870009461686458],[-84.34821719798687,33.87360246245666],[-84.348191198040283,33.874740462700679],[-84.348181198063941,33.875235462806764],[-84.348161198111214,33.876225463018962],[-84.348129198186882,33.87780946335846],[-84.348129198190534,33.877877463372997],[-84.348129198255819,33.879095463633178],[-84.348129198261944,33.879209463657517],[-84.348142198271702,33.879322463681163],[-84.34811819830837,33.88013546385568],[-84.34810219836983,33.881368464119575],[-84.348095198397189,33.881916464236902],[-84.348093198406275,33.882096464275421],[-84.348146198423009,33.882123464279196],[-84.348216198445286,33.88216046428451],[-84.34842919851279,33.882271464300274],[-84.348499198534896,33.882306464305103],[-84.348737198591422,33.882077464247338],[-84.349225198725634,33.881950464201999],[-84.349878198916471,33.881989464185985],[-84.350356199056137,33.882016464173908],[-84.35049419909592,33.882014464168336],[-84.351784199467843,33.88199746411658],[-84.353900200077859,33.881967464031263],[-84.354047200103437,33.881651463958313],[-84.354666200251756,33.881081463813508],[-84.355321200408838,33.88048046366071],[-84.355323200399226,33.880290463620064],[-84.355334200330205,33.878943463332],[-84.356009200525691,33.8789504633083],[-84.355830200459962,33.878689463259221],[-84.355628200387414,33.878425463210412],[-84.355680200402375,33.878424463208255],[-84.356304200583494,33.87843846318794],[-84.356678200692045,33.878447463175931],[-84.357433200911188,33.878464463151417],[-84.357812201021233,33.878473463139166],[-84.357991201073247,33.878478463133554],[-84.358174201126502,33.878485463128222],[-84.358110201100487,33.878345463100707],[-84.357924201029206,33.878018463037854],[-84.359836201583434,33.878048462972913],[-84.359836201559844,33.877608462878946],[-84.359848201532941,33.877042462757622],[-84.360095201603741,33.877031462746096],[-84.360785201801463,33.876999462713485],[-84.361385201973334,33.876971462685134],[-84.361758202080154,33.876952462667148],[-84.362229202214138,33.876912462641108],[-84.362434202297621,33.877364462729972],[-84.362506202329996,33.877580462773373],[-84.362575202357121,33.877714462799446],[-84.362647202382476,33.877799462814913],[-84.362699202401998,33.877882462830719],[-84.362705202409401,33.877988462853089],[-84.362873202463291,33.878087462868002],[-84.362933202484925,33.878168462883032],[-84.362930202487831,33.878238462898075],[-84.36304720252673,33.878333462914028],[-84.363082202538962,33.878372462921014],[-84.362816202479607,33.878699463000792],[-84.364120202932511,33.880117463254976],[-84.364225202962899,33.880117463251047],[-84.364274202976929,33.880115463248806],[-84.364751203115318,33.880125463233121],[-84.364865203148639,33.880132463230396],[-84.365109203219973,33.880147463224453],[-84.366181203529706,33.880146463184261],[-84.366271203555712,33.880146463180907],[-84.366403203588078,33.880038463152893],[-84.366476203605558,33.879970463135649],[-84.366544203621302,33.879897463117544],[-84.366605203634705,33.879819463098642],[-84.366654203644401,33.87973646307907],[-84.366764203667628,33.879576463040813],[-84.366852203690328,33.879525463026646],[-84.367063203748657,33.879475463008049],[-84.367153203771778,33.879421462993179],[-84.367207203783082,33.879341462974061],[-84.367257203793059,33.879258462954503],[-84.367334203811765,33.879191462937335],[-84.367429203836778,33.879146462924176],[-84.367537203866988,33.879127462916067],[-84.367645203897638,33.879117462909946],[-84.367690203910584,33.879116462908009],[-84.367713203917219,33.879115462906938],[-84.367755203929306,33.879115462905375],[-84.367755203928709,33.879104462903044],[-84.367756203925239,33.879034462888058],[-84.367762203898508,33.878502462774208],[-84.367763203891272,33.878362462744292],[-84.367767203874948,33.878036462674501],[-84.367761203866777,33.877916462649118],[-84.368037203946429,33.877914462638401],[-84.368132203973829,33.877913462634652],[-84.368397204050581,33.877916462625386],[-84.370186204569563,33.877953462566566],[-84.370311204605869,33.877956462562544],[-84.370376204624876,33.877960462560949],[-84.372638205285426,33.878088462503925],[-84.373532205546525,33.878139462481442],[-84.37364220557609,33.878097462468347],[-84.374084205703454,33.878091462450598],[-84.375641206154,33.878101462394625],[-84.375967206247964,33.878097462381611],[-84.376280206338862,33.878105462371671],[-84.376752206476922,33.878136462360672],[-84.377006206551158,33.878152462354613],[-84.377178206601101,33.878156462349047],[-84.378193206894366,33.878155462310957],[-84.379791207356149,33.87815546225135],[-84.380830207655379,33.878136462208516],[-84.381135207743256,33.878131462196073],[-84.382072208013142,33.878115462157673],[-84.38217020804106,33.878107462152329],[-84.382205208050991,33.878104462150397],[-84.382432208115617,33.878086462138064],[-84.382666208184659,33.878112462134872],[-84.384165208619009,33.87813546208384],[-84.385228208929348,33.878194462056797],[-84.387370209554689,33.878312462002029],[-84.387351209579762,33.878882462124409],[-84.387304209678845,33.880982462574501],[-84.387303209682869,33.88106246259165],[-84.387404209715612,33.881129462602182],[-84.387739209823479,33.881335462633665],[-84.388431210051095,33.881850462717786],[-84.389214210330863,33.882848462901585],[-84.389246210343842,33.882917462915131],[-84.389290210361381,33.88300746293271],[-84.389351210378223,33.882992462927255],[-84.389687210493676,33.883335462987937],[-84.390219210665023,33.883663463038047],[-84.390230210668605,33.883670463039167],[-84.390370210713769,33.883758463052743],[-84.390533210766918,33.883871463070768],[-84.390556210772985,33.883860463067514],[-84.390693210817659,33.883955463082685],[-84.390703210835554,33.884234463141908],[-84.391443211067369,33.884570463186016],[-84.391764211167256,33.884702463202217],[-84.392264211322782,33.884908463227532],[-84.392265211328052,33.885001463247328],[-84.392274211361439,33.885575463369484],[-84.392447211411778,33.885581463364346],[-84.392551211442324,33.885590463362362],[-84.392703211486904,33.885603463359502],[-84.392883211540649,33.885635463359577],[-84.393094211604534,33.885689463363214],[-84.39326321165646,33.885747463369299],[-84.393458211717444,33.885833463380372],[-84.393594211763229,33.885954463401127],[-84.393847211845397,33.886123463427772],[-84.394360212012018,33.886465463481599],[-84.394623212099447,33.886678463517221],[-84.394705212127619,33.886762463532101],[-84.394757212146274,33.88682946354448],[-84.394819212161792,33.886785463532767],[-84.395486212330766,33.886342463413264],[-84.395131212205953,33.885928463338175],[-84.394844212105085,33.885593463277395],[-84.394649212036526,33.885366463236203],[-84.393934211802801,33.88486146315514],[-84.393605211688723,33.884506463091633],[-84.393330211593266,33.884209463038502],[-84.392846211424342,33.883667462940871],[-84.392651211356224,33.883448462901399],[-84.392257211226578,33.88315346285313],[-84.391887211104773,33.882876462807765],[-84.391469210967273,33.882564462756818],[-84.391288210907661,33.882428462734545],[-84.391224210886591,33.882380462726637],[-84.391081210834983,33.882189462691223],[-84.390766210721424,33.881769462613306],[-84.390360210574954,33.881226462512544],[-84.391017210749837,33.880946462428284],[-84.391256210813495,33.880846462397962],[-84.391034210728463,33.880457462323221],[-84.391006210717762,33.88040846231381],[-84.390862210669567,33.880285462292889],[-84.390703210626896,33.880346462311863],[-84.390513210578092,33.880460462343301],[-84.39019121046023,33.879997462256505],[-84.389655210279741,33.879520462174632],[-84.389211210119612,33.87892746206461],[-84.38906521008002,33.878975462080291],[-84.388904210035605,33.879014462094652],[-84.388739209988955,33.879034462105096],[-84.388683209972797,33.879034462107178],[-84.388688209967,33.878899462078159],[-84.388692209958378,33.87871746203917],[-84.388697209937916,33.878308461951654],[-84.388707209935049,33.878201461928441],[-84.389231210086507,33.87820246190909],[-84.396130212081061,33.878222461655859],[-84.397251212405067,33.878225461614662],[-84.397247212408274,33.878306461632064],[-84.397242212411896,33.878400461652355],[-84.397236212434365,33.878851461748866],[-84.397230212461366,33.879386461863263],[-84.399286213059199,33.879457461801707],[-84.399285213163893,33.881413462219257],[-84.399380213190625,33.881400462212973],[-84.400406213479371,33.881256462143945],[-84.400502213513917,33.881383462167442],[-84.401039213697032,33.881904462258589],[-84.401040213718687,33.882302462343524],[-84.401137213746694,33.882302462339901],[-84.401138213761215,33.882567462396459],[-84.401139213793854,33.88317046252515],[-84.401139213800349,33.88329146255095],[-84.401140213845537,33.884127462729374],[-84.401142213918746,33.885480463018091],[-84.401142213942691,33.885926463113307],[-84.4015202140518,33.885924463098739],[-84.401822214182545,33.88673446326036],[-84.401841214189901,33.886769463267093],[-84.402594214407245,33.886764463237924],[-84.402759214453454,33.886737463226019],[-84.402953214506368,33.886678463206131],[-84.403034214527523,33.886637463194425],[-84.403054214532773,33.886627463191509],[-84.403200214569395,33.886523463163833],[-84.403313214597105,33.886431463139985],[-84.403506214642206,33.886233463090555],[-84.403687214682535,33.886010463036186],[-84.403934214739877,33.885749462971241],[-84.404164214794349,33.885525462914842],[-84.404288214824248,33.885415462886726],[-84.404357214841454,33.885364462873277],[-84.404459214867771,33.885305462856849],[-84.404562214895137,33.885261462843623],[-84.404687214929353,33.885225462831265],[-84.404788214957904,33.885214462825132],[-84.404887214986488,33.885213462821241],[-84.405025215027095,33.885227462819074],[-84.405038215030999,33.885230462819223],[-84.405126215057336,33.885247462819599],[-84.405130215027285,33.884666462695414],[-84.405146214951543,33.883169462375236],[-84.405154214909558,33.882344462198894],[-84.405497215009134,33.882352462187768],[-84.405793215095017,33.882359462178243],[-84.406983215440249,33.882385462139347],[-84.407026215452078,33.882374462135374],[-84.407031215450033,33.882309462121285],[-84.406877215191415,33.878320461275557],[-84.408136215557477,33.87836346123774],[-84.408177215568628,33.878350461233403],[-84.409644215993353,33.878367461182293],[-84.410738216309511,33.878369461141858],[-84.411708216589901,33.878371461106042],[-84.412600216847679,33.878373461073181],[-84.413660217154003,33.878375461034061],[-84.414273217331257,33.878377461011603],[-84.416482217969644,33.878381460929958],[-84.417557218280493,33.878387460891055],[-84.417669218314188,33.878412460892221],[-84.417781218347869,33.878437460893373],[-84.418605218584389,33.878408460856413],[-84.420835219229474,33.878424460776557],[-84.423225219920795,33.878441460690894],[-84.423272219951443,33.87875946075706],[-84.424603220357781,33.879166460794224],[-84.424705220373482,33.878909460735514],[-84.424885220400995,33.878453460631484],[-84.424970220425621,33.878454460628525],[-84.425366220540084,33.87845646061416],[-84.426323220816826,33.878461460579459],[-84.427280221093469,33.878465460544604],[-84.427992221299334,33.878468460518647],[-84.427932221305653,33.878909460614977],[-84.427783221348292,33.880504460960971],[-84.428177221483992,33.880912461033311],[-84.428316221530295,33.88102746105266],[-84.42844822157258,33.881104461064197],[-84.428609221622509,33.881168461071866],[-84.428763221669001,33.881205461073961],[-84.428940221721049,33.881222461070998],[-84.429019221743687,33.88121946106741],[-84.429751221822144,33.878742460511418],[-84.429822221828587,33.87848046045282],[-84.431207222228892,33.878484460401936],[-84.433063222765256,33.878489460333711],[-84.433539222902795,33.878490460316137],[-84.43488922329297,33.878494460266559],[-84.436350223715152,33.878497460212607],[-84.436346223739093,33.878964460312432],[-84.436265223786236,33.880278460595868],[-84.43635022380586,33.880186460573043],[-84.436750223917329,33.8801104605419],[-84.437103224010883,33.879953460495216],[-84.437238224035866,33.879692460434441],[-84.437137223992735,33.879433460382977],[-84.437603224130271,33.879487460377078],[-84.437917224215056,33.879377460341864],[-84.438022224238949,33.879258460312556],[-84.438183224290185,33.879346460325337],[-84.438562224406112,33.879466460336758],[-84.438700224441504,33.879383460313875],[-84.4387922244713,33.879442460323055],[-84.438745224475497,33.879774460395673],[-84.438891224523928,33.879890460414956],[-84.439255224631793,33.879941460412226],[-84.439342224655491,33.879914460403235],[-84.439408224673599,33.879896460396914],[-84.440027224818948,33.879274460241021],[-84.440215224863209,33.879086460193882],[-84.440857225048546,33.879085460169698],[-84.441098225118495,33.879091460161966],[-84.44263422556709,33.879183460124175],[-84.443091225701153,33.879222460115457],[-84.443160225707487,33.878968460058672],[-84.443233225714593,33.878708460000446],[-84.443285225725418,33.878630459981885],[-84.443361225741228,33.87851645995471],[-84.443518225773786,33.878278459898034],[-84.443641225799453,33.878094459854189],[-84.443728225817509,33.877962459822761],[-84.443896225852356,33.877708459762303],[-84.44397422585881,33.877408459695388],[-84.443997225855256,33.877218459653939],[-84.444020225852711,33.877047459616634],[-84.444080225864255,33.876940459591516],[-84.444164225880101,33.876783459554879],[-84.444252225898055,33.876644459521948],[-84.444344225918883,33.876537459495673],[-84.444682226004844,33.876320459436691],[-84.444858226048709,33.876190459402359],[-84.445120226116074,33.876035459359542],[-84.445229226144662,33.875982459344144],[-84.445422226196143,33.875902459319882],[-84.445541226228087,33.87585745930582],[-84.446173226392787,33.875525459211339],[-84.446210226401988,33.875497459203999],[-84.446241226409626,33.875473459197714],[-84.446436226458033,33.875325459158837],[-84.446763226539161,33.875077459093689],[-84.446992226596009,33.874904459048203],[-84.44717722664187,33.874763459011213],[-84.447922226826748,33.874199458863011],[-84.448876227065043,33.873506458679458],[-84.449059227112841,33.873411458652356],[-84.449236227158337,33.873307458623529],[-84.449405227201154,33.873195458593322],[-84.449565227240853,33.873074458561547],[-84.449718227278197,33.872946458528489],[-84.449861227312212,33.872811458494333],[-84.449994227343012,33.872669458459072],[-84.450117227370626,33.872521458422916],[-84.450258227400809,33.872325458375812],[-84.45044922743746,33.871981458295288],[-84.450614227469217,33.871684458225687],[-84.450836227516632,33.871374458151266],[-84.451080227571381,33.87108145807963],[-84.451111227577471,33.871027458066898],[-84.45112722756889,33.870782458014027],[-84.451681227695801,33.870165457861667],[-84.451719227704473,33.870122457851075],[-84.451885227742522,33.869938457805596],[-84.452535227891403,33.869214457626803],[-84.453059228011412,33.868631457482792],[-84.453363228081145,33.868294457399514],[-84.453568228127992,33.868064457342783],[-84.453610228137606,33.868017457331135],[-84.453621228140108,33.868005457328195],[-84.453708228159982,33.86790745730405],[-84.453913228205167,33.867646457240646],[-84.454873228429932,33.866668456996081],[-84.455397228532092,33.865752456780996],[-84.455555228561224,33.86544545670953],[-84.455560228562121,33.865435456707246],[-84.455933228630911,33.864709456538385],[-84.455852228533914,33.863338456248748],[-84.454233227941444,33.86101045581227],[-84.45424322790987,33.860367455674655],[-84.454243227904925,33.860275455655035],[-84.45424322789232,33.860040455604853],[-84.454243227879175,33.859795455552543],[-84.454243227876063,33.859737455540184],[-84.454243227874784,33.859713455535072],[-84.454233227828794,33.858910455364004],[-84.454371227861174,33.858770455328987],[-84.454530227898388,33.85860845528849],[-84.454682227933944,33.858453455249702],[-84.454696227937262,33.858439455246177],[-84.454889227982449,33.858242455196901],[-84.455090228029491,33.858038455145859],[-84.455282228077039,33.857890455107118],[-84.45602722826149,33.857318454957174],[-84.45983322914023,33.853210453938139],[-84.460133229151751,33.851810453628076],[-84.459918229068904,33.851422453553226],[-84.459133228766504,33.850010453281122],[-84.458718228594748,33.849041453089725],[-84.458664228572104,33.848910453063766],[-84.458647228564971,33.848869453055634],[-84.458538228519714,33.848611453004644],[-84.458615228524877,33.848293452933831],[-84.458655228522062,33.848025452875156],[-84.458662228521504,33.847977452864598],[-84.458835228489079,33.84644045252999],[-84.458998228491382,33.84560545234563],[-84.459536228577022,33.844304452047759],[-84.459562228581134,33.844241452033344],[-84.459743228609995,33.843804451933288],[-84.460188228651987,33.842190451572023],[-84.460499228684967,33.841129451333877],[-84.460503228685411,33.841116451330983],[-84.460328228519018,33.838954450875846],[-84.457968227562375,33.833816449866568],[-84.456592227034619,33.831380449397628],[-84.4565182270062,33.83124844937219],[-84.455142226478472,33.828812448903186],[-84.455171226474292,33.82857844885217],[-84.455349226469451,33.827527448620998],[-84.455376226468573,33.827365448585411],[-84.455402226467385,33.827203448549831],[-84.455418226466676,33.827103448527865],[-84.455432226466414,33.827022448510071],[-84.45543522646625,33.827003448505899],[-84.455497226474051,33.826814448463175],[-84.45554822648063,33.826662448428849],[-84.455662226495335,33.826322448351981],[-84.455833226517285,33.825810448236226],[-84.455880226529089,33.825776448227181],[-84.457633226967445,33.82451044789142],[-84.45788522704423,33.824584447897813],[-84.459333227485104,33.825010447934837],[-84.463133228694701,33.827110448241761],[-84.463297228742519,33.827119448237561],[-84.468434230241286,33.827410448108161],[-84.46940723049525,33.826907447964459],[-84.46943023050126,33.826895447961007],[-84.471334230998309,33.825911447679836],[-84.475634232030984,33.822011446686531],[-84.478034232606106,33.81981144612714],[-84.480138233080439,33.81732544551771],[-84.480234233102053,33.817211445489804],[-84.483334233863189,33.814711444840214],[-84.485534234439427,33.813611444523254],[-84.488968235388668,33.812826444227525],[-84.489034235406905,33.812811444221857],[-84.490634235809893,33.811711443927294],[-84.49066423581742,33.81169044392167],[-84.491234235961713,33.811311443819477],[-84.492634236306955,33.81021144353231],[-84.495005236906806,33.808631443106421],[-84.495130236938465,33.808548443084021],[-84.495336236990525,33.808410443046874],[-84.497323237452648,33.806328442528098],[-84.497435237478726,33.806211442498885],[-84.497488237491069,33.806155442484972],[-84.497587237513898,33.806048442458405],[-84.497678237534913,33.805950442434096],[-84.498735237779073,33.804811442151376],[-84.499735238008853,33.803711441879102],[-84.500535238180959,33.80261144161431],[-84.502635238615923,33.799411440852431],[-84.503590238854528,33.798718440668829],[-84.507736239890406,33.79571343987233],[-84.507841239915166,33.795610439846371],[-84.507915239932714,33.795538439828256],[-84.510736240601091,33.792812439140747],[-84.515415241819241,33.790340438438271],[-84.515335241783944,33.790112438392541],[-84.515397241596602,33.786271437569589],[-84.515435241486912,33.784012437085444],[-84.515452241453559,33.783297436932074],[-84.515101241349328,33.783241436933167],[-84.514815241262767,33.783166436927807],[-84.514445241148749,33.783030436912526],[-84.514242241088795,33.783004436914531],[-84.514135241058398,33.783013436920427],[-84.514031241029627,33.783037436929412],[-84.513555240903031,33.783238436990111],[-84.513214240809532,33.78333043702245],[-84.513149240791464,33.783343437027675],[-84.512868240713416,33.783399437050072],[-84.512504240610454,33.783438437071993],[-84.512208240525425,33.783446437084706],[-84.510766240107586,33.78341443713159],[-84.509053239612413,33.783398437191956],[-84.507995239307789,33.78341143723415],[-84.506896238993022,33.783456437284684],[-84.508630239405406,33.781808436867912],[-84.509402239588979,33.781073436682121],[-84.510000239728839,33.780461436529073],[-84.510517239845399,33.779850436379213],[-84.510943239936836,33.779260436237273],[-84.511424240034458,33.778488436054403],[-84.511629240098145,33.778573436064946],[-84.514409240656761,33.774011434986448],[-84.515435240952627,33.774007434947407],[-84.515445240920116,33.773344434805303],[-84.515513240908106,33.772752434676256],[-84.515922241009847,33.772447434595897],[-84.515701240934973,33.772238434559405],[-84.515616240905615,33.772148434543318],[-84.515502240873218,33.772157434549527],[-84.515454240714945,33.769451433972961],[-84.515454240486108,33.765162433056155],[-84.515454240477794,33.765006433022805],[-84.515432240349242,33.762715432533874],[-84.51761024096723,33.762520432411193],[-84.524819243050857,33.762587432157254],[-84.524901242815744,33.757736431117202],[-84.535012245738599,33.757845430764284],[-84.535011245704595,33.757213430629236],[-84.534941245542228,33.754547430061976],[-84.534938245462612,33.75307042974633],[-84.534930245400872,33.751955429508236],[-84.534969245375237,33.75126442935909],[-84.53503824539483,33.751258429355261],[-84.535540245540474,33.751273429339768],[-84.535676245579936,33.751277429335552],[-84.535929245651189,33.751245429319333],[-84.536046245682698,33.751203429305974],[-84.53611924570086,33.751149429291736],[-84.537142245942434,33.750144429038805],[-84.537171245949224,33.750115429031553],[-84.537482246022634,33.749809428954528],[-84.537642246060628,33.749656428915863],[-84.538158246183158,33.74916242879106],[-84.53881224637604,33.749241428783634],[-84.539763246655838,33.749344428770307],[-84.539724246625454,33.74898442869479],[-84.540450246802664,33.748380428538646],[-84.540178246705182,33.748023428472436],[-84.539853246588677,33.747597428393455],[-84.539698246537569,33.747477428373564],[-84.539060246337456,33.747175428332703],[-84.538796246249063,33.746946428293576],[-84.538498246146119,33.746627428236479],[-84.538379246106842,33.746534428221025],[-84.53829224607955,33.746493428215473],[-84.538178246043742,33.746438428207945],[-84.537957245977523,33.74639242820632],[-84.537533245853808,33.746366428216547],[-84.537455245831339,33.746366428219467],[-84.537526245753384,33.74451942782192],[-84.53603524532295,33.744513427876086],[-84.535595245195779,33.7445094278916],[-84.535336245120789,33.744503427899915],[-84.53533624511887,33.744467427892253],[-84.535427245020642,33.742131427389388],[-84.535553244892611,33.739046426725039],[-84.535567244869611,33.738538426615939],[-84.534122244453215,33.738546426671327],[-84.533731244340757,33.738553426687346],[-84.532270243918163,33.738532426737173],[-84.527224242458502,33.738457426908724],[-84.52701124239691,33.738454426916007],[-84.52701124239384,33.738396426903584],[-84.527005242383225,33.738229426868124],[-84.526603242260336,33.73809942685525],[-84.52541824189808,33.737717426817618],[-84.525803241778036,33.733376425874887],[-84.524220241264146,33.732301425703838],[-84.52448524125343,33.730663425343621],[-84.524503241254152,33.730580425325186],[-84.524114241125517,33.730271425273521],[-84.52408724112172,33.730346425290605],[-84.523856241116036,33.731491425544093],[-84.523551241018538,33.731313425517328],[-84.523731241003361,33.730052425240963],[-84.523693240992543,33.730054425242791],[-84.52195724049264,33.730072425311143],[-84.521959240492521,33.730059425308269],[-84.521409240334023,33.730062425329351],[-84.521516240308927,33.729010425100313],[-84.521505240305515,33.729006425099875],[-84.521342240255635,33.728952425094405],[-84.521335240257955,33.729033425111965],[-84.521119240325234,33.731469425641095],[-84.517977239415202,33.731401425743265],[-84.517846239377192,33.731397425747232],[-84.517807239365908,33.731397425748696],[-84.51763823931698,33.731393425754128],[-84.517668239314389,33.731182425707914],[-84.517683239307075,33.730963425660498],[-84.517640239271572,33.73052942556928],[-84.517609239254384,33.73037542553746],[-84.517580239241255,33.730285425519291],[-84.517478239198283,33.730031425468759],[-84.517396239166203,33.729872425437819],[-84.517298239129588,33.729716425408071],[-84.517208239096703,33.729586425383587],[-84.516704238920525,33.729007425278432],[-84.516396238813343,33.728663425216304],[-84.516183238739615,33.72843242517483],[-84.51570023856965,33.72785742506975],[-84.515410238470182,33.727559425016779],[-84.515134238374969,33.727267424964566],[-84.514921238300801,33.727027424921104],[-84.514881238286463,33.726975424911487],[-84.514531238166526,33.726618424848091],[-84.514343238105354,33.726488424827252],[-84.514369238140702,33.727012424938451],[-84.514346238151518,33.72734042500943],[-84.514328238153666,33.727477425039403],[-84.514265238150855,33.72776642510356],[-84.514224238147037,33.727917425137413],[-84.514096238127436,33.728243425211879],[-84.514043238117978,33.728352425237148],[-84.51391423809217,33.728567425287977],[-84.513562238017045,33.729063425407162],[-84.513388237976201,33.72923942545129],[-84.513316237959003,33.729306425468238],[-84.513115237911009,33.729494425515952],[-84.512859237847593,33.72969142556763],[-84.512612237784523,33.729845425609703],[-84.5121032376518,33.730110425685311],[-84.511349237451839,33.730441425784136],[-84.510799237305591,33.730674425854367],[-84.51038423719433,33.730834425904007],[-84.510326237179058,33.730861425911989],[-84.509986237089421,33.731020425958633],[-84.509870237059332,33.731083425976365],[-84.509786237038,33.731138425991283],[-84.509552236980568,33.731328426040577],[-84.509360236934356,33.731500426084544],[-84.509331236927864,33.731535426093139],[-84.509257236909988,33.731601426109954],[-84.509101236874542,33.731781426154264],[-84.508906236833113,33.732059426220985],[-84.50885323682256,33.732149426242216],[-84.508799236814468,33.73228942627415],[-84.508757236811064,33.732453426310784],[-84.508725236810321,33.732612426345973],[-84.508679236807112,33.732801426388171],[-84.508649236810598,33.733030426438233],[-84.5086452368176,33.733183426471122],[-84.508655236834926,33.733454426528724],[-84.508683236859454,33.733763426593768],[-84.508905237002693,33.735251426903829],[-84.508957237038445,33.735641426985296],[-84.509073237111238,33.736380427139075],[-84.509131237155032,33.736888427245546],[-84.509145237167402,33.737045427278602],[-84.509146237182094,33.737316427336523],[-84.509121237197206,33.737735427427097],[-84.509080237200735,33.738024427490444],[-84.509037237200104,33.738244427539058],[-84.508857237177608,33.738797427664053],[-84.508817237171485,33.738899427687393],[-84.508566237125422,33.739394427802587],[-84.508414237094485,33.739637427860153],[-84.508159237015448,33.739534427847637],[-84.507947236950614,33.739466427840973],[-84.507739236888114,33.739419427838655],[-84.507502236816947,33.739367427836299],[-84.507248236742029,33.739336427839127],[-84.507024236676756,33.739324427844835],[-84.505845236338502,33.739360427896393],[-84.505683236292029,33.739365427903472],[-84.505666236287169,33.739366427904308],[-84.50571123615893,33.736713427335182],[-84.505797235910748,33.731583426234678],[-84.502613234991088,33.731565426349064],[-84.502374234922002,33.7315624263573],[-84.502154234858509,33.731562426365471],[-84.50182423476322,33.731561426377517],[-84.501938234714601,33.73002942604554],[-84.50186223466973,33.729597425955895],[-84.502035234649924,33.728286425669019],[-84.502113234611457,33.72714042542092],[-84.502056234595031,33.727141425423255],[-84.502073234562403,33.726435425271589],[-84.50210323450473,33.72518742500349],[-84.502076234487646,33.725013424967258],[-84.502009234444586,33.724567424874316],[-84.501910234381384,33.723915424738479],[-84.501704234321849,33.723913424745717],[-84.501216234200172,33.724273424840845],[-84.500999234125686,33.724049424800974],[-84.501208234178534,33.723909424763278],[-84.50092623409698,33.723906424773112],[-84.500813234063799,33.723895424774916],[-84.500813234070279,33.724017424801055],[-84.500831234086917,33.724232424846349],[-84.500831234091919,33.724326424866462],[-84.500803234092842,33.724495424903658],[-84.500719234081558,33.724739424959033],[-84.500625234065922,33.724955425008687],[-84.500598234060533,33.72500042501931],[-84.500343233987024,33.72500242502921],[-84.500270233965992,33.725002425031917],[-84.499609233775345,33.72500342505667],[-84.49950023374393,33.725004425060924],[-84.49839223342434,33.725006425102535],[-84.498261233388817,33.725049425116566],[-84.498205233374122,33.72507742512466],[-84.498171233364133,33.725073425125018],[-84.498044233324379,33.725015425117377],[-84.498005233311588,33.724985425112408],[-84.497953233294425,33.724945425105759],[-84.497919233283938,33.724932425104221],[-84.497857233265293,33.724918425103574],[-84.497703233222268,33.724945425115052],[-84.497670233212418,33.72493842511475],[-84.497616233195473,33.724913425111403],[-84.497572233182026,33.724899425110088],[-84.497529233170297,33.724912425114425],[-84.497503233162476,33.724906425114135],[-84.497478233154709,33.72489542511272],[-84.497457233148211,33.724887425111767],[-84.497423233137638,33.724872425109844],[-84.497376233125507,33.724899425117371],[-84.497338233117134,33.724948425129249],[-84.497323233113377,33.724959425132113],[-84.497276233100393,33.724970425136242],[-84.497216233082369,33.724956425135453],[-84.497164233066385,33.724938425133537],[-84.497096233044942,33.724904425128813],[-84.497068233036146,33.72489042512683],[-84.497053233032005,33.724894425128305],[-84.497021233025251,33.724940425139323],[-84.497000233020188,33.7249594251441],[-84.496940233001794,33.724939425142104],[-84.496900232987585,33.724889425132858],[-84.496884232982893,33.724887425133026],[-84.496813232966304,33.724960425151259],[-84.496782232956107,33.724937425147502],[-84.496768232949279,33.724884425136693],[-84.496728232938153,33.724892425139871],[-84.496668232922204,33.724918425147713],[-84.496649232916866,33.724921425149041],[-84.496628232910595,33.724917425148988],[-84.4964902328677,33.724859425141673],[-84.496435232853543,33.724891425150538],[-84.496365232837519,33.72496942516986],[-84.496364232838076,33.724985425173344],[-84.496363232840238,33.725031425183218],[-84.496345232833264,33.724998425176793],[-84.496380232764764,33.723520424859281],[-84.496441232680567,33.721605424447198],[-84.497769233088746,33.72207542449847],[-84.499199233528273,33.722581424553688],[-84.500141233817729,33.722914424590002],[-84.500395233894409,33.722977424593992],[-84.500462233914632,33.722994424595171],[-84.500772234005751,33.723026424590543],[-84.500823234020501,33.72302642458866],[-84.501845234315738,33.723033424552177],[-84.502034234370086,33.723029424544322],[-84.502564234523021,33.723030424524865],[-84.50279723458965,33.723019424513815],[-84.503208234708964,33.723032424501376],[-84.503478234787124,33.723037424492396],[-84.504565235101751,33.723056424456118],[-84.505201235286776,33.723085424438707],[-84.505729235440484,33.723110424424448],[-84.505742235444202,33.723110424423957],[-84.505740235434374,33.722936424386837],[-84.505751235416895,33.722547424303144],[-84.505870235441009,33.722355424257685],[-84.506049235477178,33.72206442418878],[-84.506051235472484,33.7219654241675],[-84.506058235452812,33.721557424079947],[-84.505884235402576,33.721556424086181],[-84.505897235362497,33.720732423909446],[-84.505902235349311,33.720457423850362],[-84.50590723533368,33.720135423781301],[-84.505915235309274,33.719633423673599],[-84.505924235285008,33.719128423565181],[-84.505924235282606,33.719083423555553],[-84.505929235269065,33.718800423494848],[-84.505934235256362,33.718534423437724],[-84.505942235229384,33.717984423319756],[-84.505947235216212,33.7177094232607],[-84.505957235187438,33.717113423132808],[-84.505958235183172,33.717027423114359],[-84.505403235026478,33.717092423148884],[-84.505120234971116,33.717586423265097],[-84.503619234502096,33.716910423176145],[-84.503986234576359,33.716315423035176],[-84.504918234851132,33.716425423024127],[-84.50544623502114,33.716758423075817],[-84.505944235141357,33.71631742296298],[-84.505907235101873,33.715774422848106],[-84.505950235095085,33.715414422769484],[-84.505983235090397,33.715146422710959],[-84.506017234987169,33.71301942225449],[-84.506063235000482,33.713020422252995],[-84.510092236168447,33.713125422125962],[-84.5102432362131,33.71314542212464],[-84.510403236260359,33.713166422123209],[-84.510869236395664,33.713182422109298],[-84.512001236722185,33.713181422067073],[-84.512383236832591,33.713185422053755],[-84.51230023684063,33.713787422185668],[-84.513023237050049,33.71380242216204],[-84.513310237133183,33.713809422152885],[-84.515442237750491,33.713851422082733],[-84.516276237992159,33.713871422056073],[-84.516244237985077,33.713911422065834],[-84.515766237879291,33.71451642221303],[-84.515655237857146,33.714702422256956],[-84.515531237832505,33.714911422306258],[-84.515332237796784,33.715319422400924],[-84.515101237769272,33.71605542256701],[-84.51484423774707,33.717033422785789],[-84.514748237736995,33.717364422860193],[-84.5124772370758,33.717251422920313],[-84.508305235861073,33.71704242303047],[-84.50821623583478,33.717030423031197],[-84.508071235845151,33.718012423246726],[-84.507961235853216,33.718761423411053],[-84.50793323585691,33.718982423459387],[-84.507885235862631,33.719351423540118],[-84.509875236446078,33.719526423503687],[-84.510800236717373,33.719609423487121],[-84.511889237036797,33.71970842346785],[-84.51277823729751,33.719787423451777],[-84.512806237305725,33.719790423451393],[-84.513750237582542,33.719874423434305],[-84.514087237681139,33.719900423427354],[-84.514009237675367,33.720215423497663],[-84.513908237668147,33.720627423589541],[-84.513867237689482,33.721251423724581],[-84.513854237705459,33.721622423804419],[-84.513865237732418,33.722069423899661],[-84.513990237768567,33.722070423895211],[-84.515826238299496,33.722094423832175],[-84.517213238700819,33.72211642378538],[-84.517561238801193,33.722116423772441],[-84.517661238824587,33.722013423746738],[-84.51781723886269,33.721883423713109],[-84.517935238891454,33.721784423687517],[-84.518251238972198,33.721588423633889],[-84.51845123902531,33.721502423608051],[-84.518081238887859,33.720925423498329],[-84.518680239045182,33.720633423413624],[-84.519257239238868,33.721146423501956],[-84.519140239208269,33.721205423518938],[-84.518961239160717,33.721282423542057],[-84.518800239117951,33.721351423562758],[-84.518863239144167,33.72150242359276],[-84.519116239249414,33.722109423713221],[-84.522085240105298,33.722097423600381],[-84.522873240332459,33.722094423570475],[-84.52283824043262,33.724166424015031],[-84.522812240509069,33.725745424353761],[-84.522808240512973,33.725840424374276],[-84.522868240530357,33.725841424372277],[-84.522971240560082,33.725842424368651],[-84.522996240490059,33.724389424056866],[-84.522999240482932,33.724239424024645],[-84.523705240686525,33.724238423998223],[-84.524198240828639,33.724236423979477],[-84.52416924090636,33.725854424326698],[-84.525184241199767,33.725865424291364],[-84.525280241227492,33.725866424288014],[-84.525499241292223,33.725895424286051],[-84.525995241442075,33.726022424294811],[-84.52604624145745,33.726035424295674],[-84.526387241559547,33.726105424297963],[-84.526767241671934,33.726157424295032],[-84.527141241781294,33.726184424286892],[-84.527245241811301,33.72618542428323],[-84.527255241817514,33.726247424296155],[-84.527256241840902,33.726681424388936],[-84.527257241867417,33.727174424494329],[-84.527258241891388,33.727619424589506],[-84.527258241909209,33.7279544246611],[-84.52725924192525,33.728250424724443],[-84.527260241955602,33.728815424845251],[-84.527260241963901,33.728971424878608],[-84.527260241976364,33.729205424928644],[-84.527261242004954,33.729737425042423],[-84.52726224201578,33.72993542508469],[-84.527262242025628,33.730120425124305],[-84.527152241993775,33.730118425127969],[-84.526861242018043,33.732151425573591],[-84.526844242017049,33.732225425590016],[-84.527077242090002,33.732332425604277],[-84.527657242270749,33.732584425636624],[-84.527460242307342,33.734339426019268],[-84.527750242398298,33.73447642603778],[-84.527952242362673,33.732712425653027],[-84.527985242372907,33.732726425654782],[-84.52973824291918,33.73348842575259],[-84.529925242976205,33.733546425758085],[-84.53029624308725,33.733621425760305],[-84.531668243496398,33.733872425762989],[-84.531867243555723,33.73390842576331],[-84.532306243686918,33.733994425765403],[-84.532745243818169,33.734080425767495],[-84.533094243922491,33.734149425769274],[-84.533745244118322,33.73430042577732],[-84.535460244634223,33.734698425798719],[-84.535704244706324,33.734730425796457],[-84.535963244781001,33.734730425786836],[-84.536141244831185,33.734708425775516],[-84.536259244863558,33.734676425764299],[-84.536776245001533,33.734466425700212],[-84.537284245137329,33.734265425638327],[-84.537766245267449,33.734097425584451],[-84.538292245410744,33.733939425531119],[-84.538817245555123,33.733807425483363],[-84.539549245757271,33.733637425419822],[-84.539628245779056,33.733619425413039],[-84.540022245888849,33.733546425382791],[-84.540481246018359,33.733492425354143],[-84.54109624619403,33.733460425324466],[-84.541134246193252,33.733239425275784],[-84.541149246185924,33.733020425228361],[-84.541150246184984,33.732997425223424],[-84.541139246168896,33.73275542517213],[-84.541105246146884,33.732525425124152],[-84.540839246015395,33.731497424914245],[-84.540379245787705,33.729712424549611],[-84.540225245714851,33.729178424441109],[-84.540153245683328,33.728976424400578],[-84.539895245580212,33.728437424294889],[-84.539848245561856,33.728347424277395],[-84.542077246205224,33.728355424196252],[-84.543131246509461,33.728359424157922],[-84.543590246641941,33.728361424141333],[-84.54411024679203,33.728363424122435],[-84.544508246906915,33.728364424107866],[-84.544733246971859,33.7283654240997],[-84.544944247032745,33.728366424092066],[-84.544997247048073,33.72836642409009],[-84.545300247135501,33.728367424079046],[-84.545680247245215,33.728369424065356],[-84.545964247327205,33.728370424055001],[-84.546067247356874,33.728370424051178],[-84.546287247420409,33.72837142404321],[-84.547030247634879,33.728374424016231],[-84.54712824766311,33.728374424012578],[-84.547449247755793,33.728375424000866],[-84.547708247830514,33.728376423991456],[-84.548338248012399,33.728379423968661],[-84.548590248085077,33.728379423959282],[-84.549242248273188,33.72838042393527],[-84.550130248529399,33.728381423902484],[-84.550840248734147,33.728381423876108],[-84.550838248716275,33.728056423806692],[-84.55084524865417,33.726852423548976],[-84.550846248633903,33.726465423466131],[-84.550847248610808,33.726026423372232],[-84.550848248594349,33.725711423304816],[-84.55084924857907,33.72541942324235],[-84.550850248563179,33.725115423177243],[-84.550851248547815,33.724821423114342],[-84.550852248532522,33.724528423051638],[-84.550852248526979,33.724424423029433],[-84.5508532485117,33.72413242296696],[-84.55085424849706,33.723851422906776],[-84.550855248483117,33.723584422849633],[-84.550856248465635,33.723250422778221],[-84.550857248448352,33.722920422707574],[-84.55085724843137,33.722601422639364]],[[-84.320270185886073,33.798292447396051],[-84.32027518589058,33.798350447408254],[-84.31998518581193,33.798446447439524],[-84.319971185808356,33.798455447441988],[-84.319992185790355,33.798003447344534],[-84.319804185735762,33.797998447350437],[-84.31952418565497,33.798001447361457],[-84.31947418564053,33.798001447363312],[-84.319473185654942,33.798277447422393],[-84.319143185571576,33.798503447482993],[-84.318811185487746,33.7987314475441],[-84.318556185423404,33.798906447591037],[-84.318680185466334,33.799039447614895],[-84.318709185476251,33.799068447620016],[-84.318390185391451,33.799207447661566],[-84.318357185379128,33.799155447651707],[-84.318339185363001,33.79894944760828],[-84.31845518538735,33.798777447567169],[-84.318240185315872,33.798602447537689],[-84.318231185306587,33.798476447511092],[-84.318486185366467,33.798217447446206],[-84.31881718544426,33.797881447361995],[-84.319148185521996,33.797545447277813],[-84.31928418555394,33.797407447243245],[-84.319359185578492,33.797460447251829],[-84.319476185626456,33.797726447304335],[-84.3195251856406,33.797726447302551],[-84.319860185737213,33.79772244728926],[-84.31989218574644,33.797722447288066],[-84.320004185780036,33.79774544728884],[-84.320057185795989,33.797756447289245],[-84.320272185858215,33.79775844728168],[-84.320270185886073,33.798292447396051]],[[-84.348064194278876,33.80505644781082],[-84.348066194273102,33.804937447785321],[-84.348070194260856,33.804686447731477],[-84.34806919425759,33.804630447719525],[-84.348157194283075,33.804631447716474],[-84.348164194290931,33.804741447739751],[-84.348174194301549,33.80488544777014],[-84.348182194310297,33.805006447795755],[-84.3481851943137,33.805054447805922],[-84.348064194278876,33.80505644781082]]]]},"properties":{"OBJECTID":1,"STATEFP20":"13","PLACEFP20":"04000","PLACENS20":"02403126","GEOID20":"1304000","NAME20":"Atlanta","NAMELSAD20":"Atlanta city","LSAD20":"25","CLASSFP20":"C1","PCICBSA20":"Y","PCINECTA20":"N","MTFCC20":"G4110","FUNCSTAT20":"A","ALAND20":350456124,"AWATER20":2585706,"INTPTLAT20":"+33.7629088","INTPTLON20":"-084.4226745","geom_Length":1.7992548677002307,"geom_Area":0.034357510871000072}}]}