{
"type": "FeatureCollection",
"name": "atlanta_rob",
"crs": { "type": "name", "properties": { "name": "urn:ogc:def:crs:OGC:1.3:CRS84" } },
"features": [
{ "type": "Feature", "properties": { "OBJECTID": 1, "id": "ATLANTA_1997_2024210010424", "x": -84.425537109375, "y": 33.716648101806641, "robbery": 1 }, "geometry": { "type": "Point", "coordinates": [ -84.425537108999947, 33.716648102000079 ] } },
{ "type": "Feature", "properties": { "OBJECTID": 2, "id": "ATLANTA_1997_2024210011014", "x": -84.4093017578125, "y": 33.692218780517578, "robbery": 1 }, "geometry": { "type": "Point", "coordinates": [ -84.40930175799997, 33.692218781000065 ] } },
{ "type": "Feature", "properties": { "OBJECTID": 3, "id": "ATLANTA_1997_2024210020390", "x": -84.413963317871094, "y": 33.763980865478516, "robbery": 1 }, "geometry": { "type": "Point", "coordinates": [ -84.413963317999958, 33.763980865000065 ] } },
{ "type": "Feature", "properties": { "OBJECTID": 4, "id": "ATLANTA_1997_2024210021476", "x": -84.494361877441406, "y": 33.750011444091797, "robbery": 1 }, "geometry": { "type": "Point", "coordinates": [ -84.49436187699996, 33.750011444000052 ] } },
{ "type": "Feature", "properties": { "OBJECTID": 5, "id": "ATLANTA_1997_2024210022045", "x": -84.403831481933594, "y": 33.74407958984375, "robbery": 1 }, "geometry": { "type": "Point", "coordinates": [ -84.403831481999987, 33.744079590000069 ] } },
{ "type": "Feature", "properties": { "OBJECTID": 6, "id": "ATLANTA_1997_2024210030943", "x": -84.465538024902344, "y": 33.751129150390625, "robbery": 1 }, "geometry": { "type": "Point", "coordinates": [ -84.465538024999944, 33.751129150000054 ] } },
{ "type": "Feature", "properties": { "OBJECTID": 7, "id": "ATLANTA_1997_2024210031506", "x": -84.47918701171875, "y": 33.773639678955078, "robbery": 1 }, "geometry": { "type": "Point", "coordinates": [ -84.479187011999954, 33.773639679000041 ] } },
{ "type": "Feature", "properties": { "OBJECTID": 8, "id": "ATLANTA_1997_2024210031820", "x": -84.36578369140625, "y": 33.848869323730469, "robbery": 1 }, "geometry": { "type": "Point", "coordinates": [ -84.365783691, 33.848869324000077 ] } },
{ "type": "Feature", "properties": { "OBJECTID": 9, "id": "ATLANTA_1997_2024210031862", "x": -84.408042907714844, "y": 33.781429290771484, "robbery": 1 }, "geometry": { "type": "Point", "coordinates": [ -84.40804290799997, 33.781429291000052 ] } },
{ "type": "Feature", "properties": { "OBJECTID": 10, "id": "ATLANTA_1997_2024210040003", "x": -84.393272399902344, "y": 33.722801208496094, "robbery": 1 }, "geometry": { "type": "Point", "coordinates": [ -84.393272399999944, 33.722801208000078 ] } },
{ "type": "Feature", "properties": { "OBJECTID": 11, "id": "ATLANTA_1997_2024210040177", "x": -84.364479064941406, "y": 33.750259399414062, "robbery": 1 }, "geometry": { "type": "Point", "coordinates": [ -84.364479064999955, 33.750259399000072 ] } },
{ "type": "Feature", "properties": { "OBJECTID": 12, "id": "ATLANTA_1997_2024210040783", "x": -84.371063232421875, "y": 33.733879089355469, "robbery": 1 }, "geometry": { "type": "Point", "coordinates": [ -84.371063231999983, 33.733879089000027 ] } },
{ "type": "Feature", "properties": { "OBJECTID": 13, "id": "ATLANTA_1997_2024210060207", "x": -84.359001159667969, "y": 33.846061706542969, "robbery": 1 }, "geometry": { "type": "Point", "coordinates": [ -84.359001159999934, 33.846061707000047 ] } },
{ "type": "Feature", "properties": { "OBJECTID": 14, "id": "ATLANTA_1997_2024210070466", "x": -84.487327575683594, "y": 33.688339233398438, "robbery": 1 }, "geometry": { "type": "Point", "coordinates": [ -84.487327575999984, 33.688339233000079 ] } },
{ "type": "Feature", "properties": { "OBJECTID": 15, "id": "ATLANTA_1997_2024210070709", "x": -84.380531311035156, "y": 33.725929260253906, "robbery": 1 }, "geometry": { "type": "Point", "coordinates": [ -84.38053131099997, 33.725929260000044 ] } },
{ "type": "Feature", "properties": { "OBJECTID": 16, "id": "ATLANTA_1997_2024210071095", "x": -84.388206481933594, "y": 33.792881011962891, "robbery": 1 }, "geometry": { "type": "Point", "coordinates": [ -84.388206481999987, 33.792881012000066 ] } },
{ "type": "Feature", "properties": { "OBJECTID": 17, "id": "ATLANTA_1997_2024210071747", "x": -84.36834716796875, "y": 33.836620330810547, "robbery": 1 }, "geometry": { "type": "Point", "coordinates": [ -84.368347167999957, 33.836620331000063 ] } },
{ "type": "Feature", "properties": { "OBJECTID": 18, "id": "ATLANTA_1997_2024210071784", "x": -84.438629150390625, "y": 33.713268280029297, "robbery": 1 }, "geometry": { "type": "Point", "coordinates": [ -84.43862914999994, 33.713268280000079 ] } },
{ "type": "Feature", "properties": { "OBJECTID": 19, "id": "ATLANTA_1997_2024210072060", "x": -84.414268493652344, "y": 33.737998962402344, "robbery": 1 }, "geometry": { "type": "Point", "coordinates": [ -84.414268493999941, 33.737998962000063 ] } },
{ "type": "Feature", "properties": { "OBJECTID": 20, "id": "ATLANTA_1997_2024210100131", "x": -84.388191223144531, "y": 33.712791442871094, "robbery": 1 }, "geometry": { "type": "Point", "coordinates": [ -84.388191222999978, 33.712791443000071 ] } },
{ "type": "Feature", "properties": { "OBJECTID": 21, "id": "ATLANTA_1997_2024210100387", "x": -84.379463195800781, "y": 33.756229400634766, "robbery": 1 }, "geometry": { "type": "Point", "coordinates": [ -84.379463195999961, 33.756229401000041 ] } },
{ "type": "Feature", "properties": { "OBJECTID": 22, "id": "ATLANTA_1997_2024210100797", "x": -84.456306457519531, "y": 33.764019012451172, "robbery": 1 }, "geometry": { "type": "Point", "coordinates": [ -84.456306457999972, 33.764019012000063 ] } },
{ "type": "Feature", "properties": { "OBJECTID": 23, "id": "ATLANTA_1997_2024210101379", "x": -84.41741943359375, "y": 33.738368988037109, "robbery": 1 }, "geometry": { "type": "Point", "coordinates": [ -84.417419433999953, 33.738368988000047 ] } },
{ "type": "Feature", "properties": { "OBJECTID": 24, "id": "ATLANTA_1997_2024210101440", "x": -84.469566345214844, "y": 33.792549133300781, "robbery": 1 }, "geometry": { "type": "Point", "coordinates": [ -84.469566344999976, 33.79254913300008 ] } },
{ "type": "Feature", "properties": { "OBJECTID": 25, "id": "ATLANTA_1997_2024210101467", "x": -84.380317687988281, "y": 33.706779479980469, "robbery": 1 }, "geometry": { "type": "Point", "coordinates": [ -84.380317687999934, 33.70677948000008 ] } },
{ "type": "Feature", "properties": { "OBJECTID": 26, "id": "ATLANTA_1997_2024210110271", "x": -84.365219116210938, "y": 33.807529449462891, "robbery": 1 }, "geometry": { "type": "Point", "coordinates": [ -84.365219115999935, 33.807529449000072 ] } },
{ "type": "Feature", "properties": { "OBJECTID": 27, "id": "ATLANTA_1997_2024210111321", "x": -84.435943603515625, "y": 33.771289825439453, "robbery": 1 }, "geometry": { "type": "Point", "coordinates": [ -84.435943603999988, 33.771289825000053 ] } },
{ "type": "Feature", "properties": { "OBJECTID": 28, "id": "ATLANTA_1997_2024210111702", "x": -84.371742248535156, "y": 33.822669982910156, "robbery": 1 }, "geometry": { "type": "Point", "coordinates": [ -84.371742248999965, 33.822669983000026 ] } },
{ "type": "Feature", "properties": { "OBJECTID": 29, "id": "ATLANTA_1997_2024210130560", "x": -84.349029541015625, "y": 33.743610382080078, "robbery": 1 }, "geometry": { "type": "Point", "coordinates": [ -84.349029540999936, 33.743610382000043 ] } },
{ "type": "Feature", "properties": { "OBJECTID": 30, "id": "ATLANTA_1997_2024210130946", "x": -84.485702514648438, "y": 33.768268585205078, "robbery": 1 }, "geometry": { "type": "Point", "coordinates": [ -84.485702514999957, 33.768268585000044 ] } },
{ "type": "Feature", "properties": { "OBJECTID": 31, "id": "ATLANTA_1997_2024210131028", "x": -84.37109375, "y": 33.846370697021484, "robbery": 1 }, "geometry": { "type": "Point", "coordinates": [ -84.371093749999943, 33.846370697000054 ] } },
{ "type": "Feature", "properties": { "OBJECTID": 32, "id": "ATLANTA_1997_2024210131247", "x": -84.419120788574219, "y": 33.825981140136719, "robbery": 1 }, "geometry": { "type": "Point", "coordinates": [ -84.419120788999976, 33.825981140000067 ] } },
{ "type": "Feature", "properties": { "OBJECTID": 33, "id": "ATLANTA_1997_2024210140064", "x": -84.361587524414062, "y": 33.708499908447266, "robbery": 1 }, "geometry": { "type": "Point", "coordinates": [ -84.361587523999958, 33.708499908000078 ] } },
{ "type": "Feature", "properties": { "OBJECTID": 34, "id": "ATLANTA_1997_2024210140121", "x": -84.388206481933594, "y": 33.824878692626953, "robbery": 1 }, "geometry": { "type": "Point", "coordinates": [ -84.388206481999987, 33.824878693000073 ] } },
{ "type": "Feature", "properties": { "OBJECTID": 35, "id": "ATLANTA_1997_2024210140475", "x": -84.391387939453125, "y": 33.814128875732422, "robbery": 1 }, "geometry": { "type": "Point", "coordinates": [ -84.391387938999969, 33.814128876000041 ] } },
{ "type": "Feature", "properties": { "OBJECTID": 36, "id": "ATLANTA_1997_2024210140909", "x": -84.454643249511719, "y": 33.773948669433594, "robbery": 1 }, "geometry": { "type": "Point", "coordinates": [ -84.454643249999947, 33.773948669000049 ] } },
{ "type": "Feature", "properties": { "OBJECTID": 37, "id": "ATLANTA_1997_2024210141456", "x": -84.395477294921875, "y": 33.750259399414062, "robbery": 1 }, "geometry": { "type": "Point", "coordinates": [ -84.395477294999978, 33.750259399000072 ] } },
{ "type": "Feature", "properties": { "OBJECTID": 38, "id": "ATLANTA_1997_2024210141987", "x": -84.380508422851562, "y": 33.782680511474609, "robbery": 1 }, "geometry": { "type": "Point", "coordinates": [ -84.380508422999981, 33.782680511000024 ] } },
{ "type": "Feature", "properties": { "OBJECTID": 39, "id": "ATLANTA_1997_2024210150190", "x": -84.422492980957031, "y": 33.762420654296875, "robbery": 1 }, "geometry": { "type": "Point", "coordinates": [ -84.422492980999948, 33.762420654000039 ] } },
{ "type": "Feature", "properties": { "OBJECTID": 40, "id": "ATLANTA_1997_2024210151477", "x": -84.507606506347656, "y": 33.762100219726562, "robbery": 1 }, "geometry": { "type": "Point", "coordinates": [ -84.507606505999945, 33.762100220000036 ] } },
{ "type": "Feature", "properties": { "OBJECTID": 41, "id": "ATLANTA_1997_2024210151522", "x": -84.472366333007812, "y": 33.776168823242188, "robbery": 1 }, "geometry": { "type": "Point", "coordinates": [ -84.472366332999968, 33.776168823000035 ] } },
{ "type": "Feature", "properties": { "OBJECTID": 42, "id": "ATLANTA_1997_2024210151763", "x": -84.46875, "y": 33.7540283203125, "robbery": 1 }, "geometry": { "type": "Point", "coordinates": [ -84.46875, 33.754028320000032 ] } },
{ "type": "Feature", "properties": { "OBJECTID": 43, "id": "ATLANTA_1997_2024210160647", "x": -84.390167236328125, "y": 33.737819671630859, "robbery": 1 }, "geometry": { "type": "Point", "coordinates": [ -84.390167235999968, 33.737819672000057 ] } },
{ "type": "Feature", "properties": { "OBJECTID": 44, "id": "ATLANTA_1997_2024210161318", "x": -84.364837646484375, "y": 33.755260467529297, "robbery": 1 }, "geometry": { "type": "Point", "coordinates": [ -84.364837645999955, 33.755260468000074 ] } },
{ "type": "Feature", "properties": { "OBJECTID": 45, "id": "ATLANTA_1997_2024210161787", "x": -84.414573669433594, "y": 33.810329437255859, "robbery": 1 }, "geometry": { "type": "Point", "coordinates": [ -84.414573668999935, 33.810329437000064 ] } },
{ "type": "Feature", "properties": { "OBJECTID": 46, "id": "ATLANTA_1997_2024210161857", "x": -84.502906799316406, "y": 33.757320404052734, "robbery": 1 }, "geometry": { "type": "Point", "coordinates": [ -84.502906798999959, 33.757320404000041 ] } },
{ "type": "Feature", "properties": { "OBJECTID": 47, "id": "ATLANTA_1997_2024210170123", "x": -84.408241271972656, "y": 33.745880126953125, "robbery": 1 }, "geometry": { "type": "Point", "coordinates": [ -84.408241271999941, 33.745880127000078 ] } },
{ "type": "Feature", "properties": { "OBJECTID": 48, "id": "ATLANTA_1997_2024210171414", "x": -84.504188537597656, "y": 33.761028289794922, "robbery": 1 }, "geometry": { "type": "Point", "coordinates": [ -84.504188537999937, 33.76102829000007 ] } },
{ "type": "Feature", "properties": { "OBJECTID": 49, "id": "ATLANTA_1997_2024210181161", "x": -84.349601745605469, "y": 33.752738952636719, "robbery": 1 }, "geometry": { "type": "Point", "coordinates": [ -84.349601745999962, 33.752738953000062 ] } },
{ "type": "Feature", "properties": { "OBJECTID": 50, "id": "ATLANTA_1997_2024210181249", "x": -84.390579223632812, "y": 33.753570556640625, "robbery": 1 }, "geometry": { "type": "Point", "coordinates": [ -84.390579223999964, 33.753570557000046 ] } },
{ "type": "Feature", "properties": { "OBJECTID": 51, "id": "ATLANTA_1997_2024210181547", "x": -84.390167236328125, "y": 33.737819671630859, "robbery": 1 }, "geometry": { "type": "Point", "coordinates": [ -84.390167235999968, 33.737819672000057 ] } },
{ "type": "Feature", "properties": { "OBJECTID": 52, "id": "ATLANTA_1997_2024210190814", "x": -84.464370727539062, "y": 33.721778869628906, "robbery": 1 }, "geometry": { "type": "Point", "coordinates": [ -84.464370727999949, 33.721778870000037 ] } },
{ "type": "Feature", "properties": { "OBJECTID": 53, "id": "ATLANTA_1997_2024210191260", "x": -84.358757019042969, "y": 33.844139099121094, "robbery": 1 }, "geometry": { "type": "Point", "coordinates": [ -84.358757018999938, 33.844139099000074 ] } },
{ "type": "Feature", "properties": { "OBJECTID": 54, "id": "ATLANTA_1997_2024210200089", "x": -84.407447814941406, "y": 33.791770935058594, "robbery": 1 }, "geometry": { "type": "Point", "coordinates": [ -84.407447814999955, 33.791770935000045 ] } },
{ "type": "Feature", "properties": { "OBJECTID": 55, "id": "ATLANTA_1997_2024210200225", "x": -84.363906860351562, "y": 33.745269775390625, "robbery": 1 }, "geometry": { "type": "Point", "coordinates": [ -84.363906859999986, 33.745269775000054 ] } },
{ "type": "Feature", "properties": { "OBJECTID": 56, "id": "ATLANTA_1997_2024210200849", "x": -84.3802490234375, "y": 33.849880218505859, "robbery": 1 }, "geometry": { "type": "Point", "coordinates": [ -84.380249022999976, 33.849880219000056 ] } },
{ "type": "Feature", "properties": { "OBJECTID": 57, "id": "ATLANTA_1997_2024210201818", "x": -84.346099853515625, "y": 33.756771087646484, "robbery": 1 }, "geometry": { "type": "Point", "coordinates": [ -84.346099853999988, 33.75677108800005 ] } },
{ "type": "Feature", "properties": { "OBJECTID": 58, "id": "ATLANTA_1997_2024210201874", "x": -84.388526916503906, "y": 33.818321228027344, "robbery": 1 }, "geometry": { "type": "Point", "coordinates": [ -84.388526916999979, 33.818321228000059 ] } },
{ "type": "Feature", "properties": { "OBJECTID": 59, "id": "ATLANTA_1997_2024210211749", "x": -84.39501953125, "y": 33.749069213867188, "robbery": 1 }, "geometry": { "type": "Point", "coordinates": [ -84.395019530999946, 33.749069214000031 ] } },
{ "type": "Feature", "properties": { "OBJECTID": 60, "id": "ATLANTA_1997_2024210211758", "x": -84.425796508789062, "y": 33.738571166992188, "robbery": 1 }, "geometry": { "type": "Point", "coordinates": [ -84.425796508999952, 33.738571167000032 ] } },
{ "type": "Feature", "properties": { "OBJECTID": 61, "id": "ATLANTA_1997_2024210220011", "x": -84.291351318359375, "y": 33.747570037841797, "robbery": 1 }, "geometry": { "type": "Point", "coordinates": [ -84.291351317999954, 33.747570038000049 ] } },
{ "type": "Feature", "properties": { "OBJECTID": 62, "id": "ATLANTA_1997_2024210220216", "x": -84.36480712890625, "y": 33.749439239501953, "robbery": 1 }, "geometry": { "type": "Point", "coordinates": [ -84.364807128999985, 33.749439240000072 ] } },
{ "type": "Feature", "properties": { "OBJECTID": 63, "id": "ATLANTA_1997_2024210221657", "x": -84.428436279296875, "y": 33.721031188964844, "robbery": 1 }, "geometry": { "type": "Point", "coordinates": [ -84.428436278999982, 33.72103118900003 ] } },
{ "type": "Feature", "properties": { "OBJECTID": 64, "id": "ATLANTA_1997_2024210230219", "x": -84.42108154296875, "y": 33.724578857421875, "robbery": 1 }, "geometry": { "type": "Point", "coordinates": [ -84.421081542999957, 33.72457885700004 ] } },
{ "type": "Feature", "properties": { "OBJECTID": 65, "id": "ATLANTA_1997_2024210230261", "x": -84.416099548339844, "y": 33.755611419677734, "robbery": 1 }, "geometry": { "type": "Point", "coordinates": [ -84.416099547999977, 33.755611420000037 ] } },
{ "type": "Feature", "properties": { "OBJECTID": 66, "id": "ATLANTA_1997_2024210240447", "x": -84.38433837890625, "y": 33.778591156005859, "robbery": 1 }, "geometry": { "type": "Point", "coordinates": [ -84.384338378999985, 33.778591156000061 ] } },
{ "type": "Feature", "properties": { "OBJECTID": 67, "id": "ATLANTA_1997_2024210240471", "x": -84.407623291015625, "y": 33.742771148681641, "robbery": 1 }, "geometry": { "type": "Point", "coordinates": [ -84.407623290999936, 33.742771149000077 ] } },
{ "type": "Feature", "properties": { "OBJECTID": 68, "id": "ATLANTA_1997_2024210240695", "x": -84.401863098144531, "y": 33.752910614013672, "robbery": 1 }, "geometry": { "type": "Point", "coordinates": [ -84.401863097999978, 33.752910614000029 ] } },
{ "type": "Feature", "properties": { "OBJECTID": 69, "id": "ATLANTA_1997_2024210241609", "x": -84.422981262207031, "y": 33.757888793945312, "robbery": 1 }, "geometry": { "type": "Point", "coordinates": [ -84.422981261999951, 33.757888794000053 ] } },
{ "type": "Feature", "properties": { "OBJECTID": 70, "id": "ATLANTA_1997_2024210250200", "x": -84.425537109375, "y": 33.789661407470703, "robbery": 1 }, "geometry": { "type": "Point", "coordinates": [ -84.425537108999947, 33.78966140700004 ] } },
{ "type": "Feature", "properties": { "OBJECTID": 71, "id": "ATLANTA_1997_2024210250749", "x": -84.379867553710938, "y": 33.836288452148438, "robbery": 1 }, "geometry": { "type": "Point", "coordinates": [ -84.379867553999986, 33.836288452000076 ] } },
{ "type": "Feature", "properties": { "OBJECTID": 72, "id": "ATLANTA_1997_2024210251505", "x": -84.386978149414062, "y": 33.742450714111328, "robbery": 1 }, "geometry": { "type": "Point", "coordinates": [ -84.386978148999958, 33.742450714000029 ] } },
{ "type": "Feature", "properties": { "OBJECTID": 73, "id": "ATLANTA_1997_2024210260110", "x": -84.457313537597656, "y": 33.748619079589844, "robbery": 1 }, "geometry": { "type": "Point", "coordinates": [ -84.457313537999937, 33.748619080000026 ] } },
{ "type": "Feature", "properties": { "OBJECTID": 74, "id": "ATLANTA_1997_2024210261460", "x": -84.399032592773438, "y": 33.785930633544922, "robbery": 1 }, "geometry": { "type": "Point", "coordinates": [ -84.399032592999959, 33.785930634000067 ] } },
{ "type": "Feature", "properties": { "OBJECTID": 75, "id": "ATLANTA_1997_2024210261583", "x": -84.417953491210938, "y": 33.754470825195312, "robbery": 1 }, "geometry": { "type": "Point", "coordinates": [ -84.417953490999935, 33.754470825000055 ] } },
{ "type": "Feature", "properties": { "OBJECTID": 76, "id": "ATLANTA_1997_2024210270110", "x": -84.379898071289062, "y": 33.703819274902344, "robbery": 1 }, "geometry": { "type": "Point", "coordinates": [ -84.379898070999957, 33.703819275000058 ] } },
{ "type": "Feature", "properties": { "OBJECTID": 77, "id": "ATLANTA_1997_2024210270138", "x": -84.368118286132812, "y": 33.717460632324219, "robbery": 1 }, "geometry": { "type": "Point", "coordinates": [ -84.368118285999969, 33.717460632000041 ] } },
{ "type": "Feature", "properties": { "OBJECTID": 78, "id": "ATLANTA_1997_2024210271892", "x": -84.387832641601562, "y": 33.791610717773438, "robbery": 1 }, "geometry": { "type": "Point", "coordinates": [ -84.387832641999978, 33.791610718000072 ] } },
{ "type": "Feature", "properties": { "OBJECTID": 79, "id": "ATLANTA_1997_2024210280751", "x": -84.351173400878906, "y": 33.709468841552734, "robbery": 1 }, "geometry": { "type": "Point", "coordinates": [ -84.351173400999983, 33.709468842000035 ] } },
{ "type": "Feature", "properties": { "OBJECTID": 80, "id": "ATLANTA_1997_2024210280941", "x": -84.390022277832031, "y": 33.671619415283203, "robbery": 1 }, "geometry": { "type": "Point", "coordinates": [ -84.390022277999947, 33.671619415000066 ] } },
{ "type": "Feature", "properties": { "OBJECTID": 81, "id": "ATLANTA_1997_2024210282040", "x": -84.36663818359375, "y": 33.828529357910156, "robbery": 1 }, "geometry": { "type": "Point", "coordinates": [ -84.366638183999953, 33.828529358000026 ] } },
{ "type": "Feature", "properties": { "OBJECTID": 82, "id": "ATLANTA_1997_2024210290341", "x": -84.425422668457031, "y": 33.800670623779297, "robbery": 1 }, "geometry": { "type": "Point", "coordinates": [ -84.425422667999953, 33.800670624000077 ] } },
{ "type": "Feature", "properties": { "OBJECTID": 83, "id": "ATLANTA_1997_2024210290422", "x": -84.360023498535156, "y": 33.709648132324219, "robbery": 1 }, "geometry": { "type": "Point", "coordinates": [ -84.360023498999965, 33.709648132000041 ] } },
{ "type": "Feature", "properties": { "OBJECTID": 84, "id": "ATLANTA_1997_2024210290912", "x": -84.423927307128906, "y": 33.763160705566406, "robbery": 1 }, "geometry": { "type": "Point", "coordinates": [ -84.423927306999985, 33.763160706000065 ] } },
{ "type": "Feature", "properties": { "OBJECTID": 85, "id": "ATLANTA_1997_2024210291066", "x": -84.453323364257812, "y": 33.750038146972656, "robbery": 1 }, "geometry": { "type": "Point", "coordinates": [ -84.453323363999971, 33.750038147000055 ] } },
{ "type": "Feature", "properties": { "OBJECTID": 86, "id": "ATLANTA_1997_2024210291318", "x": -84.391372680664062, "y": 33.765918731689453, "robbery": 1 }, "geometry": { "type": "Point", "coordinates": [ -84.39137268099995, 33.765918732000046 ] } },
{ "type": "Feature", "properties": { "OBJECTID": 87, "id": "ATLANTA_1997_2024210292221", "x": -84.368247985839844, "y": 33.755161285400391, "robbery": 1 }, "geometry": { "type": "Point", "coordinates": [ -84.368247985999972, 33.755161285000042 ] } },
{ "type": "Feature", "properties": { "OBJECTID": 88, "id": "ATLANTA_1997_2024210300286", "x": -84.388137817382812, "y": 33.763870239257812, "robbery": 1 }, "geometry": { "type": "Point", "coordinates": [ -84.388137816999972, 33.763870239000028 ] } },
{ "type": "Feature", "properties": { "OBJECTID": 89, "id": "ATLANTA_1997_2024210300946", "x": -84.362159729003906, "y": 33.763999938964844, "robbery": 1 }, "geometry": { "type": "Point", "coordinates": [ -84.362159728999984, 33.76399993900003 ] } },
{ "type": "Feature", "properties": { "OBJECTID": 90, "id": "ATLANTA_1997_2024210301928", "x": -84.376640319824219, "y": 33.756008148193359, "robbery": 1 }, "geometry": { "type": "Point", "coordinates": [ -84.376640319999979, 33.756008148000035 ] } },
{ "type": "Feature", "properties": { "OBJECTID": 91, "id": "ATLANTA_1997_2024210311642", "x": -84.464309692382812, "y": 33.703189849853516, "robbery": 1 }, "geometry": { "type": "Point", "coordinates": [ -84.464309691999972, 33.703189850000058 ] } },
{ "type": "Feature", "properties": { "OBJECTID": 92, "id": "ATLANTA_1997_2024210321775", "x": -84.413307189941406, "y": 33.809680938720703, "robbery": 1 }, "geometry": { "type": "Point", "coordinates": [ -84.413307189999955, 33.809680939000032 ] } },
{ "type": "Feature", "properties": { "OBJECTID": 93, "id": "ATLANTA_1997_2024210330582", "x": -84.391326904296875, "y": 33.754730224609375, "robbery": 1 }, "geometry": { "type": "Point", "coordinates": [ -84.391326903999982, 33.75473022500006 ] } },
{ "type": "Feature", "properties": { "OBJECTID": 94, "id": "ATLANTA_1997_2024210341995", "x": -84.408866882324219, "y": 33.698879241943359, "robbery": 1 }, "geometry": { "type": "Point", "coordinates": [ -84.408866881999984, 33.698879242000032 ] } },
{ "type": "Feature", "properties": { "OBJECTID": 95, "id": "ATLANTA_1997_2024210350174", "x": -84.382461547851562, "y": 33.776508331298828, "robbery": 1 }, "geometry": { "type": "Point", "coordinates": [ -84.382461547999981, 33.776508331000059 ] } },
{ "type": "Feature", "properties": { "OBJECTID": 96, "id": "ATLANTA_1997_2024210350533", "x": -84.414497375488281, "y": 33.772251129150391, "robbery": 1 }, "geometry": { "type": "Point", "coordinates": [ -84.414497374999939, 33.77225112900004 ] } },
{ "type": "Feature", "properties": { "OBJECTID": 97, "id": "ATLANTA_1997_2024210351126", "x": -84.472381591796875, "y": 33.799568176269531, "robbery": 1 }, "geometry": { "type": "Point", "coordinates": [ -84.472381591999977, 33.799568176000037 ] } },
{ "type": "Feature", "properties": { "OBJECTID": 98, "id": "ATLANTA_1997_2024210351977", "x": -84.486122131347656, "y": 33.751140594482422, "robbery": 1 }, "geometry": { "type": "Point", "coordinates": [ -84.486122130999945, 33.751140594000049 ] } },
{ "type": "Feature", "properties": { "OBJECTID": 99, "id": "ATLANTA_1997_2024210361042", "x": -84.460693359375, "y": 33.734420776367188, "robbery": 1 }, "geometry": { "type": "Point", "coordinates": [ -84.460693358999947, 33.734420776000036 ] } },
{ "type": "Feature", "properties": { "OBJECTID": 100, "id": "ATLANTA_1997_2024210371337", "x": -84.408042907714844, "y": 33.781429290771484, "robbery": 1 }, "geometry": { "type": "Point", "coordinates": [ -84.40804290799997, 33.781429291000052 ] } },
{ "type": "Feature", "properties": { "OBJECTID": 101, "id": "ATLANTA_1997_2024210371916", "x": -84.349586486816406, "y": 33.743091583251953, "robbery": 1 }, "geometry": { "type": "Point", "coordinates": [ -84.349586486999954, 33.74309158300008 ] } },
{ "type": "Feature", "properties": { "OBJECTID": 102, "id": "ATLANTA_1997_2024210390015", "x": -84.385467529296875, "y": 33.778430938720703, "robbery": 1 }, "geometry": { "type": "Point", "coordinates": [ -84.385467528999982, 33.778430939000032 ] } },
{ "type": "Feature", "properties": { "OBJECTID": 103, "id": "ATLANTA_1997_2024210390717", "x": -84.441062927246094, "y": 33.750530242919922, "robbery": 1 }, "geometry": { "type": "Point", "coordinates": [ -84.441062926999962, 33.750530243000071 ] } },
{ "type": "Feature", "properties": { "OBJECTID": 104, "id": "ATLANTA_1997_2024210391172", "x": -84.378402709960938, "y": 33.752090454101562, "robbery": 1 }, "geometry": { "type": "Point", "coordinates": [ -84.378402709999989, 33.75209045400004 ] } },
{ "type": "Feature", "properties": { "OBJECTID": 105, "id": "ATLANTA_1997_2024210391291", "x": -84.465538024902344, "y": 33.751129150390625, "robbery": 1 }, "geometry": { "type": "Point", "coordinates": [ -84.465538024999944, 33.751129150000054 ] } },
{ "type": "Feature", "properties": { "OBJECTID": 106, "id": "ATLANTA_1997_2024210400114", "x": -84.374351501464844, "y": 33.760368347167969, "robbery": 1 }, "geometry": { "type": "Point", "coordinates": [ -84.374351500999978, 33.760368347000053 ] } },
{ "type": "Feature", "properties": { "OBJECTID": 107, "id": "ATLANTA_1997_2024210400283", "x": -84.366317749023438, "y": 33.847690582275391, "robbery": 1 }, "geometry": { "type": "Point", "coordinates": [ -84.366317748999961, 33.847690582000041 ] } },
{ "type": "Feature", "properties": { "OBJECTID": 108, "id": "ATLANTA_1997_2024210402098", "x": -84.390121459960938, "y": 33.778301239013672, "robbery": 1 }, "geometry": { "type": "Point", "coordinates": [ -84.390121459999989, 33.778301239000029 ] } },
{ "type": "Feature", "properties": { "OBJECTID": 109, "id": "ATLANTA_1997_2024210402303", "x": -84.433357238769531, "y": 33.763309478759766, "robbery": 1 }, "geometry": { "type": "Point", "coordinates": [ -84.433357238999974, 33.763309479000043 ] } },
{ "type": "Feature", "properties": { "OBJECTID": 110, "id": "ATLANTA_1997_2024210411454", "x": -84.408538818359375, "y": 33.777900695800781, "robbery": 1 }, "geometry": { "type": "Point", "coordinates": [ -84.408538817999954, 33.777900696000074 ] } },
{ "type": "Feature", "properties": { "OBJECTID": 111, "id": "ATLANTA_1997_2024210411870", "x": -84.438629150390625, "y": 33.713268280029297, "robbery": 1 }, "geometry": { "type": "Point", "coordinates": [ -84.43862914999994, 33.713268280000079 ] } },
{ "type": "Feature", "properties": { "OBJECTID": 112, "id": "ATLANTA_1997_2024210412143", "x": -84.349578857421875, "y": 33.746879577636719, "robbery": 1 }, "geometry": { "type": "Point", "coordinates": [ -84.349578856999983, 33.746879578000062 ] } },
{ "type": "Feature", "properties": { "OBJECTID": 113, "id": "ATLANTA_1997_2024210420254", "x": -84.36688232421875, "y": 33.824951171875, "robbery": 1 }, "geometry": { "type": "Point", "coordinates": [ -84.36688232399996, 33.824951172000056 ] } },
{ "type": "Feature", "properties": { "OBJECTID": 114, "id": "ATLANTA_1997_2024210421092", "x": -84.444107055664062, "y": 33.711090087890625, "robbery": 1 }, "geometry": { "type": "Point", "coordinates": [ -84.44410705599995, 33.711090088000049 ] } },
{ "type": "Feature", "properties": { "OBJECTID": 115, "id": "ATLANTA_1997_2024210421775", "x": -84.366226196289062, "y": 33.818611145019531, "robbery": 1 }, "geometry": { "type": "Point", "coordinates": [ -84.366226195999957, 33.818611145000034 ] } },
{ "type": "Feature", "properties": { "OBJECTID": 116, "id": "ATLANTA_1997_2024210421947", "x": -84.377243041992188, "y": 33.752101898193359, "robbery": 1 }, "geometry": { "type": "Point", "coordinates": [ -84.377243041999975, 33.752101898000035 ] } },
{ "type": "Feature", "properties": { "OBJECTID": 117, "id": "ATLANTA_1997_2024210422163", "x": -84.402412414550781, "y": 33.786048889160156, "robbery": 1 }, "geometry": { "type": "Point", "coordinates": [ -84.402412414999958, 33.786048889000028 ] } },
{ "type": "Feature", "properties": { "OBJECTID": 118, "id": "ATLANTA_1997_2024210430107", "x": -84.393791198730469, "y": 33.736560821533203, "robbery": 1 }, "geometry": { "type": "Point", "coordinates": [ -84.393791198999963, 33.736560822000058 ] } },
{ "type": "Feature", "properties": { "OBJECTID": 119, "id": "ATLANTA_1997_2024210430307", "x": -84.385040283203125, "y": 33.780979156494141, "robbery": 1 }, "geometry": { "type": "Point", "coordinates": [ -84.385040282999967, 33.780979156000058 ] } },
{ "type": "Feature", "properties": { "OBJECTID": 120, "id": "ATLANTA_1997_2024210430337", "x": -84.389320373535156, "y": 33.773811340332031, "robbery": 1 }, "geometry": { "type": "Point", "coordinates": [ -84.389320373999965, 33.773811340000066 ] } },
{ "type": "Feature", "properties": { "OBJECTID": 121, "id": "ATLANTA_1997_2024210431528", "x": -84.456886291503906, "y": 33.7064208984375, "robbery": 1 }, "geometry": { "type": "Point", "coordinates": [ -84.456886291999979, 33.706420898000033 ] } },
{ "type": "Feature", "properties": { "OBJECTID": 122, "id": "ATLANTA_1997_2024210432053", "x": -84.504913330078125, "y": 33.689620971679688, "robbery": 1 }, "geometry": { "type": "Point", "coordinates": [ -84.504913329999965, 33.689620972000057 ] } },
{ "type": "Feature", "properties": { "OBJECTID": 123, "id": "ATLANTA_1997_2024210432129", "x": -84.3834228515625, "y": 33.775379180908203, "robbery": 1 }, "geometry": { "type": "Point", "coordinates": [ -84.383422851999967, 33.775379181000062 ] } },
{ "type": "Feature", "properties": { "OBJECTID": 124, "id": "ATLANTA_1997_2024210441122", "x": -84.46807861328125, "y": 33.755561828613281, "robbery": 1 }, "geometry": { "type": "Point", "coordinates": [ -84.468078612999989, 33.755561829000044 ] } },
{ "type": "Feature", "properties": { "OBJECTID": 125, "id": "ATLANTA_1997_2024210441193", "x": -84.350212097167969, "y": 33.750030517578125, "robbery": 1 }, "geometry": { "type": "Point", "coordinates": [ -84.35021209699994, 33.750030518000074 ] } },
{ "type": "Feature", "properties": { "OBJECTID": 126, "id": "ATLANTA_1997_2024210451433", "x": -84.417236328125, "y": 33.761829376220703, "robbery": 1 }, "geometry": { "type": "Point", "coordinates": [ -84.417236327999944, 33.761829376000037 ] } },
{ "type": "Feature", "properties": { "OBJECTID": 127, "id": "ATLANTA_1997_2024210460840", "x": -84.407623291015625, "y": 33.742771148681641, "robbery": 1 }, "geometry": { "type": "Point", "coordinates": [ -84.407623290999936, 33.742771149000077 ] } },
{ "type": "Feature", "properties": { "OBJECTID": 128, "id": "ATLANTA_1997_2024210461060", "x": -84.395660400390625, "y": 33.740669250488281, "robbery": 1 }, "geometry": { "type": "Point", "coordinates": [ -84.39566039999994, 33.740669250000053 ] } },
{ "type": "Feature", "properties": { "OBJECTID": 129, "id": "ATLANTA_1997_2024210470181", "x": -84.384086608886719, "y": 33.779911041259766, "robbery": 1 }, "geometry": { "type": "Point", "coordinates": [ -84.384086608999951, 33.779911041000048 ] } },
{ "type": "Feature", "properties": { "OBJECTID": 130, "id": "ATLANTA_1997_2024210471463", "x": -84.424713134765625, "y": 33.768749237060547, "robbery": 1 }, "geometry": { "type": "Point", "coordinates": [ -84.424713135, 33.768749237000065 ] } },
{ "type": "Feature", "properties": { "OBJECTID": 131, "id": "ATLANTA_1997_2024210480390", "x": -84.393791198730469, "y": 33.736560821533203, "robbery": 1 }, "geometry": { "type": "Point", "coordinates": [ -84.393791198999963, 33.736560822000058 ] } },
{ "type": "Feature", "properties": { "OBJECTID": 132, "id": "ATLANTA_1997_2024210481434", "x": -84.363777160644531, "y": 33.825599670410156, "robbery": 1 }, "geometry": { "type": "Point", "coordinates": [ -84.363777160999973, 33.825599670000031 ] } },
{ "type": "Feature", "properties": { "OBJECTID": 133, "id": "ATLANTA_1997_2024210490009", "x": -84.394020080566406, "y": 33.720439910888672, "robbery": 1 }, "geometry": { "type": "Point", "coordinates": [ -84.394020080999951, 33.720439911000028 ] } },
{ "type": "Feature", "properties": { "OBJECTID": 134, "id": "ATLANTA_1997_2024210501356", "x": -84.465423583984375, "y": 33.721981048583984, "robbery": 1 }, "geometry": { "type": "Point", "coordinates": [ -84.46542358399995, 33.721981049000078 ] } },
{ "type": "Feature", "properties": { "OBJECTID": 135, "id": "ATLANTA_1997_2024210501529", "x": -84.414710998535156, "y": 33.721019744873047, "robbery": 1 }, "geometry": { "type": "Point", "coordinates": [ -84.414710998999965, 33.721019745000035 ] } },
{ "type": "Feature", "properties": { "OBJECTID": 136, "id": "ATLANTA_1997_2024210502042", "x": -84.384246826171875, "y": 33.833690643310547, "robbery": 1 }, "geometry": { "type": "Point", "coordinates": [ -84.384246825999981, 33.833690643000068 ] } },
{ "type": "Feature", "properties": { "OBJECTID": 137, "id": "ATLANTA_1997_2024210511515", "x": -84.359092712402344, "y": 33.845268249511719, "robbery": 1 }, "geometry": { "type": "Point", "coordinates": [ -84.359092711999949, 33.845268250000061 ] } },
{ "type": "Feature", "properties": { "OBJECTID": 138, "id": "ATLANTA_1997_2024210511882", "x": -84.373123168945312, "y": 33.775199890136719, "robbery": 1 }, "geometry": { "type": "Point", "coordinates": [ -84.373123168999939, 33.775199890000067 ] } },
{ "type": "Feature", "properties": { "OBJECTID": 139, "id": "ATLANTA_1997_2024210521560", "x": -84.340286254882812, "y": 33.758060455322266, "robbery": 1 }, "geometry": { "type": "Point", "coordinates": [ -84.340286254999967, 33.758060455000077 ] } },
{ "type": "Feature", "properties": { "OBJECTID": 140, "id": "ATLANTA_1997_2024210531454", "x": -84.3978271484375, "y": 33.742599487304688, "robbery": 1 }, "geometry": { "type": "Point", "coordinates": [ -84.397827147999976, 33.742599487000064 ] } },
{ "type": "Feature", "properties": { "OBJECTID": 141, "id": "ATLANTA_1997_2024210531690", "x": -84.456459045410156, "y": 33.70037841796875, "robbery": 1 }, "geometry": { "type": "Point", "coordinates": [ -84.456459044999974, 33.700378418000071 ] } },
{ "type": "Feature", "properties": { "OBJECTID": 142, "id": "ATLANTA_1997_2024210541483", "x": -84.381973266601562, "y": 33.774478912353516, "robbery": 1 }, "geometry": { "type": "Point", "coordinates": [ -84.381973266999978, 33.774478912000063 ] } },
{ "type": "Feature", "properties": { "OBJECTID": 143, "id": "ATLANTA_1997_2024210550656", "x": -84.369827270507812, "y": 33.847511291503906, "robbery": 1 }, "geometry": { "type": "Point", "coordinates": [ -84.369827270999963, 33.847511292000036 ] } },
{ "type": "Feature", "properties": { "OBJECTID": 144, "id": "ATLANTA_1997_2024210551826", "x": -84.367202758789062, "y": 33.818470001220703, "robbery": 1 }, "geometry": { "type": "Point", "coordinates": [ -84.367202758999952, 33.818470001000037 ] } },
{ "type": "Feature", "properties": { "OBJECTID": 145, "id": "ATLANTA_1997_2024210552152", "x": -84.371269226074219, "y": 33.659309387207031, "robbery": 1 }, "geometry": { "type": "Point", "coordinates": [ -84.371269225999981, 33.659309387000064 ] } },
{ "type": "Feature", "properties": { "OBJECTID": 146, "id": "ATLANTA_1997_2024210561401", "x": -84.365226745605469, "y": 33.773731231689453, "robbery": 1 }, "geometry": { "type": "Point", "coordinates": [ -84.365226745999962, 33.773731232000046 ] } },
{ "type": "Feature", "properties": { "OBJECTID": 147, "id": "ATLANTA_1997_2024210570361", "x": -84.483528137207031, "y": 33.700809478759766, "robbery": 1 }, "geometry": { "type": "Point", "coordinates": [ -84.483528136999951, 33.700809479000043 ] } },
{ "type": "Feature", "properties": { "OBJECTID": 148, "id": "ATLANTA_1997_2024210570385", "x": -84.436798095703125, "y": 33.772830963134766, "robbery": 1 }, "geometry": { "type": "Point", "coordinates": [ -84.436798095999961, 33.772830963000047 ] } },
{ "type": "Feature", "properties": { "OBJECTID": 149, "id": "ATLANTA_1997_2024210571971", "x": -84.445762634277344, "y": 33.726150512695312, "robbery": 1 }, "geometry": { "type": "Point", "coordinates": [ -84.445762633999948, 33.72615051300005 ] } },
{ "type": "Feature", "properties": { "OBJECTID": 150, "id": "ATLANTA_1997_2024210581093", "x": -84.383003234863281, "y": 33.780189514160156, "robbery": 1 }, "geometry": { "type": "Point", "coordinates": [ -84.383003235, 33.780189514000028 ] } },
{ "type": "Feature", "properties": { "OBJECTID": 151, "id": "ATLANTA_1997_2024210591535", "x": -84.349578857421875, "y": 33.746879577636719, "robbery": 1 }, "geometry": { "type": "Point", "coordinates": [ -84.349578856999983, 33.746879578000062 ] } },
{ "type": "Feature", "properties": { "OBJECTID": 152, "id": "ATLANTA_1997_2024210591747", "x": -84.376106262207031, "y": 33.772739410400391, "robbery": 1 }, "geometry": { "type": "Point", "coordinates": [ -84.376106261999951, 33.772739410000042 ] } },
{ "type": "Feature", "properties": { "OBJECTID": 153, "id": "ATLANTA_1997_2024210600012", "x": -84.388008117675781, "y": 33.712669372558594, "robbery": 1 }, "geometry": { "type": "Point", "coordinates": [ -84.388008117999959, 33.71266937300004 ] } },
{ "type": "Feature", "properties": { "OBJECTID": 154, "id": "ATLANTA_1997_2024210600267", "x": -84.393791198730469, "y": 33.736560821533203, "robbery": 1 }, "geometry": { "type": "Point", "coordinates": [ -84.393791198999963, 33.736560822000058 ] } },
{ "type": "Feature", "properties": { "OBJECTID": 155, "id": "ATLANTA_1997_2024210601391", "x": -84.403739929199219, "y": 33.730960845947266, "robbery": 1 }, "geometry": { "type": "Point", "coordinates": [ -84.403739928999983, 33.730960846000073 ] } },
{ "type": "Feature", "properties": { "OBJECTID": 156, "id": "ATLANTA_1997_2024210620096", "x": -84.415390014648438, "y": 33.734279632568359, "robbery": 1 }, "geometry": { "type": "Point", "coordinates": [ -84.415390014999957, 33.734279633000028 ] } },
{ "type": "Feature", "properties": { "OBJECTID": 157, "id": "ATLANTA_1997_2024210620326", "x": -84.486122131347656, "y": 33.751140594482422, "robbery": 1 }, "geometry": { "type": "Point", "coordinates": [ -84.486122130999945, 33.751140594000049 ] } },
{ "type": "Feature", "properties": { "OBJECTID": 158, "id": "ATLANTA_1997_2024210621635", "x": -84.433219909667969, "y": 33.736598968505859, "robbery": 1 }, "geometry": { "type": "Point", "coordinates": [ -84.433219909999934, 33.736598969000056 ] } },
{ "type": "Feature", "properties": { "OBJECTID": 159, "id": "ATLANTA_1997_2024210622115", "x": -84.390167236328125, "y": 33.737819671630859, "robbery": 1 }, "geometry": { "type": "Point", "coordinates": [ -84.390167235999968, 33.737819672000057 ] } },
{ "type": "Feature", "properties": { "OBJECTID": 160, "id": "ATLANTA_1997_2024210622153", "x": -84.500709533691406, "y": 33.668399810791016, "robbery": 1 }, "geometry": { "type": "Point", "coordinates": [ -84.500709533999952, 33.668399811000029 ] } },
{ "type": "Feature", "properties": { "OBJECTID": 161, "id": "ATLANTA_1997_2024210631548", "x": -84.37420654296875, "y": 33.844459533691406, "robbery": 1 }, "geometry": { "type": "Point", "coordinates": [ -84.374206542999957, 33.844459534000066 ] } },
{ "type": "Feature", "properties": { "OBJECTID": 162, "id": "ATLANTA_1997_2024210640379", "x": -84.335212707519531, "y": 33.749050140380859, "robbery": 1 }, "geometry": { "type": "Point", "coordinates": [ -84.335212707999972, 33.749050140000065 ] } },
{ "type": "Feature", "properties": { "OBJECTID": 163, "id": "ATLANTA_1997_2024210640768", "x": -84.504913330078125, "y": 33.689620971679688, "robbery": 1 }, "geometry": { "type": "Point", "coordinates": [ -84.504913329999965, 33.689620972000057 ] } },
{ "type": "Feature", "properties": { "OBJECTID": 164, "id": "ATLANTA_1997_2024210640837", "x": -84.402153015136719, "y": 33.681610107421875, "robbery": 1 }, "geometry": { "type": "Point", "coordinates": [ -84.402153014999953, 33.68161010700004 ] } },
{ "type": "Feature", "properties": { "OBJECTID": 165, "id": "ATLANTA_1997_2024210641102", "x": -84.370452880859375, "y": 33.843349456787109, "robbery": 1 }, "geometry": { "type": "Point", "coordinates": [ -84.370452880999949, 33.843349457000045 ] } },
{ "type": "Feature", "properties": { "OBJECTID": 166, "id": "ATLANTA_1997_2024210641503", "x": -84.382797241210938, "y": 33.77838134765625, "robbery": 1 }, "geometry": { "type": "Point", "coordinates": [ -84.382797240999935, 33.778381348000039 ] } },
{ "type": "Feature", "properties": { "OBJECTID": 167, "id": "ATLANTA_1997_2024210641792", "x": -84.415916442871094, "y": 33.754680633544922, "robbery": 1 }, "geometry": { "type": "Point", "coordinates": [ -84.415916442999958, 33.754680634000067 ] } },
{ "type": "Feature", "properties": { "OBJECTID": 168, "id": "ATLANTA_1997_2024210651447", "x": -84.362358093261719, "y": 33.845310211181641, "robbery": 1 }, "geometry": { "type": "Point", "coordinates": [ -84.362358092999955, 33.845310211000026 ] } },
{ "type": "Feature", "properties": { "OBJECTID": 169, "id": "ATLANTA_1997_2024210652095", "x": -84.370201110839844, "y": 33.840160369873047, "robbery": 1 }, "geometry": { "type": "Point", "coordinates": [ -84.370201110999972, 33.840160370000035 ] } },
{ "type": "Feature", "properties": { "OBJECTID": 170, "id": "ATLANTA_1997_2024210652496", "x": -84.420059204101562, "y": 33.745201110839844, "robbery": 1 }, "geometry": { "type": "Point", "coordinates": [ -84.420059203999983, 33.745201111000029 ] } },
{ "type": "Feature", "properties": { "OBJECTID": 171, "id": "ATLANTA_1997_2024210652757", "x": -84.472930908203125, "y": 33.785820007324219, "robbery": 1 }, "geometry": { "type": "Point", "coordinates": [ -84.472930907999967, 33.785820007000041 ] } },
{ "type": "Feature", "properties": { "OBJECTID": 172, "id": "ATLANTA_1997_2024210652980", "x": -84.387481689453125, "y": 33.763320922851562, "robbery": 1 }, "geometry": { "type": "Point", "coordinates": [ -84.387481688999969, 33.763320923000038 ] } },
{ "type": "Feature", "properties": { "OBJECTID": 173, "id": "ATLANTA_1997_2024210661455", "x": -84.378982543945312, "y": 33.842708587646484, "robbery": 1 }, "geometry": { "type": "Point", "coordinates": [ -84.378982543999939, 33.84270858800005 ] } },
{ "type": "Feature", "properties": { "OBJECTID": 174, "id": "ATLANTA_1997_2024210670070", "x": -84.407432556152344, "y": 33.758171081542969, "robbery": 1 }, "geometry": { "type": "Point", "coordinates": [ -84.407432555999947, 33.758171082000047 ] } },
{ "type": "Feature", "properties": { "OBJECTID": 175, "id": "ATLANTA_1997_2024210670400", "x": -84.389053344726562, "y": 33.758319854736328, "robbery": 1 }, "geometry": { "type": "Point", "coordinates": [ -84.389053344999979, 33.758319855000025 ] } },
{ "type": "Feature", "properties": { "OBJECTID": 176, "id": "ATLANTA_1997_2024210670997", "x": -84.382606506347656, "y": 33.787029266357422, "robbery": 1 }, "geometry": { "type": "Point", "coordinates": [ -84.382606505999945, 33.787029266000047 ] } },
{ "type": "Feature", "properties": { "OBJECTID": 177, "id": "ATLANTA_1997_2024210671575", "x": -84.488327026367188, "y": 33.752880096435547, "robbery": 1 }, "geometry": { "type": "Point", "coordinates": [ -84.488327025999979, 33.752880096000069 ] } },
{ "type": "Feature", "properties": { "OBJECTID": 178, "id": "ATLANTA_1997_2024210671710", "x": -84.432609558105469, "y": 33.760341644287109, "robbery": 1 }, "geometry": { "type": "Point", "coordinates": [ -84.432609557999967, 33.76034164400005 ] } },
{ "type": "Feature", "properties": { "OBJECTID": 179, "id": "ATLANTA_1997_2024210680133", "x": -84.348518371582031, "y": 33.814830780029297, "robbery": 1 }, "geometry": { "type": "Point", "coordinates": [ -84.348518371999944, 33.814830780000079 ] } },
{ "type": "Feature", "properties": { "OBJECTID": 180, "id": "ATLANTA_1997_2024210680531", "x": -84.365966796875, "y": 33.806610107421875, "robbery": 1 }, "geometry": { "type": "Point", "coordinates": [ -84.365966796999942, 33.80661010700004 ] } },
{ "type": "Feature", "properties": { "OBJECTID": 181, "id": "ATLANTA_1997_2024210690606", "x": -84.386260986328125, "y": 33.736759185791016, "robbery": 1 }, "geometry": { "type": "Point", "coordinates": [ -84.386260985999968, 33.736759186000029 ] } },
{ "type": "Feature", "properties": { "OBJECTID": 182, "id": "ATLANTA_1997_2024210700286", "x": -84.388473510742188, "y": 33.757770538330078, "robbery": 1 }, "geometry": { "type": "Point", "coordinates": [ -84.388473510999972, 33.757770538000045 ] } },
{ "type": "Feature", "properties": { "OBJECTID": 183, "id": "ATLANTA_1997_2024210701128", "x": -84.368583679199219, "y": 33.714008331298828, "robbery": 1 }, "geometry": { "type": "Point", "coordinates": [ -84.368583678999983, 33.714008331000059 ] } },
{ "type": "Feature", "properties": { "OBJECTID": 184, "id": "ATLANTA_1997_2024210701210", "x": -84.499893188476562, "y": 33.75946044921875, "robbery": 1 }, "geometry": { "type": "Point", "coordinates": [ -84.499893187999987, 33.759460449000073 ] } },
{ "type": "Feature", "properties": { "OBJECTID": 185, "id": "ATLANTA_1997_2024210701837", "x": -84.438629150390625, "y": 33.713268280029297, "robbery": 1 }, "geometry": { "type": "Point", "coordinates": [ -84.43862914999994, 33.713268280000079 ] } },
{ "type": "Feature", "properties": { "OBJECTID": 186, "id": "ATLANTA_1997_2024210712115", "x": -84.362358093261719, "y": 33.845310211181641, "robbery": 1 }, "geometry": { "type": "Point", "coordinates": [ -84.362358092999955, 33.845310211000026 ] } },
{ "type": "Feature", "properties": { "OBJECTID": 187, "id": "ATLANTA_1997_2024210712199", "x": -84.402786254882812, "y": 33.746349334716797, "robbery": 1 }, "geometry": { "type": "Point", "coordinates": [ -84.402786254999967, 33.746349335000048 ] } },
{ "type": "Feature", "properties": { "OBJECTID": 188, "id": "ATLANTA_1997_2024210720446", "x": -84.367172241210938, "y": 33.823528289794922, "robbery": 1 }, "geometry": { "type": "Point", "coordinates": [ -84.367172240999935, 33.82352829000007 ] } },
{ "type": "Feature", "properties": { "OBJECTID": 189, "id": "ATLANTA_1997_2024210721209", "x": -84.394363403320312, "y": 33.767288208007812, "robbery": 1 }, "geometry": { "type": "Point", "coordinates": [ -84.394363402999943, 33.767288208000025 ] } },
{ "type": "Feature", "properties": { "OBJECTID": 190, "id": "ATLANTA_1997_2024210731190", "x": -84.414413452148438, "y": 33.735431671142578, "robbery": 1 }, "geometry": { "type": "Point", "coordinates": [ -84.414413451999962, 33.735431671000072 ] } },
{ "type": "Feature", "properties": { "OBJECTID": 191, "id": "ATLANTA_1997_2024210740814", "x": -84.362358093261719, "y": 33.845310211181641, "robbery": 1 }, "geometry": { "type": "Point", "coordinates": [ -84.362358092999955, 33.845310211000026 ] } },
{ "type": "Feature", "properties": { "OBJECTID": 192, "id": "ATLANTA_1997_2024210740984", "x": -84.3978271484375, "y": 33.742599487304688, "robbery": 1 }, "geometry": { "type": "Point", "coordinates": [ -84.397827147999976, 33.742599487000064 ] } },
{ "type": "Feature", "properties": { "OBJECTID": 193, "id": "ATLANTA_1997_2024210770728", "x": -84.37127685546875, "y": 33.798191070556641, "robbery": 1 }, "geometry": { "type": "Point", "coordinates": [ -84.371276854999962, 33.798191071000076 ] } },
{ "type": "Feature", "properties": { "OBJECTID": 194, "id": "ATLANTA_1997_2024210792025", "x": -84.412666320800781, "y": 33.689041137695312, "robbery": 1 }, "geometry": { "type": "Point", "coordinates": [ -84.412666320999961, 33.68904113800005 ] } },
{ "type": "Feature", "properties": { "OBJECTID": 195, "id": "ATLANTA_1997_2024210792222", "x": -84.373802185058594, "y": 33.84722900390625, "robbery": 1 }, "geometry": { "type": "Point", "coordinates": [ -84.373802184999988, 33.847229004000042 ] } },
{ "type": "Feature", "properties": { "OBJECTID": 196, "id": "ATLANTA_1997_2024210792265", "x": -84.389396667480469, "y": 33.809879302978516, "robbery": 1 }, "geometry": { "type": "Point", "coordinates": [ -84.389396666999971, 33.809879303000059 ] } },
{ "type": "Feature", "properties": { "OBJECTID": 197, "id": "ATLANTA_1997_2024210801780", "x": -84.385963439941406, "y": 33.771980285644531, "robbery": 1 }, "geometry": { "type": "Point", "coordinates": [ -84.385963439999955, 33.77198028600003 ] } },
{ "type": "Feature", "properties": { "OBJECTID": 198, "id": "ATLANTA_1997_2024210810328", "x": -84.380363464355469, "y": 33.708309173583984, "robbery": 1 }, "geometry": { "type": "Point", "coordinates": [ -84.38036346399997, 33.708309174000078 ] } },
{ "type": "Feature", "properties": { "OBJECTID": 199, "id": "ATLANTA_1997_2024210811767", "x": -84.378959655761719, "y": 33.744800567626953, "robbery": 1 }, "geometry": { "type": "Point", "coordinates": [ -84.37895965599995, 33.744800568000073 ] } },
{ "type": "Feature", "properties": { "OBJECTID": 200, "id": "ATLANTA_1997_2024210811825", "x": -84.493873596191406, "y": 33.754470825195312, "robbery": 1 }, "geometry": { "type": "Point", "coordinates": [ -84.493873595999958, 33.754470825000055 ] } },
{ "type": "Feature", "properties": { "OBJECTID": 201, "id": "ATLANTA_1997_2024210820922", "x": -84.407867431640625, "y": 33.785900115966797, "robbery": 1 }, "geometry": { "type": "Point", "coordinates": [ -84.407867431999989, 33.78590011600005 ] } },
{ "type": "Feature", "properties": { "OBJECTID": 202, "id": "ATLANTA_1997_2024210822057", "x": -84.418991088867188, "y": 33.744758605957031, "robbery": 1 }, "geometry": { "type": "Point", "coordinates": [ -84.418991088999974, 33.744758606000062 ] } },
{ "type": "Feature", "properties": { "OBJECTID": 203, "id": "ATLANTA_1997_2024210830220", "x": -84.4111328125, "y": 33.741050720214844, "robbery": 1 }, "geometry": { "type": "Point", "coordinates": [ -84.411132812999938, 33.741050720000032 ] } },
{ "type": "Feature", "properties": { "OBJECTID": 204, "id": "ATLANTA_1997_2024210831493", "x": -84.415802001953125, "y": 33.740589141845703, "robbery": 1 }, "geometry": { "type": "Point", "coordinates": [ -84.415802001999964, 33.740589142000033 ] } },
{ "type": "Feature", "properties": { "OBJECTID": 205, "id": "ATLANTA_1997_2024210840347", "x": -84.349288940429688, "y": 33.773479461669922, "robbery": 1 }, "geometry": { "type": "Point", "coordinates": [ -84.349288939999951, 33.773479462000068 ] } },
{ "type": "Feature", "properties": { "OBJECTID": 206, "id": "ATLANTA_1997_2024210842186", "x": -84.390602111816406, "y": 33.780479431152344, "robbery": 1 }, "geometry": { "type": "Point", "coordinates": [ -84.390602111999954, 33.78047943100006 ] } },
{ "type": "Feature", "properties": { "OBJECTID": 207, "id": "ATLANTA_1997_2024210870010", "x": -84.410179138183594, "y": 33.700809478759766, "robbery": 1 }, "geometry": { "type": "Point", "coordinates": [ -84.410179138, 33.700809479000043 ] } },
{ "type": "Feature", "properties": { "OBJECTID": 208, "id": "ATLANTA_1997_2024210890117", "x": -84.502342224121094, "y": 33.763511657714844, "robbery": 1 }, "geometry": { "type": "Point", "coordinates": [ -84.50234222399996, 33.763511658000027 ] } },
{ "type": "Feature", "properties": { "OBJECTID": 209, "id": "ATLANTA_1997_2024210900106", "x": -84.446090698242188, "y": 33.819889068603516, "robbery": 1 }, "geometry": { "type": "Point", "coordinates": [ -84.446090697999978, 33.819889069000055 ] } },
{ "type": "Feature", "properties": { "OBJECTID": 210, "id": "ATLANTA_1997_2024210900417", "x": -84.363639831542969, "y": 33.769500732421875, "robbery": 1 }, "geometry": { "type": "Point", "coordinates": [ -84.363639832, 33.76950073200004 ] } },
{ "type": "Feature", "properties": { "OBJECTID": 211, "id": "ATLANTA_1997_2024210900554", "x": -84.487190246582031, "y": 33.70806884765625, "robbery": 1 }, "geometry": { "type": "Point", "coordinates": [ -84.487190246999944, 33.708068848000039 ] } },
{ "type": "Feature", "properties": { "OBJECTID": 212, "id": "ATLANTA_1997_2024210912271", "x": -84.386680603027344, "y": 33.761508941650391, "robbery": 1 }, "geometry": { "type": "Point", "coordinates": [ -84.386680602999945, 33.761508942000034 ] } },
{ "type": "Feature", "properties": { "OBJECTID": 213, "id": "ATLANTA_1997_2024210920065", "x": -84.403717041015625, "y": 33.741268157958984, "robbery": 1 }, "geometry": { "type": "Point", "coordinates": [ -84.403717040999936, 33.741268158000025 ] } },
{ "type": "Feature", "properties": { "OBJECTID": 214, "id": "ATLANTA_1997_2024210921608", "x": -84.3631591796875, "y": 33.824310302734375, "robbery": 1 }, "geometry": { "type": "Point", "coordinates": [ -84.363159179999968, 33.824310303000061 ] } },
{ "type": "Feature", "properties": { "OBJECTID": 215, "id": "ATLANTA_1997_2024210931675", "x": -84.500839233398438, "y": 33.749271392822266, "robbery": 1 }, "geometry": { "type": "Point", "coordinates": [ -84.500839232999965, 33.749271393000072 ] } },
{ "type": "Feature", "properties": { "OBJECTID": 216, "id": "ATLANTA_1997_2024210941675", "x": -84.443489074707031, "y": 33.75177001953125, "robbery": 1 }, "geometry": { "type": "Point", "coordinates": [ -84.443489074999945, 33.751770020000038 ] } },
{ "type": "Feature", "properties": { "OBJECTID": 217, "id": "ATLANTA_1997_2024210950348", "x": -84.374977111816406, "y": 33.839431762695312, "robbery": 1 }, "geometry": { "type": "Point", "coordinates": [ -84.374977111999954, 33.83943176300005 ] } },
{ "type": "Feature", "properties": { "OBJECTID": 218, "id": "ATLANTA_1997_2024210950984", "x": -84.364151000976562, "y": 33.819869995117188, "robbery": 1 }, "geometry": { "type": "Point", "coordinates": [ -84.364151000999982, 33.819869995000033 ] } },
{ "type": "Feature", "properties": { "OBJECTID": 219, "id": "ATLANTA_1997_2024210951838", "x": -84.35693359375, "y": 33.694198608398438, "robbery": 1 }, "geometry": { "type": "Point", "coordinates": [ -84.356933593999941, 33.694198608000079 ] } },
{ "type": "Feature", "properties": { "OBJECTID": 220, "id": "ATLANTA_1997_2024210961724", "x": -84.394561767578125, "y": 33.761550903320312, "robbery": 1 }, "geometry": { "type": "Point", "coordinates": [ -84.39456176799996, 33.761550903000057 ] } },
{ "type": "Feature", "properties": { "OBJECTID": 221, "id": "ATLANTA_1997_2024210970649", "x": -84.380256652832031, "y": 33.841548919677734, "robbery": 1 }, "geometry": { "type": "Point", "coordinates": [ -84.380256652999947, 33.841548920000037 ] } },
{ "type": "Feature", "properties": { "OBJECTID": 222, "id": "ATLANTA_1997_2024210980351", "x": -84.372123718261719, "y": 33.847118377685547, "robbery": 1 }, "geometry": { "type": "Point", "coordinates": [ -84.372123717999955, 33.847118378000062 ] } },
{ "type": "Feature", "properties": { "OBJECTID": 223, "id": "ATLANTA_1997_2024210982049", "x": -84.420448303222656, "y": 33.744579315185547, "robbery": 1 }, "geometry": { "type": "Point", "coordinates": [ -84.420448302999944, 33.744579315000067 ] } },
{ "type": "Feature", "properties": { "OBJECTID": 224, "id": "ATLANTA_1997_2024210982075", "x": -84.377517700195312, "y": 33.748199462890625, "robbery": 1 }, "geometry": { "type": "Point", "coordinates": [ -84.377517699999942, 33.748199463000049 ] } },
{ "type": "Feature", "properties": { "OBJECTID": 225, "id": "ATLANTA_1997_2024210990573", "x": -84.348838806152344, "y": 33.758270263671875, "robbery": 1 }, "geometry": { "type": "Point", "coordinates": [ -84.348838805999947, 33.758270264000032 ] } },
{ "type": "Feature", "properties": { "OBJECTID": 226, "id": "ATLANTA_1997_2024210992096", "x": -84.424026489257812, "y": 33.738800048828125, "robbery": 1 }, "geometry": { "type": "Point", "coordinates": [ -84.424026488999971, 33.738800049000076 ] } },
{ "type": "Feature", "properties": { "OBJECTID": 227, "id": "ATLANTA_1997_2024211001319", "x": -84.403068542480469, "y": 33.732830047607422, "robbery": 1 }, "geometry": { "type": "Point", "coordinates": [ -84.403068541999971, 33.732830048000039 ] } },
{ "type": "Feature", "properties": { "OBJECTID": 228, "id": "ATLANTA_1997_2024211002208", "x": -84.35693359375, "y": 33.694198608398438, "robbery": 1 }, "geometry": { "type": "Point", "coordinates": [ -84.356933593999941, 33.694198608000079 ] } },
{ "type": "Feature", "properties": { "OBJECTID": 229, "id": "ATLANTA_1997_2024211010106", "x": -84.457626342773438, "y": 33.765998840332031, "robbery": 1 }, "geometry": { "type": "Point", "coordinates": [ -84.457626342999959, 33.765998840000066 ] } },
{ "type": "Feature", "properties": { "OBJECTID": 230, "id": "ATLANTA_1997_2024211010233", "x": -84.383827209472656, "y": 33.785919189453125, "robbery": 1 }, "geometry": { "type": "Point", "coordinates": [ -84.383827208999946, 33.785919189000026 ] } },
{ "type": "Feature", "properties": { "OBJECTID": 231, "id": "ATLANTA_1997_2024211010342", "x": -84.384696960449219, "y": 33.774959564208984, "robbery": 1 }, "geometry": { "type": "Point", "coordinates": [ -84.384696959999985, 33.774959564000028 ] } },
{ "type": "Feature", "properties": { "OBJECTID": 232, "id": "ATLANTA_1997_2024211011470", "x": -84.392478942871094, "y": 33.749420166015625, "robbery": 1 }, "geometry": { "type": "Point", "coordinates": [ -84.392478942999958, 33.74942016600005 ] } },
{ "type": "Feature", "properties": { "OBJECTID": 233, "id": "ATLANTA_1997_2024211020163", "x": -84.374496459960938, "y": 33.754421234130859, "robbery": 1 }, "geometry": { "type": "Point", "coordinates": [ -84.374496459999989, 33.754421234000063 ] } },
{ "type": "Feature", "properties": { "OBJECTID": 234, "id": "ATLANTA_1997_2024211020247", "x": -84.3819580078125, "y": 33.680580139160156, "robbery": 1 }, "geometry": { "type": "Point", "coordinates": [ -84.38195800799997, 33.680580139000028 ] } },
{ "type": "Feature", "properties": { "OBJECTID": 235, "id": "ATLANTA_1997_2024211021719", "x": -84.472618103027344, "y": 33.790889739990234, "robbery": 1 }, "geometry": { "type": "Point", "coordinates": [ -84.472618102999945, 33.790889740000068 ] } },
{ "type": "Feature", "properties": { "OBJECTID": 236, "id": "ATLANTA_1997_2024211031485", "x": -84.362358093261719, "y": 33.845310211181641, "robbery": 1 }, "geometry": { "type": "Point", "coordinates": [ -84.362358092999955, 33.845310211000026 ] } },
{ "type": "Feature", "properties": { "OBJECTID": 237, "id": "ATLANTA_1997_2024211032155", "x": -84.371406555175781, "y": 33.770969390869141, "robbery": 1 }, "geometry": { "type": "Point", "coordinates": [ -84.371406554999965, 33.770969391000051 ] } },
{ "type": "Feature", "properties": { "OBJECTID": 238, "id": "ATLANTA_1997_2024211040867", "x": -84.383499145507812, "y": 33.708358764648438, "robbery": 1 }, "geometry": { "type": "Point", "coordinates": [ -84.383499145999963, 33.708358765000071 ] } },
{ "type": "Feature", "properties": { "OBJECTID": 239, "id": "ATLANTA_1997_2024211050218", "x": -84.355789184570312, "y": 33.690319061279297, "robbery": 1 }, "geometry": { "type": "Point", "coordinates": [ -84.355789184999935, 33.690319061000025 ] } },
{ "type": "Feature", "properties": { "OBJECTID": 240, "id": "ATLANTA_1997_2024211051846", "x": -84.388816833496094, "y": 33.75537109375, "robbery": 1 }, "geometry": { "type": "Point", "coordinates": [ -84.388816832999964, 33.755371094000054 ] } },
{ "type": "Feature", "properties": { "OBJECTID": 241, "id": "ATLANTA_1997_2024211061422", "x": -84.404983520507812, "y": 33.740371704101562, "robbery": 1 }, "geometry": { "type": "Point", "coordinates": [ -84.404983520999963, 33.74037170400004 ] } },
{ "type": "Feature", "properties": { "OBJECTID": 242, "id": "ATLANTA_1997_2024211062230", "x": -84.376266479492188, "y": 33.707649230957031, "robbery": 1 }, "geometry": { "type": "Point", "coordinates": [ -84.37626647899998, 33.707649231000062 ] } },
{ "type": "Feature", "properties": { "OBJECTID": 243, "id": "ATLANTA_1997_2024211070665", "x": -84.496971130371094, "y": 33.675559997558594, "robbery": 1 }, "geometry": { "type": "Point", "coordinates": [ -84.496971129999963, 33.67555999800004 ] } },
{ "type": "Feature", "properties": { "OBJECTID": 244, "id": "ATLANTA_1997_2024211080571", "x": -84.466728210449219, "y": 33.702491760253906, "robbery": 1 }, "geometry": { "type": "Point", "coordinates": [ -84.466728209999985, 33.702491760000044 ] } },
{ "type": "Feature", "properties": { "OBJECTID": 245, "id": "ATLANTA_1997_2024211081872", "x": -84.472053527832031, "y": 33.807300567626953, "robbery": 1 }, "geometry": { "type": "Point", "coordinates": [ -84.472053527999947, 33.807300568000073 ] } },
{ "type": "Feature", "properties": { "OBJECTID": 246, "id": "ATLANTA_1997_2024211091617", "x": -84.360816955566406, "y": 33.686550140380859, "robbery": 1 }, "geometry": { "type": "Point", "coordinates": [ -84.360816955999951, 33.686550140000065 ] } },
{ "type": "Feature", "properties": { "OBJECTID": 247, "id": "ATLANTA_1997_2024211101542", "x": -84.414787292480469, "y": 33.768409729003906, "robbery": 1 }, "geometry": { "type": "Point", "coordinates": [ -84.414787291999971, 33.768409729000041 ] } },
{ "type": "Feature", "properties": { "OBJECTID": 248, "id": "ATLANTA_1997_2024211110253", "x": -84.448417663574219, "y": 33.710941314697266, "robbery": 1 }, "geometry": { "type": "Point", "coordinates": [ -84.448417663999976, 33.710941315000071 ] } },
{ "type": "Feature", "properties": { "OBJECTID": 249, "id": "ATLANTA_1997_2024211111667", "x": -84.385429382324219, "y": 33.833721160888672, "robbery": 1 }, "geometry": { "type": "Point", "coordinates": [ -84.385429381999984, 33.833721161000028 ] } },
{ "type": "Feature", "properties": { "OBJECTID": 250, "id": "ATLANTA_1997_2024211111919", "x": -84.48687744140625, "y": 33.6981201171875, "robbery": 1 }, "geometry": { "type": "Point", "coordinates": [ -84.486877441, 33.69812011700003 ] } },
{ "type": "Feature", "properties": { "OBJECTID": 251, "id": "ATLANTA_1997_2024211120216", "x": -84.291816711425781, "y": 33.747409820556641, "robbery": 1 }, "geometry": { "type": "Point", "coordinates": [ -84.291816710999967, 33.747409821000076 ] } },
{ "type": "Feature", "properties": { "OBJECTID": 252, "id": "ATLANTA_1997_2024211120518", "x": -84.465789794921875, "y": 33.699451446533203, "robbery": 1 }, "geometry": { "type": "Point", "coordinates": [ -84.465789794999978, 33.699451447000058 ] } },
{ "type": "Feature", "properties": { "OBJECTID": 253, "id": "ATLANTA_1997_2024211122153", "x": -84.448623657226562, "y": 33.707218170166016, "robbery": 1 }, "geometry": { "type": "Point", "coordinates": [ -84.448623656999985, 33.707218170000033 ] } },
{ "type": "Feature", "properties": { "OBJECTID": 254, "id": "ATLANTA_1997_2024211130046", "x": -84.389579772949219, "y": 33.750370025634766, "robbery": 1 }, "geometry": { "type": "Point", "coordinates": [ -84.38957977299998, 33.750370026000041 ] } },
{ "type": "Feature", "properties": { "OBJECTID": 255, "id": "ATLANTA_1997_2024211140913", "x": -84.357757568359375, "y": 33.710319519042969, "robbery": 1 }, "geometry": { "type": "Point", "coordinates": [ -84.357757567999954, 33.710319519000052 ] } },
{ "type": "Feature", "properties": { "OBJECTID": 256, "id": "ATLANTA_1997_2024211141181", "x": -84.507606506347656, "y": 33.762100219726562, "robbery": 1 }, "geometry": { "type": "Point", "coordinates": [ -84.507606505999945, 33.762100220000036 ] } },
{ "type": "Feature", "properties": { "OBJECTID": 257, "id": "ATLANTA_1997_2024211141891", "x": -84.519493103027344, "y": 33.696449279785156, "robbery": 1 }, "geometry": { "type": "Point", "coordinates": [ -84.519493102999945, 33.696449280000024 ] } },
{ "type": "Feature", "properties": { "OBJECTID": 258, "id": "ATLANTA_1997_2024211150433", "x": -84.39385986328125, "y": 33.736888885498047, "robbery": 1 }, "geometry": { "type": "Point", "coordinates": [ -84.393859862999989, 33.736888885000042 ] } },
{ "type": "Feature", "properties": { "OBJECTID": 259, "id": "ATLANTA_1997_2024211150976", "x": -84.428390502929688, "y": 33.724468231201172, "robbery": 1 }, "geometry": { "type": "Point", "coordinates": [ -84.428390502999946, 33.72446823100006 ] } },
{ "type": "Feature", "properties": { "OBJECTID": 260, "id": "ATLANTA_1997_2024211151742", "x": -84.432449340820312, "y": 33.772098541259766, "robbery": 1 }, "geometry": { "type": "Point", "coordinates": [ -84.432449340999938, 33.772098541000048 ] } },
{ "type": "Feature", "properties": { "OBJECTID": 261, "id": "ATLANTA_1997_2024211160017", "x": -84.379257202148438, "y": 33.706638336181641, "robbery": 1 }, "geometry": { "type": "Point", "coordinates": [ -84.379257201999962, 33.706638336000026 ] } },
{ "type": "Feature", "properties": { "OBJECTID": 262, "id": "ATLANTA_1997_2024211161327", "x": -84.369911193847656, "y": 33.77362060546875, "robbery": 1 }, "geometry": { "type": "Point", "coordinates": [ -84.36991119399994, 33.773620605000076 ] } },
{ "type": "Feature", "properties": { "OBJECTID": 263, "id": "ATLANTA_1997_2024211170299", "x": -84.368438720703125, "y": 33.820980072021484, "robbery": 1 }, "geometry": { "type": "Point", "coordinates": [ -84.368438720999961, 33.820980072000054 ] } },
{ "type": "Feature", "properties": { "OBJECTID": 264, "id": "ATLANTA_1997_2024211171194", "x": -84.469108581542969, "y": 33.794620513916016, "robbery": 1 }, "geometry": { "type": "Point", "coordinates": [ -84.469108582, 33.79462051400003 ] } },
{ "type": "Feature", "properties": { "OBJECTID": 265, "id": "ATLANTA_1997_2024211171391", "x": -84.411178588867188, "y": 33.676731109619141, "robbery": 1 }, "geometry": { "type": "Point", "coordinates": [ -84.411178588999974, 33.676731110000048 ] } },
{ "type": "Feature", "properties": { "OBJECTID": 266, "id": "ATLANTA_1997_2024211171624", "x": -84.512077331542969, "y": 33.743240356445312, "robbery": 1 }, "geometry": { "type": "Point", "coordinates": [ -84.512077332, 33.743240356000058 ] } },
{ "type": "Feature", "properties": { "OBJECTID": 267, "id": "ATLANTA_1997_2024211171912", "x": -84.365837097167969, "y": 33.775119781494141, "robbery": 1 }, "geometry": { "type": "Point", "coordinates": [ -84.36583709699994, 33.775119781000058 ] } },
{ "type": "Feature", "properties": { "OBJECTID": 268, "id": "ATLANTA_1997_2024211180011", "x": -84.351890563964844, "y": 33.692588806152344, "robbery": 1 }, "geometry": { "type": "Point", "coordinates": [ -84.351890563999973, 33.69258880600006 ] } },
{ "type": "Feature", "properties": { "OBJECTID": 269, "id": "ATLANTA_1997_2024211180326", "x": -84.390022277832031, "y": 33.671619415283203, "robbery": 1 }, "geometry": { "type": "Point", "coordinates": [ -84.390022277999947, 33.671619415000066 ] } },
{ "type": "Feature", "properties": { "OBJECTID": 270, "id": "ATLANTA_1997_2024211190087", "x": -84.356353759765625, "y": 33.689830780029297, "robbery": 1 }, "geometry": { "type": "Point", "coordinates": [ -84.35635376, 33.689830780000079 ] } },
{ "type": "Feature", "properties": { "OBJECTID": 271, "id": "ATLANTA_1997_2024211201326", "x": -84.417427062988281, "y": 33.756458282470703, "robbery": 1 }, "geometry": { "type": "Point", "coordinates": [ -84.417427062999934, 33.75645828200004 ] } },
{ "type": "Feature", "properties": { "OBJECTID": 272, "id": "ATLANTA_1997_2024211210141", "x": -84.372123718261719, "y": 33.847118377685547, "robbery": 1 }, "geometry": { "type": "Point", "coordinates": [ -84.372123717999955, 33.847118378000062 ] } },
{ "type": "Feature", "properties": { "OBJECTID": 273, "id": "ATLANTA_1997_2024211210519", "x": -84.413619995117188, "y": 33.759151458740234, "robbery": 1 }, "geometry": { "type": "Point", "coordinates": [ -84.413619994999976, 33.759151459000066 ] } },
{ "type": "Feature", "properties": { "OBJECTID": 274, "id": "ATLANTA_1997_2024211210742", "x": -84.428466796875, "y": 33.731781005859375, "robbery": 1 }, "geometry": { "type": "Point", "coordinates": [ -84.428466796999942, 33.731781006000062 ] } },
{ "type": "Feature", "properties": { "OBJECTID": 275, "id": "ATLANTA_1997_2024211220219", "x": -84.379966735839844, "y": 33.783260345458984, "robbery": 1 }, "geometry": { "type": "Point", "coordinates": [ -84.379966735999972, 33.783260345000031 ] } },
{ "type": "Feature", "properties": { "OBJECTID": 276, "id": "ATLANTA_1997_2024211221544", "x": -84.469436645507812, "y": 33.795009613037109, "robbery": 1 }, "geometry": { "type": "Point", "coordinates": [ -84.469436645999963, 33.795009613000047 ] } },
{ "type": "Feature", "properties": { "OBJECTID": 277, "id": "ATLANTA_1997_2024211221840", "x": -84.486122131347656, "y": 33.751140594482422, "robbery": 1 }, "geometry": { "type": "Point", "coordinates": [ -84.486122130999945, 33.751140594000049 ] } },
{ "type": "Feature", "properties": { "OBJECTID": 278, "id": "ATLANTA_1997_2024211221903", "x": -84.369827270507812, "y": 33.847511291503906, "robbery": 1 }, "geometry": { "type": "Point", "coordinates": [ -84.369827270999963, 33.847511292000036 ] } },
{ "type": "Feature", "properties": { "OBJECTID": 279, "id": "ATLANTA_1997_2024211230361", "x": -84.349578857421875, "y": 33.701061248779297, "robbery": 1 }, "geometry": { "type": "Point", "coordinates": [ -84.349578856999983, 33.701061249000077 ] } },
{ "type": "Feature", "properties": { "OBJECTID": 280, "id": "ATLANTA_1997_2024211231298", "x": -84.3978271484375, "y": 33.742599487304688, "robbery": 1 }, "geometry": { "type": "Point", "coordinates": [ -84.397827147999976, 33.742599487000064 ] } },
{ "type": "Feature", "properties": { "OBJECTID": 281, "id": "ATLANTA_1997_2024211240020", "x": -84.354690551757812, "y": 33.68756103515625, "robbery": 1 }, "geometry": { "type": "Point", "coordinates": [ -84.354690551999965, 33.687561035000044 ] } },
{ "type": "Feature", "properties": { "OBJECTID": 282, "id": "ATLANTA_1997_2024211240301", "x": -84.44818115234375, "y": 33.818061828613281, "robbery": 1 }, "geometry": { "type": "Point", "coordinates": [ -84.448181151999961, 33.818061829000044 ] } },
{ "type": "Feature", "properties": { "OBJECTID": 283, "id": "ATLANTA_1997_2024211240351", "x": -84.406051635742188, "y": 33.679218292236328, "robbery": 1 }, "geometry": { "type": "Point", "coordinates": [ -84.406051635999972, 33.67921829200003 ] } },
{ "type": "Feature", "properties": { "OBJECTID": 284, "id": "ATLANTA_1997_2024211240569", "x": -84.453857421875, "y": 33.708629608154297, "robbery": 1 }, "geometry": { "type": "Point", "coordinates": [ -84.453857421999942, 33.708629608000024 ] } },
{ "type": "Feature", "properties": { "OBJECTID": 285, "id": "ATLANTA_1997_2024211241083", "x": -84.413597106933594, "y": 33.738811492919922, "robbery": 1 }, "geometry": { "type": "Point", "coordinates": [ -84.413597106999987, 33.738811493000071 ] } },
{ "type": "Feature", "properties": { "OBJECTID": 286, "id": "ATLANTA_1997_2024211241498", "x": -84.417762756347656, "y": 33.73931884765625, "robbery": 1 }, "geometry": { "type": "Point", "coordinates": [ -84.417762755999945, 33.739318848000039 ] } },
{ "type": "Feature", "properties": { "OBJECTID": 287, "id": "ATLANTA_1997_2024211241538", "x": -84.509849548339844, "y": 33.766250610351562, "robbery": 1 }, "geometry": { "type": "Point", "coordinates": [ -84.509849547999977, 33.766250610000043 ] } },
{ "type": "Feature", "properties": { "OBJECTID": 288, "id": "ATLANTA_1997_2024211250073", "x": -84.379219055175781, "y": 33.754451751708984, "robbery": 1 }, "geometry": { "type": "Point", "coordinates": [ -84.379219054999965, 33.75445175200008 ] } },
{ "type": "Feature", "properties": { "OBJECTID": 289, "id": "ATLANTA_1997_2024211250674", "x": -84.381149291992188, "y": 33.770538330078125, "robbery": 1 }, "geometry": { "type": "Point", "coordinates": [ -84.381149291999975, 33.770538330000079 ] } },
{ "type": "Feature", "properties": { "OBJECTID": 290, "id": "ATLANTA_1997_2024211251235", "x": -84.413482666015625, "y": 33.7547607421875, "robbery": 1 }, "geometry": { "type": "Point", "coordinates": [ -84.413482665999936, 33.75476074200003 ] } },
{ "type": "Feature", "properties": { "OBJECTID": 291, "id": "ATLANTA_1997_2024211251606", "x": -84.467193603515625, "y": 33.790500640869141, "robbery": 1 }, "geometry": { "type": "Point", "coordinates": [ -84.467193603999988, 33.790500641000051 ] } },
{ "type": "Feature", "properties": { "OBJECTID": 292, "id": "ATLANTA_1997_2024211251701", "x": -84.444190979003906, "y": 33.739479064941406, "robbery": 1 }, "geometry": { "type": "Point", "coordinates": [ -84.444190978999984, 33.739479065000069 ] } },
{ "type": "Feature", "properties": { "OBJECTID": 293, "id": "ATLANTA_1997_2024211251967", "x": -84.410942077636719, "y": 33.785221099853516, "robbery": 1 }, "geometry": { "type": "Point", "coordinates": [ -84.410942077999948, 33.785221100000058 ] } },
{ "type": "Feature", "properties": { "OBJECTID": 294, "id": "ATLANTA_1997_2024211252039", "x": -84.395828247070312, "y": 33.739570617675781, "robbery": 1 }, "geometry": { "type": "Point", "coordinates": [ -84.39582824699994, 33.739570618000073 ] } },
{ "type": "Feature", "properties": { "OBJECTID": 295, "id": "ATLANTA_1997_2024211260338", "x": -84.405563354492188, "y": 33.724918365478516, "robbery": 1 }, "geometry": { "type": "Point", "coordinates": [ -84.40556335399998, 33.724918365000065 ] } },
{ "type": "Feature", "properties": { "OBJECTID": 296, "id": "ATLANTA_1997_2024211262352", "x": -84.370269775390625, "y": 33.762119293212891, "robbery": 1 }, "geometry": { "type": "Point", "coordinates": [ -84.37026977499994, 33.762119293000069 ] } },
{ "type": "Feature", "properties": { "OBJECTID": 297, "id": "ATLANTA_1997_2024211270274", "x": -84.406768798828125, "y": 33.764801025390625, "robbery": 1 }, "geometry": { "type": "Point", "coordinates": [ -84.406768798999963, 33.764801025000054 ] } },
{ "type": "Feature", "properties": { "OBJECTID": 298, "id": "ATLANTA_1997_2024211272117", "x": -84.380912780761719, "y": 33.876060485839844, "robbery": 1 }, "geometry": { "type": "Point", "coordinates": [ -84.38091278099995, 33.876060486000029 ] } },
{ "type": "Feature", "properties": { "OBJECTID": 299, "id": "ATLANTA_1997_2024211280743", "x": -84.476097106933594, "y": 33.753971099853516, "robbery": 1 }, "geometry": { "type": "Point", "coordinates": [ -84.476097106999987, 33.753971100000058 ] } },
{ "type": "Feature", "properties": { "OBJECTID": 300, "id": "ATLANTA_1997_2024211281318", "x": -84.403717041015625, "y": 33.741268157958984, "robbery": 1 }, "geometry": { "type": "Point", "coordinates": [ -84.403717040999936, 33.741268158000025 ] } },
{ "type": "Feature", "properties": { "OBJECTID": 301, "id": "ATLANTA_1997_2024211281732", "x": -84.388267517089844, "y": 33.732540130615234, "robbery": 1 }, "geometry": { "type": "Point", "coordinates": [ -84.388267516999974, 33.732540131000064 ] } },
{ "type": "Feature", "properties": { "OBJECTID": 302, "id": "ATLANTA_1997_2024211282105", "x": -84.364433288574219, "y": 33.759811401367188, "robbery": 1 }, "geometry": { "type": "Point", "coordinates": [ -84.364433288999976, 33.759811401000036 ] } },
{ "type": "Feature", "properties": { "OBJECTID": 303, "id": "ATLANTA_1997_2024211291828", "x": -84.365028381347656, "y": 33.766330718994141, "robbery": 1 }, "geometry": { "type": "Point", "coordinates": [ -84.365028380999945, 33.766330719000052 ] } },
{ "type": "Feature", "properties": { "OBJECTID": 304, "id": "ATLANTA_1997_2024211300254", "x": -84.420249938964844, "y": 33.749740600585938, "robbery": 1 }, "geometry": { "type": "Point", "coordinates": [ -84.420249938999973, 33.749740601000042 ] } },
{ "type": "Feature", "properties": { "OBJECTID": 305, "id": "ATLANTA_1997_2024211300874", "x": -84.507041931152344, "y": 33.689990997314453, "robbery": 1 }, "geometry": { "type": "Point", "coordinates": [ -84.507041930999947, 33.689990997000052 ] } },
{ "type": "Feature", "properties": { "OBJECTID": 306, "id": "ATLANTA_1997_2024211301484", "x": -84.371910095214844, "y": 33.773029327392578, "robbery": 1 }, "geometry": { "type": "Point", "coordinates": [ -84.371910094999976, 33.773029327000074 ] } },
{ "type": "Feature", "properties": { "OBJECTID": 307, "id": "ATLANTA_1997_2024211301533", "x": -84.373039245605469, "y": 33.800529479980469, "robbery": 1 }, "geometry": { "type": "Point", "coordinates": [ -84.373039245999962, 33.80052948000008 ] } },
{ "type": "Feature", "properties": { "OBJECTID": 308, "id": "ATLANTA_1997_2024211311197", "x": -84.507232666015625, "y": 33.767559051513672, "robbery": 1 }, "geometry": { "type": "Point", "coordinates": [ -84.507232665999936, 33.767559052000024 ] } },
{ "type": "Feature", "properties": { "OBJECTID": 309, "id": "ATLANTA_1997_2024211321162", "x": -84.384407043457031, "y": 33.771991729736328, "robbery": 1 }, "geometry": { "type": "Point", "coordinates": [ -84.384407042999953, 33.771991730000025 ] } },
{ "type": "Feature", "properties": { "OBJECTID": 310, "id": "ATLANTA_1997_2024211340188", "x": -84.472503662109375, "y": 33.753841400146484, "robbery": 1 }, "geometry": { "type": "Point", "coordinates": [ -84.472503661999951, 33.753841400000056 ] } },
{ "type": "Feature", "properties": { "OBJECTID": 311, "id": "ATLANTA_1997_2024211341995", "x": -84.467903137207031, "y": 33.751651763916016, "robbery": 1 }, "geometry": { "type": "Point", "coordinates": [ -84.467903136999951, 33.75165176400003 ] } },
{ "type": "Feature", "properties": { "OBJECTID": 312, "id": "ATLANTA_1997_2024211351537", "x": -84.378303527832031, "y": 33.726909637451172, "robbery": 1 }, "geometry": { "type": "Point", "coordinates": [ -84.378303527999947, 33.726909637000063 ] } },
{ "type": "Feature", "properties": { "OBJECTID": 313, "id": "ATLANTA_1997_2024211351556", "x": -84.376716613769531, "y": 33.732978820800781, "robbery": 1 }, "geometry": { "type": "Point", "coordinates": [ -84.376716613999974, 33.732978821000074 ] } },
{ "type": "Feature", "properties": { "OBJECTID": 314, "id": "ATLANTA_1997_2024211360586", "x": -84.404747009277344, "y": 33.791790008544922, "robbery": 1 }, "geometry": { "type": "Point", "coordinates": [ -84.404747008999948, 33.791790009000067 ] } },
{ "type": "Feature", "properties": { "OBJECTID": 315, "id": "ATLANTA_1997_2024211360996", "x": -84.391952514648438, "y": 33.670318603515625, "robbery": 1 }, "geometry": { "type": "Point", "coordinates": [ -84.391952514999957, 33.670318604000045 ] } },
{ "type": "Feature", "properties": { "OBJECTID": 316, "id": "ATLANTA_1997_2024211370255", "x": -84.415901184082031, "y": 33.729808807373047, "robbery": 1 }, "geometry": { "type": "Point", "coordinates": [ -84.415901183999949, 33.72980880700004 ] } },
{ "type": "Feature", "properties": { "OBJECTID": 317, "id": "ATLANTA_1997_2024211370331", "x": -84.4078369140625, "y": 33.739860534667969, "robbery": 1 }, "geometry": { "type": "Point", "coordinates": [ -84.407836913999972, 33.739860535000048 ] } },
{ "type": "Feature", "properties": { "OBJECTID": 318, "id": "ATLANTA_1997_2024211370459", "x": -84.4078369140625, "y": 33.739860534667969, "robbery": 1 }, "geometry": { "type": "Point", "coordinates": [ -84.407836913999972, 33.739860535000048 ] } },
{ "type": "Feature", "properties": { "OBJECTID": 319, "id": "ATLANTA_1997_2024211370827", "x": -84.404548645019531, "y": 33.785789489746094, "robbery": 1 }, "geometry": { "type": "Point", "coordinates": [ -84.404548644999977, 33.78578949000007 ] } },
{ "type": "Feature", "properties": { "OBJECTID": 320, "id": "ATLANTA_1997_2024211371248", "x": -84.509971618652344, "y": 33.741050720214844, "robbery": 1 }, "geometry": { "type": "Point", "coordinates": [ -84.509971618999941, 33.741050720000032 ] } },
{ "type": "Feature", "properties": { "OBJECTID": 321, "id": "ATLANTA_1997_2024211371796", "x": -84.384956359863281, "y": 33.761589050292969, "robbery": 1 }, "geometry": { "type": "Point", "coordinates": [ -84.38495636, 33.761589050000055 ] } },
{ "type": "Feature", "properties": { "OBJECTID": 322, "id": "ATLANTA_1997_2024211381481", "x": -84.487327575683594, "y": 33.688339233398438, "robbery": 1 }, "geometry": { "type": "Point", "coordinates": [ -84.487327575999984, 33.688339233000079 ] } },
{ "type": "Feature", "properties": { "OBJECTID": 323, "id": "ATLANTA_1997_2024211391582", "x": -84.378517150878906, "y": 33.771778106689453, "robbery": 1 }, "geometry": { "type": "Point", "coordinates": [ -84.378517150999983, 33.771778107000046 ] } },
{ "type": "Feature", "properties": { "OBJECTID": 324, "id": "ATLANTA_1997_2024211400392", "x": -84.387252807617188, "y": 33.774188995361328, "robbery": 1 }, "geometry": { "type": "Point", "coordinates": [ -84.387252807999971, 33.774188995000031 ] } },
{ "type": "Feature", "properties": { "OBJECTID": 325, "id": "ATLANTA_1997_2024211411970", "x": -84.464218139648438, "y": 33.752498626708984, "robbery": 1 }, "geometry": { "type": "Point", "coordinates": [ -84.464218139999957, 33.75249862700008 ] } },
{ "type": "Feature", "properties": { "OBJECTID": 326, "id": "ATLANTA_1997_2024211411993", "x": -84.511093139648438, "y": 33.745250701904297, "robbery": 1 }, "geometry": { "type": "Point", "coordinates": [ -84.511093139999957, 33.745250702000078 ] } },
{ "type": "Feature", "properties": { "OBJECTID": 327, "id": "ATLANTA_1997_2024211420466", "x": -84.399887084960938, "y": 33.735359191894531, "robbery": 1 }, "geometry": { "type": "Point", "coordinates": [ -84.399887084999989, 33.735359192000033 ] } },
{ "type": "Feature", "properties": { "OBJECTID": 328, "id": "ATLANTA_1997_2024211421845", "x": -84.381149291992188, "y": 33.770538330078125, "robbery": 1 }, "geometry": { "type": "Point", "coordinates": [ -84.381149291999975, 33.770538330000079 ] } },
{ "type": "Feature", "properties": { "OBJECTID": 329, "id": "ATLANTA_1997_2024211421857", "x": -84.414581298828125, "y": 33.803520202636719, "robbery": 1 }, "geometry": { "type": "Point", "coordinates": [ -84.414581298999963, 33.803520203000062 ] } },
{ "type": "Feature", "properties": { "OBJECTID": 330, "id": "ATLANTA_1997_2024211430225", "x": -84.397682189941406, "y": 33.764850616455078, "robbery": 1 }, "geometry": { "type": "Point", "coordinates": [ -84.397682189999955, 33.764850616000047 ] } },
{ "type": "Feature", "properties": { "OBJECTID": 331, "id": "ATLANTA_1997_2024211430463", "x": -84.349540710449219, "y": 33.768119812011719, "robbery": 1 }, "geometry": { "type": "Point", "coordinates": [ -84.349540709999985, 33.768119812000066 ] } },
{ "type": "Feature", "properties": { "OBJECTID": 332, "id": "ATLANTA_1997_2024211430473", "x": -84.501419067382812, "y": 33.681499481201172, "robbery": 1 }, "geometry": { "type": "Point", "coordinates": [ -84.501419066999972, 33.68149948100006 ] } },
{ "type": "Feature", "properties": { "OBJECTID": 333, "id": "ATLANTA_1997_2024211430984", "x": -84.507652282714844, "y": 33.743961334228516, "robbery": 1 }, "geometry": { "type": "Point", "coordinates": [ -84.50765228299997, 33.743961334000062 ] } },
{ "type": "Feature", "properties": { "OBJECTID": 334, "id": "ATLANTA_1997_2024211431042", "x": -84.507499694824219, "y": 33.658519744873047, "robbery": 1 }, "geometry": { "type": "Point", "coordinates": [ -84.507499694999979, 33.658519745000035 ] } },
{ "type": "Feature", "properties": { "OBJECTID": 335, "id": "ATLANTA_1997_2024211431132", "x": -84.395072937011719, "y": 33.7576904296875, "robbery": 1 }, "geometry": { "type": "Point", "coordinates": [ -84.395072936999952, 33.757690430000025 ] } },
{ "type": "Feature", "properties": { "OBJECTID": 336, "id": "ATLANTA_1997_2024211431312", "x": -84.371963500976562, "y": 33.771400451660156, "robbery": 1 }, "geometry": { "type": "Point", "coordinates": [ -84.371963500999982, 33.77140045200008 ] } },
{ "type": "Feature", "properties": { "OBJECTID": 337, "id": "ATLANTA_1997_2024211440836", "x": -84.371742248535156, "y": 33.757320404052734, "robbery": 1 }, "geometry": { "type": "Point", "coordinates": [ -84.371742248999965, 33.757320404000041 ] } },
{ "type": "Feature", "properties": { "OBJECTID": 338, "id": "ATLANTA_1997_2024211441636", "x": -84.399696350097656, "y": 33.741249084472656, "robbery": 1 }, "geometry": { "type": "Point", "coordinates": [ -84.399696349999942, 33.74124908400006 ] } },
{ "type": "Feature", "properties": { "OBJECTID": 339, "id": "ATLANTA_1997_2024211441677", "x": -84.388992309570312, "y": 33.794990539550781, "robbery": 1 }, "geometry": { "type": "Point", "coordinates": [ -84.388992309999935, 33.794990540000072 ] } },
{ "type": "Feature", "properties": { "OBJECTID": 340, "id": "ATLANTA_1997_2024211450958", "x": -84.401931762695312, "y": 33.727569580078125, "robbery": 1 }, "geometry": { "type": "Point", "coordinates": [ -84.401931762999936, 33.727569580000079 ] } },
{ "type": "Feature", "properties": { "OBJECTID": 341, "id": "ATLANTA_1997_2024211451148", "x": -84.37225341796875, "y": 33.770671844482422, "robbery": 1 }, "geometry": { "type": "Point", "coordinates": [ -84.372253417999957, 33.770671844000049 ] } },
{ "type": "Feature", "properties": { "OBJECTID": 342, "id": "ATLANTA_1997_2024211471206", "x": -84.373428344726562, "y": 33.706268310546875, "robbery": 1 }, "geometry": { "type": "Point", "coordinates": [ -84.373428344999979, 33.706268311000031 ] } },
{ "type": "Feature", "properties": { "OBJECTID": 343, "id": "ATLANTA_1997_2024211471515", "x": -84.461151123046875, "y": 33.725578308105469, "robbery": 1 }, "geometry": { "type": "Point", "coordinates": [ -84.461151122999979, 33.725578308000024 ] } },
{ "type": "Feature", "properties": { "OBJECTID": 344, "id": "ATLANTA_1997_2024211481729", "x": -84.352279663085938, "y": 33.7781982421875, "robbery": 1 }, "geometry": { "type": "Point", "coordinates": [ -84.352279663, 33.77819824200003 ] } },
{ "type": "Feature", "properties": { "OBJECTID": 345, "id": "ATLANTA_1997_2024211491146", "x": -84.34942626953125, "y": 33.714290618896484, "robbery": 1 }, "geometry": { "type": "Point", "coordinates": [ -84.349426269999981, 33.714290619000053 ] } },
{ "type": "Feature", "properties": { "OBJECTID": 346, "id": "ATLANTA_1997_2024211491290", "x": -84.39337158203125, "y": 33.81195068359375, "robbery": 1 }, "geometry": { "type": "Point", "coordinates": [ -84.393371581999986, 33.811950684000067 ] } },
{ "type": "Feature", "properties": { "OBJECTID": 347, "id": "ATLANTA_1997_2024211501033", "x": -84.415802001953125, "y": 33.740589141845703, "robbery": 1 }, "geometry": { "type": "Point", "coordinates": [ -84.415802001999964, 33.740589142000033 ] } },
{ "type": "Feature", "properties": { "OBJECTID": 348, "id": "ATLANTA_1997_2024211501448", "x": -84.346351623535156, "y": 33.739978790283203, "robbery": 1 }, "geometry": { "type": "Point", "coordinates": [ -84.346351623999965, 33.739978790000066 ] } },
{ "type": "Feature", "properties": { "OBJECTID": 349, "id": "ATLANTA_1997_2024211501513", "x": -84.37042236328125, "y": 33.850250244140625, "robbery": 1 }, "geometry": { "type": "Point", "coordinates": [ -84.370422362999989, 33.850250244000051 ] } },
{ "type": "Feature", "properties": { "OBJECTID": 350, "id": "ATLANTA_1997_2024211510326", "x": -84.413887023925781, "y": 33.782188415527344, "robbery": 1 }, "geometry": { "type": "Point", "coordinates": [ -84.413887023999962, 33.782188416000054 ] } },
{ "type": "Feature", "properties": { "OBJECTID": 351, "id": "ATLANTA_1997_2024211510513", "x": -84.403816223144531, "y": 33.745868682861328, "robbery": 1 }, "geometry": { "type": "Point", "coordinates": [ -84.403816222999978, 33.745868683000026 ] } },
{ "type": "Feature", "properties": { "OBJECTID": 352, "id": "ATLANTA_1997_2024211511184", "x": -84.394989013671875, "y": 33.7476806640625, "robbery": 1 }, "geometry": { "type": "Point", "coordinates": [ -84.394989013999975, 33.747680664000029 ] } },
{ "type": "Feature", "properties": { "OBJECTID": 353, "id": "ATLANTA_1997_2024211520099", "x": -84.376213073730469, "y": 33.679519653320312, "robbery": 1 }, "geometry": { "type": "Point", "coordinates": [ -84.376213073999963, 33.679519653000057 ] } },
{ "type": "Feature", "properties": { "OBJECTID": 354, "id": "ATLANTA_1997_2024211520121", "x": -84.500831604003906, "y": 33.72296142578125, "robbery": 1 }, "geometry": { "type": "Point", "coordinates": [ -84.500831603999984, 33.72296142600004 ] } },
{ "type": "Feature", "properties": { "OBJECTID": 355, "id": "ATLANTA_1997_2024211530484", "x": -84.365837097167969, "y": 33.775119781494141, "robbery": 1 }, "geometry": { "type": "Point", "coordinates": [ -84.36583709699994, 33.775119781000058 ] } },
{ "type": "Feature", "properties": { "OBJECTID": 356, "id": "ATLANTA_1997_2024211530504", "x": -84.388351440429688, "y": 33.76190185546875, "robbery": 1 }, "geometry": { "type": "Point", "coordinates": [ -84.388351439999951, 33.761901855000076 ] } },
{ "type": "Feature", "properties": { "OBJECTID": 357, "id": "ATLANTA_1997_2024211531870", "x": -84.493026733398438, "y": 33.776981353759766, "robbery": 1 }, "geometry": { "type": "Point", "coordinates": [ -84.493026732999965, 33.776981354000043 ] } },
{ "type": "Feature", "properties": { "OBJECTID": 358, "id": "ATLANTA_1997_2024211540604", "x": -84.408576965332031, "y": 33.764511108398438, "robbery": 1 }, "geometry": { "type": "Point", "coordinates": [ -84.408576964999952, 33.764511108000079 ] } },
{ "type": "Feature", "properties": { "OBJECTID": 359, "id": "ATLANTA_1997_2024211541648", "x": -84.4150390625, "y": 33.737941741943359, "robbery": 1 }, "geometry": { "type": "Point", "coordinates": [ -84.415039062999938, 33.737941742000032 ] } },
{ "type": "Feature", "properties": { "OBJECTID": 360, "id": "ATLANTA_1997_2024211550136", "x": -84.401817321777344, "y": 33.786781311035156, "robbery": 1 }, "geometry": { "type": "Point", "coordinates": [ -84.401817321999943, 33.786781311000027 ] } },
{ "type": "Feature", "properties": { "OBJECTID": 361, "id": "ATLANTA_1997_2024211560377", "x": -84.397018432617188, "y": 33.763629913330078, "robbery": 1 }, "geometry": { "type": "Point", "coordinates": [ -84.397018432999971, 33.763629913000045 ] } },
{ "type": "Feature", "properties": { "OBJECTID": 362, "id": "ATLANTA_1997_2024211561098", "x": -84.400970458984375, "y": 33.729011535644531, "robbery": 1 }, "geometry": { "type": "Point", "coordinates": [ -84.40097045899995, 33.72901153600003 ] } },
{ "type": "Feature", "properties": { "OBJECTID": 363, "id": "ATLANTA_1997_2024211570365", "x": -84.384872436523438, "y": 33.757450103759766, "robbery": 1 }, "geometry": { "type": "Point", "coordinates": [ -84.384872436999956, 33.757450104000043 ] } },
{ "type": "Feature", "properties": { "OBJECTID": 364, "id": "ATLANTA_1997_2024211570390", "x": -84.349372863769531, "y": 33.8184814453125, "robbery": 1 }, "geometry": { "type": "Point", "coordinates": [ -84.349372863999974, 33.818481445000032 ] } },
{ "type": "Feature", "properties": { "OBJECTID": 365, "id": "ATLANTA_1997_2024211570818", "x": -84.380363464355469, "y": 33.708309173583984, "robbery": 1 }, "geometry": { "type": "Point", "coordinates": [ -84.38036346399997, 33.708309174000078 ] } },
{ "type": "Feature", "properties": { "OBJECTID": 366, "id": "ATLANTA_1997_2024211571790", "x": -84.418067932128906, "y": 33.700160980224609, "robbery": 1 }, "geometry": { "type": "Point", "coordinates": [ -84.418067931999985, 33.700160980000078 ] } },
{ "type": "Feature", "properties": { "OBJECTID": 367, "id": "ATLANTA_1997_2024211591143", "x": -84.489631652832031, "y": 33.690448760986328, "robbery": 1 }, "geometry": { "type": "Point", "coordinates": [ -84.489631652999947, 33.690448761000027 ] } },
{ "type": "Feature", "properties": { "OBJECTID": 368, "id": "ATLANTA_1997_2024211591304", "x": -84.412841796875, "y": 33.73822021484375, "robbery": 1 }, "geometry": { "type": "Point", "coordinates": [ -84.412841796999942, 33.738220215000069 ] } },
{ "type": "Feature", "properties": { "OBJECTID": 369, "id": "ATLANTA_1997_2024211601092", "x": -84.389152526855469, "y": 33.756359100341797, "robbery": 1 }, "geometry": { "type": "Point", "coordinates": [ -84.389152526999965, 33.756359100000054 ] } },
{ "type": "Feature", "properties": { "OBJECTID": 370, "id": "ATLANTA_1997_2024211601664", "x": -84.357208251953125, "y": 33.745609283447266, "robbery": 1 }, "geometry": { "type": "Point", "coordinates": [ -84.357208251999964, 33.745609283000078 ] } },
{ "type": "Feature", "properties": { "OBJECTID": 371, "id": "ATLANTA_1997_2024211602017", "x": -84.348922729492188, "y": 33.723628997802734, "robbery": 1 }, "geometry": { "type": "Point", "coordinates": [ -84.34892272899998, 33.723628998000038 ] } },
{ "type": "Feature", "properties": { "OBJECTID": 372, "id": "ATLANTA_1997_2024211602114", "x": -84.475761413574219, "y": 33.811500549316406, "robbery": 1 }, "geometry": { "type": "Point", "coordinates": [ -84.475761413999976, 33.811500549000073 ] } },
{ "type": "Feature", "properties": { "OBJECTID": 373, "id": "ATLANTA_1997_2024211612083", "x": -84.350166320800781, "y": 33.714809417724609, "robbery": 1 }, "geometry": { "type": "Point", "coordinates": [ -84.350166320999961, 33.714809418000073 ] } },
{ "type": "Feature", "properties": { "OBJECTID": 374, "id": "ATLANTA_1997_2024211620196", "x": -84.382843017578125, "y": 33.777240753173828, "robbery": 1 }, "geometry": { "type": "Point", "coordinates": [ -84.38284301799996, 33.777240753000058 ] } },
{ "type": "Feature", "properties": { "OBJECTID": 375, "id": "ATLANTA_1997_2024211622053", "x": -84.347076416015625, "y": 33.758171081542969, "robbery": 1 }, "geometry": { "type": "Point", "coordinates": [ -84.347076415999936, 33.758171082000047 ] } },
{ "type": "Feature", "properties": { "OBJECTID": 376, "id": "ATLANTA_1997_2024211622103", "x": -84.466072082519531, "y": 33.753311157226562, "robbery": 1 }, "geometry": { "type": "Point", "coordinates": [ -84.466072082999972, 33.753311157000041 ] } },
{ "type": "Feature", "properties": { "OBJECTID": 377, "id": "ATLANTA_1997_2024211630072", "x": -84.52313232421875, "y": 33.717338562011719, "robbery": 1 }, "geometry": { "type": "Point", "coordinates": [ -84.52313232399996, 33.717338562000066 ] } },
{ "type": "Feature", "properties": { "OBJECTID": 378, "id": "ATLANTA_1997_2024211630372", "x": -84.42822265625, "y": 33.789478302001953, "robbery": 1 }, "geometry": { "type": "Point", "coordinates": [ -84.428222655999946, 33.789478302000077 ] } },
{ "type": "Feature", "properties": { "OBJECTID": 379, "id": "ATLANTA_1997_2024211631061", "x": -84.333236694335938, "y": 33.747451782226562, "robbery": 1 }, "geometry": { "type": "Point", "coordinates": [ -84.333236693999936, 33.747451782000041 ] } },
{ "type": "Feature", "properties": { "OBJECTID": 380, "id": "ATLANTA_1997_2024211631761", "x": -84.4078369140625, "y": 33.739860534667969, "robbery": 1 }, "geometry": { "type": "Point", "coordinates": [ -84.407836913999972, 33.739860535000048 ] } },
{ "type": "Feature", "properties": { "OBJECTID": 381, "id": "ATLANTA_1997_2024211641601", "x": -84.362358093261719, "y": 33.845310211181641, "robbery": 1 }, "geometry": { "type": "Point", "coordinates": [ -84.362358092999955, 33.845310211000026 ] } },
{ "type": "Feature", "properties": { "OBJECTID": 382, "id": "ATLANTA_1997_2024211660236", "x": -84.382339477539062, "y": 33.769039154052734, "robbery": 1 }, "geometry": { "type": "Point", "coordinates": [ -84.382339477999949, 33.769039154000041 ] } },
{ "type": "Feature", "properties": { "OBJECTID": 383, "id": "ATLANTA_1997_2024211661603", "x": -84.372581481933594, "y": 33.799819946289062, "robbery": 1 }, "geometry": { "type": "Point", "coordinates": [ -84.372581481999987, 33.799819946000071 ] } },
{ "type": "Feature", "properties": { "OBJECTID": 384, "id": "ATLANTA_1997_2024211661983", "x": -84.489280700683594, "y": 33.750381469726562, "robbery": 1 }, "geometry": { "type": "Point", "coordinates": [ -84.489280700999984, 33.750381470000036 ] } },
{ "type": "Feature", "properties": { "OBJECTID": 385, "id": "ATLANTA_1997_2024211662038", "x": -84.378547668457031, "y": 33.774410247802734, "robbery": 1 }, "geometry": { "type": "Point", "coordinates": [ -84.378547667999953, 33.774410248000038 ] } },
{ "type": "Feature", "properties": { "OBJECTID": 386, "id": "ATLANTA_1997_2024211671887", "x": -84.349456787109375, "y": 33.741420745849609, "robbery": 1 }, "geometry": { "type": "Point", "coordinates": [ -84.349456786999951, 33.741420746000074 ] } },
{ "type": "Feature", "properties": { "OBJECTID": 387, "id": "ATLANTA_1997_2024211671955", "x": -84.472053527832031, "y": 33.807300567626953, "robbery": 1 }, "geometry": { "type": "Point", "coordinates": [ -84.472053527999947, 33.807300568000073 ] } },
{ "type": "Feature", "properties": { "OBJECTID": 388, "id": "ATLANTA_1997_2024211671979", "x": -84.367637634277344, "y": 33.740638732910156, "robbery": 1 }, "geometry": { "type": "Point", "coordinates": [ -84.367637633999948, 33.740638733000026 ] } },
{ "type": "Feature", "properties": { "OBJECTID": 389, "id": "ATLANTA_1997_2024211672082", "x": -84.371063232421875, "y": 33.772319793701172, "robbery": 1 }, "geometry": { "type": "Point", "coordinates": [ -84.371063231999983, 33.772319794000055 ] } },
{ "type": "Feature", "properties": { "OBJECTID": 390, "id": "ATLANTA_1997_2024211700263", "x": -84.396217346191406, "y": 33.764278411865234, "robbery": 1 }, "geometry": { "type": "Point", "coordinates": [ -84.396217345999958, 33.764278412000067 ] } },
{ "type": "Feature", "properties": { "OBJECTID": 391, "id": "ATLANTA_1997_2024211700347", "x": -84.493133544921875, "y": 33.685840606689453, "robbery": 1 }, "geometry": { "type": "Point", "coordinates": [ -84.493133544999978, 33.685840607000046 ] } },
{ "type": "Feature", "properties": { "OBJECTID": 392, "id": "ATLANTA_1997_2024211710070", "x": -84.383491516113281, "y": 33.740619659423828, "robbery": 1 }, "geometry": { "type": "Point", "coordinates": [ -84.383491515999935, 33.74061965900006 ] } },
{ "type": "Feature", "properties": { "OBJECTID": 393, "id": "ATLANTA_1997_2024211711548", "x": -84.3790283203125, "y": 33.841571807861328, "robbery": 1 }, "geometry": { "type": "Point", "coordinates": [ -84.379028319999975, 33.841571808000026 ] } },
{ "type": "Feature", "properties": { "OBJECTID": 394, "id": "ATLANTA_1997_2024211720015", "x": -84.362197875976562, "y": 33.734840393066406, "robbery": 1 }, "geometry": { "type": "Point", "coordinates": [ -84.362197875999982, 33.73484039300007 ] } },
{ "type": "Feature", "properties": { "OBJECTID": 395, "id": "ATLANTA_1997_2024211720075", "x": -84.501007080078125, "y": 33.757099151611328, "robbery": 1 }, "geometry": { "type": "Point", "coordinates": [ -84.501007079999965, 33.757099152000023 ] } },
{ "type": "Feature", "properties": { "OBJECTID": 396, "id": "ATLANTA_1997_2024211730245", "x": -84.382926940917969, "y": 33.758079528808594, "robbery": 1 }, "geometry": { "type": "Point", "coordinates": [ -84.382926940999937, 33.758079529000042 ] } },
{ "type": "Feature", "properties": { "OBJECTID": 397, "id": "ATLANTA_1997_2024211731550", "x": -84.392250061035156, "y": 33.809970855712891, "robbery": 1 }, "geometry": { "type": "Point", "coordinates": [ -84.39225006099997, 33.809970856000064 ] } },
{ "type": "Feature", "properties": { "OBJECTID": 398, "id": "ATLANTA_1997_2024211731679", "x": -84.352783203125, "y": 33.743759155273438, "robbery": 1 }, "geometry": { "type": "Point", "coordinates": [ -84.352783202999944, 33.743759155000077 ] } },
{ "type": "Feature", "properties": { "OBJECTID": 399, "id": "ATLANTA_1997_2024211731815", "x": -84.357696533203125, "y": 33.842311859130859, "robbery": 1 }, "geometry": { "type": "Point", "coordinates": [ -84.357696532999967, 33.842311859000063 ] } },
{ "type": "Feature", "properties": { "OBJECTID": 400, "id": "ATLANTA_1997_2024211731863", "x": -84.395530700683594, "y": 33.765510559082031, "robbery": 1 }, "geometry": { "type": "Point", "coordinates": [ -84.395530700999984, 33.765510559000063 ] } },
{ "type": "Feature", "properties": { "OBJECTID": 401, "id": "ATLANTA_1997_2024211741330", "x": -84.3896484375, "y": 33.754348754882812, "robbery": 1 }, "geometry": { "type": "Point", "coordinates": [ -84.389648437999938, 33.754348755000024 ] } },
{ "type": "Feature", "properties": { "OBJECTID": 402, "id": "ATLANTA_1997_2024211741502", "x": -84.518882751464844, "y": 33.695770263671875, "robbery": 1 }, "geometry": { "type": "Point", "coordinates": [ -84.518882750999978, 33.695770264000032 ] } },
{ "type": "Feature", "properties": { "OBJECTID": 403, "id": "ATLANTA_1997_2024211750012", "x": -84.460716247558594, "y": 33.777278900146484, "robbery": 1 }, "geometry": { "type": "Point", "coordinates": [ -84.460716247999983, 33.777278900000056 ] } },
{ "type": "Feature", "properties": { "OBJECTID": 404, "id": "ATLANTA_1997_2024211750073", "x": -84.361160278320312, "y": 33.776958465576172, "robbery": 1 }, "geometry": { "type": "Point", "coordinates": [ -84.361160277999943, 33.776958466000053 ] } },
{ "type": "Feature", "properties": { "OBJECTID": 405, "id": "ATLANTA_1997_2024211750097", "x": -84.433540344238281, "y": 33.771030426025391, "robbery": 1 }, "geometry": { "type": "Point", "coordinates": [ -84.433540343999937, 33.771030426000038 ] } },
{ "type": "Feature", "properties": { "OBJECTID": 406, "id": "ATLANTA_1997_2024211750954", "x": -84.354530334472656, "y": 33.704219818115234, "robbery": 1 }, "geometry": { "type": "Point", "coordinates": [ -84.354530333999946, 33.70421981800007 ] } },
{ "type": "Feature", "properties": { "OBJECTID": 407, "id": "ATLANTA_1997_2024211760133", "x": -84.468826293945312, "y": 33.787349700927734, "robbery": 1 }, "geometry": { "type": "Point", "coordinates": [ -84.468826293999939, 33.787349701000039 ] } },
{ "type": "Feature", "properties": { "OBJECTID": 408, "id": "ATLANTA_1997_2024211761485", "x": -84.458038330078125, "y": 33.784290313720703, "robbery": 1 }, "geometry": { "type": "Point", "coordinates": [ -84.458038329999965, 33.784290314000032 ] } },
{ "type": "Feature", "properties": { "OBJECTID": 409, "id": "ATLANTA_1997_2024211761501", "x": -84.387649536132812, "y": 33.732040405273438, "robbery": 1 }, "geometry": { "type": "Point", "coordinates": [ -84.387649535999969, 33.732040405000077 ] } },
{ "type": "Feature", "properties": { "OBJECTID": 410, "id": "ATLANTA_1997_2024211770159", "x": -84.366653442382812, "y": 33.813579559326172, "robbery": 1 }, "geometry": { "type": "Point", "coordinates": [ -84.366653441999972, 33.813579559000061 ] } },
{ "type": "Feature", "properties": { "OBJECTID": 411, "id": "ATLANTA_1997_2024211770233", "x": -84.356147766113281, "y": 33.811279296875, "robbery": 1 }, "geometry": { "type": "Point", "coordinates": [ -84.356147765999935, 33.811279297000056 ] } },
{ "type": "Feature", "properties": { "OBJECTID": 412, "id": "ATLANTA_1997_2024211780037", "x": -84.472747802734375, "y": 33.778678894042969, "robbery": 1 }, "geometry": { "type": "Point", "coordinates": [ -84.472747802999947, 33.778678894000052 ] } },
{ "type": "Feature", "properties": { "OBJECTID": 413, "id": "ATLANTA_1997_2024211780081", "x": -84.393241882324219, "y": 33.756439208984375, "robbery": 1 }, "geometry": { "type": "Point", "coordinates": [ -84.393241881999984, 33.756439209000064 ] } },
{ "type": "Feature", "properties": { "OBJECTID": 414, "id": "ATLANTA_1997_2024211780947", "x": -84.347846984863281, "y": 33.758388519287109, "robbery": 1 }, "geometry": { "type": "Point", "coordinates": [ -84.347846985, 33.75838851900005 ] } },
{ "type": "Feature", "properties": { "OBJECTID": 415, "id": "ATLANTA_1997_2024211781512", "x": -84.386993408203125, "y": 33.755229949951172, "robbery": 1 }, "geometry": { "type": "Point", "coordinates": [ -84.386993407999967, 33.755229950000057 ] } },
{ "type": "Feature", "properties": { "OBJECTID": 416, "id": "ATLANTA_1997_2024211791052", "x": -84.373893737792969, "y": 33.836978912353516, "robbery": 1 }, "geometry": { "type": "Point", "coordinates": [ -84.373893737999936, 33.836978912000063 ] } },
{ "type": "Feature", "properties": { "OBJECTID": 417, "id": "ATLANTA_1997_2024211791480", "x": -84.382843017578125, "y": 33.713130950927734, "robbery": 1 }, "geometry": { "type": "Point", "coordinates": [ -84.38284301799996, 33.713130951000039 ] } },
{ "type": "Feature", "properties": { "OBJECTID": 418, "id": "ATLANTA_1997_2024211800121", "x": -84.349197387695312, "y": 33.724601745605469, "robbery": 1 }, "geometry": { "type": "Point", "coordinates": [ -84.349197387999936, 33.724601746000076 ] } },
{ "type": "Feature", "properties": { "OBJECTID": 419, "id": "ATLANTA_1997_2024211800142", "x": -84.371696472167969, "y": 33.843048095703125, "robbery": 1 }, "geometry": { "type": "Point", "coordinates": [ -84.37169647199994, 33.843048096000075 ] } },
{ "type": "Feature", "properties": { "OBJECTID": 420, "id": "ATLANTA_1997_2024211802060", "x": -84.39129638671875, "y": 33.798469543457031, "robbery": 1 }, "geometry": { "type": "Point", "coordinates": [ -84.391296386999954, 33.798469543000067 ] } },
{ "type": "Feature", "properties": { "OBJECTID": 421, "id": "ATLANTA_1997_2024211810061", "x": -84.407096862792969, "y": 33.785869598388672, "robbery": 1 }, "geometry": { "type": "Point", "coordinates": [ -84.407096862999936, 33.785869598000033 ] } },
{ "type": "Feature", "properties": { "OBJECTID": 422, "id": "ATLANTA_1997_2024211810197", "x": -84.378761291503906, "y": 33.838649749755859, "robbery": 1 }, "geometry": { "type": "Point", "coordinates": [ -84.378761291999979, 33.838649750000059 ] } },
{ "type": "Feature", "properties": { "OBJECTID": 423, "id": "ATLANTA_1997_2024211810383", "x": -84.380363464355469, "y": 33.770549774169922, "robbery": 1 }, "geometry": { "type": "Point", "coordinates": [ -84.38036346399997, 33.770549774000074 ] } },
{ "type": "Feature", "properties": { "OBJECTID": 424, "id": "ATLANTA_1997_2024211811373", "x": -84.426406860351562, "y": 33.700630187988281, "robbery": 1 }, "geometry": { "type": "Point", "coordinates": [ -84.426406859999986, 33.700630188000048 ] } },
{ "type": "Feature", "properties": { "OBJECTID": 425, "id": "ATLANTA_1997_2024211811739", "x": -84.388633728027344, "y": 33.786251068115234, "robbery": 1 }, "geometry": { "type": "Point", "coordinates": [ -84.388633727999945, 33.78625106800007 ] } },
{ "type": "Feature", "properties": { "OBJECTID": 426, "id": "ATLANTA_1997_2024211820758", "x": -84.387649536132812, "y": 33.760139465332031, "robbery": 1 }, "geometry": { "type": "Point", "coordinates": [ -84.387649535999969, 33.760139465000066 ] } },
{ "type": "Feature", "properties": { "OBJECTID": 427, "id": "ATLANTA_1997_2024211821125", "x": -84.410232543945312, "y": 33.702579498291016, "robbery": 1 }, "geometry": { "type": "Point", "coordinates": [ -84.410232543999939, 33.702579498000034 ] } },
{ "type": "Feature", "properties": { "OBJECTID": 428, "id": "ATLANTA_1997_2024211822143", "x": -84.38153076171875, "y": 33.678680419921875, "robbery": 1 }, "geometry": { "type": "Point", "coordinates": [ -84.381530761999954, 33.678680420000035 ] } },
{ "type": "Feature", "properties": { "OBJECTID": 429, "id": "ATLANTA_1997_2024211830005", "x": -84.397239685058594, "y": 33.709449768066406, "robbery": 1 }, "geometry": { "type": "Point", "coordinates": [ -84.397239684999988, 33.70944976800007 ] } },
{ "type": "Feature", "properties": { "OBJECTID": 430, "id": "ATLANTA_1997_2024211831206", "x": -84.49603271484375, "y": 33.749790191650391, "robbery": 1 }, "geometry": { "type": "Point", "coordinates": [ -84.496032714999956, 33.749790192000034 ] } },
{ "type": "Feature", "properties": { "OBJECTID": 431, "id": "ATLANTA_1997_2024211840016", "x": -84.4019775390625, "y": 33.751850128173828, "robbery": 1 }, "geometry": { "type": "Point", "coordinates": [ -84.401977538999972, 33.751850128000058 ] } },
{ "type": "Feature", "properties": { "OBJECTID": 432, "id": "ATLANTA_1997_2024211840237", "x": -84.391326904296875, "y": 33.754730224609375, "robbery": 1 }, "geometry": { "type": "Point", "coordinates": [ -84.391326903999982, 33.75473022500006 ] } },
{ "type": "Feature", "properties": { "OBJECTID": 433, "id": "ATLANTA_1997_2024211840565", "x": -84.415138244628906, "y": 33.765079498291016, "robbery": 1 }, "geometry": { "type": "Point", "coordinates": [ -84.41513824499998, 33.765079498000034 ] } },
{ "type": "Feature", "properties": { "OBJECTID": 434, "id": "ATLANTA_1997_2024211850014", "x": -84.361213684082031, "y": 33.740619659423828, "robbery": 1 }, "geometry": { "type": "Point", "coordinates": [ -84.361213683999949, 33.74061965900006 ] } },
{ "type": "Feature", "properties": { "OBJECTID": 435, "id": "ATLANTA_1997_2024211850771", "x": -84.358619689941406, "y": 33.849330902099609, "robbery": 1 }, "geometry": { "type": "Point", "coordinates": [ -84.358619689999955, 33.849330902000077 ] } },
{ "type": "Feature", "properties": { "OBJECTID": 436, "id": "ATLANTA_1997_2024211851661", "x": -84.394363403320312, "y": 33.766201019287109, "robbery": 1 }, "geometry": { "type": "Point", "coordinates": [ -84.394363402999943, 33.76620101900005 ] } },
{ "type": "Feature", "properties": { "OBJECTID": 437, "id": "ATLANTA_1997_2024211851958", "x": -84.411178588867188, "y": 33.690078735351562, "robbery": 1 }, "geometry": { "type": "Point", "coordinates": [ -84.411178588999974, 33.690078735000043 ] } },
{ "type": "Feature", "properties": { "OBJECTID": 438, "id": "ATLANTA_1997_2024211860393", "x": -84.519332885742188, "y": 33.70391845703125, "robbery": 1 }, "geometry": { "type": "Point", "coordinates": [ -84.519332885999972, 33.703918457000043 ] } },
{ "type": "Feature", "properties": { "OBJECTID": 439, "id": "ATLANTA_1997_2024211860622", "x": -84.415336608886719, "y": 33.764110565185547, "robbery": 1 }, "geometry": { "type": "Point", "coordinates": [ -84.415336608999951, 33.764110565000067 ] } },
{ "type": "Feature", "properties": { "OBJECTID": 440, "id": "ATLANTA_1997_2024211861418", "x": -84.444107055664062, "y": 33.80419921875, "robbery": 1 }, "geometry": { "type": "Point", "coordinates": [ -84.44410705599995, 33.804199219000054 ] } },
{ "type": "Feature", "properties": { "OBJECTID": 441, "id": "ATLANTA_1997_2024211861500", "x": -84.353317260742188, "y": 33.824569702148438, "robbery": 1 }, "geometry": { "type": "Point", "coordinates": [ -84.353317260999972, 33.824569702000076 ] } },
{ "type": "Feature", "properties": { "OBJECTID": 442, "id": "ATLANTA_1997_2024211881044", "x": -84.363113403320312, "y": 33.824489593505859, "robbery": 1 }, "geometry": { "type": "Point", "coordinates": [ -84.363113402999943, 33.824489594000056 ] } },
{ "type": "Feature", "properties": { "OBJECTID": 443, "id": "ATLANTA_1997_2024211881816", "x": -84.465789794921875, "y": 33.699451446533203, "robbery": 1 }, "geometry": { "type": "Point", "coordinates": [ -84.465789794999978, 33.699451447000058 ] } },
{ "type": "Feature", "properties": { "OBJECTID": 444, "id": "ATLANTA_1997_2024211881932", "x": -84.408447265625, "y": 33.72174072265625, "robbery": 1 }, "geometry": { "type": "Point", "coordinates": [ -84.408447265999939, 33.721740723000039 ] } },
{ "type": "Feature", "properties": { "OBJECTID": 445, "id": "ATLANTA_1997_2024211891191", "x": -84.472366333007812, "y": 33.776168823242188, "robbery": 1 }, "geometry": { "type": "Point", "coordinates": [ -84.472366332999968, 33.776168823000035 ] } },
{ "type": "Feature", "properties": { "OBJECTID": 446, "id": "ATLANTA_1997_2024211891248", "x": -84.413299560546875, "y": 33.759490966796875, "robbery": 1 }, "geometry": { "type": "Point", "coordinates": [ -84.413299560999974, 33.759490967000033 ] } },
{ "type": "Feature", "properties": { "OBJECTID": 447, "id": "ATLANTA_1997_2024211891803", "x": -84.47003173828125, "y": 33.799179077148438, "robbery": 1 }, "geometry": { "type": "Point", "coordinates": [ -84.470031737999989, 33.799179077000076 ] } },
{ "type": "Feature", "properties": { "OBJECTID": 448, "id": "ATLANTA_1997_2024211900003", "x": -84.383377075195312, "y": 33.830799102783203, "robbery": 1 }, "geometry": { "type": "Point", "coordinates": [ -84.383377074999942, 33.830799103000061 ] } },
{ "type": "Feature", "properties": { "OBJECTID": 449, "id": "ATLANTA_1997_2024211900442", "x": -84.387542724609375, "y": 33.786281585693359, "robbery": 1 }, "geometry": { "type": "Point", "coordinates": [ -84.387542724999946, 33.78628158600003 ] } },
{ "type": "Feature", "properties": { "OBJECTID": 450, "id": "ATLANTA_1997_2024211901089", "x": -84.358512878417969, "y": 33.705570220947266, "robbery": 1 }, "geometry": { "type": "Point", "coordinates": [ -84.358512877999942, 33.705570221000073 ] } },
{ "type": "Feature", "properties": { "OBJECTID": 451, "id": "ATLANTA_1997_2024211901820", "x": -84.417633056640625, "y": 33.709541320800781, "robbery": 1 }, "geometry": { "type": "Point", "coordinates": [ -84.417633056999989, 33.709541321000074 ] } },
{ "type": "Feature", "properties": { "OBJECTID": 452, "id": "ATLANTA_1997_2024211910169", "x": -84.352317810058594, "y": 33.768360137939453, "robbery": 1 }, "geometry": { "type": "Point", "coordinates": [ -84.352317809999988, 33.768360138000048 ] } },
{ "type": "Feature", "properties": { "OBJECTID": 453, "id": "ATLANTA_1997_2024211911531", "x": -84.396781921386719, "y": 33.764801025390625, "robbery": 1 }, "geometry": { "type": "Point", "coordinates": [ -84.396781920999956, 33.764801025000054 ] } },
{ "type": "Feature", "properties": { "OBJECTID": 454, "id": "ATLANTA_1997_2024211911964", "x": -84.360671997070312, "y": 33.781089782714844, "robbery": 1 }, "geometry": { "type": "Point", "coordinates": [ -84.36067199699994, 33.781089783000027 ] } },
{ "type": "Feature", "properties": { "OBJECTID": 455, "id": "ATLANTA_1997_2024211921775", "x": -84.349098205566406, "y": 33.811859130859375, "robbery": 1 }, "geometry": { "type": "Point", "coordinates": [ -84.349098205999951, 33.811859131000062 ] } },
{ "type": "Feature", "properties": { "OBJECTID": 456, "id": "ATLANTA_1997_2024211921901", "x": -84.38751220703125, "y": 33.7647705078125, "robbery": 1 }, "geometry": { "type": "Point", "coordinates": [ -84.387512206999986, 33.764770508000026 ] } },
{ "type": "Feature", "properties": { "OBJECTID": 457, "id": "ATLANTA_1997_2024211930040", "x": -84.404571533203125, "y": 33.860179901123047, "robbery": 1 }, "geometry": { "type": "Point", "coordinates": [ -84.404571532999967, 33.860179901000038 ] } },
{ "type": "Feature", "properties": { "OBJECTID": 458, "id": "ATLANTA_1997_2024211930127", "x": -84.403396606445312, "y": 33.743480682373047, "robbery": 1 }, "geometry": { "type": "Point", "coordinates": [ -84.403396605999944, 33.74348068200004 ] } },
{ "type": "Feature", "properties": { "OBJECTID": 459, "id": "ATLANTA_1997_2024211931354", "x": -84.4449462890625, "y": 33.785980224609375, "robbery": 1 }, "geometry": { "type": "Point", "coordinates": [ -84.444946288999972, 33.78598022500006 ] } },
{ "type": "Feature", "properties": { "OBJECTID": 460, "id": "ATLANTA_1997_2024211940102", "x": -84.449752807617188, "y": 33.776248931884766, "robbery": 1 }, "geometry": { "type": "Point", "coordinates": [ -84.449752807999971, 33.776248932000044 ] } },
{ "type": "Feature", "properties": { "OBJECTID": 461, "id": "ATLANTA_1997_2024211940477", "x": -84.416969299316406, "y": 33.762821197509766, "robbery": 1 }, "geometry": { "type": "Point", "coordinates": [ -84.416969298999959, 33.76282119800004 ] } },
{ "type": "Feature", "properties": { "OBJECTID": 462, "id": "ATLANTA_1997_2024211940755", "x": -84.417411804199219, "y": 33.754768371582031, "robbery": 1 }, "geometry": { "type": "Point", "coordinates": [ -84.417411803999983, 33.754768372000058 ] } },
{ "type": "Feature", "properties": { "OBJECTID": 463, "id": "ATLANTA_1997_2024211941431", "x": -84.456443786621094, "y": 33.779930114746094, "robbery": 1 }, "geometry": { "type": "Point", "coordinates": [ -84.456443786999955, 33.77993011500007 ] } },
{ "type": "Feature", "properties": { "OBJECTID": 464, "id": "ATLANTA_1997_2024211951712", "x": -84.379837036132812, "y": 33.752780914306641, "robbery": 1 }, "geometry": { "type": "Point", "coordinates": [ -84.379837035999969, 33.752780914000027 ] } },
{ "type": "Feature", "properties": { "OBJECTID": 465, "id": "ATLANTA_1997_2024211961098", "x": -84.40203857421875, "y": 33.683399200439453, "robbery": 1 }, "geometry": { "type": "Point", "coordinates": [ -84.40203857399996, 33.683399200000053 ] } },
{ "type": "Feature", "properties": { "OBJECTID": 466, "id": "ATLANTA_1997_2024211962085", "x": -84.415809631347656, "y": 33.73516845703125, "robbery": 1 }, "geometry": { "type": "Point", "coordinates": [ -84.415809630999945, 33.735168457000043 ] } },
{ "type": "Feature", "properties": { "OBJECTID": 467, "id": "ATLANTA_1997_2024211970080", "x": -84.361587524414062, "y": 33.708499908447266, "robbery": 1 }, "geometry": { "type": "Point", "coordinates": [ -84.361587523999958, 33.708499908000078 ] } },
{ "type": "Feature", "properties": { "OBJECTID": 468, "id": "ATLANTA_1997_2024211970423", "x": -84.471023559570312, "y": 33.805431365966797, "robbery": 1 }, "geometry": { "type": "Point", "coordinates": [ -84.471023559999935, 33.80543136600005 ] } },
{ "type": "Feature", "properties": { "OBJECTID": 469, "id": "ATLANTA_1997_2024211970442", "x": -84.396369934082031, "y": 33.748458862304688, "robbery": 1 }, "geometry": { "type": "Point", "coordinates": [ -84.396369933999949, 33.748458862000064 ] } },
{ "type": "Feature", "properties": { "OBJECTID": 470, "id": "ATLANTA_1997_2024211971118", "x": -84.410232543945312, "y": 33.702579498291016, "robbery": 1 }, "geometry": { "type": "Point", "coordinates": [ -84.410232543999939, 33.702579498000034 ] } },
{ "type": "Feature", "properties": { "OBJECTID": 471, "id": "ATLANTA_1997_2024211980389", "x": -84.371696472167969, "y": 33.843048095703125, "robbery": 1 }, "geometry": { "type": "Point", "coordinates": [ -84.37169647199994, 33.843048096000075 ] } },
{ "type": "Feature", "properties": { "OBJECTID": 472, "id": "ATLANTA_1997_2024211981665", "x": -84.474952697753906, "y": 33.751888275146484, "robbery": 1 }, "geometry": { "type": "Point", "coordinates": [ -84.474952697999981, 33.751888275000056 ] } },
{ "type": "Feature", "properties": { "OBJECTID": 473, "id": "ATLANTA_1997_2024211981918", "x": -84.365928649902344, "y": 33.822261810302734, "robbery": 1 }, "geometry": { "type": "Point", "coordinates": [ -84.365928649999944, 33.822261810000043 ] } },
{ "type": "Feature", "properties": { "OBJECTID": 474, "id": "ATLANTA_1997_2024211982057", "x": -84.365219116210938, "y": 33.778110504150391, "robbery": 1 }, "geometry": { "type": "Point", "coordinates": [ -84.365219115999935, 33.77811050400004 ] } },
{ "type": "Feature", "properties": { "OBJECTID": 475, "id": "ATLANTA_1997_2024211982100", "x": -84.409011840820312, "y": 33.6827392578125, "robbery": 1 }, "geometry": { "type": "Point", "coordinates": [ -84.409011840999938, 33.682739258000026 ] } },
{ "type": "Feature", "properties": { "OBJECTID": 476, "id": "ATLANTA_1997_2024211990249", "x": -84.359832763671875, "y": 33.809120178222656, "robbery": 1 }, "geometry": { "type": "Point", "coordinates": [ -84.359832763999975, 33.809120178000057 ] } },
{ "type": "Feature", "properties": { "OBJECTID": 477, "id": "ATLANTA_1997_2024211990885", "x": -84.362358093261719, "y": 33.845310211181641, "robbery": 1 }, "geometry": { "type": "Point", "coordinates": [ -84.362358092999955, 33.845310211000026 ] } },
{ "type": "Feature", "properties": { "OBJECTID": 478, "id": "ATLANTA_1997_2024212000118", "x": -84.417350769042969, "y": 33.763660430908203, "robbery": 1 }, "geometry": { "type": "Point", "coordinates": [ -84.417350768999938, 33.763660431000062 ] } },
{ "type": "Feature", "properties": { "OBJECTID": 479, "id": "ATLANTA_1997_2024212000456", "x": -84.406051635742188, "y": 33.679218292236328, "robbery": 1 }, "geometry": { "type": "Point", "coordinates": [ -84.406051635999972, 33.67921829200003 ] } },
{ "type": "Feature", "properties": { "OBJECTID": 480, "id": "ATLANTA_1997_2024212000702", "x": -84.365516662597656, "y": 33.853229522705078, "robbery": 1 }, "geometry": { "type": "Point", "coordinates": [ -84.365516662999937, 33.853229523000039 ] } },
{ "type": "Feature", "properties": { "OBJECTID": 481, "id": "ATLANTA_1997_2024212001093", "x": -84.366920471191406, "y": 33.82183837890625, "robbery": 1 }, "geometry": { "type": "Point", "coordinates": [ -84.366920470999958, 33.821838379000042 ] } },
{ "type": "Feature", "properties": { "OBJECTID": 482, "id": "ATLANTA_1997_2024212001152", "x": -84.472381591796875, "y": 33.799568176269531, "robbery": 1 }, "geometry": { "type": "Point", "coordinates": [ -84.472381591999977, 33.799568176000037 ] } },
{ "type": "Feature", "properties": { "OBJECTID": 483, "id": "ATLANTA_1997_2024212010703", "x": -84.434608459472656, "y": 33.738948822021484, "robbery": 1 }, "geometry": { "type": "Point", "coordinates": [ -84.434608458999946, 33.738948822000054 ] } },
{ "type": "Feature", "properties": { "OBJECTID": 484, "id": "ATLANTA_1997_2024212011179", "x": -84.394569396972656, "y": 33.747589111328125, "robbery": 1 }, "geometry": { "type": "Point", "coordinates": [ -84.394569396999941, 33.747589111000025 ] } },
{ "type": "Feature", "properties": { "OBJECTID": 485, "id": "ATLANTA_1997_2024212011876", "x": -84.407638549804688, "y": 33.751319885253906, "robbery": 1 }, "geometry": { "type": "Point", "coordinates": [ -84.407638549999945, 33.751319885000044 ] } },
{ "type": "Feature", "properties": { "OBJECTID": 486, "id": "ATLANTA_1997_2024212020091", "x": -84.428741455078125, "y": 33.764339447021484, "robbery": 1 }, "geometry": { "type": "Point", "coordinates": [ -84.428741454999965, 33.764339447000054 ] } },
{ "type": "Feature", "properties": { "OBJECTID": 487, "id": "ATLANTA_1997_2024212020610", "x": -84.462486267089844, "y": 33.774429321289062, "robbery": 1 }, "geometry": { "type": "Point", "coordinates": [ -84.462486266999974, 33.774429321000071 ] } },
{ "type": "Feature", "properties": { "OBJECTID": 488, "id": "ATLANTA_1997_2024212021850", "x": -84.390708923339844, "y": 33.752769470214844, "robbery": 1 }, "geometry": { "type": "Point", "coordinates": [ -84.390708922999977, 33.752769470000032 ] } },
{ "type": "Feature", "properties": { "OBJECTID": 489, "id": "ATLANTA_1997_2024212021907", "x": -84.478973388671875, "y": 33.752490997314453, "robbery": 1 }, "geometry": { "type": "Point", "coordinates": [ -84.478973388999975, 33.752490997000052 ] } },
{ "type": "Feature", "properties": { "OBJECTID": 490, "id": "ATLANTA_1997_2024212021952", "x": -84.396369934082031, "y": 33.748458862304688, "robbery": 1 }, "geometry": { "type": "Point", "coordinates": [ -84.396369933999949, 33.748458862000064 ] } },
{ "type": "Feature", "properties": { "OBJECTID": 491, "id": "ATLANTA_1997_2024212031651", "x": -84.395339965820312, "y": 33.74652099609375, "robbery": 1 }, "geometry": { "type": "Point", "coordinates": [ -84.395339965999938, 33.746520996000072 ] } },
{ "type": "Feature", "properties": { "OBJECTID": 492, "id": "ATLANTA_1997_2024212031927", "x": -84.403350830078125, "y": 33.763679504394531, "robbery": 1 }, "geometry": { "type": "Point", "coordinates": [ -84.403350829999965, 33.763679504000038 ] } },
{ "type": "Feature", "properties": { "OBJECTID": 493, "id": "ATLANTA_1997_2024212041008", "x": -84.41644287109375, "y": 33.754791259765625, "robbery": 1 }, "geometry": { "type": "Point", "coordinates": [ -84.416442870999958, 33.754791260000047 ] } },
{ "type": "Feature", "properties": { "OBJECTID": 494, "id": "ATLANTA_1997_2024212050166", "x": -84.389190673828125, "y": 33.681270599365234, "robbery": 1 }, "geometry": { "type": "Point", "coordinates": [ -84.389190673999963, 33.681270599000072 ] } },
{ "type": "Feature", "properties": { "OBJECTID": 495, "id": "ATLANTA_1997_2024212051055", "x": -84.382766723632812, "y": 33.772918701171875, "robbery": 1 }, "geometry": { "type": "Point", "coordinates": [ -84.382766723999964, 33.772918701000037 ] } },
{ "type": "Feature", "properties": { "OBJECTID": 496, "id": "ATLANTA_1997_2024212051077", "x": -84.476097106933594, "y": 33.753971099853516, "robbery": 1 }, "geometry": { "type": "Point", "coordinates": [ -84.476097106999987, 33.753971100000058 ] } },
{ "type": "Feature", "properties": { "OBJECTID": 497, "id": "ATLANTA_1997_2024212051349", "x": -84.454429626464844, "y": 33.706180572509766, "robbery": 1 }, "geometry": { "type": "Point", "coordinates": [ -84.454429625999978, 33.70618057300004 ] } },
{ "type": "Feature", "properties": { "OBJECTID": 498, "id": "ATLANTA_1997_2024212060864", "x": -84.380203247070312, "y": 33.754459381103516, "robbery": 1 }, "geometry": { "type": "Point", "coordinates": [ -84.38020324699994, 33.754459381000061 ] } },
{ "type": "Feature", "properties": { "OBJECTID": 499, "id": "ATLANTA_1997_2024212061693", "x": -84.472892761230469, "y": 33.788959503173828, "robbery": 1 }, "geometry": { "type": "Point", "coordinates": [ -84.472892760999969, 33.788959503000058 ] } },
{ "type": "Feature", "properties": { "OBJECTID": 500, "id": "ATLANTA_1997_2024212070977", "x": -84.489631652832031, "y": 33.690448760986328, "robbery": 1 }, "geometry": { "type": "Point", "coordinates": [ -84.489631652999947, 33.690448761000027 ] } },
{ "type": "Feature", "properties": { "OBJECTID": 501, "id": "ATLANTA_1997_2024212071512", "x": -84.395637512207031, "y": 33.792110443115234, "robbery": 1 }, "geometry": { "type": "Point", "coordinates": [ -84.395637511999951, 33.79211044300007 ] } },
{ "type": "Feature", "properties": { "OBJECTID": 502, "id": "ATLANTA_1997_2024212080141", "x": -84.388450622558594, "y": 33.760929107666016, "robbery": 1 }, "geometry": { "type": "Point", "coordinates": [ -84.388450622999983, 33.760929108000028 ] } },
{ "type": "Feature", "properties": { "OBJECTID": 503, "id": "ATLANTA_1997_2024212081174", "x": -84.395530700683594, "y": 33.765510559082031, "robbery": 1 }, "geometry": { "type": "Point", "coordinates": [ -84.395530700999984, 33.765510559000063 ] } },
{ "type": "Feature", "properties": { "OBJECTID": 504, "id": "ATLANTA_1997_2024212090161", "x": -84.439979553222656, "y": 33.764678955078125, "robbery": 1 }, "geometry": { "type": "Point", "coordinates": [ -84.439979552999944, 33.764678955000079 ] } },
{ "type": "Feature", "properties": { "OBJECTID": 505, "id": "ATLANTA_1997_2024212090691", "x": -84.4677734375, "y": 33.787029266357422, "robbery": 1 }, "geometry": { "type": "Point", "coordinates": [ -84.467773437999938, 33.787029266000047 ] } },
{ "type": "Feature", "properties": { "OBJECTID": 506, "id": "ATLANTA_1997_2024212091012", "x": -84.403816223144531, "y": 33.745868682861328, "robbery": 1 }, "geometry": { "type": "Point", "coordinates": [ -84.403816222999978, 33.745868683000026 ] } },
{ "type": "Feature", "properties": { "OBJECTID": 507, "id": "ATLANTA_1997_2024212091150", "x": -84.416893005371094, "y": 33.737979888916016, "robbery": 1 }, "geometry": { "type": "Point", "coordinates": [ -84.416893004999963, 33.73797988900003 ] } },
{ "type": "Feature", "properties": { "OBJECTID": 508, "id": "ATLANTA_1997_2024212091872", "x": -84.475761413574219, "y": 33.811500549316406, "robbery": 1 }, "geometry": { "type": "Point", "coordinates": [ -84.475761413999976, 33.811500549000073 ] } },
{ "type": "Feature", "properties": { "OBJECTID": 509, "id": "ATLANTA_1997_2024212091970", "x": -84.396926879882812, "y": 33.739028930664062, "robbery": 1 }, "geometry": { "type": "Point", "coordinates": [ -84.396926879999967, 33.739028931000064 ] } },
{ "type": "Feature", "properties": { "OBJECTID": 510, "id": "ATLANTA_1997_2024212101800", "x": -84.382057189941406, "y": 33.751731872558594, "robbery": 1 }, "geometry": { "type": "Point", "coordinates": [ -84.382057189999955, 33.75173187300004 ] } },
{ "type": "Feature", "properties": { "OBJECTID": 511, "id": "ATLANTA_1997_2024212110254", "x": -84.490142822265625, "y": 33.786518096923828, "robbery": 1 }, "geometry": { "type": "Point", "coordinates": [ -84.490142821999939, 33.786518097000055 ] } },
{ "type": "Feature", "properties": { "OBJECTID": 512, "id": "ATLANTA_1997_2024212110328", "x": -84.350387573242188, "y": 33.816078186035156, "robbery": 1 }, "geometry": { "type": "Point", "coordinates": [ -84.350387572999978, 33.816078186000027 ] } },
{ "type": "Feature", "properties": { "OBJECTID": 513, "id": "ATLANTA_1997_2024212110623", "x": -84.382209777832031, "y": 33.782100677490234, "robbery": 1 }, "geometry": { "type": "Point", "coordinates": [ -84.382209777999947, 33.782100677000074 ] } },
{ "type": "Feature", "properties": { "OBJECTID": 514, "id": "ATLANTA_1997_2024212110649", "x": -84.498916625976562, "y": 33.75714111328125, "robbery": 1 }, "geometry": { "type": "Point", "coordinates": [ -84.498916625999982, 33.757141113000046 ] } },
{ "type": "Feature", "properties": { "OBJECTID": 515, "id": "ATLANTA_1997_2024212111312", "x": -84.410469055175781, "y": 33.732860565185547, "robbery": 1 }, "geometry": { "type": "Point", "coordinates": [ -84.410469054999965, 33.732860565000067 ] } },
{ "type": "Feature", "properties": { "OBJECTID": 516, "id": "ATLANTA_1997_2024212111600", "x": -84.486122131347656, "y": 33.751140594482422, "robbery": 1 }, "geometry": { "type": "Point", "coordinates": [ -84.486122130999945, 33.751140594000049 ] } },
{ "type": "Feature", "properties": { "OBJECTID": 517, "id": "ATLANTA_1997_2024212120319", "x": -84.397972106933594, "y": 33.739360809326172, "robbery": 1 }, "geometry": { "type": "Point", "coordinates": [ -84.397972106999987, 33.739360809000061 ] } },
{ "type": "Feature", "properties": { "OBJECTID": 518, "id": "ATLANTA_1997_2024212121238", "x": -84.442771911621094, "y": 33.772850036621094, "robbery": 1 }, "geometry": { "type": "Point", "coordinates": [ -84.442771911999955, 33.772850037000069 ] } },
{ "type": "Feature", "properties": { "OBJECTID": 519, "id": "ATLANTA_1997_2024212121324", "x": -84.394813537597656, "y": 33.765529632568359, "robbery": 1 }, "geometry": { "type": "Point", "coordinates": [ -84.394813537999937, 33.765529633000028 ] } },
{ "type": "Feature", "properties": { "OBJECTID": 520, "id": "ATLANTA_1997_2024212130324", "x": -84.381050109863281, "y": 33.754779815673828, "robbery": 1 }, "geometry": { "type": "Point", "coordinates": [ -84.38105011, 33.754779816000053 ] } },
{ "type": "Feature", "properties": { "OBJECTID": 521, "id": "ATLANTA_1997_2024212130347", "x": -84.367889404296875, "y": 33.769550323486328, "robbery": 1 }, "geometry": { "type": "Point", "coordinates": [ -84.367889403999982, 33.769550323000033 ] } },
{ "type": "Feature", "properties": { "OBJECTID": 522, "id": "ATLANTA_1997_2024212130633", "x": -84.410232543945312, "y": 33.702579498291016, "robbery": 1 }, "geometry": { "type": "Point", "coordinates": [ -84.410232543999939, 33.702579498000034 ] } },
{ "type": "Feature", "properties": { "OBJECTID": 523, "id": "ATLANTA_1997_2024212131681", "x": -84.452041625976562, "y": 33.817050933837891, "robbery": 1 }, "geometry": { "type": "Point", "coordinates": [ -84.452041625999982, 33.817050934000065 ] } },
{ "type": "Feature", "properties": { "OBJECTID": 524, "id": "ATLANTA_1997_2024212140923", "x": -84.446090698242188, "y": 33.819889068603516, "robbery": 1 }, "geometry": { "type": "Point", "coordinates": [ -84.446090697999978, 33.819889069000055 ] } },
{ "type": "Feature", "properties": { "OBJECTID": 525, "id": "ATLANTA_1997_2024212141252", "x": -84.374496459960938, "y": 33.769058227539062, "robbery": 1 }, "geometry": { "type": "Point", "coordinates": [ -84.374496459999989, 33.769058228000063 ] } },
{ "type": "Feature", "properties": { "OBJECTID": 526, "id": "ATLANTA_1997_2024212141278", "x": -84.375312805175781, "y": 33.763660430908203, "robbery": 1 }, "geometry": { "type": "Point", "coordinates": [ -84.375312804999965, 33.763660431000062 ] } },
{ "type": "Feature", "properties": { "OBJECTID": 527, "id": "ATLANTA_1997_2024212141501", "x": -84.350433349609375, "y": 33.720668792724609, "robbery": 1 }, "geometry": { "type": "Point", "coordinates": [ -84.350433349999946, 33.720668793000073 ] } },
{ "type": "Feature", "properties": { "OBJECTID": 528, "id": "ATLANTA_1997_2024212141759", "x": -84.389236450195312, "y": 33.756740570068359, "robbery": 1 }, "geometry": { "type": "Point", "coordinates": [ -84.389236449999942, 33.756740570000034 ] } },
{ "type": "Feature", "properties": { "OBJECTID": 529, "id": "ATLANTA_1997_2024212160323", "x": -84.513282775878906, "y": 33.65631103515625, "robbery": 1 }, "geometry": { "type": "Point", "coordinates": [ -84.513282775999983, 33.656311035000044 ] } },
{ "type": "Feature", "properties": { "OBJECTID": 530, "id": "ATLANTA_1997_2024212170872", "x": -84.448127746582031, "y": 33.750740051269531, "robbery": 1 }, "geometry": { "type": "Point", "coordinates": [ -84.448127746999944, 33.750740051000037 ] } },
{ "type": "Feature", "properties": { "OBJECTID": 531, "id": "ATLANTA_1997_2024212180141", "x": -84.403816223144531, "y": 33.745868682861328, "robbery": 1 }, "geometry": { "type": "Point", "coordinates": [ -84.403816222999978, 33.745868683000026 ] } },
{ "type": "Feature", "properties": { "OBJECTID": 532, "id": "ATLANTA_1997_2024212180250", "x": -84.417526245117188, "y": 33.752460479736328, "robbery": 1 }, "geometry": { "type": "Point", "coordinates": [ -84.417526244999976, 33.752460480000025 ] } },
{ "type": "Feature", "properties": { "OBJECTID": 533, "id": "ATLANTA_1997_2024212181427", "x": -84.497726440429688, "y": 33.787578582763672, "robbery": 1 }, "geometry": { "type": "Point", "coordinates": [ -84.497726439999951, 33.787578583000027 ] } },
{ "type": "Feature", "properties": { "OBJECTID": 534, "id": "ATLANTA_1997_2024212182169", "x": -84.381492614746094, "y": 33.706268310546875, "robbery": 1 }, "geometry": { "type": "Point", "coordinates": [ -84.381492614999956, 33.706268311000031 ] } },
{ "type": "Feature", "properties": { "OBJECTID": 535, "id": "ATLANTA_1997_2024212190770", "x": -84.483772277832031, "y": 33.707149505615234, "robbery": 1 }, "geometry": { "type": "Point", "coordinates": [ -84.483772277999947, 33.707149506000064 ] } },
{ "type": "Feature", "properties": { "OBJECTID": 536, "id": "ATLANTA_1997_2024212191132", "x": -84.413803100585938, "y": 33.742279052734375, "robbery": 1 }, "geometry": { "type": "Point", "coordinates": [ -84.413803100999985, 33.742279053000061 ] } },
{ "type": "Feature", "properties": { "OBJECTID": 537, "id": "ATLANTA_1997_2024212192058", "x": -84.349777221679688, "y": 33.765300750732422, "robbery": 1 }, "geometry": { "type": "Point", "coordinates": [ -84.349777221999943, 33.765300751000041 ] } },
{ "type": "Feature", "properties": { "OBJECTID": 538, "id": "ATLANTA_1997_2024212201728", "x": -84.357063293457031, "y": 33.712661743164062, "robbery": 1 }, "geometry": { "type": "Point", "coordinates": [ -84.357063292999953, 33.712661743000069 ] } },
{ "type": "Feature", "properties": { "OBJECTID": 539, "id": "ATLANTA_1997_2024212220347", "x": -84.367401123046875, "y": 33.822761535644531, "robbery": 1 }, "geometry": { "type": "Point", "coordinates": [ -84.367401122999979, 33.82276153600003 ] } },
{ "type": "Feature", "properties": { "OBJECTID": 540, "id": "ATLANTA_1997_2024212230023", "x": -84.487281799316406, "y": 33.696380615234375, "robbery": 1 }, "geometry": { "type": "Point", "coordinates": [ -84.487281798999959, 33.696380615000066 ] } },
{ "type": "Feature", "properties": { "OBJECTID": 541, "id": "ATLANTA_1997_2024212231523", "x": -84.397010803222656, "y": 33.792678833007812, "robbery": 1 }, "geometry": { "type": "Point", "coordinates": [ -84.397010802999944, 33.792678833000025 ] } },
{ "type": "Feature", "properties": { "OBJECTID": 542, "id": "ATLANTA_1997_2024212240116", "x": -84.415748596191406, "y": 33.741039276123047, "robbery": 1 }, "geometry": { "type": "Point", "coordinates": [ -84.415748595999958, 33.741039276000038 ] } },
{ "type": "Feature", "properties": { "OBJECTID": 543, "id": "ATLANTA_1997_2024212240167", "x": -84.396369934082031, "y": 33.748458862304688, "robbery": 1 }, "geometry": { "type": "Point", "coordinates": [ -84.396369933999949, 33.748458862000064 ] } },
{ "type": "Feature", "properties": { "OBJECTID": 544, "id": "ATLANTA_1997_2024212240821", "x": -84.385566711425781, "y": 33.699939727783203, "robbery": 1 }, "geometry": { "type": "Point", "coordinates": [ -84.385566710999967, 33.699939728000061 ] } },
{ "type": "Feature", "properties": { "OBJECTID": 545, "id": "ATLANTA_1997_2024212241049", "x": -84.452423095703125, "y": 33.818901062011719, "robbery": 1 }, "geometry": { "type": "Point", "coordinates": [ -84.452423095999961, 33.818901062000066 ] } },
{ "type": "Feature", "properties": { "OBJECTID": 546, "id": "ATLANTA_1997_2024212241895", "x": -84.488533020019531, "y": 33.750720977783203, "robbery": 1 }, "geometry": { "type": "Point", "coordinates": [ -84.488533019999977, 33.750720978000061 ] } },
{ "type": "Feature", "properties": { "OBJECTID": 547, "id": "ATLANTA_1997_2024212250981", "x": -84.408447265625, "y": 33.72174072265625, "robbery": 1 }, "geometry": { "type": "Point", "coordinates": [ -84.408447265999939, 33.721740723000039 ] } },
{ "type": "Feature", "properties": { "OBJECTID": 548, "id": "ATLANTA_1997_2024212251207", "x": -84.359878540039062, "y": 33.72637939453125, "robbery": 1 }, "geometry": { "type": "Point", "coordinates": [ -84.359878539999954, 33.726379395000038 ] } },
{ "type": "Feature", "properties": { "OBJECTID": 549, "id": "ATLANTA_1997_2024212260922", "x": -84.393226623535156, "y": 33.724231719970703, "robbery": 1 }, "geometry": { "type": "Point", "coordinates": [ -84.393226623999965, 33.724231720000034 ] } },
{ "type": "Feature", "properties": { "OBJECTID": 550, "id": "ATLANTA_1997_2024212261062", "x": -84.292373657226562, "y": 33.746791839599609, "robbery": 1 }, "geometry": { "type": "Point", "coordinates": [ -84.292373656999985, 33.746791840000071 ] } },
{ "type": "Feature", "properties": { "OBJECTID": 551, "id": "ATLANTA_1997_2024212261096", "x": -84.369827270507812, "y": 33.776779174804688, "robbery": 1 }, "geometry": { "type": "Point", "coordinates": [ -84.369827270999963, 33.776779175000058 ] } },
{ "type": "Feature", "properties": { "OBJECTID": 552, "id": "ATLANTA_1997_2024212261179", "x": -84.436019897460938, "y": 33.714271545410156, "robbery": 1 }, "geometry": { "type": "Point", "coordinates": [ -84.436019896999937, 33.714271545000031 ] } },
{ "type": "Feature", "properties": { "OBJECTID": 553, "id": "ATLANTA_1997_2024212262012", "x": -84.359733581542969, "y": 33.683738708496094, "robbery": 1 }, "geometry": { "type": "Point", "coordinates": [ -84.359733582, 33.683738708000078 ] } },
{ "type": "Feature", "properties": { "OBJECTID": 554, "id": "ATLANTA_1997_2024212270323", "x": -84.389152526855469, "y": 33.756359100341797, "robbery": 1 }, "geometry": { "type": "Point", "coordinates": [ -84.389152526999965, 33.756359100000054 ] } },
{ "type": "Feature", "properties": { "OBJECTID": 555, "id": "ATLANTA_1997_2024212270435", "x": -84.427276611328125, "y": 33.763580322265625, "robbery": 1 }, "geometry": { "type": "Point", "coordinates": [ -84.427276610999968, 33.763580322000053 ] } },
{ "type": "Feature", "properties": { "OBJECTID": 556, "id": "ATLANTA_1997_2024212270655", "x": -84.347236633300781, "y": 33.750949859619141, "robbery": 1 }, "geometry": { "type": "Point", "coordinates": [ -84.347236632999966, 33.750949860000048 ] } },
{ "type": "Feature", "properties": { "OBJECTID": 557, "id": "ATLANTA_1997_2024212271285", "x": -84.390106201171875, "y": 33.752460479736328, "robbery": 1 }, "geometry": { "type": "Point", "coordinates": [ -84.390106200999981, 33.752460480000025 ] } },
{ "type": "Feature", "properties": { "OBJECTID": 558, "id": "ATLANTA_1997_2024212271509", "x": -84.380653381347656, "y": 33.667259216308594, "robbery": 1 }, "geometry": { "type": "Point", "coordinates": [ -84.380653380999945, 33.667259216000048 ] } },
{ "type": "Feature", "properties": { "OBJECTID": 559, "id": "ATLANTA_1997_2024212271720", "x": -84.384452819824219, "y": 33.688701629638672, "robbery": 1 }, "geometry": { "type": "Point", "coordinates": [ -84.384452819999979, 33.688701630000025 ] } },
{ "type": "Feature", "properties": { "OBJECTID": 560, "id": "ATLANTA_1997_2024212280210", "x": -84.39984130859375, "y": 33.746841430664062, "robbery": 1 }, "geometry": { "type": "Point", "coordinates": [ -84.399841308999953, 33.746841431000064 ] } },
{ "type": "Feature", "properties": { "OBJECTID": 561, "id": "ATLANTA_1997_2024212281470", "x": -84.446090698242188, "y": 33.819889068603516, "robbery": 1 }, "geometry": { "type": "Point", "coordinates": [ -84.446090697999978, 33.819889069000055 ] } },
{ "type": "Feature", "properties": { "OBJECTID": 562, "id": "ATLANTA_1997_2024212281783", "x": -84.384956359863281, "y": 33.761589050292969, "robbery": 1 }, "geometry": { "type": "Point", "coordinates": [ -84.38495636, 33.761589050000055 ] } },
{ "type": "Feature", "properties": { "OBJECTID": 563, "id": "ATLANTA_1997_2024212281794", "x": -84.42022705078125, "y": 33.736961364746094, "robbery": 1 }, "geometry": { "type": "Point", "coordinates": [ -84.420227050999983, 33.73696136500007 ] } },
{ "type": "Feature", "properties": { "OBJECTID": 564, "id": "ATLANTA_1997_2024212290161", "x": -84.396369934082031, "y": 33.748458862304688, "robbery": 1 }, "geometry": { "type": "Point", "coordinates": [ -84.396369933999949, 33.748458862000064 ] } },
{ "type": "Feature", "properties": { "OBJECTID": 565, "id": "ATLANTA_1997_2024212291013", "x": -84.489631652832031, "y": 33.690448760986328, "robbery": 1 }, "geometry": { "type": "Point", "coordinates": [ -84.489631652999947, 33.690448761000027 ] } },
{ "type": "Feature", "properties": { "OBJECTID": 566, "id": "ATLANTA_1997_2024212291188", "x": -84.454338073730469, "y": 33.820049285888672, "robbery": 1 }, "geometry": { "type": "Point", "coordinates": [ -84.454338073999963, 33.820049286000028 ] } },
{ "type": "Feature", "properties": { "OBJECTID": 567, "id": "ATLANTA_1997_2024212301012", "x": -84.476753234863281, "y": 33.754009246826172, "robbery": 1 }, "geometry": { "type": "Point", "coordinates": [ -84.476753235, 33.754009247000056 ] } },
{ "type": "Feature", "properties": { "OBJECTID": 568, "id": "ATLANTA_1997_2024212301412", "x": -84.417922973632812, "y": 33.737720489501953, "robbery": 1 }, "geometry": { "type": "Point", "coordinates": [ -84.417922973999964, 33.737720490000072 ] } },
{ "type": "Feature", "properties": { "OBJECTID": 569, "id": "ATLANTA_1997_2024212301871", "x": -84.515243530273438, "y": 33.692089080810547, "robbery": 1 }, "geometry": { "type": "Point", "coordinates": [ -84.515243529999964, 33.692089081000063 ] } },
{ "type": "Feature", "properties": { "OBJECTID": 570, "id": "ATLANTA_1997_2024212311828", "x": -84.369651794433594, "y": 33.724319458007812, "robbery": 1 }, "geometry": { "type": "Point", "coordinates": [ -84.369651793999935, 33.724319458000025 ] } },
{ "type": "Feature", "properties": { "OBJECTID": 571, "id": "ATLANTA_1997_2024212312013", "x": -84.420562744140625, "y": 33.738468170166016, "robbery": 1 }, "geometry": { "type": "Point", "coordinates": [ -84.420562743999938, 33.738468170000033 ] } },
{ "type": "Feature", "properties": { "OBJECTID": 572, "id": "ATLANTA_1997_2024212320346", "x": -84.458816528320312, "y": 33.705608367919922, "robbery": 1 }, "geometry": { "type": "Point", "coordinates": [ -84.458816527999943, 33.705608368000071 ] } },
{ "type": "Feature", "properties": { "OBJECTID": 573, "id": "ATLANTA_1997_2024212320941", "x": -84.366348266601562, "y": 33.649349212646484, "robbery": 1 }, "geometry": { "type": "Point", "coordinates": [ -84.366348266999978, 33.64934921300005 ] } },
{ "type": "Feature", "properties": { "OBJECTID": 574, "id": "ATLANTA_1997_2024212321751", "x": -84.507347106933594, "y": 33.773780822753906, "robbery": 1 }, "geometry": { "type": "Point", "coordinates": [ -84.507347106999987, 33.773780823000038 ] } },
{ "type": "Feature", "properties": { "OBJECTID": 575, "id": "ATLANTA_1997_2024212331103", "x": -84.507766723632812, "y": 33.751018524169922, "robbery": 1 }, "geometry": { "type": "Point", "coordinates": [ -84.507766723999964, 33.751018524000074 ] } },
{ "type": "Feature", "properties": { "OBJECTID": 576, "id": "ATLANTA_1997_2024212331345", "x": -84.382423400878906, "y": 33.840419769287109, "robbery": 1 }, "geometry": { "type": "Point", "coordinates": [ -84.382423400999983, 33.84041976900005 ] } },
{ "type": "Feature", "properties": { "OBJECTID": 577, "id": "ATLANTA_1997_2024212331768", "x": -84.415626525878906, "y": 33.763469696044922, "robbery": 1 }, "geometry": { "type": "Point", "coordinates": [ -84.415626525999983, 33.763469696000072 ] } },
{ "type": "Feature", "properties": { "OBJECTID": 578, "id": "ATLANTA_1997_2024212340326", "x": -84.356353759765625, "y": 33.689830780029297, "robbery": 1 }, "geometry": { "type": "Point", "coordinates": [ -84.35635376, 33.689830780000079 ] } },
{ "type": "Feature", "properties": { "OBJECTID": 579, "id": "ATLANTA_1997_2024212340407", "x": -84.381866455078125, "y": 33.775199890136719, "robbery": 1 }, "geometry": { "type": "Point", "coordinates": [ -84.381866454999965, 33.775199890000067 ] } },
{ "type": "Feature", "properties": { "OBJECTID": 580, "id": "ATLANTA_1997_2024212340516", "x": -84.38848876953125, "y": 33.754348754882812, "robbery": 1 }, "geometry": { "type": "Point", "coordinates": [ -84.388488769999981, 33.754348755000024 ] } },
{ "type": "Feature", "properties": { "OBJECTID": 581, "id": "ATLANTA_1997_2024212341124", "x": -84.360420227050781, "y": 33.742050170898438, "robbery": 1 }, "geometry": { "type": "Point", "coordinates": [ -84.360420226999963, 33.742050171000074 ] } },
{ "type": "Feature", "properties": { "OBJECTID": 582, "id": "ATLANTA_1997_2024212341831", "x": -84.472892761230469, "y": 33.788959503173828, "robbery": 1 }, "geometry": { "type": "Point", "coordinates": [ -84.472892760999969, 33.788959503000058 ] } },
{ "type": "Feature", "properties": { "OBJECTID": 583, "id": "ATLANTA_1997_2024212350233", "x": -84.392250061035156, "y": 33.809860229492188, "robbery": 1 }, "geometry": { "type": "Point", "coordinates": [ -84.39225006099997, 33.809860229000037 ] } },
{ "type": "Feature", "properties": { "OBJECTID": 584, "id": "ATLANTA_1997_2024212351044", "x": -84.458099365234375, "y": 33.802581787109375, "robbery": 1 }, "geometry": { "type": "Point", "coordinates": [ -84.458099364999953, 33.802581787000065 ] } },
{ "type": "Feature", "properties": { "OBJECTID": 585, "id": "ATLANTA_1997_2024212351577", "x": -84.508750915527344, "y": 33.750770568847656, "robbery": 1 }, "geometry": { "type": "Point", "coordinates": [ -84.50875091599994, 33.750770569000053 ] } },
{ "type": "Feature", "properties": { "OBJECTID": 586, "id": "ATLANTA_1997_2024212360360", "x": -84.392349243164062, "y": 33.716259002685547, "robbery": 1 }, "geometry": { "type": "Point", "coordinates": [ -84.392349242999956, 33.716259003000062 ] } },
{ "type": "Feature", "properties": { "OBJECTID": 587, "id": "ATLANTA_1997_2024212360364", "x": -84.356857299804688, "y": 33.705711364746094, "robbery": 1 }, "geometry": { "type": "Point", "coordinates": [ -84.356857299999945, 33.70571136500007 ] } },
{ "type": "Feature", "properties": { "OBJECTID": 588, "id": "ATLANTA_1997_2024212371474", "x": -84.357513427734375, "y": 33.848079681396484, "robbery": 1 }, "geometry": { "type": "Point", "coordinates": [ -84.357513427999947, 33.848079681000058 ] } },
{ "type": "Feature", "properties": { "OBJECTID": 589, "id": "ATLANTA_1997_2024212390790", "x": -84.411521911621094, "y": 33.803169250488281, "robbery": 1 }, "geometry": { "type": "Point", "coordinates": [ -84.411521911999955, 33.803169250000053 ] } },
{ "type": "Feature", "properties": { "OBJECTID": 590, "id": "ATLANTA_1997_2024212391856", "x": -84.489280700683594, "y": 33.750381469726562, "robbery": 1 }, "geometry": { "type": "Point", "coordinates": [ -84.489280700999984, 33.750381470000036 ] } },
{ "type": "Feature", "properties": { "OBJECTID": 591, "id": "ATLANTA_1997_2024212400140", "x": -84.3917236328125, "y": 33.752029418945312, "robbery": 1 }, "geometry": { "type": "Point", "coordinates": [ -84.39172363299997, 33.752029419000053 ] } },
{ "type": "Feature", "properties": { "OBJECTID": 592, "id": "ATLANTA_1997_2024212410352", "x": -84.359527587890625, "y": 33.853660583496094, "robbery": 1 }, "geometry": { "type": "Point", "coordinates": [ -84.359527587999935, 33.853660583000078 ] } },
{ "type": "Feature", "properties": { "OBJECTID": 593, "id": "ATLANTA_1997_2024212410472", "x": -84.378250122070312, "y": 33.777851104736328, "robbery": 1 }, "geometry": { "type": "Point", "coordinates": [ -84.37825012199994, 33.777851105000025 ] } },
{ "type": "Feature", "properties": { "OBJECTID": 594, "id": "ATLANTA_1997_2024212411085", "x": -84.472618103027344, "y": 33.790889739990234, "robbery": 1 }, "geometry": { "type": "Point", "coordinates": [ -84.472618102999945, 33.790889740000068 ] } },
{ "type": "Feature", "properties": { "OBJECTID": 595, "id": "ATLANTA_1997_2024212411189", "x": -84.396369934082031, "y": 33.748458862304688, "robbery": 1 }, "geometry": { "type": "Point", "coordinates": [ -84.396369933999949, 33.748458862000064 ] } },
{ "type": "Feature", "properties": { "OBJECTID": 596, "id": "ATLANTA_1997_2024212420019", "x": -84.403770446777344, "y": 33.745979309082031, "robbery": 1 }, "geometry": { "type": "Point", "coordinates": [ -84.403770446999943, 33.745979309000063 ] } },
{ "type": "Feature", "properties": { "OBJECTID": 597, "id": "ATLANTA_1997_2024212420174", "x": -84.3521728515625, "y": 33.770900726318359, "robbery": 1 }, "geometry": { "type": "Point", "coordinates": [ -84.352172851999967, 33.770900726000036 ] } },
{ "type": "Feature", "properties": { "OBJECTID": 598, "id": "ATLANTA_1997_2024212420283", "x": -84.398788452148438, "y": 33.769210815429688, "robbery": 1 }, "geometry": { "type": "Point", "coordinates": [ -84.398788451999962, 33.769210815000065 ] } },
{ "type": "Feature", "properties": { "OBJECTID": 599, "id": "ATLANTA_1997_2024212421121", "x": -84.38067626953125, "y": 33.679859161376953, "robbery": 1 }, "geometry": { "type": "Point", "coordinates": [ -84.380676269999981, 33.679859161000024 ] } },
{ "type": "Feature", "properties": { "OBJECTID": 600, "id": "ATLANTA_1997_2024212430120", "x": -84.352767944335938, "y": 33.822120666503906, "robbery": 1 }, "geometry": { "type": "Point", "coordinates": [ -84.352767943999936, 33.822120667000036 ] } },
{ "type": "Feature", "properties": { "OBJECTID": 601, "id": "ATLANTA_1997_2024212431422", "x": -84.395637512207031, "y": 33.68218994140625, "robbery": 1 }, "geometry": { "type": "Point", "coordinates": [ -84.395637511999951, 33.682189941000047 ] } },
{ "type": "Feature", "properties": { "OBJECTID": 602, "id": "ATLANTA_1997_2024212431559", "x": -84.414253234863281, "y": 33.772830963134766, "robbery": 1 }, "geometry": { "type": "Point", "coordinates": [ -84.414253235, 33.772830963000047 ] } },
{ "type": "Feature", "properties": { "OBJECTID": 603, "id": "ATLANTA_1997_2024212441463", "x": -84.395118713378906, "y": 33.765510559082031, "robbery": 1 }, "geometry": { "type": "Point", "coordinates": [ -84.395118712999988, 33.765510559000063 ] } },
{ "type": "Feature", "properties": { "OBJECTID": 604, "id": "ATLANTA_1997_2024212441764", "x": -84.350456237792969, "y": 33.740230560302734, "robbery": 1 }, "geometry": { "type": "Point", "coordinates": [ -84.350456237999936, 33.740230560000043 ] } },
{ "type": "Feature", "properties": { "OBJECTID": 605, "id": "ATLANTA_1997_2024212450003", "x": -84.396270751953125, "y": 33.750808715820312, "robbery": 1 }, "geometry": { "type": "Point", "coordinates": [ -84.396270751999964, 33.750808716000051 ] } },
{ "type": "Feature", "properties": { "OBJECTID": 606, "id": "ATLANTA_1997_2024212460059", "x": -84.439292907714844, "y": 33.763900756835938, "robbery": 1 }, "geometry": { "type": "Point", "coordinates": [ -84.43929290799997, 33.763900757000044 ] } },
{ "type": "Feature", "properties": { "OBJECTID": 607, "id": "ATLANTA_1997_2024212461636", "x": -84.4974365234375, "y": 33.676780700683594, "robbery": 1 }, "geometry": { "type": "Point", "coordinates": [ -84.497436522999976, 33.676780701000041 ] } },
{ "type": "Feature", "properties": { "OBJECTID": 608, "id": "ATLANTA_1997_2024212471142", "x": -84.350303649902344, "y": 33.773391723632812, "robbery": 1 }, "geometry": { "type": "Point", "coordinates": [ -84.350303649999944, 33.773391724000078 ] } },
{ "type": "Feature", "properties": { "OBJECTID": 609, "id": "ATLANTA_1997_2024212471854", "x": -84.383621215820312, "y": 33.831989288330078, "robbery": 1 }, "geometry": { "type": "Point", "coordinates": [ -84.383621215999938, 33.831989288000045 ] } },
{ "type": "Feature", "properties": { "OBJECTID": 610, "id": "ATLANTA_1997_2024212480206", "x": -84.403068542480469, "y": 33.732830047607422, "robbery": 1 }, "geometry": { "type": "Point", "coordinates": [ -84.403068541999971, 33.732830048000039 ] } },
{ "type": "Feature", "properties": { "OBJECTID": 611, "id": "ATLANTA_1997_2024212480486", "x": -84.418190002441406, "y": 33.741001129150391, "robbery": 1 }, "geometry": { "type": "Point", "coordinates": [ -84.41819000199996, 33.74100112900004 ] } },
{ "type": "Feature", "properties": { "OBJECTID": 612, "id": "ATLANTA_1997_2024212481853", "x": -84.478706359863281, "y": 33.750419616699219, "robbery": 1 }, "geometry": { "type": "Point", "coordinates": [ -84.47870636, 33.750419617000034 ] } },
{ "type": "Feature", "properties": { "OBJECTID": 613, "id": "ATLANTA_1997_2024212481941", "x": -84.412071228027344, "y": 33.785259246826172, "robbery": 1 }, "geometry": { "type": "Point", "coordinates": [ -84.412071227999945, 33.785259247000056 ] } },
{ "type": "Feature", "properties": { "OBJECTID": 614, "id": "ATLANTA_1997_2024212482015", "x": -84.399612426757812, "y": 33.749771118164062, "robbery": 1 }, "geometry": { "type": "Point", "coordinates": [ -84.399612426999965, 33.749771118000069 ] } },
{ "type": "Feature", "properties": { "OBJECTID": 615, "id": "ATLANTA_1997_2024212490344", "x": -84.440727233886719, "y": 33.763809204101562, "robbery": 1 }, "geometry": { "type": "Point", "coordinates": [ -84.440727233999951, 33.76380920400004 ] } },
{ "type": "Feature", "properties": { "OBJECTID": 616, "id": "ATLANTA_1997_2024212500446", "x": -84.465538024902344, "y": 33.751129150390625, "robbery": 1 }, "geometry": { "type": "Point", "coordinates": [ -84.465538024999944, 33.751129150000054 ] } },
{ "type": "Feature", "properties": { "OBJECTID": 617, "id": "ATLANTA_1997_2024212501280", "x": -84.416206359863281, "y": 33.800899505615234, "robbery": 1 }, "geometry": { "type": "Point", "coordinates": [ -84.41620636, 33.800899506000064 ] } },
{ "type": "Feature", "properties": { "OBJECTID": 618, "id": "ATLANTA_1997_2024212501296", "x": -84.426727294921875, "y": 33.762771606445312, "robbery": 1 }, "geometry": { "type": "Point", "coordinates": [ -84.426727294999978, 33.762771606000058 ] } },
{ "type": "Feature", "properties": { "OBJECTID": 619, "id": "ATLANTA_1997_2024212501939", "x": -84.413597106933594, "y": 33.800189971923828, "robbery": 1 }, "geometry": { "type": "Point", "coordinates": [ -84.413597106999987, 33.800189972000055 ] } },
{ "type": "Feature", "properties": { "OBJECTID": 620, "id": "ATLANTA_1997_2024212510227", "x": -84.374862670898438, "y": 33.769660949707031, "robbery": 1 }, "geometry": { "type": "Point", "coordinates": [ -84.37486267099996, 33.769660950000059 ] } },
{ "type": "Feature", "properties": { "OBJECTID": 621, "id": "ATLANTA_1997_2024212512077", "x": -84.42169189453125, "y": 33.749259948730469, "robbery": 1 }, "geometry": { "type": "Point", "coordinates": [ -84.421691894999981, 33.749259949000077 ] } },
{ "type": "Feature", "properties": { "OBJECTID": 622, "id": "ATLANTA_1997_2024212520318", "x": -84.385459899902344, "y": 33.744560241699219, "robbery": 1 }, "geometry": { "type": "Point", "coordinates": [ -84.385459899999944, 33.744560242000034 ] } },
{ "type": "Feature", "properties": { "OBJECTID": 623, "id": "ATLANTA_1997_2024212520581", "x": -84.416969299316406, "y": 33.762821197509766, "robbery": 1 }, "geometry": { "type": "Point", "coordinates": [ -84.416969298999959, 33.76282119800004 ] } },
{ "type": "Feature", "properties": { "OBJECTID": 624, "id": "ATLANTA_1997_2024212530229", "x": -84.405006408691406, "y": 33.769840240478516, "robbery": 1 }, "geometry": { "type": "Point", "coordinates": [ -84.405006408999952, 33.769840240000065 ] } },
{ "type": "Feature", "properties": { "OBJECTID": 625, "id": "ATLANTA_1997_2024212540065", "x": -84.395652770996094, "y": 33.791580200195312, "robbery": 1 }, "geometry": { "type": "Point", "coordinates": [ -84.395652770999959, 33.791580200000055 ] } },
{ "type": "Feature", "properties": { "OBJECTID": 626, "id": "ATLANTA_1997_2024212540435", "x": -84.380363464355469, "y": 33.708309173583984, "robbery": 1 }, "geometry": { "type": "Point", "coordinates": [ -84.38036346399997, 33.708309174000078 ] } },
{ "type": "Feature", "properties": { "OBJECTID": 627, "id": "ATLANTA_1997_2024212550026", "x": -84.393669128417969, "y": 33.766849517822266, "robbery": 1 }, "geometry": { "type": "Point", "coordinates": [ -84.393669127999942, 33.766849518000072 ] } },
{ "type": "Feature", "properties": { "OBJECTID": 628, "id": "ATLANTA_1997_2024212551375", "x": -84.341171264648438, "y": 33.737281799316406, "robbery": 1 }, "geometry": { "type": "Point", "coordinates": [ -84.341171264999957, 33.737281799000073 ] } },
{ "type": "Feature", "properties": { "OBJECTID": 629, "id": "ATLANTA_1997_2024212551522", "x": -84.408447265625, "y": 33.72174072265625, "robbery": 1 }, "geometry": { "type": "Point", "coordinates": [ -84.408447265999939, 33.721740723000039 ] } },
{ "type": "Feature", "properties": { "OBJECTID": 630, "id": "ATLANTA_1997_2024212560111", "x": -84.380577087402344, "y": 33.757400512695312, "robbery": 1 }, "geometry": { "type": "Point", "coordinates": [ -84.380577086999949, 33.75740051300005 ] } },
{ "type": "Feature", "properties": { "OBJECTID": 631, "id": "ATLANTA_1997_2024212560750", "x": -84.42108154296875, "y": 33.724578857421875, "robbery": 1 }, "geometry": { "type": "Point", "coordinates": [ -84.421081542999957, 33.72457885700004 ] } },
{ "type": "Feature", "properties": { "OBJECTID": 632, "id": "ATLANTA_1997_2024212561035", "x": -84.422996520996094, "y": 33.722270965576172, "robbery": 1 }, "geometry": { "type": "Point", "coordinates": [ -84.422996520999959, 33.722270966000053 ] } },
{ "type": "Feature", "properties": { "OBJECTID": 633, "id": "ATLANTA_1997_2024212561530", "x": -84.519523620605469, "y": 33.694869995117188, "robbery": 1 }, "geometry": { "type": "Point", "coordinates": [ -84.519523620999962, 33.694869995000033 ] } },
{ "type": "Feature", "properties": { "OBJECTID": 634, "id": "ATLANTA_1997_2024212570021", "x": -84.382553100585938, "y": 33.757678985595703, "robbery": 1 }, "geometry": { "type": "Point", "coordinates": [ -84.382553100999985, 33.75767898600003 ] } },
{ "type": "Feature", "properties": { "OBJECTID": 635, "id": "ATLANTA_1997_2024212570615", "x": -84.475067138671875, "y": 33.777729034423828, "robbery": 1 }, "geometry": { "type": "Point", "coordinates": [ -84.475067138999975, 33.77772903400006 ] } },
{ "type": "Feature", "properties": { "OBJECTID": 636, "id": "ATLANTA_1997_2024212571255", "x": -84.3896484375, "y": 33.754348754882812, "robbery": 1 }, "geometry": { "type": "Point", "coordinates": [ -84.389648437999938, 33.754348755000024 ] } },
{ "type": "Feature", "properties": { "OBJECTID": 637, "id": "ATLANTA_1997_2024212580440", "x": -84.388160705566406, "y": 33.770221710205078, "robbery": 1 }, "geometry": { "type": "Point", "coordinates": [ -84.388160705999951, 33.770221710000044 ] } },
{ "type": "Feature", "properties": { "OBJECTID": 638, "id": "ATLANTA_1997_2024212581715", "x": -84.507110595703125, "y": 33.706069946289062, "robbery": 1 }, "geometry": { "type": "Point", "coordinates": [ -84.507110595999961, 33.706069946000071 ] } },
{ "type": "Feature", "properties": { "OBJECTID": 639, "id": "ATLANTA_1997_2024212591090", "x": -84.487327575683594, "y": 33.688339233398438, "robbery": 1 }, "geometry": { "type": "Point", "coordinates": [ -84.487327575999984, 33.688339233000079 ] } },
{ "type": "Feature", "properties": { "OBJECTID": 640, "id": "ATLANTA_1997_2024212591195", "x": -84.417510986328125, "y": 33.739799499511719, "robbery": 1 }, "geometry": { "type": "Point", "coordinates": [ -84.417510985999968, 33.739799500000061 ] } },
{ "type": "Feature", "properties": { "OBJECTID": 641, "id": "ATLANTA_1997_2024212591225", "x": -84.438179016113281, "y": 33.733211517333984, "robbery": 1 }, "geometry": { "type": "Point", "coordinates": [ -84.438179015999935, 33.733211517000029 ] } },
{ "type": "Feature", "properties": { "OBJECTID": 642, "id": "ATLANTA_1997_2024212600189", "x": -84.454360961914062, "y": 33.702449798583984, "robbery": 1 }, "geometry": { "type": "Point", "coordinates": [ -84.454360961999953, 33.702449799000078 ] } },
{ "type": "Feature", "properties": { "OBJECTID": 643, "id": "ATLANTA_1997_2024212600221", "x": -84.491096496582031, "y": 33.785209655761719, "robbery": 1 }, "geometry": { "type": "Point", "coordinates": [ -84.491096496999944, 33.785209656000063 ] } },
{ "type": "Feature", "properties": { "OBJECTID": 644, "id": "ATLANTA_1997_2024212600387", "x": -84.392349243164062, "y": 33.716259002685547, "robbery": 1 }, "geometry": { "type": "Point", "coordinates": [ -84.392349242999956, 33.716259003000062 ] } },
{ "type": "Feature", "properties": { "OBJECTID": 645, "id": "ATLANTA_1997_2024212601808", "x": -84.514427185058594, "y": 33.767410278320312, "robbery": 1 }, "geometry": { "type": "Point", "coordinates": [ -84.514427184999988, 33.767410278000057 ] } },
{ "type": "Feature", "properties": { "OBJECTID": 646, "id": "ATLANTA_1997_2024212610365", "x": -84.388923645019531, "y": 33.712200164794922, "robbery": 1 }, "geometry": { "type": "Point", "coordinates": [ -84.388923644999977, 33.71220016500007 ] } },
{ "type": "Feature", "properties": { "OBJECTID": 647, "id": "ATLANTA_1997_2024212610495", "x": -84.518417358398438, "y": 33.757770538330078, "robbery": 1 }, "geometry": { "type": "Point", "coordinates": [ -84.518417357999965, 33.757770538000045 ] } },
{ "type": "Feature", "properties": { "OBJECTID": 648, "id": "ATLANTA_1997_2024212611267", "x": -84.460716247558594, "y": 33.777278900146484, "robbery": 1 }, "geometry": { "type": "Point", "coordinates": [ -84.460716247999983, 33.777278900000056 ] } },
{ "type": "Feature", "properties": { "OBJECTID": 649, "id": "ATLANTA_1997_2024212611690", "x": -84.357757568359375, "y": 33.710319519042969, "robbery": 1 }, "geometry": { "type": "Point", "coordinates": [ -84.357757567999954, 33.710319519000052 ] } },
{ "type": "Feature", "properties": { "OBJECTID": 650, "id": "ATLANTA_1997_2024212621493", "x": -84.465423583984375, "y": 33.721981048583984, "robbery": 1 }, "geometry": { "type": "Point", "coordinates": [ -84.46542358399995, 33.721981049000078 ] } },
{ "type": "Feature", "properties": { "OBJECTID": 651, "id": "ATLANTA_1997_2024212630267", "x": -84.387557983398438, "y": 33.756191253662109, "robbery": 1 }, "geometry": { "type": "Point", "coordinates": [ -84.387557982999965, 33.756191254000044 ] } },
{ "type": "Feature", "properties": { "OBJECTID": 652, "id": "ATLANTA_1997_2024212650270", "x": -84.357757568359375, "y": 33.710319519042969, "robbery": 1 }, "geometry": { "type": "Point", "coordinates": [ -84.357757567999954, 33.710319519000052 ] } },
{ "type": "Feature", "properties": { "OBJECTID": 653, "id": "ATLANTA_1997_2024212650513", "x": -84.325103759765625, "y": 33.754188537597656, "robbery": 1 }, "geometry": { "type": "Point", "coordinates": [ -84.32510376, 33.754188538000051 ] } },
{ "type": "Feature", "properties": { "OBJECTID": 654, "id": "ATLANTA_1997_2024212651581", "x": -84.534622192382812, "y": 33.697048187255859, "robbery": 1 }, "geometry": { "type": "Point", "coordinates": [ -84.534622191999972, 33.697048187000064 ] } },
{ "type": "Feature", "properties": { "OBJECTID": 655, "id": "ATLANTA_1997_2024212661206", "x": -84.383186340332031, "y": 33.737659454345703, "robbery": 1 }, "geometry": { "type": "Point", "coordinates": [ -84.383186339999952, 33.737659454000038 ] } },
{ "type": "Feature", "properties": { "OBJECTID": 656, "id": "ATLANTA_1997_2024212670048", "x": -84.509529113769531, "y": 33.763099670410156, "robbery": 1 }, "geometry": { "type": "Point", "coordinates": [ -84.509529113999974, 33.763099670000031 ] } },
{ "type": "Feature", "properties": { "OBJECTID": 657, "id": "ATLANTA_1997_2024212671100", "x": -84.462211608886719, "y": 33.724319458007812, "robbery": 1 }, "geometry": { "type": "Point", "coordinates": [ -84.462211608999951, 33.724319458000025 ] } },
{ "type": "Feature", "properties": { "OBJECTID": 658, "id": "ATLANTA_1997_2024212671641", "x": -84.511772155761719, "y": 33.762100219726562, "robbery": 1 }, "geometry": { "type": "Point", "coordinates": [ -84.51177215599995, 33.762100220000036 ] } },
{ "type": "Feature", "properties": { "OBJECTID": 659, "id": "ATLANTA_1997_2024212671662", "x": -84.493873596191406, "y": 33.754470825195312, "robbery": 1 }, "geometry": { "type": "Point", "coordinates": [ -84.493873595999958, 33.754470825000055 ] } },
{ "type": "Feature", "properties": { "OBJECTID": 660, "id": "ATLANTA_1997_2024212671723", "x": -84.37188720703125, "y": 33.767898559570312, "robbery": 1 }, "geometry": { "type": "Point", "coordinates": [ -84.371887206999986, 33.767898560000049 ] } },
{ "type": "Feature", "properties": { "OBJECTID": 661, "id": "ATLANTA_1997_2024212680957", "x": -84.372879028320312, "y": 33.793758392333984, "robbery": 1 }, "geometry": { "type": "Point", "coordinates": [ -84.372879027999943, 33.793758392000029 ] } },
{ "type": "Feature", "properties": { "OBJECTID": 662, "id": "ATLANTA_1997_2024212681670", "x": -84.362358093261719, "y": 33.845310211181641, "robbery": 1 }, "geometry": { "type": "Point", "coordinates": [ -84.362358092999955, 33.845310211000026 ] } },
{ "type": "Feature", "properties": { "OBJECTID": 663, "id": "ATLANTA_1997_2024212690254", "x": -84.392349243164062, "y": 33.716259002685547, "robbery": 1 }, "geometry": { "type": "Point", "coordinates": [ -84.392349242999956, 33.716259003000062 ] } },
{ "type": "Feature", "properties": { "OBJECTID": 664, "id": "ATLANTA_1997_2024212690565", "x": -84.491943359375, "y": 33.721939086914062, "robbery": 1 }, "geometry": { "type": "Point", "coordinates": [ -84.491943358999947, 33.721939087000067 ] } },
{ "type": "Feature", "properties": { "OBJECTID": 665, "id": "ATLANTA_1997_2024212691145", "x": -84.362358093261719, "y": 33.845310211181641, "robbery": 1 }, "geometry": { "type": "Point", "coordinates": [ -84.362358092999955, 33.845310211000026 ] } },
{ "type": "Feature", "properties": { "OBJECTID": 666, "id": "ATLANTA_1997_2024212701438", "x": -84.393783569335938, "y": 33.813499450683594, "robbery": 1 }, "geometry": { "type": "Point", "coordinates": [ -84.393783568999936, 33.813499451000041 ] } },
{ "type": "Feature", "properties": { "OBJECTID": 667, "id": "ATLANTA_1997_2024212710236", "x": -84.51275634765625, "y": 33.694648742675781, "robbery": 1 }, "geometry": { "type": "Point", "coordinates": [ -84.512756347999982, 33.694648743000073 ] } },
{ "type": "Feature", "properties": { "OBJECTID": 668, "id": "ATLANTA_1997_2024212710316", "x": -84.388542175292969, "y": 33.793979644775391, "robbery": 1 }, "geometry": { "type": "Point", "coordinates": [ -84.388542174999941, 33.793979645000036 ] } },
{ "type": "Feature", "properties": { "OBJECTID": 669, "id": "ATLANTA_1997_2024212710473", "x": -84.387649536132812, "y": 33.732040405273438, "robbery": 1 }, "geometry": { "type": "Point", "coordinates": [ -84.387649535999969, 33.732040405000077 ] } },
{ "type": "Feature", "properties": { "OBJECTID": 670, "id": "ATLANTA_1997_2024212710564", "x": -84.379257202148438, "y": 33.706638336181641, "robbery": 1 }, "geometry": { "type": "Point", "coordinates": [ -84.379257201999962, 33.706638336000026 ] } },
{ "type": "Feature", "properties": { "OBJECTID": 671, "id": "ATLANTA_1997_2024212712119", "x": -84.301162719726562, "y": 33.747119903564453, "robbery": 1 }, "geometry": { "type": "Point", "coordinates": [ -84.301162719999979, 33.747119904000044 ] } },
{ "type": "Feature", "properties": { "OBJECTID": 672, "id": "ATLANTA_1997_2024212722076", "x": -84.394386291503906, "y": 33.736980438232422, "robbery": 1 }, "geometry": { "type": "Point", "coordinates": [ -84.394386291999979, 33.736980438000046 ] } },
{ "type": "Feature", "properties": { "OBJECTID": 673, "id": "ATLANTA_1997_2024212730588", "x": -84.41766357421875, "y": 33.769130706787109, "robbery": 1 }, "geometry": { "type": "Point", "coordinates": [ -84.41766357399996, 33.769130707000045 ] } },
{ "type": "Feature", "properties": { "OBJECTID": 674, "id": "ATLANTA_1997_2024212741741", "x": -84.405799865722656, "y": 33.683750152587891, "robbery": 1 }, "geometry": { "type": "Point", "coordinates": [ -84.405799865999938, 33.683750153000062 ] } },
{ "type": "Feature", "properties": { "OBJECTID": 675, "id": "ATLANTA_1997_2024212750140", "x": -84.368858337402344, "y": 33.749721527099609, "robbery": 1 }, "geometry": { "type": "Point", "coordinates": [ -84.368858336999949, 33.749721527000077 ] } },
{ "type": "Feature", "properties": { "OBJECTID": 676, "id": "ATLANTA_1997_2024212750289", "x": -84.39727783203125, "y": 33.736110687255859, "robbery": 1 }, "geometry": { "type": "Point", "coordinates": [ -84.397277831999986, 33.736110687000064 ] } },
{ "type": "Feature", "properties": { "OBJECTID": 677, "id": "ATLANTA_1997_2024212750370", "x": -84.395782470703125, "y": 33.676479339599609, "robbery": 1 }, "geometry": { "type": "Point", "coordinates": [ -84.395782470999961, 33.676479340000071 ] } },
{ "type": "Feature", "properties": { "OBJECTID": 678, "id": "ATLANTA_1997_2024212750517", "x": -84.393341064453125, "y": 33.736930847167969, "robbery": 1 }, "geometry": { "type": "Point", "coordinates": [ -84.393341063999969, 33.736930847000053 ] } },
{ "type": "Feature", "properties": { "OBJECTID": 679, "id": "ATLANTA_1997_2024212750668", "x": -84.408546447753906, "y": 33.675670623779297, "robbery": 1 }, "geometry": { "type": "Point", "coordinates": [ -84.408546447999981, 33.675670624000077 ] } },
{ "type": "Feature", "properties": { "OBJECTID": 680, "id": "ATLANTA_1997_2024212751026", "x": -84.357383728027344, "y": 33.652111053466797, "robbery": 1 }, "geometry": { "type": "Point", "coordinates": [ -84.357383727999945, 33.652111053000056 ] } },
{ "type": "Feature", "properties": { "OBJECTID": 681, "id": "ATLANTA_1997_2024212760080", "x": -84.490226745605469, "y": 33.752300262451172, "robbery": 1 }, "geometry": { "type": "Point", "coordinates": [ -84.490226745999962, 33.752300262000063 ] } },
{ "type": "Feature", "properties": { "OBJECTID": 682, "id": "ATLANTA_1997_2024212760167", "x": -84.363906860351562, "y": 33.828159332275391, "robbery": 1 }, "geometry": { "type": "Point", "coordinates": [ -84.363906859999986, 33.828159332000041 ] } },
{ "type": "Feature", "properties": { "OBJECTID": 683, "id": "ATLANTA_1997_2024212770838", "x": -84.341743469238281, "y": 33.756690979003906, "robbery": 1 }, "geometry": { "type": "Point", "coordinates": [ -84.341743468999937, 33.756690979000041 ] } },
{ "type": "Feature", "properties": { "OBJECTID": 684, "id": "ATLANTA_1997_2024212780022", "x": -84.380119323730469, "y": 33.781639099121094, "robbery": 1 }, "geometry": { "type": "Point", "coordinates": [ -84.380119323999963, 33.781639099000074 ] } },
{ "type": "Feature", "properties": { "OBJECTID": 685, "id": "ATLANTA_1997_2024212780146", "x": -84.388542175292969, "y": 33.754558563232422, "robbery": 1 }, "geometry": { "type": "Point", "coordinates": [ -84.388542174999941, 33.754558563000046 ] } },
{ "type": "Feature", "properties": { "OBJECTID": 686, "id": "ATLANTA_1997_2024212780272", "x": -84.444107055664062, "y": 33.711090087890625, "robbery": 1 }, "geometry": { "type": "Point", "coordinates": [ -84.44410705599995, 33.711090088000049 ] } },
{ "type": "Feature", "properties": { "OBJECTID": 687, "id": "ATLANTA_1997_2024212781335", "x": -84.514762878417969, "y": 33.753890991210938, "robbery": 1 }, "geometry": { "type": "Point", "coordinates": [ -84.514762877999942, 33.753890991000048 ] } },
{ "type": "Feature", "properties": { "OBJECTID": 688, "id": "ATLANTA_1997_2024212800291", "x": -84.459938049316406, "y": 33.699989318847656, "robbery": 1 }, "geometry": { "type": "Point", "coordinates": [ -84.459938048999959, 33.699989319000053 ] } },
{ "type": "Feature", "properties": { "OBJECTID": 689, "id": "ATLANTA_1997_2024212800414", "x": -84.395126342773438, "y": 33.75238037109375, "robbery": 1 }, "geometry": { "type": "Point", "coordinates": [ -84.395126342999959, 33.752380371000072 ] } },
{ "type": "Feature", "properties": { "OBJECTID": 690, "id": "ATLANTA_1997_2024212801333", "x": -84.363723754882812, "y": 33.80242919921875, "robbery": 1 }, "geometry": { "type": "Point", "coordinates": [ -84.363723754999967, 33.802429199000073 ] } },
{ "type": "Feature", "properties": { "OBJECTID": 691, "id": "ATLANTA_1997_2024212821317", "x": -84.4249267578125, "y": 33.763290405273438, "robbery": 1 }, "geometry": { "type": "Point", "coordinates": [ -84.42492675799997, 33.763290405000077 ] } },
{ "type": "Feature", "properties": { "OBJECTID": 692, "id": "ATLANTA_1997_2024212830311", "x": -84.370460510253906, "y": 33.774120330810547, "robbery": 1 }, "geometry": { "type": "Point", "coordinates": [ -84.370460509999987, 33.774120331000063 ] } },
{ "type": "Feature", "properties": { "OBJECTID": 693, "id": "ATLANTA_1997_2024212830487", "x": -84.452186584472656, "y": 33.750339508056641, "robbery": 1 }, "geometry": { "type": "Point", "coordinates": [ -84.452186583999946, 33.750339508000025 ] } },
{ "type": "Feature", "properties": { "OBJECTID": 694, "id": "ATLANTA_1997_2024212830783", "x": -84.353736877441406, "y": 33.722969055175781, "robbery": 1 }, "geometry": { "type": "Point", "coordinates": [ -84.35373687699996, 33.722969055000078 ] } },
{ "type": "Feature", "properties": { "OBJECTID": 695, "id": "ATLANTA_1997_2024212831069", "x": -84.385566711425781, "y": 33.699939727783203, "robbery": 1 }, "geometry": { "type": "Point", "coordinates": [ -84.385566710999967, 33.699939728000061 ] } },
{ "type": "Feature", "properties": { "OBJECTID": 696, "id": "ATLANTA_1997_2024212831704", "x": -84.403938293457031, "y": 33.745811462402344, "robbery": 1 }, "geometry": { "type": "Point", "coordinates": [ -84.403938292999953, 33.745811462000063 ] } },
{ "type": "Feature", "properties": { "OBJECTID": 697, "id": "ATLANTA_1997_2024212840087", "x": -84.365257263183594, "y": 33.824131011962891, "robbery": 1 }, "geometry": { "type": "Point", "coordinates": [ -84.365257263, 33.824131012000066 ] } },
{ "type": "Feature", "properties": { "OBJECTID": 698, "id": "ATLANTA_1997_2024212840658", "x": -84.4139404296875, "y": 33.764270782470703, "robbery": 1 }, "geometry": { "type": "Point", "coordinates": [ -84.413940429999968, 33.76427078200004 ] } },
{ "type": "Feature", "properties": { "OBJECTID": 699, "id": "ATLANTA_1997_2024212850029", "x": -84.382606506347656, "y": 33.764938354492188, "robbery": 1 }, "geometry": { "type": "Point", "coordinates": [ -84.382606505999945, 33.764938354000037 ] } },
{ "type": "Feature", "properties": { "OBJECTID": 700, "id": "ATLANTA_1997_2024212850260", "x": -84.413597106933594, "y": 33.725479125976562, "robbery": 1 }, "geometry": { "type": "Point", "coordinates": [ -84.413597106999987, 33.725479126000039 ] } },
{ "type": "Feature", "properties": { "OBJECTID": 701, "id": "ATLANTA_1997_2024212850644", "x": -84.443992614746094, "y": 33.707679748535156, "robbery": 1 }, "geometry": { "type": "Point", "coordinates": [ -84.443992614999956, 33.707679749000079 ] } },
{ "type": "Feature", "properties": { "OBJECTID": 702, "id": "ATLANTA_1997_2024212851437", "x": -84.390457153320312, "y": 33.681129455566406, "robbery": 1 }, "geometry": { "type": "Point", "coordinates": [ -84.390457152999943, 33.681129456000065 ] } },
{ "type": "Feature", "properties": { "OBJECTID": 703, "id": "ATLANTA_1997_2024212852049", "x": -84.388359069824219, "y": 33.730339050292969, "robbery": 1 }, "geometry": { "type": "Point", "coordinates": [ -84.388359069999979, 33.730339050000055 ] } },
{ "type": "Feature", "properties": { "OBJECTID": 704, "id": "ATLANTA_1997_2024212860086", "x": -84.387611389160156, "y": 33.671779632568359, "robbery": 1 }, "geometry": { "type": "Point", "coordinates": [ -84.387611388999971, 33.671779633000028 ] } },
{ "type": "Feature", "properties": { "OBJECTID": 705, "id": "ATLANTA_1997_2024212860924", "x": -84.512077331542969, "y": 33.743240356445312, "robbery": 1 }, "geometry": { "type": "Point", "coordinates": [ -84.512077332, 33.743240356000058 ] } },
{ "type": "Feature", "properties": { "OBJECTID": 706, "id": "ATLANTA_1997_2024212861998", "x": -84.461952209472656, "y": 33.755489349365234, "robbery": 1 }, "geometry": { "type": "Point", "coordinates": [ -84.461952208999946, 33.755489349000072 ] } },
{ "type": "Feature", "properties": { "OBJECTID": 707, "id": "ATLANTA_1997_2024212880372", "x": -84.408241271972656, "y": 33.745880126953125, "robbery": 1 }, "geometry": { "type": "Point", "coordinates": [ -84.408241271999941, 33.745880127000078 ] } },
{ "type": "Feature", "properties": { "OBJECTID": 708, "id": "ATLANTA_1997_2024212890676", "x": -84.404212951660156, "y": 33.756828308105469, "robbery": 1 }, "geometry": { "type": "Point", "coordinates": [ -84.404212951999966, 33.756828308000024 ] } },
{ "type": "Feature", "properties": { "OBJECTID": 709, "id": "ATLANTA_1997_2024212891040", "x": -84.408279418945312, "y": 33.721599578857422, "robbery": 1 }, "geometry": { "type": "Point", "coordinates": [ -84.408279418999939, 33.721599579000042 ] } },
{ "type": "Feature", "properties": { "OBJECTID": 710, "id": "ATLANTA_1997_2024212900392", "x": -84.488327026367188, "y": 33.751178741455078, "robbery": 1 }, "geometry": { "type": "Point", "coordinates": [ -84.488327025999979, 33.751178741000047 ] } },
{ "type": "Feature", "properties": { "OBJECTID": 711, "id": "ATLANTA_1997_2024212910013", "x": -84.493133544921875, "y": 33.685840606689453, "robbery": 1 }, "geometry": { "type": "Point", "coordinates": [ -84.493133544999978, 33.685840607000046 ] } },
{ "type": "Feature", "properties": { "OBJECTID": 712, "id": "ATLANTA_1997_2024212910461", "x": -84.482162475585938, "y": 33.75592041015625, "robbery": 1 }, "geometry": { "type": "Point", "coordinates": [ -84.482162475999985, 33.755920410000044 ] } },
{ "type": "Feature", "properties": { "OBJECTID": 713, "id": "ATLANTA_1997_2024212920157", "x": -84.393287658691406, "y": 33.722469329833984, "robbery": 1 }, "geometry": { "type": "Point", "coordinates": [ -84.393287658999952, 33.722469330000024 ] } },
{ "type": "Feature", "properties": { "OBJECTID": 714, "id": "ATLANTA_1997_2024212922070", "x": -84.403221130371094, "y": 33.754829406738281, "robbery": 1 }, "geometry": { "type": "Point", "coordinates": [ -84.403221129999963, 33.754829407000045 ] } },
{ "type": "Feature", "properties": { "OBJECTID": 715, "id": "ATLANTA_1997_2024212930390", "x": -84.454338073730469, "y": 33.703929901123047, "robbery": 1 }, "geometry": { "type": "Point", "coordinates": [ -84.454338073999963, 33.703929901000038 ] } },
{ "type": "Feature", "properties": { "OBJECTID": 716, "id": "ATLANTA_1997_2024212930853", "x": -84.402473449707031, "y": 33.799411773681641, "robbery": 1 }, "geometry": { "type": "Point", "coordinates": [ -84.402473449999945, 33.799411774000077 ] } },
{ "type": "Feature", "properties": { "OBJECTID": 717, "id": "ATLANTA_1997_2024212931278", "x": -84.472618103027344, "y": 33.790889739990234, "robbery": 1 }, "geometry": { "type": "Point", "coordinates": [ -84.472618102999945, 33.790889740000068 ] } },
{ "type": "Feature", "properties": { "OBJECTID": 718, "id": "ATLANTA_1997_2024212931847", "x": -84.360488891601562, "y": 33.854160308837891, "robbery": 1 }, "geometry": { "type": "Point", "coordinates": [ -84.360488891999978, 33.854160309000065 ] } },
{ "type": "Feature", "properties": { "OBJECTID": 719, "id": "ATLANTA_1997_2024212940012", "x": -84.372703552246094, "y": 33.752941131591797, "robbery": 1 }, "geometry": { "type": "Point", "coordinates": [ -84.372703551999962, 33.752941132000046 ] } },
{ "type": "Feature", "properties": { "OBJECTID": 720, "id": "ATLANTA_1997_2024212941031", "x": -84.363601684570312, "y": 33.809459686279297, "robbery": 1 }, "geometry": { "type": "Point", "coordinates": [ -84.363601684999935, 33.809459686000025 ] } },
{ "type": "Feature", "properties": { "OBJECTID": 721, "id": "ATLANTA_1997_2024212942093", "x": -84.395339965820312, "y": 33.74652099609375, "robbery": 1 }, "geometry": { "type": "Point", "coordinates": [ -84.395339965999938, 33.746520996000072 ] } },
{ "type": "Feature", "properties": { "OBJECTID": 722, "id": "ATLANTA_1997_2024212950322", "x": -84.459938049316406, "y": 33.699989318847656, "robbery": 1 }, "geometry": { "type": "Point", "coordinates": [ -84.459938048999959, 33.699989319000053 ] } },
{ "type": "Feature", "properties": { "OBJECTID": 723, "id": "ATLANTA_1997_2024212950327", "x": -84.496841430664062, "y": 33.755638122558594, "robbery": 1 }, "geometry": { "type": "Point", "coordinates": [ -84.49684143099995, 33.75563812300004 ] } },
{ "type": "Feature", "properties": { "OBJECTID": 724, "id": "ATLANTA_1997_2024212950757", "x": -84.39306640625, "y": 33.807968139648438, "robbery": 1 }, "geometry": { "type": "Point", "coordinates": [ -84.393066405999946, 33.807968140000071 ] } },
{ "type": "Feature", "properties": { "OBJECTID": 725, "id": "ATLANTA_1997_2024212970735", "x": -84.378959655761719, "y": 33.744800567626953, "robbery": 1 }, "geometry": { "type": "Point", "coordinates": [ -84.37895965599995, 33.744800568000073 ] } },
{ "type": "Feature", "properties": { "OBJECTID": 726, "id": "ATLANTA_1997_2024212980684", "x": -84.502906799316406, "y": 33.757320404052734, "robbery": 1 }, "geometry": { "type": "Point", "coordinates": [ -84.502906798999959, 33.757320404000041 ] } },
{ "type": "Feature", "properties": { "OBJECTID": 727, "id": "ATLANTA_1997_2024212980927", "x": -84.465827941894531, "y": 33.703140258789062, "robbery": 1 }, "geometry": { "type": "Point", "coordinates": [ -84.465827941999976, 33.703140259000065 ] } },
{ "type": "Feature", "properties": { "OBJECTID": 728, "id": "ATLANTA_1997_2024212981688", "x": -84.367057800292969, "y": 33.848598480224609, "robbery": 1 }, "geometry": { "type": "Point", "coordinates": [ -84.367057799999941, 33.848598480000078 ] } },
{ "type": "Feature", "properties": { "OBJECTID": 729, "id": "ATLANTA_1997_2024212981700", "x": -84.404869079589844, "y": 33.74652099609375, "robbery": 1 }, "geometry": { "type": "Point", "coordinates": [ -84.404869079999969, 33.746520996000072 ] } },
{ "type": "Feature", "properties": { "OBJECTID": 730, "id": "ATLANTA_1997_2024212990875", "x": -84.413093566894531, "y": 33.807979583740234, "robbery": 1 }, "geometry": { "type": "Point", "coordinates": [ -84.413093566999976, 33.807979584000066 ] } },
{ "type": "Feature", "properties": { "OBJECTID": 731, "id": "ATLANTA_1997_2024213000323", "x": -84.361183166503906, "y": 33.778450012207031, "robbery": 1 }, "geometry": { "type": "Point", "coordinates": [ -84.361183166999979, 33.778450012000064 ] } },
{ "type": "Feature", "properties": { "OBJECTID": 732, "id": "ATLANTA_1997_2024213000337", "x": -84.366073608398438, "y": 33.770160675048828, "robbery": 1 }, "geometry": { "type": "Point", "coordinates": [ -84.366073607999965, 33.770160675000056 ] } },
{ "type": "Feature", "properties": { "OBJECTID": 733, "id": "ATLANTA_1997_2024213001605", "x": -84.394523620605469, "y": 33.679378509521484, "robbery": 1 }, "geometry": { "type": "Point", "coordinates": [ -84.394523620999962, 33.679378510000049 ] } },
{ "type": "Feature", "properties": { "OBJECTID": 734, "id": "ATLANTA_1997_2024213010612", "x": -84.446098327636719, "y": 33.771518707275391, "robbery": 1 }, "geometry": { "type": "Point", "coordinates": [ -84.446098327999948, 33.771518707000041 ] } },
{ "type": "Feature", "properties": { "OBJECTID": 735, "id": "ATLANTA_1997_2024213011090", "x": -84.417739868164062, "y": 33.719020843505859, "robbery": 1 }, "geometry": { "type": "Point", "coordinates": [ -84.417739867999956, 33.719020844000056 ] } },
{ "type": "Feature", "properties": { "OBJECTID": 736, "id": "ATLANTA_1997_2024213011128", "x": -84.344940185546875, "y": 33.758251190185547, "robbery": 1 }, "geometry": { "type": "Point", "coordinates": [ -84.344940185999974, 33.758251190000067 ] } },
{ "type": "Feature", "properties": { "OBJECTID": 737, "id": "ATLANTA_1997_2024213020388", "x": -84.417793273925781, "y": 33.761390686035156, "robbery": 1 }, "geometry": { "type": "Point", "coordinates": [ -84.417793273999962, 33.761390686000027 ] } },
{ "type": "Feature", "properties": { "OBJECTID": 738, "id": "ATLANTA_1997_2024213021267", "x": -84.383186340332031, "y": 33.737659454345703, "robbery": 1 }, "geometry": { "type": "Point", "coordinates": [ -84.383186339999952, 33.737659454000038 ] } },
{ "type": "Feature", "properties": { "OBJECTID": 739, "id": "ATLANTA_1997_2024213030250", "x": -84.396369934082031, "y": 33.748458862304688, "robbery": 1 }, "geometry": { "type": "Point", "coordinates": [ -84.396369933999949, 33.748458862000064 ] } },
{ "type": "Feature", "properties": { "OBJECTID": 740, "id": "ATLANTA_1997_2024213030688", "x": -84.38519287109375, "y": 33.742530822753906, "robbery": 1 }, "geometry": { "type": "Point", "coordinates": [ -84.385192870999958, 33.742530823000038 ] } },
{ "type": "Feature", "properties": { "OBJECTID": 741, "id": "ATLANTA_1997_2024213030758", "x": -84.390907287597656, "y": 33.731781005859375, "robbery": 1 }, "geometry": { "type": "Point", "coordinates": [ -84.390907287999937, 33.731781006000062 ] } },
{ "type": "Feature", "properties": { "OBJECTID": 742, "id": "ATLANTA_1997_2024213030851", "x": -84.3585205078125, "y": 33.853160858154297, "robbery": 1 }, "geometry": { "type": "Point", "coordinates": [ -84.35852050799997, 33.853160858000024 ] } },
{ "type": "Feature", "properties": { "OBJECTID": 743, "id": "ATLANTA_1997_2024213030993", "x": -84.451736450195312, "y": 33.764869689941406, "robbery": 1 }, "geometry": { "type": "Point", "coordinates": [ -84.451736449999942, 33.764869690000069 ] } },
{ "type": "Feature", "properties": { "OBJECTID": 744, "id": "ATLANTA_1997_2024213031831", "x": -84.420242309570312, "y": 33.737651824951172, "robbery": 1 }, "geometry": { "type": "Point", "coordinates": [ -84.420242309999935, 33.737651825000057 ] } },
{ "type": "Feature", "properties": { "OBJECTID": 745, "id": "ATLANTA_1997_2024213040362", "x": -84.384872436523438, "y": 33.757450103759766, "robbery": 1 }, "geometry": { "type": "Point", "coordinates": [ -84.384872436999956, 33.757450104000043 ] } },
{ "type": "Feature", "properties": { "OBJECTID": 746, "id": "ATLANTA_1997_2024213041122", "x": -84.311363220214844, "y": 33.739730834960938, "robbery": 1 }, "geometry": { "type": "Point", "coordinates": [ -84.311363219999976, 33.739730835000046 ] } },
{ "type": "Feature", "properties": { "OBJECTID": 747, "id": "ATLANTA_1997_2024213050311", "x": -84.371467590332031, "y": 33.821430206298828, "robbery": 1 }, "geometry": { "type": "Point", "coordinates": [ -84.371467589999952, 33.821430206000059 ] } },
{ "type": "Feature", "properties": { "OBJECTID": 748, "id": "ATLANTA_1997_2024213050679", "x": -84.366348266601562, "y": 33.649349212646484, "robbery": 1 }, "geometry": { "type": "Point", "coordinates": [ -84.366348266999978, 33.64934921300005 ] } },
{ "type": "Feature", "properties": { "OBJECTID": 749, "id": "ATLANTA_1997_2024213060335", "x": -84.461013793945312, "y": 33.770450592041016, "robbery": 1 }, "geometry": { "type": "Point", "coordinates": [ -84.461013793999939, 33.770450592000032 ] } },
{ "type": "Feature", "properties": { "OBJECTID": 750, "id": "ATLANTA_1997_2024213060824", "x": -84.370452880859375, "y": 33.672931671142578, "robbery": 1 }, "geometry": { "type": "Point", "coordinates": [ -84.370452880999949, 33.672931671000072 ] } },
{ "type": "Feature", "properties": { "OBJECTID": 751, "id": "ATLANTA_1997_2024213061538", "x": -84.380157470703125, "y": 33.679840087890625, "robbery": 1 }, "geometry": { "type": "Point", "coordinates": [ -84.380157470999961, 33.679840088000049 ] } },
{ "type": "Feature", "properties": { "OBJECTID": 752, "id": "ATLANTA_1997_2024213061635", "x": -84.388359069824219, "y": 33.730339050292969, "robbery": 1 }, "geometry": { "type": "Point", "coordinates": [ -84.388359069999979, 33.730339050000055 ] } },
{ "type": "Feature", "properties": { "OBJECTID": 753, "id": "ATLANTA_1997_2024213070987", "x": -84.33734130859375, "y": 33.735401153564453, "robbery": 1 }, "geometry": { "type": "Point", "coordinates": [ -84.337341308999953, 33.735401154000044 ] } },
{ "type": "Feature", "properties": { "OBJECTID": 754, "id": "ATLANTA_1997_2024213071920", "x": -84.388496398925781, "y": 33.819339752197266, "robbery": 1 }, "geometry": { "type": "Point", "coordinates": [ -84.388496398999962, 33.819339752000076 ] } },
{ "type": "Feature", "properties": { "OBJECTID": 755, "id": "ATLANTA_1997_2024213081081", "x": -84.447898864746094, "y": 33.751091003417969, "robbery": 1 }, "geometry": { "type": "Point", "coordinates": [ -84.447898864999956, 33.751091003000056 ] } },
{ "type": "Feature", "properties": { "OBJECTID": 756, "id": "ATLANTA_1997_2024213081342", "x": -84.454376220703125, "y": 33.700241088867188, "robbery": 1 }, "geometry": { "type": "Point", "coordinates": [ -84.454376220999961, 33.700241089000031 ] } },
{ "type": "Feature", "properties": { "OBJECTID": 757, "id": "ATLANTA_1997_2024213081717", "x": -84.384750366210938, "y": 33.842411041259766, "robbery": 1 }, "geometry": { "type": "Point", "coordinates": [ -84.384750365999935, 33.842411041000048 ] } },
{ "type": "Feature", "properties": { "OBJECTID": 758, "id": "ATLANTA_1997_2024213081842", "x": -84.361213684082031, "y": 33.740619659423828, "robbery": 1 }, "geometry": { "type": "Point", "coordinates": [ -84.361213683999949, 33.74061965900006 ] } },
{ "type": "Feature", "properties": { "OBJECTID": 759, "id": "ATLANTA_1997_2024213091519", "x": -84.373031616210938, "y": 33.753108978271484, "robbery": 1 }, "geometry": { "type": "Point", "coordinates": [ -84.373031615999935, 33.753108978000057 ] } },
{ "type": "Feature", "properties": { "OBJECTID": 760, "id": "ATLANTA_1997_2024213100296", "x": -84.417343139648438, "y": 33.750881195068359, "robbery": 1 }, "geometry": { "type": "Point", "coordinates": [ -84.417343139999957, 33.750881195000034 ] } },
{ "type": "Feature", "properties": { "OBJECTID": 761, "id": "ATLANTA_1997_2024213100408", "x": -84.408157348632812, "y": 33.681640625, "robbery": 1 }, "geometry": { "type": "Point", "coordinates": [ -84.408157348999964, 33.681640625000057 ] } },
{ "type": "Feature", "properties": { "OBJECTID": 762, "id": "ATLANTA_1997_2024213100511", "x": -84.47247314453125, "y": 33.763900756835938, "robbery": 1 }, "geometry": { "type": "Point", "coordinates": [ -84.472473144999981, 33.763900757000044 ] } },
{ "type": "Feature", "properties": { "OBJECTID": 763, "id": "ATLANTA_1997_2024213101127", "x": -84.334762573242188, "y": 33.764591217041016, "robbery": 1 }, "geometry": { "type": "Point", "coordinates": [ -84.334762572999978, 33.764591217000032 ] } },
{ "type": "Feature", "properties": { "OBJECTID": 764, "id": "ATLANTA_1997_2024213110023", "x": -84.380172729492188, "y": 33.769489288330078, "robbery": 1 }, "geometry": { "type": "Point", "coordinates": [ -84.38017272899998, 33.769489288000045 ] } },
{ "type": "Feature", "properties": { "OBJECTID": 765, "id": "ATLANTA_1997_2024213110233", "x": -84.439979553222656, "y": 33.764678955078125, "robbery": 1 }, "geometry": { "type": "Point", "coordinates": [ -84.439979552999944, 33.764678955000079 ] } },
{ "type": "Feature", "properties": { "OBJECTID": 766, "id": "ATLANTA_1997_2024213110778", "x": -84.510643005371094, "y": 33.658111572265625, "robbery": 1 }, "geometry": { "type": "Point", "coordinates": [ -84.510643004999963, 33.658111572000053 ] } },
{ "type": "Feature", "properties": { "OBJECTID": 767, "id": "ATLANTA_1997_2024213111049", "x": -84.372886657714844, "y": 33.840221405029297, "robbery": 1 }, "geometry": { "type": "Point", "coordinates": [ -84.37288665799997, 33.840221405000079 ] } },
{ "type": "Feature", "properties": { "OBJECTID": 768, "id": "ATLANTA_1997_2024213111208", "x": -84.392082214355469, "y": 33.753200531005859, "robbery": 1 }, "geometry": { "type": "Point", "coordinates": [ -84.39208221399997, 33.753200531000061 ] } },
{ "type": "Feature", "properties": { "OBJECTID": 769, "id": "ATLANTA_1997_2024213111307", "x": -84.382606506347656, "y": 33.764938354492188, "robbery": 1 }, "geometry": { "type": "Point", "coordinates": [ -84.382606505999945, 33.764938354000037 ] } },
{ "type": "Feature", "properties": { "OBJECTID": 770, "id": "ATLANTA_1997_2024213111344", "x": -84.349571228027344, "y": 33.743568420410156, "robbery": 1 }, "geometry": { "type": "Point", "coordinates": [ -84.349571227999945, 33.743568420000031 ] } },
{ "type": "Feature", "properties": { "OBJECTID": 771, "id": "ATLANTA_1997_2024213111378", "x": -84.391387939453125, "y": 33.726909637451172, "robbery": 1 }, "geometry": { "type": "Point", "coordinates": [ -84.391387938999969, 33.726909637000063 ] } },
{ "type": "Feature", "properties": { "OBJECTID": 772, "id": "ATLANTA_1997_2024213131369", "x": -84.496223449707031, "y": 33.672920227050781, "robbery": 1 }, "geometry": { "type": "Point", "coordinates": [ -84.496223449999945, 33.672920227000077 ] } },
{ "type": "Feature", "properties": { "OBJECTID": 773, "id": "ATLANTA_1997_2024213131373", "x": -84.376747131347656, "y": 33.707229614257812, "robbery": 1 }, "geometry": { "type": "Point", "coordinates": [ -84.376747130999945, 33.707229614000028 ] } },
{ "type": "Feature", "properties": { "OBJECTID": 774, "id": "ATLANTA_1997_2024213131698", "x": -84.395339965820312, "y": 33.74652099609375, "robbery": 1 }, "geometry": { "type": "Point", "coordinates": [ -84.395339965999938, 33.746520996000072 ] } },
{ "type": "Feature", "properties": { "OBJECTID": 775, "id": "ATLANTA_1997_2024213131925", "x": -84.417350769042969, "y": 33.763660430908203, "robbery": 1 }, "geometry": { "type": "Point", "coordinates": [ -84.417350768999938, 33.763660431000062 ] } },
{ "type": "Feature", "properties": { "OBJECTID": 776, "id": "ATLANTA_1997_2024213140002", "x": -84.43341064453125, "y": 33.803310394287109, "robbery": 1 }, "geometry": { "type": "Point", "coordinates": [ -84.433410644999981, 33.80331039400005 ] } },
{ "type": "Feature", "properties": { "OBJECTID": 777, "id": "ATLANTA_1997_2024213151537", "x": -84.418296813964844, "y": 33.754379272460938, "robbery": 1 }, "geometry": { "type": "Point", "coordinates": [ -84.418296813999973, 33.754379272000051 ] } },
{ "type": "Feature", "properties": { "OBJECTID": 778, "id": "ATLANTA_1997_2024213160228", "x": -84.424560546875, "y": 33.720611572265625, "robbery": 1 }, "geometry": { "type": "Point", "coordinates": [ -84.424560546999942, 33.720611572000053 ] } },
{ "type": "Feature", "properties": { "OBJECTID": 779, "id": "ATLANTA_1997_2024213161293", "x": -84.423896789550781, "y": 33.738391876220703, "robbery": 1 }, "geometry": { "type": "Point", "coordinates": [ -84.423896789999958, 33.738391876000037 ] } },
{ "type": "Feature", "properties": { "OBJECTID": 780, "id": "ATLANTA_1997_2024213161719", "x": -84.393569946289062, "y": 33.752529144287109, "robbery": 1 }, "geometry": { "type": "Point", "coordinates": [ -84.393569945999957, 33.75252914400005 ] } },
{ "type": "Feature", "properties": { "OBJECTID": 781, "id": "ATLANTA_1997_2024213170497", "x": -84.40765380859375, "y": 33.703811645507812, "robbery": 1 }, "geometry": { "type": "Point", "coordinates": [ -84.407653808999953, 33.703811646000077 ] } },
{ "type": "Feature", "properties": { "OBJECTID": 782, "id": "ATLANTA_1997_2024213170775", "x": -84.371940612792969, "y": 33.773441314697266, "robbery": 1 }, "geometry": { "type": "Point", "coordinates": [ -84.371940612999936, 33.773441315000071 ] } },
{ "type": "Feature", "properties": { "OBJECTID": 783, "id": "ATLANTA_1997_2024213190527", "x": -84.416091918945312, "y": 33.810371398925781, "robbery": 1 }, "geometry": { "type": "Point", "coordinates": [ -84.416091918999939, 33.810371399000076 ] } },
{ "type": "Feature", "properties": { "OBJECTID": 784, "id": "ATLANTA_1997_2024213190838", "x": -84.405326843261719, "y": 33.674400329589844, "robbery": 1 }, "geometry": { "type": "Point", "coordinates": [ -84.405326842999955, 33.674400330000026 ] } },
{ "type": "Feature", "properties": { "OBJECTID": 785, "id": "ATLANTA_1997_2024213191277", "x": -84.364151000976562, "y": 33.819869995117188, "robbery": 1 }, "geometry": { "type": "Point", "coordinates": [ -84.364151000999982, 33.819869995000033 ] } },
{ "type": "Feature", "properties": { "OBJECTID": 786, "id": "ATLANTA_1997_2024213191418", "x": -84.415420532226562, "y": 33.7393798828125, "robbery": 1 }, "geometry": { "type": "Point", "coordinates": [ -84.415420531999985, 33.739379883000026 ] } },
{ "type": "Feature", "properties": { "OBJECTID": 787, "id": "ATLANTA_1997_2024213200109", "x": -84.392082214355469, "y": 33.811191558837891, "robbery": 1 }, "geometry": { "type": "Point", "coordinates": [ -84.39208221399997, 33.811191559000065 ] } },
{ "type": "Feature", "properties": { "OBJECTID": 788, "id": "ATLANTA_1997_2024213200238", "x": -84.367233276367188, "y": 33.834678649902344, "robbery": 1 }, "geometry": { "type": "Point", "coordinates": [ -84.367233275999979, 33.834678650000058 ] } },
{ "type": "Feature", "properties": { "OBJECTID": 789, "id": "ATLANTA_1997_2024213201729", "x": -84.382553100585938, "y": 33.757678985595703, "robbery": 1 }, "geometry": { "type": "Point", "coordinates": [ -84.382553100999985, 33.75767898600003 ] } },
{ "type": "Feature", "properties": { "OBJECTID": 790, "id": "ATLANTA_1997_2024213211233", "x": -84.429466247558594, "y": 33.735099792480469, "robbery": 1 }, "geometry": { "type": "Point", "coordinates": [ -84.429466247999983, 33.735099792000028 ] } },
{ "type": "Feature", "properties": { "OBJECTID": 791, "id": "ATLANTA_1997_2024213230868", "x": -84.461326599121094, "y": 33.722808837890625, "robbery": 1 }, "geometry": { "type": "Point", "coordinates": [ -84.46132659899996, 33.722808838000049 ] } },
{ "type": "Feature", "properties": { "OBJECTID": 792, "id": "ATLANTA_1997_2024213240352", "x": -84.350616455078125, "y": 33.778591156005859, "robbery": 1 }, "geometry": { "type": "Point", "coordinates": [ -84.350616454999965, 33.778591156000061 ] } },
{ "type": "Feature", "properties": { "OBJECTID": 793, "id": "ATLANTA_1997_2024213241074", "x": -84.48773193359375, "y": 33.753238677978516, "robbery": 1 }, "geometry": { "type": "Point", "coordinates": [ -84.487731933999953, 33.753238678000059 ] } },
{ "type": "Feature", "properties": { "OBJECTID": 794, "id": "ATLANTA_1997_2024213250393", "x": -84.476951599121094, "y": 33.751270294189453, "robbery": 1 }, "geometry": { "type": "Point", "coordinates": [ -84.47695159899996, 33.751270294000051 ] } },
{ "type": "Feature", "properties": { "OBJECTID": 795, "id": "ATLANTA_1997_2024213250936", "x": -84.404327392578125, "y": 33.740249633789062, "robbery": 1 }, "geometry": { "type": "Point", "coordinates": [ -84.40432739299996, 33.740249634000065 ] } },
{ "type": "Feature", "properties": { "OBJECTID": 796, "id": "ATLANTA_1997_2024213251570", "x": -84.415840148925781, "y": 33.724258422851562, "robbery": 1 }, "geometry": { "type": "Point", "coordinates": [ -84.415840148999962, 33.724258423000038 ] } },
{ "type": "Feature", "properties": { "OBJECTID": 797, "id": "ATLANTA_1997_2024213251702", "x": -84.393753051757812, "y": 33.721641540527344, "robbery": 1 }, "geometry": { "type": "Point", "coordinates": [ -84.393753051999965, 33.721641541000054 ] } },
{ "type": "Feature", "properties": { "OBJECTID": 798, "id": "ATLANTA_1997_2024213260146", "x": -84.475631713867188, "y": 33.782360076904297, "robbery": 1 }, "geometry": { "type": "Point", "coordinates": [ -84.475631713999974, 33.782360077000078 ] } },
{ "type": "Feature", "properties": { "OBJECTID": 799, "id": "ATLANTA_1997_2024213260520", "x": -84.346282958984375, "y": 33.740501403808594, "robbery": 1 }, "geometry": { "type": "Point", "coordinates": [ -84.34628295899995, 33.740501404000042 ] } },
{ "type": "Feature", "properties": { "OBJECTID": 800, "id": "ATLANTA_1997_2024213301763", "x": -84.413078308105469, "y": 33.711921691894531, "robbery": 1 }, "geometry": { "type": "Point", "coordinates": [ -84.413078307999967, 33.711921692000033 ] } },
{ "type": "Feature", "properties": { "OBJECTID": 801, "id": "ATLANTA_1997_2024213302004", "x": -84.398597717285156, "y": 33.737251281738281, "robbery": 1 }, "geometry": { "type": "Point", "coordinates": [ -84.398597716999973, 33.737251282000045 ] } },
{ "type": "Feature", "properties": { "OBJECTID": 802, "id": "ATLANTA_1997_2024213302903", "x": -84.313697814941406, "y": 33.755020141601562, "robbery": 1 }, "geometry": { "type": "Point", "coordinates": [ -84.313697814999955, 33.755020142000035 ] } },
{ "type": "Feature", "properties": { "OBJECTID": 803, "id": "ATLANTA_1997_2024213303174", "x": -84.489471435546875, "y": 33.776958465576172, "robbery": 1 }, "geometry": { "type": "Point", "coordinates": [ -84.489471435999974, 33.776958466000053 ] } },
{ "type": "Feature", "properties": { "OBJECTID": 804, "id": "ATLANTA_1997_2024213303851", "x": -84.395599365234375, "y": 33.736808776855469, "robbery": 1 }, "geometry": { "type": "Point", "coordinates": [ -84.395599364999953, 33.736808777000078 ] } },
{ "type": "Feature", "properties": { "OBJECTID": 805, "id": "ATLANTA_1997_2024213303982", "x": -84.376190185546875, "y": 33.747150421142578, "robbery": 1 }, "geometry": { "type": "Point", "coordinates": [ -84.376190185999974, 33.747150421000072 ] } },
{ "type": "Feature", "properties": { "OBJECTID": 806, "id": "ATLANTA_1997_2024213310768", "x": -84.363243103027344, "y": 33.756660461425781, "robbery": 1 }, "geometry": { "type": "Point", "coordinates": [ -84.363243102999945, 33.756660461000024 ] } },
{ "type": "Feature", "properties": { "OBJECTID": 807, "id": "ATLANTA_1997_2024213312332", "x": -84.417701721191406, "y": 33.762870788574219, "robbery": 1 }, "geometry": { "type": "Point", "coordinates": [ -84.417701720999958, 33.762870789000033 ] } },
{ "type": "Feature", "properties": { "OBJECTID": 808, "id": "ATLANTA_1997_2024213320270", "x": -84.367057800292969, "y": 33.650310516357422, "robbery": 1 }, "geometry": { "type": "Point", "coordinates": [ -84.367057799999941, 33.650310516000047 ] } },
{ "type": "Feature", "properties": { "OBJECTID": 809, "id": "ATLANTA_1997_2024213321232", "x": -84.408447265625, "y": 33.72174072265625, "robbery": 1 }, "geometry": { "type": "Point", "coordinates": [ -84.408447265999939, 33.721740723000039 ] } },
{ "type": "Feature", "properties": { "OBJECTID": 810, "id": "ATLANTA_1997_2024213331596", "x": -84.340972900390625, "y": 33.756671905517578, "robbery": 1 }, "geometry": { "type": "Point", "coordinates": [ -84.34097289999994, 33.756671906000065 ] } },
{ "type": "Feature", "properties": { "OBJECTID": 811, "id": "ATLANTA_1997_2024213341084", "x": -84.5047607421875, "y": 33.778949737548828, "robbery": 1 }, "geometry": { "type": "Point", "coordinates": [ -84.504760741999974, 33.778949738000051 ] } },
{ "type": "Feature", "properties": { "OBJECTID": 812, "id": "ATLANTA_1997_2024213341207", "x": -84.447807312011719, "y": 33.750881195068359, "robbery": 1 }, "geometry": { "type": "Point", "coordinates": [ -84.447807311999952, 33.750881195000034 ] } },
{ "type": "Feature", "properties": { "OBJECTID": 813, "id": "ATLANTA_1997_2024213350265", "x": -84.382209777832031, "y": 33.782100677490234, "robbery": 1 }, "geometry": { "type": "Point", "coordinates": [ -84.382209777999947, 33.782100677000074 ] } },
{ "type": "Feature", "properties": { "OBJECTID": 814, "id": "ATLANTA_1997_2024213350914", "x": -84.489631652832031, "y": 33.690448760986328, "robbery": 1 }, "geometry": { "type": "Point", "coordinates": [ -84.489631652999947, 33.690448761000027 ] } },
{ "type": "Feature", "properties": { "OBJECTID": 815, "id": "ATLANTA_1997_2024213351939", "x": -84.452133178710938, "y": 33.708858489990234, "robbery": 1 }, "geometry": { "type": "Point", "coordinates": [ -84.452133178999986, 33.708858490000068 ] } },
{ "type": "Feature", "properties": { "OBJECTID": 816, "id": "ATLANTA_1997_2024213360971", "x": -84.475486755371094, "y": 33.781299591064453, "robbery": 1 }, "geometry": { "type": "Point", "coordinates": [ -84.475486754999963, 33.78129959100005 ] } },
{ "type": "Feature", "properties": { "OBJECTID": 817, "id": "ATLANTA_1997_2024213361114", "x": -84.39349365234375, "y": 33.751628875732422, "robbery": 1 }, "geometry": { "type": "Point", "coordinates": [ -84.393493651999961, 33.751628876000041 ] } },
{ "type": "Feature", "properties": { "OBJECTID": 818, "id": "ATLANTA_1997_2024213361845", "x": -84.456161499023438, "y": 33.700340270996094, "robbery": 1 }, "geometry": { "type": "Point", "coordinates": [ -84.456161498999961, 33.700340271000073 ] } },
{ "type": "Feature", "properties": { "OBJECTID": 819, "id": "ATLANTA_1997_2024213370797", "x": -84.395889282226562, "y": 33.671039581298828, "robbery": 1 }, "geometry": { "type": "Point", "coordinates": [ -84.395889281999985, 33.671039581000059 ] } },
{ "type": "Feature", "properties": { "OBJECTID": 820, "id": "ATLANTA_1997_2024213380826", "x": -84.410537719726562, "y": 33.861648559570312, "robbery": 1 }, "geometry": { "type": "Point", "coordinates": [ -84.410537719999979, 33.861648560000049 ] } },
{ "type": "Feature", "properties": { "OBJECTID": 821, "id": "ATLANTA_1997_2024213381695", "x": -84.378608703613281, "y": 33.7647705078125, "robbery": 1 }, "geometry": { "type": "Point", "coordinates": [ -84.378608703999987, 33.764770508000026 ] } },
{ "type": "Feature", "properties": { "OBJECTID": 822, "id": "ATLANTA_1997_2024213390354", "x": -84.385276794433594, "y": 33.775848388671875, "robbery": 1 }, "geometry": { "type": "Point", "coordinates": [ -84.385276793999935, 33.775848389000032 ] } },
{ "type": "Feature", "properties": { "OBJECTID": 823, "id": "ATLANTA_1997_2024213391226", "x": -84.402397155761719, "y": 33.742031097412109, "robbery": 1 }, "geometry": { "type": "Point", "coordinates": [ -84.40239715599995, 33.742031097000051 ] } },
{ "type": "Feature", "properties": { "OBJECTID": 824, "id": "ATLANTA_1997_2024213400870", "x": -84.346099853515625, "y": 33.756771087646484, "robbery": 1 }, "geometry": { "type": "Point", "coordinates": [ -84.346099853999988, 33.75677108800005 ] } },
{ "type": "Feature", "properties": { "OBJECTID": 825, "id": "ATLANTA_1997_2024213401004", "x": -84.36181640625, "y": 33.74713134765625, "robbery": 1 }, "geometry": { "type": "Point", "coordinates": [ -84.361816405999946, 33.747131348000039 ] } },
{ "type": "Feature", "properties": { "OBJECTID": 826, "id": "ATLANTA_1997_2024213410054", "x": -84.39227294921875, "y": 33.809860229492188, "robbery": 1 }, "geometry": { "type": "Point", "coordinates": [ -84.39227294899996, 33.809860229000037 ] } },
{ "type": "Feature", "properties": { "OBJECTID": 827, "id": "ATLANTA_1997_2024213410998", "x": -84.386337280273438, "y": 33.735580444335938, "robbery": 1 }, "geometry": { "type": "Point", "coordinates": [ -84.386337279999964, 33.73558044400005 ] } },
{ "type": "Feature", "properties": { "OBJECTID": 828, "id": "ATLANTA_1997_2024213411300", "x": -84.382606506347656, "y": 33.764938354492188, "robbery": 1 }, "geometry": { "type": "Point", "coordinates": [ -84.382606505999945, 33.764938354000037 ] } },
{ "type": "Feature", "properties": { "OBJECTID": 829, "id": "ATLANTA_1997_2024213411434", "x": -84.441421508789062, "y": 33.771961212158203, "robbery": 1 }, "geometry": { "type": "Point", "coordinates": [ -84.441421508999952, 33.771961212000065 ] } },
{ "type": "Feature", "properties": { "OBJECTID": 830, "id": "ATLANTA_1997_2024213420183", "x": -84.442901611328125, "y": 33.750751495361328, "robbery": 1 }, "geometry": { "type": "Point", "coordinates": [ -84.442901610999968, 33.750751495000031 ] } },
{ "type": "Feature", "properties": { "OBJECTID": 831, "id": "ATLANTA_1997_2024213420815", "x": -84.417411804199219, "y": 33.737899780273438, "robbery": 1 }, "geometry": { "type": "Point", "coordinates": [ -84.417411803999983, 33.737899780000077 ] } },
{ "type": "Feature", "properties": { "OBJECTID": 832, "id": "ATLANTA_1997_2024213430422", "x": -84.388206481933594, "y": 33.793109893798828, "robbery": 1 }, "geometry": { "type": "Point", "coordinates": [ -84.388206481999987, 33.793109894000054 ] } },
{ "type": "Feature", "properties": { "OBJECTID": 833, "id": "ATLANTA_1997_2024213440147", "x": -84.401527404785156, "y": 33.74652099609375, "robbery": 1 }, "geometry": { "type": "Point", "coordinates": [ -84.401527404999968, 33.746520996000072 ] } },
{ "type": "Feature", "properties": { "OBJECTID": 834, "id": "ATLANTA_1997_2024213450080", "x": -84.418190002441406, "y": 33.741001129150391, "robbery": 1 }, "geometry": { "type": "Point", "coordinates": [ -84.41819000199996, 33.74100112900004 ] } },
{ "type": "Feature", "properties": { "OBJECTID": 835, "id": "ATLANTA_1997_2024213450532", "x": -84.368141174316406, "y": 33.807559967041016, "robbery": 1 }, "geometry": { "type": "Point", "coordinates": [ -84.368141173999959, 33.807559967000032 ] } },
{ "type": "Feature", "properties": { "OBJECTID": 836, "id": "ATLANTA_1997_2024213451137", "x": -84.509742736816406, "y": 33.741840362548828, "robbery": 1 }, "geometry": { "type": "Point", "coordinates": [ -84.509742736999954, 33.741840363000051 ] } },
{ "type": "Feature", "properties": { "OBJECTID": 837, "id": "ATLANTA_1997_2024213451369", "x": -84.387863159179688, "y": 33.739681243896484, "robbery": 1 }, "geometry": { "type": "Point", "coordinates": [ -84.387863158999949, 33.739681244000053 ] } },
{ "type": "Feature", "properties": { "OBJECTID": 838, "id": "ATLANTA_1997_2024213460539", "x": -84.444221496582031, "y": 33.731689453125, "robbery": 1 }, "geometry": { "type": "Point", "coordinates": [ -84.444221496999944, 33.731689453000058 ] } },
{ "type": "Feature", "properties": { "OBJECTID": 839, "id": "ATLANTA_1997_2024213461278", "x": -84.363487243652344, "y": 33.823921203613281, "robbery": 1 }, "geometry": { "type": "Point", "coordinates": [ -84.363487243999941, 33.823921204000044 ] } },
{ "type": "Feature", "properties": { "OBJECTID": 840, "id": "ATLANTA_1997_2024213490605", "x": -84.408592224121094, "y": 33.764980316162109, "robbery": 1 }, "geometry": { "type": "Point", "coordinates": [ -84.40859222399996, 33.764980316000049 ] } },
{ "type": "Feature", "properties": { "OBJECTID": 841, "id": "ATLANTA_1997_2024213490994", "x": -84.378982543945312, "y": 33.679569244384766, "robbery": 1 }, "geometry": { "type": "Point", "coordinates": [ -84.378982543999939, 33.679569244000049 ] } },
{ "type": "Feature", "properties": { "OBJECTID": 842, "id": "ATLANTA_1997_2024213491748", "x": -84.434577941894531, "y": 33.723140716552734, "robbery": 1 }, "geometry": { "type": "Point", "coordinates": [ -84.434577941999976, 33.723140717000035 ] } },
{ "type": "Feature", "properties": { "OBJECTID": 843, "id": "ATLANTA_1997_2024213511317", "x": -84.480270385742188, "y": 33.780300140380859, "robbery": 1 }, "geometry": { "type": "Point", "coordinates": [ -84.480270385999972, 33.780300140000065 ] } },
{ "type": "Feature", "properties": { "OBJECTID": 844, "id": "ATLANTA_1997_2024213511816", "x": -84.387611389160156, "y": 33.671779632568359, "robbery": 1 }, "geometry": { "type": "Point", "coordinates": [ -84.387611388999971, 33.671779633000028 ] } },
{ "type": "Feature", "properties": { "OBJECTID": 845, "id": "ATLANTA_1997_2024213511875", "x": -84.414093017578125, "y": 33.755390167236328, "robbery": 1 }, "geometry": { "type": "Point", "coordinates": [ -84.41409301799996, 33.75539016700003 ] } },
{ "type": "Feature", "properties": { "OBJECTID": 846, "id": "ATLANTA_1997_2024213512059", "x": -84.427352905273438, "y": 33.786029815673828, "robbery": 1 }, "geometry": { "type": "Point", "coordinates": [ -84.427352904999964, 33.786029816000053 ] } },
{ "type": "Feature", "properties": { "OBJECTID": 847, "id": "ATLANTA_1997_2024213520909", "x": -84.380317687988281, "y": 33.706779479980469, "robbery": 1 }, "geometry": { "type": "Point", "coordinates": [ -84.380317687999934, 33.70677948000008 ] } },
{ "type": "Feature", "properties": { "OBJECTID": 848, "id": "ATLANTA_1997_2024213521565", "x": -84.364433288574219, "y": 33.759811401367188, "robbery": 1 }, "geometry": { "type": "Point", "coordinates": [ -84.364433288999976, 33.759811401000036 ] } },
{ "type": "Feature", "properties": { "OBJECTID": 849, "id": "ATLANTA_1997_2024213530217", "x": -84.37640380859375, "y": 33.755668640136719, "robbery": 1 }, "geometry": { "type": "Point", "coordinates": [ -84.376403808999953, 33.755668640000067 ] } },
{ "type": "Feature", "properties": { "OBJECTID": 850, "id": "ATLANTA_1997_2024213530882", "x": -84.464111328125, "y": 33.813549041748047, "robbery": 1 }, "geometry": { "type": "Point", "coordinates": [ -84.464111327999944, 33.813549042000034 ] } },
{ "type": "Feature", "properties": { "OBJECTID": 851, "id": "ATLANTA_1997_2024213540259", "x": -84.377403259277344, "y": 33.773990631103516, "robbery": 1 }, "geometry": { "type": "Point", "coordinates": [ -84.377403258999948, 33.773990631000061 ] } },
{ "type": "Feature", "properties": { "OBJECTID": 852, "id": "ATLANTA_1997_2024213540885", "x": -84.388343811035156, "y": 33.779209136962891, "robbery": 1 }, "geometry": { "type": "Point", "coordinates": [ -84.38834381099997, 33.779209137000066 ] } },
{ "type": "Feature", "properties": { "OBJECTID": 853, "id": "ATLANTA_1997_2024213551398", "x": -84.412742614746094, "y": 33.808559417724609, "robbery": 1 }, "geometry": { "type": "Point", "coordinates": [ -84.412742614999956, 33.808559418000073 ] } },
{ "type": "Feature", "properties": { "OBJECTID": 854, "id": "ATLANTA_1997_2024213560235", "x": -84.414436340332031, "y": 33.706089019775391, "robbery": 1 }, "geometry": { "type": "Point", "coordinates": [ -84.414436339999952, 33.706089020000036 ] } },
{ "type": "Feature", "properties": { "OBJECTID": 855, "id": "ATLANTA_1997_2024213561358", "x": -84.382469177246094, "y": 33.833869934082031, "robbery": 1 }, "geometry": { "type": "Point", "coordinates": [ -84.382469176999962, 33.833869934000063 ] } },
{ "type": "Feature", "properties": { "OBJECTID": 856, "id": "ATLANTA_1997_2024213561726", "x": -84.370452880859375, "y": 33.672931671142578, "robbery": 1 }, "geometry": { "type": "Point", "coordinates": [ -84.370452880999949, 33.672931671000072 ] } },
{ "type": "Feature", "properties": { "OBJECTID": 857, "id": "ATLANTA_1997_2024213570068", "x": -84.4052734375, "y": 33.84503173828125, "robbery": 1 }, "geometry": { "type": "Point", "coordinates": [ -84.405273437999938, 33.845031738000046 ] } },
{ "type": "Feature", "properties": { "OBJECTID": 858, "id": "ATLANTA_1997_2024213570583", "x": -84.472442626953125, "y": 33.778720855712891, "robbery": 1 }, "geometry": { "type": "Point", "coordinates": [ -84.472442626999964, 33.778720856000064 ] } },
{ "type": "Feature", "properties": { "OBJECTID": 859, "id": "ATLANTA_1997_2024213571039", "x": -84.346687316894531, "y": 33.733169555664062, "robbery": 1 }, "geometry": { "type": "Point", "coordinates": [ -84.346687316999976, 33.733169556000064 ] } },
{ "type": "Feature", "properties": { "OBJECTID": 860, "id": "ATLANTA_1997_2024213580591", "x": -84.403350830078125, "y": 33.763679504394531, "robbery": 1 }, "geometry": { "type": "Point", "coordinates": [ -84.403350829999965, 33.763679504000038 ] } },
{ "type": "Feature", "properties": { "OBJECTID": 861, "id": "ATLANTA_1997_2024213580927", "x": -84.382118225097656, "y": 33.772819519042969, "robbery": 1 }, "geometry": { "type": "Point", "coordinates": [ -84.382118224999942, 33.772819519000052 ] } },
{ "type": "Feature", "properties": { "OBJECTID": 862, "id": "ATLANTA_1997_2024213590193", "x": -84.415336608886719, "y": 33.764110565185547, "robbery": 1 }, "geometry": { "type": "Point", "coordinates": [ -84.415336608999951, 33.764110565000067 ] } },
{ "type": "Feature", "properties": { "OBJECTID": 863, "id": "ATLANTA_1997_2024213590770", "x": -84.427658081054688, "y": 33.757431030273438, "robbery": 1 }, "geometry": { "type": "Point", "coordinates": [ -84.427658080999947, 33.757431030000077 ] } },
{ "type": "Feature", "properties": { "OBJECTID": 864, "id": "ATLANTA_1997_2024213601149", "x": -84.395820617675781, "y": 33.790931701660156, "robbery": 1 }, "geometry": { "type": "Point", "coordinates": [ -84.395820617999959, 33.79093170200008 ] } },
{ "type": "Feature", "properties": { "OBJECTID": 865, "id": "ATLANTA_1997_2024213611259", "x": -84.451736450195312, "y": 33.764869689941406, "robbery": 1 }, "geometry": { "type": "Point", "coordinates": [ -84.451736449999942, 33.764869690000069 ] } },
{ "type": "Feature", "properties": { "OBJECTID": 866, "id": "ATLANTA_1997_2024213611470", "x": -84.407440185546875, "y": 33.801078796386719, "robbery": 1 }, "geometry": { "type": "Point", "coordinates": [ -84.407440185999974, 33.80107879600007 ] } },
{ "type": "Feature", "properties": { "OBJECTID": 867, "id": "ATLANTA_1997_2024213620402", "x": -84.348876953125, "y": 33.747840881347656, "robbery": 1 }, "geometry": { "type": "Point", "coordinates": [ -84.348876952999944, 33.747840881000059 ] } },
{ "type": "Feature", "properties": { "OBJECTID": 868, "id": "ATLANTA_1997_2024213620405", "x": -84.402511596679688, "y": 33.74945068359375, "robbery": 1 }, "geometry": { "type": "Point", "coordinates": [ -84.402511596999943, 33.749450684000067 ] } },
{ "type": "Feature", "properties": { "OBJECTID": 869, "id": "ATLANTA_1997_2024213620453", "x": -84.497726440429688, "y": 33.787578582763672, "robbery": 1 }, "geometry": { "type": "Point", "coordinates": [ -84.497726439999951, 33.787578583000027 ] } },
{ "type": "Feature", "properties": { "OBJECTID": 870, "id": "ATLANTA_1997_2024213620997", "x": -84.403091430664062, "y": 33.791919708251953, "robbery": 1 }, "geometry": { "type": "Point", "coordinates": [ -84.40309143099995, 33.79191970800008 ] } },
{ "type": "Feature", "properties": { "OBJECTID": 871, "id": "ATLANTA_1997_2024213630208", "x": -84.371528625488281, "y": 33.836498260498047, "robbery": 1 }, "geometry": { "type": "Point", "coordinates": [ -84.371528624999939, 33.836498260000042 ] } },
{ "type": "Feature", "properties": { "OBJECTID": 872, "id": "ATLANTA_1997_2024213630258", "x": -84.413436889648438, "y": 33.759281158447266, "robbery": 1 }, "geometry": { "type": "Point", "coordinates": [ -84.413436889999957, 33.759281158000078 ] } },
{ "type": "Feature", "properties": { "OBJECTID": 873, "id": "ATLANTA_1997_2024213630434", "x": -84.341972351074219, "y": 33.767520904541016, "robbery": 1 }, "geometry": { "type": "Point", "coordinates": [ -84.341972350999981, 33.767520905000026 ] } },
{ "type": "Feature", "properties": { "OBJECTID": 874, "id": "ATLANTA_1997_2024213641076", "x": -84.535873413085938, "y": 33.682338714599609, "robbery": 1 }, "geometry": { "type": "Point", "coordinates": [ -84.535873413, 33.682338715000071 ] } },
{ "type": "Feature", "properties": { "OBJECTID": 875, "id": "ATLANTA_1997_2024213641299", "x": -84.41497802734375, "y": 33.741001129150391, "robbery": 1 }, "geometry": { "type": "Point", "coordinates": [ -84.414978026999961, 33.74100112900004 ] } },
{ "type": "Feature", "properties": { "OBJECTID": 876, "id": "ATLANTA_1997_2024213641308", "x": -84.347846984863281, "y": 33.757099151611328, "robbery": 1 }, "geometry": { "type": "Point", "coordinates": [ -84.347846985, 33.757099152000023 ] } },
{ "type": "Feature", "properties": { "OBJECTID": 877, "id": "ATLANTA_1997_2024213650242", "x": -84.407440185546875, "y": 33.801078796386719, "robbery": 1 }, "geometry": { "type": "Point", "coordinates": [ -84.407440185999974, 33.80107879600007 ] } },
{ "type": "Feature", "properties": { "OBJECTID": 878, "id": "ATLANTA_1997_2024213650370", "x": -84.387168884277344, "y": 33.758659362792969, "robbery": 1 }, "geometry": { "type": "Point", "coordinates": [ -84.387168883999948, 33.758659363000049 ] } },
{ "type": "Feature", "properties": { "OBJECTID": 879, "id": "ATLANTA_1997_2024213650966", "x": -84.389472961425781, "y": 33.770648956298828, "robbery": 1 }, "geometry": { "type": "Point", "coordinates": [ -84.389472960999967, 33.770648956000059 ] } },
{ "type": "Feature", "properties": { "OBJECTID": 880, "id": "ATLANTA_1997_2024213651541", "x": -84.36749267578125, "y": 33.826019287109375, "robbery": 1 }, "geometry": { "type": "Point", "coordinates": [ -84.367492675999983, 33.826019287000065 ] } },
{ "type": "Feature", "properties": { "OBJECTID": 881, "id": "ATLANTA_1997_2024220011596", "x": -84.534683227539062, "y": 33.695789337158203, "robbery": 1 }, "geometry": { "type": "Point", "coordinates": [ -84.534683227999949, 33.695789337000065 ] } },
{ "type": "Feature", "properties": { "OBJECTID": 882, "id": "ATLANTA_1997_2024220020034", "x": -84.378959655761719, "y": 33.837181091308594, "robbery": 1 }, "geometry": { "type": "Point", "coordinates": [ -84.37895965599995, 33.837181091000048 ] } },
{ "type": "Feature", "properties": { "OBJECTID": 883, "id": "ATLANTA_1997_2024220020722", "x": -84.455299377441406, "y": 33.708591461181641, "robbery": 1 }, "geometry": { "type": "Point", "coordinates": [ -84.45529937699996, 33.708591461000026 ] } },
{ "type": "Feature", "properties": { "OBJECTID": 884, "id": "ATLANTA_1997_2024220021233", "x": -84.405799865722656, "y": 33.683750152587891, "robbery": 1 }, "geometry": { "type": "Point", "coordinates": [ -84.405799865999938, 33.683750153000062 ] } },
{ "type": "Feature", "properties": { "OBJECTID": 885, "id": "ATLANTA_1997_2024220021246", "x": -84.425682067871094, "y": 33.763820648193359, "robbery": 1 }, "geometry": { "type": "Point", "coordinates": [ -84.425682067999958, 33.763820648000035 ] } },
{ "type": "Feature", "properties": { "OBJECTID": 886, "id": "ATLANTA_1997_2024220031036", "x": -84.482681274414062, "y": 33.704208374023438, "robbery": 1 }, "geometry": { "type": "Point", "coordinates": [ -84.482681273999958, 33.704208374000075 ] } },
{ "type": "Feature", "properties": { "OBJECTID": 887, "id": "ATLANTA_1997_2024220031126", "x": -84.408126831054688, "y": 33.718418121337891, "robbery": 1 }, "geometry": { "type": "Point", "coordinates": [ -84.408126830999947, 33.71841812100007 ] } },
{ "type": "Feature", "properties": { "OBJECTID": 888, "id": "ATLANTA_1997_2024220040083", "x": -84.358757019042969, "y": 33.844139099121094, "robbery": 1 }, "geometry": { "type": "Point", "coordinates": [ -84.358757018999938, 33.844139099000074 ] } },
{ "type": "Feature", "properties": { "OBJECTID": 889, "id": "ATLANTA_1997_2024220051052", "x": -84.456832885742188, "y": 33.714790344238281, "robbery": 1 }, "geometry": { "type": "Point", "coordinates": [ -84.456832885999972, 33.71479034400005 ] } },
{ "type": "Feature", "properties": { "OBJECTID": 890, "id": "ATLANTA_1997_2024220051189", "x": -84.417427062988281, "y": 33.737720489501953, "robbery": 1 }, "geometry": { "type": "Point", "coordinates": [ -84.417427062999934, 33.737720490000072 ] } },
{ "type": "Feature", "properties": { "OBJECTID": 891, "id": "ATLANTA_1997_2024220051469", "x": -84.353103637695312, "y": 33.774261474609375, "robbery": 1 }, "geometry": { "type": "Point", "coordinates": [ -84.353103637999936, 33.77426147500006 ] } },
{ "type": "Feature", "properties": { "OBJECTID": 892, "id": "ATLANTA_1997_2024220051588", "x": -84.37506103515625, "y": 33.767448425292969, "robbery": 1 }, "geometry": { "type": "Point", "coordinates": [ -84.375061034999987, 33.767448425000055 ] } },
{ "type": "Feature", "properties": { "OBJECTID": 893, "id": "ATLANTA_1997_2024220060364", "x": -84.373268127441406, "y": 33.818088531494141, "robbery": 1 }, "geometry": { "type": "Point", "coordinates": [ -84.37326812699996, 33.818088531000058 ] } },
{ "type": "Feature", "properties": { "OBJECTID": 894, "id": "ATLANTA_1997_2024220071854", "x": -84.350090026855469, "y": 33.714450836181641, "robbery": 1 }, "geometry": { "type": "Point", "coordinates": [ -84.350090026999965, 33.714450836000026 ] } },
{ "type": "Feature", "properties": { "OBJECTID": 895, "id": "ATLANTA_1997_2024220080988", "x": -84.3585205078125, "y": 33.853160858154297, "robbery": 1 }, "geometry": { "type": "Point", "coordinates": [ -84.35852050799997, 33.853160858000024 ] } },
{ "type": "Feature", "properties": { "OBJECTID": 896, "id": "ATLANTA_1997_2024220081651", "x": -84.411483764648438, "y": 33.780231475830078, "robbery": 1 }, "geometry": { "type": "Point", "coordinates": [ -84.411483764999957, 33.78023147600004 ] } },
{ "type": "Feature", "properties": { "OBJECTID": 897, "id": "ATLANTA_1997_2024220090229", "x": -84.427398681640625, "y": 33.719978332519531, "robbery": 1 }, "geometry": { "type": "Point", "coordinates": [ -84.427398681999989, 33.719978333000029 ] } },
{ "type": "Feature", "properties": { "OBJECTID": 898, "id": "ATLANTA_1997_2024220091406", "x": -84.392349243164062, "y": 33.716259002685547, "robbery": 1 }, "geometry": { "type": "Point", "coordinates": [ -84.392349242999956, 33.716259003000062 ] } },
{ "type": "Feature", "properties": { "OBJECTID": 899, "id": "ATLANTA_1997_2024220100716", "x": -84.465713500976562, "y": 33.783931732177734, "robbery": 1 }, "geometry": { "type": "Point", "coordinates": [ -84.465713500999982, 33.783931732000042 ] } },
{ "type": "Feature", "properties": { "OBJECTID": 900, "id": "ATLANTA_1997_2024220101532", "x": -84.381973266601562, "y": 33.856460571289062, "robbery": 1 }, "geometry": { "type": "Point", "coordinates": [ -84.381973266999978, 33.856460571000071 ] } },
{ "type": "Feature", "properties": { "OBJECTID": 901, "id": "ATLANTA_1997_2024220110643", "x": -84.349578857421875, "y": 33.746879577636719, "robbery": 1 }, "geometry": { "type": "Point", "coordinates": [ -84.349578856999983, 33.746879578000062 ] } },
{ "type": "Feature", "properties": { "OBJECTID": 902, "id": "ATLANTA_1997_2024220110852", "x": -84.478988647460938, "y": 33.797290802001953, "robbery": 1 }, "geometry": { "type": "Point", "coordinates": [ -84.478988646999937, 33.797290802000077 ] } },
{ "type": "Feature", "properties": { "OBJECTID": 903, "id": "ATLANTA_1997_2024220110922", "x": -84.46875, "y": 33.7540283203125, "robbery": 1 }, "geometry": { "type": "Point", "coordinates": [ -84.46875, 33.754028320000032 ] } },
{ "type": "Feature", "properties": { "OBJECTID": 904, "id": "ATLANTA_1997_2024220131829", "x": -84.358757019042969, "y": 33.844139099121094, "robbery": 1 }, "geometry": { "type": "Point", "coordinates": [ -84.358757018999938, 33.844139099000074 ] } },
{ "type": "Feature", "properties": { "OBJECTID": 905, "id": "ATLANTA_1997_2024220131922", "x": -84.384483337402344, "y": 33.780399322509766, "robbery": 1 }, "geometry": { "type": "Point", "coordinates": [ -84.384483336999949, 33.78039932300004 ] } },
{ "type": "Feature", "properties": { "OBJECTID": 906, "id": "ATLANTA_1997_2024220141492", "x": -84.383583068847656, "y": 33.773040771484375, "robbery": 1 }, "geometry": { "type": "Point", "coordinates": [ -84.38358306899994, 33.773040771000069 ] } },
{ "type": "Feature", "properties": { "OBJECTID": 907, "id": "ATLANTA_1997_2024220150396", "x": -84.403350830078125, "y": 33.763679504394531, "robbery": 1 }, "geometry": { "type": "Point", "coordinates": [ -84.403350829999965, 33.763679504000038 ] } },
{ "type": "Feature", "properties": { "OBJECTID": 908, "id": "ATLANTA_1997_2024220151099", "x": -84.393043518066406, "y": 33.723461151123047, "robbery": 1 }, "geometry": { "type": "Point", "coordinates": [ -84.393043517999956, 33.723461151000038 ] } },
{ "type": "Feature", "properties": { "OBJECTID": 909, "id": "ATLANTA_1997_2024220160443", "x": -84.408157348632812, "y": 33.723201751708984, "robbery": 1 }, "geometry": { "type": "Point", "coordinates": [ -84.408157348999964, 33.72320175200008 ] } },
{ "type": "Feature", "properties": { "OBJECTID": 910, "id": "ATLANTA_1997_2024220160710", "x": -84.333793640136719, "y": 33.747200012207031, "robbery": 1 }, "geometry": { "type": "Point", "coordinates": [ -84.333793639999953, 33.747200012000064 ] } },
{ "type": "Feature", "properties": { "OBJECTID": 911, "id": "ATLANTA_1997_2024220171095", "x": -84.394363403320312, "y": 33.766860961914062, "robbery": 1 }, "geometry": { "type": "Point", "coordinates": [ -84.394363402999943, 33.766860962000067 ] } },
{ "type": "Feature", "properties": { "OBJECTID": 912, "id": "ATLANTA_1997_2024220180059", "x": -84.410743713378906, "y": 33.726181030273438, "robbery": 1 }, "geometry": { "type": "Point", "coordinates": [ -84.410743712999988, 33.726181030000077 ] } },
{ "type": "Feature", "properties": { "OBJECTID": 913, "id": "ATLANTA_1997_2024220180368", "x": -84.417091369628906, "y": 33.768539428710938, "robbery": 1 }, "geometry": { "type": "Point", "coordinates": [ -84.41709136999998, 33.768539429000043 ] } },
{ "type": "Feature", "properties": { "OBJECTID": 914, "id": "ATLANTA_1997_2024220180532", "x": -84.390823364257812, "y": 33.809898376464844, "robbery": 1 }, "geometry": { "type": "Point", "coordinates": [ -84.390823363999971, 33.809898376000035 ] } },
{ "type": "Feature", "properties": { "OBJECTID": 915, "id": "ATLANTA_1997_2024220181561", "x": -84.425376892089844, "y": 33.731239318847656, "robbery": 1 }, "geometry": { "type": "Point", "coordinates": [ -84.425376891999974, 33.731239319000053 ] } },
{ "type": "Feature", "properties": { "OBJECTID": 916, "id": "ATLANTA_1997_2024220181798", "x": -84.408233642578125, "y": 33.746200561523438, "robbery": 1 }, "geometry": { "type": "Point", "coordinates": [ -84.40823364299996, 33.74620056200007 ] } },
{ "type": "Feature", "properties": { "OBJECTID": 917, "id": "ATLANTA_1997_2024220191589", "x": -84.373443603515625, "y": 33.761001586914062, "robbery": 1 }, "geometry": { "type": "Point", "coordinates": [ -84.373443603999988, 33.761001587000067 ] } },
{ "type": "Feature", "properties": { "OBJECTID": 918, "id": "ATLANTA_1997_2024220200875", "x": -84.501983642578125, "y": 33.684970855712891, "robbery": 1 }, "geometry": { "type": "Point", "coordinates": [ -84.50198364299996, 33.684970856000064 ] } },
{ "type": "Feature", "properties": { "OBJECTID": 919, "id": "ATLANTA_1997_2024220201459", "x": -84.349456787109375, "y": 33.753410339355469, "robbery": 1 }, "geometry": { "type": "Point", "coordinates": [ -84.349456786999951, 33.753410339000027 ] } },
{ "type": "Feature", "properties": { "OBJECTID": 920, "id": "ATLANTA_1997_2024220201747", "x": -84.467857360839844, "y": 33.752300262451172, "robbery": 1 }, "geometry": { "type": "Point", "coordinates": [ -84.467857360999972, 33.752300262000063 ] } },
{ "type": "Feature", "properties": { "OBJECTID": 921, "id": "ATLANTA_1997_2024220210082", "x": -84.36212158203125, "y": 33.707939147949219, "robbery": 1 }, "geometry": { "type": "Point", "coordinates": [ -84.362121581999986, 33.707939148000037 ] } },
{ "type": "Feature", "properties": { "OBJECTID": 922, "id": "ATLANTA_1997_2024220210504", "x": -84.396270751953125, "y": 33.750808715820312, "robbery": 1 }, "geometry": { "type": "Point", "coordinates": [ -84.396270751999964, 33.750808716000051 ] } },
{ "type": "Feature", "properties": { "OBJECTID": 923, "id": "ATLANTA_1997_2024220211500", "x": -84.350547790527344, "y": 33.813869476318359, "robbery": 1 }, "geometry": { "type": "Point", "coordinates": [ -84.35054779099994, 33.813869476000036 ] } },
{ "type": "Feature", "properties": { "OBJECTID": 924, "id": "ATLANTA_1997_2024220211749", "x": -84.36279296875, "y": 33.826488494873047, "robbery": 1 }, "geometry": { "type": "Point", "coordinates": [ -84.362792968999941, 33.826488495000035 ] } },
{ "type": "Feature", "properties": { "OBJECTID": 925, "id": "ATLANTA_1997_2024220221005", "x": -84.465538024902344, "y": 33.751129150390625, "robbery": 1 }, "geometry": { "type": "Point", "coordinates": [ -84.465538024999944, 33.751129150000054 ] } },
{ "type": "Feature", "properties": { "OBJECTID": 926, "id": "ATLANTA_1997_2024220221465", "x": -84.456031799316406, "y": 33.705780029296875, "robbery": 1 }, "geometry": { "type": "Point", "coordinates": [ -84.456031798999959, 33.705780029000039 ] } },
{ "type": "Feature", "properties": { "OBJECTID": 927, "id": "ATLANTA_1997_2024220240073", "x": -84.371406555175781, "y": 33.770969390869141, "robbery": 1 }, "geometry": { "type": "Point", "coordinates": [ -84.371406554999965, 33.770969391000051 ] } },
{ "type": "Feature", "properties": { "OBJECTID": 928, "id": "ATLANTA_1997_2024220241069", "x": -84.37158203125, "y": 33.773700714111328, "robbery": 1 }, "geometry": { "type": "Point", "coordinates": [ -84.371582030999946, 33.773700714000029 ] } },
{ "type": "Feature", "properties": { "OBJECTID": 929, "id": "ATLANTA_1997_2024220241846", "x": -84.382469177246094, "y": 33.833869934082031, "robbery": 1 }, "geometry": { "type": "Point", "coordinates": [ -84.382469176999962, 33.833869934000063 ] } },
{ "type": "Feature", "properties": { "OBJECTID": 930, "id": "ATLANTA_1997_2024220250353", "x": -84.390022277832031, "y": 33.671619415283203, "robbery": 1 }, "geometry": { "type": "Point", "coordinates": [ -84.390022277999947, 33.671619415000066 ] } },
{ "type": "Feature", "properties": { "OBJECTID": 931, "id": "ATLANTA_1997_2024220270814", "x": -84.492027282714844, "y": 33.782791137695312, "robbery": 1 }, "geometry": { "type": "Point", "coordinates": [ -84.49202728299997, 33.78279113800005 ] } },
{ "type": "Feature", "properties": { "OBJECTID": 932, "id": "ATLANTA_1997_2024220270907", "x": -84.378662109375, "y": 33.736118316650391, "robbery": 1 }, "geometry": { "type": "Point", "coordinates": [ -84.378662108999947, 33.736118317000034 ] } },
{ "type": "Feature", "properties": { "OBJECTID": 933, "id": "ATLANTA_1997_2024220280714", "x": -84.373077392578125, "y": 33.841281890869141, "robbery": 1 }, "geometry": { "type": "Point", "coordinates": [ -84.37307739299996, 33.841281891000051 ] } },
{ "type": "Feature", "properties": { "OBJECTID": 934, "id": "ATLANTA_1997_2024220280888", "x": -84.378707885742188, "y": 33.765850067138672, "robbery": 1 }, "geometry": { "type": "Point", "coordinates": [ -84.378707885999972, 33.765850067000031 ] } },
{ "type": "Feature", "properties": { "OBJECTID": 935, "id": "ATLANTA_1997_2024220281677", "x": -84.362358093261719, "y": 33.845310211181641, "robbery": 1 }, "geometry": { "type": "Point", "coordinates": [ -84.362358092999955, 33.845310211000026 ] } },
{ "type": "Feature", "properties": { "OBJECTID": 936, "id": "ATLANTA_1997_2024220290944", "x": -84.374038696289062, "y": 33.841178894042969, "robbery": 1 }, "geometry": { "type": "Point", "coordinates": [ -84.374038695999957, 33.841178894000052 ] } },
{ "type": "Feature", "properties": { "OBJECTID": 937, "id": "ATLANTA_1997_2024220291558", "x": -84.348899841308594, "y": 33.724300384521484, "robbery": 1 }, "geometry": { "type": "Point", "coordinates": [ -84.348899840999934, 33.724300385000049 ] } },
{ "type": "Feature", "properties": { "OBJECTID": 938, "id": "ATLANTA_1997_2024220301058", "x": -84.384956359863281, "y": 33.761589050292969, "robbery": 1 }, "geometry": { "type": "Point", "coordinates": [ -84.38495636, 33.761589050000055 ] } },
{ "type": "Feature", "properties": { "OBJECTID": 939, "id": "ATLANTA_1997_2024220301433", "x": -84.373077392578125, "y": 33.841281890869141, "robbery": 1 }, "geometry": { "type": "Point", "coordinates": [ -84.37307739299996, 33.841281891000051 ] } },
{ "type": "Feature", "properties": { "OBJECTID": 940, "id": "ATLANTA_1997_2024220301448", "x": -84.390823364257812, "y": 33.809898376464844, "robbery": 1 }, "geometry": { "type": "Point", "coordinates": [ -84.390823363999971, 33.809898376000035 ] } },
{ "type": "Feature", "properties": { "OBJECTID": 941, "id": "ATLANTA_1997_2024220311216", "x": -84.378089904785156, "y": 33.708011627197266, "robbery": 1 }, "geometry": { "type": "Point", "coordinates": [ -84.378089904999968, 33.708011627000076 ] } },
{ "type": "Feature", "properties": { "OBJECTID": 942, "id": "ATLANTA_1997_2024220311255", "x": -84.438179016113281, "y": 33.733211517333984, "robbery": 1 }, "geometry": { "type": "Point", "coordinates": [ -84.438179015999935, 33.733211517000029 ] } },
{ "type": "Feature", "properties": { "OBJECTID": 943, "id": "ATLANTA_1997_2024220311291", "x": -84.350776672363281, "y": 33.817340850830078, "robbery": 1 }, "geometry": { "type": "Point", "coordinates": [ -84.350776671999938, 33.81734085100004 ] } },
{ "type": "Feature", "properties": { "OBJECTID": 944, "id": "ATLANTA_1997_2024220321129", "x": -84.510078430175781, "y": 33.679908752441406, "robbery": 1 }, "geometry": { "type": "Point", "coordinates": [ -84.510078429999965, 33.679908752000074 ] } },
{ "type": "Feature", "properties": { "OBJECTID": 945, "id": "ATLANTA_1997_2024220322052", "x": -84.380119323730469, "y": 33.781639099121094, "robbery": 1 }, "geometry": { "type": "Point", "coordinates": [ -84.380119323999963, 33.781639099000074 ] } },
{ "type": "Feature", "properties": { "OBJECTID": 946, "id": "ATLANTA_1997_2024220330357", "x": -84.382209777832031, "y": 33.782100677490234, "robbery": 1 }, "geometry": { "type": "Point", "coordinates": [ -84.382209777999947, 33.782100677000074 ] } },
{ "type": "Feature", "properties": { "OBJECTID": 947, "id": "ATLANTA_1997_2024220340868", "x": -84.454917907714844, "y": 33.705741882324219, "robbery": 1 }, "geometry": { "type": "Point", "coordinates": [ -84.45491790799997, 33.705741882000041 ] } },
{ "type": "Feature", "properties": { "OBJECTID": 948, "id": "ATLANTA_1997_2024220341911", "x": -84.453102111816406, "y": 33.708641052246094, "robbery": 1 }, "geometry": { "type": "Point", "coordinates": [ -84.453102111999954, 33.708641052000075 ] } },
{ "type": "Feature", "properties": { "OBJECTID": 949, "id": "ATLANTA_1997_2024220350496", "x": -84.46917724609375, "y": 33.763031005859375, "robbery": 1 }, "geometry": { "type": "Point", "coordinates": [ -84.469177245999958, 33.763031006000062 ] } },
{ "type": "Feature", "properties": { "OBJECTID": 950, "id": "ATLANTA_1997_2024220351773", "x": -84.471023559570312, "y": 33.805431365966797, "robbery": 1 }, "geometry": { "type": "Point", "coordinates": [ -84.471023559999935, 33.80543136600005 ] } },
{ "type": "Feature", "properties": { "OBJECTID": 951, "id": "ATLANTA_1997_2024220371225", "x": -84.380752563476562, "y": 33.782161712646484, "robbery": 1 }, "geometry": { "type": "Point", "coordinates": [ -84.380752562999987, 33.78216171300005 ] } },
{ "type": "Feature", "properties": { "OBJECTID": 952, "id": "ATLANTA_1997_2024220380009", "x": -84.425918579101562, "y": 33.764518737792969, "robbery": 1 }, "geometry": { "type": "Point", "coordinates": [ -84.425918578999983, 33.764518738000049 ] } },
{ "type": "Feature", "properties": { "OBJECTID": 953, "id": "ATLANTA_1997_2024220381016", "x": -84.512077331542969, "y": 33.743240356445312, "robbery": 1 }, "geometry": { "type": "Point", "coordinates": [ -84.512077332, 33.743240356000058 ] } },
{ "type": "Feature", "properties": { "OBJECTID": 954, "id": "ATLANTA_1997_2024220381062", "x": -84.443367004394531, "y": 33.733489990234375, "robbery": 1 }, "geometry": { "type": "Point", "coordinates": [ -84.443367003999981, 33.733489990000066 ] } },
{ "type": "Feature", "properties": { "OBJECTID": 955, "id": "ATLANTA_1997_2024220390109", "x": -84.393791198730469, "y": 33.736560821533203, "robbery": 1 }, "geometry": { "type": "Point", "coordinates": [ -84.393791198999963, 33.736560822000058 ] } },
{ "type": "Feature", "properties": { "OBJECTID": 956, "id": "ATLANTA_1997_2024220402002", "x": -84.424713134765625, "y": 33.803920745849609, "robbery": 1 }, "geometry": { "type": "Point", "coordinates": [ -84.424713135, 33.803920746000074 ] } },
{ "type": "Feature", "properties": { "OBJECTID": 957, "id": "ATLANTA_1997_2024220431539", "x": -84.398513793945312, "y": 33.752578735351562, "robbery": 1 }, "geometry": { "type": "Point", "coordinates": [ -84.398513793999939, 33.752578735000043 ] } },
{ "type": "Feature", "properties": { "OBJECTID": 958, "id": "ATLANTA_1997_2024220431844", "x": -84.389617919921875, "y": 33.787029266357422, "robbery": 1 }, "geometry": { "type": "Point", "coordinates": [ -84.389617919999978, 33.787029266000047 ] } },
{ "type": "Feature", "properties": { "OBJECTID": 959, "id": "ATLANTA_1997_2024220450717", "x": -84.362358093261719, "y": 33.845310211181641, "robbery": 1 }, "geometry": { "type": "Point", "coordinates": [ -84.362358092999955, 33.845310211000026 ] } },
{ "type": "Feature", "properties": { "OBJECTID": 960, "id": "ATLANTA_1997_2024220450815", "x": -84.390937805175781, "y": 33.767730712890625, "robbery": 1 }, "geometry": { "type": "Point", "coordinates": [ -84.390937804999965, 33.767730713000049 ] } },
{ "type": "Feature", "properties": { "OBJECTID": 961, "id": "ATLANTA_1997_2024220460486", "x": -84.477157592773438, "y": 33.754070281982422, "robbery": 1 }, "geometry": { "type": "Point", "coordinates": [ -84.477157592999959, 33.754070282000043 ] } },
{ "type": "Feature", "properties": { "OBJECTID": 962, "id": "ATLANTA_1997_2024220470802", "x": -84.501419067382812, "y": 33.681499481201172, "robbery": 1 }, "geometry": { "type": "Point", "coordinates": [ -84.501419066999972, 33.68149948100006 ] } },
{ "type": "Feature", "properties": { "OBJECTID": 963, "id": "ATLANTA_1997_2024220471629", "x": -84.335517883300781, "y": 33.757640838623047, "robbery": 1 }, "geometry": { "type": "Point", "coordinates": [ -84.335517882999966, 33.757640839000032 ] } },
{ "type": "Feature", "properties": { "OBJECTID": 964, "id": "ATLANTA_1997_2024220481279", "x": -84.379913330078125, "y": 33.839969635009766, "robbery": 1 }, "geometry": { "type": "Point", "coordinates": [ -84.379913329999965, 33.839969635000045 ] } },
{ "type": "Feature", "properties": { "OBJECTID": 965, "id": "ATLANTA_1997_2024220490400", "x": -84.382133483886719, "y": 33.745460510253906, "robbery": 1 }, "geometry": { "type": "Point", "coordinates": [ -84.382133483999951, 33.745460510000044 ] } },
{ "type": "Feature", "properties": { "OBJECTID": 966, "id": "ATLANTA_1997_2024220491938", "x": -84.429466247558594, "y": 33.735099792480469, "robbery": 1 }, "geometry": { "type": "Point", "coordinates": [ -84.429466247999983, 33.735099792000028 ] } },
{ "type": "Feature", "properties": { "OBJECTID": 967, "id": "ATLANTA_1997_2024220500485", "x": -84.365219116210938, "y": 33.807529449462891, "robbery": 1 }, "geometry": { "type": "Point", "coordinates": [ -84.365219115999935, 33.807529449000072 ] } },
{ "type": "Feature", "properties": { "OBJECTID": 968, "id": "ATLANTA_1997_2024220510182", "x": -84.394851684570312, "y": 33.669689178466797, "robbery": 1 }, "geometry": { "type": "Point", "coordinates": [ -84.394851684999935, 33.669689178000056 ] } },
{ "type": "Feature", "properties": { "OBJECTID": 969, "id": "ATLANTA_1997_2024220511216", "x": -84.456832885742188, "y": 33.706611633300781, "robbery": 1 }, "geometry": { "type": "Point", "coordinates": [ -84.456832885999972, 33.70661163300008 ] } },
{ "type": "Feature", "properties": { "OBJECTID": 970, "id": "ATLANTA_1997_2024220511594", "x": -84.474952697753906, "y": 33.751888275146484, "robbery": 1 }, "geometry": { "type": "Point", "coordinates": [ -84.474952697999981, 33.751888275000056 ] } },
{ "type": "Feature", "properties": { "OBJECTID": 971, "id": "ATLANTA_1997_2024220520042", "x": -84.493919372558594, "y": 33.787849426269531, "robbery": 1 }, "geometry": { "type": "Point", "coordinates": [ -84.493919372999983, 33.787849426000037 ] } },
{ "type": "Feature", "properties": { "OBJECTID": 972, "id": "ATLANTA_1997_2024220530239", "x": -84.489036560058594, "y": 33.693389892578125, "robbery": 1 }, "geometry": { "type": "Point", "coordinates": [ -84.489036559999988, 33.693389893000074 ] } },
{ "type": "Feature", "properties": { "OBJECTID": 973, "id": "ATLANTA_1997_2024220540552", "x": -84.41644287109375, "y": 33.751010894775391, "robbery": 1 }, "geometry": { "type": "Point", "coordinates": [ -84.416442870999958, 33.751010895000036 ] } },
{ "type": "Feature", "properties": { "OBJECTID": 974, "id": "ATLANTA_1997_2024220540846", "x": -84.393463134765625, "y": 33.679908752441406, "robbery": 1 }, "geometry": { "type": "Point", "coordinates": [ -84.393463135, 33.679908752000074 ] } },
{ "type": "Feature", "properties": { "OBJECTID": 975, "id": "ATLANTA_1997_2024220541643", "x": -84.506782531738281, "y": 33.769680023193359, "robbery": 1 }, "geometry": { "type": "Point", "coordinates": [ -84.506782531999988, 33.769680023000035 ] } },
{ "type": "Feature", "properties": { "OBJECTID": 976, "id": "ATLANTA_1997_2024220541927", "x": -84.392257690429688, "y": 33.809860229492188, "robbery": 1 }, "geometry": { "type": "Point", "coordinates": [ -84.392257689999951, 33.809860229000037 ] } },
{ "type": "Feature", "properties": { "OBJECTID": 977, "id": "ATLANTA_1997_2024220550248", "x": -84.3975830078125, "y": 33.790859222412109, "robbery": 1 }, "geometry": { "type": "Point", "coordinates": [ -84.39758300799997, 33.790859222000051 ] } },
{ "type": "Feature", "properties": { "OBJECTID": 978, "id": "ATLANTA_1997_2024220550916", "x": -84.3631591796875, "y": 33.824310302734375, "robbery": 1 }, "geometry": { "type": "Point", "coordinates": [ -84.363159179999968, 33.824310303000061 ] } },
{ "type": "Feature", "properties": { "OBJECTID": 979, "id": "ATLANTA_1997_2024220552118", "x": -84.386589050292969, "y": 33.827259063720703, "robbery": 1 }, "geometry": { "type": "Point", "coordinates": [ -84.386589049999941, 33.827259064000032 ] } },
{ "type": "Feature", "properties": { "OBJECTID": 980, "id": "ATLANTA_1997_2024220570369", "x": -84.368118286132812, "y": 33.717460632324219, "robbery": 1 }, "geometry": { "type": "Point", "coordinates": [ -84.368118285999969, 33.717460632000041 ] } },
{ "type": "Feature", "properties": { "OBJECTID": 981, "id": "ATLANTA_1997_2024220571591", "x": -84.464042663574219, "y": 33.726699829101562, "robbery": 1 }, "geometry": { "type": "Point", "coordinates": [ -84.464042663999976, 33.72669982900004 ] } },
{ "type": "Feature", "properties": { "OBJECTID": 982, "id": "ATLANTA_1997_2024220580636", "x": -84.382926940917969, "y": 33.839340209960938, "robbery": 1 }, "geometry": { "type": "Point", "coordinates": [ -84.382926940999937, 33.839340210000046 ] } },
{ "type": "Feature", "properties": { "OBJECTID": 983, "id": "ATLANTA_1997_2024220590836", "x": -84.419242858886719, "y": 33.769058227539062, "robbery": 1 }, "geometry": { "type": "Point", "coordinates": [ -84.419242858999951, 33.769058228000063 ] } },
{ "type": "Feature", "properties": { "OBJECTID": 984, "id": "ATLANTA_1997_2024220602024", "x": -84.385932922363281, "y": 33.827789306640625, "robbery": 1 }, "geometry": { "type": "Point", "coordinates": [ -84.385932921999938, 33.827789307000046 ] } },
{ "type": "Feature", "properties": { "OBJECTID": 985, "id": "ATLANTA_1997_2024220622269", "x": -84.391799926757812, "y": 33.749790191650391, "robbery": 1 }, "geometry": { "type": "Point", "coordinates": [ -84.391799926999965, 33.749790192000034 ] } },
{ "type": "Feature", "properties": { "OBJECTID": 986, "id": "ATLANTA_1997_2024220631415", "x": -84.386032104492188, "y": 33.780708312988281, "robbery": 1 }, "geometry": { "type": "Point", "coordinates": [ -84.38603210399998, 33.780708313000048 ] } },
{ "type": "Feature", "properties": { "OBJECTID": 987, "id": "ATLANTA_1997_2024220650562", "x": -84.394989013671875, "y": 33.7476806640625, "robbery": 1 }, "geometry": { "type": "Point", "coordinates": [ -84.394989013999975, 33.747680664000029 ] } },
{ "type": "Feature", "properties": { "OBJECTID": 988, "id": "ATLANTA_1997_2024220651480", "x": -84.416893005371094, "y": 33.759590148925781, "robbery": 1 }, "geometry": { "type": "Point", "coordinates": [ -84.416893004999963, 33.759590149000076 ] } },
{ "type": "Feature", "properties": { "OBJECTID": 989, "id": "ATLANTA_1997_2024220660003", "x": -84.380577087402344, "y": 33.779850006103516, "robbery": 1 }, "geometry": { "type": "Point", "coordinates": [ -84.380577086999949, 33.779850006000061 ] } },
{ "type": "Feature", "properties": { "OBJECTID": 990, "id": "ATLANTA_1997_2024220660235", "x": -84.35888671875, "y": 33.708759307861328, "robbery": 1 }, "geometry": { "type": "Point", "coordinates": [ -84.358886718999941, 33.708759308000026 ] } },
{ "type": "Feature", "properties": { "OBJECTID": 991, "id": "ATLANTA_1997_2024220661887", "x": -84.476951599121094, "y": 33.751270294189453, "robbery": 1 }, "geometry": { "type": "Point", "coordinates": [ -84.47695159899996, 33.751270294000051 ] } },
{ "type": "Feature", "properties": { "OBJECTID": 992, "id": "ATLANTA_1997_2024220670098", "x": -84.390632629394531, "y": 33.798179626464844, "robbery": 1 }, "geometry": { "type": "Point", "coordinates": [ -84.390632628999981, 33.798179626000035 ] } },
{ "type": "Feature", "properties": { "OBJECTID": 993, "id": "ATLANTA_1997_2024220670743", "x": -84.371437072753906, "y": 33.770389556884766, "robbery": 1 }, "geometry": { "type": "Point", "coordinates": [ -84.371437072999981, 33.770389557000044 ] } },
{ "type": "Feature", "properties": { "OBJECTID": 994, "id": "ATLANTA_1997_2024220670924", "x": -84.464370727539062, "y": 33.721778869628906, "robbery": 1 }, "geometry": { "type": "Point", "coordinates": [ -84.464370727999949, 33.721778870000037 ] } },
{ "type": "Feature", "properties": { "OBJECTID": 995, "id": "ATLANTA_1997_2024220671663", "x": -84.513473510742188, "y": 33.690250396728516, "robbery": 1 }, "geometry": { "type": "Point", "coordinates": [ -84.513473510999972, 33.690250397000057 ] } },
{ "type": "Feature", "properties": { "OBJECTID": 996, "id": "ATLANTA_1997_2024220680221", "x": -84.392936706542969, "y": 33.699211120605469, "robbery": 1 }, "geometry": { "type": "Point", "coordinates": [ -84.392936707, 33.699211121000076 ] } },
{ "type": "Feature", "properties": { "OBJECTID": 997, "id": "ATLANTA_1997_2024220680277", "x": -84.391792297363281, "y": 33.726299285888672, "robbery": 1 }, "geometry": { "type": "Point", "coordinates": [ -84.391792296999938, 33.726299286000028 ] } },
{ "type": "Feature", "properties": { "OBJECTID": 998, "id": "ATLANTA_1997_2024220690989", "x": -84.431106567382812, "y": 33.764759063720703, "robbery": 1 }, "geometry": { "type": "Point", "coordinates": [ -84.431106566999972, 33.764759064000032 ] } },
{ "type": "Feature", "properties": { "OBJECTID": 999, "id": "ATLANTA_1997_2024220691951", "x": -84.400993347167969, "y": 33.728839874267578, "robbery": 1 }, "geometry": { "type": "Point", "coordinates": [ -84.40099334699994, 33.728839874000073 ] } },
{ "type": "Feature", "properties": { "OBJECTID": 1000, "id": "ATLANTA_1997_2024220700951", "x": -84.367942810058594, "y": 33.821701049804688, "robbery": 1 }, "geometry": { "type": "Point", "coordinates": [ -84.367942809999988, 33.821701050000058 ] } },
{ "type": "Feature", "properties": { "OBJECTID": 1001, "id": "ATLANTA_1997_2024220701657", "x": -84.390022277832031, "y": 33.671619415283203, "robbery": 1 }, "geometry": { "type": "Point", "coordinates": [ -84.390022277999947, 33.671619415000066 ] } },
{ "type": "Feature", "properties": { "OBJECTID": 1002, "id": "ATLANTA_1997_2024220711731", "x": -84.371856689453125, "y": 33.849388122558594, "robbery": 1 }, "geometry": { "type": "Point", "coordinates": [ -84.371856688999969, 33.84938812300004 ] } },
{ "type": "Feature", "properties": { "OBJECTID": 1003, "id": "ATLANTA_1997_2024220720425", "x": -84.408706665039062, "y": 33.741779327392578, "robbery": 1 }, "geometry": { "type": "Point", "coordinates": [ -84.408706664999954, 33.741779327000074 ] } },
{ "type": "Feature", "properties": { "OBJECTID": 1004, "id": "ATLANTA_1997_2024220720741", "x": -84.456031799316406, "y": 33.705780029296875, "robbery": 1 }, "geometry": { "type": "Point", "coordinates": [ -84.456031798999959, 33.705780029000039 ] } },
{ "type": "Feature", "properties": { "OBJECTID": 1005, "id": "ATLANTA_1997_2024220731928", "x": -84.483528137207031, "y": 33.700809478759766, "robbery": 1 }, "geometry": { "type": "Point", "coordinates": [ -84.483528136999951, 33.700809479000043 ] } },
{ "type": "Feature", "properties": { "OBJECTID": 1006, "id": "ATLANTA_1997_2024220741756", "x": -84.468276977539062, "y": 33.801418304443359, "robbery": 1 }, "geometry": { "type": "Point", "coordinates": [ -84.468276977999949, 33.801418304000038 ] } },
{ "type": "Feature", "properties": { "OBJECTID": 1007, "id": "ATLANTA_1997_2024220742084", "x": -84.413116455078125, "y": 33.740898132324219, "robbery": 1 }, "geometry": { "type": "Point", "coordinates": [ -84.413116454999965, 33.740898132000041 ] } },
{ "type": "Feature", "properties": { "OBJECTID": 1008, "id": "ATLANTA_1997_2024220750008", "x": -84.36865234375, "y": 33.744579315185547, "robbery": 1 }, "geometry": { "type": "Point", "coordinates": [ -84.368652343999941, 33.744579315000067 ] } },
{ "type": "Feature", "properties": { "OBJECTID": 1009, "id": "ATLANTA_1997_2024220750606", "x": -84.474029541015625, "y": 33.776191711425781, "robbery": 1 }, "geometry": { "type": "Point", "coordinates": [ -84.474029540999936, 33.776191711000024 ] } },
{ "type": "Feature", "properties": { "OBJECTID": 1010, "id": "ATLANTA_1997_2024220761871", "x": -84.443458557128906, "y": 33.750888824462891, "robbery": 1 }, "geometry": { "type": "Point", "coordinates": [ -84.443458556999985, 33.750888824000072 ] } },
{ "type": "Feature", "properties": { "OBJECTID": 1011, "id": "ATLANTA_1997_2024220770017", "x": -84.5238037109375, "y": 33.659690856933594, "robbery": 1 }, "geometry": { "type": "Point", "coordinates": [ -84.523803710999971, 33.659690857000044 ] } },
{ "type": "Feature", "properties": { "OBJECTID": 1012, "id": "ATLANTA_1997_2024220770380", "x": -84.472503662109375, "y": 33.753841400146484, "robbery": 1 }, "geometry": { "type": "Point", "coordinates": [ -84.472503661999951, 33.753841400000056 ] } },
{ "type": "Feature", "properties": { "OBJECTID": 1013, "id": "ATLANTA_1997_2024220780633", "x": -84.4638671875, "y": 33.714828491210938, "robbery": 1 }, "geometry": { "type": "Point", "coordinates": [ -84.463867187999938, 33.714828491000048 ] } },
{ "type": "Feature", "properties": { "OBJECTID": 1014, "id": "ATLANTA_1997_2024220781740", "x": -84.504913330078125, "y": 33.689620971679688, "robbery": 1 }, "geometry": { "type": "Point", "coordinates": [ -84.504913329999965, 33.689620972000057 ] } },
{ "type": "Feature", "properties": { "OBJECTID": 1015, "id": "ATLANTA_1997_2024220790021", "x": -84.425056457519531, "y": 33.76055908203125, "robbery": 1 }, "geometry": { "type": "Point", "coordinates": [ -84.425056457999972, 33.760559082000043 ] } },
{ "type": "Feature", "properties": { "OBJECTID": 1016, "id": "ATLANTA_1997_2024220790860", "x": -84.365928649902344, "y": 33.822261810302734, "robbery": 1 }, "geometry": { "type": "Point", "coordinates": [ -84.365928649999944, 33.822261810000043 ] } },
{ "type": "Feature", "properties": { "OBJECTID": 1017, "id": "ATLANTA_1997_2024220800119", "x": -84.439910888671875, "y": 33.763240814208984, "robbery": 1 }, "geometry": { "type": "Point", "coordinates": [ -84.439910888999975, 33.763240814000028 ] } },
{ "type": "Feature", "properties": { "OBJECTID": 1018, "id": "ATLANTA_1997_2024220800178", "x": -84.384162902832031, "y": 33.723869323730469, "robbery": 1 }, "geometry": { "type": "Point", "coordinates": [ -84.384162902999947, 33.723869324000077 ] } },
{ "type": "Feature", "properties": { "OBJECTID": 1019, "id": "ATLANTA_1997_2024220811750", "x": -84.404998779296875, "y": 33.768970489501953, "robbery": 1 }, "geometry": { "type": "Point", "coordinates": [ -84.404998778999982, 33.768970490000072 ] } },
{ "type": "Feature", "properties": { "OBJECTID": 1020, "id": "ATLANTA_1997_2024220811904", "x": -84.458267211914062, "y": 33.745761871337891, "robbery": 1 }, "geometry": { "type": "Point", "coordinates": [ -84.458267211999953, 33.74576187100007 ] } },
{ "type": "Feature", "properties": { "OBJECTID": 1021, "id": "ATLANTA_1997_2024220820357", "x": -84.440620422363281, "y": 33.760589599609375, "robbery": 1 }, "geometry": { "type": "Point", "coordinates": [ -84.440620421999938, 33.76058960000006 ] } },
{ "type": "Feature", "properties": { "OBJECTID": 1022, "id": "ATLANTA_1997_2024220821719", "x": -84.411979675292969, "y": 33.755100250244141, "robbery": 1 }, "geometry": { "type": "Point", "coordinates": [ -84.411979674999941, 33.755100250000055 ] } },
{ "type": "Feature", "properties": { "OBJECTID": 1023, "id": "ATLANTA_1997_2024220831480", "x": -84.407051086425781, "y": 33.764808654785156, "robbery": 1 }, "geometry": { "type": "Point", "coordinates": [ -84.407051085999967, 33.764808655000024 ] } },
{ "type": "Feature", "properties": { "OBJECTID": 1024, "id": "ATLANTA_1997_2024220840070", "x": -84.381202697753906, "y": 33.774070739746094, "robbery": 1 }, "geometry": { "type": "Point", "coordinates": [ -84.381202697999981, 33.77407074000007 ] } },
{ "type": "Feature", "properties": { "OBJECTID": 1025, "id": "ATLANTA_1997_2024220840380", "x": -84.394416809082031, "y": 33.746929168701172, "robbery": 1 }, "geometry": { "type": "Point", "coordinates": [ -84.394416808999949, 33.746929169000055 ] } },
{ "type": "Feature", "properties": { "OBJECTID": 1026, "id": "ATLANTA_1997_2024220842073", "x": -84.491043090820312, "y": 33.752861022949219, "robbery": 1 }, "geometry": { "type": "Point", "coordinates": [ -84.491043090999938, 33.752861023000037 ] } },
{ "type": "Feature", "properties": { "OBJECTID": 1027, "id": "ATLANTA_1997_2024220850004", "x": -84.388282775878906, "y": 33.729648590087891, "robbery": 1 }, "geometry": { "type": "Point", "coordinates": [ -84.388282775999983, 33.729648590000068 ] } },
{ "type": "Feature", "properties": { "OBJECTID": 1028, "id": "ATLANTA_1997_2024220860349", "x": -84.390533447265625, "y": 33.817989349365234, "robbery": 1 }, "geometry": { "type": "Point", "coordinates": [ -84.390533446999939, 33.817989349000072 ] } },
{ "type": "Feature", "properties": { "OBJECTID": 1029, "id": "ATLANTA_1997_2024220870601", "x": -84.39996337890625, "y": 33.770851135253906, "robbery": 1 }, "geometry": { "type": "Point", "coordinates": [ -84.399963378999985, 33.770851135000044 ] } },
{ "type": "Feature", "properties": { "OBJECTID": 1030, "id": "ATLANTA_1997_2024220870979", "x": -84.41705322265625, "y": 33.740879058837891, "robbery": 1 }, "geometry": { "type": "Point", "coordinates": [ -84.417053222999982, 33.740879059000065 ] } },
{ "type": "Feature", "properties": { "OBJECTID": 1031, "id": "ATLANTA_1997_2024220871347", "x": -84.403068542480469, "y": 33.732830047607422, "robbery": 1 }, "geometry": { "type": "Point", "coordinates": [ -84.403068541999971, 33.732830048000039 ] } },
{ "type": "Feature", "properties": { "OBJECTID": 1032, "id": "ATLANTA_1997_2024220881968", "x": -84.379936218261719, "y": 33.775840759277344, "robbery": 1 }, "geometry": { "type": "Point", "coordinates": [ -84.379936217999955, 33.775840759000062 ] } },
{ "type": "Feature", "properties": { "OBJECTID": 1033, "id": "ATLANTA_1997_2024220882065", "x": -84.375541687011719, "y": 33.754329681396484, "robbery": 1 }, "geometry": { "type": "Point", "coordinates": [ -84.375541686999952, 33.754329681000058 ] } },
{ "type": "Feature", "properties": { "OBJECTID": 1034, "id": "ATLANTA_1997_2024220891554", "x": -84.488212585449219, "y": 33.691150665283203, "robbery": 1 }, "geometry": { "type": "Point", "coordinates": [ -84.488212584999985, 33.691150665000066 ] } },
{ "type": "Feature", "properties": { "OBJECTID": 1035, "id": "ATLANTA_1997_2024220900903", "x": -84.397323608398438, "y": 33.748279571533203, "robbery": 1 }, "geometry": { "type": "Point", "coordinates": [ -84.397323607999965, 33.748279572000058 ] } },
{ "type": "Feature", "properties": { "OBJECTID": 1036, "id": "ATLANTA_1997_2024220910450", "x": -84.39031982421875, "y": 33.811088562011719, "robbery": 1 }, "geometry": { "type": "Point", "coordinates": [ -84.39031982399996, 33.811088562000066 ] } },
{ "type": "Feature", "properties": { "OBJECTID": 1037, "id": "ATLANTA_1997_2024220911498", "x": -84.436447143554688, "y": 33.801700592041016, "robbery": 1 }, "geometry": { "type": "Point", "coordinates": [ -84.436447143999942, 33.801700592000032 ] } },
{ "type": "Feature", "properties": { "OBJECTID": 1038, "id": "ATLANTA_1997_2024220921484", "x": -84.500709533691406, "y": 33.668399810791016, "robbery": 1 }, "geometry": { "type": "Point", "coordinates": [ -84.500709533999952, 33.668399811000029 ] } },
{ "type": "Feature", "properties": { "OBJECTID": 1039, "id": "ATLANTA_1997_2024220921776", "x": -84.34942626953125, "y": 33.765640258789062, "robbery": 1 }, "geometry": { "type": "Point", "coordinates": [ -84.349426269999981, 33.765640259000065 ] } },
{ "type": "Feature", "properties": { "OBJECTID": 1040, "id": "ATLANTA_1997_2024220921788", "x": -84.352851867675781, "y": 33.766700744628906, "robbery": 1 }, "geometry": { "type": "Point", "coordinates": [ -84.352851867999959, 33.766700745000037 ] } },
{ "type": "Feature", "properties": { "OBJECTID": 1041, "id": "ATLANTA_1997_2024220921858", "x": -84.363113403320312, "y": 33.754791259765625, "robbery": 1 }, "geometry": { "type": "Point", "coordinates": [ -84.363113402999943, 33.754791260000047 ] } },
{ "type": "Feature", "properties": { "OBJECTID": 1042, "id": "ATLANTA_1997_2024220930265", "x": -84.360023498535156, "y": 33.709648132324219, "robbery": 1 }, "geometry": { "type": "Point", "coordinates": [ -84.360023498999965, 33.709648132000041 ] } },
{ "type": "Feature", "properties": { "OBJECTID": 1043, "id": "ATLANTA_1997_2024220931575", "x": -84.412376403808594, "y": 33.782100677490234, "robbery": 1 }, "geometry": { "type": "Point", "coordinates": [ -84.412376403999986, 33.782100677000074 ] } },
{ "type": "Feature", "properties": { "OBJECTID": 1044, "id": "ATLANTA_1997_2024220951649", "x": -84.494590759277344, "y": 33.753620147705078, "robbery": 1 }, "geometry": { "type": "Point", "coordinates": [ -84.494590758999948, 33.753620148000039 ] } },
{ "type": "Feature", "properties": { "OBJECTID": 1045, "id": "ATLANTA_1997_2024220961618", "x": -84.380378723144531, "y": 33.775650024414062, "robbery": 1 }, "geometry": { "type": "Point", "coordinates": [ -84.380378722999978, 33.775650024000072 ] } },
{ "type": "Feature", "properties": { "OBJECTID": 1046, "id": "ATLANTA_1997_2024220971157", "x": -84.487327575683594, "y": 33.688339233398438, "robbery": 1 }, "geometry": { "type": "Point", "coordinates": [ -84.487327575999984, 33.688339233000079 ] } },
{ "type": "Feature", "properties": { "OBJECTID": 1047, "id": "ATLANTA_1997_2024220980070", "x": -84.358802795410156, "y": 33.76116943359375, "robbery": 1 }, "geometry": { "type": "Point", "coordinates": [ -84.358802794999974, 33.761169434000067 ] } },
{ "type": "Feature", "properties": { "OBJECTID": 1048, "id": "ATLANTA_1997_2024220981942", "x": -84.423713684082031, "y": 33.710250854492188, "robbery": 1 }, "geometry": { "type": "Point", "coordinates": [ -84.423713683999949, 33.710250854000037 ] } },
{ "type": "Feature", "properties": { "OBJECTID": 1049, "id": "ATLANTA_1997_2024221000568", "x": -84.407470703125, "y": 33.781551361083984, "robbery": 1 }, "geometry": { "type": "Point", "coordinates": [ -84.407470702999944, 33.781551361000027 ] } },
{ "type": "Feature", "properties": { "OBJECTID": 1050, "id": "ATLANTA_1997_2024221001412", "x": -84.357513427734375, "y": 33.848079681396484, "robbery": 1 }, "geometry": { "type": "Point", "coordinates": [ -84.357513427999947, 33.848079681000058 ] } },
{ "type": "Feature", "properties": { "OBJECTID": 1051, "id": "ATLANTA_1997_2024221001644", "x": -84.496307373046875, "y": 33.745800018310547, "robbery": 1 }, "geometry": { "type": "Point", "coordinates": [ -84.496307372999979, 33.745800018000068 ] } },
{ "type": "Feature", "properties": { "OBJECTID": 1052, "id": "ATLANTA_1997_2024221001648", "x": -84.349830627441406, "y": 33.761150360107422, "robbery": 1 }, "geometry": { "type": "Point", "coordinates": [ -84.34983062699996, 33.761150360000045 ] } },
{ "type": "Feature", "properties": { "OBJECTID": 1053, "id": "ATLANTA_1997_2024221010014", "x": -84.388633728027344, "y": 33.786251068115234, "robbery": 1 }, "geometry": { "type": "Point", "coordinates": [ -84.388633727999945, 33.78625106800007 ] } },
{ "type": "Feature", "properties": { "OBJECTID": 1054, "id": "ATLANTA_1997_2024221010719", "x": -84.389022827148438, "y": 33.810459136962891, "robbery": 1 }, "geometry": { "type": "Point", "coordinates": [ -84.389022826999962, 33.810459137000066 ] } },
{ "type": "Feature", "properties": { "OBJECTID": 1055, "id": "ATLANTA_1997_2024221011085", "x": -84.404212951660156, "y": 33.745201110839844, "robbery": 1 }, "geometry": { "type": "Point", "coordinates": [ -84.404212951999966, 33.745201111000029 ] } },
{ "type": "Feature", "properties": { "OBJECTID": 1056, "id": "ATLANTA_1997_2024221011270", "x": -84.415702819824219, "y": 33.772819519042969, "robbery": 1 }, "geometry": { "type": "Point", "coordinates": [ -84.415702819999979, 33.772819519000052 ] } },
{ "type": "Feature", "properties": { "OBJECTID": 1057, "id": "ATLANTA_1997_2024221011354", "x": -84.388633728027344, "y": 33.786251068115234, "robbery": 1 }, "geometry": { "type": "Point", "coordinates": [ -84.388633727999945, 33.78625106800007 ] } },
{ "type": "Feature", "properties": { "OBJECTID": 1058, "id": "ATLANTA_1997_2024221021872", "x": -84.390083312988281, "y": 33.780029296875, "robbery": 1 }, "geometry": { "type": "Point", "coordinates": [ -84.390083312999934, 33.780029297000056 ] } },
{ "type": "Feature", "properties": { "OBJECTID": 1059, "id": "ATLANTA_1997_2024221040245", "x": -84.352577209472656, "y": 33.818321228027344, "robbery": 1 }, "geometry": { "type": "Point", "coordinates": [ -84.352577208999946, 33.818321228000059 ] } },
{ "type": "Feature", "properties": { "OBJECTID": 1060, "id": "ATLANTA_1997_2024221051577", "x": -84.344703674316406, "y": 33.739589691162109, "robbery": 1 }, "geometry": { "type": "Point", "coordinates": [ -84.344703673999959, 33.739589691000049 ] } },
{ "type": "Feature", "properties": { "OBJECTID": 1061, "id": "ATLANTA_1997_2024221051842", "x": -84.353317260742188, "y": 33.824569702148438, "robbery": 1 }, "geometry": { "type": "Point", "coordinates": [ -84.353317260999972, 33.824569702000076 ] } },
{ "type": "Feature", "properties": { "OBJECTID": 1062, "id": "ATLANTA_1997_2024221070236", "x": -84.381050109863281, "y": 33.780860900878906, "robbery": 1 }, "geometry": { "type": "Point", "coordinates": [ -84.38105011, 33.78086090100004 ] } },
{ "type": "Feature", "properties": { "OBJECTID": 1063, "id": "ATLANTA_1997_2024221081290", "x": -84.336677551269531, "y": 33.751949310302734, "robbery": 1 }, "geometry": { "type": "Point", "coordinates": [ -84.33667755099998, 33.751949310000043 ] } },
{ "type": "Feature", "properties": { "OBJECTID": 1064, "id": "ATLANTA_1997_2024221090088", "x": -84.392440795898438, "y": 33.755210876464844, "robbery": 1 }, "geometry": { "type": "Point", "coordinates": [ -84.39244079599996, 33.755210876000035 ] } },
{ "type": "Feature", "properties": { "OBJECTID": 1065, "id": "ATLANTA_1997_2024221091584", "x": -84.401863098144531, "y": 33.752910614013672, "robbery": 1 }, "geometry": { "type": "Point", "coordinates": [ -84.401863097999978, 33.752910614000029 ] } },
{ "type": "Feature", "properties": { "OBJECTID": 1066, "id": "ATLANTA_1997_2024221101397", "x": -84.393043518066406, "y": 33.753379821777344, "robbery": 1 }, "geometry": { "type": "Point", "coordinates": [ -84.393043517999956, 33.753379822000056 ] } },
{ "type": "Feature", "properties": { "OBJECTID": 1067, "id": "ATLANTA_1997_2024221110452", "x": -84.409866333007812, "y": 33.771018981933594, "robbery": 1 }, "geometry": { "type": "Point", "coordinates": [ -84.409866332999968, 33.771018982000044 ] } },
{ "type": "Feature", "properties": { "OBJECTID": 1068, "id": "ATLANTA_1997_2024221111559", "x": -84.427017211914062, "y": 33.728851318359375, "robbery": 1 }, "geometry": { "type": "Point", "coordinates": [ -84.427017211999953, 33.728851318000068 ] } },
{ "type": "Feature", "properties": { "OBJECTID": 1069, "id": "ATLANTA_1997_2024221111937", "x": -84.464706420898438, "y": 33.805839538574219, "robbery": 1 }, "geometry": { "type": "Point", "coordinates": [ -84.46470642099996, 33.805839539000033 ] } },
{ "type": "Feature", "properties": { "OBJECTID": 1070, "id": "ATLANTA_1997_2024221120445", "x": -84.417953491210938, "y": 33.754470825195312, "robbery": 1 }, "geometry": { "type": "Point", "coordinates": [ -84.417953490999935, 33.754470825000055 ] } },
{ "type": "Feature", "properties": { "OBJECTID": 1071, "id": "ATLANTA_1997_2024221121075", "x": -84.414337158203125, "y": 33.802700042724609, "robbery": 1 }, "geometry": { "type": "Point", "coordinates": [ -84.414337157999967, 33.802700043000073 ] } },
{ "type": "Feature", "properties": { "OBJECTID": 1072, "id": "ATLANTA_1997_2024221122219", "x": -84.409446716308594, "y": 33.674629211425781, "robbery": 1 }, "geometry": { "type": "Point", "coordinates": [ -84.409446715999934, 33.674629211000024 ] } },
{ "type": "Feature", "properties": { "OBJECTID": 1073, "id": "ATLANTA_1997_2024221122279", "x": -84.399559020996094, "y": 33.748710632324219, "robbery": 1 }, "geometry": { "type": "Point", "coordinates": [ -84.399559020999959, 33.748710632000041 ] } },
{ "type": "Feature", "properties": { "OBJECTID": 1074, "id": "ATLANTA_1997_2024221131736", "x": -84.426406860351562, "y": 33.700630187988281, "robbery": 1 }, "geometry": { "type": "Point", "coordinates": [ -84.426406859999986, 33.700630188000048 ] } },
{ "type": "Feature", "properties": { "OBJECTID": 1075, "id": "ATLANTA_1997_2024221131854", "x": -84.391777038574219, "y": 33.759998321533203, "robbery": 1 }, "geometry": { "type": "Point", "coordinates": [ -84.391777038999976, 33.759998322000058 ] } },
{ "type": "Feature", "properties": { "OBJECTID": 1076, "id": "ATLANTA_1997_2024221131909", "x": -84.426361083984375, "y": 33.721290588378906, "robbery": 1 }, "geometry": { "type": "Point", "coordinates": [ -84.42636108399995, 33.721290588000045 ] } },
{ "type": "Feature", "properties": { "OBJECTID": 1077, "id": "ATLANTA_1997_2024221150040", "x": -84.392227172851562, "y": 33.764869689941406, "robbery": 1 }, "geometry": { "type": "Point", "coordinates": [ -84.392227172999981, 33.764869690000069 ] } },
{ "type": "Feature", "properties": { "OBJECTID": 1078, "id": "ATLANTA_1997_2024221150403", "x": -84.414802551269531, "y": 33.734638214111328, "robbery": 1 }, "geometry": { "type": "Point", "coordinates": [ -84.41480255099998, 33.734638214000029 ] } },
{ "type": "Feature", "properties": { "OBJECTID": 1079, "id": "ATLANTA_1997_2024221151048", "x": -84.405563354492188, "y": 33.689178466796875, "robbery": 1 }, "geometry": { "type": "Point", "coordinates": [ -84.40556335399998, 33.689178467000033 ] } },
{ "type": "Feature", "properties": { "OBJECTID": 1080, "id": "ATLANTA_1997_2024221151075", "x": -84.365142822265625, "y": 33.82733154296875, "robbery": 1 }, "geometry": { "type": "Point", "coordinates": [ -84.365142821999939, 33.827331543000071 ] } },
{ "type": "Feature", "properties": { "OBJECTID": 1081, "id": "ATLANTA_1997_2024221151087", "x": -84.361526489257812, "y": 33.76885986328125, "robbery": 1 }, "geometry": { "type": "Point", "coordinates": [ -84.361526488999971, 33.768859863000046 ] } },
{ "type": "Feature", "properties": { "OBJECTID": 1082, "id": "ATLANTA_1997_2024221151383", "x": -84.430992126464844, "y": 33.771530151367188, "robbery": 1 }, "geometry": { "type": "Point", "coordinates": [ -84.430992125999978, 33.771530151000036 ] } },
{ "type": "Feature", "properties": { "OBJECTID": 1083, "id": "ATLANTA_1997_2024221160244", "x": -84.387969970703125, "y": 33.733020782470703, "robbery": 1 }, "geometry": { "type": "Point", "coordinates": [ -84.387969970999961, 33.73302078200004 ] } },
{ "type": "Feature", "properties": { "OBJECTID": 1084, "id": "ATLANTA_1997_2024221160751", "x": -84.364997863769531, "y": 33.769168853759766, "robbery": 1 }, "geometry": { "type": "Point", "coordinates": [ -84.364997863999974, 33.769168854000043 ] } },
{ "type": "Feature", "properties": { "OBJECTID": 1085, "id": "ATLANTA_1997_2024221161833", "x": -84.472381591796875, "y": 33.799568176269531, "robbery": 1 }, "geometry": { "type": "Point", "coordinates": [ -84.472381591999977, 33.799568176000037 ] } },
{ "type": "Feature", "properties": { "OBJECTID": 1086, "id": "ATLANTA_1997_2024221171917", "x": -84.373466491699219, "y": 33.767791748046875, "robbery": 1 }, "geometry": { "type": "Point", "coordinates": [ -84.373466491999977, 33.767791748000036 ] } },
{ "type": "Feature", "properties": { "OBJECTID": 1087, "id": "ATLANTA_1997_2024221180030", "x": -84.508522033691406, "y": 33.77593994140625, "robbery": 1 }, "geometry": { "type": "Point", "coordinates": [ -84.508522033999952, 33.775939941000047 ] } },
{ "type": "Feature", "properties": { "OBJECTID": 1088, "id": "ATLANTA_1997_2024221180104", "x": -84.384529113769531, "y": 33.785011291503906, "robbery": 1 }, "geometry": { "type": "Point", "coordinates": [ -84.384529113999974, 33.785011292000036 ] } },
{ "type": "Feature", "properties": { "OBJECTID": 1089, "id": "ATLANTA_1997_2024221181150", "x": -84.351356506347656, "y": 33.818000793457031, "robbery": 1 }, "geometry": { "type": "Point", "coordinates": [ -84.351356505999945, 33.818000793000067 ] } },
{ "type": "Feature", "properties": { "OBJECTID": 1090, "id": "ATLANTA_1997_2024221190204", "x": -84.491096496582031, "y": 33.785209655761719, "robbery": 1 }, "geometry": { "type": "Point", "coordinates": [ -84.491096496999944, 33.785209656000063 ] } },
{ "type": "Feature", "properties": { "OBJECTID": 1091, "id": "ATLANTA_1997_2024221190965", "x": -84.34918212890625, "y": 33.818691253662109, "robbery": 1 }, "geometry": { "type": "Point", "coordinates": [ -84.349182128999985, 33.818691254000044 ] } },
{ "type": "Feature", "properties": { "OBJECTID": 1092, "id": "ATLANTA_1997_2024221192279", "x": -84.3790283203125, "y": 33.841571807861328, "robbery": 1 }, "geometry": { "type": "Point", "coordinates": [ -84.379028319999975, 33.841571808000026 ] } },
{ "type": "Feature", "properties": { "OBJECTID": 1093, "id": "ATLANTA_1997_2024221200334", "x": -84.392791748046875, "y": 33.813461303710938, "robbery": 1 }, "geometry": { "type": "Point", "coordinates": [ -84.392791747999979, 33.813461304000043 ] } },
{ "type": "Feature", "properties": { "OBJECTID": 1094, "id": "ATLANTA_1997_2024221200410", "x": -84.387893676757812, "y": 33.759418487548828, "robbery": 1 }, "geometry": { "type": "Point", "coordinates": [ -84.387893676999965, 33.759418488000051 ] } },
{ "type": "Feature", "properties": { "OBJECTID": 1095, "id": "ATLANTA_1997_2024221200906", "x": -84.50372314453125, "y": 33.761260986328125, "robbery": 1 }, "geometry": { "type": "Point", "coordinates": [ -84.503723144999981, 33.761260986000025 ] } },
{ "type": "Feature", "properties": { "OBJECTID": 1096, "id": "ATLANTA_1997_2024221201915", "x": -84.349319458007812, "y": 33.7694091796875, "robbery": 1 }, "geometry": { "type": "Point", "coordinates": [ -84.349319457999968, 33.769409180000025 ] } },
{ "type": "Feature", "properties": { "OBJECTID": 1097, "id": "ATLANTA_1997_2024221210293", "x": -84.387863159179688, "y": 33.739681243896484, "robbery": 1 }, "geometry": { "type": "Point", "coordinates": [ -84.387863158999949, 33.739681244000053 ] } },
{ "type": "Feature", "properties": { "OBJECTID": 1098, "id": "ATLANTA_1997_2024221221134", "x": -84.370452880859375, "y": 33.672931671142578, "robbery": 1 }, "geometry": { "type": "Point", "coordinates": [ -84.370452880999949, 33.672931671000072 ] } },
{ "type": "Feature", "properties": { "OBJECTID": 1099, "id": "ATLANTA_1997_2024221221717", "x": -84.349540710449219, "y": 33.721111297607422, "robbery": 1 }, "geometry": { "type": "Point", "coordinates": [ -84.349540709999985, 33.721111298000039 ] } },
{ "type": "Feature", "properties": { "OBJECTID": 1100, "id": "ATLANTA_1997_2024221230047", "x": -84.357139587402344, "y": 33.705078125, "robbery": 1 }, "geometry": { "type": "Point", "coordinates": [ -84.357139586999949, 33.705078125000057 ] } },
{ "type": "Feature", "properties": { "OBJECTID": 1101, "id": "ATLANTA_1997_2024221231289", "x": -84.408493041992188, "y": 33.699619293212891, "robbery": 1 }, "geometry": { "type": "Point", "coordinates": [ -84.408493041999975, 33.699619293000069 ] } },
{ "type": "Feature", "properties": { "OBJECTID": 1102, "id": "ATLANTA_1997_2024221240141", "x": -84.406929016113281, "y": 33.784938812255859, "robbery": 1 }, "geometry": { "type": "Point", "coordinates": [ -84.406929015999935, 33.784938812000064 ] } },
{ "type": "Feature", "properties": { "OBJECTID": 1103, "id": "ATLANTA_1997_2024221241648", "x": -84.396369934082031, "y": 33.748458862304688, "robbery": 1 }, "geometry": { "type": "Point", "coordinates": [ -84.396369933999949, 33.748458862000064 ] } },
{ "type": "Feature", "properties": { "OBJECTID": 1104, "id": "ATLANTA_1997_2024221250886", "x": -84.349510192871094, "y": 33.715511322021484, "robbery": 1 }, "geometry": { "type": "Point", "coordinates": [ -84.349510192999958, 33.715511322000054 ] } },
{ "type": "Feature", "properties": { "OBJECTID": 1105, "id": "ATLANTA_1997_2024221251683", "x": -84.420623779296875, "y": 33.746650695800781, "robbery": 1 }, "geometry": { "type": "Point", "coordinates": [ -84.420623778999982, 33.746650696000074 ] } },
{ "type": "Feature", "properties": { "OBJECTID": 1106, "id": "ATLANTA_1997_2024221251793", "x": -84.400650024414062, "y": 33.72119140625, "robbery": 1 }, "geometry": { "type": "Point", "coordinates": [ -84.400650023999958, 33.721191406000059 ] } },
{ "type": "Feature", "properties": { "OBJECTID": 1107, "id": "ATLANTA_1997_2024221251878", "x": -84.350143432617188, "y": 33.716129302978516, "robbery": 1 }, "geometry": { "type": "Point", "coordinates": [ -84.350143432999971, 33.716129303000059 ] } },
{ "type": "Feature", "properties": { "OBJECTID": 1108, "id": "ATLANTA_1997_2024221252089", "x": -84.387649536132812, "y": 33.732040405273438, "robbery": 1 }, "geometry": { "type": "Point", "coordinates": [ -84.387649535999969, 33.732040405000077 ] } },
{ "type": "Feature", "properties": { "OBJECTID": 1109, "id": "ATLANTA_1997_2024221270966", "x": -84.395729064941406, "y": 33.680118560791016, "robbery": 1 }, "geometry": { "type": "Point", "coordinates": [ -84.395729064999955, 33.680118561000029 ] } },
{ "type": "Feature", "properties": { "OBJECTID": 1110, "id": "ATLANTA_1997_2024221280202", "x": -84.417831420898438, "y": 33.772361755371094, "robbery": 1 }, "geometry": { "type": "Point", "coordinates": [ -84.41783142099996, 33.772361755000077 ] } },
{ "type": "Feature", "properties": { "OBJECTID": 1111, "id": "ATLANTA_1997_2024221300904", "x": -84.427963256835938, "y": 33.8489990234375, "robbery": 1 }, "geometry": { "type": "Point", "coordinates": [ -84.427963256999988, 33.848999023000033 ] } },
{ "type": "Feature", "properties": { "OBJECTID": 1112, "id": "ATLANTA_1997_2024221310139", "x": -84.397323608398438, "y": 33.748279571533203, "robbery": 1 }, "geometry": { "type": "Point", "coordinates": [ -84.397323607999965, 33.748279572000058 ] } },
{ "type": "Feature", "properties": { "OBJECTID": 1113, "id": "ATLANTA_1997_2024221310960", "x": -84.515373229980469, "y": 33.694198608398438, "robbery": 1 }, "geometry": { "type": "Point", "coordinates": [ -84.515373229999966, 33.694198608000079 ] } },
{ "type": "Feature", "properties": { "OBJECTID": 1114, "id": "ATLANTA_1997_2024221311910", "x": -84.378807067871094, "y": 33.840641021728516, "robbery": 1 }, "geometry": { "type": "Point", "coordinates": [ -84.378807067999958, 33.840641022000057 ] } },
{ "type": "Feature", "properties": { "OBJECTID": 1115, "id": "ATLANTA_1997_2024221320049", "x": -84.386993408203125, "y": 33.763511657714844, "robbery": 1 }, "geometry": { "type": "Point", "coordinates": [ -84.386993407999967, 33.763511658000027 ] } },
{ "type": "Feature", "properties": { "OBJECTID": 1116, "id": "ATLANTA_1997_2024221320650", "x": -84.391433715820312, "y": 33.712860107421875, "robbery": 1 }, "geometry": { "type": "Point", "coordinates": [ -84.391433715999938, 33.71286010700004 ] } },
{ "type": "Feature", "properties": { "OBJECTID": 1117, "id": "ATLANTA_1997_2024221321668", "x": -84.409683227539062, "y": 33.784530639648438, "robbery": 1 }, "geometry": { "type": "Point", "coordinates": [ -84.409683227999949, 33.784530640000071 ] } },
{ "type": "Feature", "properties": { "OBJECTID": 1118, "id": "ATLANTA_1997_2024221321752", "x": -84.424209594726562, "y": 33.709918975830078, "robbery": 1 }, "geometry": { "type": "Point", "coordinates": [ -84.424209594999979, 33.70991897600004 ] } },
{ "type": "Feature", "properties": { "OBJECTID": 1119, "id": "ATLANTA_1997_2024221330889", "x": -84.398406982421875, "y": 33.772529602050781, "robbery": 1 }, "geometry": { "type": "Point", "coordinates": [ -84.398406981999983, 33.772529602000077 ] } },
{ "type": "Feature", "properties": { "OBJECTID": 1120, "id": "ATLANTA_1997_2024221332138", "x": -84.382759094238281, "y": 33.778839111328125, "robbery": 1 }, "geometry": { "type": "Point", "coordinates": [ -84.382759093999937, 33.778839111000025 ] } },
{ "type": "Feature", "properties": { "OBJECTID": 1121, "id": "ATLANTA_1997_2024221341471", "x": -84.38421630859375, "y": 33.758380889892578, "robbery": 1 }, "geometry": { "type": "Point", "coordinates": [ -84.384216308999953, 33.758380890000069 ] } },
{ "type": "Feature", "properties": { "OBJECTID": 1122, "id": "ATLANTA_1997_2024221350448", "x": -84.392723083496094, "y": 33.755748748779297, "robbery": 1 }, "geometry": { "type": "Point", "coordinates": [ -84.392723082999964, 33.755748749000077 ] } },
{ "type": "Feature", "properties": { "OBJECTID": 1123, "id": "ATLANTA_1997_2024221360161", "x": -84.488327026367188, "y": 33.751178741455078, "robbery": 1 }, "geometry": { "type": "Point", "coordinates": [ -84.488327025999979, 33.751178741000047 ] } },
{ "type": "Feature", "properties": { "OBJECTID": 1124, "id": "ATLANTA_1997_2024221360241", "x": -84.374481201171875, "y": 33.769668579101562, "robbery": 1 }, "geometry": { "type": "Point", "coordinates": [ -84.374481200999981, 33.76966857900004 ] } },
{ "type": "Feature", "properties": { "OBJECTID": 1125, "id": "ATLANTA_1997_2024221360583", "x": -84.463577270507812, "y": 33.721908569335938, "robbery": 1 }, "geometry": { "type": "Point", "coordinates": [ -84.463577270999963, 33.72190856900005 ] } },
{ "type": "Feature", "properties": { "OBJECTID": 1126, "id": "ATLANTA_1997_2024221360808", "x": -84.371238708496094, "y": 33.759521484375, "robbery": 1 }, "geometry": { "type": "Point", "coordinates": [ -84.371238707999964, 33.759521484000061 ] } },
{ "type": "Feature", "properties": { "OBJECTID": 1127, "id": "ATLANTA_1997_2024221361630", "x": -84.468223571777344, "y": 33.752021789550781, "robbery": 1 }, "geometry": { "type": "Point", "coordinates": [ -84.468223571999943, 33.752021790000072 ] } },
{ "type": "Feature", "properties": { "OBJECTID": 1128, "id": "ATLANTA_1997_2024221370715", "x": -84.391227722167969, "y": 33.729190826416016, "robbery": 1 }, "geometry": { "type": "Point", "coordinates": [ -84.39122772199994, 33.729190826000035 ] } },
{ "type": "Feature", "properties": { "OBJECTID": 1129, "id": "ATLANTA_1997_2024221371018", "x": -84.362358093261719, "y": 33.845310211181641, "robbery": 1 }, "geometry": { "type": "Point", "coordinates": [ -84.362358092999955, 33.845310211000026 ] } },
{ "type": "Feature", "properties": { "OBJECTID": 1130, "id": "ATLANTA_1997_2024221380139", "x": -84.329116821289062, "y": 33.748291015625, "robbery": 1 }, "geometry": { "type": "Point", "coordinates": [ -84.329116820999957, 33.748291016000053 ] } },
{ "type": "Feature", "properties": { "OBJECTID": 1131, "id": "ATLANTA_1997_2024221381472", "x": -84.370658874511719, "y": 33.822040557861328, "robbery": 1 }, "geometry": { "type": "Point", "coordinates": [ -84.370658874999947, 33.822040558000026 ] } },
{ "type": "Feature", "properties": { "OBJECTID": 1132, "id": "ATLANTA_1997_2024221381839", "x": -84.385566711425781, "y": 33.699939727783203, "robbery": 1 }, "geometry": { "type": "Point", "coordinates": [ -84.385566710999967, 33.699939728000061 ] } },
{ "type": "Feature", "properties": { "OBJECTID": 1133, "id": "ATLANTA_1997_2024221390137", "x": -84.397323608398438, "y": 33.748279571533203, "robbery": 1 }, "geometry": { "type": "Point", "coordinates": [ -84.397323607999965, 33.748279572000058 ] } },
{ "type": "Feature", "properties": { "OBJECTID": 1134, "id": "ATLANTA_1997_2024221390149", "x": -84.366920471191406, "y": 33.806831359863281, "robbery": 1 }, "geometry": { "type": "Point", "coordinates": [ -84.366920470999958, 33.806831360000047 ] } },
{ "type": "Feature", "properties": { "OBJECTID": 1135, "id": "ATLANTA_1997_2024221390261", "x": -84.383338928222656, "y": 33.758968353271484, "robbery": 1 }, "geometry": { "type": "Point", "coordinates": [ -84.383338927999944, 33.758968353000057 ] } },
{ "type": "Feature", "properties": { "OBJECTID": 1136, "id": "ATLANTA_1997_2024221390305", "x": -84.42108154296875, "y": 33.724578857421875, "robbery": 1 }, "geometry": { "type": "Point", "coordinates": [ -84.421081542999957, 33.72457885700004 ] } },
{ "type": "Feature", "properties": { "OBJECTID": 1137, "id": "ATLANTA_1997_2024221391249", "x": -84.482093811035156, "y": 33.720058441162109, "robbery": 1 }, "geometry": { "type": "Point", "coordinates": [ -84.48209381099997, 33.720058441000049 ] } },
{ "type": "Feature", "properties": { "OBJECTID": 1138, "id": "ATLANTA_1997_2024221392096", "x": -84.369827270507812, "y": 33.847511291503906, "robbery": 1 }, "geometry": { "type": "Point", "coordinates": [ -84.369827270999963, 33.847511292000036 ] } },
{ "type": "Feature", "properties": { "OBJECTID": 1139, "id": "ATLANTA_1997_2024221401014", "x": -84.412956237792969, "y": 33.755279541015625, "robbery": 1 }, "geometry": { "type": "Point", "coordinates": [ -84.412956237999936, 33.75527954100005 ] } },
{ "type": "Feature", "properties": { "OBJECTID": 1140, "id": "ATLANTA_1997_2024221410989", "x": -84.407440185546875, "y": 33.801078796386719, "robbery": 1 }, "geometry": { "type": "Point", "coordinates": [ -84.407440185999974, 33.80107879600007 ] } },
{ "type": "Feature", "properties": { "OBJECTID": 1141, "id": "ATLANTA_1997_2024221411707", "x": -84.505989074707031, "y": 33.744419097900391, "robbery": 1 }, "geometry": { "type": "Point", "coordinates": [ -84.505989074999945, 33.744419098000037 ] } },
{ "type": "Feature", "properties": { "OBJECTID": 1142, "id": "ATLANTA_1997_2024221411845", "x": -84.440727233886719, "y": 33.763809204101562, "robbery": 1 }, "geometry": { "type": "Point", "coordinates": [ -84.440727233999951, 33.76380920400004 ] } },
{ "type": "Feature", "properties": { "OBJECTID": 1143, "id": "ATLANTA_1997_2024221420404", "x": -84.382133483886719, "y": 33.745460510253906, "robbery": 1 }, "geometry": { "type": "Point", "coordinates": [ -84.382133483999951, 33.745460510000044 ] } },
{ "type": "Feature", "properties": { "OBJECTID": 1144, "id": "ATLANTA_1997_2024221430345", "x": -84.382118225097656, "y": 33.772819519042969, "robbery": 1 }, "geometry": { "type": "Point", "coordinates": [ -84.382118224999942, 33.772819519000052 ] } },
{ "type": "Feature", "properties": { "OBJECTID": 1145, "id": "ATLANTA_1997_2024221440838", "x": -84.351890563964844, "y": 33.692588806152344, "robbery": 1 }, "geometry": { "type": "Point", "coordinates": [ -84.351890563999973, 33.69258880600006 ] } },
{ "type": "Feature", "properties": { "OBJECTID": 1146, "id": "ATLANTA_1997_2024221441977", "x": -84.418296813964844, "y": 33.754379272460938, "robbery": 1 }, "geometry": { "type": "Point", "coordinates": [ -84.418296813999973, 33.754379272000051 ] } },
{ "type": "Feature", "properties": { "OBJECTID": 1147, "id": "ATLANTA_1997_2024221441996", "x": -84.465789794921875, "y": 33.699451446533203, "robbery": 1 }, "geometry": { "type": "Point", "coordinates": [ -84.465789794999978, 33.699451447000058 ] } },
{ "type": "Feature", "properties": { "OBJECTID": 1148, "id": "ATLANTA_1997_2024221460150", "x": -84.441383361816406, "y": 33.768180847167969, "robbery": 1 }, "geometry": { "type": "Point", "coordinates": [ -84.441383361999954, 33.768180847000053 ] } },
{ "type": "Feature", "properties": { "OBJECTID": 1149, "id": "ATLANTA_1997_2024221460397", "x": -84.333168029785156, "y": 33.751571655273438, "robbery": 1 }, "geometry": { "type": "Point", "coordinates": [ -84.333168029999968, 33.751571655000077 ] } },
{ "type": "Feature", "properties": { "OBJECTID": 1150, "id": "ATLANTA_1997_2024221460398", "x": -84.33428955078125, "y": 33.750949859619141, "robbery": 1 }, "geometry": { "type": "Point", "coordinates": [ -84.334289550999983, 33.750949860000048 ] } },
{ "type": "Feature", "properties": { "OBJECTID": 1151, "id": "ATLANTA_1997_2024221460629", "x": -84.362358093261719, "y": 33.845310211181641, "robbery": 1 }, "geometry": { "type": "Point", "coordinates": [ -84.362358092999955, 33.845310211000026 ] } },
{ "type": "Feature", "properties": { "OBJECTID": 1152, "id": "ATLANTA_1997_2024221460956", "x": -84.426902770996094, "y": 33.728279113769531, "robbery": 1 }, "geometry": { "type": "Point", "coordinates": [ -84.426902770999959, 33.728279114000031 ] } },
{ "type": "Feature", "properties": { "OBJECTID": 1153, "id": "ATLANTA_1997_2024221461384", "x": -84.483528137207031, "y": 33.700809478759766, "robbery": 1 }, "geometry": { "type": "Point", "coordinates": [ -84.483528136999951, 33.700809479000043 ] } },
{ "type": "Feature", "properties": { "OBJECTID": 1154, "id": "ATLANTA_1997_2024221461472", "x": -84.348197937011719, "y": 33.844879150390625, "robbery": 1 }, "geometry": { "type": "Point", "coordinates": [ -84.348197936999952, 33.844879150000054 ] } },
{ "type": "Feature", "properties": { "OBJECTID": 1155, "id": "ATLANTA_1997_2024221461997", "x": -84.397743225097656, "y": 33.710330963134766, "robbery": 1 }, "geometry": { "type": "Point", "coordinates": [ -84.397743224999942, 33.710330963000047 ] } },
{ "type": "Feature", "properties": { "OBJECTID": 1156, "id": "ATLANTA_1997_2024221470042", "x": -84.423782348632812, "y": 33.754131317138672, "robbery": 1 }, "geometry": { "type": "Point", "coordinates": [ -84.423782348999964, 33.754131317000031 ] } },
{ "type": "Feature", "properties": { "OBJECTID": 1157, "id": "ATLANTA_1997_2024221470805", "x": -84.390579223632812, "y": 33.753570556640625, "robbery": 1 }, "geometry": { "type": "Point", "coordinates": [ -84.390579223999964, 33.753570557000046 ] } },
{ "type": "Feature", "properties": { "OBJECTID": 1158, "id": "ATLANTA_1997_2024221471980", "x": -84.414031982421875, "y": 33.741809844970703, "robbery": 1 }, "geometry": { "type": "Point", "coordinates": [ -84.414031981999983, 33.741809845000034 ] } },
{ "type": "Feature", "properties": { "OBJECTID": 1159, "id": "ATLANTA_1997_2024221471999", "x": -84.483528137207031, "y": 33.700809478759766, "robbery": 1 }, "geometry": { "type": "Point", "coordinates": [ -84.483528136999951, 33.700809479000043 ] } },
{ "type": "Feature", "properties": { "OBJECTID": 1160, "id": "ATLANTA_1997_2024221480277", "x": -84.450141906738281, "y": 33.777370452880859, "robbery": 1 }, "geometry": { "type": "Point", "coordinates": [ -84.450141906999988, 33.77737045300006 ] } },
{ "type": "Feature", "properties": { "OBJECTID": 1161, "id": "ATLANTA_1997_2024221490118", "x": -84.415802001953125, "y": 33.740589141845703, "robbery": 1 }, "geometry": { "type": "Point", "coordinates": [ -84.415802001999964, 33.740589142000033 ] } },
{ "type": "Feature", "properties": { "OBJECTID": 1162, "id": "ATLANTA_1997_2024221490407", "x": -84.359306335449219, "y": 33.751018524169922, "robbery": 1 }, "geometry": { "type": "Point", "coordinates": [ -84.359306334999985, 33.751018524000074 ] } },
{ "type": "Feature", "properties": { "OBJECTID": 1163, "id": "ATLANTA_1997_2024221491691", "x": -84.402473449707031, "y": 33.799411773681641, "robbery": 1 }, "geometry": { "type": "Point", "coordinates": [ -84.402473449999945, 33.799411774000077 ] } },
{ "type": "Feature", "properties": { "OBJECTID": 1164, "id": "ATLANTA_1997_2024221500708", "x": -84.461326599121094, "y": 33.722808837890625, "robbery": 1 }, "geometry": { "type": "Point", "coordinates": [ -84.46132659899996, 33.722808838000049 ] } },
{ "type": "Feature", "properties": { "OBJECTID": 1165, "id": "ATLANTA_1997_2024221501509", "x": -84.418190002441406, "y": 33.741001129150391, "robbery": 1 }, "geometry": { "type": "Point", "coordinates": [ -84.41819000199996, 33.74100112900004 ] } },
{ "type": "Feature", "properties": { "OBJECTID": 1166, "id": "ATLANTA_1997_2024221510275", "x": -84.423492431640625, "y": 33.812389373779297, "robbery": 1 }, "geometry": { "type": "Point", "coordinates": [ -84.423492431999989, 33.812389374000077 ] } },
{ "type": "Feature", "properties": { "OBJECTID": 1167, "id": "ATLANTA_1997_2024221510415", "x": -84.385688781738281, "y": 33.781108856201172, "robbery": 1 }, "geometry": { "type": "Point", "coordinates": [ -84.385688781999988, 33.78110885600006 ] } },
{ "type": "Feature", "properties": { "OBJECTID": 1168, "id": "ATLANTA_1997_2024221511792", "x": -84.374313354492188, "y": 33.840999603271484, "robbery": 1 }, "geometry": { "type": "Point", "coordinates": [ -84.37431335399998, 33.840999603000057 ] } },
{ "type": "Feature", "properties": { "OBJECTID": 1169, "id": "ATLANTA_1997_2024221520003", "x": -84.376548767089844, "y": 33.753688812255859, "robbery": 1 }, "geometry": { "type": "Point", "coordinates": [ -84.376548766999974, 33.753688812000064 ] } },
{ "type": "Feature", "properties": { "OBJECTID": 1170, "id": "ATLANTA_1997_2024221520192", "x": -84.397323608398438, "y": 33.739398956298828, "robbery": 1 }, "geometry": { "type": "Point", "coordinates": [ -84.397323607999965, 33.739398956000059 ] } },
{ "type": "Feature", "properties": { "OBJECTID": 1171, "id": "ATLANTA_1997_2024221521532", "x": -84.388511657714844, "y": 33.680900573730469, "robbery": 1 }, "geometry": { "type": "Point", "coordinates": [ -84.38851165799997, 33.680900574000077 ] } },
{ "type": "Feature", "properties": { "OBJECTID": 1172, "id": "ATLANTA_1997_2024221521988", "x": -84.435333251953125, "y": 33.718158721923828, "robbery": 1 }, "geometry": { "type": "Point", "coordinates": [ -84.435333251999964, 33.718158722000055 ] } },
{ "type": "Feature", "properties": { "OBJECTID": 1173, "id": "ATLANTA_1997_2024221530097", "x": -84.345916748046875, "y": 33.740509033203125, "robbery": 1 }, "geometry": { "type": "Point", "coordinates": [ -84.345916747999979, 33.740509033000023 ] } },
{ "type": "Feature", "properties": { "OBJECTID": 1174, "id": "ATLANTA_1997_2024221531036", "x": -84.3756103515625, "y": 33.759319305419922, "robbery": 1 }, "geometry": { "type": "Point", "coordinates": [ -84.375610351999967, 33.759319305000076 ] } },
{ "type": "Feature", "properties": { "OBJECTID": 1175, "id": "ATLANTA_1997_2024221532071", "x": -84.484550476074219, "y": 33.754798889160156, "robbery": 1 }, "geometry": { "type": "Point", "coordinates": [ -84.484550475999981, 33.754798889000028 ] } },
{ "type": "Feature", "properties": { "OBJECTID": 1176, "id": "ATLANTA_1997_2024221540227", "x": -84.413887023925781, "y": 33.782188415527344, "robbery": 1 }, "geometry": { "type": "Point", "coordinates": [ -84.413887023999962, 33.782188416000054 ] } },
{ "type": "Feature", "properties": { "OBJECTID": 1177, "id": "ATLANTA_1997_2024221540843", "x": -84.347846984863281, "y": 33.742580413818359, "robbery": 1 }, "geometry": { "type": "Point", "coordinates": [ -84.347846985, 33.742580414000031 ] } },
{ "type": "Feature", "properties": { "OBJECTID": 1178, "id": "ATLANTA_1997_2024221541149", "x": -84.349479675292969, "y": 33.798118591308594, "robbery": 1 }, "geometry": { "type": "Point", "coordinates": [ -84.349479674999941, 33.798118591000048 ] } },
{ "type": "Feature", "properties": { "OBJECTID": 1179, "id": "ATLANTA_1997_2024221541818", "x": -84.45379638671875, "y": 33.708198547363281, "robbery": 1 }, "geometry": { "type": "Point", "coordinates": [ -84.453796386999954, 33.708198547000052 ] } },
{ "type": "Feature", "properties": { "OBJECTID": 1180, "id": "ATLANTA_1997_2024221550625", "x": -84.500709533691406, "y": 33.668399810791016, "robbery": 1 }, "geometry": { "type": "Point", "coordinates": [ -84.500709533999952, 33.668399811000029 ] } },
{ "type": "Feature", "properties": { "OBJECTID": 1181, "id": "ATLANTA_1997_2024221560017", "x": -84.383460998535156, "y": 33.780399322509766, "robbery": 1 }, "geometry": { "type": "Point", "coordinates": [ -84.383460998999965, 33.78039932300004 ] } },
{ "type": "Feature", "properties": { "OBJECTID": 1182, "id": "ATLANTA_1997_2024221560364", "x": -84.41973876953125, "y": 33.768058776855469, "robbery": 1 }, "geometry": { "type": "Point", "coordinates": [ -84.419738769999981, 33.768058777000078 ] } },
{ "type": "Feature", "properties": { "OBJECTID": 1183, "id": "ATLANTA_1997_2024221560732", "x": -84.38909912109375, "y": 33.667850494384766, "robbery": 1 }, "geometry": { "type": "Point", "coordinates": [ -84.389099120999958, 33.667850494000049 ] } },
{ "type": "Feature", "properties": { "OBJECTID": 1184, "id": "ATLANTA_1997_2024221560944", "x": -84.473213195800781, "y": 33.7506103515625, "robbery": 1 }, "geometry": { "type": "Point", "coordinates": [ -84.473213195999961, 33.750610352000024 ] } },
{ "type": "Feature", "properties": { "OBJECTID": 1185, "id": "ATLANTA_1997_2024221571270", "x": -84.382331848144531, "y": 33.771221160888672, "robbery": 1 }, "geometry": { "type": "Point", "coordinates": [ -84.382331847999978, 33.771221161000028 ] } },
{ "type": "Feature", "properties": { "OBJECTID": 1186, "id": "ATLANTA_1997_2024221571757", "x": -84.391822814941406, "y": 33.764350891113281, "robbery": 1 }, "geometry": { "type": "Point", "coordinates": [ -84.391822814999955, 33.764350891000049 ] } },
{ "type": "Feature", "properties": { "OBJECTID": 1187, "id": "ATLANTA_1997_2024221571842", "x": -84.35040283203125, "y": 33.7718505859375, "robbery": 1 }, "geometry": { "type": "Point", "coordinates": [ -84.350402831999986, 33.771850586000028 ] } },
{ "type": "Feature", "properties": { "OBJECTID": 1188, "id": "ATLANTA_1997_2024221571897", "x": -84.493919372558594, "y": 33.787849426269531, "robbery": 1 }, "geometry": { "type": "Point", "coordinates": [ -84.493919372999983, 33.787849426000037 ] } },
{ "type": "Feature", "properties": { "OBJECTID": 1189, "id": "ATLANTA_1997_2024221580216", "x": -84.416130065917969, "y": 33.763130187988281, "robbery": 1 }, "geometry": { "type": "Point", "coordinates": [ -84.416130065999937, 33.763130188000048 ] } },
{ "type": "Feature", "properties": { "OBJECTID": 1190, "id": "ATLANTA_1997_2024221580602", "x": -84.366348266601562, "y": 33.649349212646484, "robbery": 1 }, "geometry": { "type": "Point", "coordinates": [ -84.366348266999978, 33.64934921300005 ] } },
{ "type": "Feature", "properties": { "OBJECTID": 1191, "id": "ATLANTA_1997_2024221581279", "x": -84.391433715820312, "y": 33.712860107421875, "robbery": 1 }, "geometry": { "type": "Point", "coordinates": [ -84.391433715999938, 33.71286010700004 ] } },
{ "type": "Feature", "properties": { "OBJECTID": 1192, "id": "ATLANTA_1997_2024221581487", "x": -84.417823791503906, "y": 33.745700836181641, "robbery": 1 }, "geometry": { "type": "Point", "coordinates": [ -84.417823791999979, 33.745700836000026 ] } },
{ "type": "Feature", "properties": { "OBJECTID": 1193, "id": "ATLANTA_1997_2024221581656", "x": -84.496971130371094, "y": 33.675559997558594, "robbery": 1 }, "geometry": { "type": "Point", "coordinates": [ -84.496971129999963, 33.67555999800004 ] } },
{ "type": "Feature", "properties": { "OBJECTID": 1194, "id": "ATLANTA_1997_2024221590941", "x": -84.418807983398438, "y": 33.775249481201172, "robbery": 1 }, "geometry": { "type": "Point", "coordinates": [ -84.418807982999965, 33.77524948100006 ] } },
{ "type": "Feature", "properties": { "OBJECTID": 1195, "id": "ATLANTA_1997_2024221591939", "x": -84.387863159179688, "y": 33.739681243896484, "robbery": 1 }, "geometry": { "type": "Point", "coordinates": [ -84.387863158999949, 33.739681244000053 ] } },
{ "type": "Feature", "properties": { "OBJECTID": 1196, "id": "ATLANTA_1997_2024221602127", "x": -84.3836669921875, "y": 33.672958374023438, "robbery": 1 }, "geometry": { "type": "Point", "coordinates": [ -84.383666991999974, 33.672958374000075 ] } },
{ "type": "Feature", "properties": { "OBJECTID": 1197, "id": "ATLANTA_1997_2024221610689", "x": -84.390830993652344, "y": 33.753910064697266, "robbery": 1 }, "geometry": { "type": "Point", "coordinates": [ -84.390830993999941, 33.753910065000071 ] } },
{ "type": "Feature", "properties": { "OBJECTID": 1198, "id": "ATLANTA_1997_2024221611872", "x": -84.413116455078125, "y": 33.740898132324219, "robbery": 1 }, "geometry": { "type": "Point", "coordinates": [ -84.413116454999965, 33.740898132000041 ] } },
{ "type": "Feature", "properties": { "OBJECTID": 1199, "id": "ATLANTA_1997_2024221612300", "x": -84.371711730957031, "y": 33.672351837158203, "robbery": 1 }, "geometry": { "type": "Point", "coordinates": [ -84.371711730999948, 33.672351837000065 ] } },
{ "type": "Feature", "properties": { "OBJECTID": 1200, "id": "ATLANTA_1997_2024221620435", "x": -84.471023559570312, "y": 33.805431365966797, "robbery": 1 }, "geometry": { "type": "Point", "coordinates": [ -84.471023559999935, 33.80543136600005 ] } },
{ "type": "Feature", "properties": { "OBJECTID": 1201, "id": "ATLANTA_1997_2024221620758", "x": -84.534622192382812, "y": 33.697048187255859, "robbery": 1 }, "geometry": { "type": "Point", "coordinates": [ -84.534622191999972, 33.697048187000064 ] } },
{ "type": "Feature", "properties": { "OBJECTID": 1202, "id": "ATLANTA_1997_2024221630157", "x": -84.407028198242188, "y": 33.782081604003906, "robbery": 1 }, "geometry": { "type": "Point", "coordinates": [ -84.407028197999978, 33.782081604000041 ] } },
{ "type": "Feature", "properties": { "OBJECTID": 1203, "id": "ATLANTA_1997_2024221630545", "x": -84.417129516601562, "y": 33.739700317382812, "robbery": 1 }, "geometry": { "type": "Point", "coordinates": [ -84.417129516999978, 33.739700317000029 ] } },
{ "type": "Feature", "properties": { "OBJECTID": 1204, "id": "ATLANTA_1997_2024221630729", "x": -84.350357055664062, "y": 33.7694091796875, "robbery": 1 }, "geometry": { "type": "Point", "coordinates": [ -84.35035705599995, 33.769409180000025 ] } },
{ "type": "Feature", "properties": { "OBJECTID": 1205, "id": "ATLANTA_1997_2024221640804", "x": -84.390022277832031, "y": 33.671619415283203, "robbery": 1 }, "geometry": { "type": "Point", "coordinates": [ -84.390022277999947, 33.671619415000066 ] } },
{ "type": "Feature", "properties": { "OBJECTID": 1206, "id": "ATLANTA_1997_2024221640982", "x": -84.491020202636719, "y": 33.782611846923828, "robbery": 1 }, "geometry": { "type": "Point", "coordinates": [ -84.491020202999948, 33.782611847000055 ] } },
{ "type": "Feature", "properties": { "OBJECTID": 1207, "id": "ATLANTA_1997_2024221641875", "x": -84.396369934082031, "y": 33.748458862304688, "robbery": 1 }, "geometry": { "type": "Point", "coordinates": [ -84.396369933999949, 33.748458862000064 ] } },
{ "type": "Feature", "properties": { "OBJECTID": 1208, "id": "ATLANTA_1997_2024221650117", "x": -84.406707763671875, "y": 33.765289306640625, "robbery": 1 }, "geometry": { "type": "Point", "coordinates": [ -84.406707763999975, 33.765289307000046 ] } },
{ "type": "Feature", "properties": { "OBJECTID": 1209, "id": "ATLANTA_1997_2024221650891", "x": -84.407440185546875, "y": 33.801078796386719, "robbery": 1 }, "geometry": { "type": "Point", "coordinates": [ -84.407440185999974, 33.80107879600007 ] } },
{ "type": "Feature", "properties": { "OBJECTID": 1210, "id": "ATLANTA_1997_2024221650988", "x": -84.414070129394531, "y": 33.730739593505859, "robbery": 1 }, "geometry": { "type": "Point", "coordinates": [ -84.414070128999981, 33.730739594000056 ] } },
{ "type": "Feature", "properties": { "OBJECTID": 1211, "id": "ATLANTA_1997_2024221660094", "x": -84.450653076171875, "y": 33.759998321533203, "robbery": 1 }, "geometry": { "type": "Point", "coordinates": [ -84.450653075999981, 33.759998322000058 ] } },
{ "type": "Feature", "properties": { "OBJECTID": 1212, "id": "ATLANTA_1997_2024221661803", "x": -84.38031005859375, "y": 33.781639099121094, "robbery": 1 }, "geometry": { "type": "Point", "coordinates": [ -84.380310058999953, 33.781639099000074 ] } },
{ "type": "Feature", "properties": { "OBJECTID": 1213, "id": "ATLANTA_1997_2024221670834", "x": -84.361923217773438, "y": 33.729221343994141, "robbery": 1 }, "geometry": { "type": "Point", "coordinates": [ -84.361923217999959, 33.729221344000052 ] } },
{ "type": "Feature", "properties": { "OBJECTID": 1214, "id": "ATLANTA_1997_2024221671455", "x": -84.404052734375, "y": 33.755390167236328, "robbery": 1 }, "geometry": { "type": "Point", "coordinates": [ -84.404052733999947, 33.75539016700003 ] } },
{ "type": "Feature", "properties": { "OBJECTID": 1215, "id": "ATLANTA_1997_2024221671586", "x": -84.362358093261719, "y": 33.845310211181641, "robbery": 1 }, "geometry": { "type": "Point", "coordinates": [ -84.362358092999955, 33.845310211000026 ] } },
{ "type": "Feature", "properties": { "OBJECTID": 1216, "id": "ATLANTA_1997_2024221680315", "x": -84.42822265625, "y": 33.789478302001953, "robbery": 1 }, "geometry": { "type": "Point", "coordinates": [ -84.428222655999946, 33.789478302000077 ] } },
{ "type": "Feature", "properties": { "OBJECTID": 1217, "id": "ATLANTA_1997_2024221680995", "x": -84.417091369628906, "y": 33.768539428710938, "robbery": 1 }, "geometry": { "type": "Point", "coordinates": [ -84.41709136999998, 33.768539429000043 ] } },
{ "type": "Feature", "properties": { "OBJECTID": 1218, "id": "ATLANTA_1997_2024221681914", "x": -84.458511352539062, "y": 33.706489562988281, "robbery": 1 }, "geometry": { "type": "Point", "coordinates": [ -84.458511352999949, 33.706489563000048 ] } },
{ "type": "Feature", "properties": { "OBJECTID": 1219, "id": "ATLANTA_1997_2024221690089", "x": -84.490272521972656, "y": 33.750019073486328, "robbery": 1 }, "geometry": { "type": "Point", "coordinates": [ -84.490272521999941, 33.750019073000033 ] } },
{ "type": "Feature", "properties": { "OBJECTID": 1220, "id": "ATLANTA_1997_2024221700149", "x": -84.420440673828125, "y": 33.7689208984375, "robbery": 1 }, "geometry": { "type": "Point", "coordinates": [ -84.420440673999963, 33.768920898000033 ] } },
{ "type": "Feature", "properties": { "OBJECTID": 1221, "id": "ATLANTA_1997_2024221700433", "x": -84.416969299316406, "y": 33.762821197509766, "robbery": 1 }, "geometry": { "type": "Point", "coordinates": [ -84.416969298999959, 33.76282119800004 ] } },
{ "type": "Feature", "properties": { "OBJECTID": 1222, "id": "ATLANTA_1997_2024221700436", "x": -84.423843383789062, "y": 33.723159790039062, "robbery": 1 }, "geometry": { "type": "Point", "coordinates": [ -84.423843383999952, 33.723159790000068 ] } },
{ "type": "Feature", "properties": { "OBJECTID": 1223, "id": "ATLANTA_1997_2024221701148", "x": -84.36419677734375, "y": 33.822669982910156, "robbery": 1 }, "geometry": { "type": "Point", "coordinates": [ -84.364196776999961, 33.822669983000026 ] } },
{ "type": "Feature", "properties": { "OBJECTID": 1224, "id": "ATLANTA_1997_2024221701195", "x": -84.370941162109375, "y": 33.850170135498047, "robbery": 1 }, "geometry": { "type": "Point", "coordinates": [ -84.370941161999951, 33.850170135000042 ] } },
{ "type": "Feature", "properties": { "OBJECTID": 1225, "id": "ATLANTA_1997_2024221701251", "x": -84.354949951171875, "y": 33.703670501708984, "robbery": 1 }, "geometry": { "type": "Point", "coordinates": [ -84.354949950999981, 33.70367050200008 ] } },
{ "type": "Feature", "properties": { "OBJECTID": 1226, "id": "ATLANTA_1997_2024221710262", "x": -84.416023254394531, "y": 33.755058288574219, "robbery": 1 }, "geometry": { "type": "Point", "coordinates": [ -84.416023253999981, 33.755058289000033 ] } },
{ "type": "Feature", "properties": { "OBJECTID": 1227, "id": "ATLANTA_1997_2024221710708", "x": -84.3756103515625, "y": 33.759319305419922, "robbery": 1 }, "geometry": { "type": "Point", "coordinates": [ -84.375610351999967, 33.759319305000076 ] } },
{ "type": "Feature", "properties": { "OBJECTID": 1228, "id": "ATLANTA_1997_2024221711345", "x": -84.380142211914062, "y": 33.755599975585938, "robbery": 1 }, "geometry": { "type": "Point", "coordinates": [ -84.380142211999953, 33.755599976000042 ] } },
{ "type": "Feature", "properties": { "OBJECTID": 1229, "id": "ATLANTA_1997_2024221721016", "x": -84.509193420410156, "y": 33.762069702148438, "robbery": 1 }, "geometry": { "type": "Point", "coordinates": [ -84.509193419999974, 33.762069702000076 ] } },
{ "type": "Feature", "properties": { "OBJECTID": 1230, "id": "ATLANTA_1997_2024221732104", "x": -84.390647888183594, "y": 33.754169464111328, "robbery": 1 }, "geometry": { "type": "Point", "coordinates": [ -84.390647888, 33.754169464000029 ] } },
{ "type": "Feature", "properties": { "OBJECTID": 1231, "id": "ATLANTA_1997_2024221741041", "x": -84.370452880859375, "y": 33.672931671142578, "robbery": 1 }, "geometry": { "type": "Point", "coordinates": [ -84.370452880999949, 33.672931671000072 ] } },
{ "type": "Feature", "properties": { "OBJECTID": 1232, "id": "ATLANTA_1997_2024221751018", "x": -84.401222229003906, "y": 33.722320556640625, "robbery": 1 }, "geometry": { "type": "Point", "coordinates": [ -84.401222228999984, 33.722320557000046 ] } },
{ "type": "Feature", "properties": { "OBJECTID": 1233, "id": "ATLANTA_1997_2024221751286", "x": -84.477447509765625, "y": 33.695369720458984, "robbery": 1 }, "geometry": { "type": "Point", "coordinates": [ -84.47744751, 33.695369720000031 ] } },
{ "type": "Feature", "properties": { "OBJECTID": 1234, "id": "ATLANTA_1997_2024221760075", "x": -84.372940063476562, "y": 33.790081024169922, "robbery": 1 }, "geometry": { "type": "Point", "coordinates": [ -84.372940062999987, 33.790081024000074 ] } },
{ "type": "Feature", "properties": { "OBJECTID": 1235, "id": "ATLANTA_1997_2024221760366", "x": -84.472503662109375, "y": 33.753829956054688, "robbery": 1 }, "geometry": { "type": "Point", "coordinates": [ -84.472503661999951, 33.753829956000061 ] } },
{ "type": "Feature", "properties": { "OBJECTID": 1236, "id": "ATLANTA_1997_2024221761337", "x": -84.334220886230469, "y": 33.73114013671875, "robbery": 1 }, "geometry": { "type": "Point", "coordinates": [ -84.334220885999969, 33.731140137000068 ] } },
{ "type": "Feature", "properties": { "OBJECTID": 1237, "id": "ATLANTA_1997_2024221761855", "x": -84.523269653320312, "y": 33.664360046386719, "robbery": 1 }, "geometry": { "type": "Point", "coordinates": [ -84.523269652999943, 33.66436004600007 ] } },
{ "type": "Feature", "properties": { "OBJECTID": 1238, "id": "ATLANTA_1997_2024221770804", "x": -84.467903137207031, "y": 33.751651763916016, "robbery": 1 }, "geometry": { "type": "Point", "coordinates": [ -84.467903136999951, 33.75165176400003 ] } },
{ "type": "Feature", "properties": { "OBJECTID": 1239, "id": "ATLANTA_1997_2024221771482", "x": -84.372940063476562, "y": 33.790081024169922, "robbery": 1 }, "geometry": { "type": "Point", "coordinates": [ -84.372940062999987, 33.790081024000074 ] } },
{ "type": "Feature", "properties": { "OBJECTID": 1240, "id": "ATLANTA_1997_2024221780022", "x": -84.507598876953125, "y": 33.762081146240234, "robbery": 1 }, "geometry": { "type": "Point", "coordinates": [ -84.507598876999964, 33.762081146000071 ] } },
{ "type": "Feature", "properties": { "OBJECTID": 1241, "id": "ATLANTA_1997_2024221790243", "x": -84.383132934570312, "y": 33.765670776367188, "robbery": 1 }, "geometry": { "type": "Point", "coordinates": [ -84.383132934999935, 33.765670776000036 ] } },
{ "type": "Feature", "properties": { "OBJECTID": 1242, "id": "ATLANTA_1997_2024221790888", "x": -84.382499694824219, "y": 33.770118713378906, "robbery": 1 }, "geometry": { "type": "Point", "coordinates": [ -84.382499694999979, 33.770118713000045 ] } },
{ "type": "Feature", "properties": { "OBJECTID": 1243, "id": "ATLANTA_1997_2024221791956", "x": -84.393753051757812, "y": 33.721641540527344, "robbery": 1 }, "geometry": { "type": "Point", "coordinates": [ -84.393753051999965, 33.721641541000054 ] } },
{ "type": "Feature", "properties": { "OBJECTID": 1244, "id": "ATLANTA_1997_2024221820789", "x": -84.495338439941406, "y": 33.776191711425781, "robbery": 1 }, "geometry": { "type": "Point", "coordinates": [ -84.495338439999955, 33.776191711000024 ] } },
{ "type": "Feature", "properties": { "OBJECTID": 1245, "id": "ATLANTA_1997_2024221830663", "x": -84.420623779296875, "y": 33.746650695800781, "robbery": 1 }, "geometry": { "type": "Point", "coordinates": [ -84.420623778999982, 33.746650696000074 ] } },
{ "type": "Feature", "properties": { "OBJECTID": 1246, "id": "ATLANTA_1997_2024221831384", "x": -84.388702392578125, "y": 33.788909912109375, "robbery": 1 }, "geometry": { "type": "Point", "coordinates": [ -84.38870239299996, 33.788909912000065 ] } },
{ "type": "Feature", "properties": { "OBJECTID": 1247, "id": "ATLANTA_1997_2024221840943", "x": -84.362190246582031, "y": 33.825439453125, "robbery": 1 }, "geometry": { "type": "Point", "coordinates": [ -84.362190246999944, 33.825439453000058 ] } },
{ "type": "Feature", "properties": { "OBJECTID": 1248, "id": "ATLANTA_1997_2024221850070", "x": -84.391456604003906, "y": 33.762599945068359, "robbery": 1 }, "geometry": { "type": "Point", "coordinates": [ -84.391456603999984, 33.762599945000034 ] } },
{ "type": "Feature", "properties": { "OBJECTID": 1249, "id": "ATLANTA_1997_2024221850149", "x": -84.38519287109375, "y": 33.742530822753906, "robbery": 1 }, "geometry": { "type": "Point", "coordinates": [ -84.385192870999958, 33.742530823000038 ] } },
{ "type": "Feature", "properties": { "OBJECTID": 1250, "id": "ATLANTA_1997_2024221850463", "x": -84.346099853515625, "y": 33.756771087646484, "robbery": 1 }, "geometry": { "type": "Point", "coordinates": [ -84.346099853999988, 33.75677108800005 ] } },
{ "type": "Feature", "properties": { "OBJECTID": 1251, "id": "ATLANTA_1997_2024221850887", "x": -84.432670593261719, "y": 33.766471862792969, "robbery": 1 }, "geometry": { "type": "Point", "coordinates": [ -84.432670592999955, 33.766471863000049 ] } },
{ "type": "Feature", "properties": { "OBJECTID": 1252, "id": "ATLANTA_1997_2024221851535", "x": -84.376419067382812, "y": 33.757488250732422, "robbery": 1 }, "geometry": { "type": "Point", "coordinates": [ -84.376419066999972, 33.757488251000041 ] } },
{ "type": "Feature", "properties": { "OBJECTID": 1253, "id": "ATLANTA_1997_2024221860264", "x": -84.40625, "y": 33.783939361572266, "robbery": 1 }, "geometry": { "type": "Point", "coordinates": [ -84.40625, 33.783939362000069 ] } },
{ "type": "Feature", "properties": { "OBJECTID": 1254, "id": "ATLANTA_1997_2024221860336", "x": -84.357772827148438, "y": 33.794120788574219, "robbery": 1 }, "geometry": { "type": "Point", "coordinates": [ -84.357772826999962, 33.794120789000033 ] } },
{ "type": "Feature", "properties": { "OBJECTID": 1255, "id": "ATLANTA_1997_2024221860411", "x": -84.416252136230469, "y": 33.800758361816406, "robbery": 1 }, "geometry": { "type": "Point", "coordinates": [ -84.416252135999969, 33.800758362000067 ] } },
{ "type": "Feature", "properties": { "OBJECTID": 1256, "id": "ATLANTA_1997_2024221860771", "x": -84.384330749511719, "y": 33.786949157714844, "robbery": 1 }, "geometry": { "type": "Point", "coordinates": [ -84.384330749999947, 33.786949158000027 ] } },
{ "type": "Feature", "properties": { "OBJECTID": 1257, "id": "ATLANTA_1997_2024221860851", "x": -84.484550476074219, "y": 33.754798889160156, "robbery": 1 }, "geometry": { "type": "Point", "coordinates": [ -84.484550475999981, 33.754798889000028 ] } },
{ "type": "Feature", "properties": { "OBJECTID": 1258, "id": "ATLANTA_1997_2024221861509", "x": -84.450653076171875, "y": 33.775390625, "robbery": 1 }, "geometry": { "type": "Point", "coordinates": [ -84.450653075999981, 33.775390625000057 ] } },
{ "type": "Feature", "properties": { "OBJECTID": 1259, "id": "ATLANTA_1997_2024221861753", "x": -84.514427185058594, "y": 33.767410278320312, "robbery": 1 }, "geometry": { "type": "Point", "coordinates": [ -84.514427184999988, 33.767410278000057 ] } },
{ "type": "Feature", "properties": { "OBJECTID": 1260, "id": "ATLANTA_1997_2024221870192", "x": -84.403350830078125, "y": 33.763679504394531, "robbery": 1 }, "geometry": { "type": "Point", "coordinates": [ -84.403350829999965, 33.763679504000038 ] } },
{ "type": "Feature", "properties": { "OBJECTID": 1261, "id": "ATLANTA_1997_2024221870266", "x": -84.394569396972656, "y": 33.747589111328125, "robbery": 1 }, "geometry": { "type": "Point", "coordinates": [ -84.394569396999941, 33.747589111000025 ] } },
{ "type": "Feature", "properties": { "OBJECTID": 1262, "id": "ATLANTA_1997_2024221870769", "x": -84.291816711425781, "y": 33.747409820556641, "robbery": 1 }, "geometry": { "type": "Point", "coordinates": [ -84.291816710999967, 33.747409821000076 ] } },
{ "type": "Feature", "properties": { "OBJECTID": 1263, "id": "ATLANTA_1997_2024221870926", "x": -84.509452819824219, "y": 33.767410278320312, "robbery": 1 }, "geometry": { "type": "Point", "coordinates": [ -84.509452819999979, 33.767410278000057 ] } },
{ "type": "Feature", "properties": { "OBJECTID": 1264, "id": "ATLANTA_1997_2024221871871", "x": -84.396697998046875, "y": 33.681430816650391, "robbery": 1 }, "geometry": { "type": "Point", "coordinates": [ -84.396697997999979, 33.681430817000034 ] } },
{ "type": "Feature", "properties": { "OBJECTID": 1265, "id": "ATLANTA_1997_2024221890418", "x": -84.375541687011719, "y": 33.754329681396484, "robbery": 1 }, "geometry": { "type": "Point", "coordinates": [ -84.375541686999952, 33.754329681000058 ] } },
{ "type": "Feature", "properties": { "OBJECTID": 1266, "id": "ATLANTA_1997_2024221891465", "x": -84.349578857421875, "y": 33.701061248779297, "robbery": 1 }, "geometry": { "type": "Point", "coordinates": [ -84.349578856999983, 33.701061249000077 ] } },
{ "type": "Feature", "properties": { "OBJECTID": 1267, "id": "ATLANTA_1997_2024221900154", "x": -84.379791259765625, "y": 33.708061218261719, "robbery": 1 }, "geometry": { "type": "Point", "coordinates": [ -84.37979126, 33.708061218000068 ] } },
{ "type": "Feature", "properties": { "OBJECTID": 1268, "id": "ATLANTA_1997_2024221900384", "x": -84.415336608886719, "y": 33.764110565185547, "robbery": 1 }, "geometry": { "type": "Point", "coordinates": [ -84.415336608999951, 33.764110565000067 ] } },
{ "type": "Feature", "properties": { "OBJECTID": 1269, "id": "ATLANTA_1997_2024221900436", "x": -84.363059997558594, "y": 33.773849487304688, "robbery": 1 }, "geometry": { "type": "Point", "coordinates": [ -84.363059997999983, 33.773849487000064 ] } },
{ "type": "Feature", "properties": { "OBJECTID": 1270, "id": "ATLANTA_1997_2024221901561", "x": -84.365997314453125, "y": 33.849529266357422, "robbery": 1 }, "geometry": { "type": "Point", "coordinates": [ -84.365997313999969, 33.849529266000047 ] } },
{ "type": "Feature", "properties": { "OBJECTID": 1271, "id": "ATLANTA_1997_2024221910154", "x": -84.403091430664062, "y": 33.791919708251953, "robbery": 1 }, "geometry": { "type": "Point", "coordinates": [ -84.40309143099995, 33.79191970800008 ] } },
{ "type": "Feature", "properties": { "OBJECTID": 1272, "id": "ATLANTA_1997_2024221910342", "x": -84.445991516113281, "y": 33.719200134277344, "robbery": 1 }, "geometry": { "type": "Point", "coordinates": [ -84.445991515999935, 33.719200134000062 ] } },
{ "type": "Feature", "properties": { "OBJECTID": 1273, "id": "ATLANTA_1997_2024221911328", "x": -84.389472961425781, "y": 33.770648956298828, "robbery": 1 }, "geometry": { "type": "Point", "coordinates": [ -84.389472960999967, 33.770648956000059 ] } },
{ "type": "Feature", "properties": { "OBJECTID": 1274, "id": "ATLANTA_1997_2024221920081", "x": -84.398597717285156, "y": 33.737251281738281, "robbery": 1 }, "geometry": { "type": "Point", "coordinates": [ -84.398597716999973, 33.737251282000045 ] } },
{ "type": "Feature", "properties": { "OBJECTID": 1275, "id": "ATLANTA_1997_2024221920253", "x": -84.410797119140625, "y": 33.74945068359375, "robbery": 1 }, "geometry": { "type": "Point", "coordinates": [ -84.410797118999938, 33.749450684000067 ] } },
{ "type": "Feature", "properties": { "OBJECTID": 1276, "id": "ATLANTA_1997_2024221920622", "x": -84.393478393554688, "y": 33.733360290527344, "robbery": 1 }, "geometry": { "type": "Point", "coordinates": [ -84.393478393999942, 33.733360291000054 ] } },
{ "type": "Feature", "properties": { "OBJECTID": 1277, "id": "ATLANTA_1997_2024221920662", "x": -84.395500183105469, "y": 33.769058227539062, "robbery": 1 }, "geometry": { "type": "Point", "coordinates": [ -84.395500182999967, 33.769058228000063 ] } },
{ "type": "Feature", "properties": { "OBJECTID": 1278, "id": "ATLANTA_1997_2024221921276", "x": -84.424026489257812, "y": 33.729339599609375, "robbery": 1 }, "geometry": { "type": "Point", "coordinates": [ -84.424026488999971, 33.72933960000006 ] } },
{ "type": "Feature", "properties": { "OBJECTID": 1279, "id": "ATLANTA_1997_2024221921667", "x": -84.405799865722656, "y": 33.683750152587891, "robbery": 1 }, "geometry": { "type": "Point", "coordinates": [ -84.405799865999938, 33.683750153000062 ] } },
{ "type": "Feature", "properties": { "OBJECTID": 1280, "id": "ATLANTA_1997_2024221921728", "x": -84.35888671875, "y": 33.708759307861328, "robbery": 1 }, "geometry": { "type": "Point", "coordinates": [ -84.358886718999941, 33.708759308000026 ] } },
{ "type": "Feature", "properties": { "OBJECTID": 1281, "id": "ATLANTA_1997_2024221921751", "x": -84.349800109863281, "y": 33.723300933837891, "robbery": 1 }, "geometry": { "type": "Point", "coordinates": [ -84.34980011, 33.723300934000065 ] } },
{ "type": "Feature", "properties": { "OBJECTID": 1282, "id": "ATLANTA_1997_2024221921794", "x": -84.368583679199219, "y": 33.714008331298828, "robbery": 1 }, "geometry": { "type": "Point", "coordinates": [ -84.368583678999983, 33.714008331000059 ] } },
{ "type": "Feature", "properties": { "OBJECTID": 1283, "id": "ATLANTA_1997_2024221930829", "x": -84.382179260253906, "y": 33.718059539794922, "robbery": 1 }, "geometry": { "type": "Point", "coordinates": [ -84.382179259999987, 33.71805954000007 ] } },
{ "type": "Feature", "properties": { "OBJECTID": 1284, "id": "ATLANTA_1997_2024221930975", "x": -84.384162902832031, "y": 33.723869323730469, "robbery": 1 }, "geometry": { "type": "Point", "coordinates": [ -84.384162902999947, 33.723869324000077 ] } },
{ "type": "Feature", "properties": { "OBJECTID": 1285, "id": "ATLANTA_1997_2024221931231", "x": -84.39678955078125, "y": 33.748939514160156, "robbery": 1 }, "geometry": { "type": "Point", "coordinates": [ -84.396789550999983, 33.748939514000028 ] } },
{ "type": "Feature", "properties": { "OBJECTID": 1286, "id": "ATLANTA_1997_2024221940100", "x": -84.370559692382812, "y": 33.670879364013672, "robbery": 1 }, "geometry": { "type": "Point", "coordinates": [ -84.370559691999972, 33.670879364000029 ] } },
{ "type": "Feature", "properties": { "OBJECTID": 1287, "id": "ATLANTA_1997_2024221950143", "x": -84.415580749511719, "y": 33.674430847167969, "robbery": 1 }, "geometry": { "type": "Point", "coordinates": [ -84.415580749999947, 33.674430847000053 ] } },
{ "type": "Feature", "properties": { "OBJECTID": 1288, "id": "ATLANTA_1997_2024221960130", "x": -84.467247009277344, "y": 33.804759979248047, "robbery": 1 }, "geometry": { "type": "Point", "coordinates": [ -84.467247008999948, 33.804759979000039 ] } },
{ "type": "Feature", "properties": { "OBJECTID": 1289, "id": "ATLANTA_1997_2024221960200", "x": -84.507598876953125, "y": 33.762081146240234, "robbery": 1 }, "geometry": { "type": "Point", "coordinates": [ -84.507598876999964, 33.762081146000071 ] } },
{ "type": "Feature", "properties": { "OBJECTID": 1290, "id": "ATLANTA_1997_2024221960283", "x": -84.415733337402344, "y": 33.710929870605469, "robbery": 1 }, "geometry": { "type": "Point", "coordinates": [ -84.415733336999949, 33.710929871000076 ] } },
{ "type": "Feature", "properties": { "OBJECTID": 1291, "id": "ATLANTA_1997_2024221961504", "x": -84.32196044921875, "y": 33.726631164550781, "robbery": 1 }, "geometry": { "type": "Point", "coordinates": [ -84.32196044899996, 33.726631165000072 ] } },
{ "type": "Feature", "properties": { "OBJECTID": 1292, "id": "ATLANTA_1997_2024221961909", "x": -84.333328247070312, "y": 33.729061126708984, "robbery": 1 }, "geometry": { "type": "Point", "coordinates": [ -84.33332824699994, 33.72906112700008 ] } },
{ "type": "Feature", "properties": { "OBJECTID": 1293, "id": "ATLANTA_1997_2024221970362", "x": -84.490982055664062, "y": 33.785640716552734, "robbery": 1 }, "geometry": { "type": "Point", "coordinates": [ -84.49098205599995, 33.785640717000035 ] } },
{ "type": "Feature", "properties": { "OBJECTID": 1294, "id": "ATLANTA_1997_2024221970698", "x": -84.433769226074219, "y": 33.733119964599609, "robbery": 1 }, "geometry": { "type": "Point", "coordinates": [ -84.433769225999981, 33.733119965000071 ] } },
{ "type": "Feature", "properties": { "OBJECTID": 1295, "id": "ATLANTA_1997_2024221970953", "x": -84.432876586914062, "y": 33.738059997558594, "robbery": 1 }, "geometry": { "type": "Point", "coordinates": [ -84.432876586999953, 33.73805999800004 ] } },
{ "type": "Feature", "properties": { "OBJECTID": 1296, "id": "ATLANTA_1997_2024221980723", "x": -84.384162902832031, "y": 33.723869323730469, "robbery": 1 }, "geometry": { "type": "Point", "coordinates": [ -84.384162902999947, 33.723869324000077 ] } },
{ "type": "Feature", "properties": { "OBJECTID": 1297, "id": "ATLANTA_1997_2024221981286", "x": -84.381050109863281, "y": 33.754779815673828, "robbery": 1 }, "geometry": { "type": "Point", "coordinates": [ -84.38105011, 33.754779816000053 ] } },
{ "type": "Feature", "properties": { "OBJECTID": 1298, "id": "ATLANTA_1997_2024221981494", "x": -84.410270690917969, "y": 33.681598663330078, "robbery": 1 }, "geometry": { "type": "Point", "coordinates": [ -84.410270690999937, 33.681598663000045 ] } },
{ "type": "Feature", "properties": { "OBJECTID": 1299, "id": "ATLANTA_1997_2024221981584", "x": -84.38604736328125, "y": 33.763988494873047, "robbery": 1 }, "geometry": { "type": "Point", "coordinates": [ -84.386047362999989, 33.763988495000035 ] } },
{ "type": "Feature", "properties": { "OBJECTID": 1300, "id": "ATLANTA_1997_2024221990881", "x": -84.352951049804688, "y": 33.714241027832031, "robbery": 1 }, "geometry": { "type": "Point", "coordinates": [ -84.352951049999945, 33.71424102800006 ] } },
{ "type": "Feature", "properties": { "OBJECTID": 1301, "id": "ATLANTA_1997_2024221990991", "x": -84.384162902832031, "y": 33.723869323730469, "robbery": 1 }, "geometry": { "type": "Point", "coordinates": [ -84.384162902999947, 33.723869324000077 ] } },
{ "type": "Feature", "properties": { "OBJECTID": 1302, "id": "ATLANTA_1997_2024221991219", "x": -84.357696533203125, "y": 33.75640869140625, "robbery": 1 }, "geometry": { "type": "Point", "coordinates": [ -84.357696532999967, 33.756408691000047 ] } },
{ "type": "Feature", "properties": { "OBJECTID": 1303, "id": "ATLANTA_1997_2024221991237", "x": -84.350143432617188, "y": 33.716129302978516, "robbery": 1 }, "geometry": { "type": "Point", "coordinates": [ -84.350143432999971, 33.716129303000059 ] } },
{ "type": "Feature", "properties": { "OBJECTID": 1304, "id": "ATLANTA_1997_2024221991296", "x": -84.393043518066406, "y": 33.710491180419922, "robbery": 1 }, "geometry": { "type": "Point", "coordinates": [ -84.393043517999956, 33.710491180000076 ] } },
{ "type": "Feature", "properties": { "OBJECTID": 1305, "id": "ATLANTA_1997_2024222020713", "x": -84.466682434082031, "y": 33.752460479736328, "robbery": 1 }, "geometry": { "type": "Point", "coordinates": [ -84.466682433999949, 33.752460480000025 ] } },
{ "type": "Feature", "properties": { "OBJECTID": 1306, "id": "ATLANTA_1997_2024222020970", "x": -84.365142822265625, "y": 33.82733154296875, "robbery": 1 }, "geometry": { "type": "Point", "coordinates": [ -84.365142821999939, 33.827331543000071 ] } },
{ "type": "Feature", "properties": { "OBJECTID": 1307, "id": "ATLANTA_1997_2024222021628", "x": -84.443817138671875, "y": 33.751411437988281, "robbery": 1 }, "geometry": { "type": "Point", "coordinates": [ -84.443817138999975, 33.751411438000048 ] } },
{ "type": "Feature", "properties": { "OBJECTID": 1308, "id": "ATLANTA_1997_2024222021902", "x": -84.417823791503906, "y": 33.745700836181641, "robbery": 1 }, "geometry": { "type": "Point", "coordinates": [ -84.417823791999979, 33.745700836000026 ] } },
{ "type": "Feature", "properties": { "OBJECTID": 1309, "id": "ATLANTA_1997_2024222030317", "x": -84.437263488769531, "y": 33.771869659423828, "robbery": 1 }, "geometry": { "type": "Point", "coordinates": [ -84.437263488999974, 33.77186965900006 ] } },
{ "type": "Feature", "properties": { "OBJECTID": 1310, "id": "ATLANTA_1997_2024222031226", "x": -84.368568420410156, "y": 33.79833984375, "robbery": 1 }, "geometry": { "type": "Point", "coordinates": [ -84.368568419999974, 33.798339844000054 ] } },
{ "type": "Feature", "properties": { "OBJECTID": 1311, "id": "ATLANTA_1997_2024222040137", "x": -84.388702392578125, "y": 33.781028747558594, "robbery": 1 }, "geometry": { "type": "Point", "coordinates": [ -84.38870239299996, 33.78102874800004 ] } },
{ "type": "Feature", "properties": { "OBJECTID": 1312, "id": "ATLANTA_1997_2024222040931", "x": -84.401741027832031, "y": 33.749038696289062, "robbery": 1 }, "geometry": { "type": "Point", "coordinates": [ -84.401741027999947, 33.749038696000071 ] } },
{ "type": "Feature", "properties": { "OBJECTID": 1313, "id": "ATLANTA_1997_2024222041068", "x": -84.470596313476562, "y": 33.751510620117188, "robbery": 1 }, "geometry": { "type": "Point", "coordinates": [ -84.470596312999987, 33.751510620000033 ] } },
{ "type": "Feature", "properties": { "OBJECTID": 1314, "id": "ATLANTA_1997_2024222041360", "x": -84.390022277832031, "y": 33.671619415283203, "robbery": 1 }, "geometry": { "type": "Point", "coordinates": [ -84.390022277999947, 33.671619415000066 ] } },
{ "type": "Feature", "properties": { "OBJECTID": 1315, "id": "ATLANTA_1997_2024222051117", "x": -84.380828857421875, "y": 33.850681304931641, "robbery": 1 }, "geometry": { "type": "Point", "coordinates": [ -84.380828856999983, 33.85068130500008 ] } },
{ "type": "Feature", "properties": { "OBJECTID": 1316, "id": "ATLANTA_1997_2024222051297", "x": -84.466072082519531, "y": 33.753311157226562, "robbery": 1 }, "geometry": { "type": "Point", "coordinates": [ -84.466072082999972, 33.753311157000041 ] } },
{ "type": "Feature", "properties": { "OBJECTID": 1317, "id": "ATLANTA_1997_2024222051338", "x": -84.409011840820312, "y": 33.755138397216797, "robbery": 1 }, "geometry": { "type": "Point", "coordinates": [ -84.409011840999938, 33.755138397000053 ] } },
{ "type": "Feature", "properties": { "OBJECTID": 1318, "id": "ATLANTA_1997_2024222060145", "x": -84.3768310546875, "y": 33.754451751708984, "robbery": 1 }, "geometry": { "type": "Point", "coordinates": [ -84.376831054999968, 33.75445175200008 ] } },
{ "type": "Feature", "properties": { "OBJECTID": 1319, "id": "ATLANTA_1997_2024222060200", "x": -84.417350769042969, "y": 33.763660430908203, "robbery": 1 }, "geometry": { "type": "Point", "coordinates": [ -84.417350768999938, 33.763660431000062 ] } },
{ "type": "Feature", "properties": { "OBJECTID": 1320, "id": "ATLANTA_1997_2024222061163", "x": -84.365989685058594, "y": 33.766471862792969, "robbery": 1 }, "geometry": { "type": "Point", "coordinates": [ -84.365989684999988, 33.766471863000049 ] } },
{ "type": "Feature", "properties": { "OBJECTID": 1321, "id": "ATLANTA_1997_2024222061678", "x": -84.46356201171875, "y": 33.750801086425781, "robbery": 1 }, "geometry": { "type": "Point", "coordinates": [ -84.463562011999954, 33.750801086000024 ] } },
{ "type": "Feature", "properties": { "OBJECTID": 1322, "id": "ATLANTA_1997_2024222070137", "x": -84.496818542480469, "y": 33.677528381347656, "robbery": 1 }, "geometry": { "type": "Point", "coordinates": [ -84.496818541999971, 33.677528381000059 ] } },
{ "type": "Feature", "properties": { "OBJECTID": 1323, "id": "ATLANTA_1997_2024222070497", "x": -84.417236328125, "y": 33.769100189208984, "robbery": 1 }, "geometry": { "type": "Point", "coordinates": [ -84.417236327999944, 33.769100189000028 ] } },
{ "type": "Feature", "properties": { "OBJECTID": 1324, "id": "ATLANTA_1997_2024222071428", "x": -84.410942077636719, "y": 33.785221099853516, "robbery": 1 }, "geometry": { "type": "Point", "coordinates": [ -84.410942077999948, 33.785221100000058 ] } },
{ "type": "Feature", "properties": { "OBJECTID": 1325, "id": "ATLANTA_1997_2024222080059", "x": -84.382606506347656, "y": 33.764938354492188, "robbery": 1 }, "geometry": { "type": "Point", "coordinates": [ -84.382606505999945, 33.764938354000037 ] } },
{ "type": "Feature", "properties": { "OBJECTID": 1326, "id": "ATLANTA_1997_2024222080061", "x": -84.408241271972656, "y": 33.745880126953125, "robbery": 1 }, "geometry": { "type": "Point", "coordinates": [ -84.408241271999941, 33.745880127000078 ] } },
{ "type": "Feature", "properties": { "OBJECTID": 1327, "id": "ATLANTA_1997_2024222080193", "x": -84.385986328125, "y": 33.759738922119141, "robbery": 1 }, "geometry": { "type": "Point", "coordinates": [ -84.385986327999944, 33.759738922000054 ] } },
{ "type": "Feature", "properties": { "OBJECTID": 1328, "id": "ATLANTA_1997_2024222081024", "x": -84.500709533691406, "y": 33.668399810791016, "robbery": 1 }, "geometry": { "type": "Point", "coordinates": [ -84.500709533999952, 33.668399811000029 ] } },
{ "type": "Feature", "properties": { "OBJECTID": 1329, "id": "ATLANTA_1997_2024222090107", "x": -84.375007629394531, "y": 33.840660095214844, "robbery": 1 }, "geometry": { "type": "Point", "coordinates": [ -84.375007628999981, 33.840660095000032 ] } },
{ "type": "Feature", "properties": { "OBJECTID": 1330, "id": "ATLANTA_1997_2024222090116", "x": -84.374557495117188, "y": 33.754138946533203, "robbery": 1 }, "geometry": { "type": "Point", "coordinates": [ -84.374557494999976, 33.754138947000058 ] } },
{ "type": "Feature", "properties": { "OBJECTID": 1331, "id": "ATLANTA_1997_2024222090298", "x": -84.472503662109375, "y": 33.753829956054688, "robbery": 1 }, "geometry": { "type": "Point", "coordinates": [ -84.472503661999951, 33.753829956000061 ] } },
{ "type": "Feature", "properties": { "OBJECTID": 1332, "id": "ATLANTA_1997_2024222091934", "x": -84.41351318359375, "y": 33.740871429443359, "robbery": 1 }, "geometry": { "type": "Point", "coordinates": [ -84.413513183999953, 33.740871429000038 ] } },
{ "type": "Feature", "properties": { "OBJECTID": 1333, "id": "ATLANTA_1997_2024222100143", "x": -84.467491149902344, "y": 33.747451782226562, "robbery": 1 }, "geometry": { "type": "Point", "coordinates": [ -84.467491149999944, 33.747451782000041 ] } },
{ "type": "Feature", "properties": { "OBJECTID": 1334, "id": "ATLANTA_1997_2024222100341", "x": -84.425796508789062, "y": 33.759590148925781, "robbery": 1 }, "geometry": { "type": "Point", "coordinates": [ -84.425796508999952, 33.759590149000076 ] } },
{ "type": "Feature", "properties": { "OBJECTID": 1335, "id": "ATLANTA_1997_2024222100502", "x": -84.482536315917969, "y": 33.698909759521484, "robbery": 1 }, "geometry": { "type": "Point", "coordinates": [ -84.482536315999937, 33.698909760000049 ] } },
{ "type": "Feature", "properties": { "OBJECTID": 1336, "id": "ATLANTA_1997_2024222110238", "x": -84.467903137207031, "y": 33.751651763916016, "robbery": 1 }, "geometry": { "type": "Point", "coordinates": [ -84.467903136999951, 33.75165176400003 ] } },
{ "type": "Feature", "properties": { "OBJECTID": 1337, "id": "ATLANTA_1997_2024222110331", "x": -84.371742248535156, "y": 33.822669982910156, "robbery": 1 }, "geometry": { "type": "Point", "coordinates": [ -84.371742248999965, 33.822669983000026 ] } },
{ "type": "Feature", "properties": { "OBJECTID": 1338, "id": "ATLANTA_1997_2024222110368", "x": -84.368316650390625, "y": 33.781379699707031, "robbery": 1 }, "geometry": { "type": "Point", "coordinates": [ -84.36831664999994, 33.781379700000059 ] } },
{ "type": "Feature", "properties": { "OBJECTID": 1339, "id": "ATLANTA_1997_2024222110413", "x": -84.511550903320312, "y": 33.759830474853516, "robbery": 1 }, "geometry": { "type": "Point", "coordinates": [ -84.511550902999943, 33.759830475000058 ] } },
{ "type": "Feature", "properties": { "OBJECTID": 1340, "id": "ATLANTA_1997_2024222111297", "x": -84.389312744140625, "y": 33.771610260009766, "robbery": 1 }, "geometry": { "type": "Point", "coordinates": [ -84.389312743999938, 33.771610260000045 ] } },
{ "type": "Feature", "properties": { "OBJECTID": 1341, "id": "ATLANTA_1997_2024222120041", "x": -84.349800109863281, "y": 33.721549987792969, "robbery": 1 }, "geometry": { "type": "Point", "coordinates": [ -84.34980011, 33.721549988000049 ] } },
{ "type": "Feature", "properties": { "OBJECTID": 1342, "id": "ATLANTA_1997_2024222121287", "x": -84.418472290039062, "y": 33.706451416015625, "robbery": 1 }, "geometry": { "type": "Point", "coordinates": [ -84.418472289999954, 33.70645141600005 ] } },
{ "type": "Feature", "properties": { "OBJECTID": 1343, "id": "ATLANTA_1997_2024222121646", "x": -84.395149230957031, "y": 33.750179290771484, "robbery": 1 }, "geometry": { "type": "Point", "coordinates": [ -84.395149230999948, 33.750179291000052 ] } },
{ "type": "Feature", "properties": { "OBJECTID": 1344, "id": "ATLANTA_1997_2024222130709", "x": -84.472503662109375, "y": 33.753829956054688, "robbery": 1 }, "geometry": { "type": "Point", "coordinates": [ -84.472503661999951, 33.753829956000061 ] } },
{ "type": "Feature", "properties": { "OBJECTID": 1345, "id": "ATLANTA_1997_2024222131759", "x": -84.491096496582031, "y": 33.785209655761719, "robbery": 1 }, "geometry": { "type": "Point", "coordinates": [ -84.491096496999944, 33.785209656000063 ] } },
{ "type": "Feature", "properties": { "OBJECTID": 1346, "id": "ATLANTA_1997_2024222131781", "x": -84.469833374023438, "y": 33.755718231201172, "robbery": 1 }, "geometry": { "type": "Point", "coordinates": [ -84.469833373999961, 33.75571823100006 ] } },
{ "type": "Feature", "properties": { "OBJECTID": 1347, "id": "ATLANTA_1997_2024222140209", "x": -84.388359069824219, "y": 33.730339050292969, "robbery": 1 }, "geometry": { "type": "Point", "coordinates": [ -84.388359069999979, 33.730339050000055 ] } },
{ "type": "Feature", "properties": { "OBJECTID": 1348, "id": "ATLANTA_1997_2024222140652", "x": -84.422889709472656, "y": 33.756439208984375, "robbery": 1 }, "geometry": { "type": "Point", "coordinates": [ -84.422889708999946, 33.756439209000064 ] } },
{ "type": "Feature", "properties": { "OBJECTID": 1349, "id": "ATLANTA_1997_2024222140666", "x": -84.402641296386719, "y": 33.728260040283203, "robbery": 1 }, "geometry": { "type": "Point", "coordinates": [ -84.402641295999956, 33.728260040000066 ] } },
{ "type": "Feature", "properties": { "OBJECTID": 1350, "id": "ATLANTA_1997_2024222140690", "x": -84.420722961425781, "y": 33.763729095458984, "robbery": 1 }, "geometry": { "type": "Point", "coordinates": [ -84.420722960999967, 33.763729095000031 ] } },
{ "type": "Feature", "properties": { "OBJECTID": 1351, "id": "ATLANTA_1997_2024222140705", "x": -84.413963317871094, "y": 33.761489868164062, "robbery": 1 }, "geometry": { "type": "Point", "coordinates": [ -84.413963317999958, 33.761489868000069 ] } },
{ "type": "Feature", "properties": { "OBJECTID": 1352, "id": "ATLANTA_1997_2024222150451", "x": -84.422569274902344, "y": 33.738380432128906, "robbery": 1 }, "geometry": { "type": "Point", "coordinates": [ -84.422569274999944, 33.738380432000042 ] } },
{ "type": "Feature", "properties": { "OBJECTID": 1353, "id": "ATLANTA_1997_2024222160125", "x": -84.323211669921875, "y": 33.725898742675781, "robbery": 1 }, "geometry": { "type": "Point", "coordinates": [ -84.323211669999978, 33.725898743000073 ] } },
{ "type": "Feature", "properties": { "OBJECTID": 1354, "id": "ATLANTA_1997_2024222160447", "x": -84.389617919921875, "y": 33.752410888671875, "robbery": 1 }, "geometry": { "type": "Point", "coordinates": [ -84.389617919999978, 33.752410889000032 ] } },
{ "type": "Feature", "properties": { "OBJECTID": 1355, "id": "ATLANTA_1997_2024222160587", "x": -84.425918579101562, "y": 33.764518737792969, "robbery": 1 }, "geometry": { "type": "Point", "coordinates": [ -84.425918578999983, 33.764518738000049 ] } },
{ "type": "Feature", "properties": { "OBJECTID": 1356, "id": "ATLANTA_1997_2024222160701", "x": -84.362373352050781, "y": 33.725681304931641, "robbery": 1 }, "geometry": { "type": "Point", "coordinates": [ -84.362373351999963, 33.72568130500008 ] } },
{ "type": "Feature", "properties": { "OBJECTID": 1357, "id": "ATLANTA_1997_2024222161125", "x": -84.362358093261719, "y": 33.845310211181641, "robbery": 1 }, "geometry": { "type": "Point", "coordinates": [ -84.362358092999955, 33.845310211000026 ] } },
{ "type": "Feature", "properties": { "OBJECTID": 1358, "id": "ATLANTA_1997_2024222161576", "x": -84.510147094726562, "y": 33.754398345947266, "robbery": 1 }, "geometry": { "type": "Point", "coordinates": [ -84.510147094999979, 33.754398346000073 ] } },
{ "type": "Feature", "properties": { "OBJECTID": 1359, "id": "ATLANTA_1997_2024222170821", "x": -84.507926940917969, "y": 33.762481689453125, "robbery": 1 }, "geometry": { "type": "Point", "coordinates": [ -84.507926940999937, 33.762481689000026 ] } },
{ "type": "Feature", "properties": { "OBJECTID": 1360, "id": "ATLANTA_1997_2024222180164", "x": -84.374427795410156, "y": 33.754299163818359, "robbery": 1 }, "geometry": { "type": "Point", "coordinates": [ -84.374427794999974, 33.754299164000031 ] } },
{ "type": "Feature", "properties": { "OBJECTID": 1361, "id": "ATLANTA_1997_2024222180456", "x": -84.374313354492188, "y": 33.840999603271484, "robbery": 1 }, "geometry": { "type": "Point", "coordinates": [ -84.37431335399998, 33.840999603000057 ] } },
{ "type": "Feature", "properties": { "OBJECTID": 1362, "id": "ATLANTA_1997_2024222190111", "x": -84.471023559570312, "y": 33.805431365966797, "robbery": 1 }, "geometry": { "type": "Point", "coordinates": [ -84.471023559999935, 33.80543136600005 ] } },
{ "type": "Feature", "properties": { "OBJECTID": 1363, "id": "ATLANTA_1997_2024222190186", "x": -84.466011047363281, "y": 33.775680541992188, "robbery": 1 }, "geometry": { "type": "Point", "coordinates": [ -84.466011046999938, 33.775680542000032 ] } },
{ "type": "Feature", "properties": { "OBJECTID": 1364, "id": "ATLANTA_1997_2024222191426", "x": -84.414253234863281, "y": 33.772830963134766, "robbery": 1 }, "geometry": { "type": "Point", "coordinates": [ -84.414253235, 33.772830963000047 ] } },
{ "type": "Feature", "properties": { "OBJECTID": 1365, "id": "ATLANTA_1997_2024222191495", "x": -84.380699157714844, "y": 33.841190338134766, "robbery": 1 }, "geometry": { "type": "Point", "coordinates": [ -84.38069915799997, 33.841190338000047 ] } },
{ "type": "Feature", "properties": { "OBJECTID": 1366, "id": "ATLANTA_1997_2024222191621", "x": -84.349967956542969, "y": 33.715721130371094, "robbery": 1 }, "geometry": { "type": "Point", "coordinates": [ -84.349967957, 33.715721130000077 ] } },
{ "type": "Feature", "properties": { "OBJECTID": 1367, "id": "ATLANTA_1997_2024222191783", "x": -84.417823791503906, "y": 33.751930236816406, "robbery": 1 }, "geometry": { "type": "Point", "coordinates": [ -84.417823791999979, 33.751930237000067 ] } },
{ "type": "Feature", "properties": { "OBJECTID": 1368, "id": "ATLANTA_1997_2024222201083", "x": -84.390029907226562, "y": 33.713890075683594, "robbery": 1 }, "geometry": { "type": "Point", "coordinates": [ -84.390029906999985, 33.713890076000041 ] } },
{ "type": "Feature", "properties": { "OBJECTID": 1369, "id": "ATLANTA_1997_2024222201565", "x": -84.384773254394531, "y": 33.680721282958984, "robbery": 1 }, "geometry": { "type": "Point", "coordinates": [ -84.384773253999981, 33.680721283000025 ] } },
{ "type": "Feature", "properties": { "OBJECTID": 1370, "id": "ATLANTA_1997_2024222201591", "x": -84.465789794921875, "y": 33.699451446533203, "robbery": 1 }, "geometry": { "type": "Point", "coordinates": [ -84.465789794999978, 33.699451447000058 ] } },
{ "type": "Feature", "properties": { "OBJECTID": 1371, "id": "ATLANTA_1997_2024222210283", "x": -84.367057800292969, "y": 33.848598480224609, "robbery": 1 }, "geometry": { "type": "Point", "coordinates": [ -84.367057799999941, 33.848598480000078 ] } },
{ "type": "Feature", "properties": { "OBJECTID": 1372, "id": "ATLANTA_1997_2024222222087", "x": -84.505317687988281, "y": 33.752418518066406, "robbery": 1 }, "geometry": { "type": "Point", "coordinates": [ -84.505317687999934, 33.75241851800007 ] } },
{ "type": "Feature", "properties": { "OBJECTID": 1373, "id": "ATLANTA_1997_2024222230817", "x": -84.416099548339844, "y": 33.755611419677734, "robbery": 1 }, "geometry": { "type": "Point", "coordinates": [ -84.416099547999977, 33.755611420000037 ] } },
{ "type": "Feature", "properties": { "OBJECTID": 1374, "id": "ATLANTA_1997_2024222231201", "x": -84.394569396972656, "y": 33.747589111328125, "robbery": 1 }, "geometry": { "type": "Point", "coordinates": [ -84.394569396999941, 33.747589111000025 ] } },
{ "type": "Feature", "properties": { "OBJECTID": 1375, "id": "ATLANTA_1997_2024222241083", "x": -84.364112854003906, "y": 33.773731231689453, "robbery": 1 }, "geometry": { "type": "Point", "coordinates": [ -84.364112853999984, 33.773731232000046 ] } },
{ "type": "Feature", "properties": { "OBJECTID": 1376, "id": "ATLANTA_1997_2024222241681", "x": -84.462646484375, "y": 33.702919006347656, "robbery": 1 }, "geometry": { "type": "Point", "coordinates": [ -84.462646483999947, 33.702919006000059 ] } },
{ "type": "Feature", "properties": { "OBJECTID": 1377, "id": "ATLANTA_1997_2024222242248", "x": -84.379981994628906, "y": 33.707908630371094, "robbery": 1 }, "geometry": { "type": "Point", "coordinates": [ -84.37998199499998, 33.707908630000077 ] } },
{ "type": "Feature", "properties": { "OBJECTID": 1378, "id": "ATLANTA_1997_2024222250270", "x": -84.382606506347656, "y": 33.764938354492188, "robbery": 1 }, "geometry": { "type": "Point", "coordinates": [ -84.382606505999945, 33.764938354000037 ] } },
{ "type": "Feature", "properties": { "OBJECTID": 1379, "id": "ATLANTA_1997_2024222250358", "x": -84.3822021484375, "y": 33.761501312255859, "robbery": 1 }, "geometry": { "type": "Point", "coordinates": [ -84.382202147999976, 33.761501312000064 ] } },
{ "type": "Feature", "properties": { "OBJECTID": 1380, "id": "ATLANTA_1997_2024222251906", "x": -84.408363342285156, "y": 33.800830841064453, "robbery": 1 }, "geometry": { "type": "Point", "coordinates": [ -84.408363341999973, 33.80083084100005 ] } },
{ "type": "Feature", "properties": { "OBJECTID": 1381, "id": "ATLANTA_1997_2024222260341", "x": -84.384872436523438, "y": 33.757450103759766, "robbery": 1 }, "geometry": { "type": "Point", "coordinates": [ -84.384872436999956, 33.757450104000043 ] } },
{ "type": "Feature", "properties": { "OBJECTID": 1382, "id": "ATLANTA_1997_2024222271626", "x": -84.450668334960938, "y": 33.700550079345703, "robbery": 1 }, "geometry": { "type": "Point", "coordinates": [ -84.450668334999989, 33.700550079000038 ] } },
{ "type": "Feature", "properties": { "OBJECTID": 1383, "id": "ATLANTA_1997_2024222280348", "x": -84.392143249511719, "y": 33.752059936523438, "robbery": 1 }, "geometry": { "type": "Point", "coordinates": [ -84.392143249999947, 33.75205993700007 ] } },
{ "type": "Feature", "properties": { "OBJECTID": 1384, "id": "ATLANTA_1997_2024222281270", "x": -84.417953491210938, "y": 33.754470825195312, "robbery": 1 }, "geometry": { "type": "Point", "coordinates": [ -84.417953490999935, 33.754470825000055 ] } },
{ "type": "Feature", "properties": { "OBJECTID": 1385, "id": "ATLANTA_1997_2024222290694", "x": -84.39898681640625, "y": 33.678920745849609, "robbery": 1 }, "geometry": { "type": "Point", "coordinates": [ -84.398986816, 33.678920746000074 ] } },
{ "type": "Feature", "properties": { "OBJECTID": 1386, "id": "ATLANTA_1997_2024222291782", "x": -84.443817138671875, "y": 33.751411437988281, "robbery": 1 }, "geometry": { "type": "Point", "coordinates": [ -84.443817138999975, 33.751411438000048 ] } },
{ "type": "Feature", "properties": { "OBJECTID": 1387, "id": "ATLANTA_1997_2024222292018", "x": -84.403190612792969, "y": 33.750049591064453, "robbery": 1 }, "geometry": { "type": "Point", "coordinates": [ -84.403190612999936, 33.75004959100005 ] } },
{ "type": "Feature", "properties": { "OBJECTID": 1388, "id": "ATLANTA_1997_2024222300114", "x": -84.379257202148438, "y": 33.706638336181641, "robbery": 1 }, "geometry": { "type": "Point", "coordinates": [ -84.379257201999962, 33.706638336000026 ] } },
{ "type": "Feature", "properties": { "OBJECTID": 1389, "id": "ATLANTA_1997_2024222300640", "x": -84.396186828613281, "y": 33.709270477294922, "robbery": 1 }, "geometry": { "type": "Point", "coordinates": [ -84.396186828999987, 33.709270477000075 ] } },
{ "type": "Feature", "properties": { "OBJECTID": 1390, "id": "ATLANTA_1997_2024222301156", "x": -84.372276306152344, "y": 33.76702880859375, "robbery": 1 }, "geometry": { "type": "Point", "coordinates": [ -84.372276305999947, 33.767028809000067 ] } },
{ "type": "Feature", "properties": { "OBJECTID": 1391, "id": "ATLANTA_1997_2024222320370", "x": -84.369720458984375, "y": 33.693561553955078, "robbery": 1 }, "geometry": { "type": "Point", "coordinates": [ -84.36972045899995, 33.693561554000041 ] } },
{ "type": "Feature", "properties": { "OBJECTID": 1392, "id": "ATLANTA_1997_2024222322003", "x": -84.382133483886719, "y": 33.778541564941406, "robbery": 1 }, "geometry": { "type": "Point", "coordinates": [ -84.382133483999951, 33.778541565000069 ] } },
{ "type": "Feature", "properties": { "OBJECTID": 1393, "id": "ATLANTA_1997_2024222331588", "x": -84.507057189941406, "y": 33.679328918457031, "robbery": 1 }, "geometry": { "type": "Point", "coordinates": [ -84.507057189999955, 33.679328918000067 ] } },
{ "type": "Feature", "properties": { "OBJECTID": 1394, "id": "ATLANTA_1997_2024222331886", "x": -84.373756408691406, "y": 33.753559112548828, "robbery": 1 }, "geometry": { "type": "Point", "coordinates": [ -84.373756408999952, 33.753559113000051 ] } },
{ "type": "Feature", "properties": { "OBJECTID": 1395, "id": "ATLANTA_1997_2024222340937", "x": -84.383102416992188, "y": 33.761539459228516, "robbery": 1 }, "geometry": { "type": "Point", "coordinates": [ -84.383102416999975, 33.761539459000062 ] } },
{ "type": "Feature", "properties": { "OBJECTID": 1396, "id": "ATLANTA_1997_2024222350371", "x": -84.367637634277344, "y": 33.740638732910156, "robbery": 1 }, "geometry": { "type": "Point", "coordinates": [ -84.367637633999948, 33.740638733000026 ] } },
{ "type": "Feature", "properties": { "OBJECTID": 1397, "id": "ATLANTA_1997_2024222351596", "x": -84.373161315917969, "y": 33.753749847412109, "robbery": 1 }, "geometry": { "type": "Point", "coordinates": [ -84.373161315999937, 33.753749847000051 ] } },
{ "type": "Feature", "properties": { "OBJECTID": 1398, "id": "ATLANTA_1997_2024222351600", "x": -84.414077758789062, "y": 33.738231658935547, "robbery": 1 }, "geometry": { "type": "Point", "coordinates": [ -84.414077758999952, 33.738231659000064 ] } },
{ "type": "Feature", "properties": { "OBJECTID": 1399, "id": "ATLANTA_1997_2024222360276", "x": -84.384323120117188, "y": 33.6810302734375, "robbery": 1 }, "geometry": { "type": "Point", "coordinates": [ -84.384323119999976, 33.681030273000033 ] } },
{ "type": "Feature", "properties": { "OBJECTID": 1400, "id": "ATLANTA_1997_2024222360826", "x": -84.469581604003906, "y": 33.752361297607422, "robbery": 1 }, "geometry": { "type": "Point", "coordinates": [ -84.469581603999984, 33.752361298000039 ] } },
{ "type": "Feature", "properties": { "OBJECTID": 1401, "id": "ATLANTA_1997_2024222370390", "x": -84.379257202148438, "y": 33.706638336181641, "robbery": 1 }, "geometry": { "type": "Point", "coordinates": [ -84.379257201999962, 33.706638336000026 ] } },
{ "type": "Feature", "properties": { "OBJECTID": 1402, "id": "ATLANTA_1997_2024222380039", "x": -84.373252868652344, "y": 33.706020355224609, "robbery": 1 }, "geometry": { "type": "Point", "coordinates": [ -84.373252868999941, 33.706020355000078 ] } },
{ "type": "Feature", "properties": { "OBJECTID": 1403, "id": "ATLANTA_1997_2024222390571", "x": -84.46875, "y": 33.7540283203125, "robbery": 1 }, "geometry": { "type": "Point", "coordinates": [ -84.46875, 33.754028320000032 ] } },
{ "type": "Feature", "properties": { "OBJECTID": 1404, "id": "ATLANTA_1997_2024222400549", "x": -84.363380432128906, "y": 33.648368835449219, "robbery": 1 }, "geometry": { "type": "Point", "coordinates": [ -84.363380431999985, 33.648368835000042 ] } },
{ "type": "Feature", "properties": { "OBJECTID": 1405, "id": "ATLANTA_1997_2024222401479", "x": -84.373008728027344, "y": 33.772689819335938, "robbery": 1 }, "geometry": { "type": "Point", "coordinates": [ -84.373008727999945, 33.77268981900005 ] } },
{ "type": "Feature", "properties": { "OBJECTID": 1406, "id": "ATLANTA_1997_2024222401636", "x": -84.350982666015625, "y": 33.699569702148438, "robbery": 1 }, "geometry": { "type": "Point", "coordinates": [ -84.350982665999936, 33.699569702000076 ] } },
{ "type": "Feature", "properties": { "OBJECTID": 1407, "id": "ATLANTA_1997_2024222401886", "x": -84.414337158203125, "y": 33.801158905029297, "robbery": 1 }, "geometry": { "type": "Point", "coordinates": [ -84.414337157999967, 33.801158905000079 ] } },
{ "type": "Feature", "properties": { "OBJECTID": 1408, "id": "ATLANTA_1997_2024222410161", "x": -84.480766296386719, "y": 33.808120727539062, "robbery": 1 }, "geometry": { "type": "Point", "coordinates": [ -84.480766295999956, 33.808120728000063 ] } },
{ "type": "Feature", "properties": { "OBJECTID": 1409, "id": "ATLANTA_1997_2024222420301", "x": -84.396270751953125, "y": 33.750808715820312, "robbery": 1 }, "geometry": { "type": "Point", "coordinates": [ -84.396270751999964, 33.750808716000051 ] } },
{ "type": "Feature", "properties": { "OBJECTID": 1410, "id": "ATLANTA_1997_2024222421131", "x": -84.372673034667969, "y": 33.657440185546875, "robbery": 1 }, "geometry": { "type": "Point", "coordinates": [ -84.372673034999934, 33.657440186000031 ] } },
{ "type": "Feature", "properties": { "OBJECTID": 1411, "id": "ATLANTA_1997_2024222421943", "x": -84.464141845703125, "y": 33.701671600341797, "robbery": 1 }, "geometry": { "type": "Point", "coordinates": [ -84.464141845999961, 33.701671600000054 ] } },
{ "type": "Feature", "properties": { "OBJECTID": 1412, "id": "ATLANTA_1997_2024222422019", "x": -84.398193359375, "y": 33.7264404296875, "robbery": 1 }, "geometry": { "type": "Point", "coordinates": [ -84.398193358999947, 33.726440430000025 ] } },
{ "type": "Feature", "properties": { "OBJECTID": 1413, "id": "ATLANTA_1997_2024222430536", "x": -84.489288330078125, "y": 33.747550964355469, "robbery": 1 }, "geometry": { "type": "Point", "coordinates": [ -84.489288329999965, 33.747550964000027 ] } },
{ "type": "Feature", "properties": { "OBJECTID": 1414, "id": "ATLANTA_1997_2024222431329", "x": -84.38580322265625, "y": 33.688678741455078, "robbery": 1 }, "geometry": { "type": "Point", "coordinates": [ -84.385803222999982, 33.688678741000047 ] } },
{ "type": "Feature", "properties": { "OBJECTID": 1415, "id": "ATLANTA_1997_2024222440376", "x": -84.490142822265625, "y": 33.786518096923828, "robbery": 1 }, "geometry": { "type": "Point", "coordinates": [ -84.490142821999939, 33.786518097000055 ] } },
{ "type": "Feature", "properties": { "OBJECTID": 1416, "id": "ATLANTA_1997_2024222440691", "x": -84.482536315917969, "y": 33.698909759521484, "robbery": 1 }, "geometry": { "type": "Point", "coordinates": [ -84.482536315999937, 33.698909760000049 ] } },
{ "type": "Feature", "properties": { "OBJECTID": 1417, "id": "ATLANTA_1997_2024222442119", "x": -84.385177612304688, "y": 33.711299896240234, "robbery": 1 }, "geometry": { "type": "Point", "coordinates": [ -84.38517761199995, 33.711299896000071 ] } },
{ "type": "Feature", "properties": { "OBJECTID": 1418, "id": "ATLANTA_1997_2024222450271", "x": -84.466476440429688, "y": 33.751850128173828, "robbery": 1 }, "geometry": { "type": "Point", "coordinates": [ -84.466476439999951, 33.751850128000058 ] } },
{ "type": "Feature", "properties": { "OBJECTID": 1419, "id": "ATLANTA_1997_2024222450426", "x": -84.387237548828125, "y": 33.729709625244141, "robbery": 1 }, "geometry": { "type": "Point", "coordinates": [ -84.387237548999963, 33.729709625000055 ] } },
{ "type": "Feature", "properties": { "OBJECTID": 1420, "id": "ATLANTA_1997_2024222461795", "x": -84.383010864257812, "y": 33.765571594238281, "robbery": 1 }, "geometry": { "type": "Point", "coordinates": [ -84.383010863999971, 33.76557159400005 ] } },
{ "type": "Feature", "properties": { "OBJECTID": 1421, "id": "ATLANTA_1997_2024222461937", "x": -84.365226745605469, "y": 33.773731231689453, "robbery": 1 }, "geometry": { "type": "Point", "coordinates": [ -84.365226745999962, 33.773731232000046 ] } },
{ "type": "Feature", "properties": { "OBJECTID": 1422, "id": "ATLANTA_1997_2024222470629", "x": -84.42236328125, "y": 33.736190795898438, "robbery": 1 }, "geometry": { "type": "Point", "coordinates": [ -84.422363280999946, 33.736190796000074 ] } },
{ "type": "Feature", "properties": { "OBJECTID": 1423, "id": "ATLANTA_1997_2024222471628", "x": -84.429679870605469, "y": 33.849529266357422, "robbery": 1 }, "geometry": { "type": "Point", "coordinates": [ -84.429679870999962, 33.849529266000047 ] } },
{ "type": "Feature", "properties": { "OBJECTID": 1424, "id": "ATLANTA_1997_2024222471732", "x": -84.37725830078125, "y": 33.755561828613281, "robbery": 1 }, "geometry": { "type": "Point", "coordinates": [ -84.377258300999983, 33.755561829000044 ] } },
{ "type": "Feature", "properties": { "OBJECTID": 1425, "id": "ATLANTA_1997_2024222471917", "x": -84.404983520507812, "y": 33.740371704101562, "robbery": 1 }, "geometry": { "type": "Point", "coordinates": [ -84.404983520999963, 33.74037170400004 ] } },
{ "type": "Feature", "properties": { "OBJECTID": 1426, "id": "ATLANTA_1997_2024222481920", "x": -84.388923645019531, "y": 33.712200164794922, "robbery": 1 }, "geometry": { "type": "Point", "coordinates": [ -84.388923644999977, 33.71220016500007 ] } },
{ "type": "Feature", "properties": { "OBJECTID": 1427, "id": "ATLANTA_1997_2024222481967", "x": -84.389060974121094, "y": 33.813671112060547, "robbery": 1 }, "geometry": { "type": "Point", "coordinates": [ -84.38906097399996, 33.813671112000065 ] } },
{ "type": "Feature", "properties": { "OBJECTID": 1428, "id": "ATLANTA_1997_2024222490030", "x": -84.358856201171875, "y": 33.740859985351562, "robbery": 1 }, "geometry": { "type": "Point", "coordinates": [ -84.358856200999981, 33.740859985000043 ] } },
{ "type": "Feature", "properties": { "OBJECTID": 1429, "id": "ATLANTA_1997_2024222490041", "x": -84.391166687011719, "y": 33.755039215087891, "robbery": 1 }, "geometry": { "type": "Point", "coordinates": [ -84.391166686999952, 33.755039215000068 ] } },
{ "type": "Feature", "properties": { "OBJECTID": 1430, "id": "ATLANTA_1997_2024222490093", "x": -84.515373229980469, "y": 33.694198608398438, "robbery": 1 }, "geometry": { "type": "Point", "coordinates": [ -84.515373229999966, 33.694198608000079 ] } },
{ "type": "Feature", "properties": { "OBJECTID": 1431, "id": "ATLANTA_1997_2024222490122", "x": -84.421356201171875, "y": 33.738468170166016, "robbery": 1 }, "geometry": { "type": "Point", "coordinates": [ -84.421356200999981, 33.738468170000033 ] } },
{ "type": "Feature", "properties": { "OBJECTID": 1432, "id": "ATLANTA_1997_2024222490353", "x": -84.472732543945312, "y": 33.776168823242188, "robbery": 1 }, "geometry": { "type": "Point", "coordinates": [ -84.472732543999939, 33.776168823000035 ] } },
{ "type": "Feature", "properties": { "OBJECTID": 1433, "id": "ATLANTA_1997_2024222490402", "x": -84.396369934082031, "y": 33.748458862304688, "robbery": 1 }, "geometry": { "type": "Point", "coordinates": [ -84.396369933999949, 33.748458862000064 ] } },
{ "type": "Feature", "properties": { "OBJECTID": 1434, "id": "ATLANTA_1997_2024222500120", "x": -84.417312622070312, "y": 33.717460632324219, "robbery": 1 }, "geometry": { "type": "Point", "coordinates": [ -84.41731262199994, 33.717460632000041 ] } },
{ "type": "Feature", "properties": { "OBJECTID": 1435, "id": "ATLANTA_1997_2024222500337", "x": -84.396369934082031, "y": 33.748458862304688, "robbery": 1 }, "geometry": { "type": "Point", "coordinates": [ -84.396369933999949, 33.748458862000064 ] } },
{ "type": "Feature", "properties": { "OBJECTID": 1436, "id": "ATLANTA_1997_2024222521197", "x": -84.39044189453125, "y": 33.756069183349609, "robbery": 1 }, "geometry": { "type": "Point", "coordinates": [ -84.390441894999981, 33.756069183000079 ] } },
{ "type": "Feature", "properties": { "OBJECTID": 1437, "id": "ATLANTA_1997_2024222530936", "x": -84.486618041992188, "y": 33.752571105957031, "robbery": 1 }, "geometry": { "type": "Point", "coordinates": [ -84.486618041999975, 33.752571106000062 ] } },
{ "type": "Feature", "properties": { "OBJECTID": 1438, "id": "ATLANTA_1997_2024222531337", "x": -84.444427490234375, "y": 33.753238677978516, "robbery": 1 }, "geometry": { "type": "Point", "coordinates": [ -84.444427489999953, 33.753238678000059 ] } },
{ "type": "Feature", "properties": { "OBJECTID": 1439, "id": "ATLANTA_1997_2024222532035", "x": -84.420417785644531, "y": 33.738540649414062, "robbery": 1 }, "geometry": { "type": "Point", "coordinates": [ -84.420417785999973, 33.738540649000072 ] } },
{ "type": "Feature", "properties": { "OBJECTID": 1440, "id": "ATLANTA_1997_2024222540424", "x": -84.449409484863281, "y": 33.728370666503906, "robbery": 1 }, "geometry": { "type": "Point", "coordinates": [ -84.449409485, 33.728370667000036 ] } },
{ "type": "Feature", "properties": { "OBJECTID": 1441, "id": "ATLANTA_1997_2024222540678", "x": -84.433372497558594, "y": 33.734390258789062, "robbery": 1 }, "geometry": { "type": "Point", "coordinates": [ -84.433372497999983, 33.734390259000065 ] } },
{ "type": "Feature", "properties": { "OBJECTID": 1442, "id": "ATLANTA_1997_2024222541406", "x": -84.435127258300781, "y": 33.73760986328125, "robbery": 1 }, "geometry": { "type": "Point", "coordinates": [ -84.435127257999966, 33.737609863000046 ] } },
{ "type": "Feature", "properties": { "OBJECTID": 1443, "id": "ATLANTA_1997_2024222541505", "x": -84.439849853515625, "y": 33.730899810791016, "robbery": 1 }, "geometry": { "type": "Point", "coordinates": [ -84.439849853999988, 33.730899811000029 ] } },
{ "type": "Feature", "properties": { "OBJECTID": 1444, "id": "ATLANTA_1997_2024222551584", "x": -84.412986755371094, "y": 33.768119812011719, "robbery": 1 }, "geometry": { "type": "Point", "coordinates": [ -84.412986754999963, 33.768119812000066 ] } },
{ "type": "Feature", "properties": { "OBJECTID": 1445, "id": "ATLANTA_1997_2024222560187", "x": -84.423408508300781, "y": 33.756439208984375, "robbery": 1 }, "geometry": { "type": "Point", "coordinates": [ -84.423408507999966, 33.756439209000064 ] } },
{ "type": "Feature", "properties": { "OBJECTID": 1446, "id": "ATLANTA_1997_2024222560257", "x": -84.368141174316406, "y": 33.807559967041016, "robbery": 1 }, "geometry": { "type": "Point", "coordinates": [ -84.368141173999959, 33.807559967000032 ] } },
{ "type": "Feature", "properties": { "OBJECTID": 1447, "id": "ATLANTA_1997_2024222560591", "x": -84.371490478515625, "y": 33.693119049072266, "robbery": 1 }, "geometry": { "type": "Point", "coordinates": [ -84.371490478999988, 33.693119049000074 ] } },
{ "type": "Feature", "properties": { "OBJECTID": 1448, "id": "ATLANTA_1997_2024222561189", "x": -84.360000610351562, "y": 33.847789764404297, "robbery": 1 }, "geometry": { "type": "Point", "coordinates": [ -84.360000609999986, 33.847789764000026 ] } },
{ "type": "Feature", "properties": { "OBJECTID": 1449, "id": "ATLANTA_1997_2024222570088", "x": -84.410942077636719, "y": 33.785221099853516, "robbery": 1 }, "geometry": { "type": "Point", "coordinates": [ -84.410942077999948, 33.785221100000058 ] } },
{ "type": "Feature", "properties": { "OBJECTID": 1450, "id": "ATLANTA_1997_2024222570319", "x": -84.392349243164062, "y": 33.716259002685547, "robbery": 1 }, "geometry": { "type": "Point", "coordinates": [ -84.392349242999956, 33.716259003000062 ] } },
{ "type": "Feature", "properties": { "OBJECTID": 1451, "id": "ATLANTA_1997_2024222570632", "x": -84.349281311035156, "y": 33.747219085693359, "robbery": 1 }, "geometry": { "type": "Point", "coordinates": [ -84.34928131099997, 33.74721908600003 ] } },
{ "type": "Feature", "properties": { "OBJECTID": 1452, "id": "ATLANTA_1997_2024222570962", "x": -84.475799560546875, "y": 33.753849029541016, "robbery": 1 }, "geometry": { "type": "Point", "coordinates": [ -84.475799560999974, 33.753849030000026 ] } },
{ "type": "Feature", "properties": { "OBJECTID": 1453, "id": "ATLANTA_1997_2024222580723", "x": -84.416366577148438, "y": 33.766250610351562, "robbery": 1 }, "geometry": { "type": "Point", "coordinates": [ -84.416366576999962, 33.766250610000043 ] } },
{ "type": "Feature", "properties": { "OBJECTID": 1454, "id": "ATLANTA_1997_2024222582101", "x": -84.411216735839844, "y": 33.741001129150391, "robbery": 1 }, "geometry": { "type": "Point", "coordinates": [ -84.411216735999972, 33.74100112900004 ] } },
{ "type": "Feature", "properties": { "OBJECTID": 1455, "id": "ATLANTA_1997_2024222591707", "x": -84.513023376464844, "y": 33.688701629638672, "robbery": 1 }, "geometry": { "type": "Point", "coordinates": [ -84.513023375999978, 33.688701630000025 ] } },
{ "type": "Feature", "properties": { "OBJECTID": 1456, "id": "ATLANTA_1997_2024222600590", "x": -84.398857116699219, "y": 33.7677001953125, "robbery": 1 }, "geometry": { "type": "Point", "coordinates": [ -84.398857116999977, 33.767700195000032 ] } },
{ "type": "Feature", "properties": { "OBJECTID": 1457, "id": "ATLANTA_1997_2024222600936", "x": -84.407882690429688, "y": 33.710651397705078, "robbery": 1 }, "geometry": { "type": "Point", "coordinates": [ -84.407882689999951, 33.710651398000039 ] } },
{ "type": "Feature", "properties": { "OBJECTID": 1458, "id": "ATLANTA_1997_2024222611041", "x": -84.407913208007812, "y": 33.767410278320312, "robbery": 1 }, "geometry": { "type": "Point", "coordinates": [ -84.407913207999968, 33.767410278000057 ] } },
{ "type": "Feature", "properties": { "OBJECTID": 1459, "id": "ATLANTA_1997_2024222611430", "x": -84.414253234863281, "y": 33.772830963134766, "robbery": 1 }, "geometry": { "type": "Point", "coordinates": [ -84.414253235, 33.772830963000047 ] } },
{ "type": "Feature", "properties": { "OBJECTID": 1460, "id": "ATLANTA_1997_2024222620298", "x": -84.348648071289062, "y": 33.743129730224609, "robbery": 1 }, "geometry": { "type": "Point", "coordinates": [ -84.348648070999957, 33.743129730000078 ] } },
{ "type": "Feature", "properties": { "OBJECTID": 1461, "id": "ATLANTA_1997_2024222620302", "x": -84.5238037109375, "y": 33.659690856933594, "robbery": 1 }, "geometry": { "type": "Point", "coordinates": [ -84.523803710999971, 33.659690857000044 ] } },
{ "type": "Feature", "properties": { "OBJECTID": 1462, "id": "ATLANTA_1997_2024222620580", "x": -84.393562316894531, "y": 33.652870178222656, "robbery": 1 }, "geometry": { "type": "Point", "coordinates": [ -84.393562316999976, 33.652870178000057 ] } },
{ "type": "Feature", "properties": { "OBJECTID": 1463, "id": "ATLANTA_1997_2024222621766", "x": -84.31121826171875, "y": 33.743759155273438, "robbery": 1 }, "geometry": { "type": "Point", "coordinates": [ -84.311218261999954, 33.743759155000077 ] } },
{ "type": "Feature", "properties": { "OBJECTID": 1464, "id": "ATLANTA_1997_2024222640198", "x": -84.38079833984375, "y": 33.777950286865234, "robbery": 1 }, "geometry": { "type": "Point", "coordinates": [ -84.380798339999956, 33.777950287000067 ] } },
{ "type": "Feature", "properties": { "OBJECTID": 1465, "id": "ATLANTA_1997_2024222651774", "x": -84.382606506347656, "y": 33.764938354492188, "robbery": 1 }, "geometry": { "type": "Point", "coordinates": [ -84.382606505999945, 33.764938354000037 ] } },
{ "type": "Feature", "properties": { "OBJECTID": 1466, "id": "ATLANTA_1997_2024222651798", "x": -84.378646850585938, "y": 33.691879272460938, "robbery": 1 }, "geometry": { "type": "Point", "coordinates": [ -84.378646850999985, 33.691879272000051 ] } },
{ "type": "Feature", "properties": { "OBJECTID": 1467, "id": "ATLANTA_1997_2024222660102", "x": -84.415000915527344, "y": 33.807449340820312, "robbery": 1 }, "geometry": { "type": "Point", "coordinates": [ -84.41500091599994, 33.807449341000051 ] } },
{ "type": "Feature", "properties": { "OBJECTID": 1468, "id": "ATLANTA_1997_2024222660596", "x": -84.3585205078125, "y": 33.853160858154297, "robbery": 1 }, "geometry": { "type": "Point", "coordinates": [ -84.35852050799997, 33.853160858000024 ] } },
{ "type": "Feature", "properties": { "OBJECTID": 1469, "id": "ATLANTA_1997_2024222670787", "x": -84.386993408203125, "y": 33.760490417480469, "robbery": 1 }, "geometry": { "type": "Point", "coordinates": [ -84.386993407999967, 33.760490417000028 ] } },
{ "type": "Feature", "properties": { "OBJECTID": 1470, "id": "ATLANTA_1997_2024222671124", "x": -84.391326904296875, "y": 33.753700256347656, "robbery": 1 }, "geometry": { "type": "Point", "coordinates": [ -84.391326903999982, 33.753700256000059 ] } },
{ "type": "Feature", "properties": { "OBJECTID": 1471, "id": "ATLANTA_1997_2024222671346", "x": -84.370941162109375, "y": 33.850170135498047, "robbery": 1 }, "geometry": { "type": "Point", "coordinates": [ -84.370941161999951, 33.850170135000042 ] } },
{ "type": "Feature", "properties": { "OBJECTID": 1472, "id": "ATLANTA_1997_2024222680383", "x": -84.436447143554688, "y": 33.801700592041016, "robbery": 1 }, "geometry": { "type": "Point", "coordinates": [ -84.436447143999942, 33.801700592000032 ] } },
{ "type": "Feature", "properties": { "OBJECTID": 1473, "id": "ATLANTA_1997_2024222681568", "x": -84.4378662109375, "y": 33.788410186767578, "robbery": 1 }, "geometry": { "type": "Point", "coordinates": [ -84.437866210999971, 33.788410187000068 ] } },
{ "type": "Feature", "properties": { "OBJECTID": 1474, "id": "ATLANTA_1997_2024222681804", "x": -84.363922119140625, "y": 33.685539245605469, "robbery": 1 }, "geometry": { "type": "Point", "coordinates": [ -84.363922118999938, 33.685539246000076 ] } },
{ "type": "Feature", "properties": { "OBJECTID": 1475, "id": "ATLANTA_1997_2024222690350", "x": -84.372177124023438, "y": 33.72808837890625, "robbery": 1 }, "geometry": { "type": "Point", "coordinates": [ -84.372177123999961, 33.728088379000042 ] } },
{ "type": "Feature", "properties": { "OBJECTID": 1476, "id": "ATLANTA_1997_2024222691833", "x": -84.330421447753906, "y": 33.754680633544922, "robbery": 1 }, "geometry": { "type": "Point", "coordinates": [ -84.330421447999981, 33.754680634000067 ] } },
{ "type": "Feature", "properties": { "OBJECTID": 1477, "id": "ATLANTA_1997_2024222691925", "x": -84.404052734375, "y": 33.755390167236328, "robbery": 1 }, "geometry": { "type": "Point", "coordinates": [ -84.404052733999947, 33.75539016700003 ] } },
{ "type": "Feature", "properties": { "OBJECTID": 1478, "id": "ATLANTA_1997_2024222710023", "x": -84.474029541015625, "y": 33.776191711425781, "robbery": 1 }, "geometry": { "type": "Point", "coordinates": [ -84.474029540999936, 33.776191711000024 ] } },
{ "type": "Feature", "properties": { "OBJECTID": 1479, "id": "ATLANTA_1997_2024222711439", "x": -84.348312377929688, "y": 33.737659454345703, "robbery": 1 }, "geometry": { "type": "Point", "coordinates": [ -84.348312377999946, 33.737659454000038 ] } },
{ "type": "Feature", "properties": { "OBJECTID": 1480, "id": "ATLANTA_1997_2024222720061", "x": -84.388359069824219, "y": 33.730339050292969, "robbery": 1 }, "geometry": { "type": "Point", "coordinates": [ -84.388359069999979, 33.730339050000055 ] } },
{ "type": "Feature", "properties": { "OBJECTID": 1481, "id": "ATLANTA_1997_2024222720144", "x": -84.362701416015625, "y": 33.775020599365234, "robbery": 1 }, "geometry": { "type": "Point", "coordinates": [ -84.362701415999936, 33.775020599000072 ] } },
{ "type": "Feature", "properties": { "OBJECTID": 1482, "id": "ATLANTA_1997_2024222720221", "x": -84.334342956542969, "y": 33.756519317626953, "robbery": 1 }, "geometry": { "type": "Point", "coordinates": [ -84.334342957, 33.756519318000073 ] } },
{ "type": "Feature", "properties": { "OBJECTID": 1483, "id": "ATLANTA_1997_2024222720891", "x": -84.411331176757812, "y": 33.763500213623047, "robbery": 1 }, "geometry": { "type": "Point", "coordinates": [ -84.411331176999965, 33.763500214000032 ] } },
{ "type": "Feature", "properties": { "OBJECTID": 1484, "id": "ATLANTA_1997_2024222730111", "x": -84.393028259277344, "y": 33.756999969482422, "robbery": 1 }, "geometry": { "type": "Point", "coordinates": [ -84.393028258999948, 33.756999969000049 ] } },
{ "type": "Feature", "properties": { "OBJECTID": 1485, "id": "ATLANTA_1997_2024222732015", "x": -84.382049560546875, "y": 33.710620880126953, "robbery": 1 }, "geometry": { "type": "Point", "coordinates": [ -84.382049560999974, 33.710620880000079 ] } },
{ "type": "Feature", "properties": { "OBJECTID": 1486, "id": "ATLANTA_1997_2024222732033", "x": -84.417427062988281, "y": 33.756458282470703, "robbery": 1 }, "geometry": { "type": "Point", "coordinates": [ -84.417427062999934, 33.75645828200004 ] } },
{ "type": "Feature", "properties": { "OBJECTID": 1487, "id": "ATLANTA_1997_2024222740357", "x": -84.379310607910156, "y": 33.842128753662109, "robbery": 1 }, "geometry": { "type": "Point", "coordinates": [ -84.379310607999969, 33.842128754000044 ] } },
{ "type": "Feature", "properties": { "OBJECTID": 1488, "id": "ATLANTA_1997_2024222751142", "x": -84.385063171386719, "y": 33.718700408935547, "robbery": 1 }, "geometry": { "type": "Point", "coordinates": [ -84.385063170999956, 33.718700409000064 ] } },
{ "type": "Feature", "properties": { "OBJECTID": 1489, "id": "ATLANTA_1997_2024222751151", "x": -84.507026672363281, "y": 33.760269165039062, "robbery": 1 }, "geometry": { "type": "Point", "coordinates": [ -84.507026671999938, 33.760269165000068 ] } },
{ "type": "Feature", "properties": { "OBJECTID": 1490, "id": "ATLANTA_1997_2024222751571", "x": -84.392349243164062, "y": 33.716259002685547, "robbery": 1 }, "geometry": { "type": "Point", "coordinates": [ -84.392349242999956, 33.716259003000062 ] } },
{ "type": "Feature", "properties": { "OBJECTID": 1491, "id": "ATLANTA_1997_2024222751891", "x": -84.412391662597656, "y": 33.766349792480469, "robbery": 1 }, "geometry": { "type": "Point", "coordinates": [ -84.412391662999937, 33.766349792000028 ] } },
{ "type": "Feature", "properties": { "OBJECTID": 1492, "id": "ATLANTA_1997_2024222760408", "x": -84.3746337890625, "y": 33.808189392089844, "robbery": 1 }, "geometry": { "type": "Point", "coordinates": [ -84.374633788999972, 33.808189392000031 ] } },
{ "type": "Feature", "properties": { "OBJECTID": 1493, "id": "ATLANTA_1997_2024222761707", "x": -84.462646484375, "y": 33.702919006347656, "robbery": 1 }, "geometry": { "type": "Point", "coordinates": [ -84.462646483999947, 33.702919006000059 ] } },
{ "type": "Feature", "properties": { "OBJECTID": 1494, "id": "ATLANTA_1997_2024222761904", "x": -84.395088195800781, "y": 33.760341644287109, "robbery": 1 }, "geometry": { "type": "Point", "coordinates": [ -84.395088195999961, 33.76034164400005 ] } },
{ "type": "Feature", "properties": { "OBJECTID": 1495, "id": "ATLANTA_1997_2024222770044", "x": -84.417922973632812, "y": 33.698539733886719, "robbery": 1 }, "geometry": { "type": "Point", "coordinates": [ -84.417922973999964, 33.698539734000065 ] } },
{ "type": "Feature", "properties": { "OBJECTID": 1496, "id": "ATLANTA_1997_2024222772179", "x": -84.434608459472656, "y": 33.738948822021484, "robbery": 1 }, "geometry": { "type": "Point", "coordinates": [ -84.434608458999946, 33.738948822000054 ] } },
{ "type": "Feature", "properties": { "OBJECTID": 1497, "id": "ATLANTA_1997_2024222772326", "x": -84.456199645996094, "y": 33.779720306396484, "robbery": 1 }, "geometry": { "type": "Point", "coordinates": [ -84.456199645999959, 33.779720306000058 ] } },
{ "type": "Feature", "properties": { "OBJECTID": 1498, "id": "ATLANTA_1997_2024222780117", "x": -84.382606506347656, "y": 33.764938354492188, "robbery": 1 }, "geometry": { "type": "Point", "coordinates": [ -84.382606505999945, 33.764938354000037 ] } },
{ "type": "Feature", "properties": { "OBJECTID": 1499, "id": "ATLANTA_1997_2024222781914", "x": -84.360733032226562, "y": 33.692710876464844, "robbery": 1 }, "geometry": { "type": "Point", "coordinates": [ -84.360733031999985, 33.692710876000035 ] } },
{ "type": "Feature", "properties": { "OBJECTID": 1500, "id": "ATLANTA_1997_2024222790304", "x": -84.378219604492188, "y": 33.749549865722656, "robbery": 1 }, "geometry": { "type": "Point", "coordinates": [ -84.37821960399998, 33.749549866000052 ] } },
{ "type": "Feature", "properties": { "OBJECTID": 1501, "id": "ATLANTA_1997_2024222792251", "x": -84.382606506347656, "y": 33.764938354492188, "robbery": 1 }, "geometry": { "type": "Point", "coordinates": [ -84.382606505999945, 33.764938354000037 ] } },
{ "type": "Feature", "properties": { "OBJECTID": 1502, "id": "ATLANTA_1997_2024222800743", "x": -84.38519287109375, "y": 33.742530822753906, "robbery": 1 }, "geometry": { "type": "Point", "coordinates": [ -84.385192870999958, 33.742530823000038 ] } },
{ "type": "Feature", "properties": { "OBJECTID": 1503, "id": "ATLANTA_1997_2024222801412", "x": -84.365997314453125, "y": 33.849529266357422, "robbery": 1 }, "geometry": { "type": "Point", "coordinates": [ -84.365997313999969, 33.849529266000047 ] } },
{ "type": "Feature", "properties": { "OBJECTID": 1504, "id": "ATLANTA_1997_2024222810343", "x": -84.417343139648438, "y": 33.750881195068359, "robbery": 1 }, "geometry": { "type": "Point", "coordinates": [ -84.417343139999957, 33.750881195000034 ] } },
{ "type": "Feature", "properties": { "OBJECTID": 1505, "id": "ATLANTA_1997_2024222820022", "x": -84.396247863769531, "y": 33.793781280517578, "robbery": 1 }, "geometry": { "type": "Point", "coordinates": [ -84.396247863999974, 33.793781281000065 ] } },
{ "type": "Feature", "properties": { "OBJECTID": 1506, "id": "ATLANTA_1997_2024222820479", "x": -84.390151977539062, "y": 33.753570556640625, "robbery": 1 }, "geometry": { "type": "Point", "coordinates": [ -84.390151977999949, 33.753570557000046 ] } },
{ "type": "Feature", "properties": { "OBJECTID": 1507, "id": "ATLANTA_1997_2024222820551", "x": -84.420257568359375, "y": 33.770820617675781, "robbery": 1 }, "geometry": { "type": "Point", "coordinates": [ -84.420257567999954, 33.770820618000073 ] } },
{ "type": "Feature", "properties": { "OBJECTID": 1508, "id": "ATLANTA_1997_2024222821191", "x": -84.322059631347656, "y": 33.725959777832031, "robbery": 1 }, "geometry": { "type": "Point", "coordinates": [ -84.322059630999945, 33.72595977800006 ] } },
{ "type": "Feature", "properties": { "OBJECTID": 1509, "id": "ATLANTA_1997_2024222821675", "x": -84.413093566894531, "y": 33.807979583740234, "robbery": 1 }, "geometry": { "type": "Point", "coordinates": [ -84.413093566999976, 33.807979584000066 ] } },
{ "type": "Feature", "properties": { "OBJECTID": 1510, "id": "ATLANTA_1997_2024222821781", "x": -84.393722534179688, "y": 33.733428955078125, "robbery": 1 }, "geometry": { "type": "Point", "coordinates": [ -84.393722533999949, 33.733428955000079 ] } },
{ "type": "Feature", "properties": { "OBJECTID": 1511, "id": "ATLANTA_1997_2024222840038", "x": -84.504852294921875, "y": 33.757221221923828, "robbery": 1 }, "geometry": { "type": "Point", "coordinates": [ -84.504852294999978, 33.757221222000055 ] } },
{ "type": "Feature", "properties": { "OBJECTID": 1512, "id": "ATLANTA_1997_2024222840327", "x": -84.396873474121094, "y": 33.751289367675781, "robbery": 1 }, "geometry": { "type": "Point", "coordinates": [ -84.39687347399996, 33.751289368000073 ] } },
{ "type": "Feature", "properties": { "OBJECTID": 1513, "id": "ATLANTA_1997_2024222841639", "x": -84.349617004394531, "y": 33.764900207519531, "robbery": 1 }, "geometry": { "type": "Point", "coordinates": [ -84.349617003999981, 33.764900208000029 ] } },
{ "type": "Feature", "properties": { "OBJECTID": 1514, "id": "ATLANTA_1997_2024222850245", "x": -84.380233764648438, "y": 33.711750030517578, "robbery": 1 }, "geometry": { "type": "Point", "coordinates": [ -84.380233764999957, 33.711750031000065 ] } },
{ "type": "Feature", "properties": { "OBJECTID": 1515, "id": "ATLANTA_1997_2024222851790", "x": -84.374351501464844, "y": 33.759059906005859, "robbery": 1 }, "geometry": { "type": "Point", "coordinates": [ -84.374351500999978, 33.759059906000061 ] } },
{ "type": "Feature", "properties": { "OBJECTID": 1516, "id": "ATLANTA_1997_2024222851807", "x": -84.371742248535156, "y": 33.757320404052734, "robbery": 1 }, "geometry": { "type": "Point", "coordinates": [ -84.371742248999965, 33.757320404000041 ] } },
{ "type": "Feature", "properties": { "OBJECTID": 1517, "id": "ATLANTA_1997_2024222860529", "x": -84.398391723632812, "y": 33.790691375732422, "robbery": 1 }, "geometry": { "type": "Point", "coordinates": [ -84.398391723999964, 33.790691376000041 ] } },
{ "type": "Feature", "properties": { "OBJECTID": 1518, "id": "ATLANTA_1997_2024222861701", "x": -84.333793640136719, "y": 33.747200012207031, "robbery": 1 }, "geometry": { "type": "Point", "coordinates": [ -84.333793639999953, 33.747200012000064 ] } },
{ "type": "Feature", "properties": { "OBJECTID": 1519, "id": "ATLANTA_1997_2024222861798", "x": -84.367630004882812, "y": 33.807918548583984, "robbery": 1 }, "geometry": { "type": "Point", "coordinates": [ -84.367630004999967, 33.807918549000078 ] } },
{ "type": "Feature", "properties": { "OBJECTID": 1520, "id": "ATLANTA_1997_2024222870325", "x": -84.382980346679688, "y": 33.781490325927734, "robbery": 1 }, "geometry": { "type": "Point", "coordinates": [ -84.382980346999943, 33.781490326000039 ] } },
{ "type": "Feature", "properties": { "OBJECTID": 1521, "id": "ATLANTA_1997_2024222870419", "x": -84.359733581542969, "y": 33.762531280517578, "robbery": 1 }, "geometry": { "type": "Point", "coordinates": [ -84.359733582, 33.762531281000065 ] } },
{ "type": "Feature", "properties": { "OBJECTID": 1522, "id": "ATLANTA_1997_2024222871212", "x": -84.417823791503906, "y": 33.745700836181641, "robbery": 1 }, "geometry": { "type": "Point", "coordinates": [ -84.417823791999979, 33.745700836000026 ] } },
{ "type": "Feature", "properties": { "OBJECTID": 1523, "id": "ATLANTA_1997_2024222871996", "x": -84.381416320800781, "y": 33.755229949951172, "robbery": 1 }, "geometry": { "type": "Point", "coordinates": [ -84.381416320999961, 33.755229950000057 ] } },
{ "type": "Feature", "properties": { "OBJECTID": 1524, "id": "ATLANTA_1997_2024222900055", "x": -84.372711181640625, "y": 33.842411041259766, "robbery": 1 }, "geometry": { "type": "Point", "coordinates": [ -84.372711181999989, 33.842411041000048 ] } },
{ "type": "Feature", "properties": { "OBJECTID": 1525, "id": "ATLANTA_1997_2024222900538", "x": -84.410888671875, "y": 33.772758483886719, "robbery": 1 }, "geometry": { "type": "Point", "coordinates": [ -84.410888671999942, 33.772758484000065 ] } },
{ "type": "Feature", "properties": { "OBJECTID": 1526, "id": "ATLANTA_1997_2024222910575", "x": -84.406272888183594, "y": 33.761020660400391, "robbery": 1 }, "geometry": { "type": "Point", "coordinates": [ -84.406272888, 33.761020660000042 ] } },
{ "type": "Feature", "properties": { "OBJECTID": 1527, "id": "ATLANTA_1997_2024222911916", "x": -84.483528137207031, "y": 33.700809478759766, "robbery": 1 }, "geometry": { "type": "Point", "coordinates": [ -84.483528136999951, 33.700809479000043 ] } },
{ "type": "Feature", "properties": { "OBJECTID": 1528, "id": "ATLANTA_1997_2024222941430", "x": -84.378959655761719, "y": 33.720859527587891, "robbery": 1 }, "geometry": { "type": "Point", "coordinates": [ -84.37895965599995, 33.720859528000062 ] } },
{ "type": "Feature", "properties": { "OBJECTID": 1529, "id": "ATLANTA_1997_2024222941444", "x": -84.4530029296875, "y": 33.702430725097656, "robbery": 1 }, "geometry": { "type": "Point", "coordinates": [ -84.453002929999968, 33.702430725000056 ] } },
{ "type": "Feature", "properties": { "OBJECTID": 1530, "id": "ATLANTA_1997_2024222941539", "x": -84.396896362304688, "y": 33.743030548095703, "robbery": 1 }, "geometry": { "type": "Point", "coordinates": [ -84.39689636199995, 33.743030548000036 ] } },
{ "type": "Feature", "properties": { "OBJECTID": 1531, "id": "ATLANTA_1997_2024222951752", "x": -84.390823364257812, "y": 33.809898376464844, "robbery": 1 }, "geometry": { "type": "Point", "coordinates": [ -84.390823363999971, 33.809898376000035 ] } },
{ "type": "Feature", "properties": { "OBJECTID": 1532, "id": "ATLANTA_1997_2024222951949", "x": -84.426902770996094, "y": 33.728279113769531, "robbery": 1 }, "geometry": { "type": "Point", "coordinates": [ -84.426902770999959, 33.728279114000031 ] } },
{ "type": "Feature", "properties": { "OBJECTID": 1533, "id": "ATLANTA_1997_2024222960154", "x": -84.361007690429688, "y": 33.824089050292969, "robbery": 1 }, "geometry": { "type": "Point", "coordinates": [ -84.361007689999951, 33.824089050000055 ] } },
{ "type": "Feature", "properties": { "OBJECTID": 1534, "id": "ATLANTA_1997_2024222960719", "x": -84.384857177734375, "y": 33.769500732421875, "robbery": 1 }, "geometry": { "type": "Point", "coordinates": [ -84.384857177999947, 33.76950073200004 ] } },
{ "type": "Feature", "properties": { "OBJECTID": 1535, "id": "ATLANTA_1997_2024222970111", "x": -84.410118103027344, "y": 33.766250610351562, "robbery": 1 }, "geometry": { "type": "Point", "coordinates": [ -84.410118102999945, 33.766250610000043 ] } },
{ "type": "Feature", "properties": { "OBJECTID": 1536, "id": "ATLANTA_1997_2024222971040", "x": -84.380966186523438, "y": 33.677478790283203, "robbery": 1 }, "geometry": { "type": "Point", "coordinates": [ -84.380966186999956, 33.677478790000066 ] } },
{ "type": "Feature", "properties": { "OBJECTID": 1537, "id": "ATLANTA_1997_2024222971568", "x": -84.353477478027344, "y": 33.814960479736328, "robbery": 1 }, "geometry": { "type": "Point", "coordinates": [ -84.353477477999945, 33.814960480000025 ] } },
{ "type": "Feature", "properties": { "OBJECTID": 1538, "id": "ATLANTA_1997_2024222971652", "x": -84.364570617675781, "y": 33.757728576660156, "robbery": 1 }, "geometry": { "type": "Point", "coordinates": [ -84.364570617999959, 33.75772857700008 ] } },
{ "type": "Feature", "properties": { "OBJECTID": 1539, "id": "ATLANTA_1997_2024222981731", "x": -84.508171081542969, "y": 33.656330108642578, "robbery": 1 }, "geometry": { "type": "Point", "coordinates": [ -84.508171082, 33.656330109000066 ] } },
{ "type": "Feature", "properties": { "OBJECTID": 1540, "id": "ATLANTA_1997_2024222991384", "x": -84.416709899902344, "y": 33.763198852539062, "robbery": 1 }, "geometry": { "type": "Point", "coordinates": [ -84.416709899999944, 33.763198853000063 ] } },
{ "type": "Feature", "properties": { "OBJECTID": 1541, "id": "ATLANTA_1997_2024223001512", "x": -84.354270935058594, "y": 33.776348114013672, "robbery": 1 }, "geometry": { "type": "Point", "coordinates": [ -84.354270934999988, 33.776348114000029 ] } },
{ "type": "Feature", "properties": { "OBJECTID": 1542, "id": "ATLANTA_1997_2024223001516", "x": -84.394439697265625, "y": 33.792221069335938, "robbery": 1 }, "geometry": { "type": "Point", "coordinates": [ -84.394439696999939, 33.79222106900005 ] } },
{ "type": "Feature", "properties": { "OBJECTID": 1543, "id": "ATLANTA_1997_2024223010193", "x": -84.39520263671875, "y": 33.730609893798828, "robbery": 1 }, "geometry": { "type": "Point", "coordinates": [ -84.395202636999954, 33.730609894000054 ] } },
{ "type": "Feature", "properties": { "OBJECTID": 1544, "id": "ATLANTA_1997_2024223011101", "x": -84.383682250976562, "y": 33.754650115966797, "robbery": 1 }, "geometry": { "type": "Point", "coordinates": [ -84.383682250999982, 33.75465011600005 ] } },
{ "type": "Feature", "properties": { "OBJECTID": 1545, "id": "ATLANTA_1997_2024223011823", "x": -84.439743041992188, "y": 33.753650665283203, "robbery": 1 }, "geometry": { "type": "Point", "coordinates": [ -84.439743041999975, 33.753650665000066 ] } },
{ "type": "Feature", "properties": { "OBJECTID": 1546, "id": "ATLANTA_1997_2024223021048", "x": -84.387832641601562, "y": 33.755649566650391, "robbery": 1 }, "geometry": { "type": "Point", "coordinates": [ -84.387832641999978, 33.755649567000034 ] } },
{ "type": "Feature", "properties": { "OBJECTID": 1547, "id": "ATLANTA_1997_2024223021915", "x": -84.383232116699219, "y": 33.777858734130859, "robbery": 1 }, "geometry": { "type": "Point", "coordinates": [ -84.383232116999977, 33.777858734000063 ] } },
{ "type": "Feature", "properties": { "OBJECTID": 1548, "id": "ATLANTA_1997_2024223021926", "x": -84.363777160644531, "y": 33.825599670410156, "robbery": 1 }, "geometry": { "type": "Point", "coordinates": [ -84.363777160999973, 33.825599670000031 ] } },
{ "type": "Feature", "properties": { "OBJECTID": 1549, "id": "ATLANTA_1997_2024223030333", "x": -84.472381591796875, "y": 33.799568176269531, "robbery": 1 }, "geometry": { "type": "Point", "coordinates": [ -84.472381591999977, 33.799568176000037 ] } },
{ "type": "Feature", "properties": { "OBJECTID": 1550, "id": "ATLANTA_1997_2024223041053", "x": -84.478073120117188, "y": 33.708641052246094, "robbery": 1 }, "geometry": { "type": "Point", "coordinates": [ -84.478073119999976, 33.708641052000075 ] } },
{ "type": "Feature", "properties": { "OBJECTID": 1551, "id": "ATLANTA_1997_2024223050888", "x": -84.485580444335938, "y": 33.696208953857422, "robbery": 1 }, "geometry": { "type": "Point", "coordinates": [ -84.485580443999936, 33.696208954000042 ] } },
{ "type": "Feature", "properties": { "OBJECTID": 1552, "id": "ATLANTA_1997_2024223052078", "x": -84.392326354980469, "y": 33.716220855712891, "robbery": 1 }, "geometry": { "type": "Point", "coordinates": [ -84.392326354999966, 33.716220856000064 ] } },
{ "type": "Feature", "properties": { "OBJECTID": 1553, "id": "ATLANTA_1997_2024223060156", "x": -84.384353637695312, "y": 33.731639862060547, "robbery": 1 }, "geometry": { "type": "Point", "coordinates": [ -84.384353637999936, 33.731639862000065 ] } },
{ "type": "Feature", "properties": { "OBJECTID": 1554, "id": "ATLANTA_1997_2024223061577", "x": -84.472892761230469, "y": 33.788959503173828, "robbery": 1 }, "geometry": { "type": "Point", "coordinates": [ -84.472892760999969, 33.788959503000058 ] } },
{ "type": "Feature", "properties": { "OBJECTID": 1555, "id": "ATLANTA_1997_2024223061819", "x": -84.355056762695312, "y": 33.847389221191406, "robbery": 1 }, "geometry": { "type": "Point", "coordinates": [ -84.355056762999936, 33.847389221000071 ] } },
{ "type": "Feature", "properties": { "OBJECTID": 1556, "id": "ATLANTA_1997_2024223070382", "x": -84.429290771484375, "y": 33.763870239257812, "robbery": 1 }, "geometry": { "type": "Point", "coordinates": [ -84.429290770999955, 33.763870239000028 ] } },
{ "type": "Feature", "properties": { "OBJECTID": 1557, "id": "ATLANTA_1997_2024223070386", "x": -84.396369934082031, "y": 33.748458862304688, "robbery": 1 }, "geometry": { "type": "Point", "coordinates": [ -84.396369933999949, 33.748458862000064 ] } },
{ "type": "Feature", "properties": { "OBJECTID": 1558, "id": "ATLANTA_1997_2024223072401", "x": -84.493133544921875, "y": 33.685840606689453, "robbery": 1 }, "geometry": { "type": "Point", "coordinates": [ -84.493133544999978, 33.685840607000046 ] } },
{ "type": "Feature", "properties": { "OBJECTID": 1559, "id": "ATLANTA_1997_2024223090268", "x": -84.463386535644531, "y": 33.784389495849609, "robbery": 1 }, "geometry": { "type": "Point", "coordinates": [ -84.463386535999973, 33.784389496000074 ] } },
{ "type": "Feature", "properties": { "OBJECTID": 1560, "id": "ATLANTA_1997_2024223091510", "x": -84.415802001953125, "y": 33.740589141845703, "robbery": 1 }, "geometry": { "type": "Point", "coordinates": [ -84.415802001999964, 33.740589142000033 ] } },
{ "type": "Feature", "properties": { "OBJECTID": 1561, "id": "ATLANTA_1997_2024223091921", "x": -84.392349243164062, "y": 33.716259002685547, "robbery": 1 }, "geometry": { "type": "Point", "coordinates": [ -84.392349242999956, 33.716259003000062 ] } },
{ "type": "Feature", "properties": { "OBJECTID": 1562, "id": "ATLANTA_1997_2024223100453", "x": -84.385597229003906, "y": 33.783538818359375, "robbery": 1 }, "geometry": { "type": "Point", "coordinates": [ -84.385597228999984, 33.783538818000068 ] } },
{ "type": "Feature", "properties": { "OBJECTID": 1563, "id": "ATLANTA_1997_2024223100605", "x": -84.502906799316406, "y": 33.757320404052734, "robbery": 1 }, "geometry": { "type": "Point", "coordinates": [ -84.502906798999959, 33.757320404000041 ] } },
{ "type": "Feature", "properties": { "OBJECTID": 1564, "id": "ATLANTA_1997_2024223111362", "x": -84.486122131347656, "y": 33.751140594482422, "robbery": 1 }, "geometry": { "type": "Point", "coordinates": [ -84.486122130999945, 33.751140594000049 ] } },
{ "type": "Feature", "properties": { "OBJECTID": 1565, "id": "ATLANTA_1997_2024223111834", "x": -84.465682983398438, "y": 33.77947998046875, "robbery": 1 }, "geometry": { "type": "Point", "coordinates": [ -84.465682982999965, 33.779479980000076 ] } },
{ "type": "Feature", "properties": { "OBJECTID": 1566, "id": "ATLANTA_1997_2024223121535", "x": -84.390579223632812, "y": 33.753570556640625, "robbery": 1 }, "geometry": { "type": "Point", "coordinates": [ -84.390579223999964, 33.753570557000046 ] } },
{ "type": "Feature", "properties": { "OBJECTID": 1567, "id": "ATLANTA_1997_2024223130307", "x": -84.388359069824219, "y": 33.730339050292969, "robbery": 1 }, "geometry": { "type": "Point", "coordinates": [ -84.388359069999979, 33.730339050000055 ] } },
{ "type": "Feature", "properties": { "OBJECTID": 1568, "id": "ATLANTA_1997_2024223130323", "x": -84.408706665039062, "y": 33.741779327392578, "robbery": 1 }, "geometry": { "type": "Point", "coordinates": [ -84.408706664999954, 33.741779327000074 ] } },
{ "type": "Feature", "properties": { "OBJECTID": 1569, "id": "ATLANTA_1997_2024223131505", "x": -84.414657592773438, "y": 33.680698394775391, "robbery": 1 }, "geometry": { "type": "Point", "coordinates": [ -84.414657592999959, 33.680698395000036 ] } },
{ "type": "Feature", "properties": { "OBJECTID": 1570, "id": "ATLANTA_1997_2024223132059", "x": -84.408042907714844, "y": 33.781429290771484, "robbery": 1 }, "geometry": { "type": "Point", "coordinates": [ -84.40804290799997, 33.781429291000052 ] } },
{ "type": "Feature", "properties": { "OBJECTID": 1571, "id": "ATLANTA_1997_2024223141844", "x": -84.380317687988281, "y": 33.706779479980469, "robbery": 1 }, "geometry": { "type": "Point", "coordinates": [ -84.380317687999934, 33.70677948000008 ] } },
{ "type": "Feature", "properties": { "OBJECTID": 1572, "id": "ATLANTA_1997_2024223151004", "x": -84.486122131347656, "y": 33.751140594482422, "robbery": 1 }, "geometry": { "type": "Point", "coordinates": [ -84.486122130999945, 33.751140594000049 ] } },
{ "type": "Feature", "properties": { "OBJECTID": 1573, "id": "ATLANTA_1997_2024223160204", "x": -84.39727783203125, "y": 33.736110687255859, "robbery": 1 }, "geometry": { "type": "Point", "coordinates": [ -84.397277831999986, 33.736110687000064 ] } },
{ "type": "Feature", "properties": { "OBJECTID": 1574, "id": "ATLANTA_1997_2024223171529", "x": -84.420623779296875, "y": 33.746650695800781, "robbery": 1 }, "geometry": { "type": "Point", "coordinates": [ -84.420623778999982, 33.746650696000074 ] } },
{ "type": "Feature", "properties": { "OBJECTID": 1575, "id": "ATLANTA_1997_2024223200542", "x": -84.379623413085938, "y": 33.709640502929688, "robbery": 1 }, "geometry": { "type": "Point", "coordinates": [ -84.379623413, 33.70964050300006 ] } },
{ "type": "Feature", "properties": { "OBJECTID": 1576, "id": "ATLANTA_1997_2024223201297", "x": -84.505867004394531, "y": 33.689739227294922, "robbery": 1 }, "geometry": { "type": "Point", "coordinates": [ -84.505867003999981, 33.689739227000075 ] } },
{ "type": "Feature", "properties": { "OBJECTID": 1577, "id": "ATLANTA_1997_2024223211566", "x": -84.424278259277344, "y": 33.774330139160156, "robbery": 1 }, "geometry": { "type": "Point", "coordinates": [ -84.424278258999948, 33.774330139000028 ] } },
{ "type": "Feature", "properties": { "OBJECTID": 1578, "id": "ATLANTA_1997_2024223211925", "x": -84.380378723144531, "y": 33.877628326416016, "robbery": 1 }, "geometry": { "type": "Point", "coordinates": [ -84.380378722999978, 33.877628326000035 ] } },
{ "type": "Feature", "properties": { "OBJECTID": 1579, "id": "ATLANTA_1997_2024223220008", "x": -84.357528686523438, "y": 33.650119781494141, "robbery": 1 }, "geometry": { "type": "Point", "coordinates": [ -84.357528686999956, 33.650119781000058 ] } },
{ "type": "Feature", "properties": { "OBJECTID": 1580, "id": "ATLANTA_1997_2024223220034", "x": -84.389472961425781, "y": 33.770648956298828, "robbery": 1 }, "geometry": { "type": "Point", "coordinates": [ -84.389472960999967, 33.770648956000059 ] } },
{ "type": "Feature", "properties": { "OBJECTID": 1581, "id": "ATLANTA_1997_2024223230578", "x": -84.392349243164062, "y": 33.716259002685547, "robbery": 1 }, "geometry": { "type": "Point", "coordinates": [ -84.392349242999956, 33.716259003000062 ] } },
{ "type": "Feature", "properties": { "OBJECTID": 1582, "id": "ATLANTA_1997_2024223240420", "x": -84.382911682128906, "y": 33.773429870605469, "robbery": 1 }, "geometry": { "type": "Point", "coordinates": [ -84.382911681999985, 33.773429871000076 ] } },
{ "type": "Feature", "properties": { "OBJECTID": 1583, "id": "ATLANTA_1997_2024223241469", "x": -84.444572448730469, "y": 33.723148345947266, "robbery": 1 }, "geometry": { "type": "Point", "coordinates": [ -84.444572448999963, 33.723148346000073 ] } },
{ "type": "Feature", "properties": { "OBJECTID": 1584, "id": "ATLANTA_1997_2024223251765", "x": -84.386260986328125, "y": 33.784549713134766, "robbery": 1 }, "geometry": { "type": "Point", "coordinates": [ -84.386260985999968, 33.784549713000047 ] } },
{ "type": "Feature", "properties": { "OBJECTID": 1585, "id": "ATLANTA_1997_2024223270907", "x": -84.482093811035156, "y": 33.720058441162109, "robbery": 1 }, "geometry": { "type": "Point", "coordinates": [ -84.48209381099997, 33.720058441000049 ] } },
{ "type": "Feature", "properties": { "OBJECTID": 1586, "id": "ATLANTA_1997_2024223280524", "x": -84.362167358398438, "y": 33.822238922119141, "robbery": 1 }, "geometry": { "type": "Point", "coordinates": [ -84.362167357999965, 33.822238922000054 ] } },
{ "type": "Feature", "properties": { "OBJECTID": 1587, "id": "ATLANTA_1997_2024223290013", "x": -84.377517700195312, "y": 33.748199462890625, "robbery": 1 }, "geometry": { "type": "Point", "coordinates": [ -84.377517699999942, 33.748199463000049 ] } },
{ "type": "Feature", "properties": { "OBJECTID": 1588, "id": "ATLANTA_1997_2024223301537", "x": -84.408119201660156, "y": 33.718021392822266, "robbery": 1 }, "geometry": { "type": "Point", "coordinates": [ -84.408119201999966, 33.718021393000072 ] } },
{ "type": "Feature", "properties": { "OBJECTID": 1589, "id": "ATLANTA_1997_2024223301590", "x": -84.362586975097656, "y": 33.699710845947266, "robbery": 1 }, "geometry": { "type": "Point", "coordinates": [ -84.362586974999942, 33.699710846000073 ] } },
{ "type": "Feature", "properties": { "OBJECTID": 1590, "id": "ATLANTA_1997_2024223311289", "x": -84.368141174316406, "y": 33.807559967041016, "robbery": 1 }, "geometry": { "type": "Point", "coordinates": [ -84.368141173999959, 33.807559967000032 ] } },
{ "type": "Feature", "properties": { "OBJECTID": 1591, "id": "ATLANTA_1997_2024223320361", "x": -84.352088928222656, "y": 33.814250946044922, "robbery": 1 }, "geometry": { "type": "Point", "coordinates": [ -84.352088927999944, 33.814250946000072 ] } },
{ "type": "Feature", "properties": { "OBJECTID": 1592, "id": "ATLANTA_1997_2024223330248", "x": -84.368438720703125, "y": 33.820980072021484, "robbery": 1 }, "geometry": { "type": "Point", "coordinates": [ -84.368438720999961, 33.820980072000054 ] } },
{ "type": "Feature", "properties": { "OBJECTID": 1593, "id": "ATLANTA_1997_2024223330376", "x": -84.45379638671875, "y": 33.708198547363281, "robbery": 1 }, "geometry": { "type": "Point", "coordinates": [ -84.453796386999954, 33.708198547000052 ] } },
{ "type": "Feature", "properties": { "OBJECTID": 1594, "id": "ATLANTA_1997_2024223350122", "x": -84.495048522949219, "y": 33.66815185546875, "robbery": 1 }, "geometry": { "type": "Point", "coordinates": [ -84.49504852299998, 33.668151855000076 ] } },
{ "type": "Feature", "properties": { "OBJECTID": 1595, "id": "ATLANTA_1997_2024223360312", "x": -84.39166259765625, "y": 33.762569427490234, "robbery": 1 }, "geometry": { "type": "Point", "coordinates": [ -84.391662597999982, 33.762569427000074 ] } },
{ "type": "Feature", "properties": { "OBJECTID": 1596, "id": "ATLANTA_1997_2024223362082", "x": -84.404960632324219, "y": 33.746589660644531, "robbery": 1 }, "geometry": { "type": "Point", "coordinates": [ -84.404960631999984, 33.74658966100003 ] } },
{ "type": "Feature", "properties": { "OBJECTID": 1597, "id": "ATLANTA_1997_2024223370898", "x": -84.484550476074219, "y": 33.754798889160156, "robbery": 1 }, "geometry": { "type": "Point", "coordinates": [ -84.484550475999981, 33.754798889000028 ] } },
{ "type": "Feature", "properties": { "OBJECTID": 1598, "id": "ATLANTA_1997_2024223380091", "x": -84.360069274902344, "y": 33.707618713378906, "robbery": 1 }, "geometry": { "type": "Point", "coordinates": [ -84.360069274999944, 33.707618713000045 ] } },
{ "type": "Feature", "properties": { "OBJECTID": 1599, "id": "ATLANTA_1997_2024223381459", "x": -84.376251220703125, "y": 33.757488250732422, "robbery": 1 }, "geometry": { "type": "Point", "coordinates": [ -84.376251220999961, 33.757488251000041 ] } },
{ "type": "Feature", "properties": { "OBJECTID": 1600, "id": "ATLANTA_1997_2024223391717", "x": -84.377273559570312, "y": 33.761959075927734, "robbery": 1 }, "geometry": { "type": "Point", "coordinates": [ -84.377273559999935, 33.761959076000039 ] } },
{ "type": "Feature", "properties": { "OBJECTID": 1601, "id": "ATLANTA_1997_2024223411468", "x": -84.475479125976562, "y": 33.771560668945312, "robbery": 1 }, "geometry": { "type": "Point", "coordinates": [ -84.475479125999982, 33.771560669000053 ] } },
{ "type": "Feature", "properties": { "OBJECTID": 1602, "id": "ATLANTA_1997_2024223420691", "x": -84.417823791503906, "y": 33.745700836181641, "robbery": 1 }, "geometry": { "type": "Point", "coordinates": [ -84.417823791999979, 33.745700836000026 ] } },
{ "type": "Feature", "properties": { "OBJECTID": 1603, "id": "ATLANTA_1997_2024223421123", "x": -84.502822875976562, "y": 33.75823974609375, "robbery": 1 }, "geometry": { "type": "Point", "coordinates": [ -84.502822875999982, 33.758239746000072 ] } },
{ "type": "Feature", "properties": { "OBJECTID": 1604, "id": "ATLANTA_1997_2024223421182", "x": -84.365997314453125, "y": 33.849529266357422, "robbery": 1 }, "geometry": { "type": "Point", "coordinates": [ -84.365997313999969, 33.849529266000047 ] } },
{ "type": "Feature", "properties": { "OBJECTID": 1605, "id": "ATLANTA_1997_2024223430285", "x": -84.381523132324219, "y": 33.709999084472656, "robbery": 1 }, "geometry": { "type": "Point", "coordinates": [ -84.381523131999984, 33.70999908400006 ] } },
{ "type": "Feature", "properties": { "OBJECTID": 1606, "id": "ATLANTA_1997_2024223430293", "x": -84.427696228027344, "y": 33.721309661865234, "robbery": 1 }, "geometry": { "type": "Point", "coordinates": [ -84.427696227999945, 33.721309662000067 ] } },
{ "type": "Feature", "properties": { "OBJECTID": 1607, "id": "ATLANTA_1997_2024223430924", "x": -84.365997314453125, "y": 33.849529266357422, "robbery": 1 }, "geometry": { "type": "Point", "coordinates": [ -84.365997313999969, 33.849529266000047 ] } },
{ "type": "Feature", "properties": { "OBJECTID": 1608, "id": "ATLANTA_1997_2024223440183", "x": -84.428382873535156, "y": 33.7464599609375, "robbery": 1 }, "geometry": { "type": "Point", "coordinates": [ -84.428382873999965, 33.746459961000028 ] } },
{ "type": "Feature", "properties": { "OBJECTID": 1609, "id": "ATLANTA_1997_2024223440621", "x": -84.497482299804688, "y": 33.753940582275391, "robbery": 1 }, "geometry": { "type": "Point", "coordinates": [ -84.497482299999945, 33.753940582000041 ] } },
{ "type": "Feature", "properties": { "OBJECTID": 1610, "id": "ATLANTA_1997_2024223440879", "x": -84.430183410644531, "y": 33.848068237304688, "robbery": 1 }, "geometry": { "type": "Point", "coordinates": [ -84.430183410999973, 33.848068237000064 ] } },
{ "type": "Feature", "properties": { "OBJECTID": 1611, "id": "ATLANTA_1997_2024223441549", "x": -84.491012573242188, "y": 33.78131103515625, "robbery": 1 }, "geometry": { "type": "Point", "coordinates": [ -84.491012572999978, 33.781311035000044 ] } },
{ "type": "Feature", "properties": { "OBJECTID": 1612, "id": "ATLANTA_1997_2024223450506", "x": -84.486122131347656, "y": 33.751140594482422, "robbery": 1 }, "geometry": { "type": "Point", "coordinates": [ -84.486122130999945, 33.751140594000049 ] } },
{ "type": "Feature", "properties": { "OBJECTID": 1613, "id": "ATLANTA_1997_2024223450702", "x": -84.379661560058594, "y": 33.709369659423828, "robbery": 1 }, "geometry": { "type": "Point", "coordinates": [ -84.379661559999988, 33.70936965900006 ] } },
{ "type": "Feature", "properties": { "OBJECTID": 1614, "id": "ATLANTA_1997_2024223451055", "x": -84.395828247070312, "y": 33.767120361328125, "robbery": 1 }, "geometry": { "type": "Point", "coordinates": [ -84.39582824699994, 33.767120361000025 ] } },
{ "type": "Feature", "properties": { "OBJECTID": 1615, "id": "ATLANTA_1997_2024223461992", "x": -84.393760681152344, "y": 33.736560821533203, "robbery": 1 }, "geometry": { "type": "Point", "coordinates": [ -84.393760680999947, 33.736560822000058 ] } },
{ "type": "Feature", "properties": { "OBJECTID": 1616, "id": "ATLANTA_1997_2024223462024", "x": -84.426979064941406, "y": 33.744041442871094, "robbery": 1 }, "geometry": { "type": "Point", "coordinates": [ -84.426979064999955, 33.744041443000071 ] } },
{ "type": "Feature", "properties": { "OBJECTID": 1617, "id": "ATLANTA_1997_2024223470657", "x": -84.371452331542969, "y": 33.847999572753906, "robbery": 1 }, "geometry": { "type": "Point", "coordinates": [ -84.371452332, 33.847999573000038 ] } },
{ "type": "Feature", "properties": { "OBJECTID": 1618, "id": "ATLANTA_1997_2024223472015", "x": -84.415420532226562, "y": 33.7393798828125, "robbery": 1 }, "geometry": { "type": "Point", "coordinates": [ -84.415420531999985, 33.739379883000026 ] } },
{ "type": "Feature", "properties": { "OBJECTID": 1619, "id": "ATLANTA_1997_2024223490121", "x": -84.376663208007812, "y": 33.680599212646484, "robbery": 1 }, "geometry": { "type": "Point", "coordinates": [ -84.376663207999968, 33.68059921300005 ] } },
{ "type": "Feature", "properties": { "OBJECTID": 1620, "id": "ATLANTA_1997_2024223491234", "x": -84.382553100585938, "y": 33.757678985595703, "robbery": 1 }, "geometry": { "type": "Point", "coordinates": [ -84.382553100999985, 33.75767898600003 ] } },
{ "type": "Feature", "properties": { "OBJECTID": 1621, "id": "ATLANTA_1997_2024223492260", "x": -84.391197204589844, "y": 33.75286865234375, "robbery": 1 }, "geometry": { "type": "Point", "coordinates": [ -84.391197204999969, 33.752868652000075 ] } },
{ "type": "Feature", "properties": { "OBJECTID": 1622, "id": "ATLANTA_1997_2024223500811", "x": -84.427467346191406, "y": 33.719551086425781, "robbery": 1 }, "geometry": { "type": "Point", "coordinates": [ -84.427467345999958, 33.719551086000024 ] } },
{ "type": "Feature", "properties": { "OBJECTID": 1623, "id": "ATLANTA_1997_2024223521743", "x": -84.387611389160156, "y": 33.671779632568359, "robbery": 1 }, "geometry": { "type": "Point", "coordinates": [ -84.387611388999971, 33.671779633000028 ] } },
{ "type": "Feature", "properties": { "OBJECTID": 1624, "id": "ATLANTA_1997_2024223530635", "x": -84.453506469726562, "y": 33.776378631591797, "robbery": 1 }, "geometry": { "type": "Point", "coordinates": [ -84.453506469999979, 33.776378632000046 ] } },
{ "type": "Feature", "properties": { "OBJECTID": 1625, "id": "ATLANTA_1997_2024223531470", "x": -84.430030822753906, "y": 33.734531402587891, "robbery": 1 }, "geometry": { "type": "Point", "coordinates": [ -84.430030822999981, 33.734531403000062 ] } },
{ "type": "Feature", "properties": { "OBJECTID": 1626, "id": "ATLANTA_1997_2024223531836", "x": -84.396926879882812, "y": 33.717109680175781, "robbery": 1 }, "geometry": { "type": "Point", "coordinates": [ -84.396926879999967, 33.717109680000078 ] } },
{ "type": "Feature", "properties": { "OBJECTID": 1627, "id": "ATLANTA_1997_2024223540821", "x": -84.507606506347656, "y": 33.762100219726562, "robbery": 1 }, "geometry": { "type": "Point", "coordinates": [ -84.507606505999945, 33.762100220000036 ] } },
{ "type": "Feature", "properties": { "OBJECTID": 1628, "id": "ATLANTA_1997_2024223541024", "x": -84.424797058105469, "y": 33.726600646972656, "robbery": 1 }, "geometry": { "type": "Point", "coordinates": [ -84.424797057999967, 33.726600647000055 ] } },
{ "type": "Feature", "properties": { "OBJECTID": 1629, "id": "ATLANTA_1997_2024223551931", "x": -84.367057800292969, "y": 33.650310516357422, "robbery": 1 }, "geometry": { "type": "Point", "coordinates": [ -84.367057799999941, 33.650310516000047 ] } },
{ "type": "Feature", "properties": { "OBJECTID": 1630, "id": "ATLANTA_1997_2024223560550", "x": -84.3543701171875, "y": 33.772869110107422, "robbery": 1 }, "geometry": { "type": "Point", "coordinates": [ -84.354370116999974, 33.772869110000045 ] } },
{ "type": "Feature", "properties": { "OBJECTID": 1631, "id": "ATLANTA_1997_2024223571821", "x": -84.467857360839844, "y": 33.752300262451172, "robbery": 1 }, "geometry": { "type": "Point", "coordinates": [ -84.467857360999972, 33.752300262000063 ] } },
{ "type": "Feature", "properties": { "OBJECTID": 1632, "id": "ATLANTA_1997_2024223581000", "x": -84.36773681640625, "y": 33.742160797119141, "robbery": 1 }, "geometry": { "type": "Point", "coordinates": [ -84.367736816, 33.742160797000054 ] } },
{ "type": "Feature", "properties": { "OBJECTID": 1633, "id": "ATLANTA_1997_2024223581350", "x": -84.387168884277344, "y": 33.758659362792969, "robbery": 1 }, "geometry": { "type": "Point", "coordinates": [ -84.387168883999948, 33.758659363000049 ] } },
{ "type": "Feature", "properties": { "OBJECTID": 1634, "id": "ATLANTA_1997_2024223600533", "x": -84.508171081542969, "y": 33.656330108642578, "robbery": 1 }, "geometry": { "type": "Point", "coordinates": [ -84.508171082, 33.656330109000066 ] } },
{ "type": "Feature", "properties": { "OBJECTID": 1635, "id": "ATLANTA_1997_2024223601357", "x": -84.417823791503906, "y": 33.745700836181641, "robbery": 1 }, "geometry": { "type": "Point", "coordinates": [ -84.417823791999979, 33.745700836000026 ] } },
{ "type": "Feature", "properties": { "OBJECTID": 1636, "id": "ATLANTA_1997_2024223610584", "x": -84.389106750488281, "y": 33.667839050292969, "robbery": 1 }, "geometry": { "type": "Point", "coordinates": [ -84.389106749999939, 33.667839050000055 ] } },
{ "type": "Feature", "properties": { "OBJECTID": 1637, "id": "ATLANTA_1997_2024223621457", "x": -84.405097961425781, "y": 33.681198120117188, "robbery": 1 }, "geometry": { "type": "Point", "coordinates": [ -84.405097960999967, 33.681198120000033 ] } },
{ "type": "Feature", "properties": { "OBJECTID": 1638, "id": "ATLANTA_1997_2024223640259", "x": -84.40618896484375, "y": 33.746200561523438, "robbery": 1 }, "geometry": { "type": "Point", "coordinates": [ -84.406188964999956, 33.74620056200007 ] } },
{ "type": "Feature", "properties": { "OBJECTID": 1639, "id": "ATLANTA_1997_2024223650305", "x": -84.398086547851562, "y": 33.791671752929688, "robbery": 1 }, "geometry": { "type": "Point", "coordinates": [ -84.398086547999981, 33.79167175300006 ] } },
{ "type": "Feature", "properties": { "OBJECTID": 1640, "id": "ATLANTA_1997_2024230021204", "x": -84.416450500488281, "y": 33.736160278320312, "robbery": 1 }, "geometry": { "type": "Point", "coordinates": [ -84.416450499999939, 33.736160278000057 ] } },
{ "type": "Feature", "properties": { "OBJECTID": 1641, "id": "ATLANTA_1997_2024230041083", "x": -84.37200927734375, "y": 33.748291015625, "robbery": 1 }, "geometry": { "type": "Point", "coordinates": [ -84.372009276999961, 33.748291016000053 ] } },
{ "type": "Feature", "properties": { "OBJECTID": 1642, "id": "ATLANTA_1997_2024230050178", "x": -84.381126403808594, "y": 33.746929168701172, "robbery": 1 }, "geometry": { "type": "Point", "coordinates": [ -84.381126403999986, 33.746929169000055 ] } },
{ "type": "Feature", "properties": { "OBJECTID": 1643, "id": "ATLANTA_1997_2024230061538", "x": -84.389816284179688, "y": 33.751869201660156, "robbery": 1 }, "geometry": { "type": "Point", "coordinates": [ -84.389816283999949, 33.75186920200008 ] } },
{ "type": "Feature", "properties": { "OBJECTID": 1644, "id": "ATLANTA_1997_2024230061895", "x": -84.367828369140625, "y": 33.680618286132812, "robbery": 1 }, "geometry": { "type": "Point", "coordinates": [ -84.367828368999938, 33.680618286000026 ] } },
{ "type": "Feature", "properties": { "OBJECTID": 1645, "id": "ATLANTA_1997_2024230070991", "x": -84.382553100585938, "y": 33.757678985595703, "robbery": 1 }, "geometry": { "type": "Point", "coordinates": [ -84.382553100999985, 33.75767898600003 ] } },
{ "type": "Feature", "properties": { "OBJECTID": 1646, "id": "ATLANTA_1997_2024230071042", "x": -84.384857177734375, "y": 33.702610015869141, "robbery": 1 }, "geometry": { "type": "Point", "coordinates": [ -84.384857177999947, 33.702610016000051 ] } },
{ "type": "Feature", "properties": { "OBJECTID": 1647, "id": "ATLANTA_1997_2024230071659", "x": -84.374282836914062, "y": 33.769660949707031, "robbery": 1 }, "geometry": { "type": "Point", "coordinates": [ -84.374282836999953, 33.769660950000059 ] } },
{ "type": "Feature", "properties": { "OBJECTID": 1648, "id": "ATLANTA_1997_2024230081515", "x": -84.411712646484375, "y": 33.756641387939453, "robbery": 1 }, "geometry": { "type": "Point", "coordinates": [ -84.411712645999955, 33.756641388000048 ] } },
{ "type": "Feature", "properties": { "OBJECTID": 1649, "id": "ATLANTA_1997_2024230090349", "x": -84.417831420898438, "y": 33.772361755371094, "robbery": 1 }, "geometry": { "type": "Point", "coordinates": [ -84.41783142099996, 33.772361755000077 ] } },
{ "type": "Feature", "properties": { "OBJECTID": 1650, "id": "ATLANTA_1997_2024230101207", "x": -84.352073669433594, "y": 33.817459106445312, "robbery": 1 }, "geometry": { "type": "Point", "coordinates": [ -84.352073668999935, 33.817459106000058 ] } },
{ "type": "Feature", "properties": { "OBJECTID": 1651, "id": "ATLANTA_1997_2024230102123", "x": -84.504913330078125, "y": 33.689620971679688, "robbery": 1 }, "geometry": { "type": "Point", "coordinates": [ -84.504913329999965, 33.689620972000057 ] } },
{ "type": "Feature", "properties": { "OBJECTID": 1652, "id": "ATLANTA_1997_2024230102147", "x": -84.385597229003906, "y": 33.793079376220703, "robbery": 1 }, "geometry": { "type": "Point", "coordinates": [ -84.385597228999984, 33.793079376000037 ] } },
{ "type": "Feature", "properties": { "OBJECTID": 1653, "id": "ATLANTA_1997_2024230102167", "x": -84.376022338867188, "y": 33.792369842529297, "robbery": 1 }, "geometry": { "type": "Point", "coordinates": [ -84.376022338999974, 33.792369843000074 ] } },
{ "type": "Feature", "properties": { "OBJECTID": 1654, "id": "ATLANTA_1997_2024230120144", "x": -84.403053283691406, "y": 33.682720184326172, "robbery": 1 }, "geometry": { "type": "Point", "coordinates": [ -84.403053283999952, 33.682720184000061 ] } },
{ "type": "Feature", "properties": { "OBJECTID": 1655, "id": "ATLANTA_1997_2024230121990", "x": -84.418167114257812, "y": 33.754791259765625, "robbery": 1 }, "geometry": { "type": "Point", "coordinates": [ -84.418167113999971, 33.754791260000047 ] } },
{ "type": "Feature", "properties": { "OBJECTID": 1656, "id": "ATLANTA_1997_2024230122333", "x": -84.391937255859375, "y": 33.762931823730469, "robbery": 1 }, "geometry": { "type": "Point", "coordinates": [ -84.391937255999949, 33.762931824000077 ] } },
{ "type": "Feature", "properties": { "OBJECTID": 1657, "id": "ATLANTA_1997_2024230131673", "x": -84.3585205078125, "y": 33.853160858154297, "robbery": 1 }, "geometry": { "type": "Point", "coordinates": [ -84.35852050799997, 33.853160858000024 ] } },
{ "type": "Feature", "properties": { "OBJECTID": 1658, "id": "ATLANTA_1997_2024230150448", "x": -84.417343139648438, "y": 33.758010864257812, "robbery": 1 }, "geometry": { "type": "Point", "coordinates": [ -84.417343139999957, 33.758010864000028 ] } },
{ "type": "Feature", "properties": { "OBJECTID": 1659, "id": "ATLANTA_1997_2024230151835", "x": -84.349777221679688, "y": 33.778640747070312, "robbery": 1 }, "geometry": { "type": "Point", "coordinates": [ -84.349777221999943, 33.778640747000054 ] } },
{ "type": "Feature", "properties": { "OBJECTID": 1660, "id": "ATLANTA_1997_2024230160929", "x": -84.371467590332031, "y": 33.839759826660156, "robbery": 1 }, "geometry": { "type": "Point", "coordinates": [ -84.371467589999952, 33.83975982700008 ] } },
{ "type": "Feature", "properties": { "OBJECTID": 1661, "id": "ATLANTA_1997_2024230171060", "x": -84.454193115234375, "y": 33.737861633300781, "robbery": 1 }, "geometry": { "type": "Point", "coordinates": [ -84.454193114999953, 33.73786163300008 ] } },
{ "type": "Feature", "properties": { "OBJECTID": 1662, "id": "ATLANTA_1997_2024230171794", "x": -84.390579223632812, "y": 33.781528472900391, "robbery": 1 }, "geometry": { "type": "Point", "coordinates": [ -84.390579223999964, 33.781528473000037 ] } },
{ "type": "Feature", "properties": { "OBJECTID": 1663, "id": "ATLANTA_1997_2024230180248", "x": -84.407928466796875, "y": 33.768039703369141, "robbery": 1 }, "geometry": { "type": "Point", "coordinates": [ -84.407928466999977, 33.768039703000056 ] } },
{ "type": "Feature", "properties": { "OBJECTID": 1664, "id": "ATLANTA_1997_2024230180416", "x": -84.455421447753906, "y": 33.774501800537109, "robbery": 1 }, "geometry": { "type": "Point", "coordinates": [ -84.455421447999981, 33.774501801000042 ] } },
{ "type": "Feature", "properties": { "OBJECTID": 1665, "id": "ATLANTA_1997_2024230192332", "x": -84.417091369628906, "y": 33.675609588623047, "robbery": 1 }, "geometry": { "type": "Point", "coordinates": [ -84.41709136999998, 33.675609589000032 ] } },
{ "type": "Feature", "properties": { "OBJECTID": 1666, "id": "ATLANTA_1997_2024230201387", "x": -84.3916015625, "y": 33.781528472900391, "robbery": 1 }, "geometry": { "type": "Point", "coordinates": [ -84.391601562999938, 33.781528473000037 ] } },
{ "type": "Feature", "properties": { "OBJECTID": 1667, "id": "ATLANTA_1997_2024230202302", "x": -84.362190246582031, "y": 33.825439453125, "robbery": 1 }, "geometry": { "type": "Point", "coordinates": [ -84.362190246999944, 33.825439453000058 ] } },
{ "type": "Feature", "properties": { "OBJECTID": 1668, "id": "ATLANTA_1997_2024230210027", "x": -84.464179992675781, "y": 33.779281616210938, "robbery": 1 }, "geometry": { "type": "Point", "coordinates": [ -84.464179992999959, 33.779281616000048 ] } },
{ "type": "Feature", "properties": { "OBJECTID": 1669, "id": "ATLANTA_1997_2024230210080", "x": -84.381141662597656, "y": 33.835220336914062, "robbery": 1 }, "geometry": { "type": "Point", "coordinates": [ -84.381141662999937, 33.835220337000067 ] } },
{ "type": "Feature", "properties": { "OBJECTID": 1670, "id": "ATLANTA_1997_2024230210381", "x": -84.489112854003906, "y": 33.754779815673828, "robbery": 1 }, "geometry": { "type": "Point", "coordinates": [ -84.489112853999984, 33.754779816000053 ] } },
{ "type": "Feature", "properties": { "OBJECTID": 1671, "id": "ATLANTA_1997_2024230211223", "x": -84.413902282714844, "y": 33.765918731689453, "robbery": 1 }, "geometry": { "type": "Point", "coordinates": [ -84.41390228299997, 33.765918732000046 ] } },
{ "type": "Feature", "properties": { "OBJECTID": 1672, "id": "ATLANTA_1997_2024230220138", "x": -84.380859375, "y": 33.764209747314453, "robbery": 1 }, "geometry": { "type": "Point", "coordinates": [ -84.380859374999943, 33.764209747000052 ] } },
{ "type": "Feature", "properties": { "OBJECTID": 1673, "id": "ATLANTA_1997_2024230220739", "x": -84.350250244140625, "y": 33.764820098876953, "robbery": 1 }, "geometry": { "type": "Point", "coordinates": [ -84.350250243999938, 33.764820099000076 ] } },
{ "type": "Feature", "properties": { "OBJECTID": 1674, "id": "ATLANTA_1997_2024230231204", "x": -84.413772583007812, "y": 33.765750885009766, "robbery": 1 }, "geometry": { "type": "Point", "coordinates": [ -84.413772582999968, 33.765750885000045 ] } },
{ "type": "Feature", "properties": { "OBJECTID": 1675, "id": "ATLANTA_1997_2024230231705", "x": -84.487327575683594, "y": 33.688339233398438, "robbery": 1 }, "geometry": { "type": "Point", "coordinates": [ -84.487327575999984, 33.688339233000079 ] } },
{ "type": "Feature", "properties": { "OBJECTID": 1676, "id": "ATLANTA_1997_2024230240875", "x": -84.389213562011719, "y": 33.773540496826172, "robbery": 1 }, "geometry": { "type": "Point", "coordinates": [ -84.389213561999952, 33.773540497000056 ] } },
{ "type": "Feature", "properties": { "OBJECTID": 1677, "id": "ATLANTA_1997_2024230251987", "x": -84.379623413085938, "y": 33.709640502929688, "robbery": 1 }, "geometry": { "type": "Point", "coordinates": [ -84.379623413, 33.70964050300006 ] } },
{ "type": "Feature", "properties": { "OBJECTID": 1678, "id": "ATLANTA_1997_2024230270398", "x": -84.393760681152344, "y": 33.736560821533203, "robbery": 1 }, "geometry": { "type": "Point", "coordinates": [ -84.393760680999947, 33.736560822000058 ] } },
{ "type": "Feature", "properties": { "OBJECTID": 1679, "id": "ATLANTA_1997_2024230270965", "x": -84.414176940917969, "y": 33.716159820556641, "robbery": 1 }, "geometry": { "type": "Point", "coordinates": [ -84.414176940999937, 33.716159821000076 ] } },
{ "type": "Feature", "properties": { "OBJECTID": 1680, "id": "ATLANTA_1997_2024230280144", "x": -84.472068786621094, "y": 33.747951507568359, "robbery": 1 }, "geometry": { "type": "Point", "coordinates": [ -84.472068786999955, 33.747951508000028 ] } },
{ "type": "Feature", "properties": { "OBJECTID": 1681, "id": "ATLANTA_1997_2024230281053", "x": -84.387008666992188, "y": 33.729690551757812, "robbery": 1 }, "geometry": { "type": "Point", "coordinates": [ -84.387008666999975, 33.729690552000079 ] } },
{ "type": "Feature", "properties": { "OBJECTID": 1682, "id": "ATLANTA_1997_2024230281494", "x": -84.38641357421875, "y": 33.760158538818359, "robbery": 1 }, "geometry": { "type": "Point", "coordinates": [ -84.38641357399996, 33.760158539000031 ] } },
{ "type": "Feature", "properties": { "OBJECTID": 1683, "id": "ATLANTA_1997_2024230290644", "x": -84.507911682128906, "y": 33.762481689453125, "robbery": 1 }, "geometry": { "type": "Point", "coordinates": [ -84.507911681999985, 33.762481689000026 ] } },
{ "type": "Feature", "properties": { "OBJECTID": 1684, "id": "ATLANTA_1997_2024230300225", "x": -84.465827941894531, "y": 33.703140258789062, "robbery": 1 }, "geometry": { "type": "Point", "coordinates": [ -84.465827941999976, 33.703140259000065 ] } },
{ "type": "Feature", "properties": { "OBJECTID": 1685, "id": "ATLANTA_1997_2024230310043", "x": -84.390083312988281, "y": 33.780029296875, "robbery": 1 }, "geometry": { "type": "Point", "coordinates": [ -84.390083312999934, 33.780029297000056 ] } },
{ "type": "Feature", "properties": { "OBJECTID": 1686, "id": "ATLANTA_1997_2024230321569", "x": -84.356430053710938, "y": 33.825328826904297, "robbery": 1 }, "geometry": { "type": "Point", "coordinates": [ -84.356430053999986, 33.825328827000078 ] } },
{ "type": "Feature", "properties": { "OBJECTID": 1687, "id": "ATLANTA_1997_2024230330029", "x": -84.438461303710938, "y": 33.74774169921875, "robbery": 1 }, "geometry": { "type": "Point", "coordinates": [ -84.438461303999986, 33.747741699000073 ] } },
{ "type": "Feature", "properties": { "OBJECTID": 1688, "id": "ATLANTA_1997_2024230331372", "x": -84.373039245605469, "y": 33.800529479980469, "robbery": 1 }, "geometry": { "type": "Point", "coordinates": [ -84.373039245999962, 33.80052948000008 ] } },
{ "type": "Feature", "properties": { "OBJECTID": 1689, "id": "ATLANTA_1997_2024230331398", "x": -84.381881713867188, "y": 33.857391357421875, "robbery": 1 }, "geometry": { "type": "Point", "coordinates": [ -84.381881713999974, 33.85739135700004 ] } },
{ "type": "Feature", "properties": { "OBJECTID": 1690, "id": "ATLANTA_1997_2024230340103", "x": -84.368522644042969, "y": 33.741828918457031, "robbery": 1 }, "geometry": { "type": "Point", "coordinates": [ -84.368522643999938, 33.741828918000067 ] } },
{ "type": "Feature", "properties": { "OBJECTID": 1691, "id": "ATLANTA_1997_2024230341854", "x": -84.364860534667969, "y": 33.817489624023438, "robbery": 1 }, "geometry": { "type": "Point", "coordinates": [ -84.364860534999934, 33.817489624000075 ] } },
{ "type": "Feature", "properties": { "OBJECTID": 1692, "id": "ATLANTA_1997_2024230350449", "x": -84.510848999023438, "y": 33.764049530029297, "robbery": 1 }, "geometry": { "type": "Point", "coordinates": [ -84.510848998999961, 33.764049530000079 ] } },
{ "type": "Feature", "properties": { "OBJECTID": 1693, "id": "ATLANTA_1997_2024230351565", "x": -84.38677978515625, "y": 33.794441223144531, "robbery": 1 }, "geometry": { "type": "Point", "coordinates": [ -84.386779784999987, 33.794441223000035 ] } },
{ "type": "Feature", "properties": { "OBJECTID": 1694, "id": "ATLANTA_1997_2024230360284", "x": -84.379112243652344, "y": 33.841201782226562, "robbery": 1 }, "geometry": { "type": "Point", "coordinates": [ -84.379112243999941, 33.841201782000041 ] } },
{ "type": "Feature", "properties": { "OBJECTID": 1695, "id": "ATLANTA_1997_2024230361557", "x": -84.349700927734375, "y": 33.763778686523438, "robbery": 1 }, "geometry": { "type": "Point", "coordinates": [ -84.349700927999947, 33.76377868700007 ] } },
{ "type": "Feature", "properties": { "OBJECTID": 1696, "id": "ATLANTA_1997_2024230371681", "x": -84.459678649902344, "y": 33.785049438476562, "robbery": 1 }, "geometry": { "type": "Point", "coordinates": [ -84.459678649999944, 33.785049438000044 ] } },
{ "type": "Feature", "properties": { "OBJECTID": 1697, "id": "ATLANTA_1997_2024230390062", "x": -84.404502868652344, "y": 33.787609100341797, "robbery": 1 }, "geometry": { "type": "Point", "coordinates": [ -84.404502868999941, 33.787609100000054 ] } },
{ "type": "Feature", "properties": { "OBJECTID": 1698, "id": "ATLANTA_1997_2024230390317", "x": -84.410270690917969, "y": 33.681598663330078, "robbery": 1 }, "geometry": { "type": "Point", "coordinates": [ -84.410270690999937, 33.681598663000045 ] } },
{ "type": "Feature", "properties": { "OBJECTID": 1699, "id": "ATLANTA_1997_2024230420163", "x": -84.379753112792969, "y": 33.746578216552734, "robbery": 1 }, "geometry": { "type": "Point", "coordinates": [ -84.379753112999936, 33.746578217000035 ] } },
{ "type": "Feature", "properties": { "OBJECTID": 1700, "id": "ATLANTA_1997_2024230430851", "x": -84.394439697265625, "y": 33.792221069335938, "robbery": 1 }, "geometry": { "type": "Point", "coordinates": [ -84.394439696999939, 33.79222106900005 ] } },
{ "type": "Feature", "properties": { "OBJECTID": 1701, "id": "ATLANTA_1997_2024230431590", "x": -84.410270690917969, "y": 33.681598663330078, "robbery": 1 }, "geometry": { "type": "Point", "coordinates": [ -84.410270690999937, 33.681598663000045 ] } },
{ "type": "Feature", "properties": { "OBJECTID": 1702, "id": "ATLANTA_1997_2024230441460", "x": -84.387939453125, "y": 33.757190704345703, "robbery": 1 }, "geometry": { "type": "Point", "coordinates": [ -84.387939452999944, 33.757190704000038 ] } },
{ "type": "Feature", "properties": { "OBJECTID": 1703, "id": "ATLANTA_1997_2024230451503", "x": -84.46099853515625, "y": 33.785831451416016, "robbery": 1 }, "geometry": { "type": "Point", "coordinates": [ -84.460998534999987, 33.785831451000035 ] } },
{ "type": "Feature", "properties": { "OBJECTID": 1704, "id": "ATLANTA_1997_2024230451669", "x": -84.421928405761719, "y": 33.701690673828125, "robbery": 1 }, "geometry": { "type": "Point", "coordinates": [ -84.42192840599995, 33.701690674000076 ] } },
{ "type": "Feature", "properties": { "OBJECTID": 1705, "id": "ATLANTA_1997_2024230451806", "x": -84.322860717773438, "y": 33.750919342041016, "robbery": 1 }, "geometry": { "type": "Point", "coordinates": [ -84.322860717999959, 33.750919342000032 ] } },
{ "type": "Feature", "properties": { "OBJECTID": 1706, "id": "ATLANTA_1997_2024230451874", "x": -84.501419067382812, "y": 33.681499481201172, "robbery": 1 }, "geometry": { "type": "Point", "coordinates": [ -84.501419066999972, 33.68149948100006 ] } },
{ "type": "Feature", "properties": { "OBJECTID": 1707, "id": "ATLANTA_1997_2024230451945", "x": -84.452041625976562, "y": 33.817050933837891, "robbery": 1 }, "geometry": { "type": "Point", "coordinates": [ -84.452041625999982, 33.817050934000065 ] } },
{ "type": "Feature", "properties": { "OBJECTID": 1708, "id": "ATLANTA_1997_2024230460688", "x": -84.458198547363281, "y": 33.748409271240234, "robbery": 1 }, "geometry": { "type": "Point", "coordinates": [ -84.458198546999938, 33.748409271000071 ] } },
{ "type": "Feature", "properties": { "OBJECTID": 1709, "id": "ATLANTA_1997_2024230460838", "x": -84.454338073730469, "y": 33.703929901123047, "robbery": 1 }, "geometry": { "type": "Point", "coordinates": [ -84.454338073999963, 33.703929901000038 ] } },
{ "type": "Feature", "properties": { "OBJECTID": 1710, "id": "ATLANTA_1997_2024230461996", "x": -84.456161499023438, "y": 33.700340270996094, "robbery": 1 }, "geometry": { "type": "Point", "coordinates": [ -84.456161498999961, 33.700340271000073 ] } },
{ "type": "Feature", "properties": { "OBJECTID": 1711, "id": "ATLANTA_1997_2024230470681", "x": -84.482681274414062, "y": 33.704208374023438, "robbery": 1 }, "geometry": { "type": "Point", "coordinates": [ -84.482681273999958, 33.704208374000075 ] } },
{ "type": "Feature", "properties": { "OBJECTID": 1712, "id": "ATLANTA_1997_2024230471148", "x": -84.408126831054688, "y": 33.776649475097656, "robbery": 1 }, "geometry": { "type": "Point", "coordinates": [ -84.408126830999947, 33.776649475000056 ] } },
{ "type": "Feature", "properties": { "OBJECTID": 1713, "id": "ATLANTA_1997_2024230471219", "x": -84.388267517089844, "y": 33.820110321044922, "robbery": 1 }, "geometry": { "type": "Point", "coordinates": [ -84.388267516999974, 33.820110321000072 ] } },
{ "type": "Feature", "properties": { "OBJECTID": 1714, "id": "ATLANTA_1997_2024230472010", "x": -84.487327575683594, "y": 33.688339233398438, "robbery": 1 }, "geometry": { "type": "Point", "coordinates": [ -84.487327575999984, 33.688339233000079 ] } },
{ "type": "Feature", "properties": { "OBJECTID": 1715, "id": "ATLANTA_1997_2024230490933", "x": -84.456382751464844, "y": 33.781650543212891, "robbery": 1 }, "geometry": { "type": "Point", "coordinates": [ -84.456382750999978, 33.781650543000069 ] } },
{ "type": "Feature", "properties": { "OBJECTID": 1716, "id": "ATLANTA_1997_2024230500409", "x": -84.482681274414062, "y": 33.704208374023438, "robbery": 1 }, "geometry": { "type": "Point", "coordinates": [ -84.482681273999958, 33.704208374000075 ] } },
{ "type": "Feature", "properties": { "OBJECTID": 1717, "id": "ATLANTA_1997_2024230500978", "x": -84.389617919921875, "y": 33.787029266357422, "robbery": 1 }, "geometry": { "type": "Point", "coordinates": [ -84.389617919999978, 33.787029266000047 ] } },
{ "type": "Feature", "properties": { "OBJECTID": 1718, "id": "ATLANTA_1997_2024230501593", "x": -84.421302795410156, "y": 33.756641387939453, "robbery": 1 }, "geometry": { "type": "Point", "coordinates": [ -84.421302794999974, 33.756641388000048 ] } },
{ "type": "Feature", "properties": { "OBJECTID": 1719, "id": "ATLANTA_1997_2024230501765", "x": -84.366920471191406, "y": 33.82183837890625, "robbery": 1 }, "geometry": { "type": "Point", "coordinates": [ -84.366920470999958, 33.821838379000042 ] } },
{ "type": "Feature", "properties": { "OBJECTID": 1720, "id": "ATLANTA_1997_2024230510115", "x": -84.378410339355469, "y": 33.754371643066406, "robbery": 1 }, "geometry": { "type": "Point", "coordinates": [ -84.37841033899997, 33.75437164300007 ] } },
{ "type": "Feature", "properties": { "OBJECTID": 1721, "id": "ATLANTA_1997_2024230511541", "x": -84.352653503417969, "y": 33.6597900390625, "robbery": 1 }, "geometry": { "type": "Point", "coordinates": [ -84.352653502999942, 33.659790039000029 ] } },
{ "type": "Feature", "properties": { "OBJECTID": 1722, "id": "ATLANTA_1997_2024230511758", "x": -84.378952026367188, "y": 33.783988952636719, "robbery": 1 }, "geometry": { "type": "Point", "coordinates": [ -84.378952025999979, 33.783988953000062 ] } },
{ "type": "Feature", "properties": { "OBJECTID": 1723, "id": "ATLANTA_1997_2024230511778", "x": -84.358802795410156, "y": 33.762420654296875, "robbery": 1 }, "geometry": { "type": "Point", "coordinates": [ -84.358802794999974, 33.762420654000039 ] } },
{ "type": "Feature", "properties": { "OBJECTID": 1724, "id": "ATLANTA_1997_2024230520338", "x": -84.386489868164062, "y": 33.729019165039062, "robbery": 1 }, "geometry": { "type": "Point", "coordinates": [ -84.386489867999956, 33.729019165000068 ] } },
{ "type": "Feature", "properties": { "OBJECTID": 1725, "id": "ATLANTA_1997_2024230520364", "x": -84.3675537109375, "y": 33.773899078369141, "robbery": 1 }, "geometry": { "type": "Point", "coordinates": [ -84.367553710999971, 33.773899078000056 ] } },
{ "type": "Feature", "properties": { "OBJECTID": 1726, "id": "ATLANTA_1997_2024230520835", "x": -84.426406860351562, "y": 33.700630187988281, "robbery": 1 }, "geometry": { "type": "Point", "coordinates": [ -84.426406859999986, 33.700630188000048 ] } },
{ "type": "Feature", "properties": { "OBJECTID": 1727, "id": "ATLANTA_1997_2024230540693", "x": -84.416847229003906, "y": 33.772701263427734, "robbery": 1 }, "geometry": { "type": "Point", "coordinates": [ -84.416847228999984, 33.772701263000044 ] } },
{ "type": "Feature", "properties": { "OBJECTID": 1728, "id": "ATLANTA_1997_2024230551674", "x": -84.452857971191406, "y": 33.707118988037109, "robbery": 1 }, "geometry": { "type": "Point", "coordinates": [ -84.452857970999958, 33.707118988000047 ] } },
{ "type": "Feature", "properties": { "OBJECTID": 1729, "id": "ATLANTA_1997_2024230560352", "x": -84.37139892578125, "y": 33.84490966796875, "robbery": 1 }, "geometry": { "type": "Point", "coordinates": [ -84.371398925999983, 33.844909668000071 ] } },
{ "type": "Feature", "properties": { "OBJECTID": 1730, "id": "ATLANTA_1997_2024230560658", "x": -84.384376525878906, "y": 33.730369567871094, "robbery": 1 }, "geometry": { "type": "Point", "coordinates": [ -84.384376525999983, 33.730369568000071 ] } },
{ "type": "Feature", "properties": { "OBJECTID": 1731, "id": "ATLANTA_1997_2024230560798", "x": -84.357353210449219, "y": 33.708789825439453, "robbery": 1 }, "geometry": { "type": "Point", "coordinates": [ -84.357353209999985, 33.708789825000053 ] } },
{ "type": "Feature", "properties": { "OBJECTID": 1732, "id": "ATLANTA_1997_2024230571679", "x": -84.45654296875, "y": 33.706470489501953, "robbery": 1 }, "geometry": { "type": "Point", "coordinates": [ -84.456542968999941, 33.706470490000072 ] } },
{ "type": "Feature", "properties": { "OBJECTID": 1733, "id": "ATLANTA_1997_2024230571799", "x": -84.45892333984375, "y": 33.758438110351562, "robbery": 1 }, "geometry": { "type": "Point", "coordinates": [ -84.458923339999956, 33.758438110000043 ] } },
{ "type": "Feature", "properties": { "OBJECTID": 1734, "id": "ATLANTA_1997_2024230580439", "x": -84.417823791503906, "y": 33.745700836181641, "robbery": 1 }, "geometry": { "type": "Point", "coordinates": [ -84.417823791999979, 33.745700836000026 ] } },
{ "type": "Feature", "properties": { "OBJECTID": 1735, "id": "ATLANTA_1997_2024230581311", "x": -84.359443664550781, "y": 33.850551605224609, "robbery": 1 }, "geometry": { "type": "Point", "coordinates": [ -84.359443664999958, 33.850551605000078 ] } },
{ "type": "Feature", "properties": { "OBJECTID": 1736, "id": "ATLANTA_1997_2024230590849", "x": -84.383132934570312, "y": 33.855209350585938, "robbery": 1 }, "geometry": { "type": "Point", "coordinates": [ -84.383132934999935, 33.855209351000042 ] } },
{ "type": "Feature", "properties": { "OBJECTID": 1737, "id": "ATLANTA_1997_2024230591656", "x": -84.406707763671875, "y": 33.765289306640625, "robbery": 1 }, "geometry": { "type": "Point", "coordinates": [ -84.406707763999975, 33.765289307000046 ] } },
{ "type": "Feature", "properties": { "OBJECTID": 1738, "id": "ATLANTA_1997_2024230600044", "x": -84.381149291992188, "y": 33.836841583251953, "robbery": 1 }, "geometry": { "type": "Point", "coordinates": [ -84.381149291999975, 33.83684158300008 ] } },
{ "type": "Feature", "properties": { "OBJECTID": 1739, "id": "ATLANTA_1997_2024230602265", "x": -84.383613586425781, "y": 33.785560607910156, "robbery": 1 }, "geometry": { "type": "Point", "coordinates": [ -84.383613585999967, 33.785560608000026 ] } },
{ "type": "Feature", "properties": { "OBJECTID": 1740, "id": "ATLANTA_1997_2024230610128", "x": -84.41351318359375, "y": 33.740871429443359, "robbery": 1 }, "geometry": { "type": "Point", "coordinates": [ -84.413513183999953, 33.740871429000038 ] } },
{ "type": "Feature", "properties": { "OBJECTID": 1741, "id": "ATLANTA_1997_2024230610959", "x": -84.467086791992188, "y": 33.727649688720703, "robbery": 1 }, "geometry": { "type": "Point", "coordinates": [ -84.467086791999975, 33.727649689000032 ] } },
{ "type": "Feature", "properties": { "OBJECTID": 1742, "id": "ATLANTA_1997_2024230612111", "x": -84.490821838378906, "y": 33.692470550537109, "robbery": 1 }, "geometry": { "type": "Point", "coordinates": [ -84.490821837999988, 33.692470551000042 ] } },
{ "type": "Feature", "properties": { "OBJECTID": 1743, "id": "ATLANTA_1997_2024230621926", "x": -84.458366394042969, "y": 33.714950561523438, "robbery": 1 }, "geometry": { "type": "Point", "coordinates": [ -84.458366393999938, 33.71495056200007 ] } },
{ "type": "Feature", "properties": { "OBJECTID": 1744, "id": "ATLANTA_1997_2024230622001", "x": -84.372291564941406, "y": 33.7529296875, "robbery": 1 }, "geometry": { "type": "Point", "coordinates": [ -84.372291564999955, 33.752929687000062 ] } },
{ "type": "Feature", "properties": { "OBJECTID": 1745, "id": "ATLANTA_1997_2024230641672", "x": -84.349220275878906, "y": 33.752410888671875, "robbery": 1 }, "geometry": { "type": "Point", "coordinates": [ -84.349220275999983, 33.752410889000032 ] } },
{ "type": "Feature", "properties": { "OBJECTID": 1746, "id": "ATLANTA_1997_2024230650048", "x": -84.378219604492188, "y": 33.749549865722656, "robbery": 1 }, "geometry": { "type": "Point", "coordinates": [ -84.37821960399998, 33.749549866000052 ] } },
{ "type": "Feature", "properties": { "OBJECTID": 1747, "id": "ATLANTA_1997_2024230650806", "x": -84.471076965332031, "y": 33.701301574707031, "robbery": 1 }, "geometry": { "type": "Point", "coordinates": [ -84.471076964999952, 33.701301575000059 ] } },
{ "type": "Feature", "properties": { "OBJECTID": 1748, "id": "ATLANTA_1997_2024230651019", "x": -84.416847229003906, "y": 33.772701263427734, "robbery": 1 }, "geometry": { "type": "Point", "coordinates": [ -84.416847228999984, 33.772701263000044 ] } },
{ "type": "Feature", "properties": { "OBJECTID": 1749, "id": "ATLANTA_1997_2024230660020", "x": -84.388359069824219, "y": 33.730339050292969, "robbery": 1 }, "geometry": { "type": "Point", "coordinates": [ -84.388359069999979, 33.730339050000055 ] } },
{ "type": "Feature", "properties": { "OBJECTID": 1750, "id": "ATLANTA_1997_2024230661151", "x": -84.436813354492188, "y": 33.736351013183594, "robbery": 1 }, "geometry": { "type": "Point", "coordinates": [ -84.43681335399998, 33.736351013000046 ] } },
{ "type": "Feature", "properties": { "OBJECTID": 1751, "id": "ATLANTA_1997_2024230671177", "x": -84.381149291992188, "y": 33.836841583251953, "robbery": 1 }, "geometry": { "type": "Point", "coordinates": [ -84.381149291999975, 33.83684158300008 ] } },
{ "type": "Feature", "properties": { "OBJECTID": 1752, "id": "ATLANTA_1997_2024230671230", "x": -84.436782836914062, "y": 33.717208862304688, "robbery": 1 }, "geometry": { "type": "Point", "coordinates": [ -84.436782836999953, 33.717208862000064 ] } },
{ "type": "Feature", "properties": { "OBJECTID": 1753, "id": "ATLANTA_1997_2024230671314", "x": -84.350303649902344, "y": 33.766590118408203, "robbery": 1 }, "geometry": { "type": "Point", "coordinates": [ -84.350303649999944, 33.766590118000067 ] } },
{ "type": "Feature", "properties": { "OBJECTID": 1754, "id": "ATLANTA_1997_2024230681676", "x": -84.414802551269531, "y": 33.734638214111328, "robbery": 1 }, "geometry": { "type": "Point", "coordinates": [ -84.41480255099998, 33.734638214000029 ] } },
{ "type": "Feature", "properties": { "OBJECTID": 1755, "id": "ATLANTA_1997_2024230690932", "x": -84.487327575683594, "y": 33.688339233398438, "robbery": 1 }, "geometry": { "type": "Point", "coordinates": [ -84.487327575999984, 33.688339233000079 ] } },
{ "type": "Feature", "properties": { "OBJECTID": 1756, "id": "ATLANTA_1997_2024230691832", "x": -84.374237060546875, "y": 33.767730712890625, "robbery": 1 }, "geometry": { "type": "Point", "coordinates": [ -84.374237060999974, 33.767730713000049 ] } },
{ "type": "Feature", "properties": { "OBJECTID": 1757, "id": "ATLANTA_1997_2024230700130", "x": -84.39678955078125, "y": 33.748939514160156, "robbery": 1 }, "geometry": { "type": "Point", "coordinates": [ -84.396789550999983, 33.748939514000028 ] } },
{ "type": "Feature", "properties": { "OBJECTID": 1758, "id": "ATLANTA_1997_2024230701173", "x": -84.502639770507812, "y": 33.744060516357422, "robbery": 1 }, "geometry": { "type": "Point", "coordinates": [ -84.502639770999963, 33.744060516000047 ] } },
{ "type": "Feature", "properties": { "OBJECTID": 1759, "id": "ATLANTA_1997_2024230701645", "x": -84.353736877441406, "y": 33.658439636230469, "robbery": 1 }, "geometry": { "type": "Point", "coordinates": [ -84.35373687699996, 33.658439636000026 ] } },
{ "type": "Feature", "properties": { "OBJECTID": 1760, "id": "ATLANTA_1997_2024230710177", "x": -84.400123596191406, "y": 33.772308349609375, "robbery": 1 }, "geometry": { "type": "Point", "coordinates": [ -84.400123595999958, 33.77230835000006 ] } },
{ "type": "Feature", "properties": { "OBJECTID": 1761, "id": "ATLANTA_1997_2024230710814", "x": -84.426902770996094, "y": 33.728279113769531, "robbery": 1 }, "geometry": { "type": "Point", "coordinates": [ -84.426902770999959, 33.728279114000031 ] } },
{ "type": "Feature", "properties": { "OBJECTID": 1762, "id": "ATLANTA_1997_2024230720700", "x": -84.424308776855469, "y": 33.720169067382812, "robbery": 1 }, "geometry": { "type": "Point", "coordinates": [ -84.424308776999965, 33.720169067000029 ] } },
{ "type": "Feature", "properties": { "OBJECTID": 1763, "id": "ATLANTA_1997_2024230720705", "x": -84.408889770507812, "y": 33.687858581542969, "robbery": 1 }, "geometry": { "type": "Point", "coordinates": [ -84.408889770999963, 33.687858582000047 ] } },
{ "type": "Feature", "properties": { "OBJECTID": 1764, "id": "ATLANTA_1997_2024230720940", "x": -84.366950988769531, "y": 33.717819213867188, "robbery": 1 }, "geometry": { "type": "Point", "coordinates": [ -84.366950988999974, 33.717819214000031 ] } },
{ "type": "Feature", "properties": { "OBJECTID": 1765, "id": "ATLANTA_1997_2024230730524", "x": -84.417442321777344, "y": 33.75537109375, "robbery": 1 }, "geometry": { "type": "Point", "coordinates": [ -84.417442321999943, 33.755371094000054 ] } },
{ "type": "Feature", "properties": { "OBJECTID": 1766, "id": "ATLANTA_1997_2024230731091", "x": -84.382080078125, "y": 33.789329528808594, "robbery": 1 }, "geometry": { "type": "Point", "coordinates": [ -84.382080077999944, 33.789329529000042 ] } },
{ "type": "Feature", "properties": { "OBJECTID": 1767, "id": "ATLANTA_1997_2024230741557", "x": -84.379241943359375, "y": 33.750949859619141, "robbery": 1 }, "geometry": { "type": "Point", "coordinates": [ -84.379241942999954, 33.750949860000048 ] } },
{ "type": "Feature", "properties": { "OBJECTID": 1768, "id": "ATLANTA_1997_2024230771842", "x": -84.409927368164062, "y": 33.847599029541016, "robbery": 1 }, "geometry": { "type": "Point", "coordinates": [ -84.409927367999956, 33.847599030000026 ] } },
{ "type": "Feature", "properties": { "OBJECTID": 1769, "id": "ATLANTA_1997_2024230790133", "x": -84.426361083984375, "y": 33.721290588378906, "robbery": 1 }, "geometry": { "type": "Point", "coordinates": [ -84.42636108399995, 33.721290588000045 ] } },
{ "type": "Feature", "properties": { "OBJECTID": 1770, "id": "ATLANTA_1997_2024230791744", "x": -84.292701721191406, "y": 33.748031616210938, "robbery": 1 }, "geometry": { "type": "Point", "coordinates": [ -84.292701720999958, 33.748031616000048 ] } },
{ "type": "Feature", "properties": { "OBJECTID": 1771, "id": "ATLANTA_1997_2024230801074", "x": -84.496620178222656, "y": 33.747188568115234, "robbery": 1 }, "geometry": { "type": "Point", "coordinates": [ -84.496620177999944, 33.74718856800007 ] } },
{ "type": "Feature", "properties": { "OBJECTID": 1772, "id": "ATLANTA_1997_2024230801447", "x": -84.388816833496094, "y": 33.75537109375, "robbery": 1 }, "geometry": { "type": "Point", "coordinates": [ -84.388816832999964, 33.755371094000054 ] } },
{ "type": "Feature", "properties": { "OBJECTID": 1773, "id": "ATLANTA_1997_2024230802106", "x": -84.427131652832031, "y": 33.719631195068359, "robbery": 1 }, "geometry": { "type": "Point", "coordinates": [ -84.427131652999947, 33.719631195000034 ] } },
{ "type": "Feature", "properties": { "OBJECTID": 1774, "id": "ATLANTA_1997_2024230802396", "x": -84.500709533691406, "y": 33.668399810791016, "robbery": 1 }, "geometry": { "type": "Point", "coordinates": [ -84.500709533999952, 33.668399811000029 ] } },
{ "type": "Feature", "properties": { "OBJECTID": 1775, "id": "ATLANTA_1997_2024230820848", "x": -84.472618103027344, "y": 33.790889739990234, "robbery": 1 }, "geometry": { "type": "Point", "coordinates": [ -84.472618102999945, 33.790889740000068 ] } },
{ "type": "Feature", "properties": { "OBJECTID": 1776, "id": "ATLANTA_1997_2024230821171", "x": -84.4521484375, "y": 33.777400970458984, "robbery": 1 }, "geometry": { "type": "Point", "coordinates": [ -84.452148437999938, 33.777400970000031 ] } },
{ "type": "Feature", "properties": { "OBJECTID": 1777, "id": "ATLANTA_1997_2024230830774", "x": -84.3896484375, "y": 33.754348754882812, "robbery": 1 }, "geometry": { "type": "Point", "coordinates": [ -84.389648437999938, 33.754348755000024 ] } },
{ "type": "Feature", "properties": { "OBJECTID": 1778, "id": "ATLANTA_1997_2024230831190", "x": -84.493247985839844, "y": 33.749900817871094, "robbery": 1 }, "geometry": { "type": "Point", "coordinates": [ -84.493247985999972, 33.749900818000071 ] } },
{ "type": "Feature", "properties": { "OBJECTID": 1779, "id": "ATLANTA_1997_2024230832076", "x": -84.387893676757812, "y": 33.762569427490234, "robbery": 1 }, "geometry": { "type": "Point", "coordinates": [ -84.387893676999965, 33.762569427000074 ] } },
{ "type": "Feature", "properties": { "OBJECTID": 1780, "id": "ATLANTA_1997_2024230841793", "x": -84.447639465332031, "y": 33.708900451660156, "robbery": 1 }, "geometry": { "type": "Point", "coordinates": [ -84.447639464999952, 33.70890045200008 ] } },
{ "type": "Feature", "properties": { "OBJECTID": 1781, "id": "ATLANTA_1997_2024230850168", "x": -84.357757568359375, "y": 33.829208374023438, "robbery": 1 }, "geometry": { "type": "Point", "coordinates": [ -84.357757567999954, 33.829208374000075 ] } },
{ "type": "Feature", "properties": { "OBJECTID": 1782, "id": "ATLANTA_1997_2024230870083", "x": -84.367866516113281, "y": 33.771400451660156, "robbery": 1 }, "geometry": { "type": "Point", "coordinates": [ -84.367866515999935, 33.77140045200008 ] } },
{ "type": "Feature", "properties": { "OBJECTID": 1783, "id": "ATLANTA_1997_2024230880645", "x": -84.396476745605469, "y": 33.710090637207031, "robbery": 1 }, "geometry": { "type": "Point", "coordinates": [ -84.396476745999962, 33.710090637000064 ] } },
{ "type": "Feature", "properties": { "OBJECTID": 1784, "id": "ATLANTA_1997_2024230881537", "x": -84.413986206054688, "y": 33.736789703369141, "robbery": 1 }, "geometry": { "type": "Point", "coordinates": [ -84.413986205999947, 33.736789703000056 ] } },
{ "type": "Feature", "properties": { "OBJECTID": 1785, "id": "ATLANTA_1997_2024230891069", "x": -84.446479797363281, "y": 33.712898254394531, "robbery": 1 }, "geometry": { "type": "Point", "coordinates": [ -84.446479796999938, 33.712898254000038 ] } },
{ "type": "Feature", "properties": { "OBJECTID": 1786, "id": "ATLANTA_1997_2024230891075", "x": -84.44500732421875, "y": 33.707141876220703, "robbery": 1 }, "geometry": { "type": "Point", "coordinates": [ -84.44500732399996, 33.707141876000037 ] } },
{ "type": "Feature", "properties": { "OBJECTID": 1787, "id": "ATLANTA_1997_2024230891813", "x": -84.378921508789062, "y": 33.6875, "robbery": 1 }, "geometry": { "type": "Point", "coordinates": [ -84.378921508999952, 33.6875 ] } },
{ "type": "Feature", "properties": { "OBJECTID": 1788, "id": "ATLANTA_1997_2024230900929", "x": -84.391326904296875, "y": 33.753700256347656, "robbery": 1 }, "geometry": { "type": "Point", "coordinates": [ -84.391326903999982, 33.753700256000059 ] } },
{ "type": "Feature", "properties": { "OBJECTID": 1789, "id": "ATLANTA_1997_2024230910612", "x": -84.369056701660156, "y": 33.835151672363281, "robbery": 1 }, "geometry": { "type": "Point", "coordinates": [ -84.369056701999966, 33.835151672000052 ] } },
{ "type": "Feature", "properties": { "OBJECTID": 1790, "id": "ATLANTA_1997_2024230911690", "x": -84.383079528808594, "y": 33.767791748046875, "robbery": 1 }, "geometry": { "type": "Point", "coordinates": [ -84.383079528999986, 33.767791748000036 ] } },
{ "type": "Feature", "properties": { "OBJECTID": 1791, "id": "ATLANTA_1997_2024230920605", "x": -84.367172241210938, "y": 33.823528289794922, "robbery": 1 }, "geometry": { "type": "Point", "coordinates": [ -84.367172240999935, 33.82352829000007 ] } },
{ "type": "Feature", "properties": { "OBJECTID": 1792, "id": "ATLANTA_1997_2024230921130", "x": -84.384246826171875, "y": 33.833690643310547, "robbery": 1 }, "geometry": { "type": "Point", "coordinates": [ -84.384246825999981, 33.833690643000068 ] } },
{ "type": "Feature", "properties": { "OBJECTID": 1793, "id": "ATLANTA_1997_2024230930114", "x": -84.4638671875, "y": 33.714828491210938, "robbery": 1 }, "geometry": { "type": "Point", "coordinates": [ -84.463867187999938, 33.714828491000048 ] } },
{ "type": "Feature", "properties": { "OBJECTID": 1794, "id": "ATLANTA_1997_2024230930684", "x": -84.435928344726562, "y": 33.732280731201172, "robbery": 1 }, "geometry": { "type": "Point", "coordinates": [ -84.435928344999979, 33.73228073100006 ] } },
{ "type": "Feature", "properties": { "OBJECTID": 1795, "id": "ATLANTA_1997_2024230940603", "x": -84.322059631347656, "y": 33.725959777832031, "robbery": 1 }, "geometry": { "type": "Point", "coordinates": [ -84.322059630999945, 33.72595977800006 ] } },
{ "type": "Feature", "properties": { "OBJECTID": 1796, "id": "ATLANTA_1997_2024230940682", "x": -84.431106567382812, "y": 33.764759063720703, "robbery": 1 }, "geometry": { "type": "Point", "coordinates": [ -84.431106566999972, 33.764759064000032 ] } },
{ "type": "Feature", "properties": { "OBJECTID": 1797, "id": "ATLANTA_1997_2024230970996", "x": -84.40380859375, "y": 33.723461151123047, "robbery": 1 }, "geometry": { "type": "Point", "coordinates": [ -84.403808593999941, 33.723461151000038 ] } },
{ "type": "Feature", "properties": { "OBJECTID": 1798, "id": "ATLANTA_1997_2024230990917", "x": -84.381278991699219, "y": 33.728321075439453, "robbery": 1 }, "geometry": { "type": "Point", "coordinates": [ -84.381278991999977, 33.728321075000053 ] } },
{ "type": "Feature", "properties": { "OBJECTID": 1799, "id": "ATLANTA_1997_2024230991312", "x": -84.505851745605469, "y": 33.758968353271484, "robbery": 1 }, "geometry": { "type": "Point", "coordinates": [ -84.505851745999962, 33.758968353000057 ] } },
{ "type": "Feature", "properties": { "OBJECTID": 1800, "id": "ATLANTA_1997_2024230991441", "x": -84.367500305175781, "y": 33.790729522705078, "robbery": 1 }, "geometry": { "type": "Point", "coordinates": [ -84.367500304999965, 33.790729523000039 ] } },
{ "type": "Feature", "properties": { "OBJECTID": 1801, "id": "ATLANTA_1997_2024231010217", "x": -84.397300720214844, "y": 33.749580383300781, "robbery": 1 }, "geometry": { "type": "Point", "coordinates": [ -84.397300719999976, 33.74958038300008 ] } },
{ "type": "Feature", "properties": { "OBJECTID": 1802, "id": "ATLANTA_1997_2024231010394", "x": -84.409347534179688, "y": 33.761699676513672, "robbery": 1 }, "geometry": { "type": "Point", "coordinates": [ -84.409347533999949, 33.761699677000024 ] } },
{ "type": "Feature", "properties": { "OBJECTID": 1803, "id": "ATLANTA_1997_2024231010443", "x": -84.467781066894531, "y": 33.750019073486328, "robbery": 1 }, "geometry": { "type": "Point", "coordinates": [ -84.467781066999976, 33.750019073000033 ] } },
{ "type": "Feature", "properties": { "OBJECTID": 1804, "id": "ATLANTA_1997_2024231011450", "x": -84.468223571777344, "y": 33.752021789550781, "robbery": 1 }, "geometry": { "type": "Point", "coordinates": [ -84.468223571999943, 33.752021790000072 ] } },
{ "type": "Feature", "properties": { "OBJECTID": 1805, "id": "ATLANTA_1997_2024231020816", "x": -84.383926391601562, "y": 33.678680419921875, "robbery": 1 }, "geometry": { "type": "Point", "coordinates": [ -84.383926391999978, 33.678680420000035 ] } },
{ "type": "Feature", "properties": { "OBJECTID": 1806, "id": "ATLANTA_1997_2024231021657", "x": -84.349258422851562, "y": 33.740371704101562, "robbery": 1 }, "geometry": { "type": "Point", "coordinates": [ -84.349258422999981, 33.74037170400004 ] } },
{ "type": "Feature", "properties": { "OBJECTID": 1807, "id": "ATLANTA_1997_2024231021888", "x": -84.414100646972656, "y": 33.754661560058594, "robbery": 1 }, "geometry": { "type": "Point", "coordinates": [ -84.414100646999941, 33.754661560000045 ] } },
{ "type": "Feature", "properties": { "OBJECTID": 1808, "id": "ATLANTA_1997_2024231030027", "x": -84.352996826171875, "y": 33.710758209228516, "robbery": 1 }, "geometry": { "type": "Point", "coordinates": [ -84.352996825999981, 33.710758209000062 ] } },
{ "type": "Feature", "properties": { "OBJECTID": 1809, "id": "ATLANTA_1997_2024231031558", "x": -84.424240112304688, "y": 33.748119354248047, "robbery": 1 }, "geometry": { "type": "Point", "coordinates": [ -84.42424011199995, 33.748119354000039 ] } },
{ "type": "Feature", "properties": { "OBJECTID": 1810, "id": "ATLANTA_1997_2024231032045", "x": -84.408493041992188, "y": 33.697261810302734, "robbery": 1 }, "geometry": { "type": "Point", "coordinates": [ -84.408493041999975, 33.697261810000043 ] } },
{ "type": "Feature", "properties": { "OBJECTID": 1811, "id": "ATLANTA_1997_2024231041029", "x": -84.414573669433594, "y": 33.72821044921875, "robbery": 1 }, "geometry": { "type": "Point", "coordinates": [ -84.414573668999935, 33.728210449000073 ] } },
{ "type": "Feature", "properties": { "OBJECTID": 1812, "id": "ATLANTA_1997_2024231041666", "x": -84.396369934082031, "y": 33.748458862304688, "robbery": 1 }, "geometry": { "type": "Point", "coordinates": [ -84.396369933999949, 33.748458862000064 ] } },
{ "type": "Feature", "properties": { "OBJECTID": 1813, "id": "ATLANTA_1997_2024231050896", "x": -84.493919372558594, "y": 33.787849426269531, "robbery": 1 }, "geometry": { "type": "Point", "coordinates": [ -84.493919372999983, 33.787849426000037 ] } },
{ "type": "Feature", "properties": { "OBJECTID": 1814, "id": "ATLANTA_1997_2024231051569", "x": -84.509597778320312, "y": 33.738498687744141, "robbery": 1 }, "geometry": { "type": "Point", "coordinates": [ -84.509597777999943, 33.73849868800005 ] } },
{ "type": "Feature", "properties": { "OBJECTID": 1815, "id": "ATLANTA_1997_2024231060727", "x": -84.500709533691406, "y": 33.668399810791016, "robbery": 1 }, "geometry": { "type": "Point", "coordinates": [ -84.500709533999952, 33.668399811000029 ] } },
{ "type": "Feature", "properties": { "OBJECTID": 1816, "id": "ATLANTA_1997_2024231061533", "x": -84.450668334960938, "y": 33.700550079345703, "robbery": 1 }, "geometry": { "type": "Point", "coordinates": [ -84.450668334999989, 33.700550079000038 ] } },
{ "type": "Feature", "properties": { "OBJECTID": 1817, "id": "ATLANTA_1997_2024231070957", "x": -84.395500183105469, "y": 33.769058227539062, "robbery": 1 }, "geometry": { "type": "Point", "coordinates": [ -84.395500182999967, 33.769058228000063 ] } },
{ "type": "Feature", "properties": { "OBJECTID": 1818, "id": "ATLANTA_1997_2024231100376", "x": -84.488327026367188, "y": 33.751178741455078, "robbery": 1 }, "geometry": { "type": "Point", "coordinates": [ -84.488327025999979, 33.751178741000047 ] } },
{ "type": "Feature", "properties": { "OBJECTID": 1819, "id": "ATLANTA_1997_2024231101017", "x": -84.369293212890625, "y": 33.766220092773438, "robbery": 1 }, "geometry": { "type": "Point", "coordinates": [ -84.369293212999935, 33.766220093000072 ] } },
{ "type": "Feature", "properties": { "OBJECTID": 1820, "id": "ATLANTA_1997_2024231101158", "x": -84.515670776367188, "y": 33.679859161376953, "robbery": 1 }, "geometry": { "type": "Point", "coordinates": [ -84.515670775999979, 33.679859161000024 ] } },
{ "type": "Feature", "properties": { "OBJECTID": 1821, "id": "ATLANTA_1997_2024231101901", "x": -84.372062683105469, "y": 33.850040435791016, "robbery": 1 }, "geometry": { "type": "Point", "coordinates": [ -84.372062682999967, 33.850040436000029 ] } },
{ "type": "Feature", "properties": { "OBJECTID": 1822, "id": "ATLANTA_1997_2024231111948", "x": -84.363380432128906, "y": 33.648368835449219, "robbery": 1 }, "geometry": { "type": "Point", "coordinates": [ -84.363380431999985, 33.648368835000042 ] } },
{ "type": "Feature", "properties": { "OBJECTID": 1823, "id": "ATLANTA_1997_2024231120103", "x": -84.396392822265625, "y": 33.765281677246094, "robbery": 1 }, "geometry": { "type": "Point", "coordinates": [ -84.396392821999939, 33.765281677000075 ] } },
{ "type": "Feature", "properties": { "OBJECTID": 1824, "id": "ATLANTA_1997_2024231130910", "x": -84.383186340332031, "y": 33.737659454345703, "robbery": 1 }, "geometry": { "type": "Point", "coordinates": [ -84.383186339999952, 33.737659454000038 ] } },
{ "type": "Feature", "properties": { "OBJECTID": 1825, "id": "ATLANTA_1997_2024231131360", "x": -84.409072875976562, "y": 33.772449493408203, "robbery": 1 }, "geometry": { "type": "Point", "coordinates": [ -84.409072875999982, 33.772449493000067 ] } },
{ "type": "Feature", "properties": { "OBJECTID": 1826, "id": "ATLANTA_1997_2024231141151", "x": -84.435127258300781, "y": 33.73760986328125, "robbery": 1 }, "geometry": { "type": "Point", "coordinates": [ -84.435127257999966, 33.737609863000046 ] } },
{ "type": "Feature", "properties": { "OBJECTID": 1827, "id": "ATLANTA_1997_2024231150335", "x": -84.393287658691406, "y": 33.722469329833984, "robbery": 1 }, "geometry": { "type": "Point", "coordinates": [ -84.393287658999952, 33.722469330000024 ] } },
{ "type": "Feature", "properties": { "OBJECTID": 1828, "id": "ATLANTA_1997_2024231151957", "x": -84.378952026367188, "y": 33.783988952636719, "robbery": 1 }, "geometry": { "type": "Point", "coordinates": [ -84.378952025999979, 33.783988953000062 ] } },
{ "type": "Feature", "properties": { "OBJECTID": 1829, "id": "ATLANTA_1997_2024231171426", "x": -84.40557861328125, "y": 33.725528717041016, "robbery": 1 }, "geometry": { "type": "Point", "coordinates": [ -84.405578612999989, 33.725528717000032 ] } },
{ "type": "Feature", "properties": { "OBJECTID": 1830, "id": "ATLANTA_1997_2024231171781", "x": -84.367500305175781, "y": 33.790729522705078, "robbery": 1 }, "geometry": { "type": "Point", "coordinates": [ -84.367500304999965, 33.790729523000039 ] } },
{ "type": "Feature", "properties": { "OBJECTID": 1831, "id": "ATLANTA_1997_2024231180375", "x": -84.475692749023438, "y": 33.702091217041016, "robbery": 1 }, "geometry": { "type": "Point", "coordinates": [ -84.475692748999961, 33.702091217000032 ] } },
{ "type": "Feature", "properties": { "OBJECTID": 1832, "id": "ATLANTA_1997_2024231181435", "x": -84.350349426269531, "y": 33.764438629150391, "robbery": 1 }, "geometry": { "type": "Point", "coordinates": [ -84.35034942599998, 33.76443862900004 ] } },
{ "type": "Feature", "properties": { "OBJECTID": 1833, "id": "ATLANTA_1997_2024231190880", "x": -84.467857360839844, "y": 33.752300262451172, "robbery": 1 }, "geometry": { "type": "Point", "coordinates": [ -84.467857360999972, 33.752300262000063 ] } },
{ "type": "Feature", "properties": { "OBJECTID": 1834, "id": "ATLANTA_1997_2024231191344", "x": -84.460670471191406, "y": 33.705650329589844, "robbery": 1 }, "geometry": { "type": "Point", "coordinates": [ -84.460670470999958, 33.705650330000026 ] } },
{ "type": "Feature", "properties": { "OBJECTID": 1835, "id": "ATLANTA_1997_2024231191345", "x": -84.47064208984375, "y": 33.788539886474609, "robbery": 1 }, "geometry": { "type": "Point", "coordinates": [ -84.470642089999956, 33.788539886000024 ] } },
{ "type": "Feature", "properties": { "OBJECTID": 1836, "id": "ATLANTA_1997_2024231191462", "x": -84.436477661132812, "y": 33.764980316162109, "robbery": 1 }, "geometry": { "type": "Point", "coordinates": [ -84.436477660999969, 33.764980316000049 ] } },
{ "type": "Feature", "properties": { "OBJECTID": 1837, "id": "ATLANTA_1997_2024231201741", "x": -84.475242614746094, "y": 33.777359008789062, "robbery": 1 }, "geometry": { "type": "Point", "coordinates": [ -84.475242614999956, 33.777359009000065 ] } },
{ "type": "Feature", "properties": { "OBJECTID": 1838, "id": "ATLANTA_1997_2024231210354", "x": -84.417823791503906, "y": 33.745700836181641, "robbery": 1 }, "geometry": { "type": "Point", "coordinates": [ -84.417823791999979, 33.745700836000026 ] } },
{ "type": "Feature", "properties": { "OBJECTID": 1839, "id": "ATLANTA_1997_2024231221634", "x": -84.415611267089844, "y": 33.738178253173828, "robbery": 1 }, "geometry": { "type": "Point", "coordinates": [ -84.415611266999974, 33.738178253000058 ] } },
{ "type": "Feature", "properties": { "OBJECTID": 1840, "id": "ATLANTA_1997_2024231221813", "x": -84.39581298828125, "y": 33.741569519042969, "robbery": 1 }, "geometry": { "type": "Point", "coordinates": [ -84.395812987999989, 33.741569519000052 ] } },
{ "type": "Feature", "properties": { "OBJECTID": 1841, "id": "ATLANTA_1997_2024231231726", "x": -84.34918212890625, "y": 33.818691253662109, "robbery": 1 }, "geometry": { "type": "Point", "coordinates": [ -84.349182128999985, 33.818691254000044 ] } },
{ "type": "Feature", "properties": { "OBJECTID": 1842, "id": "ATLANTA_1997_2024231231742", "x": -84.383079528808594, "y": 33.767791748046875, "robbery": 1 }, "geometry": { "type": "Point", "coordinates": [ -84.383079528999986, 33.767791748000036 ] } },
{ "type": "Feature", "properties": { "OBJECTID": 1843, "id": "ATLANTA_1997_2024231250117", "x": -84.394256591796875, "y": 33.752170562744141, "robbery": 1 }, "geometry": { "type": "Point", "coordinates": [ -84.394256591999977, 33.75217056300005 ] } },
{ "type": "Feature", "properties": { "OBJECTID": 1844, "id": "ATLANTA_1997_2024231250139", "x": -84.342056274414062, "y": 33.753391265869141, "robbery": 1 }, "geometry": { "type": "Point", "coordinates": [ -84.342056273999958, 33.753391266000051 ] } },
{ "type": "Feature", "properties": { "OBJECTID": 1845, "id": "ATLANTA_1997_2024231260466", "x": -84.408157348632812, "y": 33.723201751708984, "robbery": 1 }, "geometry": { "type": "Point", "coordinates": [ -84.408157348999964, 33.72320175200008 ] } },
{ "type": "Feature", "properties": { "OBJECTID": 1846, "id": "ATLANTA_1997_2024231260958", "x": -84.434501647949219, "y": 33.868770599365234, "robbery": 1 }, "geometry": { "type": "Point", "coordinates": [ -84.43450164799998, 33.868770599000072 ] } },
{ "type": "Feature", "properties": { "OBJECTID": 1847, "id": "ATLANTA_1997_2024231261614", "x": -84.39031982421875, "y": 33.811088562011719, "robbery": 1 }, "geometry": { "type": "Point", "coordinates": [ -84.39031982399996, 33.811088562000066 ] } },
{ "type": "Feature", "properties": { "OBJECTID": 1848, "id": "ATLANTA_1997_2024231271204", "x": -84.367973327636719, "y": 33.720481872558594, "robbery": 1 }, "geometry": { "type": "Point", "coordinates": [ -84.367973327999948, 33.72048187300004 ] } },
{ "type": "Feature", "properties": { "OBJECTID": 1849, "id": "ATLANTA_1997_2024231280121", "x": -84.388359069824219, "y": 33.730339050292969, "robbery": 1 }, "geometry": { "type": "Point", "coordinates": [ -84.388359069999979, 33.730339050000055 ] } },
{ "type": "Feature", "properties": { "OBJECTID": 1850, "id": "ATLANTA_1997_2024231280317", "x": -84.465347290039062, "y": 33.752479553222656, "robbery": 1 }, "geometry": { "type": "Point", "coordinates": [ -84.465347289999954, 33.752479553000057 ] } },
{ "type": "Feature", "properties": { "OBJECTID": 1851, "id": "ATLANTA_1997_2024231281162", "x": -84.407096862792969, "y": 33.785869598388672, "robbery": 1 }, "geometry": { "type": "Point", "coordinates": [ -84.407096862999936, 33.785869598000033 ] } },
{ "type": "Feature", "properties": { "OBJECTID": 1852, "id": "ATLANTA_1997_2024231281431", "x": -84.394569396972656, "y": 33.747589111328125, "robbery": 1 }, "geometry": { "type": "Point", "coordinates": [ -84.394569396999941, 33.747589111000025 ] } },
{ "type": "Feature", "properties": { "OBJECTID": 1853, "id": "ATLANTA_1997_2024231291032", "x": -84.360420227050781, "y": 33.742050170898438, "robbery": 1 }, "geometry": { "type": "Point", "coordinates": [ -84.360420226999963, 33.742050171000074 ] } },
{ "type": "Feature", "properties": { "OBJECTID": 1854, "id": "ATLANTA_1997_2024231291400", "x": -84.357902526855469, "y": 33.683189392089844, "robbery": 1 }, "geometry": { "type": "Point", "coordinates": [ -84.357902526999965, 33.683189392000031 ] } },
{ "type": "Feature", "properties": { "OBJECTID": 1855, "id": "ATLANTA_1997_2024231291725", "x": -84.392593383789062, "y": 33.653858184814453, "robbery": 1 }, "geometry": { "type": "Point", "coordinates": [ -84.392593383999952, 33.653858185000047 ] } },
{ "type": "Feature", "properties": { "OBJECTID": 1856, "id": "ATLANTA_1997_2024231310899", "x": -84.483306884765625, "y": 33.698139190673828, "robbery": 1 }, "geometry": { "type": "Point", "coordinates": [ -84.483306885, 33.698139191000053 ] } },
{ "type": "Feature", "properties": { "OBJECTID": 1857, "id": "ATLANTA_1997_2024231311174", "x": -84.390579223632812, "y": 33.753570556640625, "robbery": 1 }, "geometry": { "type": "Point", "coordinates": [ -84.390579223999964, 33.753570557000046 ] } },
{ "type": "Feature", "properties": { "OBJECTID": 1858, "id": "ATLANTA_1997_2024231312225", "x": -84.391197204589844, "y": 33.75286865234375, "robbery": 1 }, "geometry": { "type": "Point", "coordinates": [ -84.391197204999969, 33.752868652000075 ] } },
{ "type": "Feature", "properties": { "OBJECTID": 1859, "id": "ATLANTA_1997_2024231321511", "x": -84.415061950683594, "y": 33.737781524658203, "robbery": 1 }, "geometry": { "type": "Point", "coordinates": [ -84.415061950999984, 33.737781525000059 ] } },
{ "type": "Feature", "properties": { "OBJECTID": 1860, "id": "ATLANTA_1997_2024231330519", "x": -84.395339965820312, "y": 33.74652099609375, "robbery": 1 }, "geometry": { "type": "Point", "coordinates": [ -84.395339965999938, 33.746520996000072 ] } },
{ "type": "Feature", "properties": { "OBJECTID": 1861, "id": "ATLANTA_1997_2024231331625", "x": -84.486122131347656, "y": 33.751140594482422, "robbery": 1 }, "geometry": { "type": "Point", "coordinates": [ -84.486122130999945, 33.751140594000049 ] } },
{ "type": "Feature", "properties": { "OBJECTID": 1862, "id": "ATLANTA_1997_2024231340143", "x": -84.378959655761719, "y": 33.837181091308594, "robbery": 1 }, "geometry": { "type": "Point", "coordinates": [ -84.37895965599995, 33.837181091000048 ] } },
{ "type": "Feature", "properties": { "OBJECTID": 1863, "id": "ATLANTA_1997_2024231340741", "x": -84.388359069824219, "y": 33.730339050292969, "robbery": 1 }, "geometry": { "type": "Point", "coordinates": [ -84.388359069999979, 33.730339050000055 ] } },
{ "type": "Feature", "properties": { "OBJECTID": 1864, "id": "ATLANTA_1997_2024231350020", "x": -84.382247924804688, "y": 33.755550384521484, "robbery": 1 }, "geometry": { "type": "Point", "coordinates": [ -84.382247924999945, 33.755550385000049 ] } },
{ "type": "Feature", "properties": { "OBJECTID": 1865, "id": "ATLANTA_1997_2024231350110", "x": -84.386039733886719, "y": 33.760959625244141, "robbery": 1 }, "geometry": { "type": "Point", "coordinates": [ -84.386039733999951, 33.760959625000055 ] } },
{ "type": "Feature", "properties": { "OBJECTID": 1866, "id": "ATLANTA_1997_2024231350650", "x": -84.338699340820312, "y": 33.760181427001953, "robbery": 1 }, "geometry": { "type": "Point", "coordinates": [ -84.338699340999938, 33.760181427000077 ] } },
{ "type": "Feature", "properties": { "OBJECTID": 1867, "id": "ATLANTA_1997_2024231351054", "x": -84.417953491210938, "y": 33.754470825195312, "robbery": 1 }, "geometry": { "type": "Point", "coordinates": [ -84.417953490999935, 33.754470825000055 ] } },
{ "type": "Feature", "properties": { "OBJECTID": 1868, "id": "ATLANTA_1997_2024231351109", "x": -84.428321838378906, "y": 33.749790191650391, "robbery": 1 }, "geometry": { "type": "Point", "coordinates": [ -84.428321837999988, 33.749790192000034 ] } },
{ "type": "Feature", "properties": { "OBJECTID": 1869, "id": "ATLANTA_1997_2024231351693", "x": -84.363372802734375, "y": 33.850399017333984, "robbery": 1 }, "geometry": { "type": "Point", "coordinates": [ -84.363372802999947, 33.850399017000029 ] } },
{ "type": "Feature", "properties": { "OBJECTID": 1870, "id": "ATLANTA_1997_2024231360264", "x": -84.470352172851562, "y": 33.765029907226562, "robbery": 1 }, "geometry": { "type": "Point", "coordinates": [ -84.470352172999981, 33.765029907000041 ] } },
{ "type": "Feature", "properties": { "OBJECTID": 1871, "id": "ATLANTA_1997_2024231360727", "x": -84.429176330566406, "y": 33.719181060791016, "robbery": 1 }, "geometry": { "type": "Point", "coordinates": [ -84.429176330999951, 33.719181061000029 ] } },
{ "type": "Feature", "properties": { "OBJECTID": 1872, "id": "ATLANTA_1997_2024231361775", "x": -84.388397216796875, "y": 33.681358337402344, "robbery": 1 }, "geometry": { "type": "Point", "coordinates": [ -84.388397216999977, 33.681358337000063 ] } },
{ "type": "Feature", "properties": { "OBJECTID": 1873, "id": "ATLANTA_1997_2024231361922", "x": -84.411849975585938, "y": 33.803249359130859, "robbery": 1 }, "geometry": { "type": "Point", "coordinates": [ -84.411849975999985, 33.803249359000063 ] } },
{ "type": "Feature", "properties": { "OBJECTID": 1874, "id": "ATLANTA_1997_2024231370477", "x": -84.407447814941406, "y": 33.791770935058594, "robbery": 1 }, "geometry": { "type": "Point", "coordinates": [ -84.407447814999955, 33.791770935000045 ] } },
{ "type": "Feature", "properties": { "OBJECTID": 1875, "id": "ATLANTA_1997_2024231371006", "x": -84.434356689453125, "y": 33.763278961181641, "robbery": 1 }, "geometry": { "type": "Point", "coordinates": [ -84.434356688999969, 33.763278961000026 ] } },
{ "type": "Feature", "properties": { "OBJECTID": 1876, "id": "ATLANTA_1997_2024231371811", "x": -84.455291748046875, "y": 33.707229614257812, "robbery": 1 }, "geometry": { "type": "Point", "coordinates": [ -84.455291747999979, 33.707229614000028 ] } },
{ "type": "Feature", "properties": { "OBJECTID": 1877, "id": "ATLANTA_1997_2024231380102", "x": -84.426277160644531, "y": 33.842781066894531, "robbery": 1 }, "geometry": { "type": "Point", "coordinates": [ -84.426277160999973, 33.842781067000033 ] } },
{ "type": "Feature", "properties": { "OBJECTID": 1878, "id": "ATLANTA_1997_2024231380385", "x": -84.379623413085938, "y": 33.709640502929688, "robbery": 1 }, "geometry": { "type": "Point", "coordinates": [ -84.379623413, 33.70964050300006 ] } },
{ "type": "Feature", "properties": { "OBJECTID": 1879, "id": "ATLANTA_1997_2024231380739", "x": -84.444366455078125, "y": 33.710399627685547, "robbery": 1 }, "geometry": { "type": "Point", "coordinates": [ -84.444366454999965, 33.710399628000062 ] } },
{ "type": "Feature", "properties": { "OBJECTID": 1880, "id": "ATLANTA_1997_2024231390254", "x": -84.390106201171875, "y": 33.752460479736328, "robbery": 1 }, "geometry": { "type": "Point", "coordinates": [ -84.390106200999981, 33.752460480000025 ] } },
{ "type": "Feature", "properties": { "OBJECTID": 1881, "id": "ATLANTA_1997_2024231390691", "x": -84.456413269042969, "y": 33.706760406494141, "robbery": 1 }, "geometry": { "type": "Point", "coordinates": [ -84.456413268999938, 33.706760406000058 ] } },
{ "type": "Feature", "properties": { "OBJECTID": 1882, "id": "ATLANTA_1997_2024231401592", "x": -84.414253234863281, "y": 33.772830963134766, "robbery": 1 }, "geometry": { "type": "Point", "coordinates": [ -84.414253235, 33.772830963000047 ] } },
{ "type": "Feature", "properties": { "OBJECTID": 1883, "id": "ATLANTA_1997_2024231410462", "x": -84.368492126464844, "y": 33.810379028320312, "robbery": 1 }, "geometry": { "type": "Point", "coordinates": [ -84.368492125999978, 33.810379028000057 ] } },
{ "type": "Feature", "properties": { "OBJECTID": 1884, "id": "ATLANTA_1997_2024231411117", "x": -84.398727416992188, "y": 33.786190032958984, "robbery": 1 }, "geometry": { "type": "Point", "coordinates": [ -84.398727416999975, 33.786190033000025 ] } },
{ "type": "Feature", "properties": { "OBJECTID": 1885, "id": "ATLANTA_1997_2024231411812", "x": -84.453140258789062, "y": 33.703891754150391, "robbery": 1 }, "geometry": { "type": "Point", "coordinates": [ -84.453140258999952, 33.70389175400004 ] } },
{ "type": "Feature", "properties": { "OBJECTID": 1886, "id": "ATLANTA_1997_2024231420413", "x": -84.417823791503906, "y": 33.745700836181641, "robbery": 1 }, "geometry": { "type": "Point", "coordinates": [ -84.417823791999979, 33.745700836000026 ] } },
{ "type": "Feature", "properties": { "OBJECTID": 1887, "id": "ATLANTA_1997_2024231420458", "x": -84.408668518066406, "y": 33.695831298828125, "robbery": 1 }, "geometry": { "type": "Point", "coordinates": [ -84.408668517999956, 33.695831299000076 ] } },
{ "type": "Feature", "properties": { "OBJECTID": 1888, "id": "ATLANTA_1997_2024231420653", "x": -84.323097229003906, "y": 33.765869140625, "robbery": 1 }, "geometry": { "type": "Point", "coordinates": [ -84.323097228999984, 33.765869141000053 ] } },
{ "type": "Feature", "properties": { "OBJECTID": 1889, "id": "ATLANTA_1997_2024231421386", "x": -84.476150512695312, "y": 33.702350616455078, "robbery": 1 }, "geometry": { "type": "Point", "coordinates": [ -84.476150512999936, 33.702350616000047 ] } },
{ "type": "Feature", "properties": { "OBJECTID": 1890, "id": "ATLANTA_1997_2024231441036", "x": -84.46661376953125, "y": 33.703910827636719, "robbery": 1 }, "geometry": { "type": "Point", "coordinates": [ -84.466613769999981, 33.703910828000062 ] } },
{ "type": "Feature", "properties": { "OBJECTID": 1891, "id": "ATLANTA_1997_2024231441195", "x": -84.397369384765625, "y": 33.750141143798828, "robbery": 1 }, "geometry": { "type": "Point", "coordinates": [ -84.397369385, 33.750141144000054 ] } },
{ "type": "Feature", "properties": { "OBJECTID": 1892, "id": "ATLANTA_1997_2024231450059", "x": -84.53436279296875, "y": 33.695270538330078, "robbery": 1 }, "geometry": { "type": "Point", "coordinates": [ -84.534362792999957, 33.695270538000045 ] } },
{ "type": "Feature", "properties": { "OBJECTID": 1893, "id": "ATLANTA_1997_2024231460771", "x": -84.423088073730469, "y": 33.737621307373047, "robbery": 1 }, "geometry": { "type": "Point", "coordinates": [ -84.423088073999963, 33.73762130700004 ] } },
{ "type": "Feature", "properties": { "OBJECTID": 1894, "id": "ATLANTA_1997_2024231461076", "x": -84.496269226074219, "y": 33.757911682128906, "robbery": 1 }, "geometry": { "type": "Point", "coordinates": [ -84.496269225999981, 33.757911682000042 ] } },
{ "type": "Feature", "properties": { "OBJECTID": 1895, "id": "ATLANTA_1997_2024231461562", "x": -84.383583068847656, "y": 33.773040771484375, "robbery": 1 }, "geometry": { "type": "Point", "coordinates": [ -84.38358306899994, 33.773040771000069 ] } },
{ "type": "Feature", "properties": { "OBJECTID": 1896, "id": "ATLANTA_1997_2024231481476", "x": -84.464309692382812, "y": 33.703189849853516, "robbery": 1 }, "geometry": { "type": "Point", "coordinates": [ -84.464309691999972, 33.703189850000058 ] } },
{ "type": "Feature", "properties": { "OBJECTID": 1897, "id": "ATLANTA_1997_2024231490251", "x": -84.366348266601562, "y": 33.649349212646484, "robbery": 1 }, "geometry": { "type": "Point", "coordinates": [ -84.366348266999978, 33.64934921300005 ] } },
{ "type": "Feature", "properties": { "OBJECTID": 1898, "id": "ATLANTA_1997_2024231491335", "x": -84.47515869140625, "y": 33.727809906005859, "robbery": 1 }, "geometry": { "type": "Point", "coordinates": [ -84.475158691, 33.727809906000061 ] } },
{ "type": "Feature", "properties": { "OBJECTID": 1899, "id": "ATLANTA_1997_2024231491786", "x": -84.35888671875, "y": 33.708759307861328, "robbery": 1 }, "geometry": { "type": "Point", "coordinates": [ -84.358886718999941, 33.708759308000026 ] } },
{ "type": "Feature", "properties": { "OBJECTID": 1900, "id": "ATLANTA_1997_2024231501178", "x": -84.427642822265625, "y": 33.791069030761719, "robbery": 1 }, "geometry": { "type": "Point", "coordinates": [ -84.427642821999939, 33.791069031000063 ] } },
{ "type": "Feature", "properties": { "OBJECTID": 1901, "id": "ATLANTA_1997_2024231520766", "x": -84.430976867675781, "y": 33.735988616943359, "robbery": 1 }, "geometry": { "type": "Point", "coordinates": [ -84.430976867999959, 33.735988617000032 ] } },
{ "type": "Feature", "properties": { "OBJECTID": 1902, "id": "ATLANTA_1997_2024231531666", "x": -84.3756103515625, "y": 33.759319305419922, "robbery": 1 }, "geometry": { "type": "Point", "coordinates": [ -84.375610351999967, 33.759319305000076 ] } },
{ "type": "Feature", "properties": { "OBJECTID": 1903, "id": "ATLANTA_1997_2024231540398", "x": -84.465499877929688, "y": 33.751960754394531, "robbery": 1 }, "geometry": { "type": "Point", "coordinates": [ -84.465499877999946, 33.751960754000038 ] } },
{ "type": "Feature", "properties": { "OBJECTID": 1904, "id": "ATLANTA_1997_2024231541121", "x": -84.483367919921875, "y": 33.697620391845703, "robbery": 1 }, "geometry": { "type": "Point", "coordinates": [ -84.483367919999978, 33.697620392000033 ] } },
{ "type": "Feature", "properties": { "OBJECTID": 1905, "id": "ATLANTA_1997_2024231541491", "x": -84.475799560546875, "y": 33.753849029541016, "robbery": 1 }, "geometry": { "type": "Point", "coordinates": [ -84.475799560999974, 33.753849030000026 ] } },
{ "type": "Feature", "properties": { "OBJECTID": 1906, "id": "ATLANTA_1997_2024231541519", "x": -84.356353759765625, "y": 33.866859436035156, "robbery": 1 }, "geometry": { "type": "Point", "coordinates": [ -84.35635376, 33.866859436000027 ] } },
{ "type": "Feature", "properties": { "OBJECTID": 1907, "id": "ATLANTA_1997_2024231551616", "x": -84.390327453613281, "y": 33.714630126953125, "robbery": 1 }, "geometry": { "type": "Point", "coordinates": [ -84.390327453999987, 33.714630127000078 ] } },
{ "type": "Feature", "properties": { "OBJECTID": 1908, "id": "ATLANTA_1997_2024231560825", "x": -84.41912841796875, "y": 33.72821044921875, "robbery": 1 }, "geometry": { "type": "Point", "coordinates": [ -84.419128417999957, 33.728210449000073 ] } },
{ "type": "Feature", "properties": { "OBJECTID": 1909, "id": "ATLANTA_1997_2024231570043", "x": -84.380912780761719, "y": 33.752780914306641, "robbery": 1 }, "geometry": { "type": "Point", "coordinates": [ -84.38091278099995, 33.752780914000027 ] } },
{ "type": "Feature", "properties": { "OBJECTID": 1910, "id": "ATLANTA_1997_2024231580015", "x": -84.408126831054688, "y": 33.776649475097656, "robbery": 1 }, "geometry": { "type": "Point", "coordinates": [ -84.408126830999947, 33.776649475000056 ] } },
{ "type": "Feature", "properties": { "OBJECTID": 1911, "id": "ATLANTA_1997_2024231580028", "x": -84.417350769042969, "y": 33.763660430908203, "robbery": 1 }, "geometry": { "type": "Point", "coordinates": [ -84.417350768999938, 33.763660431000062 ] } },
{ "type": "Feature", "properties": { "OBJECTID": 1912, "id": "ATLANTA_1997_2024231581198", "x": -84.350837707519531, "y": 33.714889526367188, "robbery": 1 }, "geometry": { "type": "Point", "coordinates": [ -84.350837707999972, 33.714889526000036 ] } },
{ "type": "Feature", "properties": { "OBJECTID": 1913, "id": "ATLANTA_1997_2024231591028", "x": -84.464309692382812, "y": 33.703189849853516, "robbery": 1 }, "geometry": { "type": "Point", "coordinates": [ -84.464309691999972, 33.703189850000058 ] } },
{ "type": "Feature", "properties": { "OBJECTID": 1914, "id": "ATLANTA_1997_2024231592047", "x": -84.449203491210938, "y": 33.789890289306641, "robbery": 1 }, "geometry": { "type": "Point", "coordinates": [ -84.449203490999935, 33.789890289000027 ] } },
{ "type": "Feature", "properties": { "OBJECTID": 1915, "id": "ATLANTA_1997_2024231610277", "x": -84.513412475585938, "y": 33.764080047607422, "robbery": 1 }, "geometry": { "type": "Point", "coordinates": [ -84.513412475999985, 33.764080048000039 ] } },
{ "type": "Feature", "properties": { "OBJECTID": 1916, "id": "ATLANTA_1997_2024231610318", "x": -84.417831420898438, "y": 33.772361755371094, "robbery": 1 }, "geometry": { "type": "Point", "coordinates": [ -84.41783142099996, 33.772361755000077 ] } },
{ "type": "Feature", "properties": { "OBJECTID": 1917, "id": "ATLANTA_1997_2024231610450", "x": -84.35888671875, "y": 33.708759307861328, "robbery": 1 }, "geometry": { "type": "Point", "coordinates": [ -84.358886718999941, 33.708759308000026 ] } },
{ "type": "Feature", "properties": { "OBJECTID": 1918, "id": "ATLANTA_1997_2024231610821", "x": -84.438583374023438, "y": 33.736351013183594, "robbery": 1 }, "geometry": { "type": "Point", "coordinates": [ -84.438583373999961, 33.736351013000046 ] } },
{ "type": "Feature", "properties": { "OBJECTID": 1919, "id": "ATLANTA_1997_2024231611840", "x": -84.438667297363281, "y": 33.809761047363281, "robbery": 1 }, "geometry": { "type": "Point", "coordinates": [ -84.438667296999938, 33.809761047000052 ] } },
{ "type": "Feature", "properties": { "OBJECTID": 1920, "id": "ATLANTA_1997_2024231621229", "x": -84.374977111816406, "y": 33.839431762695312, "robbery": 1 }, "geometry": { "type": "Point", "coordinates": [ -84.374977111999954, 33.83943176300005 ] } },
{ "type": "Feature", "properties": { "OBJECTID": 1921, "id": "ATLANTA_1997_2024231631687", "x": -84.346748352050781, "y": 33.764701843261719, "robbery": 1 }, "geometry": { "type": "Point", "coordinates": [ -84.346748351999963, 33.764701843000068 ] } },
{ "type": "Feature", "properties": { "OBJECTID": 1922, "id": "ATLANTA_1997_2024231631689", "x": -84.350532531738281, "y": 33.777919769287109, "robbery": 1 }, "geometry": { "type": "Point", "coordinates": [ -84.350532531999988, 33.77791976900005 ] } },
{ "type": "Feature", "properties": { "OBJECTID": 1923, "id": "ATLANTA_1997_2024231631706", "x": -84.352447509765625, "y": 33.777320861816406, "robbery": 1 }, "geometry": { "type": "Point", "coordinates": [ -84.35244751, 33.777320862000067 ] } },
{ "type": "Feature", "properties": { "OBJECTID": 1924, "id": "ATLANTA_1997_2024231641831", "x": -84.38580322265625, "y": 33.759941101074219, "robbery": 1 }, "geometry": { "type": "Point", "coordinates": [ -84.385803222999982, 33.759941101000038 ] } },
{ "type": "Feature", "properties": { "OBJECTID": 1925, "id": "ATLANTA_1997_2024231641956", "x": -84.453956604003906, "y": 33.704959869384766, "robbery": 1 }, "geometry": { "type": "Point", "coordinates": [ -84.453956603999984, 33.704959869000049 ] } },
{ "type": "Feature", "properties": { "OBJECTID": 1926, "id": "ATLANTA_1997_2024231650117", "x": -84.339447021484375, "y": 33.749740600585938, "robbery": 1 }, "geometry": { "type": "Point", "coordinates": [ -84.339447020999955, 33.749740601000042 ] } },
{ "type": "Feature", "properties": { "OBJECTID": 1927, "id": "ATLANTA_1997_2024231650397", "x": -84.356163024902344, "y": 33.744869232177734, "robbery": 1 }, "geometry": { "type": "Point", "coordinates": [ -84.356163024999944, 33.744869232000042 ] } },
{ "type": "Feature", "properties": { "OBJECTID": 1928, "id": "ATLANTA_1997_2024231651421", "x": -84.35870361328125, "y": 33.851570129394531, "robbery": 1 }, "geometry": { "type": "Point", "coordinates": [ -84.358703612999989, 33.851570129000038 ] } },
{ "type": "Feature", "properties": { "OBJECTID": 1929, "id": "ATLANTA_1997_2024231660185", "x": -84.386672973632812, "y": 33.760459899902344, "robbery": 1 }, "geometry": { "type": "Point", "coordinates": [ -84.386672973999964, 33.760459900000058 ] } },
{ "type": "Feature", "properties": { "OBJECTID": 1930, "id": "ATLANTA_1997_2024231661999", "x": -84.349761962890625, "y": 33.823638916015625, "robbery": 1 }, "geometry": { "type": "Point", "coordinates": [ -84.349761962999935, 33.82363891600005 ] } },
{ "type": "Feature", "properties": { "OBJECTID": 1931, "id": "ATLANTA_1997_2024231670448", "x": -84.454566955566406, "y": 33.761768341064453, "robbery": 1 }, "geometry": { "type": "Point", "coordinates": [ -84.454566955999951, 33.76176834100005 ] } },
{ "type": "Feature", "properties": { "OBJECTID": 1932, "id": "ATLANTA_1997_2024231671203", "x": -84.410942077636719, "y": 33.785221099853516, "robbery": 1 }, "geometry": { "type": "Point", "coordinates": [ -84.410942077999948, 33.785221100000058 ] } },
{ "type": "Feature", "properties": { "OBJECTID": 1933, "id": "ATLANTA_1997_2024231671206", "x": -84.415802001953125, "y": 33.740589141845703, "robbery": 1 }, "geometry": { "type": "Point", "coordinates": [ -84.415802001999964, 33.740589142000033 ] } },
{ "type": "Feature", "properties": { "OBJECTID": 1934, "id": "ATLANTA_1997_2024231680469", "x": -84.380081176757812, "y": 33.707340240478516, "robbery": 1 }, "geometry": { "type": "Point", "coordinates": [ -84.380081176999965, 33.707340240000065 ] } },
{ "type": "Feature", "properties": { "OBJECTID": 1935, "id": "ATLANTA_1997_2024231680489", "x": -84.386581420898438, "y": 33.763820648193359, "robbery": 1 }, "geometry": { "type": "Point", "coordinates": [ -84.38658142099996, 33.763820648000035 ] } },
{ "type": "Feature", "properties": { "OBJECTID": 1936, "id": "ATLANTA_1997_2024231681007", "x": -84.353012084960938, "y": 33.773281097412109, "robbery": 1 }, "geometry": { "type": "Point", "coordinates": [ -84.353012084999989, 33.773281097000051 ] } },
{ "type": "Feature", "properties": { "OBJECTID": 1937, "id": "ATLANTA_1997_2024231700050", "x": -84.392677307128906, "y": 33.785469055175781, "robbery": 1 }, "geometry": { "type": "Point", "coordinates": [ -84.392677306999985, 33.785469055000078 ] } },
{ "type": "Feature", "properties": { "OBJECTID": 1938, "id": "ATLANTA_1997_2024231701324", "x": -84.368247985839844, "y": 33.755161285400391, "robbery": 1 }, "geometry": { "type": "Point", "coordinates": [ -84.368247985999972, 33.755161285000042 ] } },
{ "type": "Feature", "properties": { "OBJECTID": 1939, "id": "ATLANTA_1997_2024231701647", "x": -84.411483764648438, "y": 33.781078338623047, "robbery": 1 }, "geometry": { "type": "Point", "coordinates": [ -84.411483764999957, 33.781078339000032 ] } },
{ "type": "Feature", "properties": { "OBJECTID": 1940, "id": "ATLANTA_1997_2024231710121", "x": -84.408363342285156, "y": 33.722801208496094, "robbery": 1 }, "geometry": { "type": "Point", "coordinates": [ -84.408363341999973, 33.722801208000078 ] } },
{ "type": "Feature", "properties": { "OBJECTID": 1941, "id": "ATLANTA_1997_2024231710253", "x": -84.444107055664062, "y": 33.711090087890625, "robbery": 1 }, "geometry": { "type": "Point", "coordinates": [ -84.44410705599995, 33.711090088000049 ] } },
{ "type": "Feature", "properties": { "OBJECTID": 1942, "id": "ATLANTA_1997_2024231721397", "x": -84.437286376953125, "y": 33.727809906005859, "robbery": 1 }, "geometry": { "type": "Point", "coordinates": [ -84.437286376999964, 33.727809906000061 ] } },
{ "type": "Feature", "properties": { "OBJECTID": 1943, "id": "ATLANTA_1997_2024231731830", "x": -84.417091369628906, "y": 33.768539428710938, "robbery": 1 }, "geometry": { "type": "Point", "coordinates": [ -84.41709136999998, 33.768539429000043 ] } },
{ "type": "Feature", "properties": { "OBJECTID": 1944, "id": "ATLANTA_1997_2024231740239", "x": -84.360023498535156, "y": 33.709648132324219, "robbery": 1 }, "geometry": { "type": "Point", "coordinates": [ -84.360023498999965, 33.709648132000041 ] } },
{ "type": "Feature", "properties": { "OBJECTID": 1945, "id": "ATLANTA_1997_2024231740399", "x": -84.405853271484375, "y": 33.731731414794922, "robbery": 1 }, "geometry": { "type": "Point", "coordinates": [ -84.405853270999955, 33.73173141500007 ] } },
{ "type": "Feature", "properties": { "OBJECTID": 1946, "id": "ATLANTA_1997_2024231741730", "x": -84.413078308105469, "y": 33.711921691894531, "robbery": 1 }, "geometry": { "type": "Point", "coordinates": [ -84.413078307999967, 33.711921692000033 ] } },
{ "type": "Feature", "properties": { "OBJECTID": 1947, "id": "ATLANTA_1997_2024231760538", "x": -84.442253112792969, "y": 33.773269653320312, "robbery": 1 }, "geometry": { "type": "Point", "coordinates": [ -84.442253112999936, 33.773269653000057 ] } },
{ "type": "Feature", "properties": { "OBJECTID": 1948, "id": "ATLANTA_1997_2024231760848", "x": -84.396583557128906, "y": 33.726409912109375, "robbery": 1 }, "geometry": { "type": "Point", "coordinates": [ -84.396583556999985, 33.726409912000065 ] } },
{ "type": "Feature", "properties": { "OBJECTID": 1949, "id": "ATLANTA_1997_2024231771262", "x": -84.365837097167969, "y": 33.775119781494141, "robbery": 1 }, "geometry": { "type": "Point", "coordinates": [ -84.36583709699994, 33.775119781000058 ] } },
{ "type": "Feature", "properties": { "OBJECTID": 1950, "id": "ATLANTA_1997_2024231781776", "x": -84.408271789550781, "y": 33.729530334472656, "robbery": 1 }, "geometry": { "type": "Point", "coordinates": [ -84.408271789999958, 33.72953033400006 ] } },
{ "type": "Feature", "properties": { "OBJECTID": 1951, "id": "ATLANTA_1997_2024231781884", "x": -84.45379638671875, "y": 33.704959869384766, "robbery": 1 }, "geometry": { "type": "Point", "coordinates": [ -84.453796386999954, 33.704959869000049 ] } },
{ "type": "Feature", "properties": { "OBJECTID": 1952, "id": "ATLANTA_1997_2024231782061", "x": -84.41766357421875, "y": 33.769130706787109, "robbery": 1 }, "geometry": { "type": "Point", "coordinates": [ -84.41766357399996, 33.769130707000045 ] } },
{ "type": "Feature", "properties": { "OBJECTID": 1953, "id": "ATLANTA_1997_2024231791390", "x": -84.415802001953125, "y": 33.740589141845703, "robbery": 1 }, "geometry": { "type": "Point", "coordinates": [ -84.415802001999964, 33.740589142000033 ] } },
{ "type": "Feature", "properties": { "OBJECTID": 1954, "id": "ATLANTA_1997_2024231800622", "x": -84.427238464355469, "y": 33.725231170654297, "robbery": 1 }, "geometry": { "type": "Point", "coordinates": [ -84.42723846399997, 33.725231171000075 ] } },
{ "type": "Feature", "properties": { "OBJECTID": 1955, "id": "ATLANTA_1997_2024231801944", "x": -84.411849975585938, "y": 33.803249359130859, "robbery": 1 }, "geometry": { "type": "Point", "coordinates": [ -84.411849975999985, 33.803249359000063 ] } },
{ "type": "Feature", "properties": { "OBJECTID": 1956, "id": "ATLANTA_1997_2024231820119", "x": -84.395317077636719, "y": 33.765331268310547, "robbery": 1 }, "geometry": { "type": "Point", "coordinates": [ -84.395317077999948, 33.765331268000068 ] } },
{ "type": "Feature", "properties": { "OBJECTID": 1957, "id": "ATLANTA_1997_2024231820993", "x": -84.468223571777344, "y": 33.752021789550781, "robbery": 1 }, "geometry": { "type": "Point", "coordinates": [ -84.468223571999943, 33.752021790000072 ] } },
{ "type": "Feature", "properties": { "OBJECTID": 1958, "id": "ATLANTA_1997_2024231830437", "x": -84.432876586914062, "y": 33.738059997558594, "robbery": 1 }, "geometry": { "type": "Point", "coordinates": [ -84.432876586999953, 33.73805999800004 ] } },
{ "type": "Feature", "properties": { "OBJECTID": 1959, "id": "ATLANTA_1997_2024231830467", "x": -84.389678955078125, "y": 33.756389617919922, "robbery": 1 }, "geometry": { "type": "Point", "coordinates": [ -84.389678954999965, 33.756389618000071 ] } },
{ "type": "Feature", "properties": { "OBJECTID": 1960, "id": "ATLANTA_1997_2024231830653", "x": -84.456459045410156, "y": 33.70037841796875, "robbery": 1 }, "geometry": { "type": "Point", "coordinates": [ -84.456459044999974, 33.700378418000071 ] } },
{ "type": "Feature", "properties": { "OBJECTID": 1961, "id": "ATLANTA_1997_2024231841321", "x": -84.365142822265625, "y": 33.82733154296875, "robbery": 1 }, "geometry": { "type": "Point", "coordinates": [ -84.365142821999939, 33.827331543000071 ] } },
{ "type": "Feature", "properties": { "OBJECTID": 1962, "id": "ATLANTA_1997_2024231841370", "x": -84.444847106933594, "y": 33.721759796142578, "robbery": 1 }, "geometry": { "type": "Point", "coordinates": [ -84.444847106999987, 33.721759796000072 ] } },
{ "type": "Feature", "properties": { "OBJECTID": 1963, "id": "ATLANTA_1997_2024231841469", "x": -84.363067626953125, "y": 33.825569152832031, "robbery": 1 }, "geometry": { "type": "Point", "coordinates": [ -84.363067626999964, 33.82556915300006 ] } },
{ "type": "Feature", "properties": { "OBJECTID": 1964, "id": "ATLANTA_1997_2024231842025", "x": -84.349029541015625, "y": 33.743610382080078, "robbery": 1 }, "geometry": { "type": "Point", "coordinates": [ -84.349029540999936, 33.743610382000043 ] } },
{ "type": "Feature", "properties": { "OBJECTID": 1965, "id": "ATLANTA_1997_2024231850117", "x": -84.492561340332031, "y": 33.752838134765625, "robbery": 1 }, "geometry": { "type": "Point", "coordinates": [ -84.492561339999952, 33.752838135000047 ] } },
{ "type": "Feature", "properties": { "OBJECTID": 1966, "id": "ATLANTA_1997_2024231861509", "x": -84.398513793945312, "y": 33.752578735351562, "robbery": 1 }, "geometry": { "type": "Point", "coordinates": [ -84.398513793999939, 33.752578735000043 ] } },
{ "type": "Feature", "properties": { "OBJECTID": 1967, "id": "ATLANTA_1997_2024231870308", "x": -84.459938049316406, "y": 33.699989318847656, "robbery": 1 }, "geometry": { "type": "Point", "coordinates": [ -84.459938048999959, 33.699989319000053 ] } },
{ "type": "Feature", "properties": { "OBJECTID": 1968, "id": "ATLANTA_1997_2024231872112", "x": -84.450668334960938, "y": 33.700550079345703, "robbery": 1 }, "geometry": { "type": "Point", "coordinates": [ -84.450668334999989, 33.700550079000038 ] } },
{ "type": "Feature", "properties": { "OBJECTID": 1969, "id": "ATLANTA_1997_2024231890519", "x": -84.419090270996094, "y": 33.726318359375, "robbery": 1 }, "geometry": { "type": "Point", "coordinates": [ -84.419090270999959, 33.726318359000061 ] } },
{ "type": "Feature", "properties": { "OBJECTID": 1970, "id": "ATLANTA_1997_2024231890572", "x": -84.403472900390625, "y": 33.681720733642578, "robbery": 1 }, "geometry": { "type": "Point", "coordinates": [ -84.40347289999994, 33.681720734000066 ] } },
{ "type": "Feature", "properties": { "OBJECTID": 1971, "id": "ATLANTA_1997_2024231890647", "x": -84.459480285644531, "y": 33.705150604248047, "robbery": 1 }, "geometry": { "type": "Point", "coordinates": [ -84.459480285999973, 33.705150604000039 ] } },
{ "type": "Feature", "properties": { "OBJECTID": 1972, "id": "ATLANTA_1997_2024231891062", "x": -84.400596618652344, "y": 33.704940795898438, "robbery": 1 }, "geometry": { "type": "Point", "coordinates": [ -84.400596618999941, 33.704940796000074 ] } },
{ "type": "Feature", "properties": { "OBJECTID": 1973, "id": "ATLANTA_1997_2024231892044", "x": -84.365280151367188, "y": 33.751720428466797, "robbery": 1 }, "geometry": { "type": "Point", "coordinates": [ -84.365280150999979, 33.751720428000056 ] } },
{ "type": "Feature", "properties": { "OBJECTID": 1974, "id": "ATLANTA_1997_2024231900619", "x": -84.433036804199219, "y": 33.728340148925781, "robbery": 1 }, "geometry": { "type": "Point", "coordinates": [ -84.433036803999983, 33.728340149000076 ] } },
{ "type": "Feature", "properties": { "OBJECTID": 1975, "id": "ATLANTA_1997_2024231911006", "x": -84.411483764648438, "y": 33.781078338623047, "robbery": 1 }, "geometry": { "type": "Point", "coordinates": [ -84.411483764999957, 33.781078339000032 ] } },
{ "type": "Feature", "properties": { "OBJECTID": 1976, "id": "ATLANTA_1997_2024231911318", "x": -84.410232543945312, "y": 33.702579498291016, "robbery": 1 }, "geometry": { "type": "Point", "coordinates": [ -84.410232543999939, 33.702579498000034 ] } },
{ "type": "Feature", "properties": { "OBJECTID": 1977, "id": "ATLANTA_1997_2024231911700", "x": -84.373779296875, "y": 33.754161834716797, "robbery": 1 }, "geometry": { "type": "Point", "coordinates": [ -84.373779296999942, 33.754161835000048 ] } },
{ "type": "Feature", "properties": { "OBJECTID": 1978, "id": "ATLANTA_1997_2024231930278", "x": -84.383369445800781, "y": 33.756160736083984, "robbery": 1 }, "geometry": { "type": "Point", "coordinates": [ -84.383369445999961, 33.756160736000027 ] } },
{ "type": "Feature", "properties": { "OBJECTID": 1979, "id": "ATLANTA_1997_2024231930594", "x": -84.4521484375, "y": 33.777400970458984, "robbery": 1 }, "geometry": { "type": "Point", "coordinates": [ -84.452148437999938, 33.777400970000031 ] } },
{ "type": "Feature", "properties": { "OBJECTID": 1980, "id": "ATLANTA_1997_2024231931646", "x": -84.453277587890625, "y": 33.705329895019531, "robbery": 1 }, "geometry": { "type": "Point", "coordinates": [ -84.453277587999935, 33.705329895000034 ] } },
{ "type": "Feature", "properties": { "OBJECTID": 1981, "id": "ATLANTA_1997_2024231951713", "x": -84.489143371582031, "y": 33.689689636230469, "robbery": 1 }, "geometry": { "type": "Point", "coordinates": [ -84.489143371999944, 33.689689636000026 ] } },
{ "type": "Feature", "properties": { "OBJECTID": 1982, "id": "ATLANTA_1997_2024231960334", "x": -84.415000915527344, "y": 33.807449340820312, "robbery": 1 }, "geometry": { "type": "Point", "coordinates": [ -84.41500091599994, 33.807449341000051 ] } },
{ "type": "Feature", "properties": { "OBJECTID": 1983, "id": "ATLANTA_1997_2024231960773", "x": -84.408172607421875, "y": 33.716461181640625, "robbery": 1 }, "geometry": { "type": "Point", "coordinates": [ -84.408172606999983, 33.716461182000046 ] } },
{ "type": "Feature", "properties": { "OBJECTID": 1984, "id": "ATLANTA_1997_2024231970182", "x": -84.3955078125, "y": 33.766841888427734, "robbery": 1 }, "geometry": { "type": "Point", "coordinates": [ -84.395507812999938, 33.766841888000044 ] } },
{ "type": "Feature", "properties": { "OBJECTID": 1985, "id": "ATLANTA_1997_2024231970421", "x": -84.493896484375, "y": 33.753318786621094, "robbery": 1 }, "geometry": { "type": "Point", "coordinates": [ -84.493896483999947, 33.753318787000069 ] } },
{ "type": "Feature", "properties": { "OBJECTID": 1986, "id": "ATLANTA_1997_2024231970849", "x": -84.365966796875, "y": 33.854801177978516, "robbery": 1 }, "geometry": { "type": "Point", "coordinates": [ -84.365966796999942, 33.854801178000059 ] } },
{ "type": "Feature", "properties": { "OBJECTID": 1987, "id": "ATLANTA_1997_2024231990021", "x": -84.401206970214844, "y": 33.741439819335938, "robbery": 1 }, "geometry": { "type": "Point", "coordinates": [ -84.401206969999976, 33.74143981900005 ] } },
{ "type": "Feature", "properties": { "OBJECTID": 1988, "id": "ATLANTA_1997_2024232001327", "x": -84.451263427734375, "y": 33.784999847412109, "robbery": 1 }, "geometry": { "type": "Point", "coordinates": [ -84.451263427999947, 33.784999847000051 ] } },
{ "type": "Feature", "properties": { "OBJECTID": 1989, "id": "ATLANTA_1997_2024232010642", "x": -84.387077331542969, "y": 33.758350372314453, "robbery": 1 }, "geometry": { "type": "Point", "coordinates": [ -84.387077332, 33.758350372000052 ] } },
{ "type": "Feature", "properties": { "OBJECTID": 1990, "id": "ATLANTA_1997_2024232011078", "x": -84.346099853515625, "y": 33.759571075439453, "robbery": 1 }, "geometry": { "type": "Point", "coordinates": [ -84.346099853999988, 33.759571075000053 ] } },
{ "type": "Feature", "properties": { "OBJECTID": 1991, "id": "ATLANTA_1997_2024232020213", "x": -84.408256530761719, "y": 33.722400665283203, "robbery": 1 }, "geometry": { "type": "Point", "coordinates": [ -84.40825653099995, 33.722400665000066 ] } },
{ "type": "Feature", "properties": { "OBJECTID": 1992, "id": "ATLANTA_1997_2024232061034", "x": -84.505989074707031, "y": 33.744419097900391, "robbery": 1 }, "geometry": { "type": "Point", "coordinates": [ -84.505989074999945, 33.744419098000037 ] } },
{ "type": "Feature", "properties": { "OBJECTID": 1993, "id": "ATLANTA_1997_2024232061605", "x": -84.415802001953125, "y": 33.740589141845703, "robbery": 1 }, "geometry": { "type": "Point", "coordinates": [ -84.415802001999964, 33.740589142000033 ] } },
{ "type": "Feature", "properties": { "OBJECTID": 1994, "id": "ATLANTA_1997_2024232071667", "x": -84.476951599121094, "y": 33.751270294189453, "robbery": 1 }, "geometry": { "type": "Point", "coordinates": [ -84.47695159899996, 33.751270294000051 ] } },
{ "type": "Feature", "properties": { "OBJECTID": 1995, "id": "ATLANTA_1997_2024232071713", "x": -84.383613586425781, "y": 33.744140625, "robbery": 1 }, "geometry": { "type": "Point", "coordinates": [ -84.383613585999967, 33.744140625000057 ] } },
{ "type": "Feature", "properties": { "OBJECTID": 1996, "id": "ATLANTA_1997_2024232071839", "x": -84.388206481933594, "y": 33.792881011962891, "robbery": 1 }, "geometry": { "type": "Point", "coordinates": [ -84.388206481999987, 33.792881012000066 ] } },
{ "type": "Feature", "properties": { "OBJECTID": 1997, "id": "ATLANTA_1997_2024232081876", "x": -84.363578796386719, "y": 33.809310913085938, "robbery": 1 }, "geometry": { "type": "Point", "coordinates": [ -84.363578795999956, 33.809310913000047 ] } },
{ "type": "Feature", "properties": { "OBJECTID": 1998, "id": "ATLANTA_1997_2024232091928", "x": -84.440788269042969, "y": 33.771808624267578, "robbery": 1 }, "geometry": { "type": "Point", "coordinates": [ -84.440788268999938, 33.771808624000073 ] } },
{ "type": "Feature", "properties": { "OBJECTID": 1999, "id": "ATLANTA_1997_2024232101070", "x": -84.465538024902344, "y": 33.751129150390625, "robbery": 1 }, "geometry": { "type": "Point", "coordinates": [ -84.465538024999944, 33.751129150000054 ] } },
{ "type": "Feature", "properties": { "OBJECTID": 2000, "id": "ATLANTA_1997_2024232110012", "x": -84.439529418945312, "y": 33.763561248779297, "robbery": 1 }, "geometry": { "type": "Point", "coordinates": [ -84.439529418999939, 33.763561249000077 ] } },
{ "type": "Feature", "properties": { "OBJECTID": 2001, "id": "ATLANTA_1997_2024232110283", "x": -84.472503662109375, "y": 33.753829956054688, "robbery": 1 }, "geometry": { "type": "Point", "coordinates": [ -84.472503661999951, 33.753829956000061 ] } },
{ "type": "Feature", "properties": { "OBJECTID": 2002, "id": "ATLANTA_1997_2024232110304", "x": -84.41754150390625, "y": 33.745429992675781, "robbery": 1 }, "geometry": { "type": "Point", "coordinates": [ -84.417541503999985, 33.745429993000073 ] } },
{ "type": "Feature", "properties": { "OBJECTID": 2003, "id": "ATLANTA_1997_2024232110946", "x": -84.429290771484375, "y": 33.763870239257812, "robbery": 1 }, "geometry": { "type": "Point", "coordinates": [ -84.429290770999955, 33.763870239000028 ] } },
{ "type": "Feature", "properties": { "OBJECTID": 2004, "id": "ATLANTA_1997_2024232111161", "x": -84.44873046875, "y": 33.775520324707031, "robbery": 1 }, "geometry": { "type": "Point", "coordinates": [ -84.448730468999941, 33.775520325000059 ] } },
{ "type": "Feature", "properties": { "OBJECTID": 2005, "id": "ATLANTA_1997_2024232111613", "x": -84.444366455078125, "y": 33.710399627685547, "robbery": 1 }, "geometry": { "type": "Point", "coordinates": [ -84.444366454999965, 33.710399628000062 ] } },
{ "type": "Feature", "properties": { "OBJECTID": 2006, "id": "ATLANTA_1997_2024232120173", "x": -84.379791259765625, "y": 33.707290649414062, "robbery": 1 }, "geometry": { "type": "Point", "coordinates": [ -84.37979126, 33.707290649000072 ] } },
{ "type": "Feature", "properties": { "OBJECTID": 2007, "id": "ATLANTA_1997_2024232131342", "x": -84.400093078613281, "y": 33.739459991455078, "robbery": 1 }, "geometry": { "type": "Point", "coordinates": [ -84.400093078999987, 33.739459991000047 ] } },
{ "type": "Feature", "properties": { "OBJECTID": 2008, "id": "ATLANTA_1997_2024232131494", "x": -84.424156188964844, "y": 33.724090576171875, "robbery": 1 }, "geometry": { "type": "Point", "coordinates": [ -84.424156188999973, 33.724090576000037 ] } },
{ "type": "Feature", "properties": { "OBJECTID": 2009, "id": "ATLANTA_1997_2024232160242", "x": -84.417022705078125, "y": 33.676551818847656, "robbery": 1 }, "geometry": { "type": "Point", "coordinates": [ -84.417022704999965, 33.676551819000053 ] } },
{ "type": "Feature", "properties": { "OBJECTID": 2010, "id": "ATLANTA_1997_2024232161196", "x": -84.350303649902344, "y": 33.773391723632812, "robbery": 1 }, "geometry": { "type": "Point", "coordinates": [ -84.350303649999944, 33.773391724000078 ] } },
{ "type": "Feature", "properties": { "OBJECTID": 2011, "id": "ATLANTA_1997_2024232170064", "x": -84.4073486328125, "y": 33.761299133300781, "robbery": 1 }, "geometry": { "type": "Point", "coordinates": [ -84.40734863299997, 33.76129913300008 ] } },
{ "type": "Feature", "properties": { "OBJECTID": 2012, "id": "ATLANTA_1997_2024232180376", "x": -84.351913452148438, "y": 33.819389343261719, "robbery": 1 }, "geometry": { "type": "Point", "coordinates": [ -84.351913451999962, 33.819389343000068 ] } },
{ "type": "Feature", "properties": { "OBJECTID": 2013, "id": "ATLANTA_1997_2024232180619", "x": -84.373756408691406, "y": 33.753559112548828, "robbery": 1 }, "geometry": { "type": "Point", "coordinates": [ -84.373756408999952, 33.753559113000051 ] } },
{ "type": "Feature", "properties": { "OBJECTID": 2014, "id": "ATLANTA_1997_2024232180926", "x": -84.392082214355469, "y": 33.753200531005859, "robbery": 1 }, "geometry": { "type": "Point", "coordinates": [ -84.39208221399997, 33.753200531000061 ] } },
{ "type": "Feature", "properties": { "OBJECTID": 2015, "id": "ATLANTA_1997_2024232200292", "x": -84.39678955078125, "y": 33.748939514160156, "robbery": 1 }, "geometry": { "type": "Point", "coordinates": [ -84.396789550999983, 33.748939514000028 ] } },
{ "type": "Feature", "properties": { "OBJECTID": 2016, "id": "ATLANTA_1997_2024232201484", "x": -84.417106628417969, "y": 33.768341064453125, "robbery": 1 }, "geometry": { "type": "Point", "coordinates": [ -84.417106627999942, 33.768341064000026 ] } },
{ "type": "Feature", "properties": { "OBJECTID": 2017, "id": "ATLANTA_1997_2024232201866", "x": -84.417831420898438, "y": 33.772361755371094, "robbery": 1 }, "geometry": { "type": "Point", "coordinates": [ -84.41783142099996, 33.772361755000077 ] } },
{ "type": "Feature", "properties": { "OBJECTID": 2018, "id": "ATLANTA_1997_2024232210319", "x": -84.3590087890625, "y": 33.809249877929688, "robbery": 1 }, "geometry": { "type": "Point", "coordinates": [ -84.359008788999972, 33.80924987800006 ] } },
{ "type": "Feature", "properties": { "OBJECTID": 2019, "id": "ATLANTA_1997_2024232210921", "x": -84.413597106933594, "y": 33.738811492919922, "robbery": 1 }, "geometry": { "type": "Point", "coordinates": [ -84.413597106999987, 33.738811493000071 ] } },
{ "type": "Feature", "properties": { "OBJECTID": 2020, "id": "ATLANTA_1997_2024232220936", "x": -84.395523071289062, "y": 33.766471862792969, "robbery": 1 }, "geometry": { "type": "Point", "coordinates": [ -84.395523070999957, 33.766471863000049 ] } },
{ "type": "Feature", "properties": { "OBJECTID": 2021, "id": "ATLANTA_1997_2024232230152", "x": -84.391578674316406, "y": 33.755908966064453, "robbery": 1 }, "geometry": { "type": "Point", "coordinates": [ -84.391578673999959, 33.75590896600005 ] } },
{ "type": "Feature", "properties": { "OBJECTID": 2022, "id": "ATLANTA_1997_2024232230707", "x": -84.365142822265625, "y": 33.82733154296875, "robbery": 1 }, "geometry": { "type": "Point", "coordinates": [ -84.365142821999939, 33.827331543000071 ] } },
{ "type": "Feature", "properties": { "OBJECTID": 2023, "id": "ATLANTA_1997_2024232231010", "x": -84.405838012695312, "y": 33.794559478759766, "robbery": 1 }, "geometry": { "type": "Point", "coordinates": [ -84.405838012999936, 33.794559479000043 ] } },
{ "type": "Feature", "properties": { "OBJECTID": 2024, "id": "ATLANTA_1997_2024232231120", "x": -84.431793212890625, "y": 33.716819763183594, "robbery": 1 }, "geometry": { "type": "Point", "coordinates": [ -84.431793212999935, 33.716819763000046 ] } },
{ "type": "Feature", "properties": { "OBJECTID": 2025, "id": "ATLANTA_1997_2024232241198", "x": -84.38519287109375, "y": 33.742530822753906, "robbery": 1 }, "geometry": { "type": "Point", "coordinates": [ -84.385192870999958, 33.742530823000038 ] } },
{ "type": "Feature", "properties": { "OBJECTID": 2026, "id": "ATLANTA_1997_2024232242021", "x": -84.421241760253906, "y": 33.749111175537109, "robbery": 1 }, "geometry": { "type": "Point", "coordinates": [ -84.421241759999987, 33.749111176000042 ] } },
{ "type": "Feature", "properties": { "OBJECTID": 2027, "id": "ATLANTA_1997_2024232251561", "x": -84.368446350097656, "y": 33.653018951416016, "robbery": 1 }, "geometry": { "type": "Point", "coordinates": [ -84.368446349999942, 33.653018951000035 ] } },
{ "type": "Feature", "properties": { "OBJECTID": 2028, "id": "ATLANTA_1997_2024232270146", "x": -84.460960388183594, "y": 33.801071166992188, "robbery": 1 }, "geometry": { "type": "Point", "coordinates": [ -84.460960388, 33.801071167000032 ] } },
{ "type": "Feature", "properties": { "OBJECTID": 2029, "id": "ATLANTA_1997_2024232270290", "x": -84.371833801269531, "y": 33.767108917236328, "robbery": 1 }, "geometry": { "type": "Point", "coordinates": [ -84.37183380099998, 33.76710891700003 ] } },
{ "type": "Feature", "properties": { "OBJECTID": 2030, "id": "ATLANTA_1997_2024232272124", "x": -84.390121459960938, "y": 33.759361267089844, "robbery": 1 }, "geometry": { "type": "Point", "coordinates": [ -84.390121459999989, 33.759361267000031 ] } },
{ "type": "Feature", "properties": { "OBJECTID": 2031, "id": "ATLANTA_1997_2024232300028", "x": -84.393028259277344, "y": 33.756988525390625, "robbery": 1 }, "geometry": { "type": "Point", "coordinates": [ -84.393028258999948, 33.756988525000054 ] } },
{ "type": "Feature", "properties": { "OBJECTID": 2032, "id": "ATLANTA_1997_2024232300157", "x": -84.367057800292969, "y": 33.650310516357422, "robbery": 1 }, "geometry": { "type": "Point", "coordinates": [ -84.367057799999941, 33.650310516000047 ] } },
{ "type": "Feature", "properties": { "OBJECTID": 2033, "id": "ATLANTA_1997_2024232311446", "x": -84.378219604492188, "y": 33.749549865722656, "robbery": 1 }, "geometry": { "type": "Point", "coordinates": [ -84.37821960399998, 33.749549866000052 ] } },
{ "type": "Feature", "properties": { "OBJECTID": 2034, "id": "ATLANTA_1997_2024232311806", "x": -84.396873474121094, "y": 33.748390197753906, "robbery": 1 }, "geometry": { "type": "Point", "coordinates": [ -84.39687347399996, 33.748390198000038 ] } },
{ "type": "Feature", "properties": { "OBJECTID": 2035, "id": "ATLANTA_1997_2024232321765", "x": -84.385139465332031, "y": 33.769809722900391, "robbery": 1 }, "geometry": { "type": "Point", "coordinates": [ -84.385139464999952, 33.769809723000037 ] } },
{ "type": "Feature", "properties": { "OBJECTID": 2036, "id": "ATLANTA_1997_2024232331882", "x": -84.472618103027344, "y": 33.790889739990234, "robbery": 1 }, "geometry": { "type": "Point", "coordinates": [ -84.472618102999945, 33.790889740000068 ] } },
{ "type": "Feature", "properties": { "OBJECTID": 2037, "id": "ATLANTA_1997_2024232331936", "x": -84.365966796875, "y": 33.806610107421875, "robbery": 1 }, "geometry": { "type": "Point", "coordinates": [ -84.365966796999942, 33.80661010700004 ] } },
{ "type": "Feature", "properties": { "OBJECTID": 2038, "id": "ATLANTA_1997_2024232331976", "x": -84.413078308105469, "y": 33.711921691894531, "robbery": 1 }, "geometry": { "type": "Point", "coordinates": [ -84.413078307999967, 33.711921692000033 ] } },
{ "type": "Feature", "properties": { "OBJECTID": 2039, "id": "ATLANTA_1997_2024232332022", "x": -84.473213195800781, "y": 33.776329040527344, "robbery": 1 }, "geometry": { "type": "Point", "coordinates": [ -84.473213195999961, 33.776329041000054 ] } },
{ "type": "Feature", "properties": { "OBJECTID": 2040, "id": "ATLANTA_1997_2024232341754", "x": -84.361557006835938, "y": 33.729351043701172, "robbery": 1 }, "geometry": { "type": "Point", "coordinates": [ -84.361557006999988, 33.729351044000055 ] } },
{ "type": "Feature", "properties": { "OBJECTID": 2041, "id": "ATLANTA_1997_2024232352145", "x": -84.399948120117188, "y": 33.738121032714844, "robbery": 1 }, "geometry": { "type": "Point", "coordinates": [ -84.399948119999976, 33.738121033000027 ] } },
{ "type": "Feature", "properties": { "OBJECTID": 2042, "id": "ATLANTA_1997_2024232361422", "x": -84.390121459960938, "y": 33.759361267089844, "robbery": 1 }, "geometry": { "type": "Point", "coordinates": [ -84.390121459999989, 33.759361267000031 ] } },
{ "type": "Feature", "properties": { "OBJECTID": 2043, "id": "ATLANTA_1997_2024232370393", "x": -84.349563598632812, "y": 33.764549255371094, "robbery": 1 }, "geometry": { "type": "Point", "coordinates": [ -84.349563598999964, 33.764549255000077 ] } },
{ "type": "Feature", "properties": { "OBJECTID": 2044, "id": "ATLANTA_1997_2024232370964", "x": -84.408447265625, "y": 33.72174072265625, "robbery": 1 }, "geometry": { "type": "Point", "coordinates": [ -84.408447265999939, 33.721740723000039 ] } },
{ "type": "Feature", "properties": { "OBJECTID": 2045, "id": "ATLANTA_1997_2024232380492", "x": -84.510833740234375, "y": 33.765518188476562, "robbery": 1 }, "geometry": { "type": "Point", "coordinates": [ -84.510833739999953, 33.765518188000044 ] } },
{ "type": "Feature", "properties": { "OBJECTID": 2046, "id": "ATLANTA_1997_2024232381295", "x": -84.357513427734375, "y": 33.848079681396484, "robbery": 1 }, "geometry": { "type": "Point", "coordinates": [ -84.357513427999947, 33.848079681000058 ] } },
{ "type": "Feature", "properties": { "OBJECTID": 2047, "id": "ATLANTA_1997_2024232381824", "x": -84.409011840820312, "y": 33.6827392578125, "robbery": 1 }, "geometry": { "type": "Point", "coordinates": [ -84.409011840999938, 33.682739258000026 ] } },
{ "type": "Feature", "properties": { "OBJECTID": 2048, "id": "ATLANTA_1997_2024232401712", "x": -84.410789489746094, "y": 33.723800659179688, "robbery": 1 }, "geometry": { "type": "Point", "coordinates": [ -84.410789489999956, 33.723800659000062 ] } },
{ "type": "Feature", "properties": { "OBJECTID": 2049, "id": "ATLANTA_1997_2024232410191", "x": -84.460960388183594, "y": 33.801071166992188, "robbery": 1 }, "geometry": { "type": "Point", "coordinates": [ -84.460960388, 33.801071167000032 ] } },
{ "type": "Feature", "properties": { "OBJECTID": 2050, "id": "ATLANTA_1997_2024232410505", "x": -84.50433349609375, "y": 33.759330749511719, "robbery": 1 }, "geometry": { "type": "Point", "coordinates": [ -84.504333495999958, 33.759330750000061 ] } },
{ "type": "Feature", "properties": { "OBJECTID": 2051, "id": "ATLANTA_1997_2024232420596", "x": -84.39447021484375, "y": 33.749500274658203, "robbery": 1 }, "geometry": { "type": "Point", "coordinates": [ -84.394470214999956, 33.749500275000059 ] } },
{ "type": "Feature", "properties": { "OBJECTID": 2052, "id": "ATLANTA_1997_2024232430057", "x": -84.388153076171875, "y": 33.760150909423828, "robbery": 1 }, "geometry": { "type": "Point", "coordinates": [ -84.388153075999981, 33.76015090900006 ] } },
{ "type": "Feature", "properties": { "OBJECTID": 2053, "id": "ATLANTA_1997_2024232431842", "x": -84.423072814941406, "y": 33.722599029541016, "robbery": 1 }, "geometry": { "type": "Point", "coordinates": [ -84.423072814999955, 33.722599030000026 ] } },
{ "type": "Feature", "properties": { "OBJECTID": 2054, "id": "ATLANTA_1997_2024232440195", "x": -84.414787292480469, "y": 33.768409729003906, "robbery": 1 }, "geometry": { "type": "Point", "coordinates": [ -84.414787291999971, 33.768409729000041 ] } },
{ "type": "Feature", "properties": { "OBJECTID": 2055, "id": "ATLANTA_1997_2024232440285", "x": -84.367012023925781, "y": 33.651988983154297, "robbery": 1 }, "geometry": { "type": "Point", "coordinates": [ -84.367012023999962, 33.651988983000024 ] } },
{ "type": "Feature", "properties": { "OBJECTID": 2056, "id": "ATLANTA_1997_2024232441305", "x": -84.344200134277344, "y": 33.777698516845703, "robbery": 1 }, "geometry": { "type": "Point", "coordinates": [ -84.344200133999948, 33.777698517000033 ] } },
{ "type": "Feature", "properties": { "OBJECTID": 2057, "id": "ATLANTA_1997_2024232450171", "x": -84.361366271972656, "y": 33.808639526367188, "robbery": 1 }, "geometry": { "type": "Point", "coordinates": [ -84.361366271999941, 33.808639526000036 ] } },
{ "type": "Feature", "properties": { "OBJECTID": 2058, "id": "ATLANTA_1997_2024232450390", "x": -84.394569396972656, "y": 33.747589111328125, "robbery": 1 }, "geometry": { "type": "Point", "coordinates": [ -84.394569396999941, 33.747589111000025 ] } },
{ "type": "Feature", "properties": { "OBJECTID": 2059, "id": "ATLANTA_1997_2024232450756", "x": -84.512413024902344, "y": 33.657058715820312, "robbery": 1 }, "geometry": { "type": "Point", "coordinates": [ -84.512413024999944, 33.657058716000051 ] } },
{ "type": "Feature", "properties": { "OBJECTID": 2060, "id": "ATLANTA_1997_2024232451312", "x": -84.464141845703125, "y": 33.701671600341797, "robbery": 1 }, "geometry": { "type": "Point", "coordinates": [ -84.464141845999961, 33.701671600000054 ] } },
{ "type": "Feature", "properties": { "OBJECTID": 2061, "id": "ATLANTA_1997_2024232461079", "x": -84.381797790527344, "y": 33.747890472412109, "robbery": 1 }, "geometry": { "type": "Point", "coordinates": [ -84.38179779099994, 33.747890472000051 ] } },
{ "type": "Feature", "properties": { "OBJECTID": 2062, "id": "ATLANTA_1997_2024232461647", "x": -84.444122314453125, "y": 33.751029968261719, "robbery": 1 }, "geometry": { "type": "Point", "coordinates": [ -84.444122313999969, 33.751029968000068 ] } },
{ "type": "Feature", "properties": { "OBJECTID": 2063, "id": "ATLANTA_1997_2024232461775", "x": -84.368171691894531, "y": 33.818279266357422, "robbery": 1 }, "geometry": { "type": "Point", "coordinates": [ -84.368171691999976, 33.818279266000047 ] } },
{ "type": "Feature", "properties": { "OBJECTID": 2064, "id": "ATLANTA_1997_2024232470229", "x": -84.385986328125, "y": 33.760059356689453, "robbery": 1 }, "geometry": { "type": "Point", "coordinates": [ -84.385986327999944, 33.760059357000046 ] } },
{ "type": "Feature", "properties": { "OBJECTID": 2065, "id": "ATLANTA_1997_2024232480013", "x": -84.39642333984375, "y": 33.765140533447266, "robbery": 1 }, "geometry": { "type": "Point", "coordinates": [ -84.396423339999956, 33.765140533000078 ] } },
{ "type": "Feature", "properties": { "OBJECTID": 2066, "id": "ATLANTA_1997_2024232480681", "x": -84.486122131347656, "y": 33.751140594482422, "robbery": 1 }, "geometry": { "type": "Point", "coordinates": [ -84.486122130999945, 33.751140594000049 ] } },
{ "type": "Feature", "properties": { "OBJECTID": 2067, "id": "ATLANTA_1997_2024232480966", "x": -84.373443603515625, "y": 33.761001586914062, "robbery": 1 }, "geometry": { "type": "Point", "coordinates": [ -84.373443603999988, 33.761001587000067 ] } },
{ "type": "Feature", "properties": { "OBJECTID": 2068, "id": "ATLANTA_1997_2024232481796", "x": -84.3756103515625, "y": 33.759319305419922, "robbery": 1 }, "geometry": { "type": "Point", "coordinates": [ -84.375610351999967, 33.759319305000076 ] } },
{ "type": "Feature", "properties": { "OBJECTID": 2069, "id": "ATLANTA_1997_2024232481880", "x": -84.373809814453125, "y": 33.754398345947266, "robbery": 1 }, "geometry": { "type": "Point", "coordinates": [ -84.373809813999969, 33.754398346000073 ] } },
{ "type": "Feature", "properties": { "OBJECTID": 2070, "id": "ATLANTA_1997_2024232500057", "x": -84.408447265625, "y": 33.72174072265625, "robbery": 1 }, "geometry": { "type": "Point", "coordinates": [ -84.408447265999939, 33.721740723000039 ] } },
{ "type": "Feature", "properties": { "OBJECTID": 2071, "id": "ATLANTA_1997_2024232501237", "x": -84.371681213378906, "y": 33.772720336914062, "robbery": 1 }, "geometry": { "type": "Point", "coordinates": [ -84.371681212999988, 33.772720337000067 ] } },
{ "type": "Feature", "properties": { "OBJECTID": 2072, "id": "ATLANTA_1997_2024232521055", "x": -84.421089172363281, "y": 33.755359649658203, "robbery": 1 }, "geometry": { "type": "Point", "coordinates": [ -84.421089171999938, 33.755359650000059 ] } },
{ "type": "Feature", "properties": { "OBJECTID": 2073, "id": "ATLANTA_1997_2024232530234", "x": -84.439376831054688, "y": 33.766799926757812, "robbery": 1 }, "geometry": { "type": "Point", "coordinates": [ -84.439376830999947, 33.766799927000079 ] } },
{ "type": "Feature", "properties": { "OBJECTID": 2074, "id": "ATLANTA_1997_2024232530435", "x": -84.402587890625, "y": 33.704868316650391, "robbery": 1 }, "geometry": { "type": "Point", "coordinates": [ -84.402587890999939, 33.704868317000034 ] } },
{ "type": "Feature", "properties": { "OBJECTID": 2075, "id": "ATLANTA_1997_2024232531312", "x": -84.377799987792969, "y": 33.667438507080078, "robbery": 1 }, "geometry": { "type": "Point", "coordinates": [ -84.377799987999936, 33.667438507000043 ] } },
{ "type": "Feature", "properties": { "OBJECTID": 2076, "id": "ATLANTA_1997_2024232540160", "x": -84.379753112792969, "y": 33.746578216552734, "robbery": 1 }, "geometry": { "type": "Point", "coordinates": [ -84.379753112999936, 33.746578217000035 ] } },
{ "type": "Feature", "properties": { "OBJECTID": 2077, "id": "ATLANTA_1997_2024232540927", "x": -84.370132446289062, "y": 33.752090454101562, "robbery": 1 }, "geometry": { "type": "Point", "coordinates": [ -84.370132445999957, 33.75209045400004 ] } },
{ "type": "Feature", "properties": { "OBJECTID": 2078, "id": "ATLANTA_1997_2024232551518", "x": -84.485107421875, "y": 33.762901306152344, "robbery": 1 }, "geometry": { "type": "Point", "coordinates": [ -84.485107421999942, 33.76290130600006 ] } },
{ "type": "Feature", "properties": { "OBJECTID": 2079, "id": "ATLANTA_1997_2024232551779", "x": -84.45379638671875, "y": 33.708198547363281, "robbery": 1 }, "geometry": { "type": "Point", "coordinates": [ -84.453796386999954, 33.708198547000052 ] } },
{ "type": "Feature", "properties": { "OBJECTID": 2080, "id": "ATLANTA_1997_2024232560117", "x": -84.39678955078125, "y": 33.748939514160156, "robbery": 1 }, "geometry": { "type": "Point", "coordinates": [ -84.396789550999983, 33.748939514000028 ] } },
{ "type": "Feature", "properties": { "OBJECTID": 2081, "id": "ATLANTA_1997_2024232561494", "x": -84.358757019042969, "y": 33.844139099121094, "robbery": 1 }, "geometry": { "type": "Point", "coordinates": [ -84.358757018999938, 33.844139099000074 ] } },
{ "type": "Feature", "properties": { "OBJECTID": 2082, "id": "ATLANTA_1997_2024232570011", "x": -84.402519226074219, "y": 33.752670288085938, "robbery": 1 }, "geometry": { "type": "Point", "coordinates": [ -84.402519225999981, 33.752670288000047 ] } },
{ "type": "Feature", "properties": { "OBJECTID": 2083, "id": "ATLANTA_1997_2024232570305", "x": -84.385887145996094, "y": 33.778900146484375, "robbery": 1 }, "geometry": { "type": "Point", "coordinates": [ -84.385887145999959, 33.778900146000069 ] } },
{ "type": "Feature", "properties": { "OBJECTID": 2084, "id": "ATLANTA_1997_2024232580452", "x": -84.392677307128906, "y": 33.785469055175781, "robbery": 1 }, "geometry": { "type": "Point", "coordinates": [ -84.392677306999985, 33.785469055000078 ] } },
{ "type": "Feature", "properties": { "OBJECTID": 2085, "id": "ATLANTA_1997_2024232581952", "x": -84.352058410644531, "y": 33.761131286621094, "robbery": 1 }, "geometry": { "type": "Point", "coordinates": [ -84.352058410999973, 33.761131287000069 ] } },
{ "type": "Feature", "properties": { "OBJECTID": 2086, "id": "ATLANTA_1997_2024232590085", "x": -84.45654296875, "y": 33.706470489501953, "robbery": 1 }, "geometry": { "type": "Point", "coordinates": [ -84.456542968999941, 33.706470490000072 ] } },
{ "type": "Feature", "properties": { "OBJECTID": 2087, "id": "ATLANTA_1997_2024232590422", "x": -84.394859313964844, "y": 33.748489379882812, "robbery": 1 }, "geometry": { "type": "Point", "coordinates": [ -84.394859313999973, 33.748489380000024 ] } },
{ "type": "Feature", "properties": { "OBJECTID": 2088, "id": "ATLANTA_1997_2024232591066", "x": -84.372512817382812, "y": 33.754508972167969, "robbery": 1 }, "geometry": { "type": "Point", "coordinates": [ -84.372512816999972, 33.754508972000053 ] } },
{ "type": "Feature", "properties": { "OBJECTID": 2089, "id": "ATLANTA_1997_2024232591236", "x": -84.396049499511719, "y": 33.749801635742188, "robbery": 1 }, "geometry": { "type": "Point", "coordinates": [ -84.396049499999947, 33.749801636000029 ] } },
{ "type": "Feature", "properties": { "OBJECTID": 2090, "id": "ATLANTA_1997_2024232591938", "x": -84.435089111328125, "y": 33.738780975341797, "robbery": 1 }, "geometry": { "type": "Point", "coordinates": [ -84.435089110999968, 33.738780975000054 ] } },
{ "type": "Feature", "properties": { "OBJECTID": 2091, "id": "ATLANTA_1997_2024232600636", "x": -84.314376831054688, "y": 33.761798858642578, "robbery": 1 }, "geometry": { "type": "Point", "coordinates": [ -84.314376830999947, 33.761798859000066 ] } },
{ "type": "Feature", "properties": { "OBJECTID": 2092, "id": "ATLANTA_1997_2024232601220", "x": -84.369056701660156, "y": 33.835151672363281, "robbery": 1 }, "geometry": { "type": "Point", "coordinates": [ -84.369056701999966, 33.835151672000052 ] } },
{ "type": "Feature", "properties": { "OBJECTID": 2093, "id": "ATLANTA_1997_2024232601383", "x": -84.416450500488281, "y": 33.736160278320312, "robbery": 1 }, "geometry": { "type": "Point", "coordinates": [ -84.416450499999939, 33.736160278000057 ] } },
{ "type": "Feature", "properties": { "OBJECTID": 2094, "id": "ATLANTA_1997_2024232601537", "x": -84.352783203125, "y": 33.743759155273438, "robbery": 1 }, "geometry": { "type": "Point", "coordinates": [ -84.352783202999944, 33.743759155000077 ] } },
{ "type": "Feature", "properties": { "OBJECTID": 2095, "id": "ATLANTA_1997_2024232601661", "x": -84.457366943359375, "y": 33.706459045410156, "robbery": 1 }, "geometry": { "type": "Point", "coordinates": [ -84.457366942999954, 33.706459045000031 ] } },
{ "type": "Feature", "properties": { "OBJECTID": 2096, "id": "ATLANTA_1997_2024232610106", "x": -84.393791198730469, "y": 33.736560821533203, "robbery": 1 }, "geometry": { "type": "Point", "coordinates": [ -84.393791198999963, 33.736560822000058 ] } },
{ "type": "Feature", "properties": { "OBJECTID": 2097, "id": "ATLANTA_1997_2024232620068", "x": -84.433547973632812, "y": 33.771030426025391, "robbery": 1 }, "geometry": { "type": "Point", "coordinates": [ -84.433547973999964, 33.771030426000038 ] } },
{ "type": "Feature", "properties": { "OBJECTID": 2098, "id": "ATLANTA_1997_2024232620766", "x": -84.489036560058594, "y": 33.693389892578125, "robbery": 1 }, "geometry": { "type": "Point", "coordinates": [ -84.489036559999988, 33.693389893000074 ] } },
{ "type": "Feature", "properties": { "OBJECTID": 2099, "id": "ATLANTA_1997_2024232621467", "x": -84.349571228027344, "y": 33.748538970947266, "robbery": 1 }, "geometry": { "type": "Point", "coordinates": [ -84.349571227999945, 33.748538971000073 ] } },
{ "type": "Feature", "properties": { "OBJECTID": 2100, "id": "ATLANTA_1997_2024232630793", "x": -84.487327575683594, "y": 33.688339233398438, "robbery": 1 }, "geometry": { "type": "Point", "coordinates": [ -84.487327575999984, 33.688339233000079 ] } },
{ "type": "Feature", "properties": { "OBJECTID": 2101, "id": "ATLANTA_1997_2024232631663", "x": -84.377517700195312, "y": 33.748199462890625, "robbery": 1 }, "geometry": { "type": "Point", "coordinates": [ -84.377517699999942, 33.748199463000049 ] } },
{ "type": "Feature", "properties": { "OBJECTID": 2102, "id": "ATLANTA_1997_2024232641676", "x": -84.410240173339844, "y": 33.785770416259766, "robbery": 1 }, "geometry": { "type": "Point", "coordinates": [ -84.410240172999977, 33.785770416000048 ] } },
{ "type": "Feature", "properties": { "OBJECTID": 2103, "id": "ATLANTA_1997_2024232650132", "x": -84.446090698242188, "y": 33.819889068603516, "robbery": 1 }, "geometry": { "type": "Point", "coordinates": [ -84.446090697999978, 33.819889069000055 ] } },
{ "type": "Feature", "properties": { "OBJECTID": 2104, "id": "ATLANTA_1997_2024232650229", "x": -84.35888671875, "y": 33.708759307861328, "robbery": 1 }, "geometry": { "type": "Point", "coordinates": [ -84.358886718999941, 33.708759308000026 ] } },
{ "type": "Feature", "properties": { "OBJECTID": 2105, "id": "ATLANTA_1997_2024232660127", "x": -84.500709533691406, "y": 33.668399810791016, "robbery": 1 }, "geometry": { "type": "Point", "coordinates": [ -84.500709533999952, 33.668399811000029 ] } },
{ "type": "Feature", "properties": { "OBJECTID": 2106, "id": "ATLANTA_1997_2024232661282", "x": -84.353317260742188, "y": 33.824569702148438, "robbery": 1 }, "geometry": { "type": "Point", "coordinates": [ -84.353317260999972, 33.824569702000076 ] } },
{ "type": "Feature", "properties": { "OBJECTID": 2107, "id": "ATLANTA_1997_2024232680183", "x": -84.349700927734375, "y": 33.763778686523438, "robbery": 1 }, "geometry": { "type": "Point", "coordinates": [ -84.349700927999947, 33.76377868700007 ] } },
{ "type": "Feature", "properties": { "OBJECTID": 2108, "id": "ATLANTA_1997_2024232681654", "x": -84.382980346679688, "y": 33.781490325927734, "robbery": 1 }, "geometry": { "type": "Point", "coordinates": [ -84.382980346999943, 33.781490326000039 ] } },
{ "type": "Feature", "properties": { "OBJECTID": 2109, "id": "ATLANTA_1997_2024232690916", "x": -84.432876586914062, "y": 33.738059997558594, "robbery": 1 }, "geometry": { "type": "Point", "coordinates": [ -84.432876586999953, 33.73805999800004 ] } },
{ "type": "Feature", "properties": { "OBJECTID": 2110, "id": "ATLANTA_1997_2024232691484", "x": -84.394569396972656, "y": 33.747589111328125, "robbery": 1 }, "geometry": { "type": "Point", "coordinates": [ -84.394569396999941, 33.747589111000025 ] } },
{ "type": "Feature", "properties": { "OBJECTID": 2111, "id": "ATLANTA_1997_2024232710320", "x": -84.476097106933594, "y": 33.753971099853516, "robbery": 1 }, "geometry": { "type": "Point", "coordinates": [ -84.476097106999987, 33.753971100000058 ] } },
{ "type": "Feature", "properties": { "OBJECTID": 2112, "id": "ATLANTA_1997_2024232711952", "x": -84.418449401855469, "y": 33.745250701904297, "robbery": 1 }, "geometry": { "type": "Point", "coordinates": [ -84.418449401999965, 33.745250702000078 ] } },
{ "type": "Feature", "properties": { "OBJECTID": 2113, "id": "ATLANTA_1997_2024232721074", "x": -84.378402709960938, "y": 33.751499176025391, "robbery": 1 }, "geometry": { "type": "Point", "coordinates": [ -84.378402709999989, 33.751499176000038 ] } },
{ "type": "Feature", "properties": { "OBJECTID": 2114, "id": "ATLANTA_1997_2024232730186", "x": -84.35162353515625, "y": 33.779579162597656, "robbery": 1 }, "geometry": { "type": "Point", "coordinates": [ -84.351623534999987, 33.779579163000051 ] } },
{ "type": "Feature", "properties": { "OBJECTID": 2115, "id": "ATLANTA_1997_2024232730388", "x": -84.382476806640625, "y": 33.767730712890625, "robbery": 1 }, "geometry": { "type": "Point", "coordinates": [ -84.382476806999989, 33.767730713000049 ] } },
{ "type": "Feature", "properties": { "OBJECTID": 2116, "id": "ATLANTA_1997_2024232731564", "x": -84.511329650878906, "y": 33.686149597167969, "robbery": 1 }, "geometry": { "type": "Point", "coordinates": [ -84.511329650999983, 33.686149597000053 ] } },
{ "type": "Feature", "properties": { "OBJECTID": 2117, "id": "ATLANTA_1997_2024232731948", "x": -84.381401062011719, "y": 33.791191101074219, "robbery": 1 }, "geometry": { "type": "Point", "coordinates": [ -84.381401061999952, 33.791191101000038 ] } },
{ "type": "Feature", "properties": { "OBJECTID": 2118, "id": "ATLANTA_1997_2024232740217", "x": -84.360000610351562, "y": 33.779071807861328, "robbery": 1 }, "geometry": { "type": "Point", "coordinates": [ -84.360000609999986, 33.779071808000026 ] } },
{ "type": "Feature", "properties": { "OBJECTID": 2119, "id": "ATLANTA_1997_2024232740229", "x": -84.363441467285156, "y": 33.775100708007812, "robbery": 1 }, "geometry": { "type": "Point", "coordinates": [ -84.363441466999973, 33.775100708000025 ] } },
{ "type": "Feature", "properties": { "OBJECTID": 2120, "id": "ATLANTA_1997_2024232740375", "x": -84.405158996582031, "y": 33.772830963134766, "robbery": 1 }, "geometry": { "type": "Point", "coordinates": [ -84.405158996999944, 33.772830963000047 ] } },
{ "type": "Feature", "properties": { "OBJECTID": 2121, "id": "ATLANTA_1997_2024232740378", "x": -84.400558471679688, "y": 33.791549682617188, "robbery": 1 }, "geometry": { "type": "Point", "coordinates": [ -84.400558471999943, 33.791549683000028 ] } },
{ "type": "Feature", "properties": { "OBJECTID": 2122, "id": "ATLANTA_1997_2024232740391", "x": -84.4075927734375, "y": 33.828670501708984, "robbery": 1 }, "geometry": { "type": "Point", "coordinates": [ -84.407592772999976, 33.82867050200008 ] } },
{ "type": "Feature", "properties": { "OBJECTID": 2123, "id": "ATLANTA_1997_2024232740633", "x": -84.358238220214844, "y": 33.777050018310547, "robbery": 1 }, "geometry": { "type": "Point", "coordinates": [ -84.358238219999976, 33.777050018000068 ] } },
{ "type": "Feature", "properties": { "OBJECTID": 2124, "id": "ATLANTA_1997_2024232741291", "x": -84.382537841796875, "y": 33.745170593261719, "robbery": 1 }, "geometry": { "type": "Point", "coordinates": [ -84.382537841999977, 33.745170593000068 ] } },
{ "type": "Feature", "properties": { "OBJECTID": 2125, "id": "ATLANTA_1997_2024232760544", "x": -84.534812927246094, "y": 33.693340301513672, "robbery": 1 }, "geometry": { "type": "Point", "coordinates": [ -84.534812926999962, 33.693340302000024 ] } },
{ "type": "Feature", "properties": { "OBJECTID": 2126, "id": "ATLANTA_1997_2024232770628", "x": -84.36688232421875, "y": 33.824951171875, "robbery": 1 }, "geometry": { "type": "Point", "coordinates": [ -84.36688232399996, 33.824951172000056 ] } },
{ "type": "Feature", "properties": { "OBJECTID": 2127, "id": "ATLANTA_1997_2024232780883", "x": -84.390106201171875, "y": 33.752460479736328, "robbery": 1 }, "geometry": { "type": "Point", "coordinates": [ -84.390106200999981, 33.752460480000025 ] } },
{ "type": "Feature", "properties": { "OBJECTID": 2128, "id": "ATLANTA_1997_2024232781560", "x": -84.334342956542969, "y": 33.756519317626953, "robbery": 1 }, "geometry": { "type": "Point", "coordinates": [ -84.334342957, 33.756519318000073 ] } },
{ "type": "Feature", "properties": { "OBJECTID": 2129, "id": "ATLANTA_1997_2024232782008", "x": -84.417953491210938, "y": 33.754470825195312, "robbery": 1 }, "geometry": { "type": "Point", "coordinates": [ -84.417953490999935, 33.754470825000055 ] } },
{ "type": "Feature", "properties": { "OBJECTID": 2130, "id": "ATLANTA_1997_2024232800032", "x": -84.407928466796875, "y": 33.768039703369141, "robbery": 1 }, "geometry": { "type": "Point", "coordinates": [ -84.407928466999977, 33.768039703000056 ] } },
{ "type": "Feature", "properties": { "OBJECTID": 2131, "id": "ATLANTA_1997_2024232800956", "x": -84.433433532714844, "y": 33.725761413574219, "robbery": 1 }, "geometry": { "type": "Point", "coordinates": [ -84.43343353299997, 33.725761414000033 ] } },
{ "type": "Feature", "properties": { "OBJECTID": 2132, "id": "ATLANTA_1997_2024232801236", "x": -84.504188537597656, "y": 33.761028289794922, "robbery": 1 }, "geometry": { "type": "Point", "coordinates": [ -84.504188537999937, 33.76102829000007 ] } },
{ "type": "Feature", "properties": { "OBJECTID": 2133, "id": "ATLANTA_1997_2024232810857", "x": -84.350433349609375, "y": 33.720668792724609, "robbery": 1 }, "geometry": { "type": "Point", "coordinates": [ -84.350433349999946, 33.720668793000073 ] } },
{ "type": "Feature", "properties": { "OBJECTID": 2134, "id": "ATLANTA_1997_2024232811558", "x": -84.45379638671875, "y": 33.708198547363281, "robbery": 1 }, "geometry": { "type": "Point", "coordinates": [ -84.453796386999954, 33.708198547000052 ] } },
{ "type": "Feature", "properties": { "OBJECTID": 2135, "id": "ATLANTA_1997_2024232820217", "x": -84.377372741699219, "y": 33.752830505371094, "robbery": 1 }, "geometry": { "type": "Point", "coordinates": [ -84.377372741999977, 33.752830505000077 ] } },
{ "type": "Feature", "properties": { "OBJECTID": 2136, "id": "ATLANTA_1997_2024232821293", "x": -84.366317749023438, "y": 33.817161560058594, "robbery": 1 }, "geometry": { "type": "Point", "coordinates": [ -84.366317748999961, 33.817161560000045 ] } },
{ "type": "Feature", "properties": { "OBJECTID": 2137, "id": "ATLANTA_1997_2024232821370", "x": -84.408538818359375, "y": 33.777900695800781, "robbery": 1 }, "geometry": { "type": "Point", "coordinates": [ -84.408538817999954, 33.777900696000074 ] } },
{ "type": "Feature", "properties": { "OBJECTID": 2138, "id": "ATLANTA_1997_2024232830794", "x": -84.395103454589844, "y": 33.701930999755859, "robbery": 1 }, "geometry": { "type": "Point", "coordinates": [ -84.395103454999969, 33.701931 ] } },
{ "type": "Feature", "properties": { "OBJECTID": 2139, "id": "ATLANTA_1997_2024232831329", "x": -84.408447265625, "y": 33.72174072265625, "robbery": 1 }, "geometry": { "type": "Point", "coordinates": [ -84.408447265999939, 33.721740723000039 ] } },
{ "type": "Feature", "properties": { "OBJECTID": 2140, "id": "ATLANTA_1997_2024232831623", "x": -84.372062683105469, "y": 33.850040435791016, "robbery": 1 }, "geometry": { "type": "Point", "coordinates": [ -84.372062682999967, 33.850040436000029 ] } },
{ "type": "Feature", "properties": { "OBJECTID": 2141, "id": "ATLANTA_1997_2024232831781", "x": -84.407691955566406, "y": 33.763378143310547, "robbery": 1 }, "geometry": { "type": "Point", "coordinates": [ -84.407691955999951, 33.763378143000068 ] } },
{ "type": "Feature", "properties": { "OBJECTID": 2142, "id": "ATLANTA_1997_2024232831937", "x": -84.386627197265625, "y": 33.78125, "robbery": 1 }, "geometry": { "type": "Point", "coordinates": [ -84.386627196999939, 33.78125 ] } },
{ "type": "Feature", "properties": { "OBJECTID": 2143, "id": "ATLANTA_1997_2024232841422", "x": -84.490592956542969, "y": 33.692569732666016, "robbery": 1 }, "geometry": { "type": "Point", "coordinates": [ -84.490592957, 33.692569733000028 ] } },
{ "type": "Feature", "properties": { "OBJECTID": 2144, "id": "ATLANTA_1997_2024232841748", "x": -84.493873596191406, "y": 33.737239837646484, "robbery": 1 }, "geometry": { "type": "Point", "coordinates": [ -84.493873595999958, 33.73723983800005 ] } },
{ "type": "Feature", "properties": { "OBJECTID": 2145, "id": "ATLANTA_1997_2024232850741", "x": -84.304481506347656, "y": 33.745410919189453, "robbery": 1 }, "geometry": { "type": "Point", "coordinates": [ -84.304481505999945, 33.745410919000051 ] } },
{ "type": "Feature", "properties": { "OBJECTID": 2146, "id": "ATLANTA_1997_2024232870922", "x": -84.439956665039062, "y": 33.743740081787109, "robbery": 1 }, "geometry": { "type": "Point", "coordinates": [ -84.439956664999954, 33.743740082000045 ] } },
{ "type": "Feature", "properties": { "OBJECTID": 2147, "id": "ATLANTA_1997_2024232871266", "x": -84.390022277832031, "y": 33.671619415283203, "robbery": 1 }, "geometry": { "type": "Point", "coordinates": [ -84.390022277999947, 33.671619415000066 ] } },
{ "type": "Feature", "properties": { "OBJECTID": 2148, "id": "ATLANTA_1997_2024232871389", "x": -84.410232543945312, "y": 33.702579498291016, "robbery": 1 }, "geometry": { "type": "Point", "coordinates": [ -84.410232543999939, 33.702579498000034 ] } },
{ "type": "Feature", "properties": { "OBJECTID": 2149, "id": "ATLANTA_1997_2024232871794", "x": -84.434776306152344, "y": 33.761020660400391, "robbery": 1 }, "geometry": { "type": "Point", "coordinates": [ -84.434776305999947, 33.761020660000042 ] } },
{ "type": "Feature", "properties": { "OBJECTID": 2150, "id": "ATLANTA_1997_2024232880114", "x": -84.390609741210938, "y": 33.758258819580078, "robbery": 1 }, "geometry": { "type": "Point", "coordinates": [ -84.390609740999935, 33.758258820000037 ] } },
{ "type": "Feature", "properties": { "OBJECTID": 2151, "id": "ATLANTA_1997_2024232880615", "x": -84.384872436523438, "y": 33.757450103759766, "robbery": 1 }, "geometry": { "type": "Point", "coordinates": [ -84.384872436999956, 33.757450104000043 ] } },
{ "type": "Feature", "properties": { "OBJECTID": 2152, "id": "ATLANTA_1997_2024232881460", "x": -84.376052856445312, "y": 33.75299072265625, "robbery": 1 }, "geometry": { "type": "Point", "coordinates": [ -84.376052855999944, 33.752990723000039 ] } },
{ "type": "Feature", "properties": { "OBJECTID": 2153, "id": "ATLANTA_1997_2024232890172", "x": -84.427276611328125, "y": 33.763580322265625, "robbery": 1 }, "geometry": { "type": "Point", "coordinates": [ -84.427276610999968, 33.763580322000053 ] } },
{ "type": "Feature", "properties": { "OBJECTID": 2154, "id": "ATLANTA_1997_2024232890662", "x": -84.372909545898438, "y": 33.767650604248047, "robbery": 1 }, "geometry": { "type": "Point", "coordinates": [ -84.37290954599996, 33.767650604000039 ] } },
{ "type": "Feature", "properties": { "OBJECTID": 2155, "id": "ATLANTA_1997_2024232901973", "x": -84.418647766113281, "y": 33.768909454345703, "robbery": 1 }, "geometry": { "type": "Point", "coordinates": [ -84.418647765999935, 33.768909454000038 ] } },
{ "type": "Feature", "properties": { "OBJECTID": 2156, "id": "ATLANTA_1997_2024232920929", "x": -84.36419677734375, "y": 33.822669982910156, "robbery": 1 }, "geometry": { "type": "Point", "coordinates": [ -84.364196776999961, 33.822669983000026 ] } },
{ "type": "Feature", "properties": { "OBJECTID": 2157, "id": "ATLANTA_1997_2024232921791", "x": -84.388816833496094, "y": 33.730960845947266, "robbery": 1 }, "geometry": { "type": "Point", "coordinates": [ -84.388816832999964, 33.730960846000073 ] } },
{ "type": "Feature", "properties": { "OBJECTID": 2158, "id": "ATLANTA_1997_2024232931897", "x": -84.3511962890625, "y": 33.748210906982422, "robbery": 1 }, "geometry": { "type": "Point", "coordinates": [ -84.351196288999972, 33.748210907000043 ] } },
{ "type": "Feature", "properties": { "OBJECTID": 2159, "id": "ATLANTA_1997_2024232932015", "x": -84.409278869628906, "y": 33.753570556640625, "robbery": 1 }, "geometry": { "type": "Point", "coordinates": [ -84.40927886999998, 33.753570557000046 ] } },
{ "type": "Feature", "properties": { "OBJECTID": 2160, "id": "ATLANTA_1997_2024232940417", "x": -84.427276611328125, "y": 33.763580322265625, "robbery": 1 }, "geometry": { "type": "Point", "coordinates": [ -84.427276610999968, 33.763580322000053 ] } },
{ "type": "Feature", "properties": { "OBJECTID": 2161, "id": "ATLANTA_1997_2024232950780", "x": -84.394233703613281, "y": 33.798648834228516, "robbery": 1 }, "geometry": { "type": "Point", "coordinates": [ -84.394233703999987, 33.798648834000062 ] } },
{ "type": "Feature", "properties": { "OBJECTID": 2162, "id": "ATLANTA_1997_2024232960153", "x": -84.389877319335938, "y": 33.785690307617188, "robbery": 1 }, "geometry": { "type": "Point", "coordinates": [ -84.389877318999936, 33.785690308000028 ] } },
{ "type": "Feature", "properties": { "OBJECTID": 2163, "id": "ATLANTA_1997_2024232960676", "x": -84.415779113769531, "y": 33.795791625976562, "robbery": 1 }, "geometry": { "type": "Point", "coordinates": [ -84.415779113999974, 33.795791626000039 ] } },
{ "type": "Feature", "properties": { "OBJECTID": 2164, "id": "ATLANTA_1997_2024232961395", "x": -84.387741088867188, "y": 33.77838134765625, "robbery": 1 }, "geometry": { "type": "Point", "coordinates": [ -84.387741088999974, 33.778381348000039 ] } },
{ "type": "Feature", "properties": { "OBJECTID": 2165, "id": "ATLANTA_1997_2024232961399", "x": -84.458038330078125, "y": 33.784290313720703, "robbery": 1 }, "geometry": { "type": "Point", "coordinates": [ -84.458038329999965, 33.784290314000032 ] } },
{ "type": "Feature", "properties": { "OBJECTID": 2166, "id": "ATLANTA_1997_2024232991731", "x": -84.389236450195312, "y": 33.765140533447266, "robbery": 1 }, "geometry": { "type": "Point", "coordinates": [ -84.389236449999942, 33.765140533000078 ] } },
{ "type": "Feature", "properties": { "OBJECTID": 2167, "id": "ATLANTA_1997_2024232991876", "x": -84.507652282714844, "y": 33.743961334228516, "robbery": 1 }, "geometry": { "type": "Point", "coordinates": [ -84.50765228299997, 33.743961334000062 ] } },
{ "type": "Feature", "properties": { "OBJECTID": 2168, "id": "ATLANTA_1997_2024233010152", "x": -84.393386840820312, "y": 33.768070220947266, "robbery": 1 }, "geometry": { "type": "Point", "coordinates": [ -84.393386840999938, 33.768070221000073 ] } },
{ "type": "Feature", "properties": { "OBJECTID": 2169, "id": "ATLANTA_1997_2024233011568", "x": -84.414512634277344, "y": 33.752651214599609, "robbery": 1 }, "geometry": { "type": "Point", "coordinates": [ -84.414512633999948, 33.752651215000071 ] } },
{ "type": "Feature", "properties": { "OBJECTID": 2170, "id": "ATLANTA_1997_2024233020005", "x": -84.367057800292969, "y": 33.650310516357422, "robbery": 1 }, "geometry": { "type": "Point", "coordinates": [ -84.367057799999941, 33.650310516000047 ] } },
{ "type": "Feature", "properties": { "OBJECTID": 2171, "id": "ATLANTA_1997_2024233021271", "x": -84.318603515625, "y": 33.765830993652344, "robbery": 1 }, "geometry": { "type": "Point", "coordinates": [ -84.318603515999939, 33.765830994000055 ] } },
{ "type": "Feature", "properties": { "OBJECTID": 2172, "id": "ATLANTA_1997_2024233030148", "x": -84.509971618652344, "y": 33.741050720214844, "robbery": 1 }, "geometry": { "type": "Point", "coordinates": [ -84.509971618999941, 33.741050720000032 ] } },
{ "type": "Feature", "properties": { "OBJECTID": 2173, "id": "ATLANTA_1997_2024233040057", "x": -84.388282775878906, "y": 33.784660339355469, "robbery": 1 }, "geometry": { "type": "Point", "coordinates": [ -84.388282775999983, 33.784660339000027 ] } },
{ "type": "Feature", "properties": { "OBJECTID": 2174, "id": "ATLANTA_1997_2024233060885", "x": -84.505989074707031, "y": 33.744419097900391, "robbery": 1 }, "geometry": { "type": "Point", "coordinates": [ -84.505989074999945, 33.744419098000037 ] } },
{ "type": "Feature", "properties": { "OBJECTID": 2175, "id": "ATLANTA_1997_2024233060991", "x": -84.418716430664062, "y": 33.732448577880859, "robbery": 1 }, "geometry": { "type": "Point", "coordinates": [ -84.41871643099995, 33.73244857800006 ] } },
{ "type": "Feature", "properties": { "OBJECTID": 2176, "id": "ATLANTA_1997_2024233071183", "x": -84.391349792480469, "y": 33.753150939941406, "robbery": 1 }, "geometry": { "type": "Point", "coordinates": [ -84.391349791999971, 33.753150940000069 ] } },
{ "type": "Feature", "properties": { "OBJECTID": 2177, "id": "ATLANTA_1997_2024233081262", "x": -84.412246704101562, "y": 33.778251647949219, "robbery": 1 }, "geometry": { "type": "Point", "coordinates": [ -84.412246703999983, 33.778251648000037 ] } },
{ "type": "Feature", "properties": { "OBJECTID": 2178, "id": "ATLANTA_1997_2024233090237", "x": -84.388137817382812, "y": 33.763870239257812, "robbery": 1 }, "geometry": { "type": "Point", "coordinates": [ -84.388137816999972, 33.763870239000028 ] } },
{ "type": "Feature", "properties": { "OBJECTID": 2179, "id": "ATLANTA_1997_2024233090567", "x": -84.439910888671875, "y": 33.763240814208984, "robbery": 1 }, "geometry": { "type": "Point", "coordinates": [ -84.439910888999975, 33.763240814000028 ] } },
{ "type": "Feature", "properties": { "OBJECTID": 2180, "id": "ATLANTA_1997_2024233091151", "x": -84.50238037109375, "y": 33.686328887939453, "robbery": 1 }, "geometry": { "type": "Point", "coordinates": [ -84.502380370999958, 33.686328888000048 ] } },
{ "type": "Feature", "properties": { "OBJECTID": 2181, "id": "ATLANTA_1997_2024233100829", "x": -84.365928649902344, "y": 33.822261810302734, "robbery": 1 }, "geometry": { "type": "Point", "coordinates": [ -84.365928649999944, 33.822261810000043 ] } },
{ "type": "Feature", "properties": { "OBJECTID": 2182, "id": "ATLANTA_1997_2024233110428", "x": -84.381149291992188, "y": 33.770538330078125, "robbery": 1 }, "geometry": { "type": "Point", "coordinates": [ -84.381149291999975, 33.770538330000079 ] } },
{ "type": "Feature", "properties": { "OBJECTID": 2183, "id": "ATLANTA_1997_2024233110895", "x": -84.476837158203125, "y": 33.801998138427734, "robbery": 1 }, "geometry": { "type": "Point", "coordinates": [ -84.476837157999967, 33.801998138000044 ] } },
{ "type": "Feature", "properties": { "OBJECTID": 2184, "id": "ATLANTA_1997_2024233120049", "x": -84.41705322265625, "y": 33.740879058837891, "robbery": 1 }, "geometry": { "type": "Point", "coordinates": [ -84.417053222999982, 33.740879059000065 ] } },
{ "type": "Feature", "properties": { "OBJECTID": 2185, "id": "ATLANTA_1997_2024233130613", "x": -84.513412475585938, "y": 33.764080047607422, "robbery": 1 }, "geometry": { "type": "Point", "coordinates": [ -84.513412475999985, 33.764080048000039 ] } },
{ "type": "Feature", "properties": { "OBJECTID": 2186, "id": "ATLANTA_1997_2024233140686", "x": -84.417572021484375, "y": 33.733631134033203, "robbery": 1 }, "geometry": { "type": "Point", "coordinates": [ -84.417572020999955, 33.733631134000063 ] } },
{ "type": "Feature", "properties": { "OBJECTID": 2187, "id": "ATLANTA_1997_2024233140878", "x": -84.395729064941406, "y": 33.680118560791016, "robbery": 1 }, "geometry": { "type": "Point", "coordinates": [ -84.395729064999955, 33.680118561000029 ] } },
{ "type": "Feature", "properties": { "OBJECTID": 2188, "id": "ATLANTA_1997_2024233150877", "x": -84.489128112792969, "y": 33.688129425048828, "robbery": 1 }, "geometry": { "type": "Point", "coordinates": [ -84.489128112999936, 33.688129425000056 ] } },
{ "type": "Feature", "properties": { "OBJECTID": 2189, "id": "ATLANTA_1997_2024233151480", "x": -84.36663818359375, "y": 33.828529357910156, "robbery": 1 }, "geometry": { "type": "Point", "coordinates": [ -84.366638183999953, 33.828529358000026 ] } },
{ "type": "Feature", "properties": { "OBJECTID": 2190, "id": "ATLANTA_1997_2024233151591", "x": -84.322860717773438, "y": 33.750919342041016, "robbery": 1 }, "geometry": { "type": "Point", "coordinates": [ -84.322860717999959, 33.750919342000032 ] } },
{ "type": "Feature", "properties": { "OBJECTID": 2191, "id": "ATLANTA_1997_2024233181014", "x": -84.458419799804688, "y": 33.75115966796875, "robbery": 1 }, "geometry": { "type": "Point", "coordinates": [ -84.458419799999945, 33.751159668000071 ] } },
{ "type": "Feature", "properties": { "OBJECTID": 2192, "id": "ATLANTA_1997_2024233181561", "x": -84.417442321777344, "y": 33.75537109375, "robbery": 1 }, "geometry": { "type": "Point", "coordinates": [ -84.417442321999943, 33.755371094000054 ] } },
{ "type": "Feature", "properties": { "OBJECTID": 2193, "id": "ATLANTA_1997_2024233190426", "x": -84.395553588867188, "y": 33.762119293212891, "robbery": 1 }, "geometry": { "type": "Point", "coordinates": [ -84.395553588999974, 33.762119293000069 ] } },
{ "type": "Feature", "properties": { "OBJECTID": 2194, "id": "ATLANTA_1997_2024233190441", "x": -84.392799377441406, "y": 33.722869873046875, "robbery": 1 }, "geometry": { "type": "Point", "coordinates": [ -84.39279937699996, 33.722869873000036 ] } },
{ "type": "Feature", "properties": { "OBJECTID": 2195, "id": "ATLANTA_1997_2024233201270", "x": -84.414360046386719, "y": 33.740428924560547, "robbery": 1 }, "geometry": { "type": "Point", "coordinates": [ -84.414360045999956, 33.74042892500006 ] } },
{ "type": "Feature", "properties": { "OBJECTID": 2196, "id": "ATLANTA_1997_2024233201271", "x": -84.368316650390625, "y": 33.781379699707031, "robbery": 1 }, "geometry": { "type": "Point", "coordinates": [ -84.36831664999994, 33.781379700000059 ] } },
{ "type": "Feature", "properties": { "OBJECTID": 2197, "id": "ATLANTA_1997_2024233211219", "x": -84.349777221679688, "y": 33.747798919677734, "robbery": 1 }, "geometry": { "type": "Point", "coordinates": [ -84.349777221999943, 33.747798920000037 ] } },
{ "type": "Feature", "properties": { "OBJECTID": 2198, "id": "ATLANTA_1997_2024233220151", "x": -84.509536743164062, "y": 33.659561157226562, "robbery": 1 }, "geometry": { "type": "Point", "coordinates": [ -84.509536742999956, 33.659561157000041 ] } },
{ "type": "Feature", "properties": { "OBJECTID": 2199, "id": "ATLANTA_1997_2024233220528", "x": -84.382003784179688, "y": 33.837398529052734, "robbery": 1 }, "geometry": { "type": "Point", "coordinates": [ -84.382003783999949, 33.837398529000041 ] } },
{ "type": "Feature", "properties": { "OBJECTID": 2200, "id": "ATLANTA_1997_2024233231324", "x": -84.40576171875, "y": 33.773811340332031, "robbery": 1 }, "geometry": { "type": "Point", "coordinates": [ -84.405761718999941, 33.773811340000066 ] } },
{ "type": "Feature", "properties": { "OBJECTID": 2201, "id": "ATLANTA_1997_2024233241479", "x": -84.410270690917969, "y": 33.681598663330078, "robbery": 1 }, "geometry": { "type": "Point", "coordinates": [ -84.410270690999937, 33.681598663000045 ] } },
{ "type": "Feature", "properties": { "OBJECTID": 2202, "id": "ATLANTA_1997_2024233270944", "x": -84.437232971191406, "y": 33.771209716796875, "robbery": 1 }, "geometry": { "type": "Point", "coordinates": [ -84.437232970999958, 33.771209717000033 ] } },
{ "type": "Feature", "properties": { "OBJECTID": 2203, "id": "ATLANTA_1997_2024233281008", "x": -84.360313415527344, "y": 33.755569458007812, "robbery": 1 }, "geometry": { "type": "Point", "coordinates": [ -84.36031341599994, 33.755569458000025 ] } },
{ "type": "Feature", "properties": { "OBJECTID": 2204, "id": "ATLANTA_1997_2024233291365", "x": -84.402000427246094, "y": 33.708709716796875, "robbery": 1 }, "geometry": { "type": "Point", "coordinates": [ -84.402000426999962, 33.708709717000033 ] } },
{ "type": "Feature", "properties": { "OBJECTID": 2205, "id": "ATLANTA_1997_2024233291423", "x": -84.497886657714844, "y": 33.756259918212891, "robbery": 1 }, "geometry": { "type": "Point", "coordinates": [ -84.49788665799997, 33.756259918000069 ] } },
{ "type": "Feature", "properties": { "OBJECTID": 2206, "id": "ATLANTA_1997_2024233301236", "x": -84.404861450195312, "y": 33.746440887451172, "robbery": 1 }, "geometry": { "type": "Point", "coordinates": [ -84.404861449999942, 33.746440887000063 ] } },
{ "type": "Feature", "properties": { "OBJECTID": 2207, "id": "ATLANTA_1997_2024233301334", "x": -84.38421630859375, "y": 33.837421417236328, "robbery": 1 }, "geometry": { "type": "Point", "coordinates": [ -84.384216308999953, 33.83742141700003 ] } },
{ "type": "Feature", "properties": { "OBJECTID": 2208, "id": "ATLANTA_1997_2024233301359", "x": -84.39898681640625, "y": 33.678920745849609, "robbery": 1 }, "geometry": { "type": "Point", "coordinates": [ -84.398986816, 33.678920746000074 ] } },
{ "type": "Feature", "properties": { "OBJECTID": 2209, "id": "ATLANTA_1997_2024233310868", "x": -84.405799865722656, "y": 33.784889221191406, "robbery": 1 }, "geometry": { "type": "Point", "coordinates": [ -84.405799865999938, 33.784889221000071 ] } },
{ "type": "Feature", "properties": { "OBJECTID": 2210, "id": "ATLANTA_1997_2024233311624", "x": -84.408271789550781, "y": 33.745609283447266, "robbery": 1 }, "geometry": { "type": "Point", "coordinates": [ -84.408271789999958, 33.745609283000078 ] } },
{ "type": "Feature", "properties": { "OBJECTID": 2211, "id": "ATLANTA_1997_2024233330053", "x": -84.379257202148438, "y": 33.706638336181641, "robbery": 1 }, "geometry": { "type": "Point", "coordinates": [ -84.379257201999962, 33.706638336000026 ] } },
{ "type": "Feature", "properties": { "OBJECTID": 2212, "id": "ATLANTA_1997_2024233330167", "x": -84.417953491210938, "y": 33.754470825195312, "robbery": 1 }, "geometry": { "type": "Point", "coordinates": [ -84.417953490999935, 33.754470825000055 ] } },
{ "type": "Feature", "properties": { "OBJECTID": 2213, "id": "ATLANTA_1997_2024233340647", "x": -84.437828063964844, "y": 33.772300720214844, "robbery": 1 }, "geometry": { "type": "Point", "coordinates": [ -84.437828063999973, 33.772300720000032 ] } },
{ "type": "Feature", "properties": { "OBJECTID": 2214, "id": "ATLANTA_1997_2024233340898", "x": -84.36688232421875, "y": 33.824951171875, "robbery": 1 }, "geometry": { "type": "Point", "coordinates": [ -84.36688232399996, 33.824951172000056 ] } },
{ "type": "Feature", "properties": { "OBJECTID": 2215, "id": "ATLANTA_1997_2024233340949", "x": -84.384246826171875, "y": 33.833690643310547, "robbery": 1 }, "geometry": { "type": "Point", "coordinates": [ -84.384246825999981, 33.833690643000068 ] } },
{ "type": "Feature", "properties": { "OBJECTID": 2216, "id": "ATLANTA_1997_2024233341586", "x": -84.37127685546875, "y": 33.798191070556641, "robbery": 1 }, "geometry": { "type": "Point", "coordinates": [ -84.371276854999962, 33.798191071000076 ] } },
{ "type": "Feature", "properties": { "OBJECTID": 2217, "id": "ATLANTA_1997_2024233350433", "x": -84.453643798828125, "y": 33.763961791992188, "robbery": 1 }, "geometry": { "type": "Point", "coordinates": [ -84.453643798999963, 33.763961792000032 ] } },
{ "type": "Feature", "properties": { "OBJECTID": 2218, "id": "ATLANTA_1997_2024233351727", "x": -84.460006713867188, "y": 33.785900115966797, "robbery": 1 }, "geometry": { "type": "Point", "coordinates": [ -84.460006713999974, 33.78590011600005 ] } },
{ "type": "Feature", "properties": { "OBJECTID": 2219, "id": "ATLANTA_1997_2024233361632", "x": -84.395866394042969, "y": 33.732158660888672, "robbery": 1 }, "geometry": { "type": "Point", "coordinates": [ -84.395866393999938, 33.732158661000028 ] } },
{ "type": "Feature", "properties": { "OBJECTID": 2220, "id": "ATLANTA_1997_2024233380165", "x": -84.459877014160156, "y": 33.783321380615234, "robbery": 1 }, "geometry": { "type": "Point", "coordinates": [ -84.459877013999971, 33.783321381000064 ] } },
{ "type": "Feature", "properties": { "OBJECTID": 2221, "id": "ATLANTA_1997_2024233390021", "x": -84.379753112792969, "y": 33.746578216552734, "robbery": 1 }, "geometry": { "type": "Point", "coordinates": [ -84.379753112999936, 33.746578217000035 ] } },
{ "type": "Feature", "properties": { "OBJECTID": 2222, "id": "ATLANTA_1997_2024233391297", "x": -84.510848999023438, "y": 33.764049530029297, "robbery": 1 }, "geometry": { "type": "Point", "coordinates": [ -84.510848998999961, 33.764049530000079 ] } },
{ "type": "Feature", "properties": { "OBJECTID": 2223, "id": "ATLANTA_1997_2024233401114", "x": -84.393272399902344, "y": 33.695819854736328, "robbery": 1 }, "geometry": { "type": "Point", "coordinates": [ -84.393272399999944, 33.695819855000025 ] } },
{ "type": "Feature", "properties": { "OBJECTID": 2224, "id": "ATLANTA_1997_2024233421878", "x": -84.36480712890625, "y": 33.852279663085938, "robbery": 1 }, "geometry": { "type": "Point", "coordinates": [ -84.364807128999985, 33.852279663000047 ] } },
{ "type": "Feature", "properties": { "OBJECTID": 2225, "id": "ATLANTA_1997_2024233440262", "x": -84.388702392578125, "y": 33.781028747558594, "robbery": 1 }, "geometry": { "type": "Point", "coordinates": [ -84.38870239299996, 33.78102874800004 ] } },
{ "type": "Feature", "properties": { "OBJECTID": 2226, "id": "ATLANTA_1997_2024233441517", "x": -84.425537109375, "y": 33.789661407470703, "robbery": 1 }, "geometry": { "type": "Point", "coordinates": [ -84.425537108999947, 33.78966140700004 ] } },
{ "type": "Feature", "properties": { "OBJECTID": 2227, "id": "ATLANTA_1997_2024233441597", "x": -84.414169311523438, "y": 33.682319641113281, "robbery": 1 }, "geometry": { "type": "Point", "coordinates": [ -84.414169311999956, 33.682319641000049 ] } },
{ "type": "Feature", "properties": { "OBJECTID": 2228, "id": "ATLANTA_1997_2024233450050", "x": -84.379913330078125, "y": 33.839969635009766, "robbery": 1 }, "geometry": { "type": "Point", "coordinates": [ -84.379913329999965, 33.839969635000045 ] } },
{ "type": "Feature", "properties": { "OBJECTID": 2229, "id": "ATLANTA_1997_2024233460093", "x": -84.36553955078125, "y": 33.703720092773438, "robbery": 1 }, "geometry": { "type": "Point", "coordinates": [ -84.365539550999983, 33.703720093000072 ] } },
{ "type": "Feature", "properties": { "OBJECTID": 2230, "id": "ATLANTA_1997_2024233460629", "x": -84.505867004394531, "y": 33.689739227294922, "robbery": 1 }, "geometry": { "type": "Point", "coordinates": [ -84.505867003999981, 33.689739227000075 ] } },
{ "type": "Feature", "properties": { "OBJECTID": 2231, "id": "ATLANTA_1997_2024233471159", "x": -84.474983215332031, "y": 33.785770416259766, "robbery": 1 }, "geometry": { "type": "Point", "coordinates": [ -84.474983214999952, 33.785770416000048 ] } },
{ "type": "Feature", "properties": { "OBJECTID": 2232, "id": "ATLANTA_1997_2024233480255", "x": -84.377517700195312, "y": 33.748199462890625, "robbery": 1 }, "geometry": { "type": "Point", "coordinates": [ -84.377517699999942, 33.748199463000049 ] } },
{ "type": "Feature", "properties": { "OBJECTID": 2233, "id": "ATLANTA_1997_2024233480261", "x": -84.393997192382812, "y": 33.741138458251953, "robbery": 1 }, "geometry": { "type": "Point", "coordinates": [ -84.393997191999972, 33.74113845800008 ] } },
{ "type": "Feature", "properties": { "OBJECTID": 2234, "id": "ATLANTA_1997_2024233480763", "x": -84.403350830078125, "y": 33.763679504394531, "robbery": 1 }, "geometry": { "type": "Point", "coordinates": [ -84.403350829999965, 33.763679504000038 ] } },
{ "type": "Feature", "properties": { "OBJECTID": 2235, "id": "ATLANTA_1997_2024233500893", "x": -84.39678955078125, "y": 33.748939514160156, "robbery": 1 }, "geometry": { "type": "Point", "coordinates": [ -84.396789550999983, 33.748939514000028 ] } },
{ "type": "Feature", "properties": { "OBJECTID": 2236, "id": "ATLANTA_1997_2024233501436", "x": -84.420623779296875, "y": 33.746650695800781, "robbery": 1 }, "geometry": { "type": "Point", "coordinates": [ -84.420623778999982, 33.746650696000074 ] } },
{ "type": "Feature", "properties": { "OBJECTID": 2237, "id": "ATLANTA_1997_2024233510357", "x": -84.413093566894531, "y": 33.807979583740234, "robbery": 1 }, "geometry": { "type": "Point", "coordinates": [ -84.413093566999976, 33.807979584000066 ] } },
{ "type": "Feature", "properties": { "OBJECTID": 2238, "id": "ATLANTA_1997_2024233510390", "x": -84.517593383789062, "y": 33.743869781494141, "robbery": 1 }, "geometry": { "type": "Point", "coordinates": [ -84.517593383999952, 33.743869781000058 ] } },
{ "type": "Feature", "properties": { "OBJECTID": 2239, "id": "ATLANTA_1997_2024233510668", "x": -84.38720703125, "y": 33.754261016845703, "robbery": 1 }, "geometry": { "type": "Point", "coordinates": [ -84.387207030999946, 33.754261017000033 ] } },
{ "type": "Feature", "properties": { "OBJECTID": 2240, "id": "ATLANTA_1997_2024233510937", "x": -84.385902404785156, "y": 33.786140441894531, "robbery": 1 }, "geometry": { "type": "Point", "coordinates": [ -84.385902404999968, 33.786140442000033 ] } },
{ "type": "Feature", "properties": { "OBJECTID": 2241, "id": "ATLANTA_1997_2024233510965", "x": -84.450668334960938, "y": 33.700550079345703, "robbery": 1 }, "geometry": { "type": "Point", "coordinates": [ -84.450668334999989, 33.700550079000038 ] } },
{ "type": "Feature", "properties": { "OBJECTID": 2242, "id": "ATLANTA_1997_2024233511527", "x": -84.505867004394531, "y": 33.689739227294922, "robbery": 1 }, "geometry": { "type": "Point", "coordinates": [ -84.505867003999981, 33.689739227000075 ] } },
{ "type": "Feature", "properties": { "OBJECTID": 2243, "id": "ATLANTA_1997_2024233521131", "x": -84.405258178710938, "y": 33.788810729980469, "robbery": 1 }, "geometry": { "type": "Point", "coordinates": [ -84.405258178999986, 33.78881073000008 ] } },
{ "type": "Feature", "properties": { "OBJECTID": 2244, "id": "ATLANTA_1997_2024233521522", "x": -84.349578857421875, "y": 33.746879577636719, "robbery": 1 }, "geometry": { "type": "Point", "coordinates": [ -84.349578856999983, 33.746879578000062 ] } },
{ "type": "Feature", "properties": { "OBJECTID": 2245, "id": "ATLANTA_1997_2024233530485", "x": -84.419578552246094, "y": 33.776409149169922, "robbery": 1 }, "geometry": { "type": "Point", "coordinates": [ -84.419578551999962, 33.776409149000074 ] } },
{ "type": "Feature", "properties": { "OBJECTID": 2246, "id": "ATLANTA_1997_2024233531877", "x": -84.496391296386719, "y": 33.748500823974609, "robbery": 1 }, "geometry": { "type": "Point", "coordinates": [ -84.496391295999956, 33.748500824000075 ] } },
{ "type": "Feature", "properties": { "OBJECTID": 2247, "id": "ATLANTA_1997_2024233531900", "x": -84.392799377441406, "y": 33.722869873046875, "robbery": 1 }, "geometry": { "type": "Point", "coordinates": [ -84.39279937699996, 33.722869873000036 ] } },
{ "type": "Feature", "properties": { "OBJECTID": 2248, "id": "ATLANTA_1997_2024233540005", "x": -84.411018371582031, "y": 33.797260284423828, "robbery": 1 }, "geometry": { "type": "Point", "coordinates": [ -84.411018371999944, 33.79726028400006 ] } },
{ "type": "Feature", "properties": { "OBJECTID": 2249, "id": "ATLANTA_1997_2024233540748", "x": -84.486122131347656, "y": 33.751140594482422, "robbery": 1 }, "geometry": { "type": "Point", "coordinates": [ -84.486122130999945, 33.751140594000049 ] } },
{ "type": "Feature", "properties": { "OBJECTID": 2250, "id": "ATLANTA_1997_2024233540781", "x": -84.459480285644531, "y": 33.705150604248047, "robbery": 1 }, "geometry": { "type": "Point", "coordinates": [ -84.459480285999973, 33.705150604000039 ] } },
{ "type": "Feature", "properties": { "OBJECTID": 2251, "id": "ATLANTA_1997_2024233540811", "x": -84.418281555175781, "y": 33.739688873291016, "robbery": 1 }, "geometry": { "type": "Point", "coordinates": [ -84.418281554999965, 33.739688873000034 ] } },
{ "type": "Feature", "properties": { "OBJECTID": 2252, "id": "ATLANTA_1997_2024233541510", "x": -84.534622192382812, "y": 33.697048187255859, "robbery": 1 }, "geometry": { "type": "Point", "coordinates": [ -84.534622191999972, 33.697048187000064 ] } },
{ "type": "Feature", "properties": { "OBJECTID": 2253, "id": "ATLANTA_1997_2024233541791", "x": -84.390899658203125, "y": 33.746921539306641, "robbery": 1 }, "geometry": { "type": "Point", "coordinates": [ -84.390899657999967, 33.746921539000027 ] } },
{ "type": "Feature", "properties": { "OBJECTID": 2254, "id": "ATLANTA_1997_2024233561202", "x": -84.407707214355469, "y": 33.751049041748047, "robbery": 1 }, "geometry": { "type": "Point", "coordinates": [ -84.40770721399997, 33.751049042000034 ] } },
{ "type": "Feature", "properties": { "OBJECTID": 2255, "id": "ATLANTA_1997_2024233581003", "x": -84.518417358398438, "y": 33.690929412841797, "robbery": 1 }, "geometry": { "type": "Point", "coordinates": [ -84.518417357999965, 33.690929413000049 ] } },
{ "type": "Feature", "properties": { "OBJECTID": 2256, "id": "ATLANTA_1997_2024233581447", "x": -84.403091430664062, "y": 33.791919708251953, "robbery": 1 }, "geometry": { "type": "Point", "coordinates": [ -84.40309143099995, 33.79191970800008 ] } },
{ "type": "Feature", "properties": { "OBJECTID": 2257, "id": "ATLANTA_1997_2024233590140", "x": -84.368446350097656, "y": 33.653018951416016, "robbery": 1 }, "geometry": { "type": "Point", "coordinates": [ -84.368446349999942, 33.653018951000035 ] } },
{ "type": "Feature", "properties": { "OBJECTID": 2258, "id": "ATLANTA_1997_2024233590223", "x": -84.370903015136719, "y": 33.804531097412109, "robbery": 1 }, "geometry": { "type": "Point", "coordinates": [ -84.370903014999953, 33.804531097000051 ] } },
{ "type": "Feature", "properties": { "OBJECTID": 2259, "id": "ATLANTA_1997_2024233601325", "x": -84.3978271484375, "y": 33.742599487304688, "robbery": 1 }, "geometry": { "type": "Point", "coordinates": [ -84.397827147999976, 33.742599487000064 ] } },
{ "type": "Feature", "properties": { "OBJECTID": 2260, "id": "ATLANTA_1997_2024233601704", "x": -84.487136840820312, "y": 33.678558349609375, "robbery": 1 }, "geometry": { "type": "Point", "coordinates": [ -84.487136840999938, 33.67855835000006 ] } },
{ "type": "Feature", "properties": { "OBJECTID": 2261, "id": "ATLANTA_1997_2024233601719", "x": -84.408897399902344, "y": 33.764308929443359, "robbery": 1 }, "geometry": { "type": "Point", "coordinates": [ -84.408897399999944, 33.764308929000038 ] } },
{ "type": "Feature", "properties": { "OBJECTID": 2262, "id": "ATLANTA_1997_2024233610214", "x": -84.387847900390625, "y": 33.742549896240234, "robbery": 1 }, "geometry": { "type": "Point", "coordinates": [ -84.38784789999994, 33.742549896000071 ] } },
{ "type": "Feature", "properties": { "OBJECTID": 2263, "id": "ATLANTA_1997_2024233610978", "x": -84.421302795410156, "y": 33.749210357666016, "robbery": 1 }, "geometry": { "type": "Point", "coordinates": [ -84.421302794999974, 33.749210358000028 ] } },
{ "type": "Feature", "properties": { "OBJECTID": 2264, "id": "ATLANTA_1997_2024233611699", "x": -84.382270812988281, "y": 33.770599365234375, "robbery": 1 }, "geometry": { "type": "Point", "coordinates": [ -84.382270812999934, 33.770599365000066 ] } },
{ "type": "Feature", "properties": { "OBJECTID": 2265, "id": "ATLANTA_1997_2024233620276", "x": -84.412162780761719, "y": 33.783008575439453, "robbery": 1 }, "geometry": { "type": "Point", "coordinates": [ -84.41216278099995, 33.783008575000053 ] } },
{ "type": "Feature", "properties": { "OBJECTID": 2266, "id": "ATLANTA_1997_2024233621867", "x": -84.382301330566406, "y": 33.779209136962891, "robbery": 1 }, "geometry": { "type": "Point", "coordinates": [ -84.382301330999951, 33.779209137000066 ] } },
{ "type": "Feature", "properties": { "OBJECTID": 2267, "id": "ATLANTA_1997_2024233651160", "x": -84.394569396972656, "y": 33.792709350585938, "robbery": 1 }, "geometry": { "type": "Point", "coordinates": [ -84.394569396999941, 33.792709351000042 ] } },
{ "type": "Feature", "properties": { "OBJECTID": 2268, "id": "ATLANTA_1997_2024243580040", "x": -84.4134521484375, "y": 33.759208679199219, "robbery": 1 }, "geometry": { "type": "Point", "coordinates": [ -84.413452147999976, 33.759208679000039 ] } }
]
}
