{
"type": "FeatureCollection",
"name": "denver_rob",
"crs": { "type": "name", "properties": { "name": "urn:ogc:def:crs:OGC:1.3:CRS84" } },
"features": [
{ "type": "Feature", "properties": { "OBJECTID": 30087, "id": "DENVER_2020_20242.02150e+10", "x": -104.99938201904297, "y": 39.77655029296875, "robbery": 1 }, "geometry": { "type": "Point", "coordinates": [ -104.999382018999938, 39.776550293000071 ] } },
{ "type": "Feature", "properties": { "OBJECTID": 30088, "id": "DENVER_2020_20242.02180e+10", "x": -104.67382049560547, "y": 39.848941802978516, "robbery": 1 }, "geometry": { "type": "Point", "coordinates": [ -104.673820495999962, 39.848941803000059 ] } },
{ "type": "Feature", "properties": { "OBJECTID": 30089, "id": "DENVER_2020_20242.02230e+10", "x": -104.97511291503906, "y": 39.739860534667969, "robbery": 1 }, "geometry": { "type": "Point", "coordinates": [ -104.975112914999954, 39.739860535000048 ] } },
{ "type": "Feature", "properties": { "OBJECTID": 30090, "id": "DENVER_2020_20242.02260e+10", "x": -104.97590637207031, "y": 39.772991180419922, "robbery": 1 }, "geometry": { "type": "Point", "coordinates": [ -104.97590637199994, 39.772991180000076 ] } },
{ "type": "Feature", "properties": { "OBJECTID": 30091, "id": "DENVER_2020_20242.02280e+10", "x": -104.69004821777344, "y": 39.836280822753906, "robbery": 1 }, "geometry": { "type": "Point", "coordinates": [ -104.690048217999959, 39.836280823000038 ] } },
{ "type": "Feature", "properties": { "OBJECTID": 30092, "id": "DENVER_2020_20242.02296e+10", "x": -104.93948364257812, "y": 39.787269592285156, "robbery": 1 }, "geometry": { "type": "Point", "coordinates": [ -104.93948364299996, 39.78726959200003 ] } },
{ "type": "Feature", "properties": { "OBJECTID": 30093, "id": "DENVER_2020_20242.02380e+10", "x": -104.72049713134766, "y": 39.836040496826172, "robbery": 1 }, "geometry": { "type": "Point", "coordinates": [ -104.720497130999945, 39.836040497000056 ] } },
{ "type": "Feature", "properties": { "OBJECTID": 30094, "id": "DENVER_2020_20242.02381e+10", "x": -104.70442199707031, "y": 39.830898284912109, "robbery": 1 }, "geometry": { "type": "Point", "coordinates": [ -104.70442199699994, 39.830898285000046 ] } },
{ "type": "Feature", "properties": { "OBJECTID": 30095, "id": "DENVER_2020_20242020756394", "x": -104.90538024902344, "y": 39.692340850830078, "robbery": 1 }, "geometry": { "type": "Point", "coordinates": [ -104.905380248999961, 39.69234085100004 ] } },
{ "type": "Feature", "properties": { "OBJECTID": 30096, "id": "DENVER_2020_20242021101196", "x": -105.02842712402344, "y": 39.738811492919922, "robbery": 1 }, "geometry": { "type": "Point", "coordinates": [ -105.028427123999961, 39.738811493000071 ] } },
{ "type": "Feature", "properties": { "OBJECTID": 30097, "id": "DENVER_2020_2024202110151", "x": -104.83643341064453, "y": 39.778118133544922, "robbery": 1 }, "geometry": { "type": "Point", "coordinates": [ -104.836433410999973, 39.778118134000067 ] } },
{ "type": "Feature", "properties": { "OBJECTID": 30098, "id": "DENVER_2020_20242021102371", "x": -104.89351654052734, "y": 39.740360260009766, "robbery": 1 }, "geometry": { "type": "Point", "coordinates": [ -104.89351654099994, 39.740360260000045 ] } },
{ "type": "Feature", "properties": { "OBJECTID": 30099, "id": "DENVER_2020_20242021104050", "x": -104.97795867919922, "y": 39.789600372314453, "robbery": 1 }, "geometry": { "type": "Point", "coordinates": [ -104.977958678999983, 39.789600372000052 ] } },
{ "type": "Feature", "properties": { "OBJECTID": 30100, "id": "DENVER_2020_20242021104059", "x": -105.0257568359375, "y": 39.689071655273438, "robbery": 1 }, "geometry": { "type": "Point", "coordinates": [ -105.025756835999971, 39.689071655000077 ] } },
{ "type": "Feature", "properties": { "OBJECTID": 30101, "id": "DENVER_2020_20242021104092", "x": -104.99112701416016, "y": 39.718681335449219, "robbery": 1 }, "geometry": { "type": "Point", "coordinates": [ -104.991127013999971, 39.718681335000042 ] } },
{ "type": "Feature", "properties": { "OBJECTID": 30102, "id": "DENVER_2020_20242021104137", "x": -104.94603729248047, "y": 39.66339111328125, "robbery": 1 }, "geometry": { "type": "Point", "coordinates": [ -104.946037291999971, 39.663391113000046 ] } },
{ "type": "Feature", "properties": { "OBJECTID": 30103, "id": "DENVER_2020_20242021104827", "x": -104.98040008544922, "y": 39.740139007568359, "robbery": 1 }, "geometry": { "type": "Point", "coordinates": [ -104.980400084999985, 39.740139008000028 ] } },
{ "type": "Feature", "properties": { "OBJECTID": 30104, "id": "DENVER_2020_20242021105525", "x": -104.97817993164062, "y": 39.747501373291016, "robbery": 1 }, "geometry": { "type": "Point", "coordinates": [ -104.978179931999989, 39.747501373000034 ] } },
{ "type": "Feature", "properties": { "OBJECTID": 30105, "id": "DENVER_2020_20242021105589", "x": -104.94023895263672, "y": 39.685989379882812, "robbery": 1 }, "geometry": { "type": "Point", "coordinates": [ -104.940238952999948, 39.68598938000008 ] } },
{ "type": "Feature", "properties": { "OBJECTID": 30106, "id": "DENVER_2020_20242021109792", "x": -104.97115325927734, "y": 39.755908966064453, "robbery": 1 }, "geometry": { "type": "Point", "coordinates": [ -104.971153258999948, 39.75590896600005 ] } },
{ "type": "Feature", "properties": { "OBJECTID": 30107, "id": "DENVER_2020_20242021110841", "x": -104.98647308349609, "y": 39.748241424560547, "robbery": 1 }, "geometry": { "type": "Point", "coordinates": [ -104.986473082999964, 39.74824142500006 ] } },
{ "type": "Feature", "properties": { "OBJECTID": 30108, "id": "DENVER_2020_20242021112012", "x": -105.03536224365234, "y": 39.709239959716797, "robbery": 1 }, "geometry": { "type": "Point", "coordinates": [ -105.035362243999941, 39.709239960000048 ] } },
{ "type": "Feature", "properties": { "OBJECTID": 30109, "id": "DENVER_2020_20242021113873", "x": -104.98040008544922, "y": 39.740139007568359, "robbery": 1 }, "geometry": { "type": "Point", "coordinates": [ -104.980400084999985, 39.740139008000028 ] } },
{ "type": "Feature", "properties": { "OBJECTID": 30110, "id": "DENVER_2020_20242021114091", "x": -105.00240325927734, "y": 39.754741668701172, "robbery": 1 }, "geometry": { "type": "Point", "coordinates": [ -105.002403258999948, 39.754741669000055 ] } },
{ "type": "Feature", "properties": { "OBJECTID": 30111, "id": "DENVER_2020_20242021115197", "x": -104.8988037109375, "y": 39.725559234619141, "robbery": 1 }, "geometry": { "type": "Point", "coordinates": [ -104.898803710999971, 39.725559235000048 ] } },
{ "type": "Feature", "properties": { "OBJECTID": 30112, "id": "DENVER_2020_2024202111635", "x": -105.03227233886719, "y": 39.740329742431641, "robbery": 1 }, "geometry": { "type": "Point", "coordinates": [ -105.032272338999974, 39.740329742000029 ] } },
{ "type": "Feature", "properties": { "OBJECTID": 30113, "id": "DENVER_2020_20242021116588", "x": -104.96600341796875, "y": 39.741630554199219, "robbery": 1 }, "geometry": { "type": "Point", "coordinates": [ -104.966003417999957, 39.741630554000039 ] } },
{ "type": "Feature", "properties": { "OBJECTID": 30114, "id": "DENVER_2020_20242021116891", "x": -105.01319885253906, "y": 39.789409637451172, "robbery": 1 }, "geometry": { "type": "Point", "coordinates": [ -105.013198852999949, 39.789409637000063 ] } },
{ "type": "Feature", "properties": { "OBJECTID": 30115, "id": "DENVER_2020_20242021118234", "x": -104.92543029785156, "y": 39.740470886230469, "robbery": 1 }, "geometry": { "type": "Point", "coordinates": [ -104.925430297999981, 39.740470886000026 ] } },
{ "type": "Feature", "properties": { "OBJECTID": 30116, "id": "DENVER_2020_20242021119052", "x": -104.99214935302734, "y": 39.718391418457031, "robbery": 1 }, "geometry": { "type": "Point", "coordinates": [ -104.992149352999945, 39.718391418000067 ] } },
{ "type": "Feature", "properties": { "OBJECTID": 30117, "id": "DENVER_2020_20242021119996", "x": -104.90582275390625, "y": 39.653560638427734, "robbery": 1 }, "geometry": { "type": "Point", "coordinates": [ -104.905822753999985, 39.653560638000044 ] } },
{ "type": "Feature", "properties": { "OBJECTID": 30118, "id": "DENVER_2020_20242021120004", "x": -105.02971649169922, "y": 39.705600738525391, "robbery": 1 }, "geometry": { "type": "Point", "coordinates": [ -105.029716491999977, 39.705600739000033 ] } },
{ "type": "Feature", "properties": { "OBJECTID": 30119, "id": "DENVER_2020_20242021120875", "x": -104.97917175292969, "y": 39.729480743408203, "robbery": 1 }, "geometry": { "type": "Point", "coordinates": [ -104.979171752999946, 39.729480743000067 ] } },
{ "type": "Feature", "properties": { "OBJECTID": 30120, "id": "DENVER_2020_20242021121202", "x": -105.00132751464844, "y": 39.710418701171875, "robbery": 1 }, "geometry": { "type": "Point", "coordinates": [ -105.001327514999957, 39.710418701000037 ] } },
{ "type": "Feature", "properties": { "OBJECTID": 30121, "id": "DENVER_2020_20242021122126", "x": -104.99857330322266, "y": 39.758579254150391, "robbery": 1 }, "geometry": { "type": "Point", "coordinates": [ -104.998573302999944, 39.75857925400004 ] } },
{ "type": "Feature", "properties": { "OBJECTID": 30122, "id": "DENVER_2020_20242021122127", "x": -104.91499328613281, "y": 39.653579711914062, "robbery": 1 }, "geometry": { "type": "Point", "coordinates": [ -104.914993285999969, 39.653579712000067 ] } },
{ "type": "Feature", "properties": { "OBJECTID": 30123, "id": "DENVER_2020_20242021122189", "x": -105.0247802734375, "y": 39.786079406738281, "robbery": 1 }, "geometry": { "type": "Point", "coordinates": [ -105.024780272999976, 39.786079407000045 ] } },
{ "type": "Feature", "properties": { "OBJECTID": 30124, "id": "DENVER_2020_2024202112228", "x": -104.98705291748047, "y": 39.764339447021484, "robbery": 1 }, "geometry": { "type": "Point", "coordinates": [ -104.987052916999971, 39.764339447000054 ] } },
{ "type": "Feature", "properties": { "OBJECTID": 30125, "id": "DENVER_2020_20242021122976", "x": -104.76982879638672, "y": 39.810390472412109, "robbery": 1 }, "geometry": { "type": "Point", "coordinates": [ -104.769828795999956, 39.810390472000051 ] } },
{ "type": "Feature", "properties": { "OBJECTID": 30126, "id": "DENVER_2020_20242021123130", "x": -104.90396118164062, "y": 39.767238616943359, "robbery": 1 }, "geometry": { "type": "Point", "coordinates": [ -104.903961181999989, 39.767238617000032 ] } },
{ "type": "Feature", "properties": { "OBJECTID": 30127, "id": "DENVER_2020_20242021124434", "x": -104.82431793212891, "y": 39.792678833007812, "robbery": 1 }, "geometry": { "type": "Point", "coordinates": [ -104.824317931999985, 39.792678833000025 ] } },
{ "type": "Feature", "properties": { "OBJECTID": 30128, "id": "DENVER_2020_20242021125201", "x": -104.76982879638672, "y": 39.810390472412109, "robbery": 1 }, "geometry": { "type": "Point", "coordinates": [ -104.769828795999956, 39.810390472000051 ] } },
{ "type": "Feature", "properties": { "OBJECTID": 30129, "id": "DENVER_2020_20242021125372", "x": -105.03819274902344, "y": 39.70233154296875, "robbery": 1 }, "geometry": { "type": "Point", "coordinates": [ -105.038192748999961, 39.702331543000071 ] } },
{ "type": "Feature", "properties": { "OBJECTID": 30130, "id": "DENVER_2020_2024202112602", "x": -104.91649627685547, "y": 39.739921569824219, "robbery": 1 }, "geometry": { "type": "Point", "coordinates": [ -104.916496276999965, 39.739921570000035 ] } },
{ "type": "Feature", "properties": { "OBJECTID": 30131, "id": "DENVER_2020_20242021127799", "x": -104.98110198974609, "y": 39.740020751953125, "robbery": 1 }, "geometry": { "type": "Point", "coordinates": [ -104.981101989999956, 39.740020752000078 ] } },
{ "type": "Feature", "properties": { "OBJECTID": 30132, "id": "DENVER_2020_20242021129282", "x": -104.77346801757812, "y": 39.776798248291016, "robbery": 1 }, "geometry": { "type": "Point", "coordinates": [ -104.77346801799996, 39.776798248000034 ] } },
{ "type": "Feature", "properties": { "OBJECTID": 30133, "id": "DENVER_2020_20242021129335", "x": -104.98755645751953, "y": 39.700698852539062, "robbery": 1 }, "geometry": { "type": "Point", "coordinates": [ -104.987556457999972, 39.700698853000063 ] } },
{ "type": "Feature", "properties": { "OBJECTID": 30134, "id": "DENVER_2020_20242021129831", "x": -104.94024658203125, "y": 39.676399230957031, "robbery": 1 }, "geometry": { "type": "Point", "coordinates": [ -104.940246581999986, 39.676399231000062 ] } },
{ "type": "Feature", "properties": { "OBJECTID": 30135, "id": "DENVER_2020_20242021130255", "x": -104.93592071533203, "y": 39.682670593261719, "robbery": 1 }, "geometry": { "type": "Point", "coordinates": [ -104.935920714999952, 39.682670593000068 ] } },
{ "type": "Feature", "properties": { "OBJECTID": 30136, "id": "DENVER_2020_20242021132095", "x": -104.96382141113281, "y": 39.740280151367188, "robbery": 1 }, "geometry": { "type": "Point", "coordinates": [ -104.963821410999969, 39.740280151000036 ] } },
{ "type": "Feature", "properties": { "OBJECTID": 30137, "id": "DENVER_2020_20242021132296", "x": -104.77271270751953, "y": 39.781970977783203, "robbery": 1 }, "geometry": { "type": "Point", "coordinates": [ -104.772712707999972, 39.781970978000061 ] } },
{ "type": "Feature", "properties": { "OBJECTID": 30138, "id": "DENVER_2020_20242021132857", "x": -105.00234222412109, "y": 39.754890441894531, "robbery": 1 }, "geometry": { "type": "Point", "coordinates": [ -105.00234222399996, 39.754890442000033 ] } },
{ "type": "Feature", "properties": { "OBJECTID": 30139, "id": "DENVER_2020_20242021135291", "x": -104.89766693115234, "y": 39.768260955810547, "robbery": 1 }, "geometry": { "type": "Point", "coordinates": [ -104.897666930999947, 39.768260956000063 ] } },
{ "type": "Feature", "properties": { "OBJECTID": 30140, "id": "DENVER_2020_20242021135660", "x": -104.98220825195312, "y": 39.747608184814453, "robbery": 1 }, "geometry": { "type": "Point", "coordinates": [ -104.982208251999964, 39.747608185000047 ] } },
{ "type": "Feature", "properties": { "OBJECTID": 30141, "id": "DENVER_2020_20242021135678", "x": -104.98931121826172, "y": 39.751350402832031, "robbery": 1 }, "geometry": { "type": "Point", "coordinates": [ -104.989311217999955, 39.75135040300006 ] } },
{ "type": "Feature", "properties": { "OBJECTID": 30142, "id": "DENVER_2020_20242021135730", "x": -104.94097137451172, "y": 39.758010864257812, "robbery": 1 }, "geometry": { "type": "Point", "coordinates": [ -104.940971374999947, 39.758010864000028 ] } },
{ "type": "Feature", "properties": { "OBJECTID": 30143, "id": "DENVER_2020_20242021136231", "x": -104.96508026123047, "y": 39.672199249267578, "robbery": 1 }, "geometry": { "type": "Point", "coordinates": [ -104.965080260999969, 39.672199249000073 ] } },
{ "type": "Feature", "properties": { "OBJECTID": 30144, "id": "DENVER_2020_20242021136666", "x": -104.84632110595703, "y": 39.779159545898438, "robbery": 1 }, "geometry": { "type": "Point", "coordinates": [ -104.846321105999948, 39.779159546000074 ] } },
{ "type": "Feature", "properties": { "OBJECTID": 30145, "id": "DENVER_2020_20242021139583", "x": -104.98760223388672, "y": 39.732551574707031, "robbery": 1 }, "geometry": { "type": "Point", "coordinates": [ -104.987602233999951, 39.732551575000059 ] } },
{ "type": "Feature", "properties": { "OBJECTID": 30146, "id": "DENVER_2020_20242021140313", "x": -104.98560333251953, "y": 39.749881744384766, "robbery": 1 }, "geometry": { "type": "Point", "coordinates": [ -104.985603332999972, 39.749881744000049 ] } },
{ "type": "Feature", "properties": { "OBJECTID": 30147, "id": "DENVER_2020_2024202114048", "x": -105.02329254150391, "y": 39.723079681396484, "robbery": 1 }, "geometry": { "type": "Point", "coordinates": [ -105.023292541999979, 39.723079681000058 ] } },
{ "type": "Feature", "properties": { "OBJECTID": 30148, "id": "DENVER_2020_20242021140492", "x": -104.922607421875, "y": 39.678230285644531, "robbery": 1 }, "geometry": { "type": "Point", "coordinates": [ -104.922607421999942, 39.67823028600003 ] } },
{ "type": "Feature", "properties": { "OBJECTID": 30149, "id": "DENVER_2020_20242021141878", "x": -104.84657287597656, "y": 39.780750274658203, "robbery": 1 }, "geometry": { "type": "Point", "coordinates": [ -104.846572875999982, 39.780750275000059 ] } },
{ "type": "Feature", "properties": { "OBJECTID": 30150, "id": "DENVER_2020_20242021145721", "x": -104.98148345947266, "y": 39.739730834960938, "robbery": 1 }, "geometry": { "type": "Point", "coordinates": [ -104.981483458999946, 39.739730835000046 ] } },
{ "type": "Feature", "properties": { "OBJECTID": 30151, "id": "DENVER_2020_2024202114599", "x": -104.90280151367188, "y": 39.694671630859375, "robbery": 1 }, "geometry": { "type": "Point", "coordinates": [ -104.902801513999975, 39.694671631000062 ] } },
{ "type": "Feature", "properties": { "OBJECTID": 30152, "id": "DENVER_2020_20242021146225", "x": -104.95571136474609, "y": 39.717529296875, "robbery": 1 }, "geometry": { "type": "Point", "coordinates": [ -104.955711364999956, 39.717529297000056 ] } },
{ "type": "Feature", "properties": { "OBJECTID": 30153, "id": "DENVER_2020_20242021146741", "x": -105.00052642822266, "y": 39.755130767822266, "robbery": 1 }, "geometry": { "type": "Point", "coordinates": [ -105.000526427999944, 39.755130768000072 ] } },
{ "type": "Feature", "properties": { "OBJECTID": 30154, "id": "DENVER_2020_20242021147602", "x": -104.97801208496094, "y": 39.739810943603516, "robbery": 1 }, "geometry": { "type": "Point", "coordinates": [ -104.978012084999989, 39.739810944000055 ] } },
{ "type": "Feature", "properties": { "OBJECTID": 30155, "id": "DENVER_2020_20242021147683", "x": -104.99701690673828, "y": 39.695781707763672, "robbery": 1 }, "geometry": { "type": "Point", "coordinates": [ -104.997016906999988, 39.695781708000027 ] } },
{ "type": "Feature", "properties": { "OBJECTID": 30156, "id": "DENVER_2020_20242021147742", "x": -104.99127197265625, "y": 39.708980560302734, "robbery": 1 }, "geometry": { "type": "Point", "coordinates": [ -104.991271972999982, 39.708980560000043 ] } },
{ "type": "Feature", "properties": { "OBJECTID": 30157, "id": "DENVER_2020_2024202114816", "x": -104.99186706542969, "y": 39.748390197753906, "robbery": 1 }, "geometry": { "type": "Point", "coordinates": [ -104.991867064999951, 39.748390198000038 ] } },
{ "type": "Feature", "properties": { "OBJECTID": 30158, "id": "DENVER_2020_20242021150125", "x": -105.04958343505859, "y": 39.729290008544922, "robbery": 1 }, "geometry": { "type": "Point", "coordinates": [ -105.049583434999988, 39.729290009000067 ] } },
{ "type": "Feature", "properties": { "OBJECTID": 30159, "id": "DENVER_2020_2024202115198", "x": -104.98211669921875, "y": 39.739910125732422, "robbery": 1 }, "geometry": { "type": "Point", "coordinates": [ -104.98211669899996, 39.739910126000041 ] } },
{ "type": "Feature", "properties": { "OBJECTID": 30160, "id": "DENVER_2020_20242021152501", "x": -104.84633636474609, "y": 39.775558471679688, "robbery": 1 }, "geometry": { "type": "Point", "coordinates": [ -104.846336364999956, 39.775558472000057 ] } },
{ "type": "Feature", "properties": { "OBJECTID": 30161, "id": "DENVER_2020_20242021152676", "x": -104.84831237792969, "y": 39.779960632324219, "robbery": 1 }, "geometry": { "type": "Point", "coordinates": [ -104.848312377999946, 39.779960632000041 ] } },
{ "type": "Feature", "properties": { "OBJECTID": 30162, "id": "DENVER_2020_20242021153221", "x": -104.84295654296875, "y": 39.784000396728516, "robbery": 1 }, "geometry": { "type": "Point", "coordinates": [ -104.842956542999957, 39.784000397000057 ] } },
{ "type": "Feature", "properties": { "OBJECTID": 30163, "id": "DENVER_2020_20242021153931", "x": -104.88446044921875, "y": 39.65338134765625, "robbery": 1 }, "geometry": { "type": "Point", "coordinates": [ -104.88446044899996, 39.653381348000039 ] } },
{ "type": "Feature", "properties": { "OBJECTID": 30164, "id": "DENVER_2020_20242021154828", "x": -104.98760223388672, "y": 39.750400543212891, "robbery": 1 }, "geometry": { "type": "Point", "coordinates": [ -104.987602233999951, 39.750400543000069 ] } },
{ "type": "Feature", "properties": { "OBJECTID": 30165, "id": "DENVER_2020_20242021156670", "x": -104.98001861572266, "y": 39.740268707275391, "robbery": 1 }, "geometry": { "type": "Point", "coordinates": [ -104.980018615999938, 39.740268707000041 ] } },
{ "type": "Feature", "properties": { "OBJECTID": 30166, "id": "DENVER_2020_20242021157200", "x": -104.93604278564453, "y": 39.761001586914062, "robbery": 1 }, "geometry": { "type": "Point", "coordinates": [ -104.936042785999973, 39.761001587000067 ] } },
{ "type": "Feature", "properties": { "OBJECTID": 30167, "id": "DENVER_2020_20242021158072", "x": -104.84841156005859, "y": 39.782741546630859, "robbery": 1 }, "geometry": { "type": "Point", "coordinates": [ -104.848411559999988, 39.782741547000057 ] } },
{ "type": "Feature", "properties": { "OBJECTID": 30168, "id": "DENVER_2020_20242021158955", "x": -104.91500854492188, "y": 39.666908264160156, "robbery": 1 }, "geometry": { "type": "Point", "coordinates": [ -104.915008544999978, 39.666908264000028 ] } },
{ "type": "Feature", "properties": { "OBJECTID": 30169, "id": "DENVER_2020_20242021159389", "x": -104.99635314941406, "y": 39.744670867919922, "robbery": 1 }, "geometry": { "type": "Point", "coordinates": [ -104.996353148999958, 39.744670868000071 ] } },
{ "type": "Feature", "properties": { "OBJECTID": 30170, "id": "DENVER_2020_20242021160180", "x": -104.97846221923828, "y": 39.78546142578125, "robbery": 1 }, "geometry": { "type": "Point", "coordinates": [ -104.978462218999937, 39.78546142600004 ] } },
{ "type": "Feature", "properties": { "OBJECTID": 30171, "id": "DENVER_2020_20242021160719", "x": -104.97335815429688, "y": 39.754550933837891, "robbery": 1 }, "geometry": { "type": "Point", "coordinates": [ -104.973358153999982, 39.754550934000065 ] } },
{ "type": "Feature", "properties": { "OBJECTID": 30172, "id": "DENVER_2020_2024202116098", "x": -104.96910858154297, "y": 39.764629364013672, "robbery": 1 }, "geometry": { "type": "Point", "coordinates": [ -104.969108582, 39.764629364000029 ] } },
{ "type": "Feature", "properties": { "OBJECTID": 30173, "id": "DENVER_2020_20242021161094", "x": -105.00361633300781, "y": 39.739700317382812, "robbery": 1 }, "geometry": { "type": "Point", "coordinates": [ -105.003616332999968, 39.739700317000029 ] } },
{ "type": "Feature", "properties": { "OBJECTID": 30174, "id": "DENVER_2020_20242021161255", "x": -105.02478790283203, "y": 39.788959503173828, "robbery": 1 }, "geometry": { "type": "Point", "coordinates": [ -105.024787902999947, 39.788959503000058 ] } },
{ "type": "Feature", "properties": { "OBJECTID": 30175, "id": "DENVER_2020_20242021161457", "x": -104.91049957275391, "y": 39.740150451660156, "robbery": 1 }, "geometry": { "type": "Point", "coordinates": [ -104.910499572999981, 39.74015045200008 ] } },
{ "type": "Feature", "properties": { "OBJECTID": 30176, "id": "DENVER_2020_2024202116150", "x": -104.99394989013672, "y": 39.746528625488281, "robbery": 1 }, "geometry": { "type": "Point", "coordinates": [ -104.993949889999953, 39.746528625000053 ] } },
{ "type": "Feature", "properties": { "OBJECTID": 30177, "id": "DENVER_2020_20242021162165", "x": -104.97801208496094, "y": 39.739810943603516, "robbery": 1 }, "geometry": { "type": "Point", "coordinates": [ -104.978012084999989, 39.739810944000055 ] } },
{ "type": "Feature", "properties": { "OBJECTID": 30178, "id": "DENVER_2020_20242021162276", "x": -104.99134063720703, "y": 39.709190368652344, "robbery": 1 }, "geometry": { "type": "Point", "coordinates": [ -104.991340636999951, 39.709190369000055 ] } },
{ "type": "Feature", "properties": { "OBJECTID": 30179, "id": "DENVER_2020_20242021162676", "x": -104.97746276855469, "y": 39.724849700927734, "robbery": 1 }, "geometry": { "type": "Point", "coordinates": [ -104.977462768999942, 39.724849701000039 ] } },
{ "type": "Feature", "properties": { "OBJECTID": 30180, "id": "DENVER_2020_20242021162765", "x": -105.02665710449219, "y": 39.785289764404297, "robbery": 1 }, "geometry": { "type": "Point", "coordinates": [ -105.02665710399998, 39.785289764000026 ] } },
{ "type": "Feature", "properties": { "OBJECTID": 30181, "id": "DENVER_2020_2024202116390", "x": -104.93974304199219, "y": 39.688930511474609, "robbery": 1 }, "geometry": { "type": "Point", "coordinates": [ -104.939743041999975, 39.688930511000081 ] } },
{ "type": "Feature", "properties": { "OBJECTID": 30182, "id": "DENVER_2020_20242021164192", "x": -104.99266815185547, "y": 39.751720428466797, "robbery": 1 }, "geometry": { "type": "Point", "coordinates": [ -104.992668151999965, 39.751720428000056 ] } },
{ "type": "Feature", "properties": { "OBJECTID": 30183, "id": "DENVER_2020_20242021166186", "x": -104.94022369384766, "y": 39.757339477539062, "robbery": 1 }, "geometry": { "type": "Point", "coordinates": [ -104.94022369399994, 39.757339478000063 ] } },
{ "type": "Feature", "properties": { "OBJECTID": 30184, "id": "DENVER_2020_20242021169037", "x": -104.99706268310547, "y": 39.748821258544922, "robbery": 1 }, "geometry": { "type": "Point", "coordinates": [ -104.997062682999967, 39.748821259000067 ] } },
{ "type": "Feature", "properties": { "OBJECTID": 30185, "id": "DENVER_2020_20242021169343", "x": -105.04559326171875, "y": 39.769229888916016, "robbery": 1 }, "geometry": { "type": "Point", "coordinates": [ -105.045593261999954, 39.76922988900003 ] } },
{ "type": "Feature", "properties": { "OBJECTID": 30186, "id": "DENVER_2020_2024202116968", "x": -105.00234222412109, "y": 39.754890441894531, "robbery": 1 }, "geometry": { "type": "Point", "coordinates": [ -105.00234222399996, 39.754890442000033 ] } },
{ "type": "Feature", "properties": { "OBJECTID": 30187, "id": "DENVER_2020_2024202117030", "x": -105.00408935546875, "y": 39.730510711669922, "robbery": 1 }, "geometry": { "type": "Point", "coordinates": [ -105.004089354999962, 39.730510712000068 ] } },
{ "type": "Feature", "properties": { "OBJECTID": 30188, "id": "DENVER_2020_20242021170323", "x": -104.99922180175781, "y": 39.713161468505859, "robbery": 1 }, "geometry": { "type": "Point", "coordinates": [ -104.999221801999965, 39.713161469000056 ] } },
{ "type": "Feature", "properties": { "OBJECTID": 30189, "id": "DENVER_2020_20242021170699", "x": -105.01003265380859, "y": 39.775409698486328, "robbery": 1 }, "geometry": { "type": "Point", "coordinates": [ -105.010032653999986, 39.775409698000033 ] } },
{ "type": "Feature", "properties": { "OBJECTID": 30190, "id": "DENVER_2020_20242021171047", "x": -104.98811340332031, "y": 39.755081176757812, "robbery": 1 }, "geometry": { "type": "Point", "coordinates": [ -104.988113402999943, 39.755081177000079 ] } },
{ "type": "Feature", "properties": { "OBJECTID": 30191, "id": "DENVER_2020_202420211714", "x": -104.97238159179688, "y": 39.677570343017578, "robbery": 1 }, "geometry": { "type": "Point", "coordinates": [ -104.972381591999977, 39.67757034300007 ] } },
{ "type": "Feature", "properties": { "OBJECTID": 30192, "id": "DENVER_2020_20242021171962", "x": -105.01994323730469, "y": 39.679218292236328, "robbery": 1 }, "geometry": { "type": "Point", "coordinates": [ -105.01994323699995, 39.67921829200003 ] } },
{ "type": "Feature", "properties": { "OBJECTID": 30193, "id": "DENVER_2020_20242021173330", "x": -105.05264282226562, "y": 39.740779876708984, "robbery": 1 }, "geometry": { "type": "Point", "coordinates": [ -105.052642821999939, 39.74077987700008 ] } },
{ "type": "Feature", "properties": { "OBJECTID": 30194, "id": "DENVER_2020_20242021174799", "x": -105.02641296386719, "y": 39.675228118896484, "robbery": 1 }, "geometry": { "type": "Point", "coordinates": [ -105.026412963999974, 39.675228119000053 ] } },
{ "type": "Feature", "properties": { "OBJECTID": 30195, "id": "DENVER_2020_20242021174809", "x": -104.77243041992188, "y": 39.783039093017578, "robbery": 1 }, "geometry": { "type": "Point", "coordinates": [ -104.772430419999978, 39.78303909300007 ] } },
{ "type": "Feature", "properties": { "OBJECTID": 30196, "id": "DENVER_2020_20242021174811", "x": -104.89959716796875, "y": 39.733661651611328, "robbery": 1 }, "geometry": { "type": "Point", "coordinates": [ -104.899597167999957, 39.73366165200008 ] } },
{ "type": "Feature", "properties": { "OBJECTID": 30197, "id": "DENVER_2020_20242021175059", "x": -105.03408050537109, "y": 39.67578125, "robbery": 1 }, "geometry": { "type": "Point", "coordinates": [ -105.034080504999963, 39.675781250000057 ] } },
{ "type": "Feature", "properties": { "OBJECTID": 30198, "id": "DENVER_2020_20242021175504", "x": -104.97866058349609, "y": 39.716049194335938, "robbery": 1 }, "geometry": { "type": "Point", "coordinates": [ -104.978660582999964, 39.71604919400005 ] } },
{ "type": "Feature", "properties": { "OBJECTID": 30199, "id": "DENVER_2020_20242021176205", "x": -105.02586364746094, "y": 39.674819946289062, "robbery": 1 }, "geometry": { "type": "Point", "coordinates": [ -105.025863646999937, 39.674819946000071 ] } },
{ "type": "Feature", "properties": { "OBJECTID": 30200, "id": "DENVER_2020_20242021176456", "x": -104.97872161865234, "y": 39.778709411621094, "robbery": 1 }, "geometry": { "type": "Point", "coordinates": [ -104.978721618999941, 39.778709412000069 ] } },
{ "type": "Feature", "properties": { "OBJECTID": 30201, "id": "DENVER_2020_20242021176637", "x": -104.98716735839844, "y": 39.67510986328125, "robbery": 1 }, "geometry": { "type": "Point", "coordinates": [ -104.987167357999965, 39.675109863000046 ] } },
{ "type": "Feature", "properties": { "OBJECTID": 30202, "id": "DENVER_2020_20242021176822", "x": -104.95149230957031, "y": 39.783359527587891, "robbery": 1 }, "geometry": { "type": "Point", "coordinates": [ -104.95149231, 39.783359528000062 ] } },
{ "type": "Feature", "properties": { "OBJECTID": 30203, "id": "DENVER_2020_20242021178421", "x": -104.88970184326172, "y": 39.740451812744141, "robbery": 1 }, "geometry": { "type": "Point", "coordinates": [ -104.889701842999955, 39.74045181300005 ] } },
{ "type": "Feature", "properties": { "OBJECTID": 30204, "id": "DENVER_2020_20242021179062", "x": -104.87494659423828, "y": 39.698570251464844, "robbery": 1 }, "geometry": { "type": "Point", "coordinates": [ -104.874946593999937, 39.698570251000035 ] } },
{ "type": "Feature", "properties": { "OBJECTID": 30205, "id": "DENVER_2020_20242021180604", "x": -104.91345977783203, "y": 39.653640747070312, "robbery": 1 }, "geometry": { "type": "Point", "coordinates": [ -104.913459777999947, 39.653640747000054 ] } },
{ "type": "Feature", "properties": { "OBJECTID": 30206, "id": "DENVER_2020_20242021180840", "x": -104.9659423828125, "y": 39.750709533691406, "robbery": 1 }, "geometry": { "type": "Point", "coordinates": [ -104.96594238299997, 39.750709534000066 ] } },
{ "type": "Feature", "properties": { "OBJECTID": 30207, "id": "DENVER_2020_20242021181788", "x": -105.03762054443359, "y": 39.730178833007812, "robbery": 1 }, "geometry": { "type": "Point", "coordinates": [ -105.037620544, 39.730178833000025 ] } },
{ "type": "Feature", "properties": { "OBJECTID": 30208, "id": "DENVER_2020_2024202118205", "x": -104.8079833984375, "y": 39.784458160400391, "robbery": 1 }, "geometry": { "type": "Point", "coordinates": [ -104.807983397999976, 39.784458160000042 ] } },
{ "type": "Feature", "properties": { "OBJECTID": 30209, "id": "DENVER_2020_20242021182159", "x": -104.94699859619141, "y": 39.717491149902344, "robbery": 1 }, "geometry": { "type": "Point", "coordinates": [ -104.946998595999958, 39.717491150000058 ] } },
{ "type": "Feature", "properties": { "OBJECTID": 30210, "id": "DENVER_2020_20242021182808", "x": -104.99085235595703, "y": 39.748809814453125, "robbery": 1 }, "geometry": { "type": "Point", "coordinates": [ -104.990852355999948, 39.748809814000026 ] } },
{ "type": "Feature", "properties": { "OBJECTID": 30211, "id": "DENVER_2020_20242021183030", "x": -105.03546142578125, "y": 39.784648895263672, "robbery": 1 }, "geometry": { "type": "Point", "coordinates": [ -105.035461425999983, 39.784648895000032 ] } },
{ "type": "Feature", "properties": { "OBJECTID": 30212, "id": "DENVER_2020_20242021183931", "x": -104.98887634277344, "y": 39.722930908203125, "robbery": 1 }, "geometry": { "type": "Point", "coordinates": [ -104.988876342999959, 39.72293090800008 ] } },
{ "type": "Feature", "properties": { "OBJECTID": 30213, "id": "DENVER_2020_20242021184005", "x": -104.98461151123047, "y": 39.742069244384766, "robbery": 1 }, "geometry": { "type": "Point", "coordinates": [ -104.984611510999969, 39.742069244000049 ] } },
{ "type": "Feature", "properties": { "OBJECTID": 30214, "id": "DENVER_2020_20242021184311", "x": -105.03054809570312, "y": 39.70111083984375, "robbery": 1 }, "geometry": { "type": "Point", "coordinates": [ -105.030548095999961, 39.701110840000069 ] } },
{ "type": "Feature", "properties": { "OBJECTID": 30215, "id": "DENVER_2020_20242021185111", "x": -104.87512969970703, "y": 39.653881072998047, "robbery": 1 }, "geometry": { "type": "Point", "coordinates": [ -104.875129699999945, 39.653881073000036 ] } },
{ "type": "Feature", "properties": { "OBJECTID": 30216, "id": "DENVER_2020_20242021185281", "x": -104.94142150878906, "y": 39.772518157958984, "robbery": 1 }, "geometry": { "type": "Point", "coordinates": [ -104.941421508999952, 39.772518158000025 ] } },
{ "type": "Feature", "properties": { "OBJECTID": 30217, "id": "DENVER_2020_2024202118548", "x": -104.9736328125, "y": 39.739959716796875, "robbery": 1 }, "geometry": { "type": "Point", "coordinates": [ -104.973632812999938, 39.739959717000033 ] } },
{ "type": "Feature", "properties": { "OBJECTID": 30218, "id": "DENVER_2020_20242021186078", "x": -104.976806640625, "y": 39.746318817138672, "robbery": 1 }, "geometry": { "type": "Point", "coordinates": [ -104.976806640999939, 39.746318817000031 ] } },
{ "type": "Feature", "properties": { "OBJECTID": 30219, "id": "DENVER_2020_20242021186472", "x": -104.94071197509766, "y": 39.717788696289062, "robbery": 1 }, "geometry": { "type": "Point", "coordinates": [ -104.940711974999942, 39.717788696000071 ] } },
{ "type": "Feature", "properties": { "OBJECTID": 30220, "id": "DENVER_2020_20242021186554", "x": -105.0257568359375, "y": 39.689071655273438, "robbery": 1 }, "geometry": { "type": "Point", "coordinates": [ -105.025756835999971, 39.689071655000077 ] } },
{ "type": "Feature", "properties": { "OBJECTID": 30221, "id": "DENVER_2020_20242021187539", "x": -104.94097137451172, "y": 39.758010864257812, "robbery": 1 }, "geometry": { "type": "Point", "coordinates": [ -104.940971374999947, 39.758010864000028 ] } },
{ "type": "Feature", "properties": { "OBJECTID": 30222, "id": "DENVER_2020_20242021188446", "x": -104.98665618896484, "y": 39.730331420898438, "robbery": 1 }, "geometry": { "type": "Point", "coordinates": [ -104.986656188999973, 39.730331421000074 ] } },
{ "type": "Feature", "properties": { "OBJECTID": 30223, "id": "DENVER_2020_20242021189148", "x": -104.98040008544922, "y": 39.740139007568359, "robbery": 1 }, "geometry": { "type": "Point", "coordinates": [ -104.980400084999985, 39.740139008000028 ] } },
{ "type": "Feature", "properties": { "OBJECTID": 30224, "id": "DENVER_2020_2024202118919", "x": -104.88664245605469, "y": 39.740451812744141, "robbery": 1 }, "geometry": { "type": "Point", "coordinates": [ -104.886642455999947, 39.74045181300005 ] } },
{ "type": "Feature", "properties": { "OBJECTID": 30225, "id": "DENVER_2020_20242021189212", "x": -105.05306243896484, "y": 39.768810272216797, "robbery": 1 }, "geometry": { "type": "Point", "coordinates": [ -105.053062438999973, 39.768810272000053 ] } },
{ "type": "Feature", "properties": { "OBJECTID": 30226, "id": "DENVER_2020_20242021190107", "x": -105.030517578125, "y": 39.710880279541016, "robbery": 1 }, "geometry": { "type": "Point", "coordinates": [ -105.030517577999944, 39.710880280000026 ] } },
{ "type": "Feature", "properties": { "OBJECTID": 30227, "id": "DENVER_2020_20242021190991", "x": -104.98731231689453, "y": 39.739238739013672, "robbery": 1 }, "geometry": { "type": "Point", "coordinates": [ -104.987312316999976, 39.739238739000029 ] } },
{ "type": "Feature", "properties": { "OBJECTID": 30228, "id": "DENVER_2020_20242021191612", "x": -104.99379730224609, "y": 39.752010345458984, "robbery": 1 }, "geometry": { "type": "Point", "coordinates": [ -104.993797301999962, 39.752010345000031 ] } },
{ "type": "Feature", "properties": { "OBJECTID": 30229, "id": "DENVER_2020_20242021192221", "x": -104.95905303955078, "y": 39.740329742431641, "robbery": 1 }, "geometry": { "type": "Point", "coordinates": [ -104.959053039999958, 39.740329742000029 ] } },
{ "type": "Feature", "properties": { "OBJECTID": 30230, "id": "DENVER_2020_20242021193229", "x": -104.97310638427734, "y": 39.679210662841797, "robbery": 1 }, "geometry": { "type": "Point", "coordinates": [ -104.973106383999948, 39.679210663000049 ] } },
{ "type": "Feature", "properties": { "OBJECTID": 30231, "id": "DENVER_2020_20242021193281", "x": -104.99922180175781, "y": 39.750961303710938, "robbery": 1 }, "geometry": { "type": "Point", "coordinates": [ -104.999221801999965, 39.750961304000043 ] } },
{ "type": "Feature", "properties": { "OBJECTID": 30232, "id": "DENVER_2020_20242021194107", "x": -104.99360656738281, "y": 39.745338439941406, "robbery": 1 }, "geometry": { "type": "Point", "coordinates": [ -104.993606566999972, 39.745338440000069 ] } },
{ "type": "Feature", "properties": { "OBJECTID": 30233, "id": "DENVER_2020_20242021197203", "x": -104.96687316894531, "y": 39.739681243896484, "robbery": 1 }, "geometry": { "type": "Point", "coordinates": [ -104.966873168999939, 39.739681244000053 ] } },
{ "type": "Feature", "properties": { "OBJECTID": 30234, "id": "DENVER_2020_20242021197616", "x": -105.00234222412109, "y": 39.754890441894531, "robbery": 1 }, "geometry": { "type": "Point", "coordinates": [ -105.00234222399996, 39.754890442000033 ] } },
{ "type": "Feature", "properties": { "OBJECTID": 30235, "id": "DENVER_2020_20242021198178", "x": -105.02532196044922, "y": 39.68743896484375, "robbery": 1 }, "geometry": { "type": "Point", "coordinates": [ -105.025321959999985, 39.687438965000069 ] } },
{ "type": "Feature", "properties": { "OBJECTID": 30236, "id": "DENVER_2020_20242021199015", "x": -104.97265625, "y": 39.734001159667969, "robbery": 1 }, "geometry": { "type": "Point", "coordinates": [ -104.972656249999943, 39.734001160000048 ] } },
{ "type": "Feature", "properties": { "OBJECTID": 30237, "id": "DENVER_2020_20242021199204", "x": -104.89990997314453, "y": 39.652389526367188, "robbery": 1 }, "geometry": { "type": "Point", "coordinates": [ -104.899909972999978, 39.652389526000036 ] } },
{ "type": "Feature", "properties": { "OBJECTID": 30238, "id": "DENVER_2020_20242021200679", "x": -105.02919006347656, "y": 39.710910797119141, "robbery": 1 }, "geometry": { "type": "Point", "coordinates": [ -105.029190062999987, 39.710910797000054 ] } },
{ "type": "Feature", "properties": { "OBJECTID": 30239, "id": "DENVER_2020_20242021201034", "x": -104.99288177490234, "y": 39.757049560546875, "robbery": 1 }, "geometry": { "type": "Point", "coordinates": [ -104.992881774999944, 39.757049561000031 ] } },
{ "type": "Feature", "properties": { "OBJECTID": 30240, "id": "DENVER_2020_20242021201673", "x": -105.0106201171875, "y": 39.697059631347656, "robbery": 1 }, "geometry": { "type": "Point", "coordinates": [ -105.010620116999974, 39.697059631000059 ] } },
{ "type": "Feature", "properties": { "OBJECTID": 30241, "id": "DENVER_2020_20242021205711", "x": -104.98944091796875, "y": 39.758331298828125, "robbery": 1 }, "geometry": { "type": "Point", "coordinates": [ -104.989440917999957, 39.758331299000076 ] } },
{ "type": "Feature", "properties": { "OBJECTID": 30242, "id": "DENVER_2020_20242021205720", "x": -104.90078735351562, "y": 39.656349182128906, "robbery": 1 }, "geometry": { "type": "Point", "coordinates": [ -104.900787353999988, 39.656349182000042 ] } },
{ "type": "Feature", "properties": { "OBJECTID": 30243, "id": "DENVER_2020_20242021206710", "x": -105.03315734863281, "y": 39.736289978027344, "robbery": 1 }, "geometry": { "type": "Point", "coordinates": [ -105.033157348999964, 39.736289978000059 ] } },
{ "type": "Feature", "properties": { "OBJECTID": 30244, "id": "DENVER_2020_20242021206761", "x": -105.01999664306641, "y": 39.717269897460938, "robbery": 1 }, "geometry": { "type": "Point", "coordinates": [ -105.019996642999956, 39.717269897000051 ] } },
{ "type": "Feature", "properties": { "OBJECTID": 30245, "id": "DENVER_2020_20242021207282", "x": -105.03179931640625, "y": 39.733180999755859, "robbery": 1 }, "geometry": { "type": "Point", "coordinates": [ -105.031799316, 39.733181 ] } },
{ "type": "Feature", "properties": { "OBJECTID": 30246, "id": "DENVER_2020_20242021207547", "x": -105.01618194580078, "y": 39.756721496582031, "robbery": 1 }, "geometry": { "type": "Point", "coordinates": [ -105.016181945999961, 39.756721497000058 ] } },
{ "type": "Feature", "properties": { "OBJECTID": 30247, "id": "DENVER_2020_2024202120777", "x": -105.03826141357422, "y": 39.702018737792969, "robbery": 1 }, "geometry": { "type": "Point", "coordinates": [ -105.038261413999976, 39.702018738000049 ] } },
{ "type": "Feature", "properties": { "OBJECTID": 30248, "id": "DENVER_2020_20242021207792", "x": -104.98739624023438, "y": 39.748908996582031, "robbery": 1 }, "geometry": { "type": "Point", "coordinates": [ -104.987396239999953, 39.748908997000058 ] } },
{ "type": "Feature", "properties": { "OBJECTID": 30249, "id": "DENVER_2020_20242021208120", "x": -104.99153137207031, "y": 39.686531066894531, "robbery": 1 }, "geometry": { "type": "Point", "coordinates": [ -104.99153137199994, 39.686531067000033 ] } },
{ "type": "Feature", "properties": { "OBJECTID": 30250, "id": "DENVER_2020_20242021208596", "x": -104.99272155761719, "y": 39.747440338134766, "robbery": 1 }, "geometry": { "type": "Point", "coordinates": [ -104.992721557999971, 39.747440338000047 ] } },
{ "type": "Feature", "properties": { "OBJECTID": 30251, "id": "DENVER_2020_20242021208723", "x": -105.02395629882812, "y": 39.668659210205078, "robbery": 1 }, "geometry": { "type": "Point", "coordinates": [ -105.023956298999963, 39.668659210000044 ] } },
{ "type": "Feature", "properties": { "OBJECTID": 30252, "id": "DENVER_2020_2024202120976", "x": -104.90302276611328, "y": 39.698818206787109, "robbery": 1 }, "geometry": { "type": "Point", "coordinates": [ -104.903022766, 39.698818207000045 ] } },
{ "type": "Feature", "properties": { "OBJECTID": 30253, "id": "DENVER_2020_20242021211406", "x": -104.91314697265625, "y": 39.649520874023438, "robbery": 1 }, "geometry": { "type": "Point", "coordinates": [ -104.913146972999982, 39.649520874000075 ] } },
{ "type": "Feature", "properties": { "OBJECTID": 30254, "id": "DENVER_2020_20242021211833", "x": -105.05136108398438, "y": 39.654800415039062, "robbery": 1 }, "geometry": { "type": "Point", "coordinates": [ -105.05136108399995, 39.654800415000068 ] } },
{ "type": "Feature", "properties": { "OBJECTID": 30255, "id": "DENVER_2020_20242021212264", "x": -104.90078735351562, "y": 39.656349182128906, "robbery": 1 }, "geometry": { "type": "Point", "coordinates": [ -104.900787353999988, 39.656349182000042 ] } },
{ "type": "Feature", "properties": { "OBJECTID": 30256, "id": "DENVER_2020_20242021213913", "x": -105.00585174560547, "y": 39.784389495849609, "robbery": 1 }, "geometry": { "type": "Point", "coordinates": [ -105.005851745999962, 39.784389496000074 ] } },
{ "type": "Feature", "properties": { "OBJECTID": 30257, "id": "DENVER_2020_2024202121394", "x": -104.88503265380859, "y": 39.733058929443359, "robbery": 1 }, "geometry": { "type": "Point", "coordinates": [ -104.885032653999986, 39.733058929000038 ] } },
{ "type": "Feature", "properties": { "OBJECTID": 30258, "id": "DENVER_2020_20242021215365", "x": -104.99481964111328, "y": 39.768081665039062, "robbery": 1 }, "geometry": { "type": "Point", "coordinates": [ -104.994819641, 39.768081665000068 ] } },
{ "type": "Feature", "properties": { "OBJECTID": 30259, "id": "DENVER_2020_20242021216575", "x": -104.98040008544922, "y": 39.740139007568359, "robbery": 1 }, "geometry": { "type": "Point", "coordinates": [ -104.980400084999985, 39.740139008000028 ] } },
{ "type": "Feature", "properties": { "OBJECTID": 30260, "id": "DENVER_2020_20242021217216", "x": -105.01222991943359, "y": 39.711448669433594, "robbery": 1 }, "geometry": { "type": "Point", "coordinates": [ -105.012229919, 39.711448669000049 ] } },
{ "type": "Feature", "properties": { "OBJECTID": 30261, "id": "DENVER_2020_20242021217942", "x": -104.98734283447266, "y": 39.716468811035156, "robbery": 1 }, "geometry": { "type": "Point", "coordinates": [ -104.987342833999946, 39.716468811000027 ] } },
{ "type": "Feature", "properties": { "OBJECTID": 30262, "id": "DENVER_2020_20242021218101", "x": -104.73446655273438, "y": 39.789119720458984, "robbery": 1 }, "geometry": { "type": "Point", "coordinates": [ -104.734466552999947, 39.789119720000031 ] } },
{ "type": "Feature", "properties": { "OBJECTID": 30263, "id": "DENVER_2020_20242021218179", "x": -104.92453002929688, "y": 39.741031646728516, "robbery": 1 }, "geometry": { "type": "Point", "coordinates": [ -104.924530028999982, 39.741031647000057 ] } },
{ "type": "Feature", "properties": { "OBJECTID": 30264, "id": "DENVER_2020_20242021218241", "x": -105.04305267333984, "y": 39.72528076171875, "robbery": 1 }, "geometry": { "type": "Point", "coordinates": [ -105.043052672999977, 39.725280762000068 ] } },
{ "type": "Feature", "properties": { "OBJECTID": 30265, "id": "DENVER_2020_20242021218464", "x": -104.93914031982422, "y": 39.728729248046875, "robbery": 1 }, "geometry": { "type": "Point", "coordinates": [ -104.939140319999979, 39.728729248000036 ] } },
{ "type": "Feature", "properties": { "OBJECTID": 30266, "id": "DENVER_2020_20242021218768", "x": -104.99653625488281, "y": 39.745738983154297, "robbery": 1 }, "geometry": { "type": "Point", "coordinates": [ -104.996536254999967, 39.745738983000081 ] } },
{ "type": "Feature", "properties": { "OBJECTID": 30267, "id": "DENVER_2020_20242021219812", "x": -104.98491668701172, "y": 39.750789642333984, "robbery": 1 }, "geometry": { "type": "Point", "coordinates": [ -104.984916686999952, 39.750789642000029 ] } },
{ "type": "Feature", "properties": { "OBJECTID": 30268, "id": "DENVER_2020_20242021220727", "x": -104.90479278564453, "y": 39.767658233642578, "robbery": 1 }, "geometry": { "type": "Point", "coordinates": [ -104.904792785999973, 39.767658234000066 ] } },
{ "type": "Feature", "properties": { "OBJECTID": 30269, "id": "DENVER_2020_20242021221463", "x": -104.98233032226562, "y": 39.740020751953125, "robbery": 1 }, "geometry": { "type": "Point", "coordinates": [ -104.982330321999939, 39.740020752000078 ] } },
{ "type": "Feature", "properties": { "OBJECTID": 30270, "id": "DENVER_2020_202420212217", "x": -104.97255706787109, "y": 39.769989013671875, "robbery": 1 }, "geometry": { "type": "Point", "coordinates": [ -104.972557067999958, 39.769989014000032 ] } },
{ "type": "Feature", "properties": { "OBJECTID": 30271, "id": "DENVER_2020_20242021221835", "x": -104.98455810546875, "y": 39.766639709472656, "robbery": 1 }, "geometry": { "type": "Point", "coordinates": [ -104.984558104999962, 39.76663970900006 ] } },
{ "type": "Feature", "properties": { "OBJECTID": 30272, "id": "DENVER_2020_20242021222124", "x": -104.84622955322266, "y": 39.778579711914062, "robbery": 1 }, "geometry": { "type": "Point", "coordinates": [ -104.846229552999944, 39.778579712000067 ] } },
{ "type": "Feature", "properties": { "OBJECTID": 30273, "id": "DENVER_2020_2024202122289", "x": -105.02189636230469, "y": 39.677581787109375, "robbery": 1 }, "geometry": { "type": "Point", "coordinates": [ -105.02189636199995, 39.677581787000065 ] } },
{ "type": "Feature", "properties": { "OBJECTID": 30274, "id": "DENVER_2020_2024202122478", "x": -104.93563842773438, "y": 39.665699005126953, "robbery": 1 }, "geometry": { "type": "Point", "coordinates": [ -104.935638427999947, 39.665699005000079 ] } },
{ "type": "Feature", "properties": { "OBJECTID": 30275, "id": "DENVER_2020_20242021225134", "x": -104.99890899658203, "y": 39.733959197998047, "robbery": 1 }, "geometry": { "type": "Point", "coordinates": [ -104.998908996999944, 39.733959198000036 ] } },
{ "type": "Feature", "properties": { "OBJECTID": 30276, "id": "DENVER_2020_20242021226242", "x": -105.02484893798828, "y": 39.706649780273438, "robbery": 1 }, "geometry": { "type": "Point", "coordinates": [ -105.024848938, 39.706649780000077 ] } },
{ "type": "Feature", "properties": { "OBJECTID": 30277, "id": "DENVER_2020_20242021227214", "x": -104.85166931152344, "y": 39.755031585693359, "robbery": 1 }, "geometry": { "type": "Point", "coordinates": [ -104.851669311999956, 39.75503158600003 ] } },
{ "type": "Feature", "properties": { "OBJECTID": 30278, "id": "DENVER_2020_20242021227310", "x": -104.97572326660156, "y": 39.764389038085938, "robbery": 1 }, "geometry": { "type": "Point", "coordinates": [ -104.975723266999978, 39.764389038000047 ] } },
{ "type": "Feature", "properties": { "OBJECTID": 30279, "id": "DENVER_2020_20242021229049", "x": -105.01747131347656, "y": 39.751808166503906, "robbery": 1 }, "geometry": { "type": "Point", "coordinates": [ -105.017471312999987, 39.751808167000036 ] } },
{ "type": "Feature", "properties": { "OBJECTID": 30280, "id": "DENVER_2020_20242021229783", "x": -104.99252319335938, "y": 39.743579864501953, "robbery": 1 }, "geometry": { "type": "Point", "coordinates": [ -104.992523192999954, 39.743579865000072 ] } },
{ "type": "Feature", "properties": { "OBJECTID": 30281, "id": "DENVER_2020_20242021230856", "x": -105.04427337646484, "y": 39.689498901367188, "robbery": 1 }, "geometry": { "type": "Point", "coordinates": [ -105.044273375999978, 39.689498901000036 ] } },
{ "type": "Feature", "properties": { "OBJECTID": 30282, "id": "DENVER_2020_20242021231021", "x": -104.97757720947266, "y": 39.732040405273438, "robbery": 1 }, "geometry": { "type": "Point", "coordinates": [ -104.977577208999946, 39.732040405000077 ] } },
{ "type": "Feature", "properties": { "OBJECTID": 30283, "id": "DENVER_2020_20242021232074", "x": -104.9803466796875, "y": 39.731948852539062, "robbery": 1 }, "geometry": { "type": "Point", "coordinates": [ -104.980346679999968, 39.731948853000063 ] } },
{ "type": "Feature", "properties": { "OBJECTID": 30284, "id": "DENVER_2020_20242021233049", "x": -104.97477722167969, "y": 39.744831085205078, "robbery": 1 }, "geometry": { "type": "Point", "coordinates": [ -104.974777221999943, 39.744831085000044 ] } },
{ "type": "Feature", "properties": { "OBJECTID": 30285, "id": "DENVER_2020_20242021233198", "x": -105.02429962158203, "y": 39.688831329345703, "robbery": 1 }, "geometry": { "type": "Point", "coordinates": [ -105.024299621999944, 39.688831329000038 ] } },
{ "type": "Feature", "properties": { "OBJECTID": 30286, "id": "DENVER_2020_20242021233469", "x": -104.90441131591797, "y": 39.699260711669922, "robbery": 1 }, "geometry": { "type": "Point", "coordinates": [ -104.904411315999937, 39.699260712000068 ] } },
{ "type": "Feature", "properties": { "OBJECTID": 30287, "id": "DENVER_2020_20242021233643", "x": -104.98995208740234, "y": 39.742321014404297, "robbery": 1 }, "geometry": { "type": "Point", "coordinates": [ -104.989952086999949, 39.742321014000026 ] } },
{ "type": "Feature", "properties": { "OBJECTID": 30288, "id": "DENVER_2020_20242021234485", "x": -104.99231719970703, "y": 39.737148284912109, "robbery": 1 }, "geometry": { "type": "Point", "coordinates": [ -104.992317199999945, 39.737148285000046 ] } },
{ "type": "Feature", "properties": { "OBJECTID": 30289, "id": "DENVER_2020_20242021234515", "x": -104.98616027832031, "y": 39.750999450683594, "robbery": 1 }, "geometry": { "type": "Point", "coordinates": [ -104.986160277999943, 39.750999451000041 ] } },
{ "type": "Feature", "properties": { "OBJECTID": 30290, "id": "DENVER_2020_20242021235244", "x": -105.02559661865234, "y": 39.786811828613281, "robbery": 1 }, "geometry": { "type": "Point", "coordinates": [ -105.025596618999941, 39.786811829000044 ] } },
{ "type": "Feature", "properties": { "OBJECTID": 30291, "id": "DENVER_2020_20242021235265", "x": -104.95758819580078, "y": 39.679389953613281, "robbery": 1 }, "geometry": { "type": "Point", "coordinates": [ -104.957588195999961, 39.679389954000044 ] } },
{ "type": "Feature", "properties": { "OBJECTID": 30292, "id": "DENVER_2020_20242021235592", "x": -105.04250335693359, "y": 39.740119934082031, "robbery": 1 }, "geometry": { "type": "Point", "coordinates": [ -105.042503356999987, 39.740119934000063 ] } },
{ "type": "Feature", "properties": { "OBJECTID": 30293, "id": "DENVER_2020_20242021235687", "x": -104.90312957763672, "y": 39.695919036865234, "robbery": 1 }, "geometry": { "type": "Point", "coordinates": [ -104.903129577999948, 39.695919037000067 ] } },
{ "type": "Feature", "properties": { "OBJECTID": 30294, "id": "DENVER_2020_20242021235703", "x": -104.88609313964844, "y": 39.738849639892578, "robbery": 1 }, "geometry": { "type": "Point", "coordinates": [ -104.886093139999957, 39.738849640000069 ] } },
{ "type": "Feature", "properties": { "OBJECTID": 30295, "id": "DENVER_2020_20242021235866", "x": -104.98738861083984, "y": 39.740058898925781, "robbery": 1 }, "geometry": { "type": "Point", "coordinates": [ -104.987388610999972, 39.740058899000076 ] } },
{ "type": "Feature", "properties": { "OBJECTID": 30296, "id": "DENVER_2020_2024202123618", "x": -104.98860168457031, "y": 39.746368408203125, "robbery": 1 }, "geometry": { "type": "Point", "coordinates": [ -104.988601685, 39.74636840800008 ] } },
{ "type": "Feature", "properties": { "OBJECTID": 30297, "id": "DENVER_2020_20242021237258", "x": -104.97817230224609, "y": 39.782051086425781, "robbery": 1 }, "geometry": { "type": "Point", "coordinates": [ -104.978172301999962, 39.782051086000024 ] } },
{ "type": "Feature", "properties": { "OBJECTID": 30298, "id": "DENVER_2020_20242021237542", "x": -104.99890899658203, "y": 39.733959197998047, "robbery": 1 }, "geometry": { "type": "Point", "coordinates": [ -104.998908996999944, 39.733959198000036 ] } },
{ "type": "Feature", "properties": { "OBJECTID": 30299, "id": "DENVER_2020_20242021239429", "x": -105.02474975585938, "y": 39.723148345947266, "robbery": 1 }, "geometry": { "type": "Point", "coordinates": [ -105.024749755999949, 39.723148346000073 ] } },
{ "type": "Feature", "properties": { "OBJECTID": 30300, "id": "DENVER_2020_20242021239637", "x": -105.025146484375, "y": 39.738010406494141, "robbery": 1 }, "geometry": { "type": "Point", "coordinates": [ -105.025146483999947, 39.738010406000058 ] } },
{ "type": "Feature", "properties": { "OBJECTID": 30301, "id": "DENVER_2020_20242021239729", "x": -104.9727783203125, "y": 39.764240264892578, "robbery": 1 }, "geometry": { "type": "Point", "coordinates": [ -104.972778319999975, 39.764240265000069 ] } },
{ "type": "Feature", "properties": { "OBJECTID": 30302, "id": "DENVER_2020_20242021239745", "x": -104.95942687988281, "y": 39.764759063720703, "robbery": 1 }, "geometry": { "type": "Point", "coordinates": [ -104.959426879999967, 39.764759064000032 ] } },
{ "type": "Feature", "properties": { "OBJECTID": 30303, "id": "DENVER_2020_20242021239760", "x": -105.0257568359375, "y": 39.689071655273438, "robbery": 1 }, "geometry": { "type": "Point", "coordinates": [ -105.025756835999971, 39.689071655000077 ] } },
{ "type": "Feature", "properties": { "OBJECTID": 30304, "id": "DENVER_2020_20242021240837", "x": -104.94023895263672, "y": 39.687149047851562, "robbery": 1 }, "geometry": { "type": "Point", "coordinates": [ -104.940238952999948, 39.687149048000038 ] } },
{ "type": "Feature", "properties": { "OBJECTID": 30305, "id": "DENVER_2020_20242021241599", "x": -104.88205718994141, "y": 39.786399841308594, "robbery": 1 }, "geometry": { "type": "Point", "coordinates": [ -104.882057189999955, 39.786399841000048 ] } },
{ "type": "Feature", "properties": { "OBJECTID": 30306, "id": "DENVER_2020_20242021241908", "x": -105.0526123046875, "y": 39.732879638671875, "robbery": 1 }, "geometry": { "type": "Point", "coordinates": [ -105.052612304999968, 39.732879639000032 ] } },
{ "type": "Feature", "properties": { "OBJECTID": 30307, "id": "DENVER_2020_20242021242804", "x": -105.04355621337891, "y": 39.787578582763672, "robbery": 1 }, "geometry": { "type": "Point", "coordinates": [ -105.043556212999988, 39.787578583000027 ] } },
{ "type": "Feature", "properties": { "OBJECTID": 30308, "id": "DENVER_2020_20242021243062", "x": -104.89571380615234, "y": 39.739978790283203, "robbery": 1 }, "geometry": { "type": "Point", "coordinates": [ -104.895713805999947, 39.739978790000066 ] } },
{ "type": "Feature", "properties": { "OBJECTID": 30309, "id": "DENVER_2020_20242021243508", "x": -104.89766693115234, "y": 39.768260955810547, "robbery": 1 }, "geometry": { "type": "Point", "coordinates": [ -104.897666930999947, 39.768260956000063 ] } },
{ "type": "Feature", "properties": { "OBJECTID": 30310, "id": "DENVER_2020_20242021244176", "x": -104.98944854736328, "y": 39.748649597167969, "robbery": 1 }, "geometry": { "type": "Point", "coordinates": [ -104.989448546999938, 39.748649597000053 ] } },
{ "type": "Feature", "properties": { "OBJECTID": 30311, "id": "DENVER_2020_2024202124465", "x": -104.89132690429688, "y": 39.740219116210938, "robbery": 1 }, "geometry": { "type": "Point", "coordinates": [ -104.891326903999982, 39.740219116000048 ] } },
{ "type": "Feature", "properties": { "OBJECTID": 30312, "id": "DENVER_2020_20242021244920", "x": -104.98621368408203, "y": 39.745021820068359, "robbery": 1 }, "geometry": { "type": "Point", "coordinates": [ -104.986213683999949, 39.745021820000034 ] } },
{ "type": "Feature", "properties": { "OBJECTID": 30313, "id": "DENVER_2020_20242021245055", "x": -104.98005676269531, "y": 39.745960235595703, "robbery": 1 }, "geometry": { "type": "Point", "coordinates": [ -104.980056763, 39.74596023600003 ] } },
{ "type": "Feature", "properties": { "OBJECTID": 30314, "id": "DENVER_2020_20242021245968", "x": -104.9368896484375, "y": 39.666728973388672, "robbery": 1 }, "geometry": { "type": "Point", "coordinates": [ -104.936889647999976, 39.666728973000033 ] } },
{ "type": "Feature", "properties": { "OBJECTID": 30315, "id": "DENVER_2020_20242021247250", "x": -104.88498687744141, "y": 39.735820770263672, "robbery": 1 }, "geometry": { "type": "Point", "coordinates": [ -104.88498687699996, 39.735820770000032 ] } },
{ "type": "Feature", "properties": { "OBJECTID": 30316, "id": "DENVER_2020_20242021247445", "x": -104.86972808837891, "y": 39.707698822021484, "robbery": 1 }, "geometry": { "type": "Point", "coordinates": [ -104.869728087999988, 39.707698822000054 ] } },
{ "type": "Feature", "properties": { "OBJECTID": 30317, "id": "DENVER_2020_20242021249017", "x": -104.99224090576172, "y": 39.754570007324219, "robbery": 1 }, "geometry": { "type": "Point", "coordinates": [ -104.99224090599995, 39.754570007000041 ] } },
{ "type": "Feature", "properties": { "OBJECTID": 30318, "id": "DENVER_2020_20242021249580", "x": -105.03504180908203, "y": 39.787738800048828, "robbery": 1 }, "geometry": { "type": "Point", "coordinates": [ -105.035041808999949, 39.787738800000056 ] } },
{ "type": "Feature", "properties": { "OBJECTID": 30319, "id": "DENVER_2020_20242021250052", "x": -104.94104766845703, "y": 39.696079254150391, "robbery": 1 }, "geometry": { "type": "Point", "coordinates": [ -104.941047667999953, 39.69607925400004 ] } },
{ "type": "Feature", "properties": { "OBJECTID": 30320, "id": "DENVER_2020_20242021250811", "x": -104.88645172119141, "y": 39.74774169921875, "robbery": 1 }, "geometry": { "type": "Point", "coordinates": [ -104.886451720999958, 39.747741699000073 ] } },
{ "type": "Feature", "properties": { "OBJECTID": 30321, "id": "DENVER_2020_20242021250945", "x": -104.92545318603516, "y": 39.758560180664062, "robbery": 1 }, "geometry": { "type": "Point", "coordinates": [ -104.92545318599997, 39.758560181000064 ] } },
{ "type": "Feature", "properties": { "OBJECTID": 30322, "id": "DENVER_2020_2024202125117", "x": -104.82829284667969, "y": 39.788551330566406, "robbery": 1 }, "geometry": { "type": "Point", "coordinates": [ -104.828292846999943, 39.788551331000065 ] } },
{ "type": "Feature", "properties": { "OBJECTID": 30323, "id": "DENVER_2020_20242021252573", "x": -105.00179290771484, "y": 39.678520202636719, "robbery": 1 }, "geometry": { "type": "Point", "coordinates": [ -105.00179290799997, 39.678520203000062 ] } },
{ "type": "Feature", "properties": { "OBJECTID": 30324, "id": "DENVER_2020_20242021252654", "x": -104.89909362792969, "y": 39.740470886230469, "robbery": 1 }, "geometry": { "type": "Point", "coordinates": [ -104.899093627999946, 39.740470886000026 ] } },
{ "type": "Feature", "properties": { "OBJECTID": 30325, "id": "DENVER_2020_2024202125268", "x": -104.95453643798828, "y": 39.784881591796875, "robbery": 1 }, "geometry": { "type": "Point", "coordinates": [ -104.954536438, 39.784881592000033 ] } },
{ "type": "Feature", "properties": { "OBJECTID": 30326, "id": "DENVER_2020_20242021253734", "x": -105.0526123046875, "y": 39.732879638671875, "robbery": 1 }, "geometry": { "type": "Point", "coordinates": [ -105.052612304999968, 39.732879639000032 ] } },
{ "type": "Feature", "properties": { "OBJECTID": 30327, "id": "DENVER_2020_2024202125402", "x": -104.94126892089844, "y": 39.702159881591797, "robbery": 1 }, "geometry": { "type": "Point", "coordinates": [ -104.94126892099996, 39.702159882000046 ] } },
{ "type": "Feature", "properties": { "OBJECTID": 30328, "id": "DENVER_2020_20242021257178", "x": -104.98921203613281, "y": 39.753818511962891, "robbery": 1 }, "geometry": { "type": "Point", "coordinates": [ -104.989212035999969, 39.753818512000066 ] } },
{ "type": "Feature", "properties": { "OBJECTID": 30329, "id": "DENVER_2020_20242021258785", "x": -104.99627685546875, "y": 39.737880706787109, "robbery": 1 }, "geometry": { "type": "Point", "coordinates": [ -104.996276854999962, 39.737880707000045 ] } },
{ "type": "Feature", "properties": { "OBJECTID": 30330, "id": "DENVER_2020_20242021259596", "x": -104.97405242919922, "y": 39.738979339599609, "robbery": 1 }, "geometry": { "type": "Point", "coordinates": [ -104.974052428999983, 39.738979340000071 ] } },
{ "type": "Feature", "properties": { "OBJECTID": 30331, "id": "DENVER_2020_20242021259742", "x": -104.98681640625, "y": 39.74359130859375, "robbery": 1 }, "geometry": { "type": "Point", "coordinates": [ -104.986816405999946, 39.743591309000067 ] } },
{ "type": "Feature", "properties": { "OBJECTID": 30332, "id": "DENVER_2020_20242021259858", "x": -104.96840667724609, "y": 39.768161773681641, "robbery": 1 }, "geometry": { "type": "Point", "coordinates": [ -104.968406676999962, 39.768161774000077 ] } },
{ "type": "Feature", "properties": { "OBJECTID": 30333, "id": "DENVER_2020_20242021260464", "x": -105.02464294433594, "y": 39.736858367919922, "robbery": 1 }, "geometry": { "type": "Point", "coordinates": [ -105.024642944, 39.736858368000071 ] } },
{ "type": "Feature", "properties": { "OBJECTID": 30334, "id": "DENVER_2020_20242021260516", "x": -104.95905303955078, "y": 39.740329742431641, "robbery": 1 }, "geometry": { "type": "Point", "coordinates": [ -104.959053039999958, 39.740329742000029 ] } },
{ "type": "Feature", "properties": { "OBJECTID": 30335, "id": "DENVER_2020_20242021260546", "x": -104.99964141845703, "y": 39.75, "robbery": 1 }, "geometry": { "type": "Point", "coordinates": [ -104.999641417999953, 39.75 ] } },
{ "type": "Feature", "properties": { "OBJECTID": 30336, "id": "DENVER_2020_20242021260684", "x": -105.04913330078125, "y": 39.654739379882812, "robbery": 1 }, "geometry": { "type": "Point", "coordinates": [ -105.049133300999983, 39.65473938000008 ] } },
{ "type": "Feature", "properties": { "OBJECTID": 30337, "id": "DENVER_2020_20242021261531", "x": -104.89790344238281, "y": 39.739849090576172, "robbery": 1 }, "geometry": { "type": "Point", "coordinates": [ -104.897903441999972, 39.739849091000053 ] } },
{ "type": "Feature", "properties": { "OBJECTID": 30338, "id": "DENVER_2020_20242021261591", "x": -104.88112640380859, "y": 39.645160675048828, "robbery": 1 }, "geometry": { "type": "Point", "coordinates": [ -104.881126403999986, 39.645160675000056 ] } },
{ "type": "Feature", "properties": { "OBJECTID": 30339, "id": "DENVER_2020_20242021261597", "x": -104.91570281982422, "y": 39.739608764648438, "robbery": 1 }, "geometry": { "type": "Point", "coordinates": [ -104.915702819999979, 39.739608765000071 ] } },
{ "type": "Feature", "properties": { "OBJECTID": 30340, "id": "DENVER_2020_20242021261836", "x": -104.98213958740234, "y": 39.751209259033203, "robbery": 1 }, "geometry": { "type": "Point", "coordinates": [ -104.982139586999949, 39.751209259000063 ] } },
{ "type": "Feature", "properties": { "OBJECTID": 30341, "id": "DENVER_2020_20242021262021", "x": -104.98520660400391, "y": 39.765758514404297, "robbery": 1 }, "geometry": { "type": "Point", "coordinates": [ -104.985206603999984, 39.765758514000026 ] } },
{ "type": "Feature", "properties": { "OBJECTID": 30342, "id": "DENVER_2020_20242021262340", "x": -104.87254333496094, "y": 39.655788421630859, "robbery": 1 }, "geometry": { "type": "Point", "coordinates": [ -104.872543334999989, 39.655788422000057 ] } },
{ "type": "Feature", "properties": { "OBJECTID": 30343, "id": "DENVER_2020_20242021264464", "x": -104.96061706542969, "y": 39.739730834960938, "robbery": 1 }, "geometry": { "type": "Point", "coordinates": [ -104.960617064999951, 39.739730835000046 ] } },
{ "type": "Feature", "properties": { "OBJECTID": 30344, "id": "DENVER_2020_20242021264633", "x": -104.99458312988281, "y": 39.735420227050781, "robbery": 1 }, "geometry": { "type": "Point", "coordinates": [ -104.994583129999967, 39.735420227000077 ] } },
{ "type": "Feature", "properties": { "OBJECTID": 30345, "id": "DENVER_2020_20242021264888", "x": -104.89794921875, "y": 39.769691467285156, "robbery": 1 }, "geometry": { "type": "Point", "coordinates": [ -104.897949218999941, 39.76969146700003 ] } },
{ "type": "Feature", "properties": { "OBJECTID": 30346, "id": "DENVER_2020_20242021266513", "x": -105.05490112304688, "y": 39.675498962402344, "robbery": 1 }, "geometry": { "type": "Point", "coordinates": [ -105.054901122999979, 39.675498962000063 ] } },
{ "type": "Feature", "properties": { "OBJECTID": 30347, "id": "DENVER_2020_20242021266542", "x": -104.97077178955078, "y": 39.679740905761719, "robbery": 1 }, "geometry": { "type": "Point", "coordinates": [ -104.970771789999958, 39.679740906000063 ] } },
{ "type": "Feature", "properties": { "OBJECTID": 30348, "id": "DENVER_2020_20242021266817", "x": -105.05171203613281, "y": 39.740169525146484, "robbery": 1 }, "geometry": { "type": "Point", "coordinates": [ -105.051712035999969, 39.740169525000056 ] } },
{ "type": "Feature", "properties": { "OBJECTID": 30349, "id": "DENVER_2020_20242021266875", "x": -104.77778625488281, "y": 39.793968200683594, "robbery": 1 }, "geometry": { "type": "Point", "coordinates": [ -104.777786254999967, 39.793968201000041 ] } },
{ "type": "Feature", "properties": { "OBJECTID": 30350, "id": "DENVER_2020_20242021267465", "x": -105.041259765625, "y": 39.784671783447266, "robbery": 1 }, "geometry": { "type": "Point", "coordinates": [ -105.041259765999939, 39.784671783000078 ] } },
{ "type": "Feature", "properties": { "OBJECTID": 30351, "id": "DENVER_2020_20242021267721", "x": -104.99376678466797, "y": 39.750438690185547, "robbery": 1 }, "geometry": { "type": "Point", "coordinates": [ -104.993766785, 39.750438690000067 ] } },
{ "type": "Feature", "properties": { "OBJECTID": 30352, "id": "DENVER_2020_20242021267755", "x": -104.99862670898438, "y": 39.775119781494141, "robbery": 1 }, "geometry": { "type": "Point", "coordinates": [ -104.99862670899995, 39.775119781000058 ] } },
{ "type": "Feature", "properties": { "OBJECTID": 30353, "id": "DENVER_2020_20242021268444", "x": -105.00208282470703, "y": 39.776138305664062, "robbery": 1 }, "geometry": { "type": "Point", "coordinates": [ -105.002082824999945, 39.776138306000064 ] } },
{ "type": "Feature", "properties": { "OBJECTID": 30354, "id": "DENVER_2020_2024202126940", "x": -104.95626831054688, "y": 39.740188598632812, "robbery": 1 }, "geometry": { "type": "Point", "coordinates": [ -104.956268310999974, 39.740188599000078 ] } },
{ "type": "Feature", "properties": { "OBJECTID": 30355, "id": "DENVER_2020_20242021270629", "x": -105.04920196533203, "y": 39.7275390625, "robbery": 1 }, "geometry": { "type": "Point", "coordinates": [ -105.049201964999952, 39.727539062000062 ] } },
{ "type": "Feature", "properties": { "OBJECTID": 30356, "id": "DENVER_2020_20242021271367", "x": -105.02971649169922, "y": 39.706508636474609, "robbery": 1 }, "geometry": { "type": "Point", "coordinates": [ -105.029716491999977, 39.706508636000081 ] } },
{ "type": "Feature", "properties": { "OBJECTID": 30357, "id": "DENVER_2020_20242021271451", "x": -104.94097137451172, "y": 39.758010864257812, "robbery": 1 }, "geometry": { "type": "Point", "coordinates": [ -104.940971374999947, 39.758010864000028 ] } },
{ "type": "Feature", "properties": { "OBJECTID": 30358, "id": "DENVER_2020_20242021272080", "x": -104.94371032714844, "y": 39.775959014892578, "robbery": 1 }, "geometry": { "type": "Point", "coordinates": [ -104.943710326999962, 39.775959015000069 ] } },
{ "type": "Feature", "properties": { "OBJECTID": 30359, "id": "DENVER_2020_20242021272316", "x": -105.00157165527344, "y": 39.740100860595703, "robbery": 1 }, "geometry": { "type": "Point", "coordinates": [ -105.001571654999964, 39.74010086100003 ] } },
{ "type": "Feature", "properties": { "OBJECTID": 30360, "id": "DENVER_2020_20242021273581", "x": -104.99308776855469, "y": 39.745861053466797, "robbery": 1 }, "geometry": { "type": "Point", "coordinates": [ -104.993087768999942, 39.745861053000056 ] } },
{ "type": "Feature", "properties": { "OBJECTID": 30361, "id": "DENVER_2020_20242021274141", "x": -104.98805999755859, "y": 39.711589813232422, "robbery": 1 }, "geometry": { "type": "Point", "coordinates": [ -104.988059997999983, 39.711589813000046 ] } },
{ "type": "Feature", "properties": { "OBJECTID": 30362, "id": "DENVER_2020_20242021274538", "x": -105.00277709960938, "y": 39.759578704833984, "robbery": 1 }, "geometry": { "type": "Point", "coordinates": [ -105.002777099999946, 39.759578705000081 ] } },
{ "type": "Feature", "properties": { "OBJECTID": 30363, "id": "DENVER_2020_20242021274599", "x": -104.98712158203125, "y": 39.717048645019531, "robbery": 1 }, "geometry": { "type": "Point", "coordinates": [ -104.987121581999986, 39.717048645000034 ] } },
{ "type": "Feature", "properties": { "OBJECTID": 30364, "id": "DENVER_2020_20242021274643", "x": -105.00266265869141, "y": 39.758819580078125, "robbery": 1 }, "geometry": { "type": "Point", "coordinates": [ -105.002662658999952, 39.758819580000079 ] } },
{ "type": "Feature", "properties": { "OBJECTID": 30365, "id": "DENVER_2020_20242021274701", "x": -105.00955200195312, "y": 39.755378723144531, "robbery": 1 }, "geometry": { "type": "Point", "coordinates": [ -105.009552001999964, 39.755378723000035 ] } },
{ "type": "Feature", "properties": { "OBJECTID": 30366, "id": "DENVER_2020_20242021275336", "x": -104.97633361816406, "y": 39.7398681640625, "robbery": 1 }, "geometry": { "type": "Point", "coordinates": [ -104.976333617999956, 39.739868164000029 ] } },
{ "type": "Feature", "properties": { "OBJECTID": 30367, "id": "DENVER_2020_20242021276951", "x": -104.98224639892578, "y": 39.78192138671875, "robbery": 1 }, "geometry": { "type": "Point", "coordinates": [ -104.982246398999962, 39.781921387000068 ] } },
{ "type": "Feature", "properties": { "OBJECTID": 30368, "id": "DENVER_2020_20242021276992", "x": -104.90563201904297, "y": 39.677509307861328, "robbery": 1 }, "geometry": { "type": "Point", "coordinates": [ -104.905632018999938, 39.677509308000026 ] } },
{ "type": "Feature", "properties": { "OBJECTID": 30369, "id": "DENVER_2020_20242021278446", "x": -104.86489868164062, "y": 39.786918640136719, "robbery": 1 }, "geometry": { "type": "Point", "coordinates": [ -104.864898681999989, 39.786918640000067 ] } },
{ "type": "Feature", "properties": { "OBJECTID": 30370, "id": "DENVER_2020_20242021278451", "x": -104.74948883056641, "y": 39.774890899658203, "robbery": 1 }, "geometry": { "type": "Point", "coordinates": [ -104.749488830999951, 39.774890900000059 ] } },
{ "type": "Feature", "properties": { "OBJECTID": 30371, "id": "DENVER_2020_20242021278551", "x": -105.00151824951172, "y": 39.696701049804688, "robbery": 1 }, "geometry": { "type": "Point", "coordinates": [ -105.001518249999947, 39.696701050000058 ] } },
{ "type": "Feature", "properties": { "OBJECTID": 30372, "id": "DENVER_2020_20242021279064", "x": -104.97531890869141, "y": 39.739540100097656, "robbery": 1 }, "geometry": { "type": "Point", "coordinates": [ -104.975318908999952, 39.739540100000056 ] } },
{ "type": "Feature", "properties": { "OBJECTID": 30373, "id": "DENVER_2020_20242021279419", "x": -104.84658050537109, "y": 39.770191192626953, "robbery": 1 }, "geometry": { "type": "Point", "coordinates": [ -104.846580504999963, 39.770191193000073 ] } },
{ "type": "Feature", "properties": { "OBJECTID": 30374, "id": "DENVER_2020_20242021279813", "x": -105.00737762451172, "y": 39.769618988037109, "robbery": 1 }, "geometry": { "type": "Point", "coordinates": [ -105.007377624999947, 39.769618988000047 ] } },
{ "type": "Feature", "properties": { "OBJECTID": 30375, "id": "DENVER_2020_20242021280175", "x": -104.98755645751953, "y": 39.700698852539062, "robbery": 1 }, "geometry": { "type": "Point", "coordinates": [ -104.987556457999972, 39.700698853000063 ] } },
{ "type": "Feature", "properties": { "OBJECTID": 30376, "id": "DENVER_2020_2024202128087", "x": -104.84174346923828, "y": 39.791721343994141, "robbery": 1 }, "geometry": { "type": "Point", "coordinates": [ -104.841743468999937, 39.791721344000052 ] } },
{ "type": "Feature", "properties": { "OBJECTID": 30377, "id": "DENVER_2020_20242021281121", "x": -104.99360656738281, "y": 39.745338439941406, "robbery": 1 }, "geometry": { "type": "Point", "coordinates": [ -104.993606566999972, 39.745338440000069 ] } },
{ "type": "Feature", "properties": { "OBJECTID": 30378, "id": "DENVER_2020_20242021282431", "x": -104.98018646240234, "y": 39.741260528564453, "robbery": 1 }, "geometry": { "type": "Point", "coordinates": [ -104.980186461999949, 39.741260529000044 ] } },
{ "type": "Feature", "properties": { "OBJECTID": 30379, "id": "DENVER_2020_20242021283067", "x": -105.02262878417969, "y": 39.675899505615234, "robbery": 1 }, "geometry": { "type": "Point", "coordinates": [ -105.022628783999949, 39.675899506000064 ] } },
{ "type": "Feature", "properties": { "OBJECTID": 30380, "id": "DENVER_2020_20242021283186", "x": -105.02438354492188, "y": 39.755439758300781, "robbery": 1 }, "geometry": { "type": "Point", "coordinates": [ -105.024383544999978, 39.75543975800008 ] } },
{ "type": "Feature", "properties": { "OBJECTID": 30381, "id": "DENVER_2020_20242021283802", "x": -104.91649627685547, "y": 39.739921569824219, "robbery": 1 }, "geometry": { "type": "Point", "coordinates": [ -104.916496276999965, 39.739921570000035 ] } },
{ "type": "Feature", "properties": { "OBJECTID": 30382, "id": "DENVER_2020_20242021283954", "x": -105.00351715087891, "y": 39.693771362304688, "robbery": 1 }, "geometry": { "type": "Point", "coordinates": [ -105.003517150999983, 39.693771362000064 ] } },
{ "type": "Feature", "properties": { "OBJECTID": 30383, "id": "DENVER_2020_20242021284942", "x": -104.91015625, "y": 39.743431091308594, "robbery": 1 }, "geometry": { "type": "Point", "coordinates": [ -104.910156249999943, 39.743431091000048 ] } },
{ "type": "Feature", "properties": { "OBJECTID": 30384, "id": "DENVER_2020_20242021285147", "x": -104.99906158447266, "y": 39.737331390380859, "robbery": 1 }, "geometry": { "type": "Point", "coordinates": [ -104.999061583999946, 39.737331390000065 ] } },
{ "type": "Feature", "properties": { "OBJECTID": 30385, "id": "DENVER_2020_20242021285374", "x": -104.99224853515625, "y": 39.747989654541016, "robbery": 1 }, "geometry": { "type": "Point", "coordinates": [ -104.992248534999987, 39.747989655000026 ] } },
{ "type": "Feature", "properties": { "OBJECTID": 30386, "id": "DENVER_2020_20242021285603", "x": -104.96633911132812, "y": 39.740318298339844, "robbery": 1 }, "geometry": { "type": "Point", "coordinates": [ -104.966339110999968, 39.740318298000034 ] } },
{ "type": "Feature", "properties": { "OBJECTID": 30387, "id": "DENVER_2020_20242021285631", "x": -104.86196136474609, "y": 39.658409118652344, "robbery": 1 }, "geometry": { "type": "Point", "coordinates": [ -104.861961364999956, 39.658409119000055 ] } },
{ "type": "Feature", "properties": { "OBJECTID": 30388, "id": "DENVER_2020_20242021286630", "x": -104.94036865234375, "y": 39.675628662109375, "robbery": 1 }, "geometry": { "type": "Point", "coordinates": [ -104.940368651999961, 39.675628662000065 ] } },
{ "type": "Feature", "properties": { "OBJECTID": 30389, "id": "DENVER_2020_20242021287542", "x": -105.00640106201172, "y": 39.696281433105469, "robbery": 1 }, "geometry": { "type": "Point", "coordinates": [ -105.006401061999952, 39.696281433000024 ] } },
{ "type": "Feature", "properties": { "OBJECTID": 30390, "id": "DENVER_2020_20242021288274", "x": -104.92185974121094, "y": 39.678150177001953, "robbery": 1 }, "geometry": { "type": "Point", "coordinates": [ -104.921859741, 39.678150177000077 ] } },
{ "type": "Feature", "properties": { "OBJECTID": 30391, "id": "DENVER_2020_20242021288717", "x": -104.99207305908203, "y": 39.722770690917969, "robbery": 1 }, "geometry": { "type": "Point", "coordinates": [ -104.992073058999949, 39.722770691000051 ] } },
{ "type": "Feature", "properties": { "OBJECTID": 30392, "id": "DENVER_2020_20242021288836", "x": -104.99479675292969, "y": 39.696910858154297, "robbery": 1 }, "geometry": { "type": "Point", "coordinates": [ -104.994796752999946, 39.696910858000081 ] } },
{ "type": "Feature", "properties": { "OBJECTID": 30393, "id": "DENVER_2020_20242021290524", "x": -104.99894714355469, "y": 39.72119140625, "robbery": 1 }, "geometry": { "type": "Point", "coordinates": [ -104.998947143999942, 39.721191406000059 ] } },
{ "type": "Feature", "properties": { "OBJECTID": 30394, "id": "DENVER_2020_20242021290680", "x": -104.82453918457031, "y": 39.789180755615234, "robbery": 1 }, "geometry": { "type": "Point", "coordinates": [ -104.824539185, 39.789180756000064 ] } },
{ "type": "Feature", "properties": { "OBJECTID": 30395, "id": "DENVER_2020_20242021290864", "x": -105.04625701904297, "y": 39.729461669921875, "robbery": 1 }, "geometry": { "type": "Point", "coordinates": [ -105.046257018999938, 39.729461670000035 ] } },
{ "type": "Feature", "properties": { "OBJECTID": 30396, "id": "DENVER_2020_20242021292202", "x": -104.84622955322266, "y": 39.778579711914062, "robbery": 1 }, "geometry": { "type": "Point", "coordinates": [ -104.846229552999944, 39.778579712000067 ] } },
{ "type": "Feature", "properties": { "OBJECTID": 30397, "id": "DENVER_2020_20242021293184", "x": -105.00775146484375, "y": 39.776691436767578, "robbery": 1 }, "geometry": { "type": "Point", "coordinates": [ -105.007751464999956, 39.776691437000068 ] } },
{ "type": "Feature", "properties": { "OBJECTID": 30398, "id": "DENVER_2020_20242021294921", "x": -104.94828796386719, "y": 39.777290344238281, "robbery": 1 }, "geometry": { "type": "Point", "coordinates": [ -104.948287963999974, 39.77729034400005 ] } },
{ "type": "Feature", "properties": { "OBJECTID": 30399, "id": "DENVER_2020_20242021295769", "x": -104.97511291503906, "y": 39.739860534667969, "robbery": 1 }, "geometry": { "type": "Point", "coordinates": [ -104.975112914999954, 39.739860535000048 ] } },
{ "type": "Feature", "properties": { "OBJECTID": 30400, "id": "DENVER_2020_20242021295822", "x": -104.92104339599609, "y": 39.740390777587891, "robbery": 1 }, "geometry": { "type": "Point", "coordinates": [ -104.921043395999959, 39.740390778000062 ] } },
{ "type": "Feature", "properties": { "OBJECTID": 30401, "id": "DENVER_2020_2024202129591", "x": -104.98770904541016, "y": 39.715930938720703, "robbery": 1 }, "geometry": { "type": "Point", "coordinates": [ -104.987709044999974, 39.715930939000032 ] } },
{ "type": "Feature", "properties": { "OBJECTID": 30402, "id": "DENVER_2020_20242021295917", "x": -104.89436340332031, "y": 39.739608764648438, "robbery": 1 }, "geometry": { "type": "Point", "coordinates": [ -104.894363402999943, 39.739608765000071 ] } },
{ "type": "Feature", "properties": { "OBJECTID": 30403, "id": "DENVER_2020_20242021296223", "x": -104.8424072265625, "y": 39.780540466308594, "robbery": 1 }, "geometry": { "type": "Point", "coordinates": [ -104.842407226999967, 39.780540466000048 ] } },
{ "type": "Feature", "properties": { "OBJECTID": 30404, "id": "DENVER_2020_20242021298206", "x": -104.90396118164062, "y": 39.767238616943359, "robbery": 1 }, "geometry": { "type": "Point", "coordinates": [ -104.903961181999989, 39.767238617000032 ] } },
{ "type": "Feature", "properties": { "OBJECTID": 30405, "id": "DENVER_2020_20242021298398", "x": -104.89909362792969, "y": 39.740470886230469, "robbery": 1 }, "geometry": { "type": "Point", "coordinates": [ -104.899093627999946, 39.740470886000026 ] } },
{ "type": "Feature", "properties": { "OBJECTID": 30406, "id": "DENVER_2020_20242021298444", "x": -105.04505920410156, "y": 39.730751037597656, "robbery": 1 }, "geometry": { "type": "Point", "coordinates": [ -105.045059203999983, 39.730751038000051 ] } },
{ "type": "Feature", "properties": { "OBJECTID": 30407, "id": "DENVER_2020_20242021298572", "x": -104.92453002929688, "y": 39.741031646728516, "robbery": 1 }, "geometry": { "type": "Point", "coordinates": [ -104.924530028999982, 39.741031647000057 ] } },
{ "type": "Feature", "properties": { "OBJECTID": 30408, "id": "DENVER_2020_2024202130018", "x": -104.90116119384766, "y": 39.770351409912109, "robbery": 1 }, "geometry": { "type": "Point", "coordinates": [ -104.90116119399994, 39.770351410000046 ] } },
{ "type": "Feature", "properties": { "OBJECTID": 30409, "id": "DENVER_2020_20242021300213", "x": -104.99037933349609, "y": 39.711490631103516, "robbery": 1 }, "geometry": { "type": "Point", "coordinates": [ -104.990379332999964, 39.711490631000061 ] } },
{ "type": "Feature", "properties": { "OBJECTID": 30410, "id": "DENVER_2020_20242021300466", "x": -104.97872161865234, "y": 39.736881256103516, "robbery": 1 }, "geometry": { "type": "Point", "coordinates": [ -104.978721618999941, 39.736881256000061 ] } },
{ "type": "Feature", "properties": { "OBJECTID": 30411, "id": "DENVER_2020_20242021300749", "x": -104.98235321044922, "y": 39.748741149902344, "robbery": 1 }, "geometry": { "type": "Point", "coordinates": [ -104.982353209999985, 39.748741150000058 ] } },
{ "type": "Feature", "properties": { "OBJECTID": 30412, "id": "DENVER_2020_20242021300845", "x": -105.03276824951172, "y": 39.740619659423828, "robbery": 1 }, "geometry": { "type": "Point", "coordinates": [ -105.032768249999947, 39.74061965900006 ] } },
{ "type": "Feature", "properties": { "OBJECTID": 30413, "id": "DENVER_2020_20242021300869", "x": -104.90125274658203, "y": 39.639430999755859, "robbery": 1 }, "geometry": { "type": "Point", "coordinates": [ -104.901252746999944, 39.639431 ] } },
{ "type": "Feature", "properties": { "OBJECTID": 30414, "id": "DENVER_2020_20242021300874", "x": -104.87502288818359, "y": 39.706329345703125, "robbery": 1 }, "geometry": { "type": "Point", "coordinates": [ -104.875022888, 39.706329346000075 ] } },
{ "type": "Feature", "properties": { "OBJECTID": 30415, "id": "DENVER_2020_20242021300975", "x": -104.90435791015625, "y": 39.676040649414062, "robbery": 1 }, "geometry": { "type": "Point", "coordinates": [ -104.904357909999987, 39.676040649000072 ] } },
{ "type": "Feature", "properties": { "OBJECTID": 30416, "id": "DENVER_2020_20242021301422", "x": -104.97178649902344, "y": 39.764289855957031, "robbery": 1 }, "geometry": { "type": "Point", "coordinates": [ -104.971786498999961, 39.764289856000062 ] } },
{ "type": "Feature", "properties": { "OBJECTID": 30417, "id": "DENVER_2020_20242021302023", "x": -104.89872741699219, "y": 39.759319305419922, "robbery": 1 }, "geometry": { "type": "Point", "coordinates": [ -104.898727416999975, 39.759319305000076 ] } },
{ "type": "Feature", "properties": { "OBJECTID": 30418, "id": "DENVER_2020_20242021302130", "x": -104.98477172851562, "y": 39.737640380859375, "robbery": 1 }, "geometry": { "type": "Point", "coordinates": [ -104.984771728999988, 39.737640381000062 ] } },
{ "type": "Feature", "properties": { "OBJECTID": 30419, "id": "DENVER_2020_2024202130345", "x": -104.97528076171875, "y": 39.766059875488281, "robbery": 1 }, "geometry": { "type": "Point", "coordinates": [ -104.975280761999954, 39.766059875000053 ] } },
{ "type": "Feature", "properties": { "OBJECTID": 30420, "id": "DENVER_2020_20242021303522", "x": -104.94261169433594, "y": 39.755039215087891, "robbery": 1 }, "geometry": { "type": "Point", "coordinates": [ -104.942611694, 39.755039215000068 ] } },
{ "type": "Feature", "properties": { "OBJECTID": 30421, "id": "DENVER_2020_2024202130384", "x": -104.87140655517578, "y": 39.671840667724609, "robbery": 1 }, "geometry": { "type": "Point", "coordinates": [ -104.871406554999965, 39.671840668000073 ] } },
{ "type": "Feature", "properties": { "OBJECTID": 30422, "id": "DENVER_2020_20242021304504", "x": -104.97960662841797, "y": 39.753971099853516, "robbery": 1 }, "geometry": { "type": "Point", "coordinates": [ -104.979606627999942, 39.753971100000058 ] } },
{ "type": "Feature", "properties": { "OBJECTID": 30423, "id": "DENVER_2020_20242021305117", "x": -105.04833984375, "y": 39.740058898925781, "robbery": 1 }, "geometry": { "type": "Point", "coordinates": [ -105.048339843999941, 39.740058899000076 ] } },
{ "type": "Feature", "properties": { "OBJECTID": 30424, "id": "DENVER_2020_20242021305399", "x": -105.04039764404297, "y": 39.735790252685547, "robbery": 1 }, "geometry": { "type": "Point", "coordinates": [ -105.040397643999938, 39.735790253000062 ] } },
{ "type": "Feature", "properties": { "OBJECTID": 30425, "id": "DENVER_2020_202420213055", "x": -104.90870666503906, "y": 39.701389312744141, "robbery": 1 }, "geometry": { "type": "Point", "coordinates": [ -104.908706664999954, 39.70138931300005 ] } },
{ "type": "Feature", "properties": { "OBJECTID": 30426, "id": "DENVER_2020_20242021305819", "x": -104.89041900634766, "y": 39.740398406982422, "robbery": 1 }, "geometry": { "type": "Point", "coordinates": [ -104.890419005999945, 39.740398407000043 ] } },
{ "type": "Feature", "properties": { "OBJECTID": 30427, "id": "DENVER_2020_20242021306076", "x": -105.04002380371094, "y": 39.713279724121094, "robbery": 1 }, "geometry": { "type": "Point", "coordinates": [ -105.040023803999986, 39.713279724000074 ] } },
{ "type": "Feature", "properties": { "OBJECTID": 30428, "id": "DENVER_2020_20242021306116", "x": -105.00099945068359, "y": 39.712150573730469, "robbery": 1 }, "geometry": { "type": "Point", "coordinates": [ -105.000999450999984, 39.712150574000077 ] } },
{ "type": "Feature", "properties": { "OBJECTID": 30429, "id": "DENVER_2020_20242021308125", "x": -105.03428649902344, "y": 39.700531005859375, "robbery": 1 }, "geometry": { "type": "Point", "coordinates": [ -105.034286498999961, 39.700531006000062 ] } },
{ "type": "Feature", "properties": { "OBJECTID": 30430, "id": "DENVER_2020_2024202130874", "x": -104.98581695556641, "y": 39.751449584960938, "robbery": 1 }, "geometry": { "type": "Point", "coordinates": [ -104.985816955999951, 39.751449585000046 ] } },
{ "type": "Feature", "properties": { "OBJECTID": 30431, "id": "DENVER_2020_20242021309331", "x": -104.97873687744141, "y": 39.740020751953125, "robbery": 1 }, "geometry": { "type": "Point", "coordinates": [ -104.97873687699996, 39.740020752000078 ] } },
{ "type": "Feature", "properties": { "OBJECTID": 30432, "id": "DENVER_2020_20242021310142", "x": -104.97865295410156, "y": 39.744060516357422, "robbery": 1 }, "geometry": { "type": "Point", "coordinates": [ -104.978652953999983, 39.744060516000047 ] } },
{ "type": "Feature", "properties": { "OBJECTID": 30433, "id": "DENVER_2020_20242021310285", "x": -104.94142913818359, "y": 39.708118438720703, "robbery": 1 }, "geometry": { "type": "Point", "coordinates": [ -104.941429138, 39.708118439000032 ] } },
{ "type": "Feature", "properties": { "OBJECTID": 30434, "id": "DENVER_2020_20242021310820", "x": -104.97731018066406, "y": 39.735069274902344, "robbery": 1 }, "geometry": { "type": "Point", "coordinates": [ -104.97731018099995, 39.735069275000058 ] } },
{ "type": "Feature", "properties": { "OBJECTID": 30435, "id": "DENVER_2020_20242021313733", "x": -104.89794921875, "y": 39.769691467285156, "robbery": 1 }, "geometry": { "type": "Point", "coordinates": [ -104.897949218999941, 39.76969146700003 ] } },
{ "type": "Feature", "properties": { "OBJECTID": 30436, "id": "DENVER_2020_20242021314034", "x": -104.95594787597656, "y": 39.793880462646484, "robbery": 1 }, "geometry": { "type": "Point", "coordinates": [ -104.955947875999982, 39.79388046300005 ] } },
{ "type": "Feature", "properties": { "OBJECTID": 30437, "id": "DENVER_2020_20242021314059", "x": -104.97273254394531, "y": 39.763790130615234, "robbery": 1 }, "geometry": { "type": "Point", "coordinates": [ -104.972732543999939, 39.763790131000064 ] } },
{ "type": "Feature", "properties": { "OBJECTID": 30438, "id": "DENVER_2020_20242021314698", "x": -105.05490112304688, "y": 39.675498962402344, "robbery": 1 }, "geometry": { "type": "Point", "coordinates": [ -105.054901122999979, 39.675498962000063 ] } },
{ "type": "Feature", "properties": { "OBJECTID": 30439, "id": "DENVER_2020_20242021314987", "x": -105.00623321533203, "y": 39.776859283447266, "robbery": 1 }, "geometry": { "type": "Point", "coordinates": [ -105.006233214999952, 39.776859283000078 ] } },
{ "type": "Feature", "properties": { "OBJECTID": 30440, "id": "DENVER_2020_20242021314998", "x": -104.84845733642578, "y": 39.771800994873047, "robbery": 1 }, "geometry": { "type": "Point", "coordinates": [ -104.848457335999967, 39.771800995000035 ] } },
{ "type": "Feature", "properties": { "OBJECTID": 30441, "id": "DENVER_2020_20242021315479", "x": -104.98729705810547, "y": 39.751190185546875, "robbery": 1 }, "geometry": { "type": "Point", "coordinates": [ -104.987297057999967, 39.751190186000031 ] } },
{ "type": "Feature", "properties": { "OBJECTID": 30442, "id": "DENVER_2020_20242021315701", "x": -104.97280883789062, "y": 39.770938873291016, "robbery": 1 }, "geometry": { "type": "Point", "coordinates": [ -104.972808838, 39.770938873000034 ] } },
{ "type": "Feature", "properties": { "OBJECTID": 30443, "id": "DENVER_2020_20242021315788", "x": -105.0096435546875, "y": 39.710971832275391, "robbery": 1 }, "geometry": { "type": "Point", "coordinates": [ -105.009643554999968, 39.710971832000041 ] } },
{ "type": "Feature", "properties": { "OBJECTID": 30444, "id": "DENVER_2020_20242021315982", "x": -104.99797058105469, "y": 39.751468658447266, "robbery": 1 }, "geometry": { "type": "Point", "coordinates": [ -104.997970580999947, 39.751468658000078 ] } },
{ "type": "Feature", "properties": { "OBJECTID": 30445, "id": "DENVER_2020_20242021317042", "x": -104.95976257324219, "y": 39.764488220214844, "robbery": 1 }, "geometry": { "type": "Point", "coordinates": [ -104.959762572999978, 39.764488220000032 ] } },
{ "type": "Feature", "properties": { "OBJECTID": 30446, "id": "DENVER_2020_20242021317426", "x": -105.03331756591797, "y": 39.672229766845703, "robbery": 1 }, "geometry": { "type": "Point", "coordinates": [ -105.033317565999937, 39.672229767000033 ] } },
{ "type": "Feature", "properties": { "OBJECTID": 30447, "id": "DENVER_2020_20242021317429", "x": -104.99138641357422, "y": 39.753890991210938, "robbery": 1 }, "geometry": { "type": "Point", "coordinates": [ -104.991386413999976, 39.753890991000048 ] } },
{ "type": "Feature", "properties": { "OBJECTID": 30448, "id": "DENVER_2020_20242021317520", "x": -104.98358917236328, "y": 39.747550964355469, "robbery": 1 }, "geometry": { "type": "Point", "coordinates": [ -104.983589171999938, 39.747550964000027 ] } },
{ "type": "Feature", "properties": { "OBJECTID": 30449, "id": "DENVER_2020_2024202131755", "x": -104.92923736572266, "y": 39.707748413085938, "robbery": 1 }, "geometry": { "type": "Point", "coordinates": [ -104.929237365999938, 39.707748413000047 ] } },
{ "type": "Feature", "properties": { "OBJECTID": 30450, "id": "DENVER_2020_2024202131783", "x": -105.05136108398438, "y": 39.654800415039062, "robbery": 1 }, "geometry": { "type": "Point", "coordinates": [ -105.05136108399995, 39.654800415000068 ] } },
{ "type": "Feature", "properties": { "OBJECTID": 30451, "id": "DENVER_2020_20242021318129", "x": -104.98975372314453, "y": 39.711540222167969, "robbery": 1 }, "geometry": { "type": "Point", "coordinates": [ -104.989753722999978, 39.711540222000053 ] } },
{ "type": "Feature", "properties": { "OBJECTID": 30452, "id": "DENVER_2020_20242021318780", "x": -104.98081970214844, "y": 39.740291595458984, "robbery": 1 }, "geometry": { "type": "Point", "coordinates": [ -104.980819701999962, 39.740291595000031 ] } },
{ "type": "Feature", "properties": { "OBJECTID": 30453, "id": "DENVER_2020_20242021319178", "x": -104.87071228027344, "y": 39.655559539794922, "robbery": 1 }, "geometry": { "type": "Point", "coordinates": [ -104.870712279999964, 39.65555954000007 ] } },
{ "type": "Feature", "properties": { "OBJECTID": 30454, "id": "DENVER_2020_20242021319880", "x": -104.98860168457031, "y": 39.746368408203125, "robbery": 1 }, "geometry": { "type": "Point", "coordinates": [ -104.988601685, 39.74636840800008 ] } },
{ "type": "Feature", "properties": { "OBJECTID": 30455, "id": "DENVER_2020_20242021320546", "x": -104.97048187255859, "y": 39.702571868896484, "robbery": 1 }, "geometry": { "type": "Point", "coordinates": [ -104.970481872999983, 39.702571869000053 ] } },
{ "type": "Feature", "properties": { "OBJECTID": 30456, "id": "DENVER_2020_20242021321146", "x": -104.98842620849609, "y": 39.686820983886719, "robbery": 1 }, "geometry": { "type": "Point", "coordinates": [ -104.988426207999964, 39.686820984000065 ] } },
{ "type": "Feature", "properties": { "OBJECTID": 30457, "id": "DENVER_2020_20242021321845", "x": -104.98401641845703, "y": 39.790969848632812, "robbery": 1 }, "geometry": { "type": "Point", "coordinates": [ -104.984016417999953, 39.790969849000078 ] } },
{ "type": "Feature", "properties": { "OBJECTID": 30458, "id": "DENVER_2020_20242021322501", "x": -104.98741912841797, "y": 39.752780914306641, "robbery": 1 }, "geometry": { "type": "Point", "coordinates": [ -104.987419127999942, 39.752780914000027 ] } },
{ "type": "Feature", "properties": { "OBJECTID": 30459, "id": "DENVER_2020_20242021322942", "x": -104.89427947998047, "y": 39.732601165771484, "robbery": 1 }, "geometry": { "type": "Point", "coordinates": [ -104.894279479999966, 39.732601166000052 ] } },
{ "type": "Feature", "properties": { "OBJECTID": 30460, "id": "DENVER_2020_20242021323525", "x": -105.0296630859375, "y": 39.769130706787109, "robbery": 1 }, "geometry": { "type": "Point", "coordinates": [ -105.029663085999971, 39.769130707000045 ] } },
{ "type": "Feature", "properties": { "OBJECTID": 30461, "id": "DENVER_2020_2024202132477", "x": -105.00180053710938, "y": 39.740280151367188, "robbery": 1 }, "geometry": { "type": "Point", "coordinates": [ -105.001800536999951, 39.740280151000036 ] } },
{ "type": "Feature", "properties": { "OBJECTID": 30462, "id": "DENVER_2020_20242021324987", "x": -104.76595306396484, "y": 39.779129028320312, "robbery": 1 }, "geometry": { "type": "Point", "coordinates": [ -104.765953063999973, 39.779129028000057 ] } },
{ "type": "Feature", "properties": { "OBJECTID": 30463, "id": "DENVER_2020_20242021325226", "x": -104.96064758300781, "y": 39.764659881591797, "robbery": 1 }, "geometry": { "type": "Point", "coordinates": [ -104.960647582999968, 39.764659882000046 ] } },
{ "type": "Feature", "properties": { "OBJECTID": 30464, "id": "DENVER_2020_20242021325546", "x": -104.96510314941406, "y": 39.740318298339844, "robbery": 1 }, "geometry": { "type": "Point", "coordinates": [ -104.965103148999958, 39.740318298000034 ] } },
{ "type": "Feature", "properties": { "OBJECTID": 30465, "id": "DENVER_2020_20242021325743", "x": -104.84841156005859, "y": 39.782741546630859, "robbery": 1 }, "geometry": { "type": "Point", "coordinates": [ -104.848411559999988, 39.782741547000057 ] } },
{ "type": "Feature", "properties": { "OBJECTID": 30466, "id": "DENVER_2020_20242021326359", "x": -104.98755645751953, "y": 39.700698852539062, "robbery": 1 }, "geometry": { "type": "Point", "coordinates": [ -104.987556457999972, 39.700698853000063 ] } },
{ "type": "Feature", "properties": { "OBJECTID": 30467, "id": "DENVER_2020_20242021326468", "x": -104.98198699951172, "y": 39.723178863525391, "robbery": 1 }, "geometry": { "type": "Point", "coordinates": [ -104.981987, 39.723178864000033 ] } },
{ "type": "Feature", "properties": { "OBJECTID": 30468, "id": "DENVER_2020_20242021328863", "x": -104.99392700195312, "y": 39.746139526367188, "robbery": 1 }, "geometry": { "type": "Point", "coordinates": [ -104.993927001999964, 39.746139526000036 ] } },
{ "type": "Feature", "properties": { "OBJECTID": 30469, "id": "DENVER_2020_20242021330307", "x": -104.98854827880859, "y": 39.736049652099609, "robbery": 1 }, "geometry": { "type": "Point", "coordinates": [ -104.988548278999986, 39.736049652000077 ] } },
{ "type": "Feature", "properties": { "OBJECTID": 30470, "id": "DENVER_2020_20242021331227", "x": -105.05136108398438, "y": 39.654800415039062, "robbery": 1 }, "geometry": { "type": "Point", "coordinates": [ -105.05136108399995, 39.654800415000068 ] } },
{ "type": "Feature", "properties": { "OBJECTID": 30471, "id": "DENVER_2020_20242021331354", "x": -104.97319793701172, "y": 39.739959716796875, "robbery": 1 }, "geometry": { "type": "Point", "coordinates": [ -104.973197936999952, 39.739959717000033 ] } },
{ "type": "Feature", "properties": { "OBJECTID": 30472, "id": "DENVER_2020_20242021332420", "x": -104.90235900878906, "y": 39.775920867919922, "robbery": 1 }, "geometry": { "type": "Point", "coordinates": [ -104.902359008999952, 39.775920868000071 ] } },
{ "type": "Feature", "properties": { "OBJECTID": 30473, "id": "DENVER_2020_20242021332552", "x": -104.97991180419922, "y": 39.740020751953125, "robbery": 1 }, "geometry": { "type": "Point", "coordinates": [ -104.979911803999983, 39.740020752000078 ] } },
{ "type": "Feature", "properties": { "OBJECTID": 30474, "id": "DENVER_2020_20242021333238", "x": -105.05264282226562, "y": 39.740779876708984, "robbery": 1 }, "geometry": { "type": "Point", "coordinates": [ -105.052642821999939, 39.74077987700008 ] } },
{ "type": "Feature", "properties": { "OBJECTID": 30475, "id": "DENVER_2020_20242021333495", "x": -104.89408874511719, "y": 39.785919189453125, "robbery": 1 }, "geometry": { "type": "Point", "coordinates": [ -104.894088744999976, 39.785919189000026 ] } },
{ "type": "Feature", "properties": { "OBJECTID": 30476, "id": "DENVER_2020_20242021334089", "x": -104.84693145751953, "y": 39.78192138671875, "robbery": 1 }, "geometry": { "type": "Point", "coordinates": [ -104.846931457999972, 39.781921387000068 ] } },
{ "type": "Feature", "properties": { "OBJECTID": 30477, "id": "DENVER_2020_20242021334134", "x": -104.97247314453125, "y": 39.739841461181641, "robbery": 1 }, "geometry": { "type": "Point", "coordinates": [ -104.972473144999981, 39.739841461000026 ] } },
{ "type": "Feature", "properties": { "OBJECTID": 30478, "id": "DENVER_2020_20242021334505", "x": -104.99611663818359, "y": 39.740791320800781, "robbery": 1 }, "geometry": { "type": "Point", "coordinates": [ -104.996116638, 39.740791321000074 ] } },
{ "type": "Feature", "properties": { "OBJECTID": 30479, "id": "DENVER_2020_20242021334918", "x": -105.02485656738281, "y": 39.722179412841797, "robbery": 1 }, "geometry": { "type": "Point", "coordinates": [ -105.024856566999972, 39.722179413000049 ] } },
{ "type": "Feature", "properties": { "OBJECTID": 30480, "id": "DENVER_2020_20242021335691", "x": -104.90280914306641, "y": 39.771671295166016, "robbery": 1 }, "geometry": { "type": "Point", "coordinates": [ -104.902809142999956, 39.771671295000033 ] } },
{ "type": "Feature", "properties": { "OBJECTID": 30481, "id": "DENVER_2020_20242021335712", "x": -105.02462768554688, "y": 39.733238220214844, "robbery": 1 }, "geometry": { "type": "Point", "coordinates": [ -105.024627685999974, 39.733238220000032 ] } },
{ "type": "Feature", "properties": { "OBJECTID": 30482, "id": "DENVER_2020_20242021335934", "x": -104.89784240722656, "y": 39.734329223632812, "robbery": 1 }, "geometry": { "type": "Point", "coordinates": [ -104.897842406999985, 39.734329224000078 ] } },
{ "type": "Feature", "properties": { "OBJECTID": 30483, "id": "DENVER_2020_20242021336558", "x": -104.94509887695312, "y": 39.684410095214844, "robbery": 1 }, "geometry": { "type": "Point", "coordinates": [ -104.945098876999964, 39.684410095000032 ] } },
{ "type": "Feature", "properties": { "OBJECTID": 30484, "id": "DENVER_2020_20242021336858", "x": -104.92344665527344, "y": 39.740650177001953, "robbery": 1 }, "geometry": { "type": "Point", "coordinates": [ -104.923446654999964, 39.740650177000077 ] } },
{ "type": "Feature", "properties": { "OBJECTID": 30485, "id": "DENVER_2020_20242021337223", "x": -104.98811340332031, "y": 39.755081176757812, "robbery": 1 }, "geometry": { "type": "Point", "coordinates": [ -104.988113402999943, 39.755081177000079 ] } },
{ "type": "Feature", "properties": { "OBJECTID": 30486, "id": "DENVER_2020_20242021339273", "x": -105.0257568359375, "y": 39.689071655273438, "robbery": 1 }, "geometry": { "type": "Point", "coordinates": [ -105.025756835999971, 39.689071655000077 ] } },
{ "type": "Feature", "properties": { "OBJECTID": 30487, "id": "DENVER_2020_20242021340077", "x": -104.77105712890625, "y": 39.824699401855469, "robbery": 1 }, "geometry": { "type": "Point", "coordinates": [ -104.771057128999985, 39.824699402000078 ] } },
{ "type": "Feature", "properties": { "OBJECTID": 30488, "id": "DENVER_2020_20242021340177", "x": -104.76355743408203, "y": 39.778030395507812, "robbery": 1 }, "geometry": { "type": "Point", "coordinates": [ -104.763557433999949, 39.778030396000077 ] } },
{ "type": "Feature", "properties": { "OBJECTID": 30489, "id": "DENVER_2020_20242021340272", "x": -105.00955200195312, "y": 39.755378723144531, "robbery": 1 }, "geometry": { "type": "Point", "coordinates": [ -105.009552001999964, 39.755378723000035 ] } },
{ "type": "Feature", "properties": { "OBJECTID": 30490, "id": "DENVER_2020_20242021340457", "x": -104.98352813720703, "y": 39.728179931640625, "robbery": 1 }, "geometry": { "type": "Point", "coordinates": [ -104.983528136999951, 39.728179932000046 ] } },
{ "type": "Feature", "properties": { "OBJECTID": 30491, "id": "DENVER_2020_20242021340479", "x": -105.0296630859375, "y": 39.769130706787109, "robbery": 1 }, "geometry": { "type": "Point", "coordinates": [ -105.029663085999971, 39.769130707000045 ] } },
{ "type": "Feature", "properties": { "OBJECTID": 30492, "id": "DENVER_2020_2024202134061", "x": -105.02510833740234, "y": 39.720268249511719, "robbery": 1 }, "geometry": { "type": "Point", "coordinates": [ -105.025108336999949, 39.720268250000061 ] } },
{ "type": "Feature", "properties": { "OBJECTID": 30493, "id": "DENVER_2020_20242021341453", "x": -104.91101837158203, "y": 39.71282958984375, "robbery": 1 }, "geometry": { "type": "Point", "coordinates": [ -104.911018371999944, 39.712829590000069 ] } },
{ "type": "Feature", "properties": { "OBJECTID": 30494, "id": "DENVER_2020_20242021341853", "x": -104.89756011962891, "y": 39.740161895751953, "robbery": 1 }, "geometry": { "type": "Point", "coordinates": [ -104.89756011999998, 39.740161896000075 ] } },
{ "type": "Feature", "properties": { "OBJECTID": 30495, "id": "DENVER_2020_20242021342030", "x": -104.98374938964844, "y": 39.751708984375, "robbery": 1 }, "geometry": { "type": "Point", "coordinates": [ -104.983749389999957, 39.751708984000061 ] } },
{ "type": "Feature", "properties": { "OBJECTID": 30496, "id": "DENVER_2020_2024202134218", "x": -105.03896331787109, "y": 39.740058898925781, "robbery": 1 }, "geometry": { "type": "Point", "coordinates": [ -105.038963317999958, 39.740058899000076 ] } },
{ "type": "Feature", "properties": { "OBJECTID": 30497, "id": "DENVER_2020_20242021343110", "x": -104.98741149902344, "y": 39.746189117431641, "robbery": 1 }, "geometry": { "type": "Point", "coordinates": [ -104.987411498999961, 39.746189117000029 ] } },
{ "type": "Feature", "properties": { "OBJECTID": 30498, "id": "DENVER_2020_20242021343408", "x": -104.77094268798828, "y": 39.783561706542969, "robbery": 1 }, "geometry": { "type": "Point", "coordinates": [ -104.770942688, 39.783561707000047 ] } },
{ "type": "Feature", "properties": { "OBJECTID": 30499, "id": "DENVER_2020_20242021344314", "x": -105.05423736572266, "y": 39.678489685058594, "robbery": 1 }, "geometry": { "type": "Point", "coordinates": [ -105.054237365999938, 39.678489685000045 ] } },
{ "type": "Feature", "properties": { "OBJECTID": 30500, "id": "DENVER_2020_20242021344692", "x": -104.98148345947266, "y": 39.780738830566406, "robbery": 1 }, "geometry": { "type": "Point", "coordinates": [ -104.981483458999946, 39.780738831000065 ] } },
{ "type": "Feature", "properties": { "OBJECTID": 30501, "id": "DENVER_2020_20242021344758", "x": -104.90351104736328, "y": 39.689350128173828, "robbery": 1 }, "geometry": { "type": "Point", "coordinates": [ -104.903511046999938, 39.689350128000058 ] } },
{ "type": "Feature", "properties": { "OBJECTID": 30502, "id": "DENVER_2020_20242021344992", "x": -105.03246307373047, "y": 39.71337890625, "robbery": 1 }, "geometry": { "type": "Point", "coordinates": [ -105.032463073999963, 39.713378906000059 ] } },
{ "type": "Feature", "properties": { "OBJECTID": 30503, "id": "DENVER_2020_20242021346474", "x": -104.95977020263672, "y": 39.679630279541016, "robbery": 1 }, "geometry": { "type": "Point", "coordinates": [ -104.959770202999948, 39.679630280000026 ] } },
{ "type": "Feature", "properties": { "OBJECTID": 30504, "id": "DENVER_2020_20242021347407", "x": -104.98430633544922, "y": 39.747428894042969, "robbery": 1 }, "geometry": { "type": "Point", "coordinates": [ -104.984306334999985, 39.747428894000052 ] } },
{ "type": "Feature", "properties": { "OBJECTID": 30505, "id": "DENVER_2020_20242021347429", "x": -104.97991180419922, "y": 39.738430023193359, "robbery": 1 }, "geometry": { "type": "Point", "coordinates": [ -104.979911803999983, 39.738430023000035 ] } },
{ "type": "Feature", "properties": { "OBJECTID": 30506, "id": "DENVER_2020_2024202134749", "x": -105.02633666992188, "y": 39.716571807861328, "robbery": 1 }, "geometry": { "type": "Point", "coordinates": [ -105.026336669999978, 39.716571808000026 ] } },
{ "type": "Feature", "properties": { "OBJECTID": 30507, "id": "DENVER_2020_20242021350269", "x": -104.9775390625, "y": 39.748088836669922, "robbery": 1 }, "geometry": { "type": "Point", "coordinates": [ -104.977539062999938, 39.748088837000068 ] } },
{ "type": "Feature", "properties": { "OBJECTID": 30508, "id": "DENVER_2020_20242021351579", "x": -104.98738861083984, "y": 39.740848541259766, "robbery": 1 }, "geometry": { "type": "Point", "coordinates": [ -104.987388610999972, 39.740848541000048 ] } },
{ "type": "Feature", "properties": { "OBJECTID": 30509, "id": "DENVER_2020_20242021351961", "x": -105.02456665039062, "y": 39.709388732910156, "robbery": 1 }, "geometry": { "type": "Point", "coordinates": [ -105.02456664999994, 39.709388733000026 ] } },
{ "type": "Feature", "properties": { "OBJECTID": 30510, "id": "DENVER_2020_20242021352360", "x": -104.97332763671875, "y": 39.759510040283203, "robbery": 1 }, "geometry": { "type": "Point", "coordinates": [ -104.973327636999954, 39.759510040000066 ] } },
{ "type": "Feature", "properties": { "OBJECTID": 30511, "id": "DENVER_2020_20242021352569", "x": -104.979248046875, "y": 39.778331756591797, "robbery": 1 }, "geometry": { "type": "Point", "coordinates": [ -104.979248046999942, 39.778331757000046 ] } },
{ "type": "Feature", "properties": { "OBJECTID": 30512, "id": "DENVER_2020_20242021352745", "x": -104.94345855712891, "y": 39.710849761962891, "robbery": 1 }, "geometry": { "type": "Point", "coordinates": [ -104.943458556999985, 39.710849762000066 ] } },
{ "type": "Feature", "properties": { "OBJECTID": 30513, "id": "DENVER_2020_20242021352805", "x": -104.98081970214844, "y": 39.740291595458984, "robbery": 1 }, "geometry": { "type": "Point", "coordinates": [ -104.980819701999962, 39.740291595000031 ] } },
{ "type": "Feature", "properties": { "OBJECTID": 30514, "id": "DENVER_2020_20242021353163", "x": -104.77105712890625, "y": 39.824699401855469, "robbery": 1 }, "geometry": { "type": "Point", "coordinates": [ -104.771057128999985, 39.824699402000078 ] } },
{ "type": "Feature", "properties": { "OBJECTID": 30515, "id": "DENVER_2020_20242021353196", "x": -104.94104766845703, "y": 39.696079254150391, "robbery": 1 }, "geometry": { "type": "Point", "coordinates": [ -104.941047667999953, 39.69607925400004 ] } },
{ "type": "Feature", "properties": { "OBJECTID": 30516, "id": "DENVER_2020_20242021353238", "x": -105.04971313476562, "y": 39.688690185546875, "robbery": 1 }, "geometry": { "type": "Point", "coordinates": [ -105.049713135, 39.688690186000031 ] } },
{ "type": "Feature", "properties": { "OBJECTID": 30517, "id": "DENVER_2020_20242021355945", "x": -104.77232360839844, "y": 39.782680511474609, "robbery": 1 }, "geometry": { "type": "Point", "coordinates": [ -104.772323607999965, 39.782680511000081 ] } },
{ "type": "Feature", "properties": { "OBJECTID": 30518, "id": "DENVER_2020_20242021356306", "x": -104.94148254394531, "y": 39.680519104003906, "robbery": 1 }, "geometry": { "type": "Point", "coordinates": [ -104.941482543999939, 39.680519104000041 ] } },
{ "type": "Feature", "properties": { "OBJECTID": 30519, "id": "DENVER_2020_20242021356787", "x": -104.77213287353516, "y": 39.781780242919922, "robbery": 1 }, "geometry": { "type": "Point", "coordinates": [ -104.772132873999965, 39.781780243000071 ] } },
{ "type": "Feature", "properties": { "OBJECTID": 30520, "id": "DENVER_2020_20242021357088", "x": -104.98267364501953, "y": 39.741218566894531, "robbery": 1 }, "geometry": { "type": "Point", "coordinates": [ -104.982673644999977, 39.741218567000033 ] } },
{ "type": "Feature", "properties": { "OBJECTID": 30521, "id": "DENVER_2020_20242021357224", "x": -105.02558898925781, "y": 39.749149322509766, "robbery": 1 }, "geometry": { "type": "Point", "coordinates": [ -105.025588988999971, 39.74914932300004 ] } },
{ "type": "Feature", "properties": { "OBJECTID": 30522, "id": "DENVER_2020_20242021357316", "x": -104.9080810546875, "y": 39.630538940429688, "robbery": 1 }, "geometry": { "type": "Point", "coordinates": [ -104.908081054999968, 39.630538940000065 ] } },
{ "type": "Feature", "properties": { "OBJECTID": 30523, "id": "DENVER_2020_20242021357407", "x": -104.77245330810547, "y": 39.783161163330078, "robbery": 1 }, "geometry": { "type": "Point", "coordinates": [ -104.772453307999967, 39.783161163000045 ] } },
{ "type": "Feature", "properties": { "OBJECTID": 30524, "id": "DENVER_2020_20242021357605", "x": -104.8089599609375, "y": 39.774681091308594, "robbery": 1 }, "geometry": { "type": "Point", "coordinates": [ -104.808959960999971, 39.774681091000048 ] } },
{ "type": "Feature", "properties": { "OBJECTID": 30525, "id": "DENVER_2020_20242021357772", "x": -104.97178649902344, "y": 39.764289855957031, "robbery": 1 }, "geometry": { "type": "Point", "coordinates": [ -104.971786498999961, 39.764289856000062 ] } },
{ "type": "Feature", "properties": { "OBJECTID": 30526, "id": "DENVER_2020_20242021358079", "x": -105.08615875244141, "y": 39.615749359130859, "robbery": 1 }, "geometry": { "type": "Point", "coordinates": [ -105.08615875199996, 39.615749359000063 ] } },
{ "type": "Feature", "properties": { "OBJECTID": 30527, "id": "DENVER_2020_20242021358842", "x": -104.99392700195312, "y": 39.746139526367188, "robbery": 1 }, "geometry": { "type": "Point", "coordinates": [ -104.993927001999964, 39.746139526000036 ] } },
{ "type": "Feature", "properties": { "OBJECTID": 30528, "id": "DENVER_2020_20242021358875", "x": -105.02189636230469, "y": 39.677581787109375, "robbery": 1 }, "geometry": { "type": "Point", "coordinates": [ -105.02189636199995, 39.677581787000065 ] } },
{ "type": "Feature", "properties": { "OBJECTID": 30529, "id": "DENVER_2020_2024202135892", "x": -104.97781372070312, "y": 39.788459777832031, "robbery": 1 }, "geometry": { "type": "Point", "coordinates": [ -104.977813720999961, 39.78845977800006 ] } },
{ "type": "Feature", "properties": { "OBJECTID": 30530, "id": "DENVER_2020_20242021359886", "x": -104.89733123779297, "y": 39.729900360107422, "robbery": 1 }, "geometry": { "type": "Point", "coordinates": [ -104.897331238, 39.729900360000045 ] } },
{ "type": "Feature", "properties": { "OBJECTID": 30531, "id": "DENVER_2020_20242021360036", "x": -104.86196136474609, "y": 39.658409118652344, "robbery": 1 }, "geometry": { "type": "Point", "coordinates": [ -104.861961364999956, 39.658409119000055 ] } },
{ "type": "Feature", "properties": { "OBJECTID": 30532, "id": "DENVER_2020_20242021360729", "x": -105.02562713623047, "y": 39.783561706542969, "robbery": 1 }, "geometry": { "type": "Point", "coordinates": [ -105.025627135999969, 39.783561707000047 ] } },
{ "type": "Feature", "properties": { "OBJECTID": 30533, "id": "DENVER_2020_20242021360793", "x": -104.99392700195312, "y": 39.746139526367188, "robbery": 1 }, "geometry": { "type": "Point", "coordinates": [ -104.993927001999964, 39.746139526000036 ] } },
{ "type": "Feature", "properties": { "OBJECTID": 30534, "id": "DENVER_2020_20242021360794", "x": -104.77139282226562, "y": 39.782230377197266, "robbery": 1 }, "geometry": { "type": "Point", "coordinates": [ -104.771392821999939, 39.782230377000076 ] } },
{ "type": "Feature", "properties": { "OBJECTID": 30535, "id": "DENVER_2020_20242021360943", "x": -104.90184783935547, "y": 39.756599426269531, "robbery": 1 }, "geometry": { "type": "Point", "coordinates": [ -104.90184783899997, 39.756599426000037 ] } },
{ "type": "Feature", "properties": { "OBJECTID": 30536, "id": "DENVER_2020_20242021361113", "x": -104.94737243652344, "y": 39.719398498535156, "robbery": 1 }, "geometry": { "type": "Point", "coordinates": [ -104.947372436999956, 39.719398499000079 ] } },
{ "type": "Feature", "properties": { "OBJECTID": 30537, "id": "DENVER_2020_20242021361174", "x": -104.97479248046875, "y": 39.740020751953125, "robbery": 1 }, "geometry": { "type": "Point", "coordinates": [ -104.974792479999962, 39.740020752000078 ] } },
{ "type": "Feature", "properties": { "OBJECTID": 30538, "id": "DENVER_2020_20242021361352", "x": -105.05136108398438, "y": 39.654800415039062, "robbery": 1 }, "geometry": { "type": "Point", "coordinates": [ -105.05136108399995, 39.654800415000068 ] } },
{ "type": "Feature", "properties": { "OBJECTID": 30539, "id": "DENVER_2020_20242021362162", "x": -104.98739624023438, "y": 39.747360229492188, "robbery": 1 }, "geometry": { "type": "Point", "coordinates": [ -104.987396239999953, 39.747360229000037 ] } },
{ "type": "Feature", "properties": { "OBJECTID": 30540, "id": "DENVER_2020_20242021363163", "x": -105.02604675292969, "y": 39.697360992431641, "robbery": 1 }, "geometry": { "type": "Point", "coordinates": [ -105.026046752999946, 39.697360992000029 ] } },
{ "type": "Feature", "properties": { "OBJECTID": 30541, "id": "DENVER_2020_20242021364674", "x": -104.867919921875, "y": 39.655799865722656, "robbery": 1 }, "geometry": { "type": "Point", "coordinates": [ -104.867919921999942, 39.655799866000052 ] } },
{ "type": "Feature", "properties": { "OBJECTID": 30542, "id": "DENVER_2020_20242021365011", "x": -104.97341918945312, "y": 39.759380340576172, "robbery": 1 }, "geometry": { "type": "Point", "coordinates": [ -104.973419188999969, 39.759380341000053 ] } },
{ "type": "Feature", "properties": { "OBJECTID": 30543, "id": "DENVER_2020_20242021365240", "x": -104.99143981933594, "y": 39.753570556640625, "robbery": 1 }, "geometry": { "type": "Point", "coordinates": [ -104.991439819, 39.753570557000046 ] } },
{ "type": "Feature", "properties": { "OBJECTID": 30544, "id": "DENVER_2020_20242021365855", "x": -105.03462219238281, "y": 39.745861053466797, "robbery": 1 }, "geometry": { "type": "Point", "coordinates": [ -105.034622191999972, 39.745861053000056 ] } },
{ "type": "Feature", "properties": { "OBJECTID": 30545, "id": "DENVER_2020_20242021366365", "x": -104.92938232421875, "y": 39.652729034423828, "robbery": 1 }, "geometry": { "type": "Point", "coordinates": [ -104.92938232399996, 39.65272903400006 ] } },
{ "type": "Feature", "properties": { "OBJECTID": 30546, "id": "DENVER_2020_20242021368526", "x": -105.05287933349609, "y": 39.753299713134766, "robbery": 1 }, "geometry": { "type": "Point", "coordinates": [ -105.052879332999964, 39.753299713000047 ] } },
{ "type": "Feature", "properties": { "OBJECTID": 30547, "id": "DENVER_2020_20242021368896", "x": -105.04506683349609, "y": 39.720268249511719, "robbery": 1 }, "geometry": { "type": "Point", "coordinates": [ -105.045066832999964, 39.720268250000061 ] } },
{ "type": "Feature", "properties": { "OBJECTID": 30548, "id": "DENVER_2020_20242021369373", "x": -105.00301361083984, "y": 39.703609466552734, "robbery": 1 }, "geometry": { "type": "Point", "coordinates": [ -105.003013610999972, 39.703609467000035 ] } },
{ "type": "Feature", "properties": { "OBJECTID": 30549, "id": "DENVER_2020_20242021369529", "x": -104.99131011962891, "y": 39.744319915771484, "robbery": 1 }, "geometry": { "type": "Point", "coordinates": [ -104.99131011999998, 39.744319916000052 ] } },
{ "type": "Feature", "properties": { "OBJECTID": 30550, "id": "DENVER_2020_20242021369550", "x": -104.88503265380859, "y": 39.733058929443359, "robbery": 1 }, "geometry": { "type": "Point", "coordinates": [ -104.885032653999986, 39.733058929000038 ] } },
{ "type": "Feature", "properties": { "OBJECTID": 30551, "id": "DENVER_2020_20242021369561", "x": -105.004150390625, "y": 39.734580993652344, "robbery": 1 }, "geometry": { "type": "Point", "coordinates": [ -105.004150390999939, 39.734580994000055 ] } },
{ "type": "Feature", "properties": { "OBJECTID": 30552, "id": "DENVER_2020_20242021369608", "x": -104.93546295166016, "y": 39.681240081787109, "robbery": 1 }, "geometry": { "type": "Point", "coordinates": [ -104.935462951999966, 39.681240082000045 ] } },
{ "type": "Feature", "properties": { "OBJECTID": 30553, "id": "DENVER_2020_20242021370097", "x": -104.87088775634766, "y": 39.653469085693359, "robbery": 1 }, "geometry": { "type": "Point", "coordinates": [ -104.870887755999945, 39.65346908600003 ] } },
{ "type": "Feature", "properties": { "OBJECTID": 30554, "id": "DENVER_2020_20242021370330", "x": -105.04387664794922, "y": 39.731208801269531, "robbery": 1 }, "geometry": { "type": "Point", "coordinates": [ -105.04387664799998, 39.731208801000037 ] } },
{ "type": "Feature", "properties": { "OBJECTID": 30555, "id": "DENVER_2020_20242021371132", "x": -104.95879364013672, "y": 39.740119934082031, "robbery": 1 }, "geometry": { "type": "Point", "coordinates": [ -104.958793639999953, 39.740119934000063 ] } },
{ "type": "Feature", "properties": { "OBJECTID": 30556, "id": "DENVER_2020_20242021371310", "x": -104.99701690673828, "y": 39.75238037109375, "robbery": 1 }, "geometry": { "type": "Point", "coordinates": [ -104.997016906999988, 39.752380371000072 ] } },
{ "type": "Feature", "properties": { "OBJECTID": 30557, "id": "DENVER_2020_20242021371589", "x": -104.96719360351562, "y": 39.759490966796875, "robbery": 1 }, "geometry": { "type": "Point", "coordinates": [ -104.967193603999988, 39.759490967000033 ] } },
{ "type": "Feature", "properties": { "OBJECTID": 30558, "id": "DENVER_2020_20242021371615", "x": -104.97511291503906, "y": 39.739860534667969, "robbery": 1 }, "geometry": { "type": "Point", "coordinates": [ -104.975112914999954, 39.739860535000048 ] } },
{ "type": "Feature", "properties": { "OBJECTID": 30559, "id": "DENVER_2020_20242021371665", "x": -105.05323028564453, "y": 39.696868896484375, "robbery": 1 }, "geometry": { "type": "Point", "coordinates": [ -105.053230285999973, 39.696868896000069 ] } },
{ "type": "Feature", "properties": { "OBJECTID": 30560, "id": "DENVER_2020_20242021371926", "x": -104.99165344238281, "y": 39.736858367919922, "robbery": 1 }, "geometry": { "type": "Point", "coordinates": [ -104.991653441999972, 39.736858368000071 ] } },
{ "type": "Feature", "properties": { "OBJECTID": 30561, "id": "DENVER_2020_20242021373706", "x": -105.00157928466797, "y": 39.754100799560547, "robbery": 1 }, "geometry": { "type": "Point", "coordinates": [ -105.001579285, 39.75410080000006 ] } },
{ "type": "Feature", "properties": { "OBJECTID": 30562, "id": "DENVER_2020_20242021374102", "x": -104.81955718994141, "y": 39.778400421142578, "robbery": 1 }, "geometry": { "type": "Point", "coordinates": [ -104.819557189999955, 39.778400421000072 ] } },
{ "type": "Feature", "properties": { "OBJECTID": 30563, "id": "DENVER_2020_20242021374143", "x": -104.99104309082031, "y": 39.785629272460938, "robbery": 1 }, "geometry": { "type": "Point", "coordinates": [ -104.991043090999938, 39.785629272000051 ] } },
{ "type": "Feature", "properties": { "OBJECTID": 30564, "id": "DENVER_2020_20242021375041", "x": -104.89784240722656, "y": 39.734329223632812, "robbery": 1 }, "geometry": { "type": "Point", "coordinates": [ -104.897842406999985, 39.734329224000078 ] } },
{ "type": "Feature", "properties": { "OBJECTID": 30565, "id": "DENVER_2020_20242021375409", "x": -105.02568054199219, "y": 39.755111694335938, "robbery": 1 }, "geometry": { "type": "Point", "coordinates": [ -105.025680541999975, 39.75511169400005 ] } },
{ "type": "Feature", "properties": { "OBJECTID": 30566, "id": "DENVER_2020_20242021376196", "x": -104.98806762695312, "y": 39.681770324707031, "robbery": 1 }, "geometry": { "type": "Point", "coordinates": [ -104.988067626999964, 39.681770325000059 ] } },
{ "type": "Feature", "properties": { "OBJECTID": 30567, "id": "DENVER_2020_20242021377111", "x": -105.03206634521484, "y": 39.734779357910156, "robbery": 1 }, "geometry": { "type": "Point", "coordinates": [ -105.032066344999976, 39.734779358000026 ] } },
{ "type": "Feature", "properties": { "OBJECTID": 30568, "id": "DENVER_2020_20242021377170", "x": -105.01119995117188, "y": 39.763221740722656, "robbery": 1 }, "geometry": { "type": "Point", "coordinates": [ -105.011199950999981, 39.763221741000052 ] } },
{ "type": "Feature", "properties": { "OBJECTID": 30569, "id": "DENVER_2020_20242021378251", "x": -104.94168853759766, "y": 39.680870056152344, "robbery": 1 }, "geometry": { "type": "Point", "coordinates": [ -104.941688537999937, 39.68087005600006 ] } },
{ "type": "Feature", "properties": { "OBJECTID": 30570, "id": "DENVER_2020_20242021378488", "x": -104.98764801025391, "y": 39.734500885009766, "robbery": 1 }, "geometry": { "type": "Point", "coordinates": [ -104.987648009999987, 39.734500885000045 ] } },
{ "type": "Feature", "properties": { "OBJECTID": 30571, "id": "DENVER_2020_20242021379328", "x": -104.98877716064453, "y": 39.751861572265625, "robbery": 1 }, "geometry": { "type": "Point", "coordinates": [ -104.988777160999973, 39.751861572000053 ] } },
{ "type": "Feature", "properties": { "OBJECTID": 30572, "id": "DENVER_2020_20242021379609", "x": -105.00283050537109, "y": 39.733688354492188, "robbery": 1 }, "geometry": { "type": "Point", "coordinates": [ -105.002830504999963, 39.733688354000037 ] } },
{ "type": "Feature", "properties": { "OBJECTID": 30573, "id": "DENVER_2020_20242021379649", "x": -105.05368041992188, "y": 39.675411224365234, "robbery": 1 }, "geometry": { "type": "Point", "coordinates": [ -105.053680419999978, 39.675411224000072 ] } },
{ "type": "Feature", "properties": { "OBJECTID": 30574, "id": "DENVER_2020_20242021379723", "x": -104.86625671386719, "y": 39.698158264160156, "robbery": 1 }, "geometry": { "type": "Point", "coordinates": [ -104.866256713999974, 39.698158264000028 ] } },
{ "type": "Feature", "properties": { "OBJECTID": 30575, "id": "DENVER_2020_20242021380135", "x": -104.94938659667969, "y": 39.783130645751953, "robbery": 1 }, "geometry": { "type": "Point", "coordinates": [ -104.949386596999943, 39.783130646000075 ] } },
{ "type": "Feature", "properties": { "OBJECTID": 30576, "id": "DENVER_2020_20242021380891", "x": -104.99413299560547, "y": 39.750408172607422, "robbery": 1 }, "geometry": { "type": "Point", "coordinates": [ -104.994132995999962, 39.750408173000039 ] } },
{ "type": "Feature", "properties": { "OBJECTID": 30577, "id": "DENVER_2020_20242021381200", "x": -105.040283203125, "y": 39.71112060546875, "robbery": 1 }, "geometry": { "type": "Point", "coordinates": [ -105.040283202999944, 39.711120605000076 ] } },
{ "type": "Feature", "properties": { "OBJECTID": 30578, "id": "DENVER_2020_20242021381345", "x": -104.96382141113281, "y": 39.740280151367188, "robbery": 1 }, "geometry": { "type": "Point", "coordinates": [ -104.963821410999969, 39.740280151000036 ] } },
{ "type": "Feature", "properties": { "OBJECTID": 30579, "id": "DENVER_2020_20242021381372", "x": -104.97297668457031, "y": 39.745010375976562, "robbery": 1 }, "geometry": { "type": "Point", "coordinates": [ -104.972976685, 39.745010376000039 ] } },
{ "type": "Feature", "properties": { "OBJECTID": 30580, "id": "DENVER_2020_20242021382707", "x": -104.9775390625, "y": 39.748088836669922, "robbery": 1 }, "geometry": { "type": "Point", "coordinates": [ -104.977539062999938, 39.748088837000068 ] } },
{ "type": "Feature", "properties": { "OBJECTID": 30581, "id": "DENVER_2020_2024202138314", "x": -104.89909362792969, "y": 39.740470886230469, "robbery": 1 }, "geometry": { "type": "Point", "coordinates": [ -104.899093627999946, 39.740470886000026 ] } },
{ "type": "Feature", "properties": { "OBJECTID": 30582, "id": "DENVER_2020_20242021384457", "x": -105.02554321289062, "y": 39.79058837890625, "robbery": 1 }, "geometry": { "type": "Point", "coordinates": [ -105.025543213, 39.790588379000042 ] } },
{ "type": "Feature", "properties": { "OBJECTID": 30583, "id": "DENVER_2020_20242021384682", "x": -104.90693664550781, "y": 39.771690368652344, "robbery": 1 }, "geometry": { "type": "Point", "coordinates": [ -104.906936645999963, 39.771690369000055 ] } },
{ "type": "Feature", "properties": { "OBJECTID": 30584, "id": "DENVER_2020_20242021384858", "x": -105.02982330322266, "y": 39.709430694580078, "robbery": 1 }, "geometry": { "type": "Point", "coordinates": [ -105.029823302999944, 39.709430695000037 ] } },
{ "type": "Feature", "properties": { "OBJECTID": 30585, "id": "DENVER_2020_20242021385026", "x": -104.99710845947266, "y": 39.753200531005859, "robbery": 1 }, "geometry": { "type": "Point", "coordinates": [ -104.997108458999946, 39.753200531000061 ] } },
{ "type": "Feature", "properties": { "OBJECTID": 30586, "id": "DENVER_2020_2024202138573", "x": -105.04193115234375, "y": 39.725410461425781, "robbery": 1 }, "geometry": { "type": "Point", "coordinates": [ -105.041931151999961, 39.725410461000024 ] } },
{ "type": "Feature", "properties": { "OBJECTID": 30587, "id": "DENVER_2020_20242021385794", "x": -104.96193695068359, "y": 39.738319396972656, "robbery": 1 }, "geometry": { "type": "Point", "coordinates": [ -104.961936950999984, 39.738319397000055 ] } },
{ "type": "Feature", "properties": { "OBJECTID": 30588, "id": "DENVER_2020_20242021386348", "x": -105.02480316162109, "y": 39.750980377197266, "robbery": 1 }, "geometry": { "type": "Point", "coordinates": [ -105.024803161999955, 39.750980377000076 ] } },
{ "type": "Feature", "properties": { "OBJECTID": 30589, "id": "DENVER_2020_2024202138652", "x": -105.04141998291016, "y": 39.733150482177734, "robbery": 1 }, "geometry": { "type": "Point", "coordinates": [ -105.041419982999969, 39.733150482000042 ] } },
{ "type": "Feature", "properties": { "OBJECTID": 30590, "id": "DENVER_2020_20242021387182", "x": -104.98748779296875, "y": 39.739898681640625, "robbery": 1 }, "geometry": { "type": "Point", "coordinates": [ -104.987487792999957, 39.739898682000046 ] } },
{ "type": "Feature", "properties": { "OBJECTID": 30591, "id": "DENVER_2020_20242021387416", "x": -104.94275665283203, "y": 39.764110565185547, "robbery": 1 }, "geometry": { "type": "Point", "coordinates": [ -104.942756652999947, 39.764110565000067 ] } },
{ "type": "Feature", "properties": { "OBJECTID": 30592, "id": "DENVER_2020_20242021387920", "x": -104.96843719482422, "y": 39.678249359130859, "robbery": 1 }, "geometry": { "type": "Point", "coordinates": [ -104.968437194999979, 39.678249359000063 ] } },
{ "type": "Feature", "properties": { "OBJECTID": 30593, "id": "DENVER_2020_20242021388818", "x": -104.90541076660156, "y": 39.698020935058594, "robbery": 1 }, "geometry": { "type": "Point", "coordinates": [ -104.905410766999978, 39.698020935000045 ] } },
{ "type": "Feature", "properties": { "OBJECTID": 30594, "id": "DENVER_2020_20242021388886", "x": -105.02438354492188, "y": 39.755439758300781, "robbery": 1 }, "geometry": { "type": "Point", "coordinates": [ -105.024383544999978, 39.75543975800008 ] } },
{ "type": "Feature", "properties": { "OBJECTID": 30595, "id": "DENVER_2020_20242021389098", "x": -104.94013977050781, "y": 39.685188293457031, "robbery": 1 }, "geometry": { "type": "Point", "coordinates": [ -104.940139770999963, 39.685188293000067 ] } },
{ "type": "Feature", "properties": { "OBJECTID": 30596, "id": "DENVER_2020_20242021389658", "x": -104.99845886230469, "y": 39.724250793457031, "robbery": 1 }, "geometry": { "type": "Point", "coordinates": [ -104.99845886199995, 39.724250793000067 ] } },
{ "type": "Feature", "properties": { "OBJECTID": 30597, "id": "DENVER_2020_20242021390785", "x": -104.84622955322266, "y": 39.778579711914062, "robbery": 1 }, "geometry": { "type": "Point", "coordinates": [ -104.846229552999944, 39.778579712000067 ] } },
{ "type": "Feature", "properties": { "OBJECTID": 30598, "id": "DENVER_2020_20242021391997", "x": -105.030517578125, "y": 39.710880279541016, "robbery": 1 }, "geometry": { "type": "Point", "coordinates": [ -105.030517577999944, 39.710880280000026 ] } },
{ "type": "Feature", "properties": { "OBJECTID": 30599, "id": "DENVER_2020_20242021392552", "x": -104.9786376953125, "y": 39.738578796386719, "robbery": 1 }, "geometry": { "type": "Point", "coordinates": [ -104.978637694999975, 39.73857879600007 ] } },
{ "type": "Feature", "properties": { "OBJECTID": 30600, "id": "DENVER_2020_20242021393479", "x": -104.89991760253906, "y": 39.766139984130859, "robbery": 1 }, "geometry": { "type": "Point", "coordinates": [ -104.899917602999949, 39.766139984000063 ] } },
{ "type": "Feature", "properties": { "OBJECTID": 30601, "id": "DENVER_2020_20242021394525", "x": -105.00081634521484, "y": 39.739948272705078, "robbery": 1 }, "geometry": { "type": "Point", "coordinates": [ -105.000816344999976, 39.739948273000039 ] } },
{ "type": "Feature", "properties": { "OBJECTID": 30602, "id": "DENVER_2020_20242021394962", "x": -105.02548217773438, "y": 39.705650329589844, "robbery": 1 }, "geometry": { "type": "Point", "coordinates": [ -105.025482177999947, 39.705650330000026 ] } },
{ "type": "Feature", "properties": { "OBJECTID": 30603, "id": "DENVER_2020_20242021395193", "x": -104.84323120117188, "y": 39.782390594482422, "robbery": 1 }, "geometry": { "type": "Point", "coordinates": [ -104.843231200999981, 39.782390594000049 ] } },
{ "type": "Feature", "properties": { "OBJECTID": 30604, "id": "DENVER_2020_20242021395641", "x": -104.94207000732422, "y": 39.688678741455078, "robbery": 1 }, "geometry": { "type": "Point", "coordinates": [ -104.942070006999984, 39.688678741000047 ] } },
{ "type": "Feature", "properties": { "OBJECTID": 30605, "id": "DENVER_2020_20242021395792", "x": -105.00180053710938, "y": 39.740280151367188, "robbery": 1 }, "geometry": { "type": "Point", "coordinates": [ -105.001800536999951, 39.740280151000036 ] } },
{ "type": "Feature", "properties": { "OBJECTID": 30606, "id": "DENVER_2020_2024202139592", "x": -104.89559936523438, "y": 39.736690521240234, "robbery": 1 }, "geometry": { "type": "Point", "coordinates": [ -104.895599364999953, 39.736690521000071 ] } },
{ "type": "Feature", "properties": { "OBJECTID": 30607, "id": "DENVER_2020_20242021395946", "x": -104.77213287353516, "y": 39.809638977050781, "robbery": 1 }, "geometry": { "type": "Point", "coordinates": [ -104.772132873999965, 39.809638977000077 ] } },
{ "type": "Feature", "properties": { "OBJECTID": 30608, "id": "DENVER_2020_20242021396041", "x": -104.96846008300781, "y": 39.740009307861328, "robbery": 1 }, "geometry": { "type": "Point", "coordinates": [ -104.968460082999968, 39.740009308000026 ] } },
{ "type": "Feature", "properties": { "OBJECTID": 30609, "id": "DENVER_2020_20242021396073", "x": -104.86196136474609, "y": 39.658409118652344, "robbery": 1 }, "geometry": { "type": "Point", "coordinates": [ -104.861961364999956, 39.658409119000055 ] } },
{ "type": "Feature", "properties": { "OBJECTID": 30610, "id": "DENVER_2020_20242021396284", "x": -104.98017883300781, "y": 39.749309539794922, "robbery": 1 }, "geometry": { "type": "Point", "coordinates": [ -104.980178832999968, 39.74930954000007 ] } },
{ "type": "Feature", "properties": { "OBJECTID": 30611, "id": "DENVER_2020_20242021398261", "x": -105.00314331054688, "y": 39.770359039306641, "robbery": 1 }, "geometry": { "type": "Point", "coordinates": [ -105.003143310999974, 39.770359039000027 ] } },
{ "type": "Feature", "properties": { "OBJECTID": 30612, "id": "DENVER_2020_20242021398316", "x": -104.99556732177734, "y": 39.753719329833984, "robbery": 1 }, "geometry": { "type": "Point", "coordinates": [ -104.995567321999943, 39.753719330000024 ] } },
{ "type": "Feature", "properties": { "OBJECTID": 30613, "id": "DENVER_2020_20242021398490", "x": -104.99160766601562, "y": 39.753440856933594, "robbery": 1 }, "geometry": { "type": "Point", "coordinates": [ -104.991607666, 39.753440857000044 ] } },
{ "type": "Feature", "properties": { "OBJECTID": 30614, "id": "DENVER_2020_20242021399191", "x": -104.98748779296875, "y": 39.739898681640625, "robbery": 1 }, "geometry": { "type": "Point", "coordinates": [ -104.987487792999957, 39.739898682000046 ] } },
{ "type": "Feature", "properties": { "OBJECTID": 30615, "id": "DENVER_2020_20242021399369", "x": -104.94317626953125, "y": 39.735389709472656, "robbery": 1 }, "geometry": { "type": "Point", "coordinates": [ -104.943176269999981, 39.73538970900006 ] } },
{ "type": "Feature", "properties": { "OBJECTID": 30616, "id": "DENVER_2020_20242021399519", "x": -104.95368194580078, "y": 39.739971160888672, "robbery": 1 }, "geometry": { "type": "Point", "coordinates": [ -104.953681945999961, 39.739971161000028 ] } },
{ "type": "Feature", "properties": { "OBJECTID": 30617, "id": "DENVER_2020_20242021399588", "x": -104.94036102294922, "y": 39.727981567382812, "robbery": 1 }, "geometry": { "type": "Point", "coordinates": [ -104.94036102299998, 39.727981567000029 ] } },
{ "type": "Feature", "properties": { "OBJECTID": 30618, "id": "DENVER_2020_20242021399878", "x": -105.00685119628906, "y": 39.695968627929688, "robbery": 1 }, "geometry": { "type": "Point", "coordinates": [ -105.006851195999957, 39.69596862800006 ] } },
{ "type": "Feature", "properties": { "OBJECTID": 30619, "id": "DENVER_2020_20242021399977", "x": -105.00254058837891, "y": 39.738609313964844, "robbery": 1 }, "geometry": { "type": "Point", "coordinates": [ -105.002540587999988, 39.73860931400003 ] } },
{ "type": "Feature", "properties": { "OBJECTID": 30620, "id": "DENVER_2020_20242021400222", "x": -105.02565765380859, "y": 39.747329711914062, "robbery": 1 }, "geometry": { "type": "Point", "coordinates": [ -105.025657653999986, 39.747329712000067 ] } },
{ "type": "Feature", "properties": { "OBJECTID": 30621, "id": "DENVER_2020_20242021400777", "x": -104.99443054199219, "y": 39.745761871337891, "robbery": 1 }, "geometry": { "type": "Point", "coordinates": [ -104.994430541999975, 39.74576187100007 ] } },
{ "type": "Feature", "properties": { "OBJECTID": 30622, "id": "DENVER_2020_20242021401293", "x": -105.02462768554688, "y": 39.661869049072266, "robbery": 1 }, "geometry": { "type": "Point", "coordinates": [ -105.024627685999974, 39.661869049000074 ] } },
{ "type": "Feature", "properties": { "OBJECTID": 30623, "id": "DENVER_2020_20242021401782", "x": -105.09619140625, "y": 39.634681701660156, "robbery": 1 }, "geometry": { "type": "Point", "coordinates": [ -105.096191405999946, 39.63468170200008 ] } },
{ "type": "Feature", "properties": { "OBJECTID": 30624, "id": "DENVER_2020_2024202140181", "x": -105.025146484375, "y": 39.738010406494141, "robbery": 1 }, "geometry": { "type": "Point", "coordinates": [ -105.025146483999947, 39.738010406000058 ] } },
{ "type": "Feature", "properties": { "OBJECTID": 30625, "id": "DENVER_2020_20242021402498", "x": -104.99965667724609, "y": 39.756690979003906, "robbery": 1 }, "geometry": { "type": "Point", "coordinates": [ -104.999656676999962, 39.756690979000041 ] } },
{ "type": "Feature", "properties": { "OBJECTID": 30626, "id": "DENVER_2020_2024202140340", "x": -105.03932952880859, "y": 39.674789428710938, "robbery": 1 }, "geometry": { "type": "Point", "coordinates": [ -105.039329528999986, 39.674789429000043 ] } },
{ "type": "Feature", "properties": { "OBJECTID": 30627, "id": "DENVER_2020_2024202140405", "x": -104.98805999755859, "y": 39.711589813232422, "robbery": 1 }, "geometry": { "type": "Point", "coordinates": [ -104.988059997999983, 39.711589813000046 ] } },
{ "type": "Feature", "properties": { "OBJECTID": 30628, "id": "DENVER_2020_20242021404356", "x": -105.03220367431641, "y": 39.700649261474609, "robbery": 1 }, "geometry": { "type": "Point", "coordinates": [ -105.032203673999959, 39.700649261000081 ] } },
{ "type": "Feature", "properties": { "OBJECTID": 30629, "id": "DENVER_2020_20242021405466", "x": -104.94120025634766, "y": 39.679161071777344, "robbery": 1 }, "geometry": { "type": "Point", "coordinates": [ -104.941200255999945, 39.679161072000056 ] } },
{ "type": "Feature", "properties": { "OBJECTID": 30630, "id": "DENVER_2020_20242021405724", "x": -104.99305725097656, "y": 39.746040344238281, "robbery": 1 }, "geometry": { "type": "Point", "coordinates": [ -104.993057250999982, 39.74604034400005 ] } },
{ "type": "Feature", "properties": { "OBJECTID": 30631, "id": "DENVER_2020_20242021406965", "x": -104.86196136474609, "y": 39.658409118652344, "robbery": 1 }, "geometry": { "type": "Point", "coordinates": [ -104.861961364999956, 39.658409119000055 ] } },
{ "type": "Feature", "properties": { "OBJECTID": 30632, "id": "DENVER_2020_20242021407021", "x": -104.95417022705078, "y": 39.740180969238281, "robbery": 1 }, "geometry": { "type": "Point", "coordinates": [ -104.954170226999963, 39.74018096900005 ] } },
{ "type": "Feature", "properties": { "OBJECTID": 30633, "id": "DENVER_2020_20242021407221", "x": -104.89726257324219, "y": 39.739669799804688, "robbery": 1 }, "geometry": { "type": "Point", "coordinates": [ -104.897262572999978, 39.739669800000058 ] } },
{ "type": "Feature", "properties": { "OBJECTID": 30634, "id": "DENVER_2020_20242021407869", "x": -104.93621826171875, "y": 39.678520202636719, "robbery": 1 }, "geometry": { "type": "Point", "coordinates": [ -104.936218261999954, 39.678520203000062 ] } },
{ "type": "Feature", "properties": { "OBJECTID": 30635, "id": "DENVER_2020_20242021409206", "x": -104.97382354736328, "y": 39.731891632080078, "robbery": 1 }, "geometry": { "type": "Point", "coordinates": [ -104.973823546999938, 39.731891632000043 ] } },
{ "type": "Feature", "properties": { "OBJECTID": 30636, "id": "DENVER_2020_20242021410611", "x": -104.96755981445312, "y": 39.743480682373047, "robbery": 1 }, "geometry": { "type": "Point", "coordinates": [ -104.967559813999969, 39.74348068200004 ] } },
{ "type": "Feature", "properties": { "OBJECTID": 30637, "id": "DENVER_2020_20242021410621", "x": -105.00213623046875, "y": 39.753379821777344, "robbery": 1 }, "geometry": { "type": "Point", "coordinates": [ -105.002136229999962, 39.753379822000056 ] } },
{ "type": "Feature", "properties": { "OBJECTID": 30638, "id": "DENVER_2020_20242021411964", "x": -104.81645202636719, "y": 39.795181274414062, "robbery": 1 }, "geometry": { "type": "Point", "coordinates": [ -104.816452025999979, 39.795181274000072 ] } },
{ "type": "Feature", "properties": { "OBJECTID": 30639, "id": "DENVER_2020_20242021412200", "x": -104.8089599609375, "y": 39.774681091308594, "robbery": 1 }, "geometry": { "type": "Point", "coordinates": [ -104.808959960999971, 39.774681091000048 ] } },
{ "type": "Feature", "properties": { "OBJECTID": 30640, "id": "DENVER_2020_20242021413218", "x": -104.89607238769531, "y": 39.740440368652344, "robbery": 1 }, "geometry": { "type": "Point", "coordinates": [ -104.896072388, 39.740440369000055 ] } },
{ "type": "Feature", "properties": { "OBJECTID": 30641, "id": "DENVER_2020_20242021413618", "x": -105.05484771728516, "y": 39.656459808349609, "robbery": 1 }, "geometry": { "type": "Point", "coordinates": [ -105.054847716999973, 39.656459808000079 ] } },
{ "type": "Feature", "properties": { "OBJECTID": 30642, "id": "DENVER_2020_20242021413849", "x": -104.98470306396484, "y": 39.750820159912109, "robbery": 1 }, "geometry": { "type": "Point", "coordinates": [ -104.984703063999973, 39.750820160000046 ] } },
{ "type": "Feature", "properties": { "OBJECTID": 30643, "id": "DENVER_2020_2024202141497", "x": -104.97850036621094, "y": 39.776798248291016, "robbery": 1 }, "geometry": { "type": "Point", "coordinates": [ -104.978500366, 39.776798248000034 ] } },
{ "type": "Feature", "properties": { "OBJECTID": 30644, "id": "DENVER_2020_20242021415001", "x": -104.99413299560547, "y": 39.736850738525391, "robbery": 1 }, "geometry": { "type": "Point", "coordinates": [ -104.994132995999962, 39.736850739000033 ] } },
{ "type": "Feature", "properties": { "OBJECTID": 30645, "id": "DENVER_2020_20242021415356", "x": -104.96846008300781, "y": 39.740009307861328, "robbery": 1 }, "geometry": { "type": "Point", "coordinates": [ -104.968460082999968, 39.740009308000026 ] } },
{ "type": "Feature", "properties": { "OBJECTID": 30646, "id": "DENVER_2020_20242021416315", "x": -104.9835205078125, "y": 39.781940460205078, "robbery": 1 }, "geometry": { "type": "Point", "coordinates": [ -104.98352050799997, 39.781940460000044 ] } },
{ "type": "Feature", "properties": { "OBJECTID": 30647, "id": "DENVER_2020_20242021417381", "x": -105.04039764404297, "y": 39.761440277099609, "robbery": 1 }, "geometry": { "type": "Point", "coordinates": [ -105.040397643999938, 39.761440277000077 ] } },
{ "type": "Feature", "properties": { "OBJECTID": 30648, "id": "DENVER_2020_20242021417426", "x": -105.03169250488281, "y": 39.740070343017578, "robbery": 1 }, "geometry": { "type": "Point", "coordinates": [ -105.031692504999967, 39.74007034300007 ] } },
{ "type": "Feature", "properties": { "OBJECTID": 30649, "id": "DENVER_2020_20242021419279", "x": -104.99771118164062, "y": 39.725910186767578, "robbery": 1 }, "geometry": { "type": "Point", "coordinates": [ -104.997711181999989, 39.725910187000068 ] } },
{ "type": "Feature", "properties": { "OBJECTID": 30650, "id": "DENVER_2020_20242021420157", "x": -105.04972076416016, "y": 39.741268157958984, "robbery": 1 }, "geometry": { "type": "Point", "coordinates": [ -105.049720763999971, 39.741268158000025 ] } },
{ "type": "Feature", "properties": { "OBJECTID": 30651, "id": "DENVER_2020_20242021420187", "x": -104.83661651611328, "y": 39.774349212646484, "robbery": 1 }, "geometry": { "type": "Point", "coordinates": [ -104.836616516, 39.77434921300005 ] } },
{ "type": "Feature", "properties": { "OBJECTID": 30652, "id": "DENVER_2020_20242021420621", "x": -104.98079681396484, "y": 39.739959716796875, "robbery": 1 }, "geometry": { "type": "Point", "coordinates": [ -104.980796813999973, 39.739959717000033 ] } },
{ "type": "Feature", "properties": { "OBJECTID": 30653, "id": "DENVER_2020_20242021420818", "x": -104.98989868164062, "y": 39.754840850830078, "robbery": 1 }, "geometry": { "type": "Point", "coordinates": [ -104.989898681999989, 39.75484085100004 ] } },
{ "type": "Feature", "properties": { "OBJECTID": 30654, "id": "DENVER_2020_20242021420967", "x": -104.98760223388672, "y": 39.765598297119141, "robbery": 1 }, "geometry": { "type": "Point", "coordinates": [ -104.987602233999951, 39.765598297000054 ] } },
{ "type": "Feature", "properties": { "OBJECTID": 30655, "id": "DENVER_2020_20242021421157", "x": -104.89092254638672, "y": 39.756900787353516, "robbery": 1 }, "geometry": { "type": "Point", "coordinates": [ -104.890922545999956, 39.756900787000063 ] } },
{ "type": "Feature", "properties": { "OBJECTID": 30656, "id": "DENVER_2020_20242021421192", "x": -104.88645172119141, "y": 39.74774169921875, "robbery": 1 }, "geometry": { "type": "Point", "coordinates": [ -104.886451720999958, 39.747741699000073 ] } },
{ "type": "Feature", "properties": { "OBJECTID": 30657, "id": "DENVER_2020_20242021421910", "x": -105.02429962158203, "y": 39.688831329345703, "robbery": 1 }, "geometry": { "type": "Point", "coordinates": [ -105.024299621999944, 39.688831329000038 ] } },
{ "type": "Feature", "properties": { "OBJECTID": 30658, "id": "DENVER_2020_20242021424738", "x": -105.05127716064453, "y": 39.740669250488281, "robbery": 1 }, "geometry": { "type": "Point", "coordinates": [ -105.051277160999973, 39.740669250000053 ] } },
{ "type": "Feature", "properties": { "OBJECTID": 30659, "id": "DENVER_2020_20242021425322", "x": -105.09651184082031, "y": 39.625270843505859, "robbery": 1 }, "geometry": { "type": "Point", "coordinates": [ -105.096511840999938, 39.625270844000056 ] } },
{ "type": "Feature", "properties": { "OBJECTID": 30660, "id": "DENVER_2020_20242021426106", "x": -105.02561187744141, "y": 39.785320281982422, "robbery": 1 }, "geometry": { "type": "Point", "coordinates": [ -105.02561187699996, 39.785320282000043 ] } },
{ "type": "Feature", "properties": { "OBJECTID": 30661, "id": "DENVER_2020_20242021426641", "x": -105.00673675537109, "y": 39.745979309082031, "robbery": 1 }, "geometry": { "type": "Point", "coordinates": [ -105.006736754999963, 39.745979309000063 ] } },
{ "type": "Feature", "properties": { "OBJECTID": 30662, "id": "DENVER_2020_20242021427099", "x": -104.80596160888672, "y": 39.795368194580078, "robbery": 1 }, "geometry": { "type": "Point", "coordinates": [ -104.805961608999951, 39.795368195000037 ] } },
{ "type": "Feature", "properties": { "OBJECTID": 30663, "id": "DENVER_2020_20242021427544", "x": -104.89026641845703, "y": 39.739471435546875, "robbery": 1 }, "geometry": { "type": "Point", "coordinates": [ -104.890266417999953, 39.739471436000031 ] } },
{ "type": "Feature", "properties": { "OBJECTID": 30664, "id": "DENVER_2020_20242021427762", "x": -104.89241027832031, "y": 39.740001678466797, "robbery": 1 }, "geometry": { "type": "Point", "coordinates": [ -104.892410277999943, 39.740001678000056 ] } },
{ "type": "Feature", "properties": { "OBJECTID": 30665, "id": "DENVER_2020_20242021428060", "x": -104.90116119384766, "y": 39.770351409912109, "robbery": 1 }, "geometry": { "type": "Point", "coordinates": [ -104.90116119399994, 39.770351410000046 ] } },
{ "type": "Feature", "properties": { "OBJECTID": 30666, "id": "DENVER_2020_20242021428080", "x": -104.97969055175781, "y": 39.735748291015625, "robbery": 1 }, "geometry": { "type": "Point", "coordinates": [ -104.979690551999965, 39.73574829100005 ] } },
{ "type": "Feature", "properties": { "OBJECTID": 30667, "id": "DENVER_2020_20242021428479", "x": -105.03315734863281, "y": 39.736289978027344, "robbery": 1 }, "geometry": { "type": "Point", "coordinates": [ -105.033157348999964, 39.736289978000059 ] } },
{ "type": "Feature", "properties": { "OBJECTID": 30668, "id": "DENVER_2020_20242021429232", "x": -104.97965240478516, "y": 39.682331085205078, "robbery": 1 }, "geometry": { "type": "Point", "coordinates": [ -104.979652404999968, 39.682331085000044 ] } },
{ "type": "Feature", "properties": { "OBJECTID": 30669, "id": "DENVER_2020_20242021429617", "x": -105.04350280761719, "y": 39.729518890380859, "robbery": 1 }, "geometry": { "type": "Point", "coordinates": [ -105.043502807999971, 39.729518890000065 ] } },
{ "type": "Feature", "properties": { "OBJECTID": 30670, "id": "DENVER_2020_20242021429826", "x": -105.02517700195312, "y": 39.789241790771484, "robbery": 1 }, "geometry": { "type": "Point", "coordinates": [ -105.025177001999964, 39.789241791000052 ] } },
{ "type": "Feature", "properties": { "OBJECTID": 30671, "id": "DENVER_2020_20242021429831", "x": -105.03836822509766, "y": 39.740211486816406, "robbery": 1 }, "geometry": { "type": "Point", "coordinates": [ -105.038368224999942, 39.740211487000067 ] } },
{ "type": "Feature", "properties": { "OBJECTID": 30672, "id": "DENVER_2020_20242021429874", "x": -104.89839172363281, "y": 39.739879608154297, "robbery": 1 }, "geometry": { "type": "Point", "coordinates": [ -104.898391723999964, 39.739879608000081 ] } },
{ "type": "Feature", "properties": { "OBJECTID": 30673, "id": "DENVER_2020_20242021429966", "x": -104.98647308349609, "y": 39.751319885253906, "robbery": 1 }, "geometry": { "type": "Point", "coordinates": [ -104.986473082999964, 39.751319885000044 ] } },
{ "type": "Feature", "properties": { "OBJECTID": 30674, "id": "DENVER_2020_20242021430001", "x": -104.98883056640625, "y": 39.738170623779297, "robbery": 1 }, "geometry": { "type": "Point", "coordinates": [ -104.988830566, 39.738170624000077 ] } },
{ "type": "Feature", "properties": { "OBJECTID": 30675, "id": "DENVER_2020_20242021431128", "x": -105.04620361328125, "y": 39.709239959716797, "robbery": 1 }, "geometry": { "type": "Point", "coordinates": [ -105.046203612999989, 39.709239960000048 ] } },
{ "type": "Feature", "properties": { "OBJECTID": 30676, "id": "DENVER_2020_20242021431332", "x": -104.90563201904297, "y": 39.677509307861328, "robbery": 1 }, "geometry": { "type": "Point", "coordinates": [ -104.905632018999938, 39.677509308000026 ] } },
{ "type": "Feature", "properties": { "OBJECTID": 30677, "id": "DENVER_2020_20242021432409", "x": -104.99153137207031, "y": 39.686531066894531, "robbery": 1 }, "geometry": { "type": "Point", "coordinates": [ -104.99153137199994, 39.686531067000033 ] } },
{ "type": "Feature", "properties": { "OBJECTID": 30678, "id": "DENVER_2020_20242021432533", "x": -105.05209350585938, "y": 39.690620422363281, "robbery": 1 }, "geometry": { "type": "Point", "coordinates": [ -105.052093505999949, 39.690620422000052 ] } },
{ "type": "Feature", "properties": { "OBJECTID": 30679, "id": "DENVER_2020_20242021433351", "x": -104.96157073974609, "y": 39.739921569824219, "robbery": 1 }, "geometry": { "type": "Point", "coordinates": [ -104.961570739999956, 39.739921570000035 ] } },
{ "type": "Feature", "properties": { "OBJECTID": 30680, "id": "DENVER_2020_20242021433630", "x": -104.96933746337891, "y": 39.742908477783203, "robbery": 1 }, "geometry": { "type": "Point", "coordinates": [ -104.969337462999988, 39.742908478000061 ] } },
{ "type": "Feature", "properties": { "OBJECTID": 30681, "id": "DENVER_2020_20242021434510", "x": -104.99762725830078, "y": 39.753078460693359, "robbery": 1 }, "geometry": { "type": "Point", "coordinates": [ -104.997627257999966, 39.75307846100003 ] } },
{ "type": "Feature", "properties": { "OBJECTID": 30682, "id": "DENVER_2020_202420214347", "x": -104.99627685546875, "y": 39.737880706787109, "robbery": 1 }, "geometry": { "type": "Point", "coordinates": [ -104.996276854999962, 39.737880707000045 ] } },
{ "type": "Feature", "properties": { "OBJECTID": 30683, "id": "DENVER_2020_20242021434717", "x": -104.89984893798828, "y": 39.740009307861328, "robbery": 1 }, "geometry": { "type": "Point", "coordinates": [ -104.899848938, 39.740009308000026 ] } },
{ "type": "Feature", "properties": { "OBJECTID": 30684, "id": "DENVER_2020_2024202143522", "x": -104.94097137451172, "y": 39.687278747558594, "robbery": 1 }, "geometry": { "type": "Point", "coordinates": [ -104.940971374999947, 39.68727874800004 ] } },
{ "type": "Feature", "properties": { "OBJECTID": 30685, "id": "DENVER_2020_20242021435374", "x": -104.9942626953125, "y": 39.744918823242188, "robbery": 1 }, "geometry": { "type": "Point", "coordinates": [ -104.994262694999975, 39.744918823000035 ] } },
{ "type": "Feature", "properties": { "OBJECTID": 30686, "id": "DENVER_2020_20242021435732", "x": -104.87486267089844, "y": 39.672309875488281, "robbery": 1 }, "geometry": { "type": "Point", "coordinates": [ -104.87486267099996, 39.672309875000053 ] } },
{ "type": "Feature", "properties": { "OBJECTID": 30687, "id": "DENVER_2020_20242021435861", "x": -105.00585174560547, "y": 39.784389495849609, "robbery": 1 }, "geometry": { "type": "Point", "coordinates": [ -105.005851745999962, 39.784389496000074 ] } },
{ "type": "Feature", "properties": { "OBJECTID": 30688, "id": "DENVER_2020_20242021436181", "x": -104.73583984375, "y": 39.795249938964844, "robbery": 1 }, "geometry": { "type": "Point", "coordinates": [ -104.735839843999941, 39.79524993900003 ] } },
{ "type": "Feature", "properties": { "OBJECTID": 30689, "id": "DENVER_2020_20242021437046", "x": -104.96687316894531, "y": 39.739681243896484, "robbery": 1 }, "geometry": { "type": "Point", "coordinates": [ -104.966873168999939, 39.739681244000053 ] } },
{ "type": "Feature", "properties": { "OBJECTID": 30690, "id": "DENVER_2020_20242021437213", "x": -104.99394989013672, "y": 39.746528625488281, "robbery": 1 }, "geometry": { "type": "Point", "coordinates": [ -104.993949889999953, 39.746528625000053 ] } },
{ "type": "Feature", "properties": { "OBJECTID": 30691, "id": "DENVER_2020_20242021437516", "x": -104.85249328613281, "y": 39.784339904785156, "robbery": 1 }, "geometry": { "type": "Point", "coordinates": [ -104.852493285999969, 39.784339905000024 ] } },
{ "type": "Feature", "properties": { "OBJECTID": 30692, "id": "DENVER_2020_20242021438074", "x": -104.994873046875, "y": 39.753471374511719, "robbery": 1 }, "geometry": { "type": "Point", "coordinates": [ -104.994873046999942, 39.753471375000061 ] } },
{ "type": "Feature", "properties": { "OBJECTID": 30693, "id": "DENVER_2020_20242021438530", "x": -105.00240325927734, "y": 39.754741668701172, "robbery": 1 }, "geometry": { "type": "Point", "coordinates": [ -105.002403258999948, 39.754741669000055 ] } },
{ "type": "Feature", "properties": { "OBJECTID": 30694, "id": "DENVER_2020_20242021438660", "x": -105.03600311279297, "y": 39.751361846923828, "robbery": 1 }, "geometry": { "type": "Point", "coordinates": [ -105.036003113, 39.751361847000055 ] } },
{ "type": "Feature", "properties": { "OBJECTID": 30695, "id": "DENVER_2020_20242021439701", "x": -104.98592376708984, "y": 39.741828918457031, "robbery": 1 }, "geometry": { "type": "Point", "coordinates": [ -104.985923766999974, 39.741828918000067 ] } },
{ "type": "Feature", "properties": { "OBJECTID": 30696, "id": "DENVER_2020_20242021439843", "x": -104.99221038818359, "y": 39.745189666748047, "robbery": 1 }, "geometry": { "type": "Point", "coordinates": [ -104.992210388, 39.745189667000034 ] } },
{ "type": "Feature", "properties": { "OBJECTID": 30697, "id": "DENVER_2020_20242021441386", "x": -104.89205932617188, "y": 39.740451812744141, "robbery": 1 }, "geometry": { "type": "Point", "coordinates": [ -104.892059325999981, 39.74045181300005 ] } },
{ "type": "Feature", "properties": { "OBJECTID": 30698, "id": "DENVER_2020_20242021441415", "x": -104.99075317382812, "y": 39.730609893798828, "robbery": 1 }, "geometry": { "type": "Point", "coordinates": [ -104.990753173999963, 39.730609894000054 ] } },
{ "type": "Feature", "properties": { "OBJECTID": 30699, "id": "DENVER_2020_20242021441560", "x": -104.97960662841797, "y": 39.743019104003906, "robbery": 1 }, "geometry": { "type": "Point", "coordinates": [ -104.979606627999942, 39.743019104000041 ] } },
{ "type": "Feature", "properties": { "OBJECTID": 30700, "id": "DENVER_2020_20242021441766", "x": -104.99722290039062, "y": 39.752300262451172, "robbery": 1 }, "geometry": { "type": "Point", "coordinates": [ -104.99722289999994, 39.752300262000063 ] } },
{ "type": "Feature", "properties": { "OBJECTID": 30701, "id": "DENVER_2020_20242021442089", "x": -104.97991180419922, "y": 39.740020751953125, "robbery": 1 }, "geometry": { "type": "Point", "coordinates": [ -104.979911803999983, 39.740020752000078 ] } },
{ "type": "Feature", "properties": { "OBJECTID": 30702, "id": "DENVER_2020_2024202144391", "x": -104.98079681396484, "y": 39.739959716796875, "robbery": 1 }, "geometry": { "type": "Point", "coordinates": [ -104.980796813999973, 39.739959717000033 ] } },
{ "type": "Feature", "properties": { "OBJECTID": 30703, "id": "DENVER_2020_20242021444443", "x": -104.91649627685547, "y": 39.739921569824219, "robbery": 1 }, "geometry": { "type": "Point", "coordinates": [ -104.916496276999965, 39.739921570000035 ] } },
{ "type": "Feature", "properties": { "OBJECTID": 30704, "id": "DENVER_2020_20242021444677", "x": -104.91130828857422, "y": 39.699420928955078, "robbery": 1 }, "geometry": { "type": "Point", "coordinates": [ -104.911308288999976, 39.699420929000041 ] } },
{ "type": "Feature", "properties": { "OBJECTID": 30705, "id": "DENVER_2020_20242021444872", "x": -104.9874267578125, "y": 39.696628570556641, "robbery": 1 }, "geometry": { "type": "Point", "coordinates": [ -104.98742675799997, 39.696628571000076 ] } },
{ "type": "Feature", "properties": { "OBJECTID": 30706, "id": "DENVER_2020_20242021445801", "x": -104.90531158447266, "y": 39.653781890869141, "robbery": 1 }, "geometry": { "type": "Point", "coordinates": [ -104.905311583999946, 39.653781891000051 ] } },
{ "type": "Feature", "properties": { "OBJECTID": 30707, "id": "DENVER_2020_20242021445889", "x": -104.87109375, "y": 39.709560394287109, "robbery": 1 }, "geometry": { "type": "Point", "coordinates": [ -104.871093749999943, 39.70956039400005 ] } },
{ "type": "Feature", "properties": { "OBJECTID": 30708, "id": "DENVER_2020_2024202144618", "x": -104.98568725585938, "y": 39.754150390625, "robbery": 1 }, "geometry": { "type": "Point", "coordinates": [ -104.985687255999949, 39.754150391000053 ] } },
{ "type": "Feature", "properties": { "OBJECTID": 30709, "id": "DENVER_2020_2024202144647", "x": -104.90252685546875, "y": 39.759689331054688, "robbery": 1 }, "geometry": { "type": "Point", "coordinates": [ -104.902526854999962, 39.759689331000061 ] } },
{ "type": "Feature", "properties": { "OBJECTID": 30710, "id": "DENVER_2020_20242021446787", "x": -104.99334716796875, "y": 39.745868682861328, "robbery": 1 }, "geometry": { "type": "Point", "coordinates": [ -104.993347167999957, 39.745868683000026 ] } },
{ "type": "Feature", "properties": { "OBJECTID": 30711, "id": "DENVER_2020_2024202144700", "x": -104.95571136474609, "y": 39.717529296875, "robbery": 1 }, "geometry": { "type": "Point", "coordinates": [ -104.955711364999956, 39.717529297000056 ] } },
{ "type": "Feature", "properties": { "OBJECTID": 30712, "id": "DENVER_2020_20242021447245", "x": -104.99436187744141, "y": 39.766731262207031, "robbery": 1 }, "geometry": { "type": "Point", "coordinates": [ -104.99436187699996, 39.766731262000064 ] } },
{ "type": "Feature", "properties": { "OBJECTID": 30713, "id": "DENVER_2020_20242021447305", "x": -104.98993682861328, "y": 39.729049682617188, "robbery": 1 }, "geometry": { "type": "Point", "coordinates": [ -104.989936828999987, 39.729049683000028 ] } },
{ "type": "Feature", "properties": { "OBJECTID": 30714, "id": "DENVER_2020_20242021447715", "x": -104.95879364013672, "y": 39.740119934082031, "robbery": 1 }, "geometry": { "type": "Point", "coordinates": [ -104.958793639999953, 39.740119934000063 ] } },
{ "type": "Feature", "properties": { "OBJECTID": 30715, "id": "DENVER_2020_20242021447846", "x": -104.98996734619141, "y": 39.714790344238281, "robbery": 1 }, "geometry": { "type": "Point", "coordinates": [ -104.989967345999958, 39.71479034400005 ] } },
{ "type": "Feature", "properties": { "OBJECTID": 30716, "id": "DENVER_2020_20242021448349", "x": -104.96560668945312, "y": 39.762611389160156, "robbery": 1 }, "geometry": { "type": "Point", "coordinates": [ -104.965606688999969, 39.762611389000028 ] } },
{ "type": "Feature", "properties": { "OBJECTID": 30717, "id": "DENVER_2020_20242021448801", "x": -105.02458953857422, "y": 39.693328857421875, "robbery": 1 }, "geometry": { "type": "Point", "coordinates": [ -105.024589538999976, 39.69332885700004 ] } },
{ "type": "Feature", "properties": { "OBJECTID": 30718, "id": "DENVER_2020_20242021449725", "x": -105.05238342285156, "y": 39.780139923095703, "robbery": 1 }, "geometry": { "type": "Point", "coordinates": [ -105.052383422999981, 39.780139923000036 ] } },
{ "type": "Feature", "properties": { "OBJECTID": 30719, "id": "DENVER_2020_20242021449929", "x": -104.89025115966797, "y": 39.739799499511719, "robbery": 1 }, "geometry": { "type": "Point", "coordinates": [ -104.89025116, 39.739799500000061 ] } },
{ "type": "Feature", "properties": { "OBJECTID": 30720, "id": "DENVER_2020_20242021450001", "x": -105.00041198730469, "y": 39.751930236816406, "robbery": 1 }, "geometry": { "type": "Point", "coordinates": [ -105.00041198699995, 39.751930237000067 ] } },
{ "type": "Feature", "properties": { "OBJECTID": 30721, "id": "DENVER_2020_20242021450029", "x": -104.87109375, "y": 39.709560394287109, "robbery": 1 }, "geometry": { "type": "Point", "coordinates": [ -104.871093749999943, 39.70956039400005 ] } },
{ "type": "Feature", "properties": { "OBJECTID": 30722, "id": "DENVER_2020_20242021450174", "x": -104.98590850830078, "y": 39.730308532714844, "robbery": 1 }, "geometry": { "type": "Point", "coordinates": [ -104.985908507999966, 39.730308533000027 ] } },
{ "type": "Feature", "properties": { "OBJECTID": 30723, "id": "DENVER_2020_20242021451006", "x": -104.99392700195312, "y": 39.746139526367188, "robbery": 1 }, "geometry": { "type": "Point", "coordinates": [ -104.993927001999964, 39.746139526000036 ] } },
{ "type": "Feature", "properties": { "OBJECTID": 30724, "id": "DENVER_2020_20242021451581", "x": -105.00234222412109, "y": 39.754890441894531, "robbery": 1 }, "geometry": { "type": "Point", "coordinates": [ -105.00234222399996, 39.754890442000033 ] } },
{ "type": "Feature", "properties": { "OBJECTID": 30725, "id": "DENVER_2020_2024202145181", "x": -104.97511291503906, "y": 39.739860534667969, "robbery": 1 }, "geometry": { "type": "Point", "coordinates": [ -104.975112914999954, 39.739860535000048 ] } },
{ "type": "Feature", "properties": { "OBJECTID": 30726, "id": "DENVER_2020_20242021452085", "x": -104.99556732177734, "y": 39.751789093017578, "robbery": 1 }, "geometry": { "type": "Point", "coordinates": [ -104.995567321999943, 39.75178909300007 ] } },
{ "type": "Feature", "properties": { "OBJECTID": 30727, "id": "DENVER_2020_20242021452660", "x": -104.98615264892578, "y": 39.749851226806641, "robbery": 1 }, "geometry": { "type": "Point", "coordinates": [ -104.986152648999962, 39.749851227000079 ] } },
{ "type": "Feature", "properties": { "OBJECTID": 30728, "id": "DENVER_2020_20242021452796", "x": -104.99131011962891, "y": 39.744319915771484, "robbery": 1 }, "geometry": { "type": "Point", "coordinates": [ -104.99131011999998, 39.744319916000052 ] } },
{ "type": "Feature", "properties": { "OBJECTID": 30729, "id": "DENVER_2020_20242021453751", "x": -104.88616943359375, "y": 39.760890960693359, "robbery": 1 }, "geometry": { "type": "Point", "coordinates": [ -104.886169433999953, 39.76089096100003 ] } },
{ "type": "Feature", "properties": { "OBJECTID": 30730, "id": "DENVER_2020_20242021454592", "x": -105.00321960449219, "y": 39.732261657714844, "robbery": 1 }, "geometry": { "type": "Point", "coordinates": [ -105.00321960399998, 39.732261658000027 ] } },
{ "type": "Feature", "properties": { "OBJECTID": 30731, "id": "DENVER_2020_20242021454593", "x": -104.90725708007812, "y": 39.697750091552734, "robbery": 1 }, "geometry": { "type": "Point", "coordinates": [ -104.907257079999965, 39.697750092000035 ] } },
{ "type": "Feature", "properties": { "OBJECTID": 30732, "id": "DENVER_2020_20242021454598", "x": -105.03246307373047, "y": 39.654060363769531, "robbery": 1 }, "geometry": { "type": "Point", "coordinates": [ -105.032463073999963, 39.654060364000031 ] } },
{ "type": "Feature", "properties": { "OBJECTID": 30733, "id": "DENVER_2020_20242021455049", "x": -104.97180938720703, "y": 39.758129119873047, "robbery": 1 }, "geometry": { "type": "Point", "coordinates": [ -104.971809386999951, 39.758129120000035 ] } },
{ "type": "Feature", "properties": { "OBJECTID": 30734, "id": "DENVER_2020_20242021455155", "x": -104.96337890625, "y": 39.744010925292969, "robbery": 1 }, "geometry": { "type": "Point", "coordinates": [ -104.963378905999946, 39.744010925000055 ] } },
{ "type": "Feature", "properties": { "OBJECTID": 30735, "id": "DENVER_2020_20242021455704", "x": -105.05371856689453, "y": 39.681919097900391, "robbery": 1 }, "geometry": { "type": "Point", "coordinates": [ -105.053718566999976, 39.681919098000037 ] } },
{ "type": "Feature", "properties": { "OBJECTID": 30736, "id": "DENVER_2020_20242021456363", "x": -104.98748779296875, "y": 39.739898681640625, "robbery": 1 }, "geometry": { "type": "Point", "coordinates": [ -104.987487792999957, 39.739898682000046 ] } },
{ "type": "Feature", "properties": { "OBJECTID": 30737, "id": "DENVER_2020_20242021456782", "x": -105.00955200195312, "y": 39.755378723144531, "robbery": 1 }, "geometry": { "type": "Point", "coordinates": [ -105.009552001999964, 39.755378723000035 ] } },
{ "type": "Feature", "properties": { "OBJECTID": 30738, "id": "DENVER_2020_20242021457557", "x": -104.90870666503906, "y": 39.701389312744141, "robbery": 1 }, "geometry": { "type": "Point", "coordinates": [ -104.908706664999954, 39.70138931300005 ] } },
{ "type": "Feature", "properties": { "OBJECTID": 30739, "id": "DENVER_2020_20242021459164", "x": -104.97585296630859, "y": 39.733299255371094, "robbery": 1 }, "geometry": { "type": "Point", "coordinates": [ -104.975852966, 39.733299255000077 ] } },
{ "type": "Feature", "properties": { "OBJECTID": 30740, "id": "DENVER_2020_20242021459172", "x": -105.00737762451172, "y": 39.769618988037109, "robbery": 1 }, "geometry": { "type": "Point", "coordinates": [ -105.007377624999947, 39.769618988000047 ] } },
{ "type": "Feature", "properties": { "OBJECTID": 30741, "id": "DENVER_2020_20242021460227", "x": -104.90680694580078, "y": 39.653469085693359, "robbery": 1 }, "geometry": { "type": "Point", "coordinates": [ -104.906806945999961, 39.65346908600003 ] } },
{ "type": "Feature", "properties": { "OBJECTID": 30742, "id": "DENVER_2020_20242021460363", "x": -105.00052642822266, "y": 39.755130767822266, "robbery": 1 }, "geometry": { "type": "Point", "coordinates": [ -105.000526427999944, 39.755130768000072 ] } },
{ "type": "Feature", "properties": { "OBJECTID": 30743, "id": "DENVER_2020_20242021460406", "x": -104.98895263671875, "y": 39.743350982666016, "robbery": 1 }, "geometry": { "type": "Point", "coordinates": [ -104.988952636999954, 39.743350983000028 ] } },
{ "type": "Feature", "properties": { "OBJECTID": 30744, "id": "DENVER_2020_2024202146055", "x": -104.87483978271484, "y": 39.671329498291016, "robbery": 1 }, "geometry": { "type": "Point", "coordinates": [ -104.87483978299997, 39.671329498000034 ] } },
{ "type": "Feature", "properties": { "OBJECTID": 30745, "id": "DENVER_2020_20242021461746", "x": -104.91841888427734, "y": 39.760330200195312, "robbery": 1 }, "geometry": { "type": "Point", "coordinates": [ -104.918418883999948, 39.760330200000055 ] } },
{ "type": "Feature", "properties": { "OBJECTID": 30746, "id": "DENVER_2020_20242021462445", "x": -105.02484130859375, "y": 39.723628997802734, "robbery": 1 }, "geometry": { "type": "Point", "coordinates": [ -105.024841308999953, 39.723628998000038 ] } },
{ "type": "Feature", "properties": { "OBJECTID": 30747, "id": "DENVER_2020_20242021462771", "x": -105.02445983886719, "y": 39.663200378417969, "robbery": 1 }, "geometry": { "type": "Point", "coordinates": [ -105.024459838999974, 39.663200378000056 ] } },
{ "type": "Feature", "properties": { "OBJECTID": 30748, "id": "DENVER_2020_20242021463017", "x": -104.99994659423828, "y": 39.753059387207031, "robbery": 1 }, "geometry": { "type": "Point", "coordinates": [ -104.999946593999937, 39.753059387000064 ] } },
{ "type": "Feature", "properties": { "OBJECTID": 30749, "id": "DENVER_2020_20242021463305", "x": -104.93846130371094, "y": 39.740528106689453, "robbery": 1 }, "geometry": { "type": "Point", "coordinates": [ -104.938461303999986, 39.740528107000046 ] } },
{ "type": "Feature", "properties": { "OBJECTID": 30750, "id": "DENVER_2020_20242021463371", "x": -105.00267791748047, "y": 39.728179931640625, "robbery": 1 }, "geometry": { "type": "Point", "coordinates": [ -105.002677916999971, 39.728179932000046 ] } },
{ "type": "Feature", "properties": { "OBJECTID": 30751, "id": "DENVER_2020_20242021464402", "x": -105.025146484375, "y": 39.738010406494141, "robbery": 1 }, "geometry": { "type": "Point", "coordinates": [ -105.025146483999947, 39.738010406000058 ] } },
{ "type": "Feature", "properties": { "OBJECTID": 30752, "id": "DENVER_2020_20242021464557", "x": -104.98872375488281, "y": 39.742500305175781, "robbery": 1 }, "geometry": { "type": "Point", "coordinates": [ -104.988723754999967, 39.742500305000078 ] } },
{ "type": "Feature", "properties": { "OBJECTID": 30753, "id": "DENVER_2020_20242021465523", "x": -105.00187683105469, "y": 39.752399444580078, "robbery": 1 }, "geometry": { "type": "Point", "coordinates": [ -105.001876830999947, 39.752399445000037 ] } },
{ "type": "Feature", "properties": { "OBJECTID": 30754, "id": "DENVER_2020_20242021465900", "x": -105.00466156005859, "y": 39.739669799804688, "robbery": 1 }, "geometry": { "type": "Point", "coordinates": [ -105.004661559999988, 39.739669800000058 ] } },
{ "type": "Feature", "properties": { "OBJECTID": 30755, "id": "DENVER_2020_20242021466259", "x": -104.96312713623047, "y": 39.739429473876953, "robbery": 1 }, "geometry": { "type": "Point", "coordinates": [ -104.963127135999969, 39.739429474000076 ] } },
{ "type": "Feature", "properties": { "OBJECTID": 30756, "id": "DENVER_2020_20242021466913", "x": -105.04502868652344, "y": 39.706790924072266, "robbery": 1 }, "geometry": { "type": "Point", "coordinates": [ -105.045028686999956, 39.706790924000074 ] } },
{ "type": "Feature", "properties": { "OBJECTID": 30757, "id": "DENVER_2020_20242021467024", "x": -104.97532653808594, "y": 39.740020751953125, "robbery": 1 }, "geometry": { "type": "Point", "coordinates": [ -104.975326538, 39.740020752000078 ] } },
{ "type": "Feature", "properties": { "OBJECTID": 30758, "id": "DENVER_2020_20242021467033", "x": -104.89408874511719, "y": 39.785919189453125, "robbery": 1 }, "geometry": { "type": "Point", "coordinates": [ -104.894088744999976, 39.785919189000026 ] } },
{ "type": "Feature", "properties": { "OBJECTID": 30759, "id": "DENVER_2020_20242021467044", "x": -104.98110198974609, "y": 39.740020751953125, "robbery": 1 }, "geometry": { "type": "Point", "coordinates": [ -104.981101989999956, 39.740020752000078 ] } },
{ "type": "Feature", "properties": { "OBJECTID": 30760, "id": "DENVER_2020_20242021467358", "x": -104.99832153320312, "y": 39.749881744384766, "robbery": 1 }, "geometry": { "type": "Point", "coordinates": [ -104.998321532999967, 39.749881744000049 ] } },
{ "type": "Feature", "properties": { "OBJECTID": 30761, "id": "DENVER_2020_20242021467650", "x": -105.02443695068359, "y": 39.716640472412109, "robbery": 1 }, "geometry": { "type": "Point", "coordinates": [ -105.024436950999984, 39.716640472000051 ] } },
{ "type": "Feature", "properties": { "OBJECTID": 30762, "id": "DENVER_2020_20242021468112", "x": -104.88500213623047, "y": 39.643138885498047, "robbery": 1 }, "geometry": { "type": "Point", "coordinates": [ -104.885002135999969, 39.643138885000042 ] } },
{ "type": "Feature", "properties": { "OBJECTID": 30763, "id": "DENVER_2020_20242021469406", "x": -104.99619293212891, "y": 39.749179840087891, "robbery": 1 }, "geometry": { "type": "Point", "coordinates": [ -104.996192931999985, 39.749179840000068 ] } },
{ "type": "Feature", "properties": { "OBJECTID": 30764, "id": "DENVER_2020_20242021470783", "x": -104.99342346191406, "y": 39.759090423583984, "robbery": 1 }, "geometry": { "type": "Point", "coordinates": [ -104.993423461999953, 39.759090424000078 ] } },
{ "type": "Feature", "properties": { "OBJECTID": 30765, "id": "DENVER_2020_20242021471651", "x": -104.98642730712891, "y": 39.749961853027344, "robbery": 1 }, "geometry": { "type": "Point", "coordinates": [ -104.986427306999985, 39.749961853000059 ] } },
{ "type": "Feature", "properties": { "OBJECTID": 30766, "id": "DENVER_2020_20242021471730", "x": -104.90284729003906, "y": 39.740688323974609, "robbery": 1 }, "geometry": { "type": "Point", "coordinates": [ -104.902847289999954, 39.740688324000075 ] } },
{ "type": "Feature", "properties": { "OBJECTID": 30767, "id": "DENVER_2020_20242021472553", "x": -104.87474822998047, "y": 39.654590606689453, "robbery": 1 }, "geometry": { "type": "Point", "coordinates": [ -104.874748229999966, 39.654590607000046 ] } },
{ "type": "Feature", "properties": { "OBJECTID": 30768, "id": "DENVER_2020_20242021472631", "x": -104.92543029785156, "y": 39.740470886230469, "robbery": 1 }, "geometry": { "type": "Point", "coordinates": [ -104.925430297999981, 39.740470886000026 ] } },
{ "type": "Feature", "properties": { "OBJECTID": 30769, "id": "DENVER_2020_20242021472650", "x": -104.97057342529297, "y": 39.740730285644531, "robbery": 1 }, "geometry": { "type": "Point", "coordinates": [ -104.970573424999941, 39.74073028600003 ] } },
{ "type": "Feature", "properties": { "OBJECTID": 30770, "id": "DENVER_2020_20242021473499", "x": -104.97038269042969, "y": 39.737819671630859, "robbery": 1 }, "geometry": { "type": "Point", "coordinates": [ -104.970382689999951, 39.737819672000057 ] } },
{ "type": "Feature", "properties": { "OBJECTID": 30771, "id": "DENVER_2020_20242021474105", "x": -104.91233825683594, "y": 39.667911529541016, "robbery": 1 }, "geometry": { "type": "Point", "coordinates": [ -104.912338256999988, 39.667911530000026 ] } },
{ "type": "Feature", "properties": { "OBJECTID": 30772, "id": "DENVER_2020_20242021474731", "x": -104.995361328125, "y": 39.708740234375, "robbery": 1 }, "geometry": { "type": "Point", "coordinates": [ -104.995361327999944, 39.708740234000061 ] } },
{ "type": "Feature", "properties": { "OBJECTID": 30773, "id": "DENVER_2020_20242021474951", "x": -104.91732025146484, "y": 39.674209594726562, "robbery": 1 }, "geometry": { "type": "Point", "coordinates": [ -104.917320250999978, 39.674209595000036 ] } },
{ "type": "Feature", "properties": { "OBJECTID": 30774, "id": "DENVER_2020_20242021476928", "x": -104.76490020751953, "y": 39.783729553222656, "robbery": 1 }, "geometry": { "type": "Point", "coordinates": [ -104.764900207999972, 39.783729553000057 ] } },
{ "type": "Feature", "properties": { "OBJECTID": 30775, "id": "DENVER_2020_2024202147769", "x": -105.02960205078125, "y": 39.691940307617188, "robbery": 1 }, "geometry": { "type": "Point", "coordinates": [ -105.029602050999983, 39.691940308000028 ] } },
{ "type": "Feature", "properties": { "OBJECTID": 30776, "id": "DENVER_2020_20242021477799", "x": -104.99172210693359, "y": 39.744430541992188, "robbery": 1 }, "geometry": { "type": "Point", "coordinates": [ -104.991722106999987, 39.744430542000032 ] } },
{ "type": "Feature", "properties": { "OBJECTID": 30777, "id": "DENVER_2020_20242021477939", "x": -104.89794921875, "y": 39.769691467285156, "robbery": 1 }, "geometry": { "type": "Point", "coordinates": [ -104.897949218999941, 39.76969146700003 ] } },
{ "type": "Feature", "properties": { "OBJECTID": 30778, "id": "DENVER_2020_20242021478811", "x": -104.90009307861328, "y": 39.653591156005859, "robbery": 1 }, "geometry": { "type": "Point", "coordinates": [ -104.900093078999987, 39.653591156000061 ] } },
{ "type": "Feature", "properties": { "OBJECTID": 30779, "id": "DENVER_2020_20242021478983", "x": -104.98951721191406, "y": 39.686939239501953, "robbery": 1 }, "geometry": { "type": "Point", "coordinates": [ -104.989517211999953, 39.686939240000072 ] } },
{ "type": "Feature", "properties": { "OBJECTID": 30780, "id": "DENVER_2020_20242021479258", "x": -104.89894866943359, "y": 39.697231292724609, "robbery": 1 }, "geometry": { "type": "Point", "coordinates": [ -104.898948669, 39.697231293000073 ] } },
{ "type": "Feature", "properties": { "OBJECTID": 30781, "id": "DENVER_2020_2024202147971", "x": -105.09340667724609, "y": 39.6256103515625, "robbery": 1 }, "geometry": { "type": "Point", "coordinates": [ -105.093406676999962, 39.625610352000081 ] } },
{ "type": "Feature", "properties": { "OBJECTID": 30782, "id": "DENVER_2020_20242021480226", "x": -105.02438354492188, "y": 39.672050476074219, "robbery": 1 }, "geometry": { "type": "Point", "coordinates": [ -105.024383544999978, 39.672050476000038 ] } },
{ "type": "Feature", "properties": { "OBJECTID": 30783, "id": "DENVER_2020_20242021480770", "x": -104.87174224853516, "y": 39.654411315917969, "robbery": 1 }, "geometry": { "type": "Point", "coordinates": [ -104.871742248999965, 39.654411316000051 ] } },
{ "type": "Feature", "properties": { "OBJECTID": 30784, "id": "DENVER_2020_20242021481734", "x": -104.99346923828125, "y": 39.745891571044922, "robbery": 1 }, "geometry": { "type": "Point", "coordinates": [ -104.993469237999989, 39.745891571000072 ] } },
{ "type": "Feature", "properties": { "OBJECTID": 30785, "id": "DENVER_2020_20242021482431", "x": -104.74844360351562, "y": 39.77301025390625, "robbery": 1 }, "geometry": { "type": "Point", "coordinates": [ -104.748443603999988, 39.773010254000042 ] } },
{ "type": "Feature", "properties": { "OBJECTID": 30786, "id": "DENVER_2020_20242021484041", "x": -104.94097137451172, "y": 39.758010864257812, "robbery": 1 }, "geometry": { "type": "Point", "coordinates": [ -104.940971374999947, 39.758010864000028 ] } },
{ "type": "Feature", "properties": { "OBJECTID": 30787, "id": "DENVER_2020_20242021484114", "x": -104.89187622070312, "y": 39.784130096435547, "robbery": 1 }, "geometry": { "type": "Point", "coordinates": [ -104.891876220999961, 39.784130096000069 ] } },
{ "type": "Feature", "properties": { "OBJECTID": 30788, "id": "DENVER_2020_20242021484810", "x": -104.927978515625, "y": 39.726951599121094, "robbery": 1 }, "geometry": { "type": "Point", "coordinates": [ -104.927978515999939, 39.726951599000074 ] } },
{ "type": "Feature", "properties": { "OBJECTID": 30789, "id": "DENVER_2020_20242021485109", "x": -104.93831634521484, "y": 39.6875, "robbery": 1 }, "geometry": { "type": "Point", "coordinates": [ -104.938316344999976, 39.6875 ] } },
{ "type": "Feature", "properties": { "OBJECTID": 30790, "id": "DENVER_2020_20242021485618", "x": -104.99192810058594, "y": 39.753360748291016, "robbery": 1 }, "geometry": { "type": "Point", "coordinates": [ -104.991928100999985, 39.753360748000034 ] } },
{ "type": "Feature", "properties": { "OBJECTID": 30791, "id": "DENVER_2020_20242021487925", "x": -104.89698791503906, "y": 39.655799865722656, "robbery": 1 }, "geometry": { "type": "Point", "coordinates": [ -104.896987914999954, 39.655799866000052 ] } },
{ "type": "Feature", "properties": { "OBJECTID": 30792, "id": "DENVER_2020_20242021490818", "x": -104.73583984375, "y": 39.790031433105469, "robbery": 1 }, "geometry": { "type": "Point", "coordinates": [ -104.735839843999941, 39.790031433000024 ] } },
{ "type": "Feature", "properties": { "OBJECTID": 30793, "id": "DENVER_2020_20242021491141", "x": -105.03616333007812, "y": 39.740131378173828, "robbery": 1 }, "geometry": { "type": "Point", "coordinates": [ -105.036163329999965, 39.740131378000058 ] } },
{ "type": "Feature", "properties": { "OBJECTID": 30794, "id": "DENVER_2020_20242021491250", "x": -105.04653167724609, "y": 39.668949127197266, "robbery": 1 }, "geometry": { "type": "Point", "coordinates": [ -105.046531676999962, 39.668949127000076 ] } },
{ "type": "Feature", "properties": { "OBJECTID": 30795, "id": "DENVER_2020_20242021492766", "x": -104.94019317626953, "y": 39.763839721679688, "robbery": 1 }, "geometry": { "type": "Point", "coordinates": [ -104.94019317599998, 39.763839722000057 ] } },
{ "type": "Feature", "properties": { "OBJECTID": 30796, "id": "DENVER_2020_20242021492786", "x": -105.02546691894531, "y": 39.716400146484375, "robbery": 1 }, "geometry": { "type": "Point", "coordinates": [ -105.025466918999939, 39.716400146000069 ] } },
{ "type": "Feature", "properties": { "OBJECTID": 30797, "id": "DENVER_2020_20242021493548", "x": -104.90161895751953, "y": 39.766208648681641, "robbery": 1 }, "geometry": { "type": "Point", "coordinates": [ -104.901618957999972, 39.766208649000077 ] } },
{ "type": "Feature", "properties": { "OBJECTID": 30798, "id": "DENVER_2020_20242021494198", "x": -104.98500061035156, "y": 39.790779113769531, "robbery": 1 }, "geometry": { "type": "Point", "coordinates": [ -104.985000609999986, 39.790779114000031 ] } },
{ "type": "Feature", "properties": { "OBJECTID": 30799, "id": "DENVER_2020_20242021494208", "x": -105.01746368408203, "y": 39.752269744873047, "robbery": 1 }, "geometry": { "type": "Point", "coordinates": [ -105.017463683999949, 39.752269745000035 ] } },
{ "type": "Feature", "properties": { "OBJECTID": 30800, "id": "DENVER_2020_20242021494287", "x": -104.98314666748047, "y": 39.744388580322266, "robbery": 1 }, "geometry": { "type": "Point", "coordinates": [ -104.983146666999971, 39.744388580000077 ] } },
{ "type": "Feature", "properties": { "OBJECTID": 30801, "id": "DENVER_2020_20242021495097", "x": -104.90345764160156, "y": 39.758411407470703, "robbery": 1 }, "geometry": { "type": "Point", "coordinates": [ -104.903457641999978, 39.75841140700004 ] } },
{ "type": "Feature", "properties": { "OBJECTID": 30802, "id": "DENVER_2020_20242021495178", "x": -104.97981262207031, "y": 39.740840911865234, "robbery": 1 }, "geometry": { "type": "Point", "coordinates": [ -104.97981262199994, 39.740840912000067 ] } },
{ "type": "Feature", "properties": { "OBJECTID": 30803, "id": "DENVER_2020_20242021495709", "x": -104.9146728515625, "y": 39.739940643310547, "robbery": 1 }, "geometry": { "type": "Point", "coordinates": [ -104.914672851999967, 39.739940643000068 ] } },
{ "type": "Feature", "properties": { "OBJECTID": 30804, "id": "DENVER_2020_20242021495713", "x": -104.96565246582031, "y": 39.755661010742188, "robbery": 1 }, "geometry": { "type": "Point", "coordinates": [ -104.965652465999938, 39.755661011000029 ] } },
{ "type": "Feature", "properties": { "OBJECTID": 30805, "id": "DENVER_2020_20242021495889", "x": -104.83805847167969, "y": 39.776908874511719, "robbery": 1 }, "geometry": { "type": "Point", "coordinates": [ -104.838058471999943, 39.776908875000061 ] } },
{ "type": "Feature", "properties": { "OBJECTID": 30806, "id": "DENVER_2020_20242021496371", "x": -105.03025817871094, "y": 39.65863037109375, "robbery": 1 }, "geometry": { "type": "Point", "coordinates": [ -105.030258178999986, 39.658630371000072 ] } },
{ "type": "Feature", "properties": { "OBJECTID": 30807, "id": "DENVER_2020_20242021496900", "x": -104.92592620849609, "y": 39.676460266113281, "robbery": 1 }, "geometry": { "type": "Point", "coordinates": [ -104.925926207999964, 39.676460266000049 ] } },
{ "type": "Feature", "properties": { "OBJECTID": 30808, "id": "DENVER_2020_20242021497785", "x": -104.97309875488281, "y": 39.740028381347656, "robbery": 1 }, "geometry": { "type": "Point", "coordinates": [ -104.973098754999967, 39.740028381000059 ] } },
{ "type": "Feature", "properties": { "OBJECTID": 30809, "id": "DENVER_2020_20242021499103", "x": -104.89895629882812, "y": 39.758369445800781, "robbery": 1 }, "geometry": { "type": "Point", "coordinates": [ -104.898956298999963, 39.758369446000074 ] } },
{ "type": "Feature", "properties": { "OBJECTID": 30810, "id": "DENVER_2020_20242021499857", "x": -104.91059875488281, "y": 39.71527099609375, "robbery": 1 }, "geometry": { "type": "Point", "coordinates": [ -104.910598754999967, 39.715270996000072 ] } },
{ "type": "Feature", "properties": { "OBJECTID": 30811, "id": "DENVER_2020_20242021500473", "x": -105.03170776367188, "y": 39.748291015625, "robbery": 1 }, "geometry": { "type": "Point", "coordinates": [ -105.031707763999975, 39.748291016000053 ] } },
{ "type": "Feature", "properties": { "OBJECTID": 30812, "id": "DENVER_2020_2024202150067", "x": -104.84841156005859, "y": 39.782741546630859, "robbery": 1 }, "geometry": { "type": "Point", "coordinates": [ -104.848411559999988, 39.782741547000057 ] } },
{ "type": "Feature", "properties": { "OBJECTID": 30813, "id": "DENVER_2020_20242021501220", "x": -104.84751129150391, "y": 39.770740509033203, "robbery": 1 }, "geometry": { "type": "Point", "coordinates": [ -104.847511291999979, 39.770740509000063 ] } },
{ "type": "Feature", "properties": { "OBJECTID": 30814, "id": "DENVER_2020_20242021502125", "x": -104.95117950439453, "y": 39.765701293945312, "robbery": 1 }, "geometry": { "type": "Point", "coordinates": [ -104.951179503999981, 39.765701294000053 ] } },
{ "type": "Feature", "properties": { "OBJECTID": 30815, "id": "DENVER_2020_20242021502345", "x": -104.99688720703125, "y": 39.738460540771484, "robbery": 1 }, "geometry": { "type": "Point", "coordinates": [ -104.996887206999986, 39.738460541000052 ] } },
{ "type": "Feature", "properties": { "OBJECTID": 30816, "id": "DENVER_2020_20242021503785", "x": -104.92160034179688, "y": 39.677639007568359, "robbery": 1 }, "geometry": { "type": "Point", "coordinates": [ -104.921600341999977, 39.677639008000028 ] } },
{ "type": "Feature", "properties": { "OBJECTID": 30817, "id": "DENVER_2020_20242021505096", "x": -104.98811340332031, "y": 39.755081176757812, "robbery": 1 }, "geometry": { "type": "Point", "coordinates": [ -104.988113402999943, 39.755081177000079 ] } },
{ "type": "Feature", "properties": { "OBJECTID": 30818, "id": "DENVER_2020_20242021505854", "x": -104.98520660400391, "y": 39.746540069580078, "robbery": 1 }, "geometry": { "type": "Point", "coordinates": [ -104.985206603999984, 39.746540070000037 ] } },
{ "type": "Feature", "properties": { "OBJECTID": 30819, "id": "DENVER_2020_2024202150608", "x": -104.97834777832031, "y": 39.739170074462891, "robbery": 1 }, "geometry": { "type": "Point", "coordinates": [ -104.978347777999943, 39.739170074000072 ] } },
{ "type": "Feature", "properties": { "OBJECTID": 30820, "id": "DENVER_2020_20242021507122", "x": -104.98877716064453, "y": 39.751861572265625, "robbery": 1 }, "geometry": { "type": "Point", "coordinates": [ -104.988777160999973, 39.751861572000053 ] } },
{ "type": "Feature", "properties": { "OBJECTID": 30821, "id": "DENVER_2020_20242021507493", "x": -105.02568817138672, "y": 39.760089874267578, "robbery": 1 }, "geometry": { "type": "Point", "coordinates": [ -105.025688170999956, 39.760089874000073 ] } },
{ "type": "Feature", "properties": { "OBJECTID": 30822, "id": "DENVER_2020_20242021508351", "x": -104.99796295166016, "y": 39.737541198730469, "robbery": 1 }, "geometry": { "type": "Point", "coordinates": [ -104.997962951999966, 39.737541199000077 ] } },
{ "type": "Feature", "properties": { "OBJECTID": 30823, "id": "DENVER_2020_20242021508569", "x": -105.01558685302734, "y": 39.693138122558594, "robbery": 1 }, "geometry": { "type": "Point", "coordinates": [ -105.015586852999945, 39.69313812300004 ] } },
{ "type": "Feature", "properties": { "OBJECTID": 30824, "id": "DENVER_2020_20242021509179", "x": -104.90791320800781, "y": 39.654300689697266, "robbery": 1 }, "geometry": { "type": "Point", "coordinates": [ -104.907913207999968, 39.654300690000071 ] } },
{ "type": "Feature", "properties": { "OBJECTID": 30825, "id": "DENVER_2020_20242021509287", "x": -105.01615142822266, "y": 39.776031494140625, "robbery": 1 }, "geometry": { "type": "Point", "coordinates": [ -105.016151427999944, 39.776031494000051 ] } },
{ "type": "Feature", "properties": { "OBJECTID": 30826, "id": "DENVER_2020_20242021511452", "x": -104.97245788574219, "y": 39.761028289794922, "robbery": 1 }, "geometry": { "type": "Point", "coordinates": [ -104.972457885999972, 39.76102829000007 ] } },
{ "type": "Feature", "properties": { "OBJECTID": 30827, "id": "DENVER_2020_20242021511576", "x": -104.98486328125, "y": 39.676578521728516, "robbery": 1 }, "geometry": { "type": "Point", "coordinates": [ -104.984863280999946, 39.676578522000057 ] } },
{ "type": "Feature", "properties": { "OBJECTID": 30828, "id": "DENVER_2020_20242021513050", "x": -104.98783874511719, "y": 39.732650756835938, "robbery": 1 }, "geometry": { "type": "Point", "coordinates": [ -104.987838744999976, 39.732650757000044 ] } },
{ "type": "Feature", "properties": { "OBJECTID": 30829, "id": "DENVER_2020_20242021513283", "x": -104.77271270751953, "y": 39.781970977783203, "robbery": 1 }, "geometry": { "type": "Point", "coordinates": [ -104.772712707999972, 39.781970978000061 ] } },
{ "type": "Feature", "properties": { "OBJECTID": 30830, "id": "DENVER_2020_20242021513317", "x": -104.94096374511719, "y": 39.765289306640625, "robbery": 1 }, "geometry": { "type": "Point", "coordinates": [ -104.940963744999976, 39.765289307000046 ] } },
{ "type": "Feature", "properties": { "OBJECTID": 30831, "id": "DENVER_2020_20242021513663", "x": -104.84552001953125, "y": 39.781021118164062, "robbery": 1 }, "geometry": { "type": "Point", "coordinates": [ -104.845520019999981, 39.781021118000069 ] } },
{ "type": "Feature", "properties": { "OBJECTID": 30832, "id": "DENVER_2020_20242021514393", "x": -105.05296325683594, "y": 39.735111236572266, "robbery": 1 }, "geometry": { "type": "Point", "coordinates": [ -105.052963256999988, 39.735111237000069 ] } },
{ "type": "Feature", "properties": { "OBJECTID": 30833, "id": "DENVER_2020_20242021514573", "x": -105.03456878662109, "y": 39.709789276123047, "robbery": 1 }, "geometry": { "type": "Point", "coordinates": [ -105.034568786999955, 39.709789276000038 ] } },
{ "type": "Feature", "properties": { "OBJECTID": 30834, "id": "DENVER_2020_20242021514956", "x": -104.99025726318359, "y": 39.751060485839844, "robbery": 1 }, "geometry": { "type": "Point", "coordinates": [ -104.990257263, 39.751060486000029 ] } },
{ "type": "Feature", "properties": { "OBJECTID": 30835, "id": "DENVER_2020_20242021514965", "x": -105.05000305175781, "y": 39.741310119628906, "robbery": 1 }, "geometry": { "type": "Point", "coordinates": [ -105.050003051999965, 39.741310120000037 ] } },
{ "type": "Feature", "properties": { "OBJECTID": 30836, "id": "DENVER_2020_20242021515646", "x": -104.89991760253906, "y": 39.766139984130859, "robbery": 1 }, "geometry": { "type": "Point", "coordinates": [ -104.899917602999949, 39.766139984000063 ] } },
{ "type": "Feature", "properties": { "OBJECTID": 30837, "id": "DENVER_2020_20242021516319", "x": -104.75921630859375, "y": 39.772449493408203, "robbery": 1 }, "geometry": { "type": "Point", "coordinates": [ -104.759216308999953, 39.772449493000067 ] } },
{ "type": "Feature", "properties": { "OBJECTID": 30838, "id": "DENVER_2020_20242021516651", "x": -104.94290161132812, "y": 39.724491119384766, "robbery": 1 }, "geometry": { "type": "Point", "coordinates": [ -104.942901610999968, 39.724491119000049 ] } },
{ "type": "Feature", "properties": { "OBJECTID": 30839, "id": "DENVER_2020_20242021517571", "x": -105.03504180908203, "y": 39.709609985351562, "robbery": 1 }, "geometry": { "type": "Point", "coordinates": [ -105.035041808999949, 39.709609985000043 ] } },
{ "type": "Feature", "properties": { "OBJECTID": 30840, "id": "DENVER_2020_20242021518957", "x": -104.74302673339844, "y": 39.791309356689453, "robbery": 1 }, "geometry": { "type": "Point", "coordinates": [ -104.743026732999965, 39.791309357000046 ] } },
{ "type": "Feature", "properties": { "OBJECTID": 30841, "id": "DENVER_2020_2024202151907", "x": -104.98715209960938, "y": 39.678810119628906, "robbery": 1 }, "geometry": { "type": "Point", "coordinates": [ -104.987152099999946, 39.678810120000037 ] } },
{ "type": "Feature", "properties": { "OBJECTID": 30842, "id": "DENVER_2020_20242021519625", "x": -104.93238067626953, "y": 39.739799499511719, "robbery": 1 }, "geometry": { "type": "Point", "coordinates": [ -104.93238067599998, 39.739799500000061 ] } },
{ "type": "Feature", "properties": { "OBJECTID": 30843, "id": "DENVER_2020_20242021520123", "x": -105.03246307373047, "y": 39.654060363769531, "robbery": 1 }, "geometry": { "type": "Point", "coordinates": [ -105.032463073999963, 39.654060364000031 ] } },
{ "type": "Feature", "properties": { "OBJECTID": 30844, "id": "DENVER_2020_2024202152017", "x": -104.81884765625, "y": 39.795509338378906, "robbery": 1 }, "geometry": { "type": "Point", "coordinates": [ -104.818847655999946, 39.795509338000045 ] } },
{ "type": "Feature", "properties": { "OBJECTID": 30845, "id": "DENVER_2020_20242021520381", "x": -104.94207000732422, "y": 39.688678741455078, "robbery": 1 }, "geometry": { "type": "Point", "coordinates": [ -104.942070006999984, 39.688678741000047 ] } },
{ "type": "Feature", "properties": { "OBJECTID": 30846, "id": "DENVER_2020_2024202152047", "x": -105.04409790039062, "y": 39.690570831298828, "robbery": 1 }, "geometry": { "type": "Point", "coordinates": [ -105.04409789999994, 39.690570831000059 ] } },
{ "type": "Feature", "properties": { "OBJECTID": 30847, "id": "DENVER_2020_20242021520773", "x": -105.0257568359375, "y": 39.688591003417969, "robbery": 1 }, "geometry": { "type": "Point", "coordinates": [ -105.025756835999971, 39.688591003000056 ] } },
{ "type": "Feature", "properties": { "OBJECTID": 30848, "id": "DENVER_2020_20242021521248", "x": -104.98995208740234, "y": 39.742321014404297, "robbery": 1 }, "geometry": { "type": "Point", "coordinates": [ -104.989952086999949, 39.742321014000026 ] } },
{ "type": "Feature", "properties": { "OBJECTID": 30849, "id": "DENVER_2020_20242021521278", "x": -104.93998718261719, "y": 39.69696044921875, "robbery": 1 }, "geometry": { "type": "Point", "coordinates": [ -104.939987182999971, 39.696960449000073 ] } },
{ "type": "Feature", "properties": { "OBJECTID": 30850, "id": "DENVER_2020_20242021521329", "x": -104.91380310058594, "y": 39.703090667724609, "robbery": 1 }, "geometry": { "type": "Point", "coordinates": [ -104.913803100999985, 39.703090668000073 ] } },
{ "type": "Feature", "properties": { "OBJECTID": 30851, "id": "DENVER_2020_20242021521713", "x": -104.98613739013672, "y": 39.740058898925781, "robbery": 1 }, "geometry": { "type": "Point", "coordinates": [ -104.986137389999953, 39.740058899000076 ] } },
{ "type": "Feature", "properties": { "OBJECTID": 30852, "id": "DENVER_2020_20242021522081", "x": -104.96510314941406, "y": 39.740318298339844, "robbery": 1 }, "geometry": { "type": "Point", "coordinates": [ -104.965103148999958, 39.740318298000034 ] } },
{ "type": "Feature", "properties": { "OBJECTID": 30853, "id": "DENVER_2020_20242021522458", "x": -104.90717315673828, "y": 39.698970794677734, "robbery": 1 }, "geometry": { "type": "Point", "coordinates": [ -104.907173156999988, 39.698970795000037 ] } },
{ "type": "Feature", "properties": { "OBJECTID": 30854, "id": "DENVER_2020_20242021522583", "x": -104.92030334472656, "y": 39.765789031982422, "robbery": 1 }, "geometry": { "type": "Point", "coordinates": [ -104.920303344999979, 39.765789032000043 ] } },
{ "type": "Feature", "properties": { "OBJECTID": 30855, "id": "DENVER_2020_20242021522797", "x": -104.97585296630859, "y": 39.733299255371094, "robbery": 1 }, "geometry": { "type": "Point", "coordinates": [ -104.975852966, 39.733299255000077 ] } },
{ "type": "Feature", "properties": { "OBJECTID": 30856, "id": "DENVER_2020_2024202152295", "x": -104.98883056640625, "y": 39.738170623779297, "robbery": 1 }, "geometry": { "type": "Point", "coordinates": [ -104.988830566, 39.738170624000077 ] } },
{ "type": "Feature", "properties": { "OBJECTID": 30857, "id": "DENVER_2020_20242021523728", "x": -104.99555206298828, "y": 39.750568389892578, "robbery": 1 }, "geometry": { "type": "Point", "coordinates": [ -104.995552063, 39.750568390000069 ] } },
{ "type": "Feature", "properties": { "OBJECTID": 30858, "id": "DENVER_2020_20242021523797", "x": -104.88532257080078, "y": 39.651348114013672, "robbery": 1 }, "geometry": { "type": "Point", "coordinates": [ -104.885322570999961, 39.651348114000029 ] } },
{ "type": "Feature", "properties": { "OBJECTID": 30859, "id": "DENVER_2020_20242021523845", "x": -104.9913330078125, "y": 39.744499206542969, "robbery": 1 }, "geometry": { "type": "Point", "coordinates": [ -104.99133300799997, 39.744499207000047 ] } },
{ "type": "Feature", "properties": { "OBJECTID": 30860, "id": "DENVER_2020_2024202152628", "x": -105.00540924072266, "y": 39.696041107177734, "robbery": 1 }, "geometry": { "type": "Point", "coordinates": [ -105.005409240999938, 39.696041107000042 ] } },
{ "type": "Feature", "properties": { "OBJECTID": 30861, "id": "DENVER_2020_20242021526848", "x": -104.99024963378906, "y": 39.735260009765625, "robbery": 1 }, "geometry": { "type": "Point", "coordinates": [ -104.990249633999952, 39.735260010000047 ] } },
{ "type": "Feature", "properties": { "OBJECTID": 30862, "id": "DENVER_2020_20242021527138", "x": -104.96338653564453, "y": 39.739189147949219, "robbery": 1 }, "geometry": { "type": "Point", "coordinates": [ -104.963386535999973, 39.739189148000037 ] } },
{ "type": "Feature", "properties": { "OBJECTID": 30863, "id": "DENVER_2020_20242021527198", "x": -104.97203063964844, "y": 39.750099182128906, "robbery": 1 }, "geometry": { "type": "Point", "coordinates": [ -104.972030639999957, 39.750099182000042 ] } },
{ "type": "Feature", "properties": { "OBJECTID": 30864, "id": "DENVER_2020_20242021529009", "x": -104.9368896484375, "y": 39.666728973388672, "robbery": 1 }, "geometry": { "type": "Point", "coordinates": [ -104.936889647999976, 39.666728973000033 ] } },
{ "type": "Feature", "properties": { "OBJECTID": 30865, "id": "DENVER_2020_20242021529133", "x": -105.03044128417969, "y": 39.726520538330078, "robbery": 1 }, "geometry": { "type": "Point", "coordinates": [ -105.030441283999949, 39.726520538000045 ] } },
{ "type": "Feature", "properties": { "OBJECTID": 30866, "id": "DENVER_2020_20242021529407", "x": -104.95118713378906, "y": 39.76190185546875, "robbery": 1 }, "geometry": { "type": "Point", "coordinates": [ -104.951187133999952, 39.761901855000076 ] } },
{ "type": "Feature", "properties": { "OBJECTID": 30867, "id": "DENVER_2020_20242021531042", "x": -104.9857177734375, "y": 39.756900787353516, "robbery": 1 }, "geometry": { "type": "Point", "coordinates": [ -104.985717772999976, 39.756900787000063 ] } },
{ "type": "Feature", "properties": { "OBJECTID": 30868, "id": "DENVER_2020_20242021531352", "x": -105.03962707519531, "y": 39.761150360107422, "robbery": 1 }, "geometry": { "type": "Point", "coordinates": [ -105.039627074999942, 39.761150360000045 ] } },
{ "type": "Feature", "properties": { "OBJECTID": 30869, "id": "DENVER_2020_20242021531559", "x": -104.84658050537109, "y": 39.770191192626953, "robbery": 1 }, "geometry": { "type": "Point", "coordinates": [ -104.846580504999963, 39.770191193000073 ] } },
{ "type": "Feature", "properties": { "OBJECTID": 30870, "id": "DENVER_2020_20242021532257", "x": -105.02140808105469, "y": 39.679679870605469, "robbery": 1 }, "geometry": { "type": "Point", "coordinates": [ -105.021408080999947, 39.679679871000076 ] } },
{ "type": "Feature", "properties": { "OBJECTID": 30871, "id": "DENVER_2020_20242021532621", "x": -105.02361297607422, "y": 39.718379974365234, "robbery": 1 }, "geometry": { "type": "Point", "coordinates": [ -105.023612975999981, 39.718379974000072 ] } },
{ "type": "Feature", "properties": { "OBJECTID": 30872, "id": "DENVER_2020_20242021532648", "x": -104.87286376953125, "y": 39.674369812011719, "robbery": 1 }, "geometry": { "type": "Point", "coordinates": [ -104.872863769999981, 39.674369812000066 ] } },
{ "type": "Feature", "properties": { "OBJECTID": 30873, "id": "DENVER_2020_20242021534265", "x": -104.90396118164062, "y": 39.766689300537109, "robbery": 1 }, "geometry": { "type": "Point", "coordinates": [ -104.903961181999989, 39.766689301000042 ] } },
{ "type": "Feature", "properties": { "OBJECTID": 30874, "id": "DENVER_2020_20242021534503", "x": -104.83023834228516, "y": 39.794021606445312, "robbery": 1 }, "geometry": { "type": "Point", "coordinates": [ -104.830238341999973, 39.794021606000058 ] } },
{ "type": "Feature", "properties": { "OBJECTID": 30875, "id": "DENVER_2020_20242021534617", "x": -104.96967315673828, "y": 39.731311798095703, "robbery": 1 }, "geometry": { "type": "Point", "coordinates": [ -104.969673156999988, 39.731311798000036 ] } },
{ "type": "Feature", "properties": { "OBJECTID": 30876, "id": "DENVER_2020_2024202153485", "x": -105.02613067626953, "y": 39.680381774902344, "robbery": 1 }, "geometry": { "type": "Point", "coordinates": [ -105.02613067599998, 39.680381775000058 ] } },
{ "type": "Feature", "properties": { "OBJECTID": 30877, "id": "DENVER_2020_20242021535537", "x": -105.03276824951172, "y": 39.740619659423828, "robbery": 1 }, "geometry": { "type": "Point", "coordinates": [ -105.032768249999947, 39.74061965900006 ] } },
{ "type": "Feature", "properties": { "OBJECTID": 30878, "id": "DENVER_2020_20242021535554", "x": -105.01618194580078, "y": 39.756721496582031, "robbery": 1 }, "geometry": { "type": "Point", "coordinates": [ -105.016181945999961, 39.756721497000058 ] } },
{ "type": "Feature", "properties": { "OBJECTID": 30879, "id": "DENVER_2020_20242021536198", "x": -104.91388702392578, "y": 39.741039276123047, "robbery": 1 }, "geometry": { "type": "Point", "coordinates": [ -104.913887023999962, 39.741039276000038 ] } },
{ "type": "Feature", "properties": { "OBJECTID": 30880, "id": "DENVER_2020_20242021536565", "x": -104.92767333984375, "y": 39.676029205322266, "robbery": 1 }, "geometry": { "type": "Point", "coordinates": [ -104.927673339999956, 39.676029205000077 ] } },
{ "type": "Feature", "properties": { "OBJECTID": 30881, "id": "DENVER_2020_20242021537074", "x": -104.76521301269531, "y": 39.798938751220703, "robbery": 1 }, "geometry": { "type": "Point", "coordinates": [ -104.765213013, 39.798938751000037 ] } },
{ "type": "Feature", "properties": { "OBJECTID": 30882, "id": "DENVER_2020_2024202153788", "x": -104.97598266601562, "y": 39.740139007568359, "robbery": 1 }, "geometry": { "type": "Point", "coordinates": [ -104.975982666, 39.740139008000028 ] } },
{ "type": "Feature", "properties": { "OBJECTID": 30883, "id": "DENVER_2020_20242021538077", "x": -105.02628326416016, "y": 39.730140686035156, "robbery": 1 }, "geometry": { "type": "Point", "coordinates": [ -105.026283263999971, 39.730140686000027 ] } },
{ "type": "Feature", "properties": { "OBJECTID": 30884, "id": "DENVER_2020_20242021538464", "x": -104.90630340576172, "y": 39.701080322265625, "robbery": 1 }, "geometry": { "type": "Point", "coordinates": [ -104.90630340599995, 39.701080322000053 ] } },
{ "type": "Feature", "properties": { "OBJECTID": 30885, "id": "DENVER_2020_20242021538680", "x": -104.98703002929688, "y": 39.750129699707031, "robbery": 1 }, "geometry": { "type": "Point", "coordinates": [ -104.987030028999982, 39.750129700000059 ] } },
{ "type": "Feature", "properties": { "OBJECTID": 30886, "id": "DENVER_2020_20242021539478", "x": -104.87245178222656, "y": 39.754741668701172, "robbery": 1 }, "geometry": { "type": "Point", "coordinates": [ -104.872451781999985, 39.754741669000055 ] } },
{ "type": "Feature", "properties": { "OBJECTID": 30887, "id": "DENVER_2020_20242021539556", "x": -104.98963165283203, "y": 39.752529144287109, "robbery": 1 }, "geometry": { "type": "Point", "coordinates": [ -104.989631652999947, 39.75252914400005 ] } },
{ "type": "Feature", "properties": { "OBJECTID": 30888, "id": "DENVER_2020_20242021539617", "x": -104.98359680175781, "y": 39.730438232421875, "robbery": 1 }, "geometry": { "type": "Point", "coordinates": [ -104.983596801999965, 39.73043823200004 ] } },
{ "type": "Feature", "properties": { "OBJECTID": 30889, "id": "DENVER_2020_20242021539775", "x": -104.89639282226562, "y": 39.745620727539062, "robbery": 1 }, "geometry": { "type": "Point", "coordinates": [ -104.896392821999939, 39.745620728000063 ] } },
{ "type": "Feature", "properties": { "OBJECTID": 30890, "id": "DENVER_2020_20242021540169", "x": -104.97914886474609, "y": 39.782619476318359, "robbery": 1 }, "geometry": { "type": "Point", "coordinates": [ -104.979148864999956, 39.782619476000036 ] } },
{ "type": "Feature", "properties": { "OBJECTID": 30891, "id": "DENVER_2020_20242021541270", "x": -104.87238311767578, "y": 39.668159484863281, "robbery": 1 }, "geometry": { "type": "Point", "coordinates": [ -104.872383117999959, 39.668159485000047 ] } },
{ "type": "Feature", "properties": { "OBJECTID": 30892, "id": "DENVER_2020_20242021541454", "x": -105.05874633789062, "y": 39.654129028320312, "robbery": 1 }, "geometry": { "type": "Point", "coordinates": [ -105.058746338, 39.654129028000057 ] } },
{ "type": "Feature", "properties": { "OBJECTID": 30893, "id": "DENVER_2020_20242021541548", "x": -104.99923706054688, "y": 39.752220153808594, "robbery": 1 }, "geometry": { "type": "Point", "coordinates": [ -104.999237060999974, 39.752220154000042 ] } },
{ "type": "Feature", "properties": { "OBJECTID": 30894, "id": "DENVER_2020_20242021541567", "x": -105.01213836669922, "y": 39.739940643310547, "robbery": 1 }, "geometry": { "type": "Point", "coordinates": [ -105.012138366999977, 39.739940643000068 ] } },
{ "type": "Feature", "properties": { "OBJECTID": 30895, "id": "DENVER_2020_20242021541900", "x": -105.02481842041016, "y": 39.747928619384766, "robbery": 1 }, "geometry": { "type": "Point", "coordinates": [ -105.024818419999974, 39.747928619000049 ] } },
{ "type": "Feature", "properties": { "OBJECTID": 30896, "id": "DENVER_2020_20242021542652", "x": -104.95010375976562, "y": 39.786811828613281, "robbery": 1 }, "geometry": { "type": "Point", "coordinates": [ -104.95010376, 39.786811829000044 ] } },
{ "type": "Feature", "properties": { "OBJECTID": 30897, "id": "DENVER_2020_20242021542731", "x": -104.76505279541016, "y": 39.782581329345703, "robbery": 1 }, "geometry": { "type": "Point", "coordinates": [ -104.765052794999974, 39.782581329000038 ] } },
{ "type": "Feature", "properties": { "OBJECTID": 30898, "id": "DENVER_2020_20242021542764", "x": -104.77078247070312, "y": 39.785140991210938, "robbery": 1 }, "geometry": { "type": "Point", "coordinates": [ -104.770782470999961, 39.785140991000048 ] } },
{ "type": "Feature", "properties": { "OBJECTID": 30899, "id": "DENVER_2020_20242021544348", "x": -104.94022369384766, "y": 39.757339477539062, "robbery": 1 }, "geometry": { "type": "Point", "coordinates": [ -104.94022369399994, 39.757339478000063 ] } },
{ "type": "Feature", "properties": { "OBJECTID": 30900, "id": "DENVER_2020_20242021544487", "x": -104.94107818603516, "y": 39.728790283203125, "robbery": 1 }, "geometry": { "type": "Point", "coordinates": [ -104.94107818599997, 39.72879028300008 ] } },
{ "type": "Feature", "properties": { "OBJECTID": 30901, "id": "DENVER_2020_20242021544554", "x": -105.0025634765625, "y": 39.7176513671875, "robbery": 1 }, "geometry": { "type": "Point", "coordinates": [ -105.002563476999967, 39.71765136700003 ] } },
{ "type": "Feature", "properties": { "OBJECTID": 30902, "id": "DENVER_2020_202420215448", "x": -104.99700927734375, "y": 39.749080657958984, "robbery": 1 }, "geometry": { "type": "Point", "coordinates": [ -104.997009276999961, 39.749080658000025 ] } },
{ "type": "Feature", "properties": { "OBJECTID": 30903, "id": "DENVER_2020_20242021545071", "x": -105.05014038085938, "y": 39.708629608154297, "robbery": 1 }, "geometry": { "type": "Point", "coordinates": [ -105.050140380999949, 39.708629608000081 ] } },
{ "type": "Feature", "properties": { "OBJECTID": 30904, "id": "DENVER_2020_20242021546069", "x": -104.97473907470703, "y": 39.747470855712891, "robbery": 1 }, "geometry": { "type": "Point", "coordinates": [ -104.974739074999945, 39.747470856000064 ] } },
{ "type": "Feature", "properties": { "OBJECTID": 30905, "id": "DENVER_2020_20242021546861", "x": -104.9775390625, "y": 39.748088836669922, "robbery": 1 }, "geometry": { "type": "Point", "coordinates": [ -104.977539062999938, 39.748088837000068 ] } },
{ "type": "Feature", "properties": { "OBJECTID": 30906, "id": "DENVER_2020_20242021547777", "x": -104.98396301269531, "y": 39.743881225585938, "robbery": 1 }, "geometry": { "type": "Point", "coordinates": [ -104.983963013, 39.743881226000042 ] } },
{ "type": "Feature", "properties": { "OBJECTID": 30907, "id": "DENVER_2020_20242021548437", "x": -104.90541076660156, "y": 39.698020935058594, "robbery": 1 }, "geometry": { "type": "Point", "coordinates": [ -104.905410766999978, 39.698020935000045 ] } },
{ "type": "Feature", "properties": { "OBJECTID": 30908, "id": "DENVER_2020_20242021548783", "x": -104.98770904541016, "y": 39.718769073486328, "robbery": 1 }, "geometry": { "type": "Point", "coordinates": [ -104.987709044999974, 39.718769073000033 ] } },
{ "type": "Feature", "properties": { "OBJECTID": 30909, "id": "DENVER_2020_20242021549169", "x": -104.97319030761719, "y": 39.755878448486328, "robbery": 1 }, "geometry": { "type": "Point", "coordinates": [ -104.973190307999971, 39.755878448000033 ] } },
{ "type": "Feature", "properties": { "OBJECTID": 30910, "id": "DENVER_2020_20242021549308", "x": -104.84758758544922, "y": 39.777679443359375, "robbery": 1 }, "geometry": { "type": "Point", "coordinates": [ -104.847587584999985, 39.777679443000068 ] } },
{ "type": "Feature", "properties": { "OBJECTID": 30911, "id": "DENVER_2020_2024202154957", "x": -104.97511291503906, "y": 39.739860534667969, "robbery": 1 }, "geometry": { "type": "Point", "coordinates": [ -104.975112914999954, 39.739860535000048 ] } },
{ "type": "Feature", "properties": { "OBJECTID": 30912, "id": "DENVER_2020_20242021550263", "x": -104.89286041259766, "y": 39.740150451660156, "robbery": 1 }, "geometry": { "type": "Point", "coordinates": [ -104.892860412999937, 39.74015045200008 ] } },
{ "type": "Feature", "properties": { "OBJECTID": 30913, "id": "DENVER_2020_20242021550612", "x": -105.02558135986328, "y": 39.737751007080078, "robbery": 1 }, "geometry": { "type": "Point", "coordinates": [ -105.02558136, 39.737751007000043 ] } },
{ "type": "Feature", "properties": { "OBJECTID": 30914, "id": "DENVER_2020_20242021550814", "x": -104.99127197265625, "y": 39.708690643310547, "robbery": 1 }, "geometry": { "type": "Point", "coordinates": [ -104.991271972999982, 39.708690643000068 ] } },
{ "type": "Feature", "properties": { "OBJECTID": 30915, "id": "DENVER_2020_20242021551008", "x": -104.89909362792969, "y": 39.740470886230469, "robbery": 1 }, "geometry": { "type": "Point", "coordinates": [ -104.899093627999946, 39.740470886000026 ] } },
{ "type": "Feature", "properties": { "OBJECTID": 30916, "id": "DENVER_2020_20242021551038", "x": -105.02845001220703, "y": 39.757461547851562, "robbery": 1 }, "geometry": { "type": "Point", "coordinates": [ -105.028450011999951, 39.757461548000038 ] } },
{ "type": "Feature", "properties": { "OBJECTID": 30917, "id": "DENVER_2020_20242021551904", "x": -104.97479248046875, "y": 39.740020751953125, "robbery": 1 }, "geometry": { "type": "Point", "coordinates": [ -104.974792479999962, 39.740020752000078 ] } },
{ "type": "Feature", "properties": { "OBJECTID": 30918, "id": "DENVER_2020_20242021551928", "x": -104.97807312011719, "y": 39.748489379882812, "robbery": 1 }, "geometry": { "type": "Point", "coordinates": [ -104.978073119999976, 39.74848938000008 ] } },
{ "type": "Feature", "properties": { "OBJECTID": 30919, "id": "DENVER_2020_20242021552226", "x": -105.05357360839844, "y": 39.733348846435547, "robbery": 1 }, "geometry": { "type": "Point", "coordinates": [ -105.053573607999965, 39.733348846000069 ] } },
{ "type": "Feature", "properties": { "OBJECTID": 30920, "id": "DENVER_2020_20242021552275", "x": -105.02449798583984, "y": 39.665958404541016, "robbery": 1 }, "geometry": { "type": "Point", "coordinates": [ -105.024497985999972, 39.665958405000026 ] } },
{ "type": "Feature", "properties": { "OBJECTID": 30921, "id": "DENVER_2020_20242021552584", "x": -104.96346282958984, "y": 39.755729675292969, "robbery": 1 }, "geometry": { "type": "Point", "coordinates": [ -104.963462829999969, 39.755729675000055 ] } },
{ "type": "Feature", "properties": { "OBJECTID": 30922, "id": "DENVER_2020_20242021553074", "x": -104.99305725097656, "y": 39.746040344238281, "robbery": 1 }, "geometry": { "type": "Point", "coordinates": [ -104.993057250999982, 39.74604034400005 ] } },
{ "type": "Feature", "properties": { "OBJECTID": 30923, "id": "DENVER_2020_20242021553811", "x": -104.98607635498047, "y": 39.754318237304688, "robbery": 1 }, "geometry": { "type": "Point", "coordinates": [ -104.986076354999966, 39.754318237000064 ] } },
{ "type": "Feature", "properties": { "OBJECTID": 30924, "id": "DENVER_2020_20242021554199", "x": -105.05264282226562, "y": 39.677719116210938, "robbery": 1 }, "geometry": { "type": "Point", "coordinates": [ -105.052642821999939, 39.677719116000048 ] } },
{ "type": "Feature", "properties": { "OBJECTID": 30925, "id": "DENVER_2020_20242021554855", "x": -104.99781799316406, "y": 39.754188537597656, "robbery": 1 }, "geometry": { "type": "Point", "coordinates": [ -104.997817992999956, 39.754188538000051 ] } },
{ "type": "Feature", "properties": { "OBJECTID": 30926, "id": "DENVER_2020_20242021555022", "x": -104.90516662597656, "y": 39.719509124755859, "robbery": 1 }, "geometry": { "type": "Point", "coordinates": [ -104.905166625999982, 39.719509125000059 ] } },
{ "type": "Feature", "properties": { "OBJECTID": 30927, "id": "DENVER_2020_20242021555064", "x": -105.00385284423828, "y": 39.770698547363281, "robbery": 1 }, "geometry": { "type": "Point", "coordinates": [ -105.003852843999937, 39.770698547000052 ] } },
{ "type": "Feature", "properties": { "OBJECTID": 30928, "id": "DENVER_2020_20242021555118", "x": -104.94934844970703, "y": 39.778770446777344, "robbery": 1 }, "geometry": { "type": "Point", "coordinates": [ -104.949348449999945, 39.778770447000056 ] } },
{ "type": "Feature", "properties": { "OBJECTID": 30929, "id": "DENVER_2020_20242021555263", "x": -105.01780700683594, "y": 39.769039154052734, "robbery": 1 }, "geometry": { "type": "Point", "coordinates": [ -105.017807006999988, 39.769039154000041 ] } },
{ "type": "Feature", "properties": { "OBJECTID": 30930, "id": "DENVER_2020_20242021555469", "x": -105.00361633300781, "y": 39.739700317382812, "robbery": 1 }, "geometry": { "type": "Point", "coordinates": [ -105.003616332999968, 39.739700317000029 ] } },
{ "type": "Feature", "properties": { "OBJECTID": 30931, "id": "DENVER_2020_20242021555598", "x": -105.00218200683594, "y": 39.769710540771484, "robbery": 1 }, "geometry": { "type": "Point", "coordinates": [ -105.002182006999988, 39.769710541000052 ] } },
{ "type": "Feature", "properties": { "OBJECTID": 30932, "id": "DENVER_2020_20242021555961", "x": -104.95198822021484, "y": 39.721099853515625, "robbery": 1 }, "geometry": { "type": "Point", "coordinates": [ -104.951988219999976, 39.721099854000045 ] } },
{ "type": "Feature", "properties": { "OBJECTID": 30933, "id": "DENVER_2020_20242021556726", "x": -104.96452331542969, "y": 39.771209716796875, "robbery": 1 }, "geometry": { "type": "Point", "coordinates": [ -104.964523314999951, 39.771209717000033 ] } },
{ "type": "Feature", "properties": { "OBJECTID": 30934, "id": "DENVER_2020_20242021556949", "x": -104.99796295166016, "y": 39.756198883056641, "robbery": 1 }, "geometry": { "type": "Point", "coordinates": [ -104.997962951999966, 39.756198883000025 ] } },
{ "type": "Feature", "properties": { "OBJECTID": 30935, "id": "DENVER_2020_20242021556952", "x": -105.02467346191406, "y": 39.685699462890625, "robbery": 1 }, "geometry": { "type": "Point", "coordinates": [ -105.024673461999953, 39.685699463000049 ] } },
{ "type": "Feature", "properties": { "OBJECTID": 30936, "id": "DENVER_2020_20242021557993", "x": -104.98233032226562, "y": 39.740020751953125, "robbery": 1 }, "geometry": { "type": "Point", "coordinates": [ -104.982330321999939, 39.740020752000078 ] } },
{ "type": "Feature", "properties": { "OBJECTID": 30937, "id": "DENVER_2020_20242021558170", "x": -104.97781372070312, "y": 39.788459777832031, "robbery": 1 }, "geometry": { "type": "Point", "coordinates": [ -104.977813720999961, 39.78845977800006 ] } },
{ "type": "Feature", "properties": { "OBJECTID": 30938, "id": "DENVER_2020_20242021559423", "x": -104.99104309082031, "y": 39.728588104248047, "robbery": 1 }, "geometry": { "type": "Point", "coordinates": [ -104.991043090999938, 39.728588104000039 ] } },
{ "type": "Feature", "properties": { "OBJECTID": 30939, "id": "DENVER_2020_20242021559916", "x": -104.90305328369141, "y": 39.758079528808594, "robbery": 1 }, "geometry": { "type": "Point", "coordinates": [ -104.903053283999952, 39.758079529000042 ] } },
{ "type": "Feature", "properties": { "OBJECTID": 30940, "id": "DENVER_2020_20242021560821", "x": -104.94207000732422, "y": 39.688678741455078, "robbery": 1 }, "geometry": { "type": "Point", "coordinates": [ -104.942070006999984, 39.688678741000047 ] } },
{ "type": "Feature", "properties": { "OBJECTID": 30941, "id": "DENVER_2020_20242021561292", "x": -105.01151275634766, "y": 39.770439147949219, "robbery": 1 }, "geometry": { "type": "Point", "coordinates": [ -105.011512755999945, 39.770439148000037 ] } },
{ "type": "Feature", "properties": { "OBJECTID": 30942, "id": "DENVER_2020_20242021562660", "x": -104.86682891845703, "y": 39.759449005126953, "robbery": 1 }, "geometry": { "type": "Point", "coordinates": [ -104.866828917999953, 39.759449005000079 ] } },
{ "type": "Feature", "properties": { "OBJECTID": 30943, "id": "DENVER_2020_20242021563301", "x": -104.89909362792969, "y": 39.740470886230469, "robbery": 1 }, "geometry": { "type": "Point", "coordinates": [ -104.899093627999946, 39.740470886000026 ] } },
{ "type": "Feature", "properties": { "OBJECTID": 30944, "id": "DENVER_2020_20242021563835", "x": -105.02613067626953, "y": 39.680381774902344, "robbery": 1 }, "geometry": { "type": "Point", "coordinates": [ -105.02613067599998, 39.680381775000058 ] } },
{ "type": "Feature", "properties": { "OBJECTID": 30945, "id": "DENVER_2020_20242021563906", "x": -104.89436340332031, "y": 39.739608764648438, "robbery": 1 }, "geometry": { "type": "Point", "coordinates": [ -104.894363402999943, 39.739608765000071 ] } },
{ "type": "Feature", "properties": { "OBJECTID": 30946, "id": "DENVER_2020_20242021564296", "x": -104.89157867431641, "y": 39.785190582275391, "robbery": 1 }, "geometry": { "type": "Point", "coordinates": [ -104.891578673999959, 39.785190582000041 ] } },
{ "type": "Feature", "properties": { "OBJECTID": 30947, "id": "DENVER_2020_20242021564441", "x": -105.02445983886719, "y": 39.659908294677734, "robbery": 1 }, "geometry": { "type": "Point", "coordinates": [ -105.024459838999974, 39.659908295000037 ] } },
{ "type": "Feature", "properties": { "OBJECTID": 30948, "id": "DENVER_2020_20242021564456", "x": -105.02519226074219, "y": 39.791099548339844, "robbery": 1 }, "geometry": { "type": "Point", "coordinates": [ -105.025192260999972, 39.791099548000034 ] } },
{ "type": "Feature", "properties": { "OBJECTID": 30949, "id": "DENVER_2020_20242021564615", "x": -104.94207000732422, "y": 39.688678741455078, "robbery": 1 }, "geometry": { "type": "Point", "coordinates": [ -104.942070006999984, 39.688678741000047 ] } },
{ "type": "Feature", "properties": { "OBJECTID": 30950, "id": "DENVER_2020_20242021565544", "x": -104.98590850830078, "y": 39.730308532714844, "robbery": 1 }, "geometry": { "type": "Point", "coordinates": [ -104.985908507999966, 39.730308533000027 ] } },
{ "type": "Feature", "properties": { "OBJECTID": 30951, "id": "DENVER_2020_20242021566343", "x": -105.02613067626953, "y": 39.680381774902344, "robbery": 1 }, "geometry": { "type": "Point", "coordinates": [ -105.02613067599998, 39.680381775000058 ] } },
{ "type": "Feature", "properties": { "OBJECTID": 30952, "id": "DENVER_2020_20242021566882", "x": -104.88645172119141, "y": 39.74774169921875, "robbery": 1 }, "geometry": { "type": "Point", "coordinates": [ -104.886451720999958, 39.747741699000073 ] } },
{ "type": "Feature", "properties": { "OBJECTID": 30953, "id": "DENVER_2020_20242021566885", "x": -104.98045349121094, "y": 39.771770477294922, "robbery": 1 }, "geometry": { "type": "Point", "coordinates": [ -104.980453491, 39.771770477000075 ] } },
{ "type": "Feature", "properties": { "OBJECTID": 30954, "id": "DENVER_2020_2024202156733", "x": -104.90741729736328, "y": 39.653469085693359, "robbery": 1 }, "geometry": { "type": "Point", "coordinates": [ -104.907417296999938, 39.65346908600003 ] } },
{ "type": "Feature", "properties": { "OBJECTID": 30955, "id": "DENVER_2020_20242021568795", "x": -104.98798370361328, "y": 39.721290588378906, "robbery": 1 }, "geometry": { "type": "Point", "coordinates": [ -104.987983703999987, 39.721290588000045 ] } },
{ "type": "Feature", "properties": { "OBJECTID": 30956, "id": "DENVER_2020_20242021568848", "x": -104.87071228027344, "y": 39.655559539794922, "robbery": 1 }, "geometry": { "type": "Point", "coordinates": [ -104.870712279999964, 39.65555954000007 ] } },
{ "type": "Feature", "properties": { "OBJECTID": 30957, "id": "DENVER_2020_20242021569082", "x": -104.99387359619141, "y": 39.745048522949219, "robbery": 1 }, "geometry": { "type": "Point", "coordinates": [ -104.993873595999958, 39.745048523000037 ] } },
{ "type": "Feature", "properties": { "OBJECTID": 30958, "id": "DENVER_2020_20242021570001", "x": -104.90500640869141, "y": 39.7664794921875, "robbery": 1 }, "geometry": { "type": "Point", "coordinates": [ -104.905006408999952, 39.76647949200003 ] } },
{ "type": "Feature", "properties": { "OBJECTID": 30959, "id": "DENVER_2020_20242021570093", "x": -104.90151977539062, "y": 39.739879608154297, "robbery": 1 }, "geometry": { "type": "Point", "coordinates": [ -104.90151977499994, 39.739879608000081 ] } },
{ "type": "Feature", "properties": { "OBJECTID": 30960, "id": "DENVER_2020_20242021572330", "x": -104.83470153808594, "y": 39.780368804931641, "robbery": 1 }, "geometry": { "type": "Point", "coordinates": [ -104.834701538, 39.78036880500008 ] } },
{ "type": "Feature", "properties": { "OBJECTID": 30961, "id": "DENVER_2020_20242021573921", "x": -104.90843200683594, "y": 39.775840759277344, "robbery": 1 }, "geometry": { "type": "Point", "coordinates": [ -104.908432006999988, 39.775840759000062 ] } },
{ "type": "Feature", "properties": { "OBJECTID": 30962, "id": "DENVER_2020_20242021573943", "x": -104.94096374511719, "y": 39.765289306640625, "robbery": 1 }, "geometry": { "type": "Point", "coordinates": [ -104.940963744999976, 39.765289307000046 ] } },
{ "type": "Feature", "properties": { "OBJECTID": 30963, "id": "DENVER_2020_20242021574081", "x": -104.94097137451172, "y": 39.687278747558594, "robbery": 1 }, "geometry": { "type": "Point", "coordinates": [ -104.940971374999947, 39.68727874800004 ] } },
{ "type": "Feature", "properties": { "OBJECTID": 30964, "id": "DENVER_2020_20242021574426", "x": -104.98712921142578, "y": 39.723918914794922, "robbery": 1 }, "geometry": { "type": "Point", "coordinates": [ -104.987129210999967, 39.72391891500007 ] } },
{ "type": "Feature", "properties": { "OBJECTID": 30965, "id": "DENVER_2020_20242021574723", "x": -104.98590850830078, "y": 39.730308532714844, "robbery": 1 }, "geometry": { "type": "Point", "coordinates": [ -104.985908507999966, 39.730308533000027 ] } },
{ "type": "Feature", "properties": { "OBJECTID": 30966, "id": "DENVER_2020_20242021575053", "x": -104.90300750732422, "y": 39.740478515625, "robbery": 1 }, "geometry": { "type": "Point", "coordinates": [ -104.903007506999984, 39.740478516000053 ] } },
{ "type": "Feature", "properties": { "OBJECTID": 30967, "id": "DENVER_2020_20242021575066", "x": -104.89909362792969, "y": 39.740470886230469, "robbery": 1 }, "geometry": { "type": "Point", "coordinates": [ -104.899093627999946, 39.740470886000026 ] } },
{ "type": "Feature", "properties": { "OBJECTID": 30968, "id": "DENVER_2020_20242021575332", "x": -105.06729125976562, "y": 39.659770965576172, "robbery": 1 }, "geometry": { "type": "Point", "coordinates": [ -105.06729126, 39.659770966000053 ] } },
{ "type": "Feature", "properties": { "OBJECTID": 30969, "id": "DENVER_2020_20242021576649", "x": -104.91599273681641, "y": 39.738780975341797, "robbery": 1 }, "geometry": { "type": "Point", "coordinates": [ -104.915992736999954, 39.738780975000054 ] } },
{ "type": "Feature", "properties": { "OBJECTID": 30970, "id": "DENVER_2020_20242021576726", "x": -105.0479736328125, "y": 39.710330963134766, "robbery": 1 }, "geometry": { "type": "Point", "coordinates": [ -105.04797363299997, 39.710330963000047 ] } },
{ "type": "Feature", "properties": { "OBJECTID": 30971, "id": "DENVER_2020_20242021576734", "x": -104.97337341308594, "y": 39.756980895996094, "robbery": 1 }, "geometry": { "type": "Point", "coordinates": [ -104.973373413, 39.756980896000073 ] } },
{ "type": "Feature", "properties": { "OBJECTID": 30972, "id": "DENVER_2020_20242021578206", "x": -104.90383911132812, "y": 39.767749786376953, "robbery": 1 }, "geometry": { "type": "Point", "coordinates": [ -104.903839110999968, 39.767749786000024 ] } },
{ "type": "Feature", "properties": { "OBJECTID": 30973, "id": "DENVER_2020_20242021578535", "x": -104.80903625488281, "y": 39.775508880615234, "robbery": 1 }, "geometry": { "type": "Point", "coordinates": [ -104.809036254999967, 39.775508881000064 ] } },
{ "type": "Feature", "properties": { "OBJECTID": 30974, "id": "DENVER_2020_20242021578624", "x": -105.02366638183594, "y": 39.678230285644531, "robbery": 1 }, "geometry": { "type": "Point", "coordinates": [ -105.023666381999988, 39.67823028600003 ] } },
{ "type": "Feature", "properties": { "OBJECTID": 30975, "id": "DENVER_2020_2024202157892", "x": -104.90184783935547, "y": 39.756599426269531, "robbery": 1 }, "geometry": { "type": "Point", "coordinates": [ -104.90184783899997, 39.756599426000037 ] } },
{ "type": "Feature", "properties": { "OBJECTID": 30976, "id": "DENVER_2020_20242021578975", "x": -104.99019622802734, "y": 39.746910095214844, "robbery": 1 }, "geometry": { "type": "Point", "coordinates": [ -104.990196227999945, 39.746910095000032 ] } },
{ "type": "Feature", "properties": { "OBJECTID": 30977, "id": "DENVER_2020_20242021579432", "x": -104.98863983154297, "y": 39.754558563232422, "robbery": 1 }, "geometry": { "type": "Point", "coordinates": [ -104.988639832, 39.754558563000046 ] } },
{ "type": "Feature", "properties": { "OBJECTID": 30978, "id": "DENVER_2020_20242021579480", "x": -104.94096374511719, "y": 39.756870269775391, "robbery": 1 }, "geometry": { "type": "Point", "coordinates": [ -104.940963744999976, 39.756870270000036 ] } },
{ "type": "Feature", "properties": { "OBJECTID": 30979, "id": "DENVER_2020_20242021579487", "x": -104.93038940429688, "y": 39.74066162109375, "robbery": 1 }, "geometry": { "type": "Point", "coordinates": [ -104.930389403999982, 39.740661621000072 ] } },
{ "type": "Feature", "properties": { "OBJECTID": 30980, "id": "DENVER_2020_20242021579499", "x": -104.91549682617188, "y": 39.740348815917969, "robbery": 1 }, "geometry": { "type": "Point", "coordinates": [ -104.915496825999981, 39.740348816000051 ] } },
{ "type": "Feature", "properties": { "OBJECTID": 30981, "id": "DENVER_2020_20242021579505", "x": -104.89909362792969, "y": 39.740470886230469, "robbery": 1 }, "geometry": { "type": "Point", "coordinates": [ -104.899093627999946, 39.740470886000026 ] } },
{ "type": "Feature", "properties": { "OBJECTID": 30982, "id": "DENVER_2020_20242021579595", "x": -104.91649627685547, "y": 39.739921569824219, "robbery": 1 }, "geometry": { "type": "Point", "coordinates": [ -104.916496276999965, 39.739921570000035 ] } },
{ "type": "Feature", "properties": { "OBJECTID": 30983, "id": "DENVER_2020_20242021580058", "x": -104.98890686035156, "y": 39.710380554199219, "robbery": 1 }, "geometry": { "type": "Point", "coordinates": [ -104.988906859999986, 39.710380554000039 ] } },
{ "type": "Feature", "properties": { "OBJECTID": 30984, "id": "DENVER_2020_20242021580521", "x": -104.81066131591797, "y": 39.774200439453125, "robbery": 1 }, "geometry": { "type": "Point", "coordinates": [ -104.810661315999937, 39.774200439000026 ] } },
{ "type": "Feature", "properties": { "OBJECTID": 30985, "id": "DENVER_2020_20242021580663", "x": -104.96217346191406, "y": 39.73760986328125, "robbery": 1 }, "geometry": { "type": "Point", "coordinates": [ -104.962173461999953, 39.737609863000046 ] } },
{ "type": "Feature", "properties": { "OBJECTID": 30986, "id": "DENVER_2020_20242021580935", "x": -104.99259948730469, "y": 39.752941131591797, "robbery": 1 }, "geometry": { "type": "Point", "coordinates": [ -104.99259948699995, 39.752941132000046 ] } },
{ "type": "Feature", "properties": { "OBJECTID": 30987, "id": "DENVER_2020_20242021580963", "x": -104.99392700195312, "y": 39.746139526367188, "robbery": 1 }, "geometry": { "type": "Point", "coordinates": [ -104.993927001999964, 39.746139526000036 ] } },
{ "type": "Feature", "properties": { "OBJECTID": 30988, "id": "DENVER_2020_20242021581175", "x": -104.88903045654297, "y": 39.738861083984375, "robbery": 1 }, "geometry": { "type": "Point", "coordinates": [ -104.889030457, 39.738861084000064 ] } },
{ "type": "Feature", "properties": { "OBJECTID": 30989, "id": "DENVER_2020_20242021581779", "x": -105.00137329101562, "y": 39.754478454589844, "robbery": 1 }, "geometry": { "type": "Point", "coordinates": [ -105.001373291, 39.754478455000026 ] } },
{ "type": "Feature", "properties": { "OBJECTID": 30990, "id": "DENVER_2020_20242021581840", "x": -105.04823303222656, "y": 39.735439300537109, "robbery": 1 }, "geometry": { "type": "Point", "coordinates": [ -105.048233031999985, 39.735439301000042 ] } },
{ "type": "Feature", "properties": { "OBJECTID": 30991, "id": "DENVER_2020_20242021582166", "x": -104.81266784667969, "y": 39.78485107421875, "robbery": 1 }, "geometry": { "type": "Point", "coordinates": [ -104.812667846999943, 39.784851074000073 ] } },
{ "type": "Feature", "properties": { "OBJECTID": 30992, "id": "DENVER_2020_20242021582819", "x": -105.00060272216797, "y": 39.727790832519531, "robbery": 1 }, "geometry": { "type": "Point", "coordinates": [ -105.00060272199994, 39.727790833000029 ] } },
{ "type": "Feature", "properties": { "OBJECTID": 30993, "id": "DENVER_2020_20242021583073", "x": -105.00245666503906, "y": 39.761768341064453, "robbery": 1 }, "geometry": { "type": "Point", "coordinates": [ -105.002456664999954, 39.76176834100005 ] } },
{ "type": "Feature", "properties": { "OBJECTID": 30994, "id": "DENVER_2020_2024202158343", "x": -104.98899078369141, "y": 39.745838165283203, "robbery": 1 }, "geometry": { "type": "Point", "coordinates": [ -104.988990783999952, 39.745838165000066 ] } },
{ "type": "Feature", "properties": { "OBJECTID": 30995, "id": "DENVER_2020_20242021583797", "x": -104.99452209472656, "y": 39.731349945068359, "robbery": 1 }, "geometry": { "type": "Point", "coordinates": [ -104.994522094999979, 39.731349945000034 ] } },
{ "type": "Feature", "properties": { "OBJECTID": 30996, "id": "DENVER_2020_20242021584312", "x": -104.99392700195312, "y": 39.746139526367188, "robbery": 1 }, "geometry": { "type": "Point", "coordinates": [ -104.993927001999964, 39.746139526000036 ] } },
{ "type": "Feature", "properties": { "OBJECTID": 30997, "id": "DENVER_2020_20242021584683", "x": -105.00829315185547, "y": 39.695919036865234, "robbery": 1 }, "geometry": { "type": "Point", "coordinates": [ -105.008293151999965, 39.695919037000067 ] } },
{ "type": "Feature", "properties": { "OBJECTID": 30998, "id": "DENVER_2020_20242021584910", "x": -104.98668670654297, "y": 39.752128601074219, "robbery": 1 }, "geometry": { "type": "Point", "coordinates": [ -104.986686707, 39.752128601000038 ] } },
{ "type": "Feature", "properties": { "OBJECTID": 30999, "id": "DENVER_2020_20242021585741", "x": -105.00060272216797, "y": 39.754539489746094, "robbery": 1 }, "geometry": { "type": "Point", "coordinates": [ -105.00060272199994, 39.75453949000007 ] } },
{ "type": "Feature", "properties": { "OBJECTID": 31000, "id": "DENVER_2020_2024202158614", "x": -105.02530670166016, "y": 39.708629608154297, "robbery": 1 }, "geometry": { "type": "Point", "coordinates": [ -105.025306701999966, 39.708629608000081 ] } },
{ "type": "Feature", "properties": { "OBJECTID": 31001, "id": "DENVER_2020_20242021586284", "x": -104.86782836914062, "y": 39.707241058349609, "robbery": 1 }, "geometry": { "type": "Point", "coordinates": [ -104.867828368999938, 39.707241058000079 ] } },
{ "type": "Feature", "properties": { "OBJECTID": 31002, "id": "DENVER_2020_20242021587743", "x": -104.83750915527344, "y": 39.780529022216797, "robbery": 1 }, "geometry": { "type": "Point", "coordinates": [ -104.837509154999964, 39.780529022000053 ] } },
{ "type": "Feature", "properties": { "OBJECTID": 31003, "id": "DENVER_2020_2024202158828", "x": -105.0526123046875, "y": 39.732879638671875, "robbery": 1 }, "geometry": { "type": "Point", "coordinates": [ -105.052612304999968, 39.732879639000032 ] } },
{ "type": "Feature", "properties": { "OBJECTID": 31004, "id": "DENVER_2020_20242021588286", "x": -104.80903625488281, "y": 39.775508880615234, "robbery": 1 }, "geometry": { "type": "Point", "coordinates": [ -104.809036254999967, 39.775508881000064 ] } },
{ "type": "Feature", "properties": { "OBJECTID": 31005, "id": "DENVER_2020_20242021588961", "x": -104.88449096679688, "y": 39.647689819335938, "robbery": 1 }, "geometry": { "type": "Point", "coordinates": [ -104.884490966999977, 39.64768981900005 ] } },
{ "type": "Feature", "properties": { "OBJECTID": 31006, "id": "DENVER_2020_20242021589018", "x": -105.04052734375, "y": 39.719528198242188, "robbery": 1 }, "geometry": { "type": "Point", "coordinates": [ -105.040527343999941, 39.719528198000035 ] } },
{ "type": "Feature", "properties": { "OBJECTID": 31007, "id": "DENVER_2020_20242021590208", "x": -104.88435363769531, "y": 39.652778625488281, "robbery": 1 }, "geometry": { "type": "Point", "coordinates": [ -104.884353638, 39.652778625000053 ] } },
{ "type": "Feature", "properties": { "OBJECTID": 31008, "id": "DENVER_2020_20242021591288", "x": -104.84841156005859, "y": 39.782741546630859, "robbery": 1 }, "geometry": { "type": "Point", "coordinates": [ -104.848411559999988, 39.782741547000057 ] } },
{ "type": "Feature", "properties": { "OBJECTID": 31009, "id": "DENVER_2020_20242021592383", "x": -104.99259948730469, "y": 39.752941131591797, "robbery": 1 }, "geometry": { "type": "Point", "coordinates": [ -104.99259948699995, 39.752941132000046 ] } },
{ "type": "Feature", "properties": { "OBJECTID": 31010, "id": "DENVER_2020_20242021592407", "x": -105.00218200683594, "y": 39.769710540771484, "robbery": 1 }, "geometry": { "type": "Point", "coordinates": [ -105.002182006999988, 39.769710541000052 ] } },
{ "type": "Feature", "properties": { "OBJECTID": 31011, "id": "DENVER_2020_20242021592674", "x": -104.99366760253906, "y": 39.746540069580078, "robbery": 1 }, "geometry": { "type": "Point", "coordinates": [ -104.993667602999949, 39.746540070000037 ] } },
{ "type": "Feature", "properties": { "OBJECTID": 31012, "id": "DENVER_2020_20242021592721", "x": -104.95948028564453, "y": 39.739528656005859, "robbery": 1 }, "geometry": { "type": "Point", "coordinates": [ -104.959480285999973, 39.739528656000061 ] } },
{ "type": "Feature", "properties": { "OBJECTID": 31013, "id": "DENVER_2020_20242021593538", "x": -104.97265625, "y": 39.73468017578125, "robbery": 1 }, "geometry": { "type": "Point", "coordinates": [ -104.972656249999943, 39.73468017600004 ] } },
{ "type": "Feature", "properties": { "OBJECTID": 31014, "id": "DENVER_2020_20242021593683", "x": -104.87159729003906, "y": 39.709159851074219, "robbery": 1 }, "geometry": { "type": "Point", "coordinates": [ -104.871597289999954, 39.709159851000038 ] } },
{ "type": "Feature", "properties": { "OBJECTID": 31015, "id": "DENVER_2020_2024202159387", "x": -105.03341674804688, "y": 39.740329742431641, "robbery": 1 }, "geometry": { "type": "Point", "coordinates": [ -105.033416747999979, 39.740329742000029 ] } },
{ "type": "Feature", "properties": { "OBJECTID": 31016, "id": "DENVER_2020_20242021594131", "x": -104.98860168457031, "y": 39.746368408203125, "robbery": 1 }, "geometry": { "type": "Point", "coordinates": [ -104.988601685, 39.74636840800008 ] } },
{ "type": "Feature", "properties": { "OBJECTID": 31017, "id": "DENVER_2020_20242021594942", "x": -104.93598175048828, "y": 39.666309356689453, "robbery": 1 }, "geometry": { "type": "Point", "coordinates": [ -104.935981749999939, 39.666309357000046 ] } },
{ "type": "Feature", "properties": { "OBJECTID": 31018, "id": "DENVER_2020_2024202159590", "x": -104.96967315673828, "y": 39.730789184570312, "robbery": 1 }, "geometry": { "type": "Point", "coordinates": [ -104.969673156999988, 39.730789185000049 ] } },
{ "type": "Feature", "properties": { "OBJECTID": 31019, "id": "DENVER_2020_20242021596146", "x": -104.98629760742188, "y": 39.743709564208984, "robbery": 1 }, "geometry": { "type": "Point", "coordinates": [ -104.986297606999983, 39.743709564000028 ] } },
{ "type": "Feature", "properties": { "OBJECTID": 31020, "id": "DENVER_2020_20242021596286", "x": -104.90025329589844, "y": 39.655399322509766, "robbery": 1 }, "geometry": { "type": "Point", "coordinates": [ -104.90025329599996, 39.65539932300004 ] } },
{ "type": "Feature", "properties": { "OBJECTID": 31021, "id": "DENVER_2020_20242021596507", "x": -105.00148010253906, "y": 39.7552490234375, "robbery": 1 }, "geometry": { "type": "Point", "coordinates": [ -105.001480102999949, 39.755249023000033 ] } },
{ "type": "Feature", "properties": { "OBJECTID": 31022, "id": "DENVER_2020_20242021597430", "x": -104.88532257080078, "y": 39.651348114013672, "robbery": 1 }, "geometry": { "type": "Point", "coordinates": [ -104.885322570999961, 39.651348114000029 ] } },
{ "type": "Feature", "properties": { "OBJECTID": 31023, "id": "DENVER_2020_20242021597595", "x": -104.91649627685547, "y": 39.739921569824219, "robbery": 1 }, "geometry": { "type": "Point", "coordinates": [ -104.916496276999965, 39.739921570000035 ] } },
{ "type": "Feature", "properties": { "OBJECTID": 31024, "id": "DENVER_2020_20242021597833", "x": -104.94480133056641, "y": 39.776939392089844, "robbery": 1 }, "geometry": { "type": "Point", "coordinates": [ -104.944801330999951, 39.776939392000031 ] } },
{ "type": "Feature", "properties": { "OBJECTID": 31025, "id": "DENVER_2020_20242021598745", "x": -104.89382171630859, "y": 39.738941192626953, "robbery": 1 }, "geometry": { "type": "Point", "coordinates": [ -104.893821716, 39.738941193000073 ] } },
{ "type": "Feature", "properties": { "OBJECTID": 31026, "id": "DENVER_2020_20242021598752", "x": -104.89187622070312, "y": 39.784130096435547, "robbery": 1 }, "geometry": { "type": "Point", "coordinates": [ -104.891876220999961, 39.784130096000069 ] } },
{ "type": "Feature", "properties": { "OBJECTID": 31027, "id": "DENVER_2020_20242021599267", "x": -104.98320007324219, "y": 39.724380493164062, "robbery": 1 }, "geometry": { "type": "Point", "coordinates": [ -104.983200072999978, 39.724380493000069 ] } },
{ "type": "Feature", "properties": { "OBJECTID": 31028, "id": "DENVER_2020_20242021599576", "x": -105.05306243896484, "y": 39.768810272216797, "robbery": 1 }, "geometry": { "type": "Point", "coordinates": [ -105.053062438999973, 39.768810272000053 ] } },
{ "type": "Feature", "properties": { "OBJECTID": 31029, "id": "DENVER_2020_20242021600126", "x": -104.99710845947266, "y": 39.753200531005859, "robbery": 1 }, "geometry": { "type": "Point", "coordinates": [ -104.997108458999946, 39.753200531000061 ] } },
{ "type": "Feature", "properties": { "OBJECTID": 31030, "id": "DENVER_2020_20242021600582", "x": -105.02554321289062, "y": 39.70745849609375, "robbery": 1 }, "geometry": { "type": "Point", "coordinates": [ -105.025543213, 39.707458496000072 ] } },
{ "type": "Feature", "properties": { "OBJECTID": 31031, "id": "DENVER_2020_20242021600982", "x": -104.83805847167969, "y": 39.776908874511719, "robbery": 1 }, "geometry": { "type": "Point", "coordinates": [ -104.838058471999943, 39.776908875000061 ] } },
{ "type": "Feature", "properties": { "OBJECTID": 31032, "id": "DENVER_2020_20242021604020", "x": -104.98780822753906, "y": 39.709690093994141, "robbery": 1 }, "geometry": { "type": "Point", "coordinates": [ -104.987808227999949, 39.709690094000052 ] } },
{ "type": "Feature", "properties": { "OBJECTID": 31033, "id": "DENVER_2020_20242021605985", "x": -104.94066619873047, "y": 39.73828125, "robbery": 1 }, "geometry": { "type": "Point", "coordinates": [ -104.940666198999963, 39.738281250000057 ] } },
{ "type": "Feature", "properties": { "OBJECTID": 31034, "id": "DENVER_2020_20242021606286", "x": -104.94219970703125, "y": 39.687049865722656, "robbery": 1 }, "geometry": { "type": "Point", "coordinates": [ -104.942199706999986, 39.687049866000052 ] } },
{ "type": "Feature", "properties": { "OBJECTID": 31035, "id": "DENVER_2020_20242021607920", "x": -104.95525360107422, "y": 39.763408660888672, "robbery": 1 }, "geometry": { "type": "Point", "coordinates": [ -104.955253600999981, 39.763408661000028 ] } },
{ "type": "Feature", "properties": { "OBJECTID": 31036, "id": "DENVER_2020_20242021608213", "x": -105.00927734375, "y": 39.756458282470703, "robbery": 1 }, "geometry": { "type": "Point", "coordinates": [ -105.009277343999941, 39.75645828200004 ] } },
{ "type": "Feature", "properties": { "OBJECTID": 31037, "id": "DENVER_2020_20242021608547", "x": -104.77117919921875, "y": 39.80426025390625, "robbery": 1 }, "geometry": { "type": "Point", "coordinates": [ -104.77117919899996, 39.804260254000042 ] } },
{ "type": "Feature", "properties": { "OBJECTID": 31038, "id": "DENVER_2020_20242021609064", "x": -104.98924255371094, "y": 39.733390808105469, "robbery": 1 }, "geometry": { "type": "Point", "coordinates": [ -104.989242553999986, 39.733390808000024 ] } },
{ "type": "Feature", "properties": { "OBJECTID": 31039, "id": "DENVER_2020_20242021609122", "x": -104.94410705566406, "y": 39.71807861328125, "robbery": 1 }, "geometry": { "type": "Point", "coordinates": [ -104.94410705599995, 39.718078613000046 ] } },
{ "type": "Feature", "properties": { "OBJECTID": 31040, "id": "DENVER_2020_20242021609661", "x": -105.04402160644531, "y": 39.754878997802734, "robbery": 1 }, "geometry": { "type": "Point", "coordinates": [ -105.044021605999944, 39.754878998000038 ] } },
{ "type": "Feature", "properties": { "OBJECTID": 31041, "id": "DENVER_2020_20242021609781", "x": -105.03462219238281, "y": 39.745861053466797, "robbery": 1 }, "geometry": { "type": "Point", "coordinates": [ -105.034622191999972, 39.745861053000056 ] } },
{ "type": "Feature", "properties": { "OBJECTID": 31042, "id": "DENVER_2020_20242021610109", "x": -105.0357666015625, "y": 39.731781005859375, "robbery": 1 }, "geometry": { "type": "Point", "coordinates": [ -105.035766601999967, 39.731781006000062 ] } },
{ "type": "Feature", "properties": { "OBJECTID": 31043, "id": "DENVER_2020_20242021611060", "x": -105.02484130859375, "y": 39.661609649658203, "robbery": 1 }, "geometry": { "type": "Point", "coordinates": [ -105.024841308999953, 39.661609650000059 ] } },
{ "type": "Feature", "properties": { "OBJECTID": 31044, "id": "DENVER_2020_2024202161113", "x": -104.87483978271484, "y": 39.671329498291016, "robbery": 1 }, "geometry": { "type": "Point", "coordinates": [ -104.87483978299997, 39.671329498000034 ] } },
{ "type": "Feature", "properties": { "OBJECTID": 31045, "id": "DENVER_2020_20242021611240", "x": -104.94037628173828, "y": 39.730869293212891, "robbery": 1 }, "geometry": { "type": "Point", "coordinates": [ -104.940376281999988, 39.730869293000069 ] } },
{ "type": "Feature", "properties": { "OBJECTID": 31046, "id": "DENVER_2020_20242021611282", "x": -104.998291015625, "y": 39.747089385986328, "robbery": 1 }, "geometry": { "type": "Point", "coordinates": [ -104.998291015999939, 39.747089386000027 ] } },
{ "type": "Feature", "properties": { "OBJECTID": 31047, "id": "DENVER_2020_20242021611391", "x": -104.90268707275391, "y": 39.757221221923828, "robbery": 1 }, "geometry": { "type": "Point", "coordinates": [ -104.902687072999981, 39.757221222000055 ] } },
{ "type": "Feature", "properties": { "OBJECTID": 31048, "id": "DENVER_2020_20242021611405", "x": -104.99366760253906, "y": 39.746540069580078, "robbery": 1 }, "geometry": { "type": "Point", "coordinates": [ -104.993667602999949, 39.746540070000037 ] } },
{ "type": "Feature", "properties": { "OBJECTID": 31049, "id": "DENVER_2020_2024202161241", "x": -104.98895263671875, "y": 39.755760192871094, "robbery": 1 }, "geometry": { "type": "Point", "coordinates": [ -104.988952636999954, 39.755760193000071 ] } },
{ "type": "Feature", "properties": { "OBJECTID": 31050, "id": "DENVER_2020_20242021613246", "x": -105.00961303710938, "y": 39.762050628662109, "robbery": 1 }, "geometry": { "type": "Point", "coordinates": [ -105.009613036999951, 39.762050629000044 ] } },
{ "type": "Feature", "properties": { "OBJECTID": 31051, "id": "DENVER_2020_20242021613586", "x": -104.89187622070312, "y": 39.784130096435547, "robbery": 1 }, "geometry": { "type": "Point", "coordinates": [ -104.891876220999961, 39.784130096000069 ] } },
{ "type": "Feature", "properties": { "OBJECTID": 31052, "id": "DENVER_2020_20242021613905", "x": -104.96320343017578, "y": 39.783618927001953, "robbery": 1 }, "geometry": { "type": "Point", "coordinates": [ -104.963203429999965, 39.783618927000077 ] } },
{ "type": "Feature", "properties": { "OBJECTID": 31053, "id": "DENVER_2020_20242021614273", "x": -104.89736938476562, "y": 39.689838409423828, "robbery": 1 }, "geometry": { "type": "Point", "coordinates": [ -104.897369385, 39.68983840900006 ] } },
{ "type": "Feature", "properties": { "OBJECTID": 31054, "id": "DENVER_2020_20242021615007", "x": -104.93621826171875, "y": 39.667469024658203, "robbery": 1 }, "geometry": { "type": "Point", "coordinates": [ -104.936218261999954, 39.667469025000059 ] } },
{ "type": "Feature", "properties": { "OBJECTID": 31055, "id": "DENVER_2020_20242021615472", "x": -105.02469635009766, "y": 39.697731018066406, "robbery": 1 }, "geometry": { "type": "Point", "coordinates": [ -105.024696349999942, 39.69773101800007 ] } },
{ "type": "Feature", "properties": { "OBJECTID": 31056, "id": "DENVER_2020_20242021616069", "x": -104.93968200683594, "y": 39.728958129882812, "robbery": 1 }, "geometry": { "type": "Point", "coordinates": [ -104.939682006999988, 39.72895813000008 ] } },
{ "type": "Feature", "properties": { "OBJECTID": 31057, "id": "DENVER_2020_20242021616713", "x": -104.89875030517578, "y": 39.747440338134766, "robbery": 1 }, "geometry": { "type": "Point", "coordinates": [ -104.898750304999965, 39.747440338000047 ] } },
{ "type": "Feature", "properties": { "OBJECTID": 31058, "id": "DENVER_2020_20242021617219", "x": -104.91644287109375, "y": 39.652130126953125, "robbery": 1 }, "geometry": { "type": "Point", "coordinates": [ -104.916442870999958, 39.652130127000078 ] } },
{ "type": "Feature", "properties": { "OBJECTID": 31059, "id": "DENVER_2020_20242021617282", "x": -104.96983337402344, "y": 39.779121398925781, "robbery": 1 }, "geometry": { "type": "Point", "coordinates": [ -104.969833373999961, 39.779121399000076 ] } },
{ "type": "Feature", "properties": { "OBJECTID": 31060, "id": "DENVER_2020_20242021617976", "x": -104.93998718261719, "y": 39.69696044921875, "robbery": 1 }, "geometry": { "type": "Point", "coordinates": [ -104.939987182999971, 39.696960449000073 ] } },
{ "type": "Feature", "properties": { "OBJECTID": 31061, "id": "DENVER_2020_20242021617981", "x": -104.93839263916016, "y": 39.740131378173828, "robbery": 1 }, "geometry": { "type": "Point", "coordinates": [ -104.938392638999971, 39.740131378000058 ] } },
{ "type": "Feature", "properties": { "OBJECTID": 31062, "id": "DENVER_2020_20242021617995", "x": -104.93984222412109, "y": 39.740680694580078, "robbery": 1 }, "geometry": { "type": "Point", "coordinates": [ -104.93984222399996, 39.740680695000037 ] } },
{ "type": "Feature", "properties": { "OBJECTID": 31063, "id": "DENVER_2020_20242021618001", "x": -104.98374938964844, "y": 39.751708984375, "robbery": 1 }, "geometry": { "type": "Point", "coordinates": [ -104.983749389999957, 39.751708984000061 ] } },
{ "type": "Feature", "properties": { "OBJECTID": 31064, "id": "DENVER_2020_20242021618309", "x": -104.82270050048828, "y": 39.780010223388672, "robbery": 1 }, "geometry": { "type": "Point", "coordinates": [ -104.822700499999939, 39.780010223000033 ] } },
{ "type": "Feature", "properties": { "OBJECTID": 31065, "id": "DENVER_2020_20242021618472", "x": -104.99392700195312, "y": 39.746139526367188, "robbery": 1 }, "geometry": { "type": "Point", "coordinates": [ -104.993927001999964, 39.746139526000036 ] } },
{ "type": "Feature", "properties": { "OBJECTID": 31066, "id": "DENVER_2020_20242021619139", "x": -104.97321319580078, "y": 39.762901306152344, "robbery": 1 }, "geometry": { "type": "Point", "coordinates": [ -104.973213195999961, 39.76290130600006 ] } },
{ "type": "Feature", "properties": { "OBJECTID": 31067, "id": "DENVER_2020_20242021619419", "x": -104.89285278320312, "y": 39.782241821289062, "robbery": 1 }, "geometry": { "type": "Point", "coordinates": [ -104.892852782999967, 39.782241821000071 ] } },
{ "type": "Feature", "properties": { "OBJECTID": 31068, "id": "DENVER_2020_20242021619666", "x": -105.04798889160156, "y": 39.728981018066406, "robbery": 1 }, "geometry": { "type": "Point", "coordinates": [ -105.047988891999978, 39.72898101800007 ] } },
{ "type": "Feature", "properties": { "OBJECTID": 31069, "id": "DENVER_2020_20242021619954", "x": -104.87174224853516, "y": 39.654411315917969, "robbery": 1 }, "geometry": { "type": "Point", "coordinates": [ -104.871742248999965, 39.654411316000051 ] } },
{ "type": "Feature", "properties": { "OBJECTID": 31070, "id": "DENVER_2020_2024202162001", "x": -104.99722290039062, "y": 39.752300262451172, "robbery": 1 }, "geometry": { "type": "Point", "coordinates": [ -104.99722289999994, 39.752300262000063 ] } },
{ "type": "Feature", "properties": { "OBJECTID": 31071, "id": "DENVER_2020_20242021620047", "x": -104.94934844970703, "y": 39.778770446777344, "robbery": 1 }, "geometry": { "type": "Point", "coordinates": [ -104.949348449999945, 39.778770447000056 ] } },
{ "type": "Feature", "properties": { "OBJECTID": 31072, "id": "DENVER_2020_20242021620696", "x": -104.97305297851562, "y": 39.740360260009766, "robbery": 1 }, "geometry": { "type": "Point", "coordinates": [ -104.973052978999988, 39.740360260000045 ] } },
{ "type": "Feature", "properties": { "OBJECTID": 31073, "id": "DENVER_2020_20242021621080", "x": -105.015380859375, "y": 39.691051483154297, "robbery": 1 }, "geometry": { "type": "Point", "coordinates": [ -105.015380858999947, 39.691051483000081 ] } },
{ "type": "Feature", "properties": { "OBJECTID": 31074, "id": "DENVER_2020_20242021621169", "x": -104.99295043945312, "y": 39.696659088134766, "robbery": 1 }, "geometry": { "type": "Point", "coordinates": [ -104.992950438999969, 39.696659088000047 ] } },
{ "type": "Feature", "properties": { "OBJECTID": 31075, "id": "DENVER_2020_20242021621477", "x": -104.99308776855469, "y": 39.745861053466797, "robbery": 1 }, "geometry": { "type": "Point", "coordinates": [ -104.993087768999942, 39.745861053000056 ] } },
{ "type": "Feature", "properties": { "OBJECTID": 31076, "id": "DENVER_2020_20242021622150", "x": -104.91499328613281, "y": 39.653579711914062, "robbery": 1 }, "geometry": { "type": "Point", "coordinates": [ -104.914993285999969, 39.653579712000067 ] } },
{ "type": "Feature", "properties": { "OBJECTID": 31077, "id": "DENVER_2020_20242021622252", "x": -104.97946929931641, "y": 39.753829956054688, "robbery": 1 }, "geometry": { "type": "Point", "coordinates": [ -104.979469298999959, 39.753829956000061 ] } },
{ "type": "Feature", "properties": { "OBJECTID": 31078, "id": "DENVER_2020_20242021622273", "x": -104.98898315429688, "y": 39.720718383789062, "robbery": 1 }, "geometry": { "type": "Point", "coordinates": [ -104.988983153999982, 39.720718384000065 ] } },
{ "type": "Feature", "properties": { "OBJECTID": 31079, "id": "DENVER_2020_20242021622567", "x": -104.89187622070312, "y": 39.784130096435547, "robbery": 1 }, "geometry": { "type": "Point", "coordinates": [ -104.891876220999961, 39.784130096000069 ] } },
{ "type": "Feature", "properties": { "OBJECTID": 31080, "id": "DENVER_2020_2024202162316", "x": -104.98748779296875, "y": 39.739898681640625, "robbery": 1 }, "geometry": { "type": "Point", "coordinates": [ -104.987487792999957, 39.739898682000046 ] } },
{ "type": "Feature", "properties": { "OBJECTID": 31081, "id": "DENVER_2020_20242021623712", "x": -104.90323638916016, "y": 39.653579711914062, "robbery": 1 }, "geometry": { "type": "Point", "coordinates": [ -104.903236388999971, 39.653579712000067 ] } },
{ "type": "Feature", "properties": { "OBJECTID": 31082, "id": "DENVER_2020_2024202162378", "x": -104.99376678466797, "y": 39.750438690185547, "robbery": 1 }, "geometry": { "type": "Point", "coordinates": [ -104.993766785, 39.750438690000067 ] } },
{ "type": "Feature", "properties": { "OBJECTID": 31083, "id": "DENVER_2020_20242021624154", "x": -105.00057983398438, "y": 39.772979736328125, "robbery": 1 }, "geometry": { "type": "Point", "coordinates": [ -105.00057983399995, 39.772979736000025 ] } },
{ "type": "Feature", "properties": { "OBJECTID": 31084, "id": "DENVER_2020_20242021625118", "x": -105.02478790283203, "y": 39.788959503173828, "robbery": 1 }, "geometry": { "type": "Point", "coordinates": [ -105.024787902999947, 39.788959503000058 ] } },
{ "type": "Feature", "properties": { "OBJECTID": 31085, "id": "DENVER_2020_2024202162519", "x": -104.99474334716797, "y": 39.744930267333984, "robbery": 1 }, "geometry": { "type": "Point", "coordinates": [ -104.99474334699994, 39.744930267000029 ] } },
{ "type": "Feature", "properties": { "OBJECTID": 31086, "id": "DENVER_2020_20242021625413", "x": -104.98860168457031, "y": 39.746368408203125, "robbery": 1 }, "geometry": { "type": "Point", "coordinates": [ -104.988601685, 39.74636840800008 ] } },
{ "type": "Feature", "properties": { "OBJECTID": 31087, "id": "DENVER_2020_20242021625705", "x": -105.02478790283203, "y": 39.787731170654297, "robbery": 1 }, "geometry": { "type": "Point", "coordinates": [ -105.024787902999947, 39.787731171000075 ] } },
{ "type": "Feature", "properties": { "OBJECTID": 31088, "id": "DENVER_2020_20242021625748", "x": -104.98712158203125, "y": 39.710960388183594, "robbery": 1 }, "geometry": { "type": "Point", "coordinates": [ -104.987121581999986, 39.710960388000046 ] } },
{ "type": "Feature", "properties": { "OBJECTID": 31089, "id": "DENVER_2020_20242021625817", "x": -104.99468994140625, "y": 39.748088836669922, "robbery": 1 }, "geometry": { "type": "Point", "coordinates": [ -104.994689941, 39.748088837000068 ] } },
{ "type": "Feature", "properties": { "OBJECTID": 31090, "id": "DENVER_2020_20242021625981", "x": -104.99619293212891, "y": 39.749179840087891, "robbery": 1 }, "geometry": { "type": "Point", "coordinates": [ -104.996192931999985, 39.749179840000068 ] } },
{ "type": "Feature", "properties": { "OBJECTID": 31091, "id": "DENVER_2020_20242021626081", "x": -104.89054870605469, "y": 39.740150451660156, "robbery": 1 }, "geometry": { "type": "Point", "coordinates": [ -104.890548705999947, 39.74015045200008 ] } },
{ "type": "Feature", "properties": { "OBJECTID": 31092, "id": "DENVER_2020_20242021626286", "x": -105.00154876708984, "y": 39.769500732421875, "robbery": 1 }, "geometry": { "type": "Point", "coordinates": [ -105.001548766999974, 39.76950073200004 ] } },
{ "type": "Feature", "properties": { "OBJECTID": 31093, "id": "DENVER_2020_20242021626792", "x": -105.01101684570312, "y": 39.712150573730469, "robbery": 1 }, "geometry": { "type": "Point", "coordinates": [ -105.011016845999961, 39.712150574000077 ] } },
{ "type": "Feature", "properties": { "OBJECTID": 31094, "id": "DENVER_2020_20242021627248", "x": -104.97756195068359, "y": 39.754810333251953, "robbery": 1 }, "geometry": { "type": "Point", "coordinates": [ -104.977561950999984, 39.75481033300008 ] } },
{ "type": "Feature", "properties": { "OBJECTID": 31095, "id": "DENVER_2020_20242021628578", "x": -104.99994659423828, "y": 39.753059387207031, "robbery": 1 }, "geometry": { "type": "Point", "coordinates": [ -104.999946593999937, 39.753059387000064 ] } },
{ "type": "Feature", "properties": { "OBJECTID": 31096, "id": "DENVER_2020_20242021629184", "x": -104.98251342773438, "y": 39.743148803710938, "robbery": 1 }, "geometry": { "type": "Point", "coordinates": [ -104.982513427999947, 39.743148804000043 ] } },
{ "type": "Feature", "properties": { "OBJECTID": 31097, "id": "DENVER_2020_20242021629281", "x": -104.85842132568359, "y": 39.659889221191406, "robbery": 1 }, "geometry": { "type": "Point", "coordinates": [ -104.858421325999984, 39.659889221000071 ] } },
{ "type": "Feature", "properties": { "OBJECTID": 31098, "id": "DENVER_2020_20242021629983", "x": -104.97730255126953, "y": 39.733741760253906, "robbery": 1 }, "geometry": { "type": "Point", "coordinates": [ -104.97730255099998, 39.733741760000044 ] } },
{ "type": "Feature", "properties": { "OBJECTID": 31099, "id": "DENVER_2020_20242021631484", "x": -105.00424194335938, "y": 39.730449676513672, "robbery": 1 }, "geometry": { "type": "Point", "coordinates": [ -105.004241942999954, 39.730449677000024 ] } },
{ "type": "Feature", "properties": { "OBJECTID": 31100, "id": "DENVER_2020_20242021631534", "x": -105.02438354492188, "y": 39.755439758300781, "robbery": 1 }, "geometry": { "type": "Point", "coordinates": [ -105.024383544999978, 39.75543975800008 ] } },
{ "type": "Feature", "properties": { "OBJECTID": 31101, "id": "DENVER_2020_20242021631705", "x": -104.91098785400391, "y": 39.640960693359375, "robbery": 1 }, "geometry": { "type": "Point", "coordinates": [ -104.910987853999984, 39.640960693000068 ] } },
{ "type": "Feature", "properties": { "OBJECTID": 31102, "id": "DENVER_2020_20242021631757", "x": -104.97138977050781, "y": 39.781139373779297, "robbery": 1 }, "geometry": { "type": "Point", "coordinates": [ -104.971389770999963, 39.781139374000077 ] } },
{ "type": "Feature", "properties": { "OBJECTID": 31103, "id": "DENVER_2020_20242021632236", "x": -105.04429626464844, "y": 39.758201599121094, "robbery": 1 }, "geometry": { "type": "Point", "coordinates": [ -105.044296264999957, 39.758201599000074 ] } },
{ "type": "Feature", "properties": { "OBJECTID": 31104, "id": "DENVER_2020_20242021632325", "x": -105.05207061767578, "y": 39.738491058349609, "robbery": 1 }, "geometry": { "type": "Point", "coordinates": [ -105.052070617999959, 39.738491058000079 ] } },
{ "type": "Feature", "properties": { "OBJECTID": 31105, "id": "DENVER_2020_20242021632374", "x": -104.98233032226562, "y": 39.741680145263672, "robbery": 1 }, "geometry": { "type": "Point", "coordinates": [ -104.982330321999939, 39.741680145000032 ] } },
{ "type": "Feature", "properties": { "OBJECTID": 31106, "id": "DENVER_2020_20242021632426", "x": -104.99994659423828, "y": 39.753059387207031, "robbery": 1 }, "geometry": { "type": "Point", "coordinates": [ -104.999946593999937, 39.753059387000064 ] } },
{ "type": "Feature", "properties": { "OBJECTID": 31107, "id": "DENVER_2020_20242021633617", "x": -104.98773956298828, "y": 39.717639923095703, "robbery": 1 }, "geometry": { "type": "Point", "coordinates": [ -104.987739563, 39.717639923000036 ] } },
{ "type": "Feature", "properties": { "OBJECTID": 31108, "id": "DENVER_2020_20242021634064", "x": -104.89069366455078, "y": 39.739891052246094, "robbery": 1 }, "geometry": { "type": "Point", "coordinates": [ -104.890693664999958, 39.739891052000075 ] } },
{ "type": "Feature", "properties": { "OBJECTID": 31109, "id": "DENVER_2020_20242021634147", "x": -104.97979736328125, "y": 39.733619689941406, "robbery": 1 }, "geometry": { "type": "Point", "coordinates": [ -104.979797362999989, 39.733619690000069 ] } },
{ "type": "Feature", "properties": { "OBJECTID": 31110, "id": "DENVER_2020_20242021634453", "x": -105.02427673339844, "y": 39.692230224609375, "robbery": 1 }, "geometry": { "type": "Point", "coordinates": [ -105.024276732999965, 39.69223022500006 ] } },
{ "type": "Feature", "properties": { "OBJECTID": 31111, "id": "DENVER_2020_20242021634566", "x": -104.97479248046875, "y": 39.740020751953125, "robbery": 1 }, "geometry": { "type": "Point", "coordinates": [ -104.974792479999962, 39.740020752000078 ] } },
{ "type": "Feature", "properties": { "OBJECTID": 31112, "id": "DENVER_2020_20242021635404", "x": -104.91327667236328, "y": 39.70233154296875, "robbery": 1 }, "geometry": { "type": "Point", "coordinates": [ -104.913276671999938, 39.702331543000071 ] } },
{ "type": "Feature", "properties": { "OBJECTID": 31113, "id": "DENVER_2020_20242021635786", "x": -104.94056701660156, "y": 39.765670776367188, "robbery": 1 }, "geometry": { "type": "Point", "coordinates": [ -104.940567016999978, 39.765670776000036 ] } },
{ "type": "Feature", "properties": { "OBJECTID": 31114, "id": "DENVER_2020_20242021635806", "x": -105.02458953857422, "y": 39.693328857421875, "robbery": 1 }, "geometry": { "type": "Point", "coordinates": [ -105.024589538999976, 39.69332885700004 ] } },
{ "type": "Feature", "properties": { "OBJECTID": 31115, "id": "DENVER_2020_20242021636133", "x": -104.95040893554688, "y": 39.740421295166016, "robbery": 1 }, "geometry": { "type": "Point", "coordinates": [ -104.950408935999974, 39.740421295000033 ] } },
{ "type": "Feature", "properties": { "OBJECTID": 31116, "id": "DENVER_2020_20242021636540", "x": -105.02568054199219, "y": 39.755111694335938, "robbery": 1 }, "geometry": { "type": "Point", "coordinates": [ -105.025680541999975, 39.75511169400005 ] } },
{ "type": "Feature", "properties": { "OBJECTID": 31117, "id": "DENVER_2020_20242021637180", "x": -104.94091033935547, "y": 39.729358673095703, "robbery": 1 }, "geometry": { "type": "Point", "coordinates": [ -104.94091033899997, 39.729358673000036 ] } },
{ "type": "Feature", "properties": { "OBJECTID": 31118, "id": "DENVER_2020_20242021637303", "x": -104.95977020263672, "y": 39.679630279541016, "robbery": 1 }, "geometry": { "type": "Point", "coordinates": [ -104.959770202999948, 39.679630280000026 ] } },
{ "type": "Feature", "properties": { "OBJECTID": 31119, "id": "DENVER_2020_20242021637549", "x": -104.88532257080078, "y": 39.651348114013672, "robbery": 1 }, "geometry": { "type": "Point", "coordinates": [ -104.885322570999961, 39.651348114000029 ] } },
{ "type": "Feature", "properties": { "OBJECTID": 31120, "id": "DENVER_2020_20242021637637", "x": -105.05171203613281, "y": 39.740169525146484, "robbery": 1 }, "geometry": { "type": "Point", "coordinates": [ -105.051712035999969, 39.740169525000056 ] } },
{ "type": "Feature", "properties": { "OBJECTID": 31121, "id": "DENVER_2020_20242021637767", "x": -105.08616638183594, "y": 39.637340545654297, "robbery": 1 }, "geometry": { "type": "Point", "coordinates": [ -105.086166381999988, 39.637340546000075 ] } },
{ "type": "Feature", "properties": { "OBJECTID": 31122, "id": "DENVER_2020_20242021637840", "x": -104.91153717041016, "y": 39.701530456542969, "robbery": 1 }, "geometry": { "type": "Point", "coordinates": [ -104.911537169999974, 39.701530457000047 ] } },
{ "type": "Feature", "properties": { "OBJECTID": 31123, "id": "DENVER_2020_20242021638026", "x": -104.92832183837891, "y": 39.729240417480469, "robbery": 1 }, "geometry": { "type": "Point", "coordinates": [ -104.928321837999988, 39.729240417000028 ] } },
{ "type": "Feature", "properties": { "OBJECTID": 31124, "id": "DENVER_2020_20242021638104", "x": -104.95745849609375, "y": 39.721210479736328, "robbery": 1 }, "geometry": { "type": "Point", "coordinates": [ -104.957458495999958, 39.721210480000025 ] } },
{ "type": "Feature", "properties": { "OBJECTID": 31125, "id": "DENVER_2020_20242021638145", "x": -104.99701690673828, "y": 39.75238037109375, "robbery": 1 }, "geometry": { "type": "Point", "coordinates": [ -104.997016906999988, 39.752380371000072 ] } },
{ "type": "Feature", "properties": { "OBJECTID": 31126, "id": "DENVER_2020_20242021638243", "x": -104.88754272460938, "y": 39.786128997802734, "robbery": 1 }, "geometry": { "type": "Point", "coordinates": [ -104.887542724999946, 39.786128998000038 ] } },
{ "type": "Feature", "properties": { "OBJECTID": 31127, "id": "DENVER_2020_20242021638560", "x": -104.97511291503906, "y": 39.739860534667969, "robbery": 1 }, "geometry": { "type": "Point", "coordinates": [ -104.975112914999954, 39.739860535000048 ] } },
{ "type": "Feature", "properties": { "OBJECTID": 31128, "id": "DENVER_2020_20242021638592", "x": -105.02246856689453, "y": 39.78533935546875, "robbery": 1 }, "geometry": { "type": "Point", "coordinates": [ -105.022468566999976, 39.785339355000076 ] } },
{ "type": "Feature", "properties": { "OBJECTID": 31129, "id": "DENVER_2020_20242021639069", "x": -105.03426361083984, "y": 39.710758209228516, "robbery": 1 }, "geometry": { "type": "Point", "coordinates": [ -105.034263610999972, 39.710758209000062 ] } },
{ "type": "Feature", "properties": { "OBJECTID": 31130, "id": "DENVER_2020_20242021639190", "x": -104.98211669921875, "y": 39.739910125732422, "robbery": 1 }, "geometry": { "type": "Point", "coordinates": [ -104.98211669899996, 39.739910126000041 ] } },
{ "type": "Feature", "properties": { "OBJECTID": 31131, "id": "DENVER_2020_20242021639385", "x": -104.99761199951172, "y": 39.748489379882812, "robbery": 1 }, "geometry": { "type": "Point", "coordinates": [ -104.997612, 39.74848938000008 ] } },
{ "type": "Feature", "properties": { "OBJECTID": 31132, "id": "DENVER_2020_20242021639408", "x": -104.80972290039062, "y": 39.794788360595703, "robbery": 1 }, "geometry": { "type": "Point", "coordinates": [ -104.80972289999994, 39.79478836100003 ] } },
{ "type": "Feature", "properties": { "OBJECTID": 31133, "id": "DENVER_2020_20242021639423", "x": -104.81111145019531, "y": 39.797378540039062, "robbery": 1 }, "geometry": { "type": "Point", "coordinates": [ -104.811111449999942, 39.797378540000068 ] } },
{ "type": "Feature", "properties": { "OBJECTID": 31134, "id": "DENVER_2020_20242021639486", "x": -105.03795623779297, "y": 39.757881164550781, "robbery": 1 }, "geometry": { "type": "Point", "coordinates": [ -105.037956238, 39.757881165000072 ] } },
{ "type": "Feature", "properties": { "OBJECTID": 31135, "id": "DENVER_2020_20242021639668", "x": -104.80412292480469, "y": 39.797870635986328, "robbery": 1 }, "geometry": { "type": "Point", "coordinates": [ -104.804122924999945, 39.797870636000027 ] } },
{ "type": "Feature", "properties": { "OBJECTID": 31136, "id": "DENVER_2020_20242021639681", "x": -104.80386352539062, "y": 39.794689178466797, "robbery": 1 }, "geometry": { "type": "Point", "coordinates": [ -104.80386352499994, 39.794689178000056 ] } },
{ "type": "Feature", "properties": { "OBJECTID": 31137, "id": "DENVER_2020_2024202164067", "x": -104.89205932617188, "y": 39.740451812744141, "robbery": 1 }, "geometry": { "type": "Point", "coordinates": [ -104.892059325999981, 39.74045181300005 ] } },
{ "type": "Feature", "properties": { "OBJECTID": 31138, "id": "DENVER_2020_20242021640998", "x": -104.99845886230469, "y": 39.724250793457031, "robbery": 1 }, "geometry": { "type": "Point", "coordinates": [ -104.99845886199995, 39.724250793000067 ] } },
{ "type": "Feature", "properties": { "OBJECTID": 31139, "id": "DENVER_2020_2024202164182", "x": -104.76982879638672, "y": 39.810390472412109, "robbery": 1 }, "geometry": { "type": "Point", "coordinates": [ -104.769828795999956, 39.810390472000051 ] } },
{ "type": "Feature", "properties": { "OBJECTID": 31140, "id": "DENVER_2020_20242021642149", "x": -104.9752197265625, "y": 39.738979339599609, "robbery": 1 }, "geometry": { "type": "Point", "coordinates": [ -104.975219726999967, 39.738979340000071 ] } },
{ "type": "Feature", "properties": { "OBJECTID": 31141, "id": "DENVER_2020_20242021642354", "x": -104.94104766845703, "y": 39.696079254150391, "robbery": 1 }, "geometry": { "type": "Point", "coordinates": [ -104.941047667999953, 39.69607925400004 ] } },
{ "type": "Feature", "properties": { "OBJECTID": 31142, "id": "DENVER_2020_2024202164247", "x": -104.90116119384766, "y": 39.770351409912109, "robbery": 1 }, "geometry": { "type": "Point", "coordinates": [ -104.90116119399994, 39.770351410000046 ] } },
{ "type": "Feature", "properties": { "OBJECTID": 31143, "id": "DENVER_2020_20242021643455", "x": -104.98251342773438, "y": 39.743148803710938, "robbery": 1 }, "geometry": { "type": "Point", "coordinates": [ -104.982513427999947, 39.743148804000043 ] } },
{ "type": "Feature", "properties": { "OBJECTID": 31144, "id": "DENVER_2020_20242021643622", "x": -105.04634857177734, "y": 39.740348815917969, "robbery": 1 }, "geometry": { "type": "Point", "coordinates": [ -105.046348571999943, 39.740348816000051 ] } },
{ "type": "Feature", "properties": { "OBJECTID": 31145, "id": "DENVER_2020_20242021644486", "x": -104.89205932617188, "y": 39.740451812744141, "robbery": 1 }, "geometry": { "type": "Point", "coordinates": [ -104.892059325999981, 39.74045181300005 ] } },
{ "type": "Feature", "properties": { "OBJECTID": 31146, "id": "DENVER_2020_2024202164650", "x": -104.8604736328125, "y": 39.659820556640625, "robbery": 1 }, "geometry": { "type": "Point", "coordinates": [ -104.86047363299997, 39.659820557000046 ] } },
{ "type": "Feature", "properties": { "OBJECTID": 31147, "id": "DENVER_2020_20242021646760", "x": -105.05284118652344, "y": 39.689350128173828, "robbery": 1 }, "geometry": { "type": "Point", "coordinates": [ -105.052841186999956, 39.689350128000058 ] } },
{ "type": "Feature", "properties": { "OBJECTID": 31148, "id": "DENVER_2020_20242021646795", "x": -105.02140808105469, "y": 39.679679870605469, "robbery": 1 }, "geometry": { "type": "Point", "coordinates": [ -105.021408080999947, 39.679679871000076 ] } },
{ "type": "Feature", "properties": { "OBJECTID": 31149, "id": "DENVER_2020_20242021646858", "x": -104.98074340820312, "y": 39.710979461669922, "robbery": 1 }, "geometry": { "type": "Point", "coordinates": [ -104.980743407999967, 39.710979462000068 ] } },
{ "type": "Feature", "properties": { "OBJECTID": 31150, "id": "DENVER_2020_20242021647062", "x": -104.98985290527344, "y": 39.753631591796875, "robbery": 1 }, "geometry": { "type": "Point", "coordinates": [ -104.989852904999964, 39.753631592000033 ] } },
{ "type": "Feature", "properties": { "OBJECTID": 31151, "id": "DENVER_2020_20242021647166", "x": -104.94357299804688, "y": 39.707260131835938, "robbery": 1 }, "geometry": { "type": "Point", "coordinates": [ -104.943572997999979, 39.707260132000044 ] } },
{ "type": "Feature", "properties": { "OBJECTID": 31152, "id": "DENVER_2020_20242021647301", "x": -104.89716339111328, "y": 39.7275390625, "robbery": 1 }, "geometry": { "type": "Point", "coordinates": [ -104.897163391, 39.727539062000062 ] } },
{ "type": "Feature", "properties": { "OBJECTID": 31153, "id": "DENVER_2020_2024202164791", "x": -104.97280120849609, "y": 39.769989013671875, "robbery": 1 }, "geometry": { "type": "Point", "coordinates": [ -104.972801207999964, 39.769989014000032 ] } },
{ "type": "Feature", "properties": { "OBJECTID": 31154, "id": "DENVER_2020_20242021648508", "x": -104.91311645507812, "y": 39.699699401855469, "robbery": 1 }, "geometry": { "type": "Point", "coordinates": [ -104.913116454999965, 39.699699402000078 ] } },
{ "type": "Feature", "properties": { "OBJECTID": 31155, "id": "DENVER_2020_20242021649112", "x": -104.871337890625, "y": 39.653690338134766, "robbery": 1 }, "geometry": { "type": "Point", "coordinates": [ -104.871337890999939, 39.653690338000047 ] } },
{ "type": "Feature", "properties": { "OBJECTID": 31156, "id": "DENVER_2020_2024202164926", "x": -104.97511291503906, "y": 39.739860534667969, "robbery": 1 }, "geometry": { "type": "Point", "coordinates": [ -104.975112914999954, 39.739860535000048 ] } },
{ "type": "Feature", "properties": { "OBJECTID": 31157, "id": "DENVER_2020_2024202164936", "x": -104.87171173095703, "y": 39.669471740722656, "robbery": 1 }, "geometry": { "type": "Point", "coordinates": [ -104.871711730999948, 39.669471741000052 ] } },
{ "type": "Feature", "properties": { "OBJECTID": 31158, "id": "DENVER_2020_2024202164976", "x": -104.86196136474609, "y": 39.658409118652344, "robbery": 1 }, "geometry": { "type": "Point", "coordinates": [ -104.861961364999956, 39.658409119000055 ] } },
{ "type": "Feature", "properties": { "OBJECTID": 31159, "id": "DENVER_2020_2024202165023", "x": -104.98513793945312, "y": 39.751590728759766, "robbery": 1 }, "geometry": { "type": "Point", "coordinates": [ -104.985137938999969, 39.751590729000043 ] } },
{ "type": "Feature", "properties": { "OBJECTID": 31160, "id": "DENVER_2020_20242021652434", "x": -104.92656707763672, "y": 39.736789703369141, "robbery": 1 }, "geometry": { "type": "Point", "coordinates": [ -104.926567077999948, 39.736789703000056 ] } },
{ "type": "Feature", "properties": { "OBJECTID": 31161, "id": "DENVER_2020_20242021652625", "x": -104.91500854492188, "y": 39.666908264160156, "robbery": 1 }, "geometry": { "type": "Point", "coordinates": [ -104.915008544999978, 39.666908264000028 ] } },
{ "type": "Feature", "properties": { "OBJECTID": 31162, "id": "DENVER_2020_20242021652884", "x": -104.99468994140625, "y": 39.748088836669922, "robbery": 1 }, "geometry": { "type": "Point", "coordinates": [ -104.994689941, 39.748088837000068 ] } },
{ "type": "Feature", "properties": { "OBJECTID": 31163, "id": "DENVER_2020_20242021652905", "x": -104.99378967285156, "y": 39.747539520263672, "robbery": 1 }, "geometry": { "type": "Point", "coordinates": [ -104.993789672999981, 39.747539520000032 ] } },
{ "type": "Feature", "properties": { "OBJECTID": 31164, "id": "DENVER_2020_2024202165405", "x": -104.88112640380859, "y": 39.654930114746094, "robbery": 1 }, "geometry": { "type": "Point", "coordinates": [ -104.881126403999986, 39.65493011500007 ] } },
{ "type": "Feature", "properties": { "OBJECTID": 31165, "id": "DENVER_2020_2024202165416", "x": -105.02664184570312, "y": 39.714908599853516, "robbery": 1 }, "geometry": { "type": "Point", "coordinates": [ -105.026641845999961, 39.714908600000058 ] } },
{ "type": "Feature", "properties": { "OBJECTID": 31166, "id": "DENVER_2020_20242021657404", "x": -104.90025329589844, "y": 39.655399322509766, "robbery": 1 }, "geometry": { "type": "Point", "coordinates": [ -104.90025329599996, 39.65539932300004 ] } },
{ "type": "Feature", "properties": { "OBJECTID": 31167, "id": "DENVER_2020_20242021658160", "x": -105.02152252197266, "y": 39.665500640869141, "robbery": 1 }, "geometry": { "type": "Point", "coordinates": [ -105.021522521999941, 39.665500641000051 ] } },
{ "type": "Feature", "properties": { "OBJECTID": 31168, "id": "DENVER_2020_20242021658359", "x": -104.87109375, "y": 39.709560394287109, "robbery": 1 }, "geometry": { "type": "Point", "coordinates": [ -104.871093749999943, 39.70956039400005 ] } },
{ "type": "Feature", "properties": { "OBJECTID": 31169, "id": "DENVER_2020_20242021658564", "x": -104.90177917480469, "y": 39.773708343505859, "robbery": 1 }, "geometry": { "type": "Point", "coordinates": [ -104.901779174999945, 39.773708344000056 ] } },
{ "type": "Feature", "properties": { "OBJECTID": 31170, "id": "DENVER_2020_20242021659098", "x": -104.90116119384766, "y": 39.770351409912109, "robbery": 1 }, "geometry": { "type": "Point", "coordinates": [ -104.90116119399994, 39.770351410000046 ] } },
{ "type": "Feature", "properties": { "OBJECTID": 31171, "id": "DENVER_2020_20242021659439", "x": -105.02554321289062, "y": 39.70745849609375, "robbery": 1 }, "geometry": { "type": "Point", "coordinates": [ -105.025543213, 39.707458496000072 ] } },
{ "type": "Feature", "properties": { "OBJECTID": 31172, "id": "DENVER_2020_20242021660439", "x": -104.99342346191406, "y": 39.753650665283203, "robbery": 1 }, "geometry": { "type": "Point", "coordinates": [ -104.993423461999953, 39.753650665000066 ] } },
{ "type": "Feature", "properties": { "OBJECTID": 31173, "id": "DENVER_2020_20242021660634", "x": -104.80217742919922, "y": 39.773769378662109, "robbery": 1 }, "geometry": { "type": "Point", "coordinates": [ -104.802177428999983, 39.773769379000044 ] } },
{ "type": "Feature", "properties": { "OBJECTID": 31174, "id": "DENVER_2020_20242021661076", "x": -104.86196136474609, "y": 39.658409118652344, "robbery": 1 }, "geometry": { "type": "Point", "coordinates": [ -104.861961364999956, 39.658409119000055 ] } },
{ "type": "Feature", "properties": { "OBJECTID": 31175, "id": "DENVER_2020_20242021661251", "x": -105.02693176269531, "y": 39.711151123046875, "robbery": 1 }, "geometry": { "type": "Point", "coordinates": [ -105.026931763, 39.711151123000036 ] } },
{ "type": "Feature", "properties": { "OBJECTID": 31176, "id": "DENVER_2020_20242021662745", "x": -104.82141876220703, "y": 39.773029327392578, "robbery": 1 }, "geometry": { "type": "Point", "coordinates": [ -104.821418761999951, 39.773029327000074 ] } },
{ "type": "Feature", "properties": { "OBJECTID": 31177, "id": "DENVER_2020_20242021662754", "x": -104.99508666992188, "y": 39.73406982421875, "robbery": 1 }, "geometry": { "type": "Point", "coordinates": [ -104.995086669999978, 39.734069824000073 ] } },
{ "type": "Feature", "properties": { "OBJECTID": 31178, "id": "DENVER_2020_20242021663285", "x": -104.98731231689453, "y": 39.720531463623047, "robbery": 1 }, "geometry": { "type": "Point", "coordinates": [ -104.987312316999976, 39.720531464000032 ] } },
{ "type": "Feature", "properties": { "OBJECTID": 31179, "id": "DENVER_2020_20242021663893", "x": -105.05357360839844, "y": 39.733348846435547, "robbery": 1 }, "geometry": { "type": "Point", "coordinates": [ -105.053573607999965, 39.733348846000069 ] } },
{ "type": "Feature", "properties": { "OBJECTID": 31180, "id": "DENVER_2020_20242021664390", "x": -105.03807830810547, "y": 39.72589111328125, "robbery": 1 }, "geometry": { "type": "Point", "coordinates": [ -105.038078307999967, 39.725891113000046 ] } },
{ "type": "Feature", "properties": { "OBJECTID": 31181, "id": "DENVER_2020_2024202166543", "x": -105.02983856201172, "y": 39.673809051513672, "robbery": 1 }, "geometry": { "type": "Point", "coordinates": [ -105.029838561999952, 39.673809052000024 ] } },
{ "type": "Feature", "properties": { "OBJECTID": 31182, "id": "DENVER_2020_20242021665558", "x": -105.01760864257812, "y": 39.677021026611328, "robbery": 1 }, "geometry": { "type": "Point", "coordinates": [ -105.01760864299996, 39.67702102700008 ] } },
{ "type": "Feature", "properties": { "OBJECTID": 31183, "id": "DENVER_2020_20242021666365", "x": -105.02461242675781, "y": 39.679420471191406, "robbery": 1 }, "geometry": { "type": "Point", "coordinates": [ -105.024612426999965, 39.679420471000071 ] } },
{ "type": "Feature", "properties": { "OBJECTID": 31184, "id": "DENVER_2020_20242021666370", "x": -105.02562713623047, "y": 39.665618896484375, "robbery": 1 }, "geometry": { "type": "Point", "coordinates": [ -105.025627135999969, 39.665618896000069 ] } },
{ "type": "Feature", "properties": { "OBJECTID": 31185, "id": "DENVER_2020_20242021666587", "x": -105.00615692138672, "y": 39.754470825195312, "robbery": 1 }, "geometry": { "type": "Point", "coordinates": [ -105.006156920999956, 39.754470825000055 ] } },
{ "type": "Feature", "properties": { "OBJECTID": 31186, "id": "DENVER_2020_20242021668130", "x": -104.95941925048828, "y": 39.772731781005859, "robbery": 1 }, "geometry": { "type": "Point", "coordinates": [ -104.959419249999939, 39.772731781000061 ] } },
{ "type": "Feature", "properties": { "OBJECTID": 31187, "id": "DENVER_2020_20242021668518", "x": -104.77117919921875, "y": 39.80426025390625, "robbery": 1 }, "geometry": { "type": "Point", "coordinates": [ -104.77117919899996, 39.804260254000042 ] } },
{ "type": "Feature", "properties": { "OBJECTID": 31188, "id": "DENVER_2020_20242021668553", "x": -105.03922271728516, "y": 39.706859588623047, "robbery": 1 }, "geometry": { "type": "Point", "coordinates": [ -105.039222716999973, 39.706859589000032 ] } },
{ "type": "Feature", "properties": { "OBJECTID": 31189, "id": "DENVER_2020_20242021668637", "x": -104.98661041259766, "y": 39.754791259765625, "robbery": 1 }, "geometry": { "type": "Point", "coordinates": [ -104.986610412999937, 39.754791260000047 ] } },
{ "type": "Feature", "properties": { "OBJECTID": 31190, "id": "DENVER_2020_20242021668994", "x": -104.94207000732422, "y": 39.688678741455078, "robbery": 1 }, "geometry": { "type": "Point", "coordinates": [ -104.942070006999984, 39.688678741000047 ] } },
{ "type": "Feature", "properties": { "OBJECTID": 31191, "id": "DENVER_2020_20242021669133", "x": -105.01657104492188, "y": 39.678440093994141, "robbery": 1 }, "geometry": { "type": "Point", "coordinates": [ -105.016571044999978, 39.678440094000052 ] } },
{ "type": "Feature", "properties": { "OBJECTID": 31192, "id": "DENVER_2020_20242021669337", "x": -105.02568817138672, "y": 39.760089874267578, "robbery": 1 }, "geometry": { "type": "Point", "coordinates": [ -105.025688170999956, 39.760089874000073 ] } },
{ "type": "Feature", "properties": { "OBJECTID": 31193, "id": "DENVER_2020_2024202166965", "x": -104.97643280029297, "y": 39.763889312744141, "robbery": 1 }, "geometry": { "type": "Point", "coordinates": [ -104.976432799999941, 39.76388931300005 ] } },
{ "type": "Feature", "properties": { "OBJECTID": 31194, "id": "DENVER_2020_20242021669913", "x": -104.99295043945312, "y": 39.696659088134766, "robbery": 1 }, "geometry": { "type": "Point", "coordinates": [ -104.992950438999969, 39.696659088000047 ] } },
{ "type": "Feature", "properties": { "OBJECTID": 31195, "id": "DENVER_2020_2024202167040", "x": -104.90498352050781, "y": 39.653518676757812, "robbery": 1 }, "geometry": { "type": "Point", "coordinates": [ -104.904983520999963, 39.653518677000079 ] } },
{ "type": "Feature", "properties": { "OBJECTID": 31196, "id": "DENVER_2020_20242021670575", "x": -105.02974700927734, "y": 39.773899078369141, "robbery": 1 }, "geometry": { "type": "Point", "coordinates": [ -105.029747008999948, 39.773899078000056 ] } },
{ "type": "Feature", "properties": { "OBJECTID": 31197, "id": "DENVER_2020_20242021670682", "x": -104.91998291015625, "y": 39.675750732421875, "robbery": 1 }, "geometry": { "type": "Point", "coordinates": [ -104.919982909999987, 39.67575073200004 ] } },
{ "type": "Feature", "properties": { "OBJECTID": 31198, "id": "DENVER_2020_20242021671228", "x": -104.99710845947266, "y": 39.753200531005859, "robbery": 1 }, "geometry": { "type": "Point", "coordinates": [ -104.997108458999946, 39.753200531000061 ] } },
{ "type": "Feature", "properties": { "OBJECTID": 31199, "id": "DENVER_2020_20242021671245", "x": -104.84633636474609, "y": 39.775558471679688, "robbery": 1 }, "geometry": { "type": "Point", "coordinates": [ -104.846336364999956, 39.775558472000057 ] } },
{ "type": "Feature", "properties": { "OBJECTID": 31200, "id": "DENVER_2020_20242021671316", "x": -105.02665710449219, "y": 39.785289764404297, "robbery": 1 }, "geometry": { "type": "Point", "coordinates": [ -105.02665710399998, 39.785289764000026 ] } },
{ "type": "Feature", "properties": { "OBJECTID": 31201, "id": "DENVER_2020_20242021672860", "x": -104.99655151367188, "y": 39.748531341552734, "robbery": 1 }, "geometry": { "type": "Point", "coordinates": [ -104.996551513999975, 39.748531342000035 ] } },
{ "type": "Feature", "properties": { "OBJECTID": 31202, "id": "DENVER_2020_202420216735", "x": -104.98220825195312, "y": 39.747608184814453, "robbery": 1 }, "geometry": { "type": "Point", "coordinates": [ -104.982208251999964, 39.747608185000047 ] } },
{ "type": "Feature", "properties": { "OBJECTID": 31203, "id": "DENVER_2020_20242021673715", "x": -104.94013977050781, "y": 39.685188293457031, "robbery": 1 }, "geometry": { "type": "Point", "coordinates": [ -104.940139770999963, 39.685188293000067 ] } },
{ "type": "Feature", "properties": { "OBJECTID": 31204, "id": "DENVER_2020_20242021673794", "x": -105.01776123046875, "y": 39.759918212890625, "robbery": 1 }, "geometry": { "type": "Point", "coordinates": [ -105.017761229999962, 39.759918213000049 ] } },
{ "type": "Feature", "properties": { "OBJECTID": 31205, "id": "DENVER_2020_20242021674680", "x": -104.99104309082031, "y": 39.785629272460938, "robbery": 1 }, "geometry": { "type": "Point", "coordinates": [ -104.991043090999938, 39.785629272000051 ] } },
{ "type": "Feature", "properties": { "OBJECTID": 31206, "id": "DENVER_2020_20242021674799", "x": -104.98338317871094, "y": 39.732280731201172, "robbery": 1 }, "geometry": { "type": "Point", "coordinates": [ -104.983383178999986, 39.73228073100006 ] } },
{ "type": "Feature", "properties": { "OBJECTID": 31207, "id": "DENVER_2020_20242021675138", "x": -104.91242980957031, "y": 39.740150451660156, "robbery": 1 }, "geometry": { "type": "Point", "coordinates": [ -104.91242981, 39.74015045200008 ] } },
{ "type": "Feature", "properties": { "OBJECTID": 31208, "id": "DENVER_2020_20242021675781", "x": -105.03199005126953, "y": 39.710781097412109, "robbery": 1 }, "geometry": { "type": "Point", "coordinates": [ -105.03199005099998, 39.710781097000051 ] } },
{ "type": "Feature", "properties": { "OBJECTID": 31209, "id": "DENVER_2020_20242021676037", "x": -105.03958129882812, "y": 39.706611633300781, "robbery": 1 }, "geometry": { "type": "Point", "coordinates": [ -105.039581298999963, 39.70661163300008 ] } },
{ "type": "Feature", "properties": { "OBJECTID": 31210, "id": "DENVER_2020_20242021676295", "x": -104.82215881347656, "y": 39.781059265136719, "robbery": 1 }, "geometry": { "type": "Point", "coordinates": [ -104.822158812999987, 39.781059265000067 ] } },
{ "type": "Feature", "properties": { "OBJECTID": 31211, "id": "DENVER_2020_20242021677933", "x": -104.89836120605469, "y": 39.740550994873047, "robbery": 1 }, "geometry": { "type": "Point", "coordinates": [ -104.898361205999947, 39.740550995000035 ] } },
{ "type": "Feature", "properties": { "OBJECTID": 31212, "id": "DENVER_2020_20242021678183", "x": -104.97293853759766, "y": 39.735088348388672, "robbery": 1 }, "geometry": { "type": "Point", "coordinates": [ -104.972938537999937, 39.735088348000033 ] } },
{ "type": "Feature", "properties": { "OBJECTID": 31213, "id": "DENVER_2020_20242021678600", "x": -104.87109375, "y": 39.709560394287109, "robbery": 1 }, "geometry": { "type": "Point", "coordinates": [ -104.871093749999943, 39.70956039400005 ] } },
{ "type": "Feature", "properties": { "OBJECTID": 31214, "id": "DENVER_2020_20242021678625", "x": -104.92192077636719, "y": 39.689071655273438, "robbery": 1 }, "geometry": { "type": "Point", "coordinates": [ -104.921920775999979, 39.689071655000077 ] } },
{ "type": "Feature", "properties": { "OBJECTID": 31215, "id": "DENVER_2020_20242021679333", "x": -104.98739624023438, "y": 39.741470336914062, "robbery": 1 }, "geometry": { "type": "Point", "coordinates": [ -104.987396239999953, 39.741470337000067 ] } },
{ "type": "Feature", "properties": { "OBJECTID": 31216, "id": "DENVER_2020_20242021679545", "x": -104.99468994140625, "y": 39.748088836669922, "robbery": 1 }, "geometry": { "type": "Point", "coordinates": [ -104.994689941, 39.748088837000068 ] } },
{ "type": "Feature", "properties": { "OBJECTID": 31217, "id": "DENVER_2020_20242021680438", "x": -104.99514770507812, "y": 39.754989624023438, "robbery": 1 }, "geometry": { "type": "Point", "coordinates": [ -104.995147704999965, 39.754989624000075 ] } },
{ "type": "Feature", "properties": { "OBJECTID": 31218, "id": "DENVER_2020_20242021680605", "x": -104.97245025634766, "y": 39.679328918457031, "robbery": 1 }, "geometry": { "type": "Point", "coordinates": [ -104.972450255999945, 39.679328918000067 ] } },
{ "type": "Feature", "properties": { "OBJECTID": 31219, "id": "DENVER_2020_20242021680838", "x": -104.95662689208984, "y": 39.767948150634766, "robbery": 1 }, "geometry": { "type": "Point", "coordinates": [ -104.956626891999974, 39.767948151000041 ] } },
{ "type": "Feature", "properties": { "OBJECTID": 31220, "id": "DENVER_2020_20242021681175", "x": -104.8468017578125, "y": 39.7977294921875, "robbery": 1 }, "geometry": { "type": "Point", "coordinates": [ -104.84680175799997, 39.79772949200003 ] } },
{ "type": "Feature", "properties": { "OBJECTID": 31221, "id": "DENVER_2020_20242021683855", "x": -105.00240325927734, "y": 39.754741668701172, "robbery": 1 }, "geometry": { "type": "Point", "coordinates": [ -105.002403258999948, 39.754741669000055 ] } },
{ "type": "Feature", "properties": { "OBJECTID": 31222, "id": "DENVER_2020_20242021684096", "x": -104.98074340820312, "y": 39.693229675292969, "robbery": 1 }, "geometry": { "type": "Point", "coordinates": [ -104.980743407999967, 39.693229675000055 ] } },
{ "type": "Feature", "properties": { "OBJECTID": 31223, "id": "DENVER_2020_20242021684436", "x": -105.0328369140625, "y": 39.718399047851562, "robbery": 1 }, "geometry": { "type": "Point", "coordinates": [ -105.032836913999972, 39.718399048000038 ] } },
{ "type": "Feature", "properties": { "OBJECTID": 31224, "id": "DENVER_2020_20242021685420", "x": -105.02554321289062, "y": 39.733100891113281, "robbery": 1 }, "geometry": { "type": "Point", "coordinates": [ -105.025543213, 39.733100891000049 ] } },
{ "type": "Feature", "properties": { "OBJECTID": 31225, "id": "DENVER_2020_20242021685922", "x": -105.0526123046875, "y": 39.732879638671875, "robbery": 1 }, "geometry": { "type": "Point", "coordinates": [ -105.052612304999968, 39.732879639000032 ] } },
{ "type": "Feature", "properties": { "OBJECTID": 31226, "id": "DENVER_2020_20242021686828", "x": -104.99471282958984, "y": 39.751110076904297, "robbery": 1 }, "geometry": { "type": "Point", "coordinates": [ -104.994712829999969, 39.751110077000078 ] } },
{ "type": "Feature", "properties": { "OBJECTID": 31227, "id": "DENVER_2020_20242021686862", "x": -105.01080322265625, "y": 39.7694091796875, "robbery": 1 }, "geometry": { "type": "Point", "coordinates": [ -105.010803222999982, 39.769409180000025 ] } },
{ "type": "Feature", "properties": { "OBJECTID": 31228, "id": "DENVER_2020_2024202168687", "x": -104.94036102294922, "y": 39.727981567382812, "robbery": 1 }, "geometry": { "type": "Point", "coordinates": [ -104.94036102299998, 39.727981567000029 ] } },
{ "type": "Feature", "properties": { "OBJECTID": 31229, "id": "DENVER_2020_20242021687302", "x": -105.01780700683594, "y": 39.769039154052734, "robbery": 1 }, "geometry": { "type": "Point", "coordinates": [ -105.017807006999988, 39.769039154000041 ] } },
{ "type": "Feature", "properties": { "OBJECTID": 31230, "id": "DENVER_2020_20242021687313", "x": -104.96917724609375, "y": 39.693031311035156, "robbery": 1 }, "geometry": { "type": "Point", "coordinates": [ -104.969177245999958, 39.693031311000027 ] } },
{ "type": "Feature", "properties": { "OBJECTID": 31231, "id": "DENVER_2020_20242021687407", "x": -104.93997192382812, "y": 39.68975830078125, "robbery": 1 }, "geometry": { "type": "Point", "coordinates": [ -104.939971923999963, 39.68975830100004 ] } },
{ "type": "Feature", "properties": { "OBJECTID": 31232, "id": "DENVER_2020_20242021687928", "x": -104.92749786376953, "y": 39.680278778076172, "robbery": 1 }, "geometry": { "type": "Point", "coordinates": [ -104.927497863999974, 39.680278778000059 ] } },
{ "type": "Feature", "properties": { "OBJECTID": 31233, "id": "DENVER_2020_20242021688488", "x": -105.02469635009766, "y": 39.672939300537109, "robbery": 1 }, "geometry": { "type": "Point", "coordinates": [ -105.024696349999942, 39.672939301000042 ] } },
{ "type": "Feature", "properties": { "OBJECTID": 31234, "id": "DENVER_2020_20242021688541", "x": -104.89766693115234, "y": 39.768260955810547, "robbery": 1 }, "geometry": { "type": "Point", "coordinates": [ -104.897666930999947, 39.768260956000063 ] } },
{ "type": "Feature", "properties": { "OBJECTID": 31235, "id": "DENVER_2020_20242021688736", "x": -105.00213623046875, "y": 39.753379821777344, "robbery": 1 }, "geometry": { "type": "Point", "coordinates": [ -105.002136229999962, 39.753379822000056 ] } },
{ "type": "Feature", "properties": { "OBJECTID": 31236, "id": "DENVER_2020_20242021688801", "x": -105.01080322265625, "y": 39.7694091796875, "robbery": 1 }, "geometry": { "type": "Point", "coordinates": [ -105.010803222999982, 39.769409180000025 ] } },
{ "type": "Feature", "properties": { "OBJECTID": 31237, "id": "DENVER_2020_20242021690617", "x": -104.98783111572266, "y": 39.7418212890625, "robbery": 1 }, "geometry": { "type": "Point", "coordinates": [ -104.987831115999938, 39.741821289000029 ] } },
{ "type": "Feature", "properties": { "OBJECTID": 31238, "id": "DENVER_2020_2024202169155", "x": -104.91632843017578, "y": 39.740150451660156, "robbery": 1 }, "geometry": { "type": "Point", "coordinates": [ -104.916328429999965, 39.74015045200008 ] } },
{ "type": "Feature", "properties": { "OBJECTID": 31239, "id": "DENVER_2020_20242021691971", "x": -105.05287933349609, "y": 39.753299713134766, "robbery": 1 }, "geometry": { "type": "Point", "coordinates": [ -105.052879332999964, 39.753299713000047 ] } },
{ "type": "Feature", "properties": { "OBJECTID": 31240, "id": "DENVER_2020_20242021693441", "x": -105.02464294433594, "y": 39.700668334960938, "robbery": 1 }, "geometry": { "type": "Point", "coordinates": [ -105.024642944, 39.700668335000046 ] } },
{ "type": "Feature", "properties": { "OBJECTID": 31241, "id": "DENVER_2020_20242021693877", "x": -105.02422332763672, "y": 39.769561767578125, "robbery": 1 }, "geometry": { "type": "Point", "coordinates": [ -105.024223327999948, 39.769561768000074 ] } },
{ "type": "Feature", "properties": { "OBJECTID": 31242, "id": "DENVER_2020_20242021694593", "x": -105.02427673339844, "y": 39.69110107421875, "robbery": 1 }, "geometry": { "type": "Point", "coordinates": [ -105.024276732999965, 39.691101074000073 ] } },
{ "type": "Feature", "properties": { "OBJECTID": 31243, "id": "DENVER_2020_20242021695184", "x": -105.0238037109375, "y": 39.749320983886719, "robbery": 1 }, "geometry": { "type": "Point", "coordinates": [ -105.023803710999971, 39.749320984000065 ] } },
{ "type": "Feature", "properties": { "OBJECTID": 31244, "id": "DENVER_2020_20242021695309", "x": -105.02568054199219, "y": 39.755111694335938, "robbery": 1 }, "geometry": { "type": "Point", "coordinates": [ -105.025680541999975, 39.75511169400005 ] } },
{ "type": "Feature", "properties": { "OBJECTID": 31245, "id": "DENVER_2020_20242021695435", "x": -104.88533782958984, "y": 39.737209320068359, "robbery": 1 }, "geometry": { "type": "Point", "coordinates": [ -104.885337829999969, 39.737209320000034 ] } },
{ "type": "Feature", "properties": { "OBJECTID": 31246, "id": "DENVER_2020_20242021695442", "x": -104.98715209960938, "y": 39.734531402587891, "robbery": 1 }, "geometry": { "type": "Point", "coordinates": [ -104.987152099999946, 39.734531403000062 ] } },
{ "type": "Feature", "properties": { "OBJECTID": 31247, "id": "DENVER_2020_20242021695550", "x": -105.05625915527344, "y": 39.657199859619141, "robbery": 1 }, "geometry": { "type": "Point", "coordinates": [ -105.056259154999964, 39.657199860000048 ] } },
{ "type": "Feature", "properties": { "OBJECTID": 31248, "id": "DENVER_2020_20242021697158", "x": -105.05287933349609, "y": 39.753299713134766, "robbery": 1 }, "geometry": { "type": "Point", "coordinates": [ -105.052879332999964, 39.753299713000047 ] } },
{ "type": "Feature", "properties": { "OBJECTID": 31249, "id": "DENVER_2020_20242021697171", "x": -105.02462768554688, "y": 39.733238220214844, "robbery": 1 }, "geometry": { "type": "Point", "coordinates": [ -105.024627685999974, 39.733238220000032 ] } },
{ "type": "Feature", "properties": { "OBJECTID": 31250, "id": "DENVER_2020_20242021697196", "x": -105.02568054199219, "y": 39.755111694335938, "robbery": 1 }, "geometry": { "type": "Point", "coordinates": [ -105.025680541999975, 39.75511169400005 ] } },
{ "type": "Feature", "properties": { "OBJECTID": 31251, "id": "DENVER_2020_20242021697936", "x": -104.88767242431641, "y": 39.784648895263672, "robbery": 1 }, "geometry": { "type": "Point", "coordinates": [ -104.887672423999959, 39.784648895000032 ] } },
{ "type": "Feature", "properties": { "OBJECTID": 31252, "id": "DENVER_2020_20242021698318", "x": -105.02353668212891, "y": 39.665081024169922, "robbery": 1 }, "geometry": { "type": "Point", "coordinates": [ -105.023536681999985, 39.665081024000074 ] } },
{ "type": "Feature", "properties": { "OBJECTID": 31253, "id": "DENVER_2020_20242021699507", "x": -105.0247802734375, "y": 39.787109375, "robbery": 1 }, "geometry": { "type": "Point", "coordinates": [ -105.024780272999976, 39.787109375000057 ] } },
{ "type": "Feature", "properties": { "OBJECTID": 31254, "id": "DENVER_2020_20242021699973", "x": -105.02558898925781, "y": 39.749149322509766, "robbery": 1 }, "geometry": { "type": "Point", "coordinates": [ -105.025588988999971, 39.74914932300004 ] } },
{ "type": "Feature", "properties": { "OBJECTID": 31255, "id": "DENVER_2020_20242021700045", "x": -105.05438232421875, "y": 39.656021118164062, "robbery": 1 }, "geometry": { "type": "Point", "coordinates": [ -105.05438232399996, 39.656021118000069 ] } },
{ "type": "Feature", "properties": { "OBJECTID": 31256, "id": "DENVER_2020_20242021701314", "x": -104.94251251220703, "y": 39.775630950927734, "robbery": 1 }, "geometry": { "type": "Point", "coordinates": [ -104.942512511999951, 39.775630951000039 ] } },
{ "type": "Feature", "properties": { "OBJECTID": 31257, "id": "DENVER_2020_20242021701374", "x": -104.94097137451172, "y": 39.687278747558594, "robbery": 1 }, "geometry": { "type": "Point", "coordinates": [ -104.940971374999947, 39.68727874800004 ] } },
{ "type": "Feature", "properties": { "OBJECTID": 31258, "id": "DENVER_2020_20242021701727", "x": -105.00435638427734, "y": 39.755348205566406, "robbery": 1 }, "geometry": { "type": "Point", "coordinates": [ -105.004356383999948, 39.755348206000065 ] } },
{ "type": "Feature", "properties": { "OBJECTID": 31259, "id": "DENVER_2020_20242021702005", "x": -104.95511627197266, "y": 39.740180969238281, "robbery": 1 }, "geometry": { "type": "Point", "coordinates": [ -104.955116271999941, 39.74018096900005 ] } },
{ "type": "Feature", "properties": { "OBJECTID": 31260, "id": "DENVER_2020_20242021702056", "x": -104.94097137451172, "y": 39.687278747558594, "robbery": 1 }, "geometry": { "type": "Point", "coordinates": [ -104.940971374999947, 39.68727874800004 ] } },
{ "type": "Feature", "properties": { "OBJECTID": 31261, "id": "DENVER_2020_20242021702386", "x": -104.98802185058594, "y": 39.732330322265625, "robbery": 1 }, "geometry": { "type": "Point", "coordinates": [ -104.988021850999985, 39.732330322000053 ] } },
{ "type": "Feature", "properties": { "OBJECTID": 31262, "id": "DENVER_2020_20242021702392", "x": -104.98792266845703, "y": 39.687808990478516, "robbery": 1 }, "geometry": { "type": "Point", "coordinates": [ -104.987922667999953, 39.687808990000065 ] } },
{ "type": "Feature", "properties": { "OBJECTID": 31263, "id": "DENVER_2020_20242021703479", "x": -104.9775390625, "y": 39.748088836669922, "robbery": 1 }, "geometry": { "type": "Point", "coordinates": [ -104.977539062999938, 39.748088837000068 ] } },
{ "type": "Feature", "properties": { "OBJECTID": 31264, "id": "DENVER_2020_20242021703653", "x": -105.02422332763672, "y": 39.769561767578125, "robbery": 1 }, "geometry": { "type": "Point", "coordinates": [ -105.024223327999948, 39.769561768000074 ] } },
{ "type": "Feature", "properties": { "OBJECTID": 31265, "id": "DENVER_2020_20242021704978", "x": -104.99558258056641, "y": 39.734748840332031, "robbery": 1 }, "geometry": { "type": "Point", "coordinates": [ -104.995582580999951, 39.734748840000066 ] } },
{ "type": "Feature", "properties": { "OBJECTID": 31266, "id": "DENVER_2020_20242021705297", "x": -104.97073364257812, "y": 39.740028381347656, "robbery": 1 }, "geometry": { "type": "Point", "coordinates": [ -104.97073364299996, 39.740028381000059 ] } },
{ "type": "Feature", "properties": { "OBJECTID": 31267, "id": "DENVER_2020_20242021706291", "x": -104.89505767822266, "y": 39.637660980224609, "robbery": 1 }, "geometry": { "type": "Point", "coordinates": [ -104.895057677999944, 39.637660980000078 ] } },
{ "type": "Feature", "properties": { "OBJECTID": 31268, "id": "DENVER_2020_20242021706813", "x": -104.77126312255859, "y": 39.784141540527344, "robbery": 1 }, "geometry": { "type": "Point", "coordinates": [ -104.771263122999983, 39.784141541000054 ] } },
{ "type": "Feature", "properties": { "OBJECTID": 31269, "id": "DENVER_2020_20242021706967", "x": -104.91419982910156, "y": 39.678199768066406, "robbery": 1 }, "geometry": { "type": "Point", "coordinates": [ -104.914199828999983, 39.67819976800007 ] } },
{ "type": "Feature", "properties": { "OBJECTID": 31270, "id": "DENVER_2020_20242021707581", "x": -104.91470336914062, "y": 39.655029296875, "robbery": 1 }, "geometry": { "type": "Point", "coordinates": [ -104.914703368999938, 39.655029297000056 ] } },
{ "type": "Feature", "properties": { "OBJECTID": 31271, "id": "DENVER_2020_20242021707658", "x": -104.90680694580078, "y": 39.653469085693359, "robbery": 1 }, "geometry": { "type": "Point", "coordinates": [ -104.906806945999961, 39.65346908600003 ] } },
{ "type": "Feature", "properties": { "OBJECTID": 31272, "id": "DENVER_2020_20242021708063", "x": -104.99259948730469, "y": 39.752941131591797, "robbery": 1 }, "geometry": { "type": "Point", "coordinates": [ -104.99259948699995, 39.752941132000046 ] } },
{ "type": "Feature", "properties": { "OBJECTID": 31273, "id": "DENVER_2020_20242021708134", "x": -104.87156677246094, "y": 39.653678894042969, "robbery": 1 }, "geometry": { "type": "Point", "coordinates": [ -104.871566771999937, 39.653678894000052 ] } },
{ "type": "Feature", "properties": { "OBJECTID": 31274, "id": "DENVER_2020_20242021708275", "x": -104.98708343505859, "y": 39.725231170654297, "robbery": 1 }, "geometry": { "type": "Point", "coordinates": [ -104.987083434999988, 39.725231171000075 ] } },
{ "type": "Feature", "properties": { "OBJECTID": 31275, "id": "DENVER_2020_2024202170890", "x": -104.91500854492188, "y": 39.666908264160156, "robbery": 1 }, "geometry": { "type": "Point", "coordinates": [ -104.915008544999978, 39.666908264000028 ] } },
{ "type": "Feature", "properties": { "OBJECTID": 31276, "id": "DENVER_2020_20242021708922", "x": -104.99994659423828, "y": 39.753059387207031, "robbery": 1 }, "geometry": { "type": "Point", "coordinates": [ -104.999946593999937, 39.753059387000064 ] } },
{ "type": "Feature", "properties": { "OBJECTID": 31277, "id": "DENVER_2020_20242021709078", "x": -105.02879333496094, "y": 39.738300323486328, "robbery": 1 }, "geometry": { "type": "Point", "coordinates": [ -105.028793334999989, 39.738300323000033 ] } },
{ "type": "Feature", "properties": { "OBJECTID": 31278, "id": "DENVER_2020_20242021709385", "x": -104.9013671875, "y": 39.658260345458984, "robbery": 1 }, "geometry": { "type": "Point", "coordinates": [ -104.901367187999938, 39.658260345000031 ] } },
{ "type": "Feature", "properties": { "OBJECTID": 31279, "id": "DENVER_2020_20242021709566", "x": -104.95986938476562, "y": 39.782661437988281, "robbery": 1 }, "geometry": { "type": "Point", "coordinates": [ -104.959869385, 39.782661438000048 ] } },
{ "type": "Feature", "properties": { "OBJECTID": 31280, "id": "DENVER_2020_20242021709810", "x": -104.97297668457031, "y": 39.745010375976562, "robbery": 1 }, "geometry": { "type": "Point", "coordinates": [ -104.972976685, 39.745010376000039 ] } },
{ "type": "Feature", "properties": { "OBJECTID": 31281, "id": "DENVER_2020_20242021709927", "x": -104.972900390625, "y": 39.766288757324219, "robbery": 1 }, "geometry": { "type": "Point", "coordinates": [ -104.972900390999939, 39.766288757000041 ] } },
{ "type": "Feature", "properties": { "OBJECTID": 31282, "id": "DENVER_2020_20242021709937", "x": -105.00420379638672, "y": 39.770530700683594, "robbery": 1 }, "geometry": { "type": "Point", "coordinates": [ -105.004203795999956, 39.770530701000041 ] } },
{ "type": "Feature", "properties": { "OBJECTID": 31283, "id": "DENVER_2020_20242021709938", "x": -104.8424072265625, "y": 39.780540466308594, "robbery": 1 }, "geometry": { "type": "Point", "coordinates": [ -104.842407226999967, 39.780540466000048 ] } },
{ "type": "Feature", "properties": { "OBJECTID": 31284, "id": "DENVER_2020_20242021710064", "x": -105.02462768554688, "y": 39.733238220214844, "robbery": 1 }, "geometry": { "type": "Point", "coordinates": [ -105.024627685999974, 39.733238220000032 ] } },
{ "type": "Feature", "properties": { "OBJECTID": 31285, "id": "DENVER_2020_20242021710786", "x": -104.77068328857422, "y": 39.783428192138672, "robbery": 1 }, "geometry": { "type": "Point", "coordinates": [ -104.770683288999976, 39.783428192000031 ] } },
{ "type": "Feature", "properties": { "OBJECTID": 31286, "id": "DENVER_2020_20242021711157", "x": -104.97357940673828, "y": 39.749340057373047, "robbery": 1 }, "geometry": { "type": "Point", "coordinates": [ -104.973579406999988, 39.74934005700004 ] } },
{ "type": "Feature", "properties": { "OBJECTID": 31287, "id": "DENVER_2020_20242021711337", "x": -105.05255889892578, "y": 39.682460784912109, "robbery": 1 }, "geometry": { "type": "Point", "coordinates": [ -105.052558898999962, 39.682460785000046 ] } },
{ "type": "Feature", "properties": { "OBJECTID": 31288, "id": "DENVER_2020_20242021711557", "x": -104.91110229492188, "y": 39.690299987792969, "robbery": 1 }, "geometry": { "type": "Point", "coordinates": [ -104.911102294999978, 39.690299988000049 ] } },
{ "type": "Feature", "properties": { "OBJECTID": 31289, "id": "DENVER_2020_20242021712208", "x": -104.93903350830078, "y": 39.773529052734375, "robbery": 1 }, "geometry": { "type": "Point", "coordinates": [ -104.939033507999966, 39.773529053000061 ] } },
{ "type": "Feature", "properties": { "OBJECTID": 31290, "id": "DENVER_2020_20242021712372", "x": -104.98713684082031, "y": 39.679248809814453, "robbery": 1 }, "geometry": { "type": "Point", "coordinates": [ -104.987136840999938, 39.679248810000047 ] } },
{ "type": "Feature", "properties": { "OBJECTID": 31291, "id": "DENVER_2020_20242021713099", "x": -104.97528076171875, "y": 39.733688354492188, "robbery": 1 }, "geometry": { "type": "Point", "coordinates": [ -104.975280761999954, 39.733688354000037 ] } },
{ "type": "Feature", "properties": { "OBJECTID": 31292, "id": "DENVER_2020_20242021713635", "x": -104.98728942871094, "y": 39.719680786132812, "robbery": 1 }, "geometry": { "type": "Point", "coordinates": [ -104.987289428999986, 39.719680786000026 ] } },
{ "type": "Feature", "properties": { "OBJECTID": 31293, "id": "DENVER_2020_2024202171366", "x": -105.03199005126953, "y": 39.710781097412109, "robbery": 1 }, "geometry": { "type": "Point", "coordinates": [ -105.03199005099998, 39.710781097000051 ] } },
{ "type": "Feature", "properties": { "OBJECTID": 31294, "id": "DENVER_2020_20242021713991", "x": -104.93974304199219, "y": 39.688930511474609, "robbery": 1 }, "geometry": { "type": "Point", "coordinates": [ -104.939743041999975, 39.688930511000081 ] } },
{ "type": "Feature", "properties": { "OBJECTID": 31295, "id": "DENVER_2020_2024202171410", "x": -105.05316162109375, "y": 39.689998626708984, "robbery": 1 }, "geometry": { "type": "Point", "coordinates": [ -105.053161620999958, 39.68999862700008 ] } },
{ "type": "Feature", "properties": { "OBJECTID": 31296, "id": "DENVER_2020_20242021714146", "x": -105.02568054199219, "y": 39.769611358642578, "robbery": 1 }, "geometry": { "type": "Point", "coordinates": [ -105.025680541999975, 39.769611359000066 ] } },
{ "type": "Feature", "properties": { "OBJECTID": 31297, "id": "DENVER_2020_20242021714599", "x": -104.98251342773438, "y": 39.743148803710938, "robbery": 1 }, "geometry": { "type": "Point", "coordinates": [ -104.982513427999947, 39.743148804000043 ] } },
{ "type": "Feature", "properties": { "OBJECTID": 31298, "id": "DENVER_2020_2024202171471", "x": -104.96846008300781, "y": 39.740009307861328, "robbery": 1 }, "geometry": { "type": "Point", "coordinates": [ -104.968460082999968, 39.740009308000026 ] } },
{ "type": "Feature", "properties": { "OBJECTID": 31299, "id": "DENVER_2020_20242021715354", "x": -104.99344635009766, "y": 39.752670288085938, "robbery": 1 }, "geometry": { "type": "Point", "coordinates": [ -104.993446349999942, 39.752670288000047 ] } },
{ "type": "Feature", "properties": { "OBJECTID": 31300, "id": "DENVER_2020_20242021716311", "x": -104.96755981445312, "y": 39.743480682373047, "robbery": 1 }, "geometry": { "type": "Point", "coordinates": [ -104.967559813999969, 39.74348068200004 ] } },
{ "type": "Feature", "properties": { "OBJECTID": 31301, "id": "DENVER_2020_20242021716885", "x": -104.93968200683594, "y": 39.728958129882812, "robbery": 1 }, "geometry": { "type": "Point", "coordinates": [ -104.939682006999988, 39.72895813000008 ] } },
{ "type": "Feature", "properties": { "OBJECTID": 31302, "id": "DENVER_2020_20242021717856", "x": -104.90479278564453, "y": 39.767658233642578, "robbery": 1 }, "geometry": { "type": "Point", "coordinates": [ -104.904792785999973, 39.767658234000066 ] } },
{ "type": "Feature", "properties": { "OBJECTID": 31303, "id": "DENVER_2020_20242021718257", "x": -104.84797668457031, "y": 39.772300720214844, "robbery": 1 }, "geometry": { "type": "Point", "coordinates": [ -104.847976685, 39.772300720000032 ] } },
{ "type": "Feature", "properties": { "OBJECTID": 31304, "id": "DENVER_2020_2024202171844", "x": -105.0367431640625, "y": 39.6351318359375, "robbery": 1 }, "geometry": { "type": "Point", "coordinates": [ -105.036743163999972, 39.635131836000028 ] } },
{ "type": "Feature", "properties": { "OBJECTID": 31305, "id": "DENVER_2020_20242021720457", "x": -104.99440765380859, "y": 39.743579864501953, "robbery": 1 }, "geometry": { "type": "Point", "coordinates": [ -104.994407653999986, 39.743579865000072 ] } },
{ "type": "Feature", "properties": { "OBJECTID": 31306, "id": "DENVER_2020_20242021723106", "x": -105.00466156005859, "y": 39.739669799804688, "robbery": 1 }, "geometry": { "type": "Point", "coordinates": [ -105.004661559999988, 39.739669800000058 ] } },
{ "type": "Feature", "properties": { "OBJECTID": 31307, "id": "DENVER_2020_20242021724536", "x": -105.00064849853516, "y": 39.749580383300781, "robbery": 1 }, "geometry": { "type": "Point", "coordinates": [ -105.000648498999965, 39.74958038300008 ] } },
{ "type": "Feature", "properties": { "OBJECTID": 31308, "id": "DENVER_2020_20242021724591", "x": -104.89187622070312, "y": 39.784130096435547, "robbery": 1 }, "geometry": { "type": "Point", "coordinates": [ -104.891876220999961, 39.784130096000069 ] } },
{ "type": "Feature", "properties": { "OBJECTID": 31309, "id": "DENVER_2020_20242021725650", "x": -104.90479278564453, "y": 39.767658233642578, "robbery": 1 }, "geometry": { "type": "Point", "coordinates": [ -104.904792785999973, 39.767658234000066 ] } },
{ "type": "Feature", "properties": { "OBJECTID": 31310, "id": "DENVER_2020_20242021726414", "x": -104.99212646484375, "y": 39.746891021728516, "robbery": 1 }, "geometry": { "type": "Point", "coordinates": [ -104.992126464999956, 39.746891022000057 ] } },
{ "type": "Feature", "properties": { "OBJECTID": 31311, "id": "DENVER_2020_20242021727354", "x": -104.99552154541016, "y": 39.753341674804688, "robbery": 1 }, "geometry": { "type": "Point", "coordinates": [ -104.995521544999974, 39.753341675000058 ] } },
{ "type": "Feature", "properties": { "OBJECTID": 31312, "id": "DENVER_2020_20242021727435", "x": -104.89187622070312, "y": 39.784130096435547, "robbery": 1 }, "geometry": { "type": "Point", "coordinates": [ -104.891876220999961, 39.784130096000069 ] } },
{ "type": "Feature", "properties": { "OBJECTID": 31313, "id": "DENVER_2020_20242021727822", "x": -104.97862243652344, "y": 39.739879608154297, "robbery": 1 }, "geometry": { "type": "Point", "coordinates": [ -104.978622436999956, 39.739879608000081 ] } },
{ "type": "Feature", "properties": { "OBJECTID": 31314, "id": "DENVER_2020_20242021727826", "x": -104.97440338134766, "y": 39.725368499755859, "robbery": 1 }, "geometry": { "type": "Point", "coordinates": [ -104.974403380999945, 39.725368500000059 ] } },
{ "type": "Feature", "properties": { "OBJECTID": 31315, "id": "DENVER_2020_20242021727939", "x": -105.01596069335938, "y": 39.736911773681641, "robbery": 1 }, "geometry": { "type": "Point", "coordinates": [ -105.015960692999954, 39.736911774000077 ] } },
{ "type": "Feature", "properties": { "OBJECTID": 31316, "id": "DENVER_2020_20242021728270", "x": -105.00137329101562, "y": 39.754478454589844, "robbery": 1 }, "geometry": { "type": "Point", "coordinates": [ -105.001373291, 39.754478455000026 ] } },
{ "type": "Feature", "properties": { "OBJECTID": 31317, "id": "DENVER_2020_20242021728271", "x": -105.00052642822266, "y": 39.755130767822266, "robbery": 1 }, "geometry": { "type": "Point", "coordinates": [ -105.000526427999944, 39.755130768000072 ] } },
{ "type": "Feature", "properties": { "OBJECTID": 31318, "id": "DENVER_2020_20242021728622", "x": -104.98728942871094, "y": 39.719680786132812, "robbery": 1 }, "geometry": { "type": "Point", "coordinates": [ -104.987289428999986, 39.719680786000026 ] } },
{ "type": "Feature", "properties": { "OBJECTID": 31319, "id": "DENVER_2020_20242021728790", "x": -104.99073028564453, "y": 39.690570831298828, "robbery": 1 }, "geometry": { "type": "Point", "coordinates": [ -104.990730285999973, 39.690570831000059 ] } },
{ "type": "Feature", "properties": { "OBJECTID": 31320, "id": "DENVER_2020_20242021729223", "x": -105.02438354492188, "y": 39.755439758300781, "robbery": 1 }, "geometry": { "type": "Point", "coordinates": [ -105.024383544999978, 39.75543975800008 ] } },
{ "type": "Feature", "properties": { "OBJECTID": 31321, "id": "DENVER_2020_20242021729517", "x": -104.91956329345703, "y": 39.687030792236328, "robbery": 1 }, "geometry": { "type": "Point", "coordinates": [ -104.919563292999953, 39.68703079200003 ] } },
{ "type": "Feature", "properties": { "OBJECTID": 31322, "id": "DENVER_2020_20242021729532", "x": -105.01222991943359, "y": 39.711448669433594, "robbery": 1 }, "geometry": { "type": "Point", "coordinates": [ -105.012229919, 39.711448669000049 ] } },
{ "type": "Feature", "properties": { "OBJECTID": 31323, "id": "DENVER_2020_2024202173853", "x": -104.83986663818359, "y": 39.777240753173828, "robbery": 1 }, "geometry": { "type": "Point", "coordinates": [ -104.839866638, 39.777240753000058 ] } },
{ "type": "Feature", "properties": { "OBJECTID": 31324, "id": "DENVER_2020_2024202174120", "x": -104.97898864746094, "y": 39.748798370361328, "robbery": 1 }, "geometry": { "type": "Point", "coordinates": [ -104.978988646999937, 39.748798370000031 ] } },
{ "type": "Feature", "properties": { "OBJECTID": 31325, "id": "DENVER_2020_2024202175018", "x": -104.77113342285156, "y": 39.810531616210938, "robbery": 1 }, "geometry": { "type": "Point", "coordinates": [ -104.771133422999981, 39.810531616000048 ] } },
{ "type": "Feature", "properties": { "OBJECTID": 31326, "id": "DENVER_2020_2024202176250", "x": -105.03151702880859, "y": 39.769920349121094, "robbery": 1 }, "geometry": { "type": "Point", "coordinates": [ -105.031517028999986, 39.769920349000074 ] } },
{ "type": "Feature", "properties": { "OBJECTID": 31327, "id": "DENVER_2020_2024202177503", "x": -104.91153717041016, "y": 39.701530456542969, "robbery": 1 }, "geometry": { "type": "Point", "coordinates": [ -104.911537169999974, 39.701530457000047 ] } },
{ "type": "Feature", "properties": { "OBJECTID": 31328, "id": "DENVER_2020_2024202178014", "x": -105.03695678710938, "y": 39.721920013427734, "robbery": 1 }, "geometry": { "type": "Point", "coordinates": [ -105.036956786999951, 39.721920013000044 ] } },
{ "type": "Feature", "properties": { "OBJECTID": 31329, "id": "DENVER_2020_2024202178138", "x": -104.77346801757812, "y": 39.819831848144531, "robbery": 1 }, "geometry": { "type": "Point", "coordinates": [ -104.77346801799996, 39.819831848000035 ] } },
{ "type": "Feature", "properties": { "OBJECTID": 31330, "id": "DENVER_2020_2024202178844", "x": -105.02189636230469, "y": 39.677581787109375, "robbery": 1 }, "geometry": { "type": "Point", "coordinates": [ -105.02189636199995, 39.677581787000065 ] } },
{ "type": "Feature", "properties": { "OBJECTID": 31331, "id": "DENVER_2020_2024202179551", "x": -105.00137329101562, "y": 39.754478454589844, "robbery": 1 }, "geometry": { "type": "Point", "coordinates": [ -105.001373291, 39.754478455000026 ] } },
{ "type": "Feature", "properties": { "OBJECTID": 31332, "id": "DENVER_2020_2024202179812", "x": -104.98829650878906, "y": 39.726558685302734, "robbery": 1 }, "geometry": { "type": "Point", "coordinates": [ -104.988296508999952, 39.726558685000043 ] } },
{ "type": "Feature", "properties": { "OBJECTID": 31333, "id": "DENVER_2020_2024202181064", "x": -104.98715209960938, "y": 39.678810119628906, "robbery": 1 }, "geometry": { "type": "Point", "coordinates": [ -104.987152099999946, 39.678810120000037 ] } },
{ "type": "Feature", "properties": { "OBJECTID": 31334, "id": "DENVER_2020_2024202181297", "x": -104.89337158203125, "y": 39.625320434570312, "robbery": 1 }, "geometry": { "type": "Point", "coordinates": [ -104.893371581999986, 39.625320435000049 ] } },
{ "type": "Feature", "properties": { "OBJECTID": 31335, "id": "DENVER_2020_2024202182186", "x": -105.04799652099609, "y": 39.732791900634766, "robbery": 1 }, "geometry": { "type": "Point", "coordinates": [ -105.047996520999959, 39.732791901000041 ] } },
{ "type": "Feature", "properties": { "OBJECTID": 31336, "id": "DENVER_2020_2024202183094", "x": -105.025146484375, "y": 39.738010406494141, "robbery": 1 }, "geometry": { "type": "Point", "coordinates": [ -105.025146483999947, 39.738010406000058 ] } },
{ "type": "Feature", "properties": { "OBJECTID": 31337, "id": "DENVER_2020_2024202183628", "x": -104.93949127197266, "y": 39.788219451904297, "robbery": 1 }, "geometry": { "type": "Point", "coordinates": [ -104.939491271999941, 39.788219452000078 ] } },
{ "type": "Feature", "properties": { "OBJECTID": 31338, "id": "DENVER_2020_2024202183769", "x": -104.91896820068359, "y": 39.650871276855469, "robbery": 1 }, "geometry": { "type": "Point", "coordinates": [ -104.918968200999984, 39.650871277000078 ] } },
{ "type": "Feature", "properties": { "OBJECTID": 31339, "id": "DENVER_2020_2024202184884", "x": -104.90252685546875, "y": 39.759689331054688, "robbery": 1 }, "geometry": { "type": "Point", "coordinates": [ -104.902526854999962, 39.759689331000061 ] } },
{ "type": "Feature", "properties": { "OBJECTID": 31340, "id": "DENVER_2020_2024202185010", "x": -104.86869049072266, "y": 39.656879425048828, "robbery": 1 }, "geometry": { "type": "Point", "coordinates": [ -104.868690490999938, 39.656879425000056 ] } },
{ "type": "Feature", "properties": { "OBJECTID": 31341, "id": "DENVER_2020_2024202185566", "x": -104.94019317626953, "y": 39.667018890380859, "robbery": 1 }, "geometry": { "type": "Point", "coordinates": [ -104.94019317599998, 39.667018890000065 ] } },
{ "type": "Feature", "properties": { "OBJECTID": 31342, "id": "DENVER_2020_2024202186147", "x": -104.99607849121094, "y": 39.752830505371094, "robbery": 1 }, "geometry": { "type": "Point", "coordinates": [ -104.996078491, 39.752830505000077 ] } },
{ "type": "Feature", "properties": { "OBJECTID": 31343, "id": "DENVER_2020_2024202187752", "x": -104.95832824707031, "y": 39.67926025390625, "robbery": 1 }, "geometry": { "type": "Point", "coordinates": [ -104.95832824699994, 39.679260254000042 ] } },
{ "type": "Feature", "properties": { "OBJECTID": 31344, "id": "DENVER_2020_2024202187870", "x": -104.899658203125, "y": 39.767360687255859, "robbery": 1 }, "geometry": { "type": "Point", "coordinates": [ -104.899658202999944, 39.767360687000064 ] } },
{ "type": "Feature", "properties": { "OBJECTID": 31345, "id": "DENVER_2020_2024202188254", "x": -104.75617980957031, "y": 39.786350250244141, "robbery": 1 }, "geometry": { "type": "Point", "coordinates": [ -104.75617981, 39.786350250000055 ] } },
{ "type": "Feature", "properties": { "OBJECTID": 31346, "id": "DENVER_2020_2024202188310", "x": -104.96437072753906, "y": 39.772090911865234, "robbery": 1 }, "geometry": { "type": "Point", "coordinates": [ -104.964370727999949, 39.772090912000067 ] } },
{ "type": "Feature", "properties": { "OBJECTID": 31347, "id": "DENVER_2020_2024202188407", "x": -105.05357360839844, "y": 39.733348846435547, "robbery": 1 }, "geometry": { "type": "Point", "coordinates": [ -105.053573607999965, 39.733348846000069 ] } },
{ "type": "Feature", "properties": { "OBJECTID": 31348, "id": "DENVER_2020_2024202189557", "x": -105.02488708496094, "y": 39.714691162109375, "robbery": 1 }, "geometry": { "type": "Point", "coordinates": [ -105.024887084999989, 39.714691162000065 ] } },
{ "type": "Feature", "properties": { "OBJECTID": 31349, "id": "DENVER_2020_2024202191036", "x": -104.97847747802734, "y": 39.786178588867188, "robbery": 1 }, "geometry": { "type": "Point", "coordinates": [ -104.978477477999945, 39.786178589000031 ] } },
{ "type": "Feature", "properties": { "OBJECTID": 31350, "id": "DENVER_2020_202420219147", "x": -105.03246307373047, "y": 39.733150482177734, "robbery": 1 }, "geometry": { "type": "Point", "coordinates": [ -105.032463073999963, 39.733150482000042 ] } },
{ "type": "Feature", "properties": { "OBJECTID": 31351, "id": "DENVER_2020_2024202191493", "x": -104.90586090087891, "y": 39.625331878662109, "robbery": 1 }, "geometry": { "type": "Point", "coordinates": [ -104.905860900999983, 39.625331879000044 ] } },
{ "type": "Feature", "properties": { "OBJECTID": 31352, "id": "DENVER_2020_2024202191838", "x": -104.87238311767578, "y": 39.668159484863281, "robbery": 1 }, "geometry": { "type": "Point", "coordinates": [ -104.872383117999959, 39.668159485000047 ] } },
{ "type": "Feature", "properties": { "OBJECTID": 31353, "id": "DENVER_2020_2024202192141", "x": -104.94835662841797, "y": 39.766048431396484, "robbery": 1 }, "geometry": { "type": "Point", "coordinates": [ -104.948356627999942, 39.766048431000058 ] } },
{ "type": "Feature", "properties": { "OBJECTID": 31354, "id": "DENVER_2020_2024202193633", "x": -104.91500854492188, "y": 39.666908264160156, "robbery": 1 }, "geometry": { "type": "Point", "coordinates": [ -104.915008544999978, 39.666908264000028 ] } },
{ "type": "Feature", "properties": { "OBJECTID": 31355, "id": "DENVER_2020_202420219398", "x": -104.76505279541016, "y": 39.782581329345703, "robbery": 1 }, "geometry": { "type": "Point", "coordinates": [ -104.765052794999974, 39.782581329000038 ] } },
{ "type": "Feature", "properties": { "OBJECTID": 31356, "id": "DENVER_2020_2024202195319", "x": -104.90268707275391, "y": 39.757221221923828, "robbery": 1 }, "geometry": { "type": "Point", "coordinates": [ -104.902687072999981, 39.757221222000055 ] } },
{ "type": "Feature", "properties": { "OBJECTID": 31357, "id": "DENVER_2020_2024202195324", "x": -104.87254333496094, "y": 39.655788421630859, "robbery": 1 }, "geometry": { "type": "Point", "coordinates": [ -104.872543334999989, 39.655788422000057 ] } },
{ "type": "Feature", "properties": { "OBJECTID": 31358, "id": "DENVER_2020_2024202196676", "x": -104.8604736328125, "y": 39.659820556640625, "robbery": 1 }, "geometry": { "type": "Point", "coordinates": [ -104.86047363299997, 39.659820557000046 ] } },
{ "type": "Feature", "properties": { "OBJECTID": 31359, "id": "DENVER_2020_2024202197393", "x": -104.94001770019531, "y": 39.686580657958984, "robbery": 1 }, "geometry": { "type": "Point", "coordinates": [ -104.940017699999942, 39.686580658000025 ] } },
{ "type": "Feature", "properties": { "OBJECTID": 31360, "id": "DENVER_2020_2024202199205", "x": -104.97194671630859, "y": 39.67816162109375, "robbery": 1 }, "geometry": { "type": "Point", "coordinates": [ -104.971946716, 39.678161621000072 ] } },
{ "type": "Feature", "properties": { "OBJECTID": 31361, "id": "DENVER_2020_20242022100297", "x": -104.98705291748047, "y": 39.677780151367188, "robbery": 1 }, "geometry": { "type": "Point", "coordinates": [ -104.987052916999971, 39.677780151000036 ] } },
{ "type": "Feature", "properties": { "OBJECTID": 31362, "id": "DENVER_2020_20242022100306", "x": -104.98774719238281, "y": 39.682670593261719, "robbery": 1 }, "geometry": { "type": "Point", "coordinates": [ -104.987747191999972, 39.682670593000068 ] } },
{ "type": "Feature", "properties": { "OBJECTID": 31363, "id": "DENVER_2020_20242022100870", "x": -104.77139282226562, "y": 39.782230377197266, "robbery": 1 }, "geometry": { "type": "Point", "coordinates": [ -104.771392821999939, 39.782230377000076 ] } },
{ "type": "Feature", "properties": { "OBJECTID": 31364, "id": "DENVER_2020_20242022101722", "x": -105.02427673339844, "y": 39.692230224609375, "robbery": 1 }, "geometry": { "type": "Point", "coordinates": [ -105.024276732999965, 39.69223022500006 ] } },
{ "type": "Feature", "properties": { "OBJECTID": 31365, "id": "DENVER_2020_20242022101790", "x": -104.94937896728516, "y": 39.717250823974609, "robbery": 1 }, "geometry": { "type": "Point", "coordinates": [ -104.949378966999973, 39.717250824000075 ] } },
{ "type": "Feature", "properties": { "OBJECTID": 31366, "id": "DENVER_2020_20242022102153", "x": -104.76322174072266, "y": 39.801509857177734, "robbery": 1 }, "geometry": { "type": "Point", "coordinates": [ -104.763221740999938, 39.801509857000042 ] } },
{ "type": "Feature", "properties": { "OBJECTID": 31367, "id": "DENVER_2020_20242022102376", "x": -104.88268280029297, "y": 39.652011871337891, "robbery": 1 }, "geometry": { "type": "Point", "coordinates": [ -104.882682799999941, 39.65201187100007 ] } },
{ "type": "Feature", "properties": { "OBJECTID": 31368, "id": "DENVER_2020_2024202210318", "x": -104.9857177734375, "y": 39.756900787353516, "robbery": 1 }, "geometry": { "type": "Point", "coordinates": [ -104.985717772999976, 39.756900787000063 ] } },
{ "type": "Feature", "properties": { "OBJECTID": 31369, "id": "DENVER_2020_20242022104183", "x": -104.99394989013672, "y": 39.746528625488281, "robbery": 1 }, "geometry": { "type": "Point", "coordinates": [ -104.993949889999953, 39.746528625000053 ] } },
{ "type": "Feature", "properties": { "OBJECTID": 31370, "id": "DENVER_2020_20242022104240", "x": -104.97695922851562, "y": 39.747489929199219, "robbery": 1 }, "geometry": { "type": "Point", "coordinates": [ -104.976959228999988, 39.747489929000039 ] } },
{ "type": "Feature", "properties": { "OBJECTID": 31371, "id": "DENVER_2020_20242022104744", "x": -104.88160705566406, "y": 39.753120422363281, "robbery": 1 }, "geometry": { "type": "Point", "coordinates": [ -104.88160705599995, 39.753120422000052 ] } },
{ "type": "Feature", "properties": { "OBJECTID": 31372, "id": "DENVER_2020_20242022105521", "x": -105.03014373779297, "y": 39.734691619873047, "robbery": 1 }, "geometry": { "type": "Point", "coordinates": [ -105.030143738, 39.734691620000035 ] } },
{ "type": "Feature", "properties": { "OBJECTID": 31373, "id": "DENVER_2020_20242022105582", "x": -104.98851776123047, "y": 39.765861511230469, "robbery": 1 }, "geometry": { "type": "Point", "coordinates": [ -104.988517760999969, 39.765861511000026 ] } },
{ "type": "Feature", "properties": { "OBJECTID": 31374, "id": "DENVER_2020_20242022106174", "x": -104.84169006347656, "y": 39.781139373779297, "robbery": 1 }, "geometry": { "type": "Point", "coordinates": [ -104.841690062999987, 39.781139374000077 ] } },
{ "type": "Feature", "properties": { "OBJECTID": 31375, "id": "DENVER_2020_20242022106406", "x": -104.99098968505859, "y": 39.744430541992188, "robbery": 1 }, "geometry": { "type": "Point", "coordinates": [ -104.990989684999988, 39.744430542000032 ] } },
{ "type": "Feature", "properties": { "OBJECTID": 31376, "id": "DENVER_2020_20242022107243", "x": -105.02422332763672, "y": 39.769561767578125, "robbery": 1 }, "geometry": { "type": "Point", "coordinates": [ -105.024223327999948, 39.769561768000074 ] } },
{ "type": "Feature", "properties": { "OBJECTID": 31377, "id": "DENVER_2020_20242022107568", "x": -104.89536285400391, "y": 39.785358428955078, "robbery": 1 }, "geometry": { "type": "Point", "coordinates": [ -104.895362853999984, 39.785358429000041 ] } },
{ "type": "Feature", "properties": { "OBJECTID": 31378, "id": "DENVER_2020_2024202210765", "x": -104.8089599609375, "y": 39.774681091308594, "robbery": 1 }, "geometry": { "type": "Point", "coordinates": [ -104.808959960999971, 39.774681091000048 ] } },
{ "type": "Feature", "properties": { "OBJECTID": 31379, "id": "DENVER_2020_20242022108407", "x": -104.81173706054688, "y": 39.783611297607422, "robbery": 1 }, "geometry": { "type": "Point", "coordinates": [ -104.811737060999974, 39.783611298000039 ] } },
{ "type": "Feature", "properties": { "OBJECTID": 31380, "id": "DENVER_2020_20242022108962", "x": -104.89286041259766, "y": 39.740650177001953, "robbery": 1 }, "geometry": { "type": "Point", "coordinates": [ -104.892860412999937, 39.740650177000077 ] } },
{ "type": "Feature", "properties": { "OBJECTID": 31381, "id": "DENVER_2020_20242022109002", "x": -104.80465698242188, "y": 39.777019500732422, "robbery": 1 }, "geometry": { "type": "Point", "coordinates": [ -104.804656981999983, 39.777019501000041 ] } },
{ "type": "Feature", "properties": { "OBJECTID": 31382, "id": "DENVER_2020_20242022109282", "x": -104.89199066162109, "y": 39.740848541259766, "robbery": 1 }, "geometry": { "type": "Point", "coordinates": [ -104.891990661999955, 39.740848541000048 ] } },
{ "type": "Feature", "properties": { "OBJECTID": 31383, "id": "DENVER_2020_20242022109574", "x": -105.00998687744141, "y": 39.709609985351562, "robbery": 1 }, "geometry": { "type": "Point", "coordinates": [ -105.00998687699996, 39.709609985000043 ] } },
{ "type": "Feature", "properties": { "OBJECTID": 31384, "id": "DENVER_2020_20242022109915", "x": -104.95095825195312, "y": 39.662670135498047, "robbery": 1 }, "geometry": { "type": "Point", "coordinates": [ -104.950958251999964, 39.662670135000042 ] } },
{ "type": "Feature", "properties": { "OBJECTID": 31385, "id": "DENVER_2020_20242022111137", "x": -105.08307647705078, "y": 39.636508941650391, "robbery": 1 }, "geometry": { "type": "Point", "coordinates": [ -105.083076476999963, 39.636508942000034 ] } },
{ "type": "Feature", "properties": { "OBJECTID": 31386, "id": "DENVER_2020_20242022113227", "x": -104.91207122802734, "y": 39.675350189208984, "robbery": 1 }, "geometry": { "type": "Point", "coordinates": [ -104.912071227999945, 39.675350189000028 ] } },
{ "type": "Feature", "properties": { "OBJECTID": 31387, "id": "DENVER_2020_20242022113810", "x": -105.08071136474609, "y": 39.66571044921875, "robbery": 1 }, "geometry": { "type": "Point", "coordinates": [ -105.080711364999956, 39.665710449000073 ] } },
{ "type": "Feature", "properties": { "OBJECTID": 31388, "id": "DENVER_2020_202420221148", "x": -104.98798370361328, "y": 39.721290588378906, "robbery": 1 }, "geometry": { "type": "Point", "coordinates": [ -104.987983703999987, 39.721290588000045 ] } },
{ "type": "Feature", "properties": { "OBJECTID": 31389, "id": "DENVER_2020_202420221150", "x": -104.98721313476562, "y": 39.718940734863281, "robbery": 1 }, "geometry": { "type": "Point", "coordinates": [ -104.987213135, 39.718940735000047 ] } },
{ "type": "Feature", "properties": { "OBJECTID": 31390, "id": "DENVER_2020_20242022115079", "x": -105.0257568359375, "y": 39.688591003417969, "robbery": 1 }, "geometry": { "type": "Point", "coordinates": [ -105.025756835999971, 39.688591003000056 ] } },
{ "type": "Feature", "properties": { "OBJECTID": 31391, "id": "DENVER_2020_20242022116927", "x": -105.02488708496094, "y": 39.769580841064453, "robbery": 1 }, "geometry": { "type": "Point", "coordinates": [ -105.024887084999989, 39.76958084100005 ] } },
{ "type": "Feature", "properties": { "OBJECTID": 31392, "id": "DENVER_2020_20242022118031", "x": -104.96070861816406, "y": 39.741550445556641, "robbery": 1 }, "geometry": { "type": "Point", "coordinates": [ -104.960708617999956, 39.741550446000076 ] } },
{ "type": "Feature", "properties": { "OBJECTID": 31393, "id": "DENVER_2020_2024202211848", "x": -104.96058654785156, "y": 39.740161895751953, "robbery": 1 }, "geometry": { "type": "Point", "coordinates": [ -104.960586547999981, 39.740161896000075 ] } },
{ "type": "Feature", "properties": { "OBJECTID": 31394, "id": "DENVER_2020_20242022118680", "x": -104.86682891845703, "y": 39.759449005126953, "robbery": 1 }, "geometry": { "type": "Point", "coordinates": [ -104.866828917999953, 39.759449005000079 ] } },
{ "type": "Feature", "properties": { "OBJECTID": 31395, "id": "DENVER_2020_20242022118776", "x": -104.95942687988281, "y": 39.764759063720703, "robbery": 1 }, "geometry": { "type": "Point", "coordinates": [ -104.959426879999967, 39.764759064000032 ] } },
{ "type": "Feature", "properties": { "OBJECTID": 31396, "id": "DENVER_2020_20242022119224", "x": -104.98721313476562, "y": 39.718940734863281, "robbery": 1 }, "geometry": { "type": "Point", "coordinates": [ -104.987213135, 39.718940735000047 ] } },
{ "type": "Feature", "properties": { "OBJECTID": 31397, "id": "DENVER_2020_2024202211932", "x": -105.04644775390625, "y": 39.73590087890625, "robbery": 1 }, "geometry": { "type": "Point", "coordinates": [ -105.046447753999985, 39.735900879000042 ] } },
{ "type": "Feature", "properties": { "OBJECTID": 31398, "id": "DENVER_2020_20242022119800", "x": -104.89187622070312, "y": 39.784130096435547, "robbery": 1 }, "geometry": { "type": "Point", "coordinates": [ -104.891876220999961, 39.784130096000069 ] } },
{ "type": "Feature", "properties": { "OBJECTID": 31399, "id": "DENVER_2020_20242022120044", "x": -104.99994659423828, "y": 39.753059387207031, "robbery": 1 }, "geometry": { "type": "Point", "coordinates": [ -104.999946593999937, 39.753059387000064 ] } },
{ "type": "Feature", "properties": { "OBJECTID": 31400, "id": "DENVER_2020_2024202212076", "x": -105.01107025146484, "y": 39.768829345703125, "robbery": 1 }, "geometry": { "type": "Point", "coordinates": [ -105.011070250999978, 39.768829346000075 ] } },
{ "type": "Feature", "properties": { "OBJECTID": 31401, "id": "DENVER_2020_2024202212084", "x": -105.00737762451172, "y": 39.769618988037109, "robbery": 1 }, "geometry": { "type": "Point", "coordinates": [ -105.007377624999947, 39.769618988000047 ] } },
{ "type": "Feature", "properties": { "OBJECTID": 31402, "id": "DENVER_2020_2024202212098", "x": -105.05306243896484, "y": 39.768810272216797, "robbery": 1 }, "geometry": { "type": "Point", "coordinates": [ -105.053062438999973, 39.768810272000053 ] } },
{ "type": "Feature", "properties": { "OBJECTID": 31403, "id": "DENVER_2020_20242022120992", "x": -104.9410400390625, "y": 39.741329193115234, "robbery": 1 }, "geometry": { "type": "Point", "coordinates": [ -104.941040038999972, 39.74132919300007 ] } },
{ "type": "Feature", "properties": { "OBJECTID": 31404, "id": "DENVER_2020_20242022122182", "x": -104.97231292724609, "y": 39.740188598632812, "robbery": 1 }, "geometry": { "type": "Point", "coordinates": [ -104.972312926999962, 39.740188599000078 ] } },
{ "type": "Feature", "properties": { "OBJECTID": 31405, "id": "DENVER_2020_20242022122898", "x": -104.98813629150391, "y": 39.727729797363281, "robbery": 1 }, "geometry": { "type": "Point", "coordinates": [ -104.988136291999979, 39.727729797000052 ] } },
{ "type": "Feature", "properties": { "OBJECTID": 31406, "id": "DENVER_2020_20242022123966", "x": -104.90498352050781, "y": 39.653518676757812, "robbery": 1 }, "geometry": { "type": "Point", "coordinates": [ -104.904983520999963, 39.653518677000079 ] } },
{ "type": "Feature", "properties": { "OBJECTID": 31407, "id": "DENVER_2020_20242022124037", "x": -105.02465057373047, "y": 39.662429809570312, "robbery": 1 }, "geometry": { "type": "Point", "coordinates": [ -105.024650573999963, 39.662429810000049 ] } },
{ "type": "Feature", "properties": { "OBJECTID": 31408, "id": "DENVER_2020_20242022124095", "x": -105.08804321289062, "y": 39.638111114501953, "robbery": 1 }, "geometry": { "type": "Point", "coordinates": [ -105.088043213, 39.638111115000072 ] } },
{ "type": "Feature", "properties": { "OBJECTID": 31409, "id": "DENVER_2020_20242022124295", "x": -105.01657104492188, "y": 39.760349273681641, "robbery": 1 }, "geometry": { "type": "Point", "coordinates": [ -105.016571044999978, 39.760349274000077 ] } },
{ "type": "Feature", "properties": { "OBJECTID": 31410, "id": "DENVER_2020_2024202212459", "x": -104.90145874023438, "y": 39.657661437988281, "robbery": 1 }, "geometry": { "type": "Point", "coordinates": [ -104.901458739999953, 39.657661438000048 ] } },
{ "type": "Feature", "properties": { "OBJECTID": 31411, "id": "DENVER_2020_2024202212476", "x": -104.88532257080078, "y": 39.651348114013672, "robbery": 1 }, "geometry": { "type": "Point", "coordinates": [ -104.885322570999961, 39.651348114000029 ] } },
{ "type": "Feature", "properties": { "OBJECTID": 31412, "id": "DENVER_2020_20242022126053", "x": -105.04074096679688, "y": 39.726200103759766, "robbery": 1 }, "geometry": { "type": "Point", "coordinates": [ -105.040740966999977, 39.726200104000043 ] } },
{ "type": "Feature", "properties": { "OBJECTID": 31413, "id": "DENVER_2020_2024202212667", "x": -104.98914337158203, "y": 39.745121002197266, "robbery": 1 }, "geometry": { "type": "Point", "coordinates": [ -104.989143371999944, 39.745121002000076 ] } },
{ "type": "Feature", "properties": { "OBJECTID": 31414, "id": "DENVER_2020_20242022126823", "x": -105.05484771728516, "y": 39.656459808349609, "robbery": 1 }, "geometry": { "type": "Point", "coordinates": [ -105.054847716999973, 39.656459808000079 ] } },
{ "type": "Feature", "properties": { "OBJECTID": 31415, "id": "DENVER_2020_20242022127642", "x": -104.81181335449219, "y": 39.784648895263672, "robbery": 1 }, "geometry": { "type": "Point", "coordinates": [ -104.81181335399998, 39.784648895000032 ] } },
{ "type": "Feature", "properties": { "OBJECTID": 31416, "id": "DENVER_2020_20242022127678", "x": -104.8424072265625, "y": 39.780540466308594, "robbery": 1 }, "geometry": { "type": "Point", "coordinates": [ -104.842407226999967, 39.780540466000048 ] } },
{ "type": "Feature", "properties": { "OBJECTID": 31417, "id": "DENVER_2020_2024202212844", "x": -104.91570281982422, "y": 39.739608764648438, "robbery": 1 }, "geometry": { "type": "Point", "coordinates": [ -104.915702819999979, 39.739608765000071 ] } },
{ "type": "Feature", "properties": { "OBJECTID": 31418, "id": "DENVER_2020_2024202212859", "x": -104.99643707275391, "y": 39.696998596191406, "robbery": 1 }, "geometry": { "type": "Point", "coordinates": [ -104.996437072999981, 39.696998596000071 ] } },
{ "type": "Feature", "properties": { "OBJECTID": 31419, "id": "DENVER_2020_2024202212904", "x": -105.02982330322266, "y": 39.709430694580078, "robbery": 1 }, "geometry": { "type": "Point", "coordinates": [ -105.029823302999944, 39.709430695000037 ] } },
{ "type": "Feature", "properties": { "OBJECTID": 31420, "id": "DENVER_2020_20242022129582", "x": -105.02189636230469, "y": 39.677581787109375, "robbery": 1 }, "geometry": { "type": "Point", "coordinates": [ -105.02189636199995, 39.677581787000065 ] } },
{ "type": "Feature", "properties": { "OBJECTID": 31421, "id": "DENVER_2020_2024202213050", "x": -104.92225646972656, "y": 39.678470611572266, "robbery": 1 }, "geometry": { "type": "Point", "coordinates": [ -104.922256469999979, 39.678470612000069 ] } },
{ "type": "Feature", "properties": { "OBJECTID": 31422, "id": "DENVER_2020_2024202213101", "x": -104.9044189453125, "y": 39.739528656005859, "robbery": 1 }, "geometry": { "type": "Point", "coordinates": [ -104.904418944999975, 39.739528656000061 ] } },
{ "type": "Feature", "properties": { "OBJECTID": 31423, "id": "DENVER_2020_20242022131493", "x": -104.94170379638672, "y": 39.703639984130859, "robbery": 1 }, "geometry": { "type": "Point", "coordinates": [ -104.941703795999956, 39.703639984000063 ] } },
{ "type": "Feature", "properties": { "OBJECTID": 31424, "id": "DENVER_2020_20242022131610", "x": -104.98325347900391, "y": 39.725399017333984, "robbery": 1 }, "geometry": { "type": "Point", "coordinates": [ -104.983253478999984, 39.725399017000029 ] } },
{ "type": "Feature", "properties": { "OBJECTID": 31425, "id": "DENVER_2020_20242022132545", "x": -105.02877044677734, "y": 39.733230590820312, "robbery": 1 }, "geometry": { "type": "Point", "coordinates": [ -105.028770446999943, 39.733230591000051 ] } },
{ "type": "Feature", "properties": { "OBJECTID": 31426, "id": "DENVER_2020_20242022133113", "x": -104.77346801757812, "y": 39.776798248291016, "robbery": 1 }, "geometry": { "type": "Point", "coordinates": [ -104.77346801799996, 39.776798248000034 ] } },
{ "type": "Feature", "properties": { "OBJECTID": 31427, "id": "DENVER_2020_20242022135036", "x": -104.90383911132812, "y": 39.727161407470703, "robbery": 1 }, "geometry": { "type": "Point", "coordinates": [ -104.903839110999968, 39.72716140700004 ] } },
{ "type": "Feature", "properties": { "OBJECTID": 31428, "id": "DENVER_2020_20242022135337", "x": -104.90396118164062, "y": 39.767238616943359, "robbery": 1 }, "geometry": { "type": "Point", "coordinates": [ -104.903961181999989, 39.767238617000032 ] } },
{ "type": "Feature", "properties": { "OBJECTID": 31429, "id": "DENVER_2020_20242022135578", "x": -104.77117919921875, "y": 39.80426025390625, "robbery": 1 }, "geometry": { "type": "Point", "coordinates": [ -104.77117919899996, 39.804260254000042 ] } },
{ "type": "Feature", "properties": { "OBJECTID": 31430, "id": "DENVER_2020_20242022135705", "x": -104.86640930175781, "y": 39.661018371582031, "robbery": 1 }, "geometry": { "type": "Point", "coordinates": [ -104.866409301999965, 39.661018372000058 ] } },
{ "type": "Feature", "properties": { "OBJECTID": 31431, "id": "DENVER_2020_2024202213601", "x": -104.98197937011719, "y": 39.733631134033203, "robbery": 1 }, "geometry": { "type": "Point", "coordinates": [ -104.981979369999976, 39.733631134000063 ] } },
{ "type": "Feature", "properties": { "OBJECTID": 31432, "id": "DENVER_2020_20242022136091", "x": -104.94097137451172, "y": 39.687278747558594, "robbery": 1 }, "geometry": { "type": "Point", "coordinates": [ -104.940971374999947, 39.68727874800004 ] } },
{ "type": "Feature", "properties": { "OBJECTID": 31433, "id": "DENVER_2020_20242022137129", "x": -104.91314697265625, "y": 39.649520874023438, "robbery": 1 }, "geometry": { "type": "Point", "coordinates": [ -104.913146972999982, 39.649520874000075 ] } },
{ "type": "Feature", "properties": { "OBJECTID": 31434, "id": "DENVER_2020_20242022137218", "x": -104.99259948730469, "y": 39.752941131591797, "robbery": 1 }, "geometry": { "type": "Point", "coordinates": [ -104.99259948699995, 39.752941132000046 ] } },
{ "type": "Feature", "properties": { "OBJECTID": 31435, "id": "DENVER_2020_20242022138311", "x": -105.02422332763672, "y": 39.769561767578125, "robbery": 1 }, "geometry": { "type": "Point", "coordinates": [ -105.024223327999948, 39.769561768000074 ] } },
{ "type": "Feature", "properties": { "OBJECTID": 31436, "id": "DENVER_2020_20242022138866", "x": -104.97872161865234, "y": 39.736881256103516, "robbery": 1 }, "geometry": { "type": "Point", "coordinates": [ -104.978721618999941, 39.736881256000061 ] } },
{ "type": "Feature", "properties": { "OBJECTID": 31437, "id": "DENVER_2020_20242022139153", "x": -104.91779327392578, "y": 39.677089691162109, "robbery": 1 }, "geometry": { "type": "Point", "coordinates": [ -104.917793273999962, 39.677089691000049 ] } },
{ "type": "Feature", "properties": { "OBJECTID": 31438, "id": "DENVER_2020_20242022140604", "x": -105.02522277832031, "y": 39.754840850830078, "robbery": 1 }, "geometry": { "type": "Point", "coordinates": [ -105.025222777999943, 39.75484085100004 ] } },
{ "type": "Feature", "properties": { "OBJECTID": 31439, "id": "DENVER_2020_20242022142206", "x": -104.89909362792969, "y": 39.740470886230469, "robbery": 1 }, "geometry": { "type": "Point", "coordinates": [ -104.899093627999946, 39.740470886000026 ] } },
{ "type": "Feature", "properties": { "OBJECTID": 31440, "id": "DENVER_2020_20242022142425", "x": -105.00240325927734, "y": 39.754741668701172, "robbery": 1 }, "geometry": { "type": "Point", "coordinates": [ -105.002403258999948, 39.754741669000055 ] } },
{ "type": "Feature", "properties": { "OBJECTID": 31441, "id": "DENVER_2020_20242022142893", "x": -104.91815948486328, "y": 39.674198150634766, "robbery": 1 }, "geometry": { "type": "Point", "coordinates": [ -104.918159485, 39.674198151000041 ] } },
{ "type": "Feature", "properties": { "OBJECTID": 31442, "id": "DENVER_2020_20242022143993", "x": -104.98890686035156, "y": 39.710380554199219, "robbery": 1 }, "geometry": { "type": "Point", "coordinates": [ -104.988906859999986, 39.710380554000039 ] } },
{ "type": "Feature", "properties": { "OBJECTID": 31443, "id": "DENVER_2020_20242022144300", "x": -104.99994659423828, "y": 39.753059387207031, "robbery": 1 }, "geometry": { "type": "Point", "coordinates": [ -104.999946593999937, 39.753059387000064 ] } },
{ "type": "Feature", "properties": { "OBJECTID": 31444, "id": "DENVER_2020_20242022144402", "x": -104.93968200683594, "y": 39.728958129882812, "robbery": 1 }, "geometry": { "type": "Point", "coordinates": [ -104.939682006999988, 39.72895813000008 ] } },
{ "type": "Feature", "properties": { "OBJECTID": 31445, "id": "DENVER_2020_20242022144431", "x": -105.0010986328125, "y": 39.753921508789062, "robbery": 1 }, "geometry": { "type": "Point", "coordinates": [ -105.00109863299997, 39.753921509000065 ] } },
{ "type": "Feature", "properties": { "OBJECTID": 31446, "id": "DENVER_2020_20242022144933", "x": -104.97511291503906, "y": 39.739860534667969, "robbery": 1 }, "geometry": { "type": "Point", "coordinates": [ -104.975112914999954, 39.739860535000048 ] } },
{ "type": "Feature", "properties": { "OBJECTID": 31447, "id": "DENVER_2020_20242022145876", "x": -104.94219970703125, "y": 39.687049865722656, "robbery": 1 }, "geometry": { "type": "Point", "coordinates": [ -104.942199706999986, 39.687049866000052 ] } },
{ "type": "Feature", "properties": { "OBJECTID": 31448, "id": "DENVER_2020_20242022146152", "x": -104.93609619140625, "y": 39.692829132080078, "robbery": 1 }, "geometry": { "type": "Point", "coordinates": [ -104.936096191, 39.692829132000043 ] } },
{ "type": "Feature", "properties": { "OBJECTID": 31449, "id": "DENVER_2020_20242022148096", "x": -105.01628112792969, "y": 39.756950378417969, "robbery": 1 }, "geometry": { "type": "Point", "coordinates": [ -105.016281127999946, 39.756950378000056 ] } },
{ "type": "Feature", "properties": { "OBJECTID": 31450, "id": "DENVER_2020_20242022149936", "x": -104.99503326416016, "y": 39.751091003417969, "robbery": 1 }, "geometry": { "type": "Point", "coordinates": [ -104.995033263999971, 39.751091003000056 ] } },
{ "type": "Feature", "properties": { "OBJECTID": 31451, "id": "DENVER_2020_20242022150642", "x": -104.98607635498047, "y": 39.754318237304688, "robbery": 1 }, "geometry": { "type": "Point", "coordinates": [ -104.986076354999966, 39.754318237000064 ] } },
{ "type": "Feature", "properties": { "OBJECTID": 31452, "id": "DENVER_2020_20242022151398", "x": -105.04695129394531, "y": 39.73590087890625, "robbery": 1 }, "geometry": { "type": "Point", "coordinates": [ -105.046951293999939, 39.735900879000042 ] } },
{ "type": "Feature", "properties": { "OBJECTID": 31453, "id": "DENVER_2020_20242022151487", "x": -104.98325347900391, "y": 39.725399017333984, "robbery": 1 }, "geometry": { "type": "Point", "coordinates": [ -104.983253478999984, 39.725399017000029 ] } },
{ "type": "Feature", "properties": { "OBJECTID": 31454, "id": "DENVER_2020_20242022152131", "x": -104.97650909423828, "y": 39.670619964599609, "robbery": 1 }, "geometry": { "type": "Point", "coordinates": [ -104.976509093999937, 39.670619965000071 ] } },
{ "type": "Feature", "properties": { "OBJECTID": 31455, "id": "DENVER_2020_20242022152581", "x": -104.80716705322266, "y": 39.779510498046875, "robbery": 1 }, "geometry": { "type": "Point", "coordinates": [ -104.807167052999944, 39.779510498000036 ] } },
{ "type": "Feature", "properties": { "OBJECTID": 31456, "id": "DENVER_2020_2024202215297", "x": -104.99400329589844, "y": 39.722530364990234, "robbery": 1 }, "geometry": { "type": "Point", "coordinates": [ -104.99400329599996, 39.722530365000068 ] } },
{ "type": "Feature", "properties": { "OBJECTID": 31457, "id": "DENVER_2020_20242022153060", "x": -105.08071136474609, "y": 39.66571044921875, "robbery": 1 }, "geometry": { "type": "Point", "coordinates": [ -105.080711364999956, 39.665710449000073 ] } },
{ "type": "Feature", "properties": { "OBJECTID": 31458, "id": "DENVER_2020_2024202215353", "x": -104.938232421875, "y": 39.694419860839844, "robbery": 1 }, "geometry": { "type": "Point", "coordinates": [ -104.938232421999942, 39.694419861000029 ] } },
{ "type": "Feature", "properties": { "OBJECTID": 31459, "id": "DENVER_2020_20242022154680", "x": -105.00234222412109, "y": 39.754890441894531, "robbery": 1 }, "geometry": { "type": "Point", "coordinates": [ -105.00234222399996, 39.754890442000033 ] } },
{ "type": "Feature", "properties": { "OBJECTID": 31460, "id": "DENVER_2020_20242022155043", "x": -104.94107055664062, "y": 39.693431854248047, "robbery": 1 }, "geometry": { "type": "Point", "coordinates": [ -104.941070556999989, 39.693431854000039 ] } },
{ "type": "Feature", "properties": { "OBJECTID": 31461, "id": "DENVER_2020_20242022156159", "x": -104.98533630371094, "y": 39.758548736572266, "robbery": 1 }, "geometry": { "type": "Point", "coordinates": [ -104.985336303999986, 39.758548737000069 ] } },
{ "type": "Feature", "properties": { "OBJECTID": 31462, "id": "DENVER_2020_20242022157757", "x": -104.98650360107422, "y": 39.741809844970703, "robbery": 1 }, "geometry": { "type": "Point", "coordinates": [ -104.986503600999981, 39.741809845000034 ] } },
{ "type": "Feature", "properties": { "OBJECTID": 31463, "id": "DENVER_2020_202420221578", "x": -104.95793151855469, "y": 39.725421905517578, "robbery": 1 }, "geometry": { "type": "Point", "coordinates": [ -104.957931518999942, 39.725421906000065 ] } },
{ "type": "Feature", "properties": { "OBJECTID": 31464, "id": "DENVER_2020_20242022158575", "x": -105.02577209472656, "y": 39.692478179931641, "robbery": 1 }, "geometry": { "type": "Point", "coordinates": [ -105.025772094999979, 39.69247818000008 ] } },
{ "type": "Feature", "properties": { "OBJECTID": 31465, "id": "DENVER_2020_20242022158785", "x": -104.94010162353516, "y": 39.733478546142578, "robbery": 1 }, "geometry": { "type": "Point", "coordinates": [ -104.940101623999965, 39.733478546000072 ] } },
{ "type": "Feature", "properties": { "OBJECTID": 31466, "id": "DENVER_2020_20242022158821", "x": -104.94168853759766, "y": 39.680870056152344, "robbery": 1 }, "geometry": { "type": "Point", "coordinates": [ -104.941688537999937, 39.68087005600006 ] } },
{ "type": "Feature", "properties": { "OBJECTID": 31467, "id": "DENVER_2020_20242022160079", "x": -104.99314880371094, "y": 39.757850646972656, "robbery": 1 }, "geometry": { "type": "Point", "coordinates": [ -104.993148803999986, 39.757850647000055 ] } },
{ "type": "Feature", "properties": { "OBJECTID": 31468, "id": "DENVER_2020_20242022160087", "x": -105.0152587890625, "y": 39.696479797363281, "robbery": 1 }, "geometry": { "type": "Point", "coordinates": [ -105.015258788999972, 39.696479797000052 ] } },
{ "type": "Feature", "properties": { "OBJECTID": 31469, "id": "DENVER_2020_20242022160279", "x": -104.9544677734375, "y": 39.718528747558594, "robbery": 1 }, "geometry": { "type": "Point", "coordinates": [ -104.954467772999976, 39.71852874800004 ] } },
{ "type": "Feature", "properties": { "OBJECTID": 31470, "id": "DENVER_2020_20242022160577", "x": -104.96719360351562, "y": 39.75823974609375, "robbery": 1 }, "geometry": { "type": "Point", "coordinates": [ -104.967193603999988, 39.758239746000072 ] } },
{ "type": "Feature", "properties": { "OBJECTID": 31471, "id": "DENVER_2020_2024202216082", "x": -105.03385925292969, "y": 39.758228302001953, "robbery": 1 }, "geometry": { "type": "Point", "coordinates": [ -105.033859252999946, 39.758228302000077 ] } },
{ "type": "Feature", "properties": { "OBJECTID": 31472, "id": "DENVER_2020_20242022161496", "x": -104.98213195800781, "y": 39.745029449462891, "robbery": 1 }, "geometry": { "type": "Point", "coordinates": [ -104.982131957999968, 39.745029449000072 ] } },
{ "type": "Feature", "properties": { "OBJECTID": 31473, "id": "DENVER_2020_20242022161717", "x": -104.87316131591797, "y": 39.665428161621094, "robbery": 1 }, "geometry": { "type": "Point", "coordinates": [ -104.873161315999937, 39.665428162000069 ] } },
{ "type": "Feature", "properties": { "OBJECTID": 31474, "id": "DENVER_2020_20242022161839", "x": -104.97440338134766, "y": 39.725368499755859, "robbery": 1 }, "geometry": { "type": "Point", "coordinates": [ -104.974403380999945, 39.725368500000059 ] } },
{ "type": "Feature", "properties": { "OBJECTID": 31475, "id": "DENVER_2020_20242022161855", "x": -104.77068328857422, "y": 39.783428192138672, "robbery": 1 }, "geometry": { "type": "Point", "coordinates": [ -104.770683288999976, 39.783428192000031 ] } },
{ "type": "Feature", "properties": { "OBJECTID": 31476, "id": "DENVER_2020_20242022162504", "x": -104.87088775634766, "y": 39.653469085693359, "robbery": 1 }, "geometry": { "type": "Point", "coordinates": [ -104.870887755999945, 39.65346908600003 ] } },
{ "type": "Feature", "properties": { "OBJECTID": 31477, "id": "DENVER_2020_20242022163641", "x": -104.99857330322266, "y": 39.75775146484375, "robbery": 1 }, "geometry": { "type": "Point", "coordinates": [ -104.998573302999944, 39.757751465000069 ] } },
{ "type": "Feature", "properties": { "OBJECTID": 31478, "id": "DENVER_2020_2024202216422", "x": -105.04319763183594, "y": 39.704280853271484, "robbery": 1 }, "geometry": { "type": "Point", "coordinates": [ -105.043197631999988, 39.704280853000057 ] } },
{ "type": "Feature", "properties": { "OBJECTID": 31479, "id": "DENVER_2020_20242022165148", "x": -105.00019073486328, "y": 39.718399047851562, "robbery": 1 }, "geometry": { "type": "Point", "coordinates": [ -105.000190735, 39.718399048000038 ] } },
{ "type": "Feature", "properties": { "OBJECTID": 31480, "id": "DENVER_2020_20242022165480", "x": -104.98710632324219, "y": 39.690101623535156, "robbery": 1 }, "geometry": { "type": "Point", "coordinates": [ -104.987106322999978, 39.690101624000079 ] } },
{ "type": "Feature", "properties": { "OBJECTID": 31481, "id": "DENVER_2020_20242022166304", "x": -104.87483978271484, "y": 39.671329498291016, "robbery": 1 }, "geometry": { "type": "Point", "coordinates": [ -104.87483978299997, 39.671329498000034 ] } },
{ "type": "Feature", "properties": { "OBJECTID": 31482, "id": "DENVER_2020_20242022166541", "x": -105.05357360839844, "y": 39.733348846435547, "robbery": 1 }, "geometry": { "type": "Point", "coordinates": [ -105.053573607999965, 39.733348846000069 ] } },
{ "type": "Feature", "properties": { "OBJECTID": 31483, "id": "DENVER_2020_20242022166544", "x": -104.98773193359375, "y": 39.714241027832031, "robbery": 1 }, "geometry": { "type": "Point", "coordinates": [ -104.987731933999953, 39.71424102800006 ] } },
{ "type": "Feature", "properties": { "OBJECTID": 31484, "id": "DENVER_2020_2024202216755", "x": -104.96312713623047, "y": 39.739429473876953, "robbery": 1 }, "geometry": { "type": "Point", "coordinates": [ -104.963127135999969, 39.739429474000076 ] } },
{ "type": "Feature", "properties": { "OBJECTID": 31485, "id": "DENVER_2020_20242022168597", "x": -104.89366149902344, "y": 39.7398681640625, "robbery": 1 }, "geometry": { "type": "Point", "coordinates": [ -104.893661498999961, 39.739868164000029 ] } },
{ "type": "Feature", "properties": { "OBJECTID": 31486, "id": "DENVER_2020_20242022169178", "x": -104.80979919433594, "y": 39.783748626708984, "robbery": 1 }, "geometry": { "type": "Point", "coordinates": [ -104.809799194, 39.78374862700008 ] } },
{ "type": "Feature", "properties": { "OBJECTID": 31487, "id": "DENVER_2020_20242022169731", "x": -104.94017028808594, "y": 39.764778137207031, "robbery": 1 }, "geometry": { "type": "Point", "coordinates": [ -104.940170288, 39.764778137000064 ] } },
{ "type": "Feature", "properties": { "OBJECTID": 31488, "id": "DENVER_2020_20242022170507", "x": -104.84751129150391, "y": 39.770740509033203, "robbery": 1 }, "geometry": { "type": "Point", "coordinates": [ -104.847511291999979, 39.770740509000063 ] } },
{ "type": "Feature", "properties": { "OBJECTID": 31489, "id": "DENVER_2020_20242022170698", "x": -104.77288818359375, "y": 39.814979553222656, "robbery": 1 }, "geometry": { "type": "Point", "coordinates": [ -104.772888183999953, 39.814979553000057 ] } },
{ "type": "Feature", "properties": { "OBJECTID": 31490, "id": "DENVER_2020_20242022171037", "x": -104.77095794677734, "y": 39.802101135253906, "robbery": 1 }, "geometry": { "type": "Point", "coordinates": [ -104.770957946999943, 39.802101135000044 ] } },
{ "type": "Feature", "properties": { "OBJECTID": 31491, "id": "DENVER_2020_20242022171269", "x": -104.8927001953125, "y": 39.781120300292969, "robbery": 1 }, "geometry": { "type": "Point", "coordinates": [ -104.892700194999975, 39.781120300000055 ] } },
{ "type": "Feature", "properties": { "OBJECTID": 31492, "id": "DENVER_2020_20242022171731", "x": -104.89502716064453, "y": 39.783611297607422, "robbery": 1 }, "geometry": { "type": "Point", "coordinates": [ -104.895027160999973, 39.783611298000039 ] } },
{ "type": "Feature", "properties": { "OBJECTID": 31493, "id": "DENVER_2020_20242022171765", "x": -104.98877716064453, "y": 39.742809295654297, "robbery": 1 }, "geometry": { "type": "Point", "coordinates": [ -104.988777160999973, 39.742809296000075 ] } },
{ "type": "Feature", "properties": { "OBJECTID": 31494, "id": "DENVER_2020_20242022172431", "x": -104.99198150634766, "y": 39.752399444580078, "robbery": 1 }, "geometry": { "type": "Point", "coordinates": [ -104.991981505999945, 39.752399445000037 ] } },
{ "type": "Feature", "properties": { "OBJECTID": 31495, "id": "DENVER_2020_20242022172934", "x": -104.89869689941406, "y": 39.63629150390625, "robbery": 1 }, "geometry": { "type": "Point", "coordinates": [ -104.898696898999958, 39.636291504000042 ] } },
{ "type": "Feature", "properties": { "OBJECTID": 31496, "id": "DENVER_2020_20242022173884", "x": -104.90342712402344, "y": 39.702098846435547, "robbery": 1 }, "geometry": { "type": "Point", "coordinates": [ -104.903427123999961, 39.702098846000069 ] } },
{ "type": "Feature", "properties": { "OBJECTID": 31497, "id": "DENVER_2020_20242022174529", "x": -104.99217987060547, "y": 39.675788879394531, "robbery": 1 }, "geometry": { "type": "Point", "coordinates": [ -104.992179870999962, 39.675788879000038 ] } },
{ "type": "Feature", "properties": { "OBJECTID": 31498, "id": "DENVER_2020_20242022174889", "x": -105.05357360839844, "y": 39.733348846435547, "robbery": 1 }, "geometry": { "type": "Point", "coordinates": [ -105.053573607999965, 39.733348846000069 ] } },
{ "type": "Feature", "properties": { "OBJECTID": 31499, "id": "DENVER_2020_20242022174951", "x": -104.88645172119141, "y": 39.74774169921875, "robbery": 1 }, "geometry": { "type": "Point", "coordinates": [ -104.886451720999958, 39.747741699000073 ] } },
{ "type": "Feature", "properties": { "OBJECTID": 31500, "id": "DENVER_2020_20242022175594", "x": -104.99392700195312, "y": 39.746139526367188, "robbery": 1 }, "geometry": { "type": "Point", "coordinates": [ -104.993927001999964, 39.746139526000036 ] } },
{ "type": "Feature", "properties": { "OBJECTID": 31501, "id": "DENVER_2020_20242022175646", "x": -104.97633361816406, "y": 39.7398681640625, "robbery": 1 }, "geometry": { "type": "Point", "coordinates": [ -104.976333617999956, 39.739868164000029 ] } },
{ "type": "Feature", "properties": { "OBJECTID": 31502, "id": "DENVER_2020_20242022175979", "x": -104.94078063964844, "y": 39.704250335693359, "robbery": 1 }, "geometry": { "type": "Point", "coordinates": [ -104.940780639999957, 39.70425033600003 ] } },
{ "type": "Feature", "properties": { "OBJECTID": 31503, "id": "DENVER_2020_20242022176218", "x": -104.88474273681641, "y": 39.760990142822266, "robbery": 1 }, "geometry": { "type": "Point", "coordinates": [ -104.884742736999954, 39.760990143000072 ] } },
{ "type": "Feature", "properties": { "OBJECTID": 31504, "id": "DENVER_2020_20242022177495", "x": -104.91287231445312, "y": 39.767459869384766, "robbery": 1 }, "geometry": { "type": "Point", "coordinates": [ -104.912872313999969, 39.767459869000049 ] } },
{ "type": "Feature", "properties": { "OBJECTID": 31505, "id": "DENVER_2020_20242022177629", "x": -105.09340667724609, "y": 39.6256103515625, "robbery": 1 }, "geometry": { "type": "Point", "coordinates": [ -105.093406676999962, 39.625610352000081 ] } },
{ "type": "Feature", "properties": { "OBJECTID": 31506, "id": "DENVER_2020_20242022177958", "x": -104.99443054199219, "y": 39.745761871337891, "robbery": 1 }, "geometry": { "type": "Point", "coordinates": [ -104.994430541999975, 39.74576187100007 ] } },
{ "type": "Feature", "properties": { "OBJECTID": 31507, "id": "DENVER_2020_20242022178156", "x": -104.87156677246094, "y": 39.653678894042969, "robbery": 1 }, "geometry": { "type": "Point", "coordinates": [ -104.871566771999937, 39.653678894000052 ] } },
{ "type": "Feature", "properties": { "OBJECTID": 31508, "id": "DENVER_2020_20242022178387", "x": -104.98696899414062, "y": 39.742069244384766, "robbery": 1 }, "geometry": { "type": "Point", "coordinates": [ -104.986968993999938, 39.742069244000049 ] } },
{ "type": "Feature", "properties": { "OBJECTID": 31509, "id": "DENVER_2020_20242022179499", "x": -105.00652313232422, "y": 39.783039093017578, "robbery": 1 }, "geometry": { "type": "Point", "coordinates": [ -105.006523131999984, 39.78303909300007 ] } },
{ "type": "Feature", "properties": { "OBJECTID": 31510, "id": "DENVER_2020_20242022179848", "x": -104.99761199951172, "y": 39.750038146972656, "robbery": 1 }, "geometry": { "type": "Point", "coordinates": [ -104.997612, 39.750038147000055 ] } },
{ "type": "Feature", "properties": { "OBJECTID": 31511, "id": "DENVER_2020_20242022180039", "x": -105.04427337646484, "y": 39.754810333251953, "robbery": 1 }, "geometry": { "type": "Point", "coordinates": [ -105.044273375999978, 39.75481033300008 ] } },
{ "type": "Feature", "properties": { "OBJECTID": 31512, "id": "DENVER_2020_20242022180165", "x": -104.98245239257812, "y": 39.718479156494141, "robbery": 1 }, "geometry": { "type": "Point", "coordinates": [ -104.98245239299996, 39.718479156000058 ] } },
{ "type": "Feature", "properties": { "OBJECTID": 31513, "id": "DENVER_2020_2024202218080", "x": -104.98811340332031, "y": 39.755081176757812, "robbery": 1 }, "geometry": { "type": "Point", "coordinates": [ -104.988113402999943, 39.755081177000079 ] } },
{ "type": "Feature", "properties": { "OBJECTID": 31514, "id": "DENVER_2020_20242022181700", "x": -105.03946685791016, "y": 39.734760284423828, "robbery": 1 }, "geometry": { "type": "Point", "coordinates": [ -105.039466857999969, 39.73476028400006 ] } },
{ "type": "Feature", "properties": { "OBJECTID": 31515, "id": "DENVER_2020_20242022181751", "x": -104.98805999755859, "y": 39.711589813232422, "robbery": 1 }, "geometry": { "type": "Point", "coordinates": [ -104.988059997999983, 39.711589813000046 ] } },
{ "type": "Feature", "properties": { "OBJECTID": 31516, "id": "DENVER_2020_2024202218282", "x": -104.99376678466797, "y": 39.750438690185547, "robbery": 1 }, "geometry": { "type": "Point", "coordinates": [ -104.993766785, 39.750438690000067 ] } },
{ "type": "Feature", "properties": { "OBJECTID": 31517, "id": "DENVER_2020_202420221831", "x": -104.972900390625, "y": 39.766288757324219, "robbery": 1 }, "geometry": { "type": "Point", "coordinates": [ -104.972900390999939, 39.766288757000041 ] } },
{ "type": "Feature", "properties": { "OBJECTID": 31518, "id": "DENVER_2020_20242022183384", "x": -104.87702941894531, "y": 39.723461151123047, "robbery": 1 }, "geometry": { "type": "Point", "coordinates": [ -104.877029418999939, 39.723461151000038 ] } },
{ "type": "Feature", "properties": { "OBJECTID": 31519, "id": "DENVER_2020_20242022184768", "x": -105.08743286132812, "y": 39.630569458007812, "robbery": 1 }, "geometry": { "type": "Point", "coordinates": [ -105.087432860999968, 39.630569458000025 ] } },
{ "type": "Feature", "properties": { "OBJECTID": 31520, "id": "DENVER_2020_20242022185814", "x": -104.88503265380859, "y": 39.733058929443359, "robbery": 1 }, "geometry": { "type": "Point", "coordinates": [ -104.885032653999986, 39.733058929000038 ] } },
{ "type": "Feature", "properties": { "OBJECTID": 31521, "id": "DENVER_2020_20242022186821", "x": -105.00466156005859, "y": 39.739669799804688, "robbery": 1 }, "geometry": { "type": "Point", "coordinates": [ -105.004661559999988, 39.739669800000058 ] } },
{ "type": "Feature", "properties": { "OBJECTID": 31522, "id": "DENVER_2020_20242022187251", "x": -104.95169830322266, "y": 39.738368988037109, "robbery": 1 }, "geometry": { "type": "Point", "coordinates": [ -104.951698302999944, 39.738368988000047 ] } },
{ "type": "Feature", "properties": { "OBJECTID": 31523, "id": "DENVER_2020_20242022188476", "x": -104.98738098144531, "y": 39.754421234130859, "robbery": 1 }, "geometry": { "type": "Point", "coordinates": [ -104.987380980999944, 39.754421234000063 ] } },
{ "type": "Feature", "properties": { "OBJECTID": 31524, "id": "DENVER_2020_20242022189475", "x": -104.92751312255859, "y": 39.676189422607422, "robbery": 1 }, "geometry": { "type": "Point", "coordinates": [ -104.927513122999983, 39.676189423000039 ] } },
{ "type": "Feature", "properties": { "OBJECTID": 31525, "id": "DENVER_2020_20242022189782", "x": -104.98885345458984, "y": 39.732059478759766, "robbery": 1 }, "geometry": { "type": "Point", "coordinates": [ -104.988853454999969, 39.732059479000043 ] } },
{ "type": "Feature", "properties": { "OBJECTID": 31526, "id": "DENVER_2020_20242022190160", "x": -104.95947265625, "y": 39.768081665039062, "robbery": 1 }, "geometry": { "type": "Point", "coordinates": [ -104.959472655999946, 39.768081665000068 ] } },
{ "type": "Feature", "properties": { "OBJECTID": 31527, "id": "DENVER_2020_20242022190524", "x": -104.98735046386719, "y": 39.714370727539062, "robbery": 1 }, "geometry": { "type": "Point", "coordinates": [ -104.987350463999974, 39.714370728000063 ] } },
{ "type": "Feature", "properties": { "OBJECTID": 31528, "id": "DENVER_2020_20242022191319", "x": -104.99910736083984, "y": 39.707328796386719, "robbery": 1 }, "geometry": { "type": "Point", "coordinates": [ -104.999107360999972, 39.70732879600007 ] } },
{ "type": "Feature", "properties": { "OBJECTID": 31529, "id": "DENVER_2020_20242022191341", "x": -104.76982879638672, "y": 39.810390472412109, "robbery": 1 }, "geometry": { "type": "Point", "coordinates": [ -104.769828795999956, 39.810390472000051 ] } },
{ "type": "Feature", "properties": { "OBJECTID": 31530, "id": "DENVER_2020_20242022192394", "x": -104.98602294921875, "y": 39.685680389404297, "robbery": 1 }, "geometry": { "type": "Point", "coordinates": [ -104.98602294899996, 39.685680389000026 ] } },
{ "type": "Feature", "properties": { "OBJECTID": 31531, "id": "DENVER_2020_20242022192524", "x": -104.97331237792969, "y": 39.740760803222656, "robbery": 1 }, "geometry": { "type": "Point", "coordinates": [ -104.973312377999946, 39.740760803000057 ] } },
{ "type": "Feature", "properties": { "OBJECTID": 31532, "id": "DENVER_2020_20242022192585", "x": -105.02513122558594, "y": 39.755138397216797, "robbery": 1 }, "geometry": { "type": "Point", "coordinates": [ -105.025131225999985, 39.755138397000053 ] } },
{ "type": "Feature", "properties": { "OBJECTID": 31533, "id": "DENVER_2020_20242022192625", "x": -104.97888946533203, "y": 39.740150451660156, "robbery": 1 }, "geometry": { "type": "Point", "coordinates": [ -104.978889464999952, 39.74015045200008 ] } },
{ "type": "Feature", "properties": { "OBJECTID": 31534, "id": "DENVER_2020_20242022192775", "x": -104.96563720703125, "y": 39.739261627197266, "robbery": 1 }, "geometry": { "type": "Point", "coordinates": [ -104.965637206999986, 39.739261627000076 ] } },
{ "type": "Feature", "properties": { "OBJECTID": 31535, "id": "DENVER_2020_20242022192776", "x": -105.03804779052734, "y": 39.759410858154297, "robbery": 1 }, "geometry": { "type": "Point", "coordinates": [ -105.03804779099994, 39.759410858000081 ] } },
{ "type": "Feature", "properties": { "OBJECTID": 31536, "id": "DENVER_2020_20242022192819", "x": -104.90254974365234, "y": 39.759170532226562, "robbery": 1 }, "geometry": { "type": "Point", "coordinates": [ -104.902549743999941, 39.759170532000041 ] } },
{ "type": "Feature", "properties": { "OBJECTID": 31537, "id": "DENVER_2020_20242022193093", "x": -104.97038269042969, "y": 39.738731384277344, "robbery": 1 }, "geometry": { "type": "Point", "coordinates": [ -104.970382689999951, 39.738731384000062 ] } },
{ "type": "Feature", "properties": { "OBJECTID": 31538, "id": "DENVER_2020_20242022193231", "x": -104.99423980712891, "y": 39.744560241699219, "robbery": 1 }, "geometry": { "type": "Point", "coordinates": [ -104.994239806999985, 39.744560242000034 ] } },
{ "type": "Feature", "properties": { "OBJECTID": 31539, "id": "DENVER_2020_20242022194408", "x": -104.95054626464844, "y": 39.718151092529297, "robbery": 1 }, "geometry": { "type": "Point", "coordinates": [ -104.950546264999957, 39.718151093000074 ] } },
{ "type": "Feature", "properties": { "OBJECTID": 31540, "id": "DENVER_2020_20242022194977", "x": -105.02509307861328, "y": 39.711170196533203, "robbery": 1 }, "geometry": { "type": "Point", "coordinates": [ -105.025093078999987, 39.711170197000058 ] } },
{ "type": "Feature", "properties": { "OBJECTID": 31541, "id": "DENVER_2020_20242022195084", "x": -104.97280883789062, "y": 39.738601684570312, "robbery": 1 }, "geometry": { "type": "Point", "coordinates": [ -104.972808838, 39.738601685000049 ] } },
{ "type": "Feature", "properties": { "OBJECTID": 31542, "id": "DENVER_2020_20242022196939", "x": -104.93406677246094, "y": 39.7406005859375, "robbery": 1 }, "geometry": { "type": "Point", "coordinates": [ -104.934066771999937, 39.740600586000028 ] } },
{ "type": "Feature", "properties": { "OBJECTID": 31543, "id": "DENVER_2020_20242022198128", "x": -105.054443359375, "y": 39.679550170898438, "robbery": 1 }, "geometry": { "type": "Point", "coordinates": [ -105.054443358999947, 39.679550171000074 ] } },
{ "type": "Feature", "properties": { "OBJECTID": 31544, "id": "DENVER_2020_20242022198295", "x": -105.02429962158203, "y": 39.688831329345703, "robbery": 1 }, "geometry": { "type": "Point", "coordinates": [ -105.024299621999944, 39.688831329000038 ] } },
{ "type": "Feature", "properties": { "OBJECTID": 31545, "id": "DENVER_2020_20242022198450", "x": -105.03205108642578, "y": 39.761878967285156, "robbery": 1 }, "geometry": { "type": "Point", "coordinates": [ -105.032051085999967, 39.76187896700003 ] } },
{ "type": "Feature", "properties": { "OBJECTID": 31546, "id": "DENVER_2020_20242022198953", "x": -105.09249114990234, "y": 39.614990234375, "robbery": 1 }, "geometry": { "type": "Point", "coordinates": [ -105.092491149999944, 39.614990234000061 ] } },
{ "type": "Feature", "properties": { "OBJECTID": 31547, "id": "DENVER_2020_20242022200051", "x": -104.89991760253906, "y": 39.766139984130859, "robbery": 1 }, "geometry": { "type": "Point", "coordinates": [ -104.899917602999949, 39.766139984000063 ] } },
{ "type": "Feature", "properties": { "OBJECTID": 31548, "id": "DENVER_2020_20242022200796", "x": -104.97553253173828, "y": 39.739101409912109, "robbery": 1 }, "geometry": { "type": "Point", "coordinates": [ -104.975532531999988, 39.739101410000046 ] } },
{ "type": "Feature", "properties": { "OBJECTID": 31549, "id": "DENVER_2020_20242022201062", "x": -104.98442840576172, "y": 39.759120941162109, "robbery": 1 }, "geometry": { "type": "Point", "coordinates": [ -104.98442840599995, 39.759120941000049 ] } },
{ "type": "Feature", "properties": { "OBJECTID": 31550, "id": "DENVER_2020_20242022202743", "x": -104.90495300292969, "y": 39.720211029052734, "robbery": 1 }, "geometry": { "type": "Point", "coordinates": [ -104.904953002999946, 39.720211029000041 ] } },
{ "type": "Feature", "properties": { "OBJECTID": 31551, "id": "DENVER_2020_20242022202902", "x": -105.0286865234375, "y": 39.734760284423828, "robbery": 1 }, "geometry": { "type": "Point", "coordinates": [ -105.028686522999976, 39.73476028400006 ] } },
{ "type": "Feature", "properties": { "OBJECTID": 31552, "id": "DENVER_2020_20242022203080", "x": -104.87396240234375, "y": 39.654251098632812, "robbery": 1 }, "geometry": { "type": "Point", "coordinates": [ -104.873962401999961, 39.654251099000078 ] } },
{ "type": "Feature", "properties": { "OBJECTID": 31553, "id": "DENVER_2020_20242022203440", "x": -105.08985900878906, "y": 39.631370544433594, "robbery": 1 }, "geometry": { "type": "Point", "coordinates": [ -105.089859008999952, 39.631370544000049 ] } },
{ "type": "Feature", "properties": { "OBJECTID": 31554, "id": "DENVER_2020_2024202220407", "x": -104.98780822753906, "y": 39.709690093994141, "robbery": 1 }, "geometry": { "type": "Point", "coordinates": [ -104.987808227999949, 39.709690094000052 ] } },
{ "type": "Feature", "properties": { "OBJECTID": 31555, "id": "DENVER_2020_20242022204513", "x": -104.76872253417969, "y": 39.776290893554688, "robbery": 1 }, "geometry": { "type": "Point", "coordinates": [ -104.768722533999949, 39.776290894000056 ] } },
{ "type": "Feature", "properties": { "OBJECTID": 31556, "id": "DENVER_2020_20242022206461", "x": -104.91271209716797, "y": 39.674690246582031, "robbery": 1 }, "geometry": { "type": "Point", "coordinates": [ -104.91271209699994, 39.674690247000058 ] } },
{ "type": "Feature", "properties": { "OBJECTID": 31557, "id": "DENVER_2020_20242022207376", "x": -105.00234222412109, "y": 39.754890441894531, "robbery": 1 }, "geometry": { "type": "Point", "coordinates": [ -105.00234222399996, 39.754890442000033 ] } },
{ "type": "Feature", "properties": { "OBJECTID": 31558, "id": "DENVER_2020_2024202220749", "x": -104.94123840332031, "y": 39.677890777587891, "robbery": 1 }, "geometry": { "type": "Point", "coordinates": [ -104.941238402999943, 39.677890778000062 ] } },
{ "type": "Feature", "properties": { "OBJECTID": 31559, "id": "DENVER_2020_20242022207517", "x": -104.99849700927734, "y": 39.728778839111328, "robbery": 1 }, "geometry": { "type": "Point", "coordinates": [ -104.998497008999948, 39.728778839000029 ] } },
{ "type": "Feature", "properties": { "OBJECTID": 31560, "id": "DENVER_2020_20242022207789", "x": -105.017578125, "y": 39.786529541015625, "robbery": 1 }, "geometry": { "type": "Point", "coordinates": [ -105.017578124999943, 39.78652954100005 ] } },
{ "type": "Feature", "properties": { "OBJECTID": 31561, "id": "DENVER_2020_20242022208304", "x": -104.99394989013672, "y": 39.746528625488281, "robbery": 1 }, "geometry": { "type": "Point", "coordinates": [ -104.993949889999953, 39.746528625000053 ] } },
{ "type": "Feature", "properties": { "OBJECTID": 31562, "id": "DENVER_2020_20242022209011", "x": -104.98455810546875, "y": 39.766639709472656, "robbery": 1 }, "geometry": { "type": "Point", "coordinates": [ -104.984558104999962, 39.76663970900006 ] } },
{ "type": "Feature", "properties": { "OBJECTID": 31563, "id": "DENVER_2020_20242022210296", "x": -104.83625793457031, "y": 39.788730621337891, "robbery": 1 }, "geometry": { "type": "Point", "coordinates": [ -104.836257935, 39.78873062100007 ] } },
{ "type": "Feature", "properties": { "OBJECTID": 31564, "id": "DENVER_2020_20242022210454", "x": -104.87052917480469, "y": 39.704330444335938, "robbery": 1 }, "geometry": { "type": "Point", "coordinates": [ -104.870529174999945, 39.70433044400005 ] } },
{ "type": "Feature", "properties": { "OBJECTID": 31565, "id": "DENVER_2020_20242022210892", "x": -104.83625793457031, "y": 39.788730621337891, "robbery": 1 }, "geometry": { "type": "Point", "coordinates": [ -104.836257935, 39.78873062100007 ] } },
{ "type": "Feature", "properties": { "OBJECTID": 31566, "id": "DENVER_2020_20242022212147", "x": -105.06217956542969, "y": 39.662288665771484, "robbery": 1 }, "geometry": { "type": "Point", "coordinates": [ -105.062179564999951, 39.662288666000052 ] } },
{ "type": "Feature", "properties": { "OBJECTID": 31567, "id": "DENVER_2020_20242022213316", "x": -104.91570281982422, "y": 39.739608764648438, "robbery": 1 }, "geometry": { "type": "Point", "coordinates": [ -104.915702819999979, 39.739608765000071 ] } },
{ "type": "Feature", "properties": { "OBJECTID": 31568, "id": "DENVER_2020_20242022214707", "x": -104.97511291503906, "y": 39.739860534667969, "robbery": 1 }, "geometry": { "type": "Point", "coordinates": [ -104.975112914999954, 39.739860535000048 ] } },
{ "type": "Feature", "properties": { "OBJECTID": 31569, "id": "DENVER_2020_20242022215569", "x": -104.91240692138672, "y": 39.701759338378906, "robbery": 1 }, "geometry": { "type": "Point", "coordinates": [ -104.912406920999956, 39.701759338000045 ] } },
{ "type": "Feature", "properties": { "OBJECTID": 31570, "id": "DENVER_2020_20242022215741", "x": -104.94883728027344, "y": 39.751018524169922, "robbery": 1 }, "geometry": { "type": "Point", "coordinates": [ -104.948837279999964, 39.751018524000074 ] } },
{ "type": "Feature", "properties": { "OBJECTID": 31571, "id": "DENVER_2020_20242022215766", "x": -104.90741729736328, "y": 39.653469085693359, "robbery": 1 }, "geometry": { "type": "Point", "coordinates": [ -104.907417296999938, 39.65346908600003 ] } },
{ "type": "Feature", "properties": { "OBJECTID": 31572, "id": "DENVER_2020_20242022216096", "x": -104.91561889648438, "y": 39.737461090087891, "robbery": 1 }, "geometry": { "type": "Point", "coordinates": [ -104.915618895999955, 39.737461090000068 ] } },
{ "type": "Feature", "properties": { "OBJECTID": 31573, "id": "DENVER_2020_20242022217502", "x": -104.94007110595703, "y": 39.660980224609375, "robbery": 1 }, "geometry": { "type": "Point", "coordinates": [ -104.940071105999948, 39.66098022500006 ] } },
{ "type": "Feature", "properties": { "OBJECTID": 31574, "id": "DENVER_2020_2024202221896", "x": -105.01080322265625, "y": 39.7694091796875, "robbery": 1 }, "geometry": { "type": "Point", "coordinates": [ -105.010803222999982, 39.769409180000025 ] } },
{ "type": "Feature", "properties": { "OBJECTID": 31575, "id": "DENVER_2020_20242022219294", "x": -104.77023315429688, "y": 39.804470062255859, "robbery": 1 }, "geometry": { "type": "Point", "coordinates": [ -104.770233153999982, 39.804470062000064 ] } },
{ "type": "Feature", "properties": { "OBJECTID": 31576, "id": "DENVER_2020_20242022219470", "x": -104.89378356933594, "y": 39.664421081542969, "robbery": 1 }, "geometry": { "type": "Point", "coordinates": [ -104.893783569, 39.664421082000047 ] } },
{ "type": "Feature", "properties": { "OBJECTID": 31577, "id": "DENVER_2020_20242022220730", "x": -105.03909301757812, "y": 39.725879669189453, "robbery": 1 }, "geometry": { "type": "Point", "coordinates": [ -105.03909301799996, 39.725879669000051 ] } },
{ "type": "Feature", "properties": { "OBJECTID": 31578, "id": "DENVER_2020_20242022220835", "x": -104.88848876953125, "y": 39.786941528320312, "robbery": 1 }, "geometry": { "type": "Point", "coordinates": [ -104.888488769999981, 39.786941528000057 ] } },
{ "type": "Feature", "properties": { "OBJECTID": 31579, "id": "DENVER_2020_2024202222142", "x": -105.02467346191406, "y": 39.673198699951172, "robbery": 1 }, "geometry": { "type": "Point", "coordinates": [ -105.024673461999953, 39.673198700000057 ] } },
{ "type": "Feature", "properties": { "OBJECTID": 31580, "id": "DENVER_2020_20242022221468", "x": -104.9833984375, "y": 39.739898681640625, "robbery": 1 }, "geometry": { "type": "Point", "coordinates": [ -104.983398437999938, 39.739898682000046 ] } },
{ "type": "Feature", "properties": { "OBJECTID": 31581, "id": "DENVER_2020_20242022221664", "x": -104.98393249511719, "y": 39.740451812744141, "robbery": 1 }, "geometry": { "type": "Point", "coordinates": [ -104.983932494999976, 39.74045181300005 ] } },
{ "type": "Feature", "properties": { "OBJECTID": 31582, "id": "DENVER_2020_20242022221881", "x": -104.88532257080078, "y": 39.651348114013672, "robbery": 1 }, "geometry": { "type": "Point", "coordinates": [ -104.885322570999961, 39.651348114000029 ] } },
{ "type": "Feature", "properties": { "OBJECTID": 31583, "id": "DENVER_2020_20242022222961", "x": -105.0247802734375, "y": 39.787109375, "robbery": 1 }, "geometry": { "type": "Point", "coordinates": [ -105.024780272999976, 39.787109375000057 ] } },
{ "type": "Feature", "properties": { "OBJECTID": 31584, "id": "DENVER_2020_20242022223388", "x": -104.96810150146484, "y": 39.74298095703125, "robbery": 1 }, "geometry": { "type": "Point", "coordinates": [ -104.968101500999978, 39.742980957000043 ] } },
{ "type": "Feature", "properties": { "OBJECTID": 31585, "id": "DENVER_2020_20242022224382", "x": -104.82869720458984, "y": 39.789951324462891, "robbery": 1 }, "geometry": { "type": "Point", "coordinates": [ -104.828697204999969, 39.789951324000072 ] } },
{ "type": "Feature", "properties": { "OBJECTID": 31586, "id": "DENVER_2020_20242022224980", "x": -105.01439666748047, "y": 39.760219573974609, "robbery": 1 }, "geometry": { "type": "Point", "coordinates": [ -105.014396666999971, 39.760219574000075 ] } },
{ "type": "Feature", "properties": { "OBJECTID": 31587, "id": "DENVER_2020_20242022225558", "x": -104.98612976074219, "y": 39.733848571777344, "robbery": 1 }, "geometry": { "type": "Point", "coordinates": [ -104.986129760999972, 39.733848572000056 ] } },
{ "type": "Feature", "properties": { "OBJECTID": 31588, "id": "DENVER_2020_20242022226274", "x": -104.92658233642578, "y": 39.733860015869141, "robbery": 1 }, "geometry": { "type": "Point", "coordinates": [ -104.926582335999967, 39.733860016000051 ] } },
{ "type": "Feature", "properties": { "OBJECTID": 31589, "id": "DENVER_2020_20242022226323", "x": -104.94461822509766, "y": 39.717479705810547, "robbery": 1 }, "geometry": { "type": "Point", "coordinates": [ -104.944618224999942, 39.717479706000063 ] } },
{ "type": "Feature", "properties": { "OBJECTID": 31590, "id": "DENVER_2020_20242022226372", "x": -105.05220031738281, "y": 39.733100891113281, "robbery": 1 }, "geometry": { "type": "Point", "coordinates": [ -105.052200316999972, 39.733100891000049 ] } },
{ "type": "Feature", "properties": { "OBJECTID": 31591, "id": "DENVER_2020_2024202222664", "x": -104.88111877441406, "y": 39.654109954833984, "robbery": 1 }, "geometry": { "type": "Point", "coordinates": [ -104.881118773999958, 39.654109955000024 ] } },
{ "type": "Feature", "properties": { "OBJECTID": 31592, "id": "DENVER_2020_2024202222738", "x": -104.99066162109375, "y": 39.719669342041016, "robbery": 1 }, "geometry": { "type": "Point", "coordinates": [ -104.990661620999958, 39.719669342000032 ] } },
{ "type": "Feature", "properties": { "OBJECTID": 31593, "id": "DENVER_2020_202420222280", "x": -105.02564239501953, "y": 39.664749145507812, "robbery": 1 }, "geometry": { "type": "Point", "coordinates": [ -105.025642394999977, 39.664749146000077 ] } },
{ "type": "Feature", "properties": { "OBJECTID": 31594, "id": "DENVER_2020_20242022228419", "x": -104.93943786621094, "y": 39.664390563964844, "robbery": 1 }, "geometry": { "type": "Point", "coordinates": [ -104.939437866, 39.66439056400003 ] } },
{ "type": "Feature", "properties": { "OBJECTID": 31595, "id": "DENVER_2020_20242022228650", "x": -105.01866149902344, "y": 39.723880767822266, "robbery": 1 }, "geometry": { "type": "Point", "coordinates": [ -105.018661498999961, 39.723880768000072 ] } },
{ "type": "Feature", "properties": { "OBJECTID": 31596, "id": "DENVER_2020_20242022229144", "x": -104.96188354492188, "y": 39.745029449462891, "robbery": 1 }, "geometry": { "type": "Point", "coordinates": [ -104.961883544999978, 39.745029449000072 ] } },
{ "type": "Feature", "properties": { "OBJECTID": 31597, "id": "DENVER_2020_2024202222944", "x": -104.98049163818359, "y": 39.749000549316406, "robbery": 1 }, "geometry": { "type": "Point", "coordinates": [ -104.980491638, 39.749000549000073 ] } },
{ "type": "Feature", "properties": { "OBJECTID": 31598, "id": "DENVER_2020_20242022230019", "x": -104.86669921875, "y": 39.761440277099609, "robbery": 1 }, "geometry": { "type": "Point", "coordinates": [ -104.866699218999941, 39.761440277000077 ] } },
{ "type": "Feature", "properties": { "OBJECTID": 31599, "id": "DENVER_2020_20242022230434", "x": -105.02420043945312, "y": 39.668468475341797, "robbery": 1 }, "geometry": { "type": "Point", "coordinates": [ -105.024200438999969, 39.668468475000054 ] } },
{ "type": "Feature", "properties": { "OBJECTID": 31600, "id": "DENVER_2020_20242022231061", "x": -105.00234222412109, "y": 39.754890441894531, "robbery": 1 }, "geometry": { "type": "Point", "coordinates": [ -105.00234222399996, 39.754890442000033 ] } },
{ "type": "Feature", "properties": { "OBJECTID": 31601, "id": "DENVER_2020_20242022231355", "x": -104.8773193359375, "y": 39.707901000976562, "robbery": 1 }, "geometry": { "type": "Point", "coordinates": [ -104.877319335999971, 39.707901001000039 ] } },
{ "type": "Feature", "properties": { "OBJECTID": 31602, "id": "DENVER_2020_2024202223195", "x": -105.00234222412109, "y": 39.754890441894531, "robbery": 1 }, "geometry": { "type": "Point", "coordinates": [ -105.00234222399996, 39.754890442000033 ] } },
{ "type": "Feature", "properties": { "OBJECTID": 31603, "id": "DENVER_2020_20242022232255", "x": -105.09340667724609, "y": 39.6256103515625, "robbery": 1 }, "geometry": { "type": "Point", "coordinates": [ -105.093406676999962, 39.625610352000081 ] } },
{ "type": "Feature", "properties": { "OBJECTID": 31604, "id": "DENVER_2020_20242022232858", "x": -104.77015686035156, "y": 39.785049438476562, "robbery": 1 }, "geometry": { "type": "Point", "coordinates": [ -104.770156859999986, 39.785049438000044 ] } },
{ "type": "Feature", "properties": { "OBJECTID": 31605, "id": "DENVER_2020_20242022233032", "x": -105.05293273925781, "y": 39.754001617431641, "robbery": 1 }, "geometry": { "type": "Point", "coordinates": [ -105.052932738999971, 39.754001617000029 ] } },
{ "type": "Feature", "properties": { "OBJECTID": 31606, "id": "DENVER_2020_20242022233678", "x": -104.98760223388672, "y": 39.765609741210938, "robbery": 1 }, "geometry": { "type": "Point", "coordinates": [ -104.987602233999951, 39.765609741000048 ] } },
{ "type": "Feature", "properties": { "OBJECTID": 31607, "id": "DENVER_2020_20242022233970", "x": -104.89337158203125, "y": 39.625320434570312, "robbery": 1 }, "geometry": { "type": "Point", "coordinates": [ -104.893371581999986, 39.625320435000049 ] } },
{ "type": "Feature", "properties": { "OBJECTID": 31608, "id": "DENVER_2020_2024202223470", "x": -104.9500732421875, "y": 39.784030914306641, "robbery": 1 }, "geometry": { "type": "Point", "coordinates": [ -104.950073241999974, 39.784030914000027 ] } },
{ "type": "Feature", "properties": { "OBJECTID": 31609, "id": "DENVER_2020_2024202223479", "x": -104.83538055419922, "y": 39.785160064697266, "robbery": 1 }, "geometry": { "type": "Point", "coordinates": [ -104.835380553999983, 39.785160065000071 ] } },
{ "type": "Feature", "properties": { "OBJECTID": 31610, "id": "DENVER_2020_20242022235005", "x": -104.90830993652344, "y": 39.697250366210938, "robbery": 1 }, "geometry": { "type": "Point", "coordinates": [ -104.908309936999956, 39.697250366000048 ] } },
{ "type": "Feature", "properties": { "OBJECTID": 31611, "id": "DENVER_2020_20242022235037", "x": -104.95899200439453, "y": 39.672779083251953, "robbery": 1 }, "geometry": { "type": "Point", "coordinates": [ -104.958992003999981, 39.67277908300008 ] } },
{ "type": "Feature", "properties": { "OBJECTID": 31612, "id": "DENVER_2020_20242022236037", "x": -104.90116119384766, "y": 39.770351409912109, "robbery": 1 }, "geometry": { "type": "Point", "coordinates": [ -104.90116119399994, 39.770351410000046 ] } },
{ "type": "Feature", "properties": { "OBJECTID": 31613, "id": "DENVER_2020_20242022236065", "x": -104.76497650146484, "y": 39.785259246826172, "robbery": 1 }, "geometry": { "type": "Point", "coordinates": [ -104.764976500999978, 39.785259247000056 ] } },
{ "type": "Feature", "properties": { "OBJECTID": 31614, "id": "DENVER_2020_20242022236205", "x": -104.89704895019531, "y": 39.625019073486328, "robbery": 1 }, "geometry": { "type": "Point", "coordinates": [ -104.897048949999942, 39.625019073000033 ] } },
{ "type": "Feature", "properties": { "OBJECTID": 31615, "id": "DENVER_2020_2024202223628", "x": -104.81266784667969, "y": 39.78485107421875, "robbery": 1 }, "geometry": { "type": "Point", "coordinates": [ -104.812667846999943, 39.784851074000073 ] } },
{ "type": "Feature", "properties": { "OBJECTID": 31616, "id": "DENVER_2020_20242022236554", "x": -104.98738861083984, "y": 39.740848541259766, "robbery": 1 }, "geometry": { "type": "Point", "coordinates": [ -104.987388610999972, 39.740848541000048 ] } },
{ "type": "Feature", "properties": { "OBJECTID": 31617, "id": "DENVER_2020_20242022236582", "x": -104.99890899658203, "y": 39.750431060791016, "robbery": 1 }, "geometry": { "type": "Point", "coordinates": [ -104.998908996999944, 39.750431061000029 ] } },
{ "type": "Feature", "properties": { "OBJECTID": 31618, "id": "DENVER_2020_20242022237044", "x": -104.90514373779297, "y": 39.740329742431641, "robbery": 1 }, "geometry": { "type": "Point", "coordinates": [ -104.905143738, 39.740329742000029 ] } },
{ "type": "Feature", "properties": { "OBJECTID": 31619, "id": "DENVER_2020_20242022238117", "x": -104.98738861083984, "y": 39.740058898925781, "robbery": 1 }, "geometry": { "type": "Point", "coordinates": [ -104.987388610999972, 39.740058899000076 ] } },
{ "type": "Feature", "properties": { "OBJECTID": 31620, "id": "DENVER_2020_20242022238718", "x": -105.01870727539062, "y": 39.670398712158203, "robbery": 1 }, "geometry": { "type": "Point", "coordinates": [ -105.01870727499994, 39.670398712000065 ] } },
{ "type": "Feature", "properties": { "OBJECTID": 31621, "id": "DENVER_2020_20242022238827", "x": -105.05287170410156, "y": 39.729038238525391, "robbery": 1 }, "geometry": { "type": "Point", "coordinates": [ -105.052871703999983, 39.729038239000033 ] } },
{ "type": "Feature", "properties": { "OBJECTID": 31622, "id": "DENVER_2020_2024202223920", "x": -104.85238647460938, "y": 39.755691528320312, "robbery": 1 }, "geometry": { "type": "Point", "coordinates": [ -104.852386474999946, 39.755691528000057 ] } },
{ "type": "Feature", "properties": { "OBJECTID": 31623, "id": "DENVER_2020_20242022239961", "x": -104.82420349121094, "y": 39.790599822998047, "robbery": 1 }, "geometry": { "type": "Point", "coordinates": [ -104.824203491, 39.790599823000036 ] } },
{ "type": "Feature", "properties": { "OBJECTID": 31624, "id": "DENVER_2020_20242022240045", "x": -104.82462310791016, "y": 39.785568237304688, "robbery": 1 }, "geometry": { "type": "Point", "coordinates": [ -104.824623107999969, 39.785568237000064 ] } },
{ "type": "Feature", "properties": { "OBJECTID": 31625, "id": "DENVER_2020_20242022240489", "x": -104.95269012451172, "y": 39.717529296875, "robbery": 1 }, "geometry": { "type": "Point", "coordinates": [ -104.952690124999947, 39.717529297000056 ] } },
{ "type": "Feature", "properties": { "OBJECTID": 31626, "id": "DENVER_2020_20242022240725", "x": -105.00380706787109, "y": 39.752761840820312, "robbery": 1 }, "geometry": { "type": "Point", "coordinates": [ -105.003807067999958, 39.752761841000051 ] } },
{ "type": "Feature", "properties": { "OBJECTID": 31627, "id": "DENVER_2020_20242022240894", "x": -104.98738861083984, "y": 39.740058898925781, "robbery": 1 }, "geometry": { "type": "Point", "coordinates": [ -104.987388610999972, 39.740058899000076 ] } },
{ "type": "Feature", "properties": { "OBJECTID": 31628, "id": "DENVER_2020_20242022241161", "x": -104.99703216552734, "y": 39.752540588378906, "robbery": 1 }, "geometry": { "type": "Point", "coordinates": [ -104.99703216599994, 39.752540588000045 ] } },
{ "type": "Feature", "properties": { "OBJECTID": 31629, "id": "DENVER_2020_20242022241846", "x": -104.748291015625, "y": 39.785591125488281, "robbery": 1 }, "geometry": { "type": "Point", "coordinates": [ -104.748291015999939, 39.785591125000053 ] } },
{ "type": "Feature", "properties": { "OBJECTID": 31630, "id": "DENVER_2020_20242022242411", "x": -105.02571868896484, "y": 39.761348724365234, "robbery": 1 }, "geometry": { "type": "Point", "coordinates": [ -105.025718688999973, 39.761348724000072 ] } },
{ "type": "Feature", "properties": { "OBJECTID": 31631, "id": "DENVER_2020_20242022242630", "x": -104.99890899658203, "y": 39.733959197998047, "robbery": 1 }, "geometry": { "type": "Point", "coordinates": [ -104.998908996999944, 39.733959198000036 ] } },
{ "type": "Feature", "properties": { "OBJECTID": 31632, "id": "DENVER_2020_20242022243145", "x": -104.77178192138672, "y": 39.814689636230469, "robbery": 1 }, "geometry": { "type": "Point", "coordinates": [ -104.771781920999956, 39.814689636000026 ] } },
{ "type": "Feature", "properties": { "OBJECTID": 31633, "id": "DENVER_2020_20242022243861", "x": -104.95700073242188, "y": 39.784160614013672, "robbery": 1 }, "geometry": { "type": "Point", "coordinates": [ -104.957000731999983, 39.784160614000029 ] } },
{ "type": "Feature", "properties": { "OBJECTID": 31634, "id": "DENVER_2020_20242022244010", "x": -104.99965667724609, "y": 39.756690979003906, "robbery": 1 }, "geometry": { "type": "Point", "coordinates": [ -104.999656676999962, 39.756690979000041 ] } },
{ "type": "Feature", "properties": { "OBJECTID": 31635, "id": "DENVER_2020_20242022244082", "x": -104.89206695556641, "y": 39.78253173828125, "robbery": 1 }, "geometry": { "type": "Point", "coordinates": [ -104.892066955999951, 39.782531738000046 ] } },
{ "type": "Feature", "properties": { "OBJECTID": 31636, "id": "DENVER_2020_20242022244240", "x": -104.89502716064453, "y": 39.783611297607422, "robbery": 1 }, "geometry": { "type": "Point", "coordinates": [ -104.895027160999973, 39.783611298000039 ] } },
{ "type": "Feature", "properties": { "OBJECTID": 31637, "id": "DENVER_2020_20242022244391", "x": -104.89193725585938, "y": 39.782379150390625, "robbery": 1 }, "geometry": { "type": "Point", "coordinates": [ -104.891937255999949, 39.782379150000054 ] } },
{ "type": "Feature", "properties": { "OBJECTID": 31638, "id": "DENVER_2020_20242022244407", "x": -104.95159149169922, "y": 39.719249725341797, "robbery": 1 }, "geometry": { "type": "Point", "coordinates": [ -104.951591491999977, 39.719249725000054 ] } },
{ "type": "Feature", "properties": { "OBJECTID": 31639, "id": "DENVER_2020_20242022245018", "x": -105.02384948730469, "y": 39.698600769042969, "robbery": 1 }, "geometry": { "type": "Point", "coordinates": [ -105.02384948699995, 39.698600769000052 ] } },
{ "type": "Feature", "properties": { "OBJECTID": 31640, "id": "DENVER_2020_20242022245644", "x": -104.89511871337891, "y": 39.740329742431641, "robbery": 1 }, "geometry": { "type": "Point", "coordinates": [ -104.895118712999988, 39.740329742000029 ] } },
{ "type": "Feature", "properties": { "OBJECTID": 31641, "id": "DENVER_2020_2024202224600", "x": -105.03076934814453, "y": 39.686038970947266, "robbery": 1 }, "geometry": { "type": "Point", "coordinates": [ -105.030769347999978, 39.686038971000073 ] } },
{ "type": "Feature", "properties": { "OBJECTID": 31642, "id": "DENVER_2020_20242022246235", "x": -105.01944732666016, "y": 39.690818786621094, "robbery": 1 }, "geometry": { "type": "Point", "coordinates": [ -105.019447326999966, 39.690818787000069 ] } },
{ "type": "Feature", "properties": { "OBJECTID": 31643, "id": "DENVER_2020_20242022246272", "x": -104.97727203369141, "y": 39.735309600830078, "robbery": 1 }, "geometry": { "type": "Point", "coordinates": [ -104.977272033999952, 39.73530960100004 ] } },
{ "type": "Feature", "properties": { "OBJECTID": 31644, "id": "DENVER_2020_20242022250561", "x": -105.00003051757812, "y": 39.751220703125, "robbery": 1 }, "geometry": { "type": "Point", "coordinates": [ -105.00003051799996, 39.751220703000058 ] } },
{ "type": "Feature", "properties": { "OBJECTID": 31645, "id": "DENVER_2020_20242022250712", "x": -104.99339294433594, "y": 39.678348541259766, "robbery": 1 }, "geometry": { "type": "Point", "coordinates": [ -104.993392944, 39.678348541000048 ] } },
{ "type": "Feature", "properties": { "OBJECTID": 31646, "id": "DENVER_2020_2024202225098", "x": -105.03946685791016, "y": 39.734760284423828, "robbery": 1 }, "geometry": { "type": "Point", "coordinates": [ -105.039466857999969, 39.73476028400006 ] } },
{ "type": "Feature", "properties": { "OBJECTID": 31647, "id": "DENVER_2020_20242022251734", "x": -104.98889923095703, "y": 39.746379852294922, "robbery": 1 }, "geometry": { "type": "Point", "coordinates": [ -104.988899230999948, 39.746379852000075 ] } },
{ "type": "Feature", "properties": { "OBJECTID": 31648, "id": "DENVER_2020_20242022252458", "x": -105.02545928955078, "y": 39.699508666992188, "robbery": 1 }, "geometry": { "type": "Point", "coordinates": [ -105.025459289999958, 39.699508667000032 ] } },
{ "type": "Feature", "properties": { "OBJECTID": 31649, "id": "DENVER_2020_20242022253431", "x": -104.96489715576172, "y": 39.719409942626953, "robbery": 1 }, "geometry": { "type": "Point", "coordinates": [ -104.96489715599995, 39.719409943000073 ] } },
{ "type": "Feature", "properties": { "OBJECTID": 31650, "id": "DENVER_2020_20242022253468", "x": -104.91570281982422, "y": 39.739608764648438, "robbery": 1 }, "geometry": { "type": "Point", "coordinates": [ -104.915702819999979, 39.739608765000071 ] } },
{ "type": "Feature", "properties": { "OBJECTID": 31651, "id": "DENVER_2020_2024202225451", "x": -104.95410919189453, "y": 39.783748626708984, "robbery": 1 }, "geometry": { "type": "Point", "coordinates": [ -104.954109191999976, 39.78374862700008 ] } },
{ "type": "Feature", "properties": { "OBJECTID": 31652, "id": "DENVER_2020_20242022254796", "x": -105.00631713867188, "y": 39.679351806640625, "robbery": 1 }, "geometry": { "type": "Point", "coordinates": [ -105.006317138999975, 39.679351807000046 ] } },
{ "type": "Feature", "properties": { "OBJECTID": 31653, "id": "DENVER_2020_20242022255173", "x": -105.00240325927734, "y": 39.754741668701172, "robbery": 1 }, "geometry": { "type": "Point", "coordinates": [ -105.002403258999948, 39.754741669000055 ] } },
{ "type": "Feature", "properties": { "OBJECTID": 31654, "id": "DENVER_2020_20242022255892", "x": -104.99864959716797, "y": 39.732101440429688, "robbery": 1 }, "geometry": { "type": "Point", "coordinates": [ -104.99864959699994, 39.732101440000065 ] } },
{ "type": "Feature", "properties": { "OBJECTID": 31655, "id": "DENVER_2020_2024202225618", "x": -104.99601745605469, "y": 39.723709106445312, "robbery": 1 }, "geometry": { "type": "Point", "coordinates": [ -104.996017455999947, 39.723709106000058 ] } },
{ "type": "Feature", "properties": { "OBJECTID": 31656, "id": "DENVER_2020_20242022257662", "x": -104.90541076660156, "y": 39.698020935058594, "robbery": 1 }, "geometry": { "type": "Point", "coordinates": [ -104.905410766999978, 39.698020935000045 ] } },
{ "type": "Feature", "properties": { "OBJECTID": 31657, "id": "DENVER_2020_20242022257957", "x": -104.83644866943359, "y": 39.776378631591797, "robbery": 1 }, "geometry": { "type": "Point", "coordinates": [ -104.836448669, 39.776378632000046 ] } },
{ "type": "Feature", "properties": { "OBJECTID": 31658, "id": "DENVER_2020_20242022258137", "x": -105.00234222412109, "y": 39.754890441894531, "robbery": 1 }, "geometry": { "type": "Point", "coordinates": [ -105.00234222399996, 39.754890442000033 ] } },
{ "type": "Feature", "properties": { "OBJECTID": 31659, "id": "DENVER_2020_20242022258483", "x": -105.01743316650391, "y": 39.759639739990234, "robbery": 1 }, "geometry": { "type": "Point", "coordinates": [ -105.017433166999979, 39.759639740000068 ] } },
{ "type": "Feature", "properties": { "OBJECTID": 31660, "id": "DENVER_2020_20242022258563", "x": -105.00064849853516, "y": 39.754531860351562, "robbery": 1 }, "geometry": { "type": "Point", "coordinates": [ -105.000648498999965, 39.754531860000043 ] } },
{ "type": "Feature", "properties": { "OBJECTID": 31661, "id": "DENVER_2020_2024202225915", "x": -105.0296630859375, "y": 39.769130706787109, "robbery": 1 }, "geometry": { "type": "Point", "coordinates": [ -105.029663085999971, 39.769130707000045 ] } },
{ "type": "Feature", "properties": { "OBJECTID": 31662, "id": "DENVER_2020_20242022259254", "x": -105.02805328369141, "y": 39.710639953613281, "robbery": 1 }, "geometry": { "type": "Point", "coordinates": [ -105.028053283999952, 39.710639954000044 ] } },
{ "type": "Feature", "properties": { "OBJECTID": 31663, "id": "DENVER_2020_20242022259442", "x": -104.94756317138672, "y": 39.739261627197266, "robbery": 1 }, "geometry": { "type": "Point", "coordinates": [ -104.947563170999956, 39.739261627000076 ] } },
{ "type": "Feature", "properties": { "OBJECTID": 31664, "id": "DENVER_2020_20242022260956", "x": -104.99131011962891, "y": 39.744319915771484, "robbery": 1 }, "geometry": { "type": "Point", "coordinates": [ -104.99131011999998, 39.744319916000052 ] } },
{ "type": "Feature", "properties": { "OBJECTID": 31665, "id": "DENVER_2020_20242022263178", "x": -104.81935882568359, "y": 39.792320251464844, "robbery": 1 }, "geometry": { "type": "Point", "coordinates": [ -104.819358825999984, 39.792320251000035 ] } },
{ "type": "Feature", "properties": { "OBJECTID": 31666, "id": "DENVER_2020_20242022263295", "x": -105.02462768554688, "y": 39.733238220214844, "robbery": 1 }, "geometry": { "type": "Point", "coordinates": [ -105.024627685999974, 39.733238220000032 ] } },
{ "type": "Feature", "properties": { "OBJECTID": 31667, "id": "DENVER_2020_20242022263330", "x": -104.77001190185547, "y": 39.820888519287109, "robbery": 1 }, "geometry": { "type": "Point", "coordinates": [ -104.770011901999965, 39.82088851900005 ] } },
{ "type": "Feature", "properties": { "OBJECTID": 31668, "id": "DENVER_2020_20242022263350", "x": -105.02722930908203, "y": 39.700679779052734, "robbery": 1 }, "geometry": { "type": "Point", "coordinates": [ -105.027229308999949, 39.700679779000041 ] } },
{ "type": "Feature", "properties": { "OBJECTID": 31669, "id": "DENVER_2020_20242022263375", "x": -104.77220916748047, "y": 39.817340850830078, "robbery": 1 }, "geometry": { "type": "Point", "coordinates": [ -104.772209166999971, 39.81734085100004 ] } },
{ "type": "Feature", "properties": { "OBJECTID": 31670, "id": "DENVER_2020_20242022263414", "x": -105.02541351318359, "y": 39.689811706542969, "robbery": 1 }, "geometry": { "type": "Point", "coordinates": [ -105.025413513, 39.689811707000047 ] } },
{ "type": "Feature", "properties": { "OBJECTID": 31671, "id": "DENVER_2020_20242022263444", "x": -104.99906158447266, "y": 39.737331390380859, "robbery": 1 }, "geometry": { "type": "Point", "coordinates": [ -104.999061583999946, 39.737331390000065 ] } },
{ "type": "Feature", "properties": { "OBJECTID": 31672, "id": "DENVER_2020_20242022263463", "x": -105.02336883544922, "y": 39.715988159179688, "robbery": 1 }, "geometry": { "type": "Point", "coordinates": [ -105.023368834999985, 39.715988159000062 ] } },
{ "type": "Feature", "properties": { "OBJECTID": 31673, "id": "DENVER_2020_20242022263738", "x": -105.04155731201172, "y": 39.731201171875, "robbery": 1 }, "geometry": { "type": "Point", "coordinates": [ -105.041557311999952, 39.731201172000056 ] } },
{ "type": "Feature", "properties": { "OBJECTID": 31674, "id": "DENVER_2020_20242022264363", "x": -104.97300720214844, "y": 39.762790679931641, "robbery": 1 }, "geometry": { "type": "Point", "coordinates": [ -104.973007201999962, 39.76279068000008 ] } },
{ "type": "Feature", "properties": { "OBJECTID": 31675, "id": "DENVER_2020_20242022267080", "x": -104.99990081787109, "y": 39.756721496582031, "robbery": 1 }, "geometry": { "type": "Point", "coordinates": [ -104.999900817999958, 39.756721497000058 ] } },
{ "type": "Feature", "properties": { "OBJECTID": 31676, "id": "DENVER_2020_20242022269425", "x": -105.04898834228516, "y": 39.727039337158203, "robbery": 1 }, "geometry": { "type": "Point", "coordinates": [ -105.048988341999973, 39.727039337000065 ] } },
{ "type": "Feature", "properties": { "OBJECTID": 31677, "id": "DENVER_2020_20242022269649", "x": -104.99864196777344, "y": 39.748291015625, "robbery": 1 }, "geometry": { "type": "Point", "coordinates": [ -104.998641967999959, 39.748291016000053 ] } },
{ "type": "Feature", "properties": { "OBJECTID": 31678, "id": "DENVER_2020_2024202227050", "x": -104.76711273193359, "y": 39.785568237304688, "robbery": 1 }, "geometry": { "type": "Point", "coordinates": [ -104.767112731999987, 39.785568237000064 ] } },
{ "type": "Feature", "properties": { "OBJECTID": 31679, "id": "DENVER_2020_20242022270539", "x": -104.96633148193359, "y": 39.741378784179688, "robbery": 1 }, "geometry": { "type": "Point", "coordinates": [ -104.966331481999987, 39.741378784000062 ] } },
{ "type": "Feature", "properties": { "OBJECTID": 31680, "id": "DENVER_2020_20242022270675", "x": -104.93766021728516, "y": 39.666019439697266, "robbery": 1 }, "geometry": { "type": "Point", "coordinates": [ -104.937660216999973, 39.666019440000071 ] } },
{ "type": "Feature", "properties": { "OBJECTID": 31681, "id": "DENVER_2020_2024202227132", "x": -104.97212982177734, "y": 39.742809295654297, "robbery": 1 }, "geometry": { "type": "Point", "coordinates": [ -104.972129821999943, 39.742809296000075 ] } },
{ "type": "Feature", "properties": { "OBJECTID": 31682, "id": "DENVER_2020_20242022271443", "x": -104.86972808837891, "y": 39.707698822021484, "robbery": 1 }, "geometry": { "type": "Point", "coordinates": [ -104.869728087999988, 39.707698822000054 ] } },
{ "type": "Feature", "properties": { "OBJECTID": 31683, "id": "DENVER_2020_20242022272566", "x": -104.91287231445312, "y": 39.667629241943359, "robbery": 1 }, "geometry": { "type": "Point", "coordinates": [ -104.912872313999969, 39.667629242000032 ] } },
{ "type": "Feature", "properties": { "OBJECTID": 31684, "id": "DENVER_2020_20242022272754", "x": -104.9775390625, "y": 39.748088836669922, "robbery": 1 }, "geometry": { "type": "Point", "coordinates": [ -104.977539062999938, 39.748088837000068 ] } },
{ "type": "Feature", "properties": { "OBJECTID": 31685, "id": "DENVER_2020_20242022273041", "x": -104.96843719482422, "y": 39.678249359130859, "robbery": 1 }, "geometry": { "type": "Point", "coordinates": [ -104.968437194999979, 39.678249359000063 ] } },
{ "type": "Feature", "properties": { "OBJECTID": 31686, "id": "DENVER_2020_20242022273520", "x": -104.97297668457031, "y": 39.745010375976562, "robbery": 1 }, "geometry": { "type": "Point", "coordinates": [ -104.972976685, 39.745010376000039 ] } },
{ "type": "Feature", "properties": { "OBJECTID": 31687, "id": "DENVER_2020_20242022273821", "x": -104.87412261962891, "y": 39.704578399658203, "robbery": 1 }, "geometry": { "type": "Point", "coordinates": [ -104.87412261999998, 39.704578400000059 ] } },
{ "type": "Feature", "properties": { "OBJECTID": 31688, "id": "DENVER_2020_2024202227384", "x": -104.96959686279297, "y": 39.6787109375, "robbery": 1 }, "geometry": { "type": "Point", "coordinates": [ -104.969596863, 39.678710937000062 ] } },
{ "type": "Feature", "properties": { "OBJECTID": 31689, "id": "DENVER_2020_20242022274789", "x": -104.89864349365234, "y": 39.640098571777344, "robbery": 1 }, "geometry": { "type": "Point", "coordinates": [ -104.898643493999941, 39.640098572000056 ] } },
{ "type": "Feature", "properties": { "OBJECTID": 31690, "id": "DENVER_2020_2024202227488", "x": -104.93914031982422, "y": 39.728729248046875, "robbery": 1 }, "geometry": { "type": "Point", "coordinates": [ -104.939140319999979, 39.728729248000036 ] } },
{ "type": "Feature", "properties": { "OBJECTID": 31691, "id": "DENVER_2020_2024202227496", "x": -105.05357360839844, "y": 39.733348846435547, "robbery": 1 }, "geometry": { "type": "Point", "coordinates": [ -105.053573607999965, 39.733348846000069 ] } },
{ "type": "Feature", "properties": { "OBJECTID": 31692, "id": "DENVER_2020_2024202227648", "x": -104.89621734619141, "y": 39.734481811523438, "robbery": 1 }, "geometry": { "type": "Point", "coordinates": [ -104.896217345999958, 39.73448181200007 ] } },
{ "type": "Feature", "properties": { "OBJECTID": 31693, "id": "DENVER_2020_20242022277490", "x": -104.97178649902344, "y": 39.764289855957031, "robbery": 1 }, "geometry": { "type": "Point", "coordinates": [ -104.971786498999961, 39.764289856000062 ] } },
{ "type": "Feature", "properties": { "OBJECTID": 31694, "id": "DENVER_2020_20242022277536", "x": -104.97319793701172, "y": 39.759361267089844, "robbery": 1 }, "geometry": { "type": "Point", "coordinates": [ -104.973197936999952, 39.759361267000031 ] } },
{ "type": "Feature", "properties": { "OBJECTID": 31695, "id": "DENVER_2020_20242022277919", "x": -104.94410705566406, "y": 39.71807861328125, "robbery": 1 }, "geometry": { "type": "Point", "coordinates": [ -104.94410705599995, 39.718078613000046 ] } },
{ "type": "Feature", "properties": { "OBJECTID": 31696, "id": "DENVER_2020_20242022278078", "x": -104.93917083740234, "y": 39.685508728027344, "robbery": 1 }, "geometry": { "type": "Point", "coordinates": [ -104.939170836999949, 39.685508728000059 ] } },
{ "type": "Feature", "properties": { "OBJECTID": 31697, "id": "DENVER_2020_20242022278426", "x": -105.02642822265625, "y": 39.686489105224609, "robbery": 1 }, "geometry": { "type": "Point", "coordinates": [ -105.026428222999982, 39.686489105000078 ] } },
{ "type": "Feature", "properties": { "OBJECTID": 31698, "id": "DENVER_2020_20242022279341", "x": -104.83383178710938, "y": 39.772869110107422, "robbery": 1 }, "geometry": { "type": "Point", "coordinates": [ -104.833831786999951, 39.772869110000045 ] } },
{ "type": "Feature", "properties": { "OBJECTID": 31699, "id": "DENVER_2020_20242022280021", "x": -105.02474975585938, "y": 39.723148345947266, "robbery": 1 }, "geometry": { "type": "Point", "coordinates": [ -105.024749755999949, 39.723148346000073 ] } },
{ "type": "Feature", "properties": { "OBJECTID": 31700, "id": "DENVER_2020_20242022280435", "x": -105.02567291259766, "y": 39.768539428710938, "robbery": 1 }, "geometry": { "type": "Point", "coordinates": [ -105.025672912999937, 39.768539429000043 ] } },
{ "type": "Feature", "properties": { "OBJECTID": 31701, "id": "DENVER_2020_20242022280683", "x": -104.90415954589844, "y": 39.626510620117188, "robbery": 1 }, "geometry": { "type": "Point", "coordinates": [ -104.90415954599996, 39.626510620000033 ] } },
{ "type": "Feature", "properties": { "OBJECTID": 31702, "id": "DENVER_2020_20242022282754", "x": -104.99138641357422, "y": 39.753890991210938, "robbery": 1 }, "geometry": { "type": "Point", "coordinates": [ -104.991386413999976, 39.753890991000048 ] } },
{ "type": "Feature", "properties": { "OBJECTID": 31703, "id": "DENVER_2020_20242022282759", "x": -104.97450256347656, "y": 39.766948699951172, "robbery": 1 }, "geometry": { "type": "Point", "coordinates": [ -104.974502562999987, 39.766948700000057 ] } },
{ "type": "Feature", "properties": { "OBJECTID": 31704, "id": "DENVER_2020_20242022282801", "x": -104.99131011962891, "y": 39.744319915771484, "robbery": 1 }, "geometry": { "type": "Point", "coordinates": [ -104.99131011999998, 39.744319916000052 ] } },
{ "type": "Feature", "properties": { "OBJECTID": 31705, "id": "DENVER_2020_20242022282910", "x": -105.04319763183594, "y": 39.704280853271484, "robbery": 1 }, "geometry": { "type": "Point", "coordinates": [ -105.043197631999988, 39.704280853000057 ] } },
{ "type": "Feature", "properties": { "OBJECTID": 31706, "id": "DENVER_2020_20242022282914", "x": -104.97637939453125, "y": 39.738658905029297, "robbery": 1 }, "geometry": { "type": "Point", "coordinates": [ -104.976379394999981, 39.738658905000079 ] } },
{ "type": "Feature", "properties": { "OBJECTID": 31707, "id": "DENVER_2020_20242022283008", "x": -104.92273712158203, "y": 39.689590454101562, "robbery": 1 }, "geometry": { "type": "Point", "coordinates": [ -104.922737121999944, 39.68959045400004 ] } },
{ "type": "Feature", "properties": { "OBJECTID": 31708, "id": "DENVER_2020_20242022285037", "x": -104.99201202392578, "y": 39.755058288574219, "robbery": 1 }, "geometry": { "type": "Point", "coordinates": [ -104.992012023999962, 39.755058289000033 ] } },
{ "type": "Feature", "properties": { "OBJECTID": 31709, "id": "DENVER_2020_20242022285114", "x": -104.98713684082031, "y": 39.719600677490234, "robbery": 1 }, "geometry": { "type": "Point", "coordinates": [ -104.987136840999938, 39.719600677000074 ] } },
{ "type": "Feature", "properties": { "OBJECTID": 31710, "id": "DENVER_2020_20242022285171", "x": -104.99134063720703, "y": 39.709190368652344, "robbery": 1 }, "geometry": { "type": "Point", "coordinates": [ -104.991340636999951, 39.709190369000055 ] } },
{ "type": "Feature", "properties": { "OBJECTID": 31711, "id": "DENVER_2020_20242022285214", "x": -104.96758270263672, "y": 39.740650177001953, "robbery": 1 }, "geometry": { "type": "Point", "coordinates": [ -104.967582702999948, 39.740650177000077 ] } },
{ "type": "Feature", "properties": { "OBJECTID": 31712, "id": "DENVER_2020_20242022285934", "x": -105.08307647705078, "y": 39.636508941650391, "robbery": 1 }, "geometry": { "type": "Point", "coordinates": [ -105.083076476999963, 39.636508942000034 ] } },
{ "type": "Feature", "properties": { "OBJECTID": 31713, "id": "DENVER_2020_20242022286057", "x": -104.99906158447266, "y": 39.737331390380859, "robbery": 1 }, "geometry": { "type": "Point", "coordinates": [ -104.999061583999946, 39.737331390000065 ] } },
{ "type": "Feature", "properties": { "OBJECTID": 31714, "id": "DENVER_2020_20242022286421", "x": -105.02366638183594, "y": 39.678230285644531, "robbery": 1 }, "geometry": { "type": "Point", "coordinates": [ -105.023666381999988, 39.67823028600003 ] } },
{ "type": "Feature", "properties": { "OBJECTID": 31715, "id": "DENVER_2020_2024202228643", "x": -104.98210906982422, "y": 39.752609252929688, "robbery": 1 }, "geometry": { "type": "Point", "coordinates": [ -104.982109069999979, 39.75260925300006 ] } },
{ "type": "Feature", "properties": { "OBJECTID": 31716, "id": "DENVER_2020_20242022288013", "x": -104.89436340332031, "y": 39.739608764648438, "robbery": 1 }, "geometry": { "type": "Point", "coordinates": [ -104.894363402999943, 39.739608765000071 ] } },
{ "type": "Feature", "properties": { "OBJECTID": 31717, "id": "DENVER_2020_20242022290031", "x": -104.98670196533203, "y": 39.718498229980469, "robbery": 1 }, "geometry": { "type": "Point", "coordinates": [ -104.986701964999952, 39.71849823000008 ] } },
{ "type": "Feature", "properties": { "OBJECTID": 31718, "id": "DENVER_2020_20242022290208", "x": -104.97865295410156, "y": 39.739219665527344, "robbery": 1 }, "geometry": { "type": "Point", "coordinates": [ -104.978652953999983, 39.739219666000054 ] } },
{ "type": "Feature", "properties": { "OBJECTID": 31719, "id": "DENVER_2020_202420222904", "x": -104.97672271728516, "y": 39.747348785400391, "robbery": 1 }, "geometry": { "type": "Point", "coordinates": [ -104.976722716999973, 39.747348785000042 ] } },
{ "type": "Feature", "properties": { "OBJECTID": 31720, "id": "DENVER_2020_20242022290622", "x": -105.02506256103516, "y": 39.696750640869141, "robbery": 1 }, "geometry": { "type": "Point", "coordinates": [ -105.02506256099997, 39.696750641000051 ] } },
{ "type": "Feature", "properties": { "OBJECTID": 31721, "id": "DENVER_2020_20242022292623", "x": -104.94303894042969, "y": 39.759029388427734, "robbery": 1 }, "geometry": { "type": "Point", "coordinates": [ -104.943038939999951, 39.759029388000044 ] } },
{ "type": "Feature", "properties": { "OBJECTID": 31722, "id": "DENVER_2020_20242022292643", "x": -104.88527679443359, "y": 39.653450012207031, "robbery": 1 }, "geometry": { "type": "Point", "coordinates": [ -104.885276794, 39.653450012000064 ] } },
{ "type": "Feature", "properties": { "OBJECTID": 31723, "id": "DENVER_2020_20242022293600", "x": -104.8604736328125, "y": 39.659820556640625, "robbery": 1 }, "geometry": { "type": "Point", "coordinates": [ -104.86047363299997, 39.659820557000046 ] } },
{ "type": "Feature", "properties": { "OBJECTID": 31724, "id": "DENVER_2020_20242022295171", "x": -104.99221038818359, "y": 39.745189666748047, "robbery": 1 }, "geometry": { "type": "Point", "coordinates": [ -104.992210388, 39.745189667000034 ] } },
{ "type": "Feature", "properties": { "OBJECTID": 31725, "id": "DENVER_2020_20242022295497", "x": -104.97752380371094, "y": 39.755588531494141, "robbery": 1 }, "geometry": { "type": "Point", "coordinates": [ -104.977523803999986, 39.755588531000058 ] } },
{ "type": "Feature", "properties": { "OBJECTID": 31726, "id": "DENVER_2020_20242022295723", "x": -104.9970703125, "y": 39.746429443359375, "robbery": 1 }, "geometry": { "type": "Point", "coordinates": [ -104.997070312999938, 39.746429443000068 ] } },
{ "type": "Feature", "properties": { "OBJECTID": 31727, "id": "DENVER_2020_20242022295737", "x": -104.93794250488281, "y": 39.741069793701172, "robbery": 1 }, "geometry": { "type": "Point", "coordinates": [ -104.937942504999967, 39.741069794000055 ] } },
{ "type": "Feature", "properties": { "OBJECTID": 31728, "id": "DENVER_2020_20242022296334", "x": -104.89205932617188, "y": 39.740451812744141, "robbery": 1 }, "geometry": { "type": "Point", "coordinates": [ -104.892059325999981, 39.74045181300005 ] } },
{ "type": "Feature", "properties": { "OBJECTID": 31729, "id": "DENVER_2020_20242022299325", "x": -104.89794921875, "y": 39.769691467285156, "robbery": 1 }, "geometry": { "type": "Point", "coordinates": [ -104.897949218999941, 39.76969146700003 ] } },
{ "type": "Feature", "properties": { "OBJECTID": 31730, "id": "DENVER_2020_20242022299767", "x": -104.90730285644531, "y": 39.766101837158203, "robbery": 1 }, "geometry": { "type": "Point", "coordinates": [ -104.907302855999944, 39.766101837000065 ] } },
{ "type": "Feature", "properties": { "OBJECTID": 31731, "id": "DENVER_2020_20242022299905", "x": -105.05288696289062, "y": 39.690021514892578, "robbery": 1 }, "geometry": { "type": "Point", "coordinates": [ -105.052886963, 39.690021515000069 ] } },
{ "type": "Feature", "properties": { "OBJECTID": 31732, "id": "DENVER_2020_20242022300765", "x": -104.98616027832031, "y": 39.750999450683594, "robbery": 1 }, "geometry": { "type": "Point", "coordinates": [ -104.986160277999943, 39.750999451000041 ] } },
{ "type": "Feature", "properties": { "OBJECTID": 31733, "id": "DENVER_2020_20242022301614", "x": -104.98359680175781, "y": 39.729068756103516, "robbery": 1 }, "geometry": { "type": "Point", "coordinates": [ -104.983596801999965, 39.729068756000061 ] } },
{ "type": "Feature", "properties": { "OBJECTID": 31734, "id": "DENVER_2020_20242022301980", "x": -104.96842193603516, "y": 39.77838134765625, "robbery": 1 }, "geometry": { "type": "Point", "coordinates": [ -104.96842193599997, 39.778381348000039 ] } },
{ "type": "Feature", "properties": { "OBJECTID": 31735, "id": "DENVER_2020_20242022302922", "x": -104.94107818603516, "y": 39.727649688720703, "robbery": 1 }, "geometry": { "type": "Point", "coordinates": [ -104.94107818599997, 39.727649689000032 ] } },
{ "type": "Feature", "properties": { "OBJECTID": 31736, "id": "DENVER_2020_2024202230489", "x": -105.02422332763672, "y": 39.769561767578125, "robbery": 1 }, "geometry": { "type": "Point", "coordinates": [ -105.024223327999948, 39.769561768000074 ] } },
{ "type": "Feature", "properties": { "OBJECTID": 31737, "id": "DENVER_2020_2024202230527", "x": -104.91380310058594, "y": 39.703090667724609, "robbery": 1 }, "geometry": { "type": "Point", "coordinates": [ -104.913803100999985, 39.703090668000073 ] } },
{ "type": "Feature", "properties": { "OBJECTID": 31738, "id": "DENVER_2020_20242022305668", "x": -104.80674743652344, "y": 39.789741516113281, "robbery": 1 }, "geometry": { "type": "Point", "coordinates": [ -104.806747436999956, 39.789741516000049 ] } },
{ "type": "Feature", "properties": { "OBJECTID": 31739, "id": "DENVER_2020_20242022305986", "x": -104.93562316894531, "y": 39.695350646972656, "robbery": 1 }, "geometry": { "type": "Point", "coordinates": [ -104.935623168999939, 39.695350647000055 ] } },
{ "type": "Feature", "properties": { "OBJECTID": 31740, "id": "DENVER_2020_20242022306316", "x": -105.033203125, "y": 39.730228424072266, "robbery": 1 }, "geometry": { "type": "Point", "coordinates": [ -105.033203124999943, 39.730228424000074 ] } },
{ "type": "Feature", "properties": { "OBJECTID": 31741, "id": "DENVER_2020_20242022306335", "x": -105.01618194580078, "y": 39.756721496582031, "robbery": 1 }, "geometry": { "type": "Point", "coordinates": [ -105.016181945999961, 39.756721497000058 ] } },
{ "type": "Feature", "properties": { "OBJECTID": 31742, "id": "DENVER_2020_20242022306879", "x": -105.0247802734375, "y": 39.787109375, "robbery": 1 }, "geometry": { "type": "Point", "coordinates": [ -105.024780272999976, 39.787109375000057 ] } },
{ "type": "Feature", "properties": { "OBJECTID": 31743, "id": "DENVER_2020_2024202230721", "x": -104.95889282226562, "y": 39.679740905761719, "robbery": 1 }, "geometry": { "type": "Point", "coordinates": [ -104.958892821999939, 39.679740906000063 ] } },
{ "type": "Feature", "properties": { "OBJECTID": 31744, "id": "DENVER_2020_20242022309082", "x": -104.97801208496094, "y": 39.739810943603516, "robbery": 1 }, "geometry": { "type": "Point", "coordinates": [ -104.978012084999989, 39.739810944000055 ] } },
{ "type": "Feature", "properties": { "OBJECTID": 31745, "id": "DENVER_2020_20242022309776", "x": -104.85587310791016, "y": 39.660289764404297, "robbery": 1 }, "geometry": { "type": "Point", "coordinates": [ -104.855873107999969, 39.660289764000026 ] } },
{ "type": "Feature", "properties": { "OBJECTID": 31746, "id": "DENVER_2020_2024202231051", "x": -104.84487152099609, "y": 39.775718688964844, "robbery": 1 }, "geometry": { "type": "Point", "coordinates": [ -104.844871520999959, 39.77571868900003 ] } },
{ "type": "Feature", "properties": { "OBJECTID": 31747, "id": "DENVER_2020_20242022311068", "x": -104.96681976318359, "y": 39.770648956298828, "robbery": 1 }, "geometry": { "type": "Point", "coordinates": [ -104.966819763, 39.770648956000059 ] } },
{ "type": "Feature", "properties": { "OBJECTID": 31748, "id": "DENVER_2020_20242022311069", "x": -105.01714324951172, "y": 39.739498138427734, "robbery": 1 }, "geometry": { "type": "Point", "coordinates": [ -105.017143249999947, 39.739498138000044 ] } },
{ "type": "Feature", "properties": { "OBJECTID": 31749, "id": "DENVER_2020_20242022311153", "x": -104.97299957275391, "y": 39.739540100097656, "robbery": 1 }, "geometry": { "type": "Point", "coordinates": [ -104.972999572999981, 39.739540100000056 ] } },
{ "type": "Feature", "properties": { "OBJECTID": 31750, "id": "DENVER_2020_20242022311520", "x": -104.96843719482422, "y": 39.678249359130859, "robbery": 1 }, "geometry": { "type": "Point", "coordinates": [ -104.968437194999979, 39.678249359000063 ] } },
{ "type": "Feature", "properties": { "OBJECTID": 31751, "id": "DENVER_2020_2024202231199", "x": -105.02554321289062, "y": 39.776771545410156, "robbery": 1 }, "geometry": { "type": "Point", "coordinates": [ -105.025543213, 39.776771545000031 ] } },
{ "type": "Feature", "properties": { "OBJECTID": 31752, "id": "DENVER_2020_2024202231223", "x": -105.00379943847656, "y": 39.758029937744141, "robbery": 1 }, "geometry": { "type": "Point", "coordinates": [ -105.003799437999987, 39.75802993800005 ] } },
{ "type": "Feature", "properties": { "OBJECTID": 31753, "id": "DENVER_2020_2024202231230", "x": -105.00361633300781, "y": 39.739700317382812, "robbery": 1 }, "geometry": { "type": "Point", "coordinates": [ -105.003616332999968, 39.739700317000029 ] } },
{ "type": "Feature", "properties": { "OBJECTID": 31754, "id": "DENVER_2020_2024202231245", "x": -104.97337341308594, "y": 39.756980895996094, "robbery": 1 }, "geometry": { "type": "Point", "coordinates": [ -104.973373413, 39.756980896000073 ] } },
{ "type": "Feature", "properties": { "OBJECTID": 31755, "id": "DENVER_2020_2024202231306", "x": -105.02462005615234, "y": 39.785251617431641, "robbery": 1 }, "geometry": { "type": "Point", "coordinates": [ -105.024620055999947, 39.785251617000029 ] } },
{ "type": "Feature", "properties": { "OBJECTID": 31756, "id": "DENVER_2020_20242022313245", "x": -104.91314697265625, "y": 39.649520874023438, "robbery": 1 }, "geometry": { "type": "Point", "coordinates": [ -104.913146972999982, 39.649520874000075 ] } },
{ "type": "Feature", "properties": { "OBJECTID": 31757, "id": "DENVER_2020_20242022313307", "x": -104.99147796630859, "y": 39.751541137695312, "robbery": 1 }, "geometry": { "type": "Point", "coordinates": [ -104.991477966, 39.75154113800005 ] } },
{ "type": "Feature", "properties": { "OBJECTID": 31758, "id": "DENVER_2020_20242022313332", "x": -104.94096374511719, "y": 39.765289306640625, "robbery": 1 }, "geometry": { "type": "Point", "coordinates": [ -104.940963744999976, 39.765289307000046 ] } },
{ "type": "Feature", "properties": { "OBJECTID": 31759, "id": "DENVER_2020_20242022313489", "x": -104.92185974121094, "y": 39.678150177001953, "robbery": 1 }, "geometry": { "type": "Point", "coordinates": [ -104.921859741, 39.678150177000077 ] } },
{ "type": "Feature", "properties": { "OBJECTID": 31760, "id": "DENVER_2020_2024202231382", "x": -104.93968200683594, "y": 39.728958129882812, "robbery": 1 }, "geometry": { "type": "Point", "coordinates": [ -104.939682006999988, 39.72895813000008 ] } },
{ "type": "Feature", "properties": { "OBJECTID": 31761, "id": "DENVER_2020_20242022313836", "x": -104.94107818603516, "y": 39.727649688720703, "robbery": 1 }, "geometry": { "type": "Point", "coordinates": [ -104.94107818599997, 39.727649689000032 ] } },
{ "type": "Feature", "properties": { "OBJECTID": 31762, "id": "DENVER_2020_2024202231401", "x": -104.94934844970703, "y": 39.778770446777344, "robbery": 1 }, "geometry": { "type": "Point", "coordinates": [ -104.949348449999945, 39.778770447000056 ] } },
{ "type": "Feature", "properties": { "OBJECTID": 31763, "id": "DENVER_2020_20242022314208", "x": -105.04833984375, "y": 39.740058898925781, "robbery": 1 }, "geometry": { "type": "Point", "coordinates": [ -105.048339843999941, 39.740058899000076 ] } },
{ "type": "Feature", "properties": { "OBJECTID": 31764, "id": "DENVER_2020_20242022314333", "x": -104.97817230224609, "y": 39.782051086425781, "robbery": 1 }, "geometry": { "type": "Point", "coordinates": [ -104.978172301999962, 39.782051086000024 ] } },
{ "type": "Feature", "properties": { "OBJECTID": 31765, "id": "DENVER_2020_20242022315235", "x": -104.96347045898438, "y": 39.739990234375, "robbery": 1 }, "geometry": { "type": "Point", "coordinates": [ -104.96347045899995, 39.739990234000061 ] } },
{ "type": "Feature", "properties": { "OBJECTID": 31766, "id": "DENVER_2020_20242022316217", "x": -104.97309875488281, "y": 39.740028381347656, "robbery": 1 }, "geometry": { "type": "Point", "coordinates": [ -104.973098754999967, 39.740028381000059 ] } },
{ "type": "Feature", "properties": { "OBJECTID": 31767, "id": "DENVER_2020_20242022316870", "x": -104.97003173828125, "y": 39.740299224853516, "robbery": 1 }, "geometry": { "type": "Point", "coordinates": [ -104.970031737999989, 39.740299225000058 ] } },
{ "type": "Feature", "properties": { "OBJECTID": 31768, "id": "DENVER_2020_20242022317596", "x": -104.89723205566406, "y": 39.740440368652344, "robbery": 1 }, "geometry": { "type": "Point", "coordinates": [ -104.89723205599995, 39.740440369000055 ] } },
{ "type": "Feature", "properties": { "OBJECTID": 31769, "id": "DENVER_2020_2024202231791", "x": -104.84831237792969, "y": 39.779960632324219, "robbery": 1 }, "geometry": { "type": "Point", "coordinates": [ -104.848312377999946, 39.779960632000041 ] } },
{ "type": "Feature", "properties": { "OBJECTID": 31770, "id": "DENVER_2020_20242022318282", "x": -104.96382141113281, "y": 39.740280151367188, "robbery": 1 }, "geometry": { "type": "Point", "coordinates": [ -104.963821410999969, 39.740280151000036 ] } },
{ "type": "Feature", "properties": { "OBJECTID": 31771, "id": "DENVER_2020_20242022319373", "x": -104.99830627441406, "y": 39.749668121337891, "robbery": 1 }, "geometry": { "type": "Point", "coordinates": [ -104.998306273999958, 39.74966812100007 ] } },
{ "type": "Feature", "properties": { "OBJECTID": 31772, "id": "DENVER_2020_20242022320033", "x": -104.98805999755859, "y": 39.709690093994141, "robbery": 1 }, "geometry": { "type": "Point", "coordinates": [ -104.988059997999983, 39.709690094000052 ] } },
{ "type": "Feature", "properties": { "OBJECTID": 31773, "id": "DENVER_2020_20242022320731", "x": -104.99043273925781, "y": 39.7576904296875, "robbery": 1 }, "geometry": { "type": "Point", "coordinates": [ -104.990432738999971, 39.757690430000025 ] } },
{ "type": "Feature", "properties": { "OBJECTID": 31774, "id": "DENVER_2020_20242022321175", "x": -105.00089263916016, "y": 39.754878997802734, "robbery": 1 }, "geometry": { "type": "Point", "coordinates": [ -105.000892638999971, 39.754878998000038 ] } },
{ "type": "Feature", "properties": { "OBJECTID": 31775, "id": "DENVER_2020_20242022321919", "x": -104.90116119384766, "y": 39.770351409912109, "robbery": 1 }, "geometry": { "type": "Point", "coordinates": [ -104.90116119399994, 39.770351410000046 ] } },
{ "type": "Feature", "properties": { "OBJECTID": 31776, "id": "DENVER_2020_20242022322146", "x": -105.02805328369141, "y": 39.710639953613281, "robbery": 1 }, "geometry": { "type": "Point", "coordinates": [ -105.028053283999952, 39.710639954000044 ] } },
{ "type": "Feature", "properties": { "OBJECTID": 31777, "id": "DENVER_2020_20242022322720", "x": -104.97511291503906, "y": 39.739860534667969, "robbery": 1 }, "geometry": { "type": "Point", "coordinates": [ -104.975112914999954, 39.739860535000048 ] } },
{ "type": "Feature", "properties": { "OBJECTID": 31778, "id": "DENVER_2020_20242022322805", "x": -104.94293975830078, "y": 39.691131591796875, "robbery": 1 }, "geometry": { "type": "Point", "coordinates": [ -104.942939757999966, 39.691131592000033 ] } },
{ "type": "Feature", "properties": { "OBJECTID": 31779, "id": "DENVER_2020_20242022322836", "x": -104.98738861083984, "y": 39.751579284667969, "robbery": 1 }, "geometry": { "type": "Point", "coordinates": [ -104.987388610999972, 39.751579285000048 ] } },
{ "type": "Feature", "properties": { "OBJECTID": 31780, "id": "DENVER_2020_20242022323020", "x": -105.00591278076172, "y": 39.754478454589844, "robbery": 1 }, "geometry": { "type": "Point", "coordinates": [ -105.00591278099995, 39.754478455000026 ] } },
{ "type": "Feature", "properties": { "OBJECTID": 31781, "id": "DENVER_2020_20242022323120", "x": -105.00025177001953, "y": 39.755069732666016, "robbery": 1 }, "geometry": { "type": "Point", "coordinates": [ -105.000251769999977, 39.755069733000028 ] } },
{ "type": "Feature", "properties": { "OBJECTID": 31782, "id": "DENVER_2020_20242022323484", "x": -105.04630279541016, "y": 39.7530517578125, "robbery": 1 }, "geometry": { "type": "Point", "coordinates": [ -105.046302794999974, 39.753051758000026 ] } },
{ "type": "Feature", "properties": { "OBJECTID": 31783, "id": "DENVER_2020_20242022323623", "x": -104.84561157226562, "y": 39.777729034423828, "robbery": 1 }, "geometry": { "type": "Point", "coordinates": [ -104.845611571999939, 39.77772903400006 ] } },
{ "type": "Feature", "properties": { "OBJECTID": 31784, "id": "DENVER_2020_20242022323753", "x": -104.90960693359375, "y": 39.712989807128906, "robbery": 1 }, "geometry": { "type": "Point", "coordinates": [ -104.909606933999953, 39.712989807000042 ] } },
{ "type": "Feature", "properties": { "OBJECTID": 31785, "id": "DENVER_2020_20242022324238", "x": -104.86869049072266, "y": 39.656879425048828, "robbery": 1 }, "geometry": { "type": "Point", "coordinates": [ -104.868690490999938, 39.656879425000056 ] } },
{ "type": "Feature", "properties": { "OBJECTID": 31786, "id": "DENVER_2020_20242022324276", "x": -104.98512268066406, "y": 39.767688751220703, "robbery": 1 }, "geometry": { "type": "Point", "coordinates": [ -104.98512268099995, 39.767688751000037 ] } },
{ "type": "Feature", "properties": { "OBJECTID": 31787, "id": "DENVER_2020_20242022324365", "x": -104.97511291503906, "y": 39.739860534667969, "robbery": 1 }, "geometry": { "type": "Point", "coordinates": [ -104.975112914999954, 39.739860535000048 ] } },
{ "type": "Feature", "properties": { "OBJECTID": 31788, "id": "DENVER_2020_20242022324660", "x": -104.96933746337891, "y": 39.739830017089844, "robbery": 1 }, "geometry": { "type": "Point", "coordinates": [ -104.969337462999988, 39.739830017000031 ] } },
{ "type": "Feature", "properties": { "OBJECTID": 31789, "id": "DENVER_2020_20242022325238", "x": -104.90167999267578, "y": 39.679180145263672, "robbery": 1 }, "geometry": { "type": "Point", "coordinates": [ -104.901679992999959, 39.679180145000032 ] } },
{ "type": "Feature", "properties": { "OBJECTID": 31790, "id": "DENVER_2020_20242022325471", "x": -104.88414001464844, "y": 39.641891479492188, "robbery": 1 }, "geometry": { "type": "Point", "coordinates": [ -104.884140014999957, 39.641891479000037 ] } },
{ "type": "Feature", "properties": { "OBJECTID": 31791, "id": "DENVER_2020_20242022325966", "x": -105.02481079101562, "y": 39.776908874511719, "robbery": 1 }, "geometry": { "type": "Point", "coordinates": [ -105.024810791, 39.776908875000061 ] } },
{ "type": "Feature", "properties": { "OBJECTID": 31792, "id": "DENVER_2020_20242022326292", "x": -104.98613739013672, "y": 39.740058898925781, "robbery": 1 }, "geometry": { "type": "Point", "coordinates": [ -104.986137389999953, 39.740058899000076 ] } },
{ "type": "Feature", "properties": { "OBJECTID": 31793, "id": "DENVER_2020_20242022326469", "x": -105.02468109130859, "y": 39.673641204833984, "robbery": 1 }, "geometry": { "type": "Point", "coordinates": [ -105.024681091, 39.673641205000024 ] } },
{ "type": "Feature", "properties": { "OBJECTID": 31794, "id": "DENVER_2020_20242022326763", "x": -104.98458099365234, "y": 39.739891052246094, "robbery": 1 }, "geometry": { "type": "Point", "coordinates": [ -104.984580993999941, 39.739891052000075 ] } },
{ "type": "Feature", "properties": { "OBJECTID": 31795, "id": "DENVER_2020_20242022326865", "x": -104.97521209716797, "y": 39.738529205322266, "robbery": 1 }, "geometry": { "type": "Point", "coordinates": [ -104.97521209699994, 39.738529205000077 ] } },
{ "type": "Feature", "properties": { "OBJECTID": 31796, "id": "DENVER_2020_20242022327265", "x": -105.00234222412109, "y": 39.754890441894531, "robbery": 1 }, "geometry": { "type": "Point", "coordinates": [ -105.00234222399996, 39.754890442000033 ] } },
{ "type": "Feature", "properties": { "OBJECTID": 31797, "id": "DENVER_2020_2024202232765", "x": -104.96254730224609, "y": 39.700469970703125, "robbery": 1 }, "geometry": { "type": "Point", "coordinates": [ -104.962547301999962, 39.700469971000075 ] } },
{ "type": "Feature", "properties": { "OBJECTID": 31798, "id": "DENVER_2020_2024202232817", "x": -104.91500854492188, "y": 39.666908264160156, "robbery": 1 }, "geometry": { "type": "Point", "coordinates": [ -104.915008544999978, 39.666908264000028 ] } },
{ "type": "Feature", "properties": { "OBJECTID": 31799, "id": "DENVER_2020_20242022328420", "x": -104.97868347167969, "y": 39.733699798583984, "robbery": 1 }, "geometry": { "type": "Point", "coordinates": [ -104.978683471999943, 39.733699799000078 ] } },
{ "type": "Feature", "properties": { "OBJECTID": 31800, "id": "DENVER_2020_2024202232860", "x": -104.98960113525391, "y": 39.724071502685547, "robbery": 1 }, "geometry": { "type": "Point", "coordinates": [ -104.989601134999987, 39.724071503000062 ] } },
{ "type": "Feature", "properties": { "OBJECTID": 31801, "id": "DENVER_2020_20242022330058", "x": -105.03764343261719, "y": 39.7510986328125, "robbery": 1 }, "geometry": { "type": "Point", "coordinates": [ -105.037643432999971, 39.751098633000026 ] } },
{ "type": "Feature", "properties": { "OBJECTID": 31802, "id": "DENVER_2020_20242022330187", "x": -105.04297637939453, "y": 39.690650939941406, "robbery": 1 }, "geometry": { "type": "Point", "coordinates": [ -105.042976378999981, 39.690650940000069 ] } },
{ "type": "Feature", "properties": { "OBJECTID": 31803, "id": "DENVER_2020_20242022330301", "x": -104.89199066162109, "y": 39.740848541259766, "robbery": 1 }, "geometry": { "type": "Point", "coordinates": [ -104.891990661999955, 39.740848541000048 ] } },
{ "type": "Feature", "properties": { "OBJECTID": 31804, "id": "DENVER_2020_20242022330453", "x": -104.91471862792969, "y": 39.725910186767578, "robbery": 1 }, "geometry": { "type": "Point", "coordinates": [ -104.914718627999946, 39.725910187000068 ] } },
{ "type": "Feature", "properties": { "OBJECTID": 31805, "id": "DENVER_2020_20242022330752", "x": -105.04427337646484, "y": 39.728431701660156, "robbery": 1 }, "geometry": { "type": "Point", "coordinates": [ -105.044273375999978, 39.72843170200008 ] } },
{ "type": "Feature", "properties": { "OBJECTID": 31806, "id": "DENVER_2020_20242022331133", "x": -105.03661346435547, "y": 39.735088348388672, "robbery": 1 }, "geometry": { "type": "Point", "coordinates": [ -105.03661346399997, 39.735088348000033 ] } },
{ "type": "Feature", "properties": { "OBJECTID": 31807, "id": "DENVER_2020_20242022331191", "x": -104.94463348388672, "y": 39.78179931640625, "robbery": 1 }, "geometry": { "type": "Point", "coordinates": [ -104.944633483999951, 39.781799316000047 ] } },
{ "type": "Feature", "properties": { "OBJECTID": 31808, "id": "DENVER_2020_20242022331262", "x": -104.91663360595703, "y": 39.739601135253906, "robbery": 1 }, "geometry": { "type": "Point", "coordinates": [ -104.916633605999948, 39.739601135000044 ] } },
{ "type": "Feature", "properties": { "OBJECTID": 31809, "id": "DENVER_2020_2024202233147", "x": -104.95942687988281, "y": 39.764759063720703, "robbery": 1 }, "geometry": { "type": "Point", "coordinates": [ -104.959426879999967, 39.764759064000032 ] } },
{ "type": "Feature", "properties": { "OBJECTID": 31810, "id": "DENVER_2020_20242022331947", "x": -105.01888275146484, "y": 39.747898101806641, "robbery": 1 }, "geometry": { "type": "Point", "coordinates": [ -105.018882750999978, 39.747898102000079 ] } },
{ "type": "Feature", "properties": { "OBJECTID": 31811, "id": "DENVER_2020_202420223329", "x": -104.95227813720703, "y": 39.716850280761719, "robbery": 1 }, "geometry": { "type": "Point", "coordinates": [ -104.952278136999951, 39.716850281000063 ] } },
{ "type": "Feature", "properties": { "OBJECTID": 31812, "id": "DENVER_2020_20242022332900", "x": -104.91327667236328, "y": 39.702339172363281, "robbery": 1 }, "geometry": { "type": "Point", "coordinates": [ -104.913276671999938, 39.702339172000052 ] } },
{ "type": "Feature", "properties": { "OBJECTID": 31813, "id": "DENVER_2020_20242022333064", "x": -104.94036102294922, "y": 39.727981567382812, "robbery": 1 }, "geometry": { "type": "Point", "coordinates": [ -104.94036102299998, 39.727981567000029 ] } },
{ "type": "Feature", "properties": { "OBJECTID": 31814, "id": "DENVER_2020_20242022333606", "x": -104.91570281982422, "y": 39.739608764648438, "robbery": 1 }, "geometry": { "type": "Point", "coordinates": [ -104.915702819999979, 39.739608765000071 ] } },
{ "type": "Feature", "properties": { "OBJECTID": 31815, "id": "DENVER_2020_20242022333669", "x": -104.98457336425781, "y": 39.765731811523438, "robbery": 1 }, "geometry": { "type": "Point", "coordinates": [ -104.984573363999971, 39.76573181200007 ] } },
{ "type": "Feature", "properties": { "OBJECTID": 31816, "id": "DENVER_2020_2024202233380", "x": -104.84654235839844, "y": 39.781600952148438, "robbery": 1 }, "geometry": { "type": "Point", "coordinates": [ -104.846542357999965, 39.781600952000076 ] } },
{ "type": "Feature", "properties": { "OBJECTID": 31817, "id": "DENVER_2020_20242022334178", "x": -105.00388336181641, "y": 39.752300262451172, "robbery": 1 }, "geometry": { "type": "Point", "coordinates": [ -105.003883361999954, 39.752300262000063 ] } },
{ "type": "Feature", "properties": { "OBJECTID": 31818, "id": "DENVER_2020_20242022334236", "x": -104.97657012939453, "y": 39.766689300537109, "robbery": 1 }, "geometry": { "type": "Point", "coordinates": [ -104.976570128999981, 39.766689301000042 ] } },
{ "type": "Feature", "properties": { "OBJECTID": 31819, "id": "DENVER_2020_20242022334410", "x": -104.91703796386719, "y": 39.674190521240234, "robbery": 1 }, "geometry": { "type": "Point", "coordinates": [ -104.917037963999974, 39.674190521000071 ] } },
{ "type": "Feature", "properties": { "OBJECTID": 31820, "id": "DENVER_2020_20242022334804", "x": -104.97872161865234, "y": 39.747531890869141, "robbery": 1 }, "geometry": { "type": "Point", "coordinates": [ -104.978721618999941, 39.747531891000051 ] } },
{ "type": "Feature", "properties": { "OBJECTID": 31821, "id": "DENVER_2020_20242022335393", "x": -105.00234222412109, "y": 39.754890441894531, "robbery": 1 }, "geometry": { "type": "Point", "coordinates": [ -105.00234222399996, 39.754890442000033 ] } },
{ "type": "Feature", "properties": { "OBJECTID": 31822, "id": "DENVER_2020_20242022336107", "x": -104.98786163330078, "y": 39.742530822753906, "robbery": 1 }, "geometry": { "type": "Point", "coordinates": [ -104.987861632999966, 39.742530823000038 ] } },
{ "type": "Feature", "properties": { "OBJECTID": 31823, "id": "DENVER_2020_20242022336851", "x": -105.02523803710938, "y": 39.769290924072266, "robbery": 1 }, "geometry": { "type": "Point", "coordinates": [ -105.025238036999951, 39.769290924000074 ] } },
{ "type": "Feature", "properties": { "OBJECTID": 31824, "id": "DENVER_2020_20242022338102", "x": -105.05853271484375, "y": 39.676731109619141, "robbery": 1 }, "geometry": { "type": "Point", "coordinates": [ -105.058532714999956, 39.676731110000048 ] } },
{ "type": "Feature", "properties": { "OBJECTID": 31825, "id": "DENVER_2020_2024202233823", "x": -104.96370697021484, "y": 39.702190399169922, "robbery": 1 }, "geometry": { "type": "Point", "coordinates": [ -104.963706969999976, 39.702190399000074 ] } },
{ "type": "Feature", "properties": { "OBJECTID": 31826, "id": "DENVER_2020_20242022338519", "x": -105.02619934082031, "y": 39.700588226318359, "robbery": 1 }, "geometry": { "type": "Point", "coordinates": [ -105.026199340999938, 39.700588226000036 ] } },
{ "type": "Feature", "properties": { "OBJECTID": 31827, "id": "DENVER_2020_20242022339209", "x": -105.025146484375, "y": 39.738010406494141, "robbery": 1 }, "geometry": { "type": "Point", "coordinates": [ -105.025146483999947, 39.738010406000058 ] } },
{ "type": "Feature", "properties": { "OBJECTID": 31828, "id": "DENVER_2020_20242022340202", "x": -104.94052124023438, "y": 39.783771514892578, "robbery": 1 }, "geometry": { "type": "Point", "coordinates": [ -104.940521239999953, 39.783771515000069 ] } },
{ "type": "Feature", "properties": { "OBJECTID": 31829, "id": "DENVER_2020_20242022340774", "x": -104.82298278808594, "y": 39.787471771240234, "robbery": 1 }, "geometry": { "type": "Point", "coordinates": [ -104.822982788, 39.787471771000071 ] } },
{ "type": "Feature", "properties": { "OBJECTID": 31830, "id": "DENVER_2020_2024202234088", "x": -104.99678802490234, "y": 39.729160308837891, "robbery": 1 }, "geometry": { "type": "Point", "coordinates": [ -104.996788024999944, 39.729160309000065 ] } },
{ "type": "Feature", "properties": { "OBJECTID": 31831, "id": "DENVER_2020_20242022341025", "x": -104.99131011962891, "y": 39.744319915771484, "robbery": 1 }, "geometry": { "type": "Point", "coordinates": [ -104.99131011999998, 39.744319916000052 ] } },
{ "type": "Feature", "properties": { "OBJECTID": 31832, "id": "DENVER_2020_2024202234150", "x": -105.02552795410156, "y": 39.734550476074219, "robbery": 1 }, "geometry": { "type": "Point", "coordinates": [ -105.025527953999983, 39.734550476000038 ] } },
{ "type": "Feature", "properties": { "OBJECTID": 31833, "id": "DENVER_2020_20242022341806", "x": -104.93312835693359, "y": 39.7587890625, "robbery": 1 }, "geometry": { "type": "Point", "coordinates": [ -104.933128356999987, 39.758789062000062 ] } },
{ "type": "Feature", "properties": { "OBJECTID": 31834, "id": "DENVER_2020_2024202234193", "x": -104.94410705566406, "y": 39.71807861328125, "robbery": 1 }, "geometry": { "type": "Point", "coordinates": [ -104.94410705599995, 39.718078613000046 ] } },
{ "type": "Feature", "properties": { "OBJECTID": 31835, "id": "DENVER_2020_20242022342137", "x": -104.98104858398438, "y": 39.733688354492188, "robbery": 1 }, "geometry": { "type": "Point", "coordinates": [ -104.98104858399995, 39.733688354000037 ] } },
{ "type": "Feature", "properties": { "OBJECTID": 31836, "id": "DENVER_2020_2024202234241", "x": -104.96071624755859, "y": 39.752140045166016, "robbery": 1 }, "geometry": { "type": "Point", "coordinates": [ -104.960716247999983, 39.752140045000033 ] } },
{ "type": "Feature", "properties": { "OBJECTID": 31837, "id": "DENVER_2020_20242022343254", "x": -104.99894714355469, "y": 39.72119140625, "robbery": 1 }, "geometry": { "type": "Point", "coordinates": [ -104.998947143999942, 39.721191406000059 ] } },
{ "type": "Feature", "properties": { "OBJECTID": 31838, "id": "DENVER_2020_20242022343336", "x": -104.78175354003906, "y": 39.808940887451172, "robbery": 1 }, "geometry": { "type": "Point", "coordinates": [ -104.781753539999954, 39.808940887000063 ] } },
{ "type": "Feature", "properties": { "OBJECTID": 31839, "id": "DENVER_2020_20242022343730", "x": -104.98712921142578, "y": 39.723918914794922, "robbery": 1 }, "geometry": { "type": "Point", "coordinates": [ -104.987129210999967, 39.72391891500007 ] } },
{ "type": "Feature", "properties": { "OBJECTID": 31840, "id": "DENVER_2020_20242022343766", "x": -105.01545715332031, "y": 39.711521148681641, "robbery": 1 }, "geometry": { "type": "Point", "coordinates": [ -105.015457152999943, 39.711521149000077 ] } },
{ "type": "Feature", "properties": { "OBJECTID": 31841, "id": "DENVER_2020_20242022343989", "x": -104.96101379394531, "y": 39.739990234375, "robbery": 1 }, "geometry": { "type": "Point", "coordinates": [ -104.961013793999939, 39.739990234000061 ] } },
{ "type": "Feature", "properties": { "OBJECTID": 31842, "id": "DENVER_2020_20242022344071", "x": -105.05280303955078, "y": 39.691120147705078, "robbery": 1 }, "geometry": { "type": "Point", "coordinates": [ -105.052803039999958, 39.691120148000039 ] } },
{ "type": "Feature", "properties": { "OBJECTID": 31843, "id": "DENVER_2020_20242022344303", "x": -104.99587249755859, "y": 39.751750946044922, "robbery": 1 }, "geometry": { "type": "Point", "coordinates": [ -104.995872497999983, 39.751750946000072 ] } },
{ "type": "Feature", "properties": { "OBJECTID": 31844, "id": "DENVER_2020_20242022344454", "x": -105.05287933349609, "y": 39.753299713134766, "robbery": 1 }, "geometry": { "type": "Point", "coordinates": [ -105.052879332999964, 39.753299713000047 ] } },
{ "type": "Feature", "properties": { "OBJECTID": 31845, "id": "DENVER_2020_20242022344880", "x": -104.94001770019531, "y": 39.686580657958984, "robbery": 1 }, "geometry": { "type": "Point", "coordinates": [ -104.940017699999942, 39.686580658000025 ] } },
{ "type": "Feature", "properties": { "OBJECTID": 31846, "id": "DENVER_2020_20242022346711", "x": -104.99127197265625, "y": 39.708980560302734, "robbery": 1 }, "geometry": { "type": "Point", "coordinates": [ -104.991271972999982, 39.708980560000043 ] } },
{ "type": "Feature", "properties": { "OBJECTID": 31847, "id": "DENVER_2020_20242022347913", "x": -105.02462768554688, "y": 39.733238220214844, "robbery": 1 }, "geometry": { "type": "Point", "coordinates": [ -105.024627685999974, 39.733238220000032 ] } },
{ "type": "Feature", "properties": { "OBJECTID": 31848, "id": "DENVER_2020_20242022348005", "x": -105.01705932617188, "y": 39.769931793212891, "robbery": 1 }, "geometry": { "type": "Point", "coordinates": [ -105.017059325999981, 39.769931793000069 ] } },
{ "type": "Feature", "properties": { "OBJECTID": 31849, "id": "DENVER_2020_20242022348052", "x": -105.03327178955078, "y": 39.740219116210938, "robbery": 1 }, "geometry": { "type": "Point", "coordinates": [ -105.033271789999958, 39.740219116000048 ] } },
{ "type": "Feature", "properties": { "OBJECTID": 31850, "id": "DENVER_2020_20242022348096", "x": -105.03327178955078, "y": 39.740219116210938, "robbery": 1 }, "geometry": { "type": "Point", "coordinates": [ -105.033271789999958, 39.740219116000048 ] } },
{ "type": "Feature", "properties": { "OBJECTID": 31851, "id": "DENVER_2020_20242022348803", "x": -104.88181304931641, "y": 39.790401458740234, "robbery": 1 }, "geometry": { "type": "Point", "coordinates": [ -104.881813048999959, 39.790401459000066 ] } },
{ "type": "Feature", "properties": { "OBJECTID": 31852, "id": "DENVER_2020_20242022349281", "x": -104.94474792480469, "y": 39.739891052246094, "robbery": 1 }, "geometry": { "type": "Point", "coordinates": [ -104.944747924999945, 39.739891052000075 ] } },
{ "type": "Feature", "properties": { "OBJECTID": 31853, "id": "DENVER_2020_20242022349316", "x": -104.90596008300781, "y": 39.740360260009766, "robbery": 1 }, "geometry": { "type": "Point", "coordinates": [ -104.905960082999968, 39.740360260000045 ] } },
{ "type": "Feature", "properties": { "OBJECTID": 31854, "id": "DENVER_2020_20242022349568", "x": -104.90354156494141, "y": 39.767189025878906, "robbery": 1 }, "geometry": { "type": "Point", "coordinates": [ -104.903541564999955, 39.76718902600004 ] } },
{ "type": "Feature", "properties": { "OBJECTID": 31855, "id": "DENVER_2020_20242022349675", "x": -104.95790863037109, "y": 39.720340728759766, "robbery": 1 }, "geometry": { "type": "Point", "coordinates": [ -104.957908629999963, 39.720340729000043 ] } },
{ "type": "Feature", "properties": { "OBJECTID": 31856, "id": "DENVER_2020_2024202234979", "x": -105.05255889892578, "y": 39.682460784912109, "robbery": 1 }, "geometry": { "type": "Point", "coordinates": [ -105.052558898999962, 39.682460785000046 ] } },
{ "type": "Feature", "properties": { "OBJECTID": 31857, "id": "DENVER_2020_20242022350455", "x": -104.99405670166016, "y": 39.706989288330078, "robbery": 1 }, "geometry": { "type": "Point", "coordinates": [ -104.994056701999966, 39.706989288000045 ] } },
{ "type": "Feature", "properties": { "OBJECTID": 31858, "id": "DENVER_2020_20242022350820", "x": -104.93998718261719, "y": 39.69696044921875, "robbery": 1 }, "geometry": { "type": "Point", "coordinates": [ -104.939987182999971, 39.696960449000073 ] } },
{ "type": "Feature", "properties": { "OBJECTID": 31859, "id": "DENVER_2020_20242022350999", "x": -104.82808685302734, "y": 39.776039123535156, "robbery": 1 }, "geometry": { "type": "Point", "coordinates": [ -104.828086852999945, 39.776039124000079 ] } },
{ "type": "Feature", "properties": { "OBJECTID": 31860, "id": "DENVER_2020_20242022351214", "x": -105.04084777832031, "y": 39.700370788574219, "robbery": 1 }, "geometry": { "type": "Point", "coordinates": [ -105.040847777999943, 39.700370789000033 ] } },
{ "type": "Feature", "properties": { "OBJECTID": 31861, "id": "DENVER_2020_20242022351322", "x": -104.98297882080078, "y": 39.715770721435547, "robbery": 1 }, "geometry": { "type": "Point", "coordinates": [ -104.982978820999961, 39.715770721000069 ] } },
{ "type": "Feature", "properties": { "OBJECTID": 31862, "id": "DENVER_2020_20242022351469", "x": -104.99664306640625, "y": 39.757659912109375, "robbery": 1 }, "geometry": { "type": "Point", "coordinates": [ -104.996643066, 39.757659912000065 ] } },
{ "type": "Feature", "properties": { "OBJECTID": 31863, "id": "DENVER_2020_20242022351573", "x": -104.92704772949219, "y": 39.698890686035156, "robbery": 1 }, "geometry": { "type": "Point", "coordinates": [ -104.92704772899998, 39.698890686000027 ] } },
{ "type": "Feature", "properties": { "OBJECTID": 31864, "id": "DENVER_2020_20242022353009", "x": -104.98636627197266, "y": 39.766380310058594, "robbery": 1 }, "geometry": { "type": "Point", "coordinates": [ -104.986366271999941, 39.766380310000045 ] } },
{ "type": "Feature", "properties": { "OBJECTID": 31865, "id": "DENVER_2020_2024202235330", "x": -104.95905303955078, "y": 39.719989776611328, "robbery": 1 }, "geometry": { "type": "Point", "coordinates": [ -104.959053039999958, 39.71998977700008 ] } },
{ "type": "Feature", "properties": { "OBJECTID": 31866, "id": "DENVER_2020_20242022353976", "x": -104.8917236328125, "y": 39.633800506591797, "robbery": 1 }, "geometry": { "type": "Point", "coordinates": [ -104.89172363299997, 39.633800507000046 ] } },
{ "type": "Feature", "properties": { "OBJECTID": 31867, "id": "DENVER_2020_20242022355124", "x": -105.08116912841797, "y": 39.635871887207031, "robbery": 1 }, "geometry": { "type": "Point", "coordinates": [ -105.081169127999942, 39.635871887000064 ] } },
{ "type": "Feature", "properties": { "OBJECTID": 31868, "id": "DENVER_2020_20242022355135", "x": -104.97501373291016, "y": 39.738349914550781, "robbery": 1 }, "geometry": { "type": "Point", "coordinates": [ -104.975013732999969, 39.738349915000072 ] } },
{ "type": "Feature", "properties": { "OBJECTID": 31869, "id": "DENVER_2020_20242022355713", "x": -105.00421905517578, "y": 39.755081176757812, "robbery": 1 }, "geometry": { "type": "Point", "coordinates": [ -105.004219054999965, 39.755081177000079 ] } },
{ "type": "Feature", "properties": { "OBJECTID": 31870, "id": "DENVER_2020_20242022356024", "x": -104.99906921386719, "y": 39.750270843505859, "robbery": 1 }, "geometry": { "type": "Point", "coordinates": [ -104.999069213999974, 39.750270844000056 ] } },
{ "type": "Feature", "properties": { "OBJECTID": 31871, "id": "DENVER_2020_20242022356066", "x": -104.9830322265625, "y": 39.736160278320312, "robbery": 1 }, "geometry": { "type": "Point", "coordinates": [ -104.983032226999967, 39.736160278000057 ] } },
{ "type": "Feature", "properties": { "OBJECTID": 31872, "id": "DENVER_2020_20242022356314", "x": -104.84860992431641, "y": 39.768089294433594, "robbery": 1 }, "geometry": { "type": "Point", "coordinates": [ -104.848609923999959, 39.768089294000049 ] } },
{ "type": "Feature", "properties": { "OBJECTID": 31873, "id": "DENVER_2020_20242022356981", "x": -104.98798370361328, "y": 39.711521148681641, "robbery": 1 }, "geometry": { "type": "Point", "coordinates": [ -104.987983703999987, 39.711521149000077 ] } },
{ "type": "Feature", "properties": { "OBJECTID": 31874, "id": "DENVER_2020_2024202235705", "x": -104.93917083740234, "y": 39.669429779052734, "robbery": 1 }, "geometry": { "type": "Point", "coordinates": [ -104.939170836999949, 39.669429779000041 ] } },
{ "type": "Feature", "properties": { "OBJECTID": 31875, "id": "DENVER_2020_2024202235731", "x": -104.94991302490234, "y": 39.761890411376953, "robbery": 1 }, "geometry": { "type": "Point", "coordinates": [ -104.949913024999944, 39.761890411000024 ] } },
{ "type": "Feature", "properties": { "OBJECTID": 31876, "id": "DENVER_2020_20242022357595", "x": -104.77245330810547, "y": 39.783161163330078, "robbery": 1 }, "geometry": { "type": "Point", "coordinates": [ -104.772453307999967, 39.783161163000045 ] } },
{ "type": "Feature", "properties": { "OBJECTID": 31877, "id": "DENVER_2020_20242022358697", "x": -104.95821380615234, "y": 39.764019012451172, "robbery": 1 }, "geometry": { "type": "Point", "coordinates": [ -104.958213805999947, 39.764019012000063 ] } },
{ "type": "Feature", "properties": { "OBJECTID": 31878, "id": "DENVER_2020_20242022358995", "x": -104.96721649169922, "y": 39.743228912353516, "robbery": 1 }, "geometry": { "type": "Point", "coordinates": [ -104.967216491999977, 39.743228912000063 ] } },
{ "type": "Feature", "properties": { "OBJECTID": 31879, "id": "DENVER_2020_202420223600", "x": -104.84845733642578, "y": 39.771800994873047, "robbery": 1 }, "geometry": { "type": "Point", "coordinates": [ -104.848457335999967, 39.771800995000035 ] } },
{ "type": "Feature", "properties": { "OBJECTID": 31880, "id": "DENVER_2020_20242022360015", "x": -105.02459716796875, "y": 39.679039001464844, "robbery": 1 }, "geometry": { "type": "Point", "coordinates": [ -105.024597167999957, 39.679039001000035 ] } },
{ "type": "Feature", "properties": { "OBJECTID": 31881, "id": "DENVER_2020_2024202236007", "x": -104.89396667480469, "y": 39.761199951171875, "robbery": 1 }, "geometry": { "type": "Point", "coordinates": [ -104.893966674999945, 39.761199951000037 ] } },
{ "type": "Feature", "properties": { "OBJECTID": 31882, "id": "DENVER_2020_20242022360302", "x": -104.99394989013672, "y": 39.746528625488281, "robbery": 1 }, "geometry": { "type": "Point", "coordinates": [ -104.993949889999953, 39.746528625000053 ] } },
{ "type": "Feature", "properties": { "OBJECTID": 31883, "id": "DENVER_2020_20242022360388", "x": -105.04712677001953, "y": 39.772640228271484, "robbery": 1 }, "geometry": { "type": "Point", "coordinates": [ -105.047126769999977, 39.772640228000057 ] } },
{ "type": "Feature", "properties": { "OBJECTID": 31884, "id": "DENVER_2020_20242022360747", "x": -104.98930358886719, "y": 39.754138946533203, "robbery": 1 }, "geometry": { "type": "Point", "coordinates": [ -104.989303588999974, 39.754138947000058 ] } },
{ "type": "Feature", "properties": { "OBJECTID": 31885, "id": "DENVER_2020_20242022360832", "x": -105.02568817138672, "y": 39.681991577148438, "robbery": 1 }, "geometry": { "type": "Point", "coordinates": [ -105.025688170999956, 39.681991577000076 ] } },
{ "type": "Feature", "properties": { "OBJECTID": 31886, "id": "DENVER_2020_20242022361573", "x": -104.94040679931641, "y": 39.780361175537109, "robbery": 1 }, "geometry": { "type": "Point", "coordinates": [ -104.940406798999959, 39.780361176000042 ] } },
{ "type": "Feature", "properties": { "OBJECTID": 31887, "id": "DENVER_2020_20242022361730", "x": -104.83712768554688, "y": 39.777660369873047, "robbery": 1 }, "geometry": { "type": "Point", "coordinates": [ -104.837127685999974, 39.777660370000035 ] } },
{ "type": "Feature", "properties": { "OBJECTID": 31888, "id": "DENVER_2020_20242022361764", "x": -104.99890899658203, "y": 39.733959197998047, "robbery": 1 }, "geometry": { "type": "Point", "coordinates": [ -104.998908996999944, 39.733959198000036 ] } },
{ "type": "Feature", "properties": { "OBJECTID": 31889, "id": "DENVER_2020_2024202236286", "x": -104.99305725097656, "y": 39.746040344238281, "robbery": 1 }, "geometry": { "type": "Point", "coordinates": [ -104.993057250999982, 39.74604034400005 ] } },
{ "type": "Feature", "properties": { "OBJECTID": 31890, "id": "DENVER_2020_20242022363604", "x": -104.84751129150391, "y": 39.770740509033203, "robbery": 1 }, "geometry": { "type": "Point", "coordinates": [ -104.847511291999979, 39.770740509000063 ] } },
{ "type": "Feature", "properties": { "OBJECTID": 31891, "id": "DENVER_2020_20242022363665", "x": -104.98645782470703, "y": 39.747749328613281, "robbery": 1 }, "geometry": { "type": "Point", "coordinates": [ -104.986457824999945, 39.747749329000044 ] } },
{ "type": "Feature", "properties": { "OBJECTID": 31892, "id": "DENVER_2020_20242022364315", "x": -104.97187805175781, "y": 39.740020751953125, "robbery": 1 }, "geometry": { "type": "Point", "coordinates": [ -104.971878051999965, 39.740020752000078 ] } },
{ "type": "Feature", "properties": { "OBJECTID": 31893, "id": "DENVER_2020_20242022365616", "x": -105.02984619140625, "y": 39.734760284423828, "robbery": 1 }, "geometry": { "type": "Point", "coordinates": [ -105.029846191, 39.73476028400006 ] } },
{ "type": "Feature", "properties": { "OBJECTID": 31894, "id": "DENVER_2020_20242022365633", "x": -104.9954833984375, "y": 39.743980407714844, "robbery": 1 }, "geometry": { "type": "Point", "coordinates": [ -104.995483397999976, 39.743980408000027 ] } },
{ "type": "Feature", "properties": { "OBJECTID": 31895, "id": "DENVER_2020_20242022365692", "x": -105.05217742919922, "y": 39.654830932617188, "robbery": 1 }, "geometry": { "type": "Point", "coordinates": [ -105.052177428999983, 39.654830933000028 ] } },
{ "type": "Feature", "properties": { "OBJECTID": 31896, "id": "DENVER_2020_20242022366206", "x": -105.02480316162109, "y": 39.750991821289062, "robbery": 1 }, "geometry": { "type": "Point", "coordinates": [ -105.024803161999955, 39.750991821000071 ] } },
{ "type": "Feature", "properties": { "OBJECTID": 31897, "id": "DENVER_2020_20242022366272", "x": -104.96031188964844, "y": 39.71868896484375, "robbery": 1 }, "geometry": { "type": "Point", "coordinates": [ -104.960311889999957, 39.718688965000069 ] } },
{ "type": "Feature", "properties": { "OBJECTID": 31898, "id": "DENVER_2020_20242022366627", "x": -104.98078155517578, "y": 39.736808776855469, "robbery": 1 }, "geometry": { "type": "Point", "coordinates": [ -104.980781554999965, 39.736808777000078 ] } },
{ "type": "Feature", "properties": { "OBJECTID": 31899, "id": "DENVER_2020_20242022367022", "x": -105.02986907958984, "y": 39.744331359863281, "robbery": 1 }, "geometry": { "type": "Point", "coordinates": [ -105.029869079999969, 39.744331360000047 ] } },
{ "type": "Feature", "properties": { "OBJECTID": 31900, "id": "DENVER_2020_20242022367142", "x": -104.85237121582031, "y": 39.658069610595703, "robbery": 1 }, "geometry": { "type": "Point", "coordinates": [ -104.852371215999938, 39.65806961100003 ] } },
{ "type": "Feature", "properties": { "OBJECTID": 31901, "id": "DENVER_2020_20242022368722", "x": -104.8927001953125, "y": 39.781120300292969, "robbery": 1 }, "geometry": { "type": "Point", "coordinates": [ -104.892700194999975, 39.781120300000055 ] } },
{ "type": "Feature", "properties": { "OBJECTID": 31902, "id": "DENVER_2020_20242022369601", "x": -104.97112274169922, "y": 39.739719390869141, "robbery": 1 }, "geometry": { "type": "Point", "coordinates": [ -104.971122741999977, 39.739719391000051 ] } },
{ "type": "Feature", "properties": { "OBJECTID": 31903, "id": "DENVER_2020_20242022369635", "x": -105.03206634521484, "y": 39.734851837158203, "robbery": 1 }, "geometry": { "type": "Point", "coordinates": [ -105.032066344999976, 39.734851837000065 ] } },
{ "type": "Feature", "properties": { "OBJECTID": 31904, "id": "DENVER_2020_2024202236978", "x": -105.05478668212891, "y": 39.734439849853516, "robbery": 1 }, "geometry": { "type": "Point", "coordinates": [ -105.054786681999985, 39.734439850000058 ] } },
{ "type": "Feature", "properties": { "OBJECTID": 31905, "id": "DENVER_2020_20242022369796", "x": -105.04380798339844, "y": 39.776699066162109, "robbery": 1 }, "geometry": { "type": "Point", "coordinates": [ -105.043807982999965, 39.776699066000049 ] } },
{ "type": "Feature", "properties": { "OBJECTID": 31906, "id": "DENVER_2020_20242022369832", "x": -104.84709167480469, "y": 39.789279937744141, "robbery": 1 }, "geometry": { "type": "Point", "coordinates": [ -104.847091674999945, 39.78927993800005 ] } },
{ "type": "Feature", "properties": { "OBJECTID": 31907, "id": "DENVER_2020_20242022369859", "x": -104.97543334960938, "y": 39.707229614257812, "robbery": 1 }, "geometry": { "type": "Point", "coordinates": [ -104.975433349999946, 39.707229614000028 ] } },
{ "type": "Feature", "properties": { "OBJECTID": 31908, "id": "DENVER_2020_20242022369979", "x": -104.98739624023438, "y": 39.748908996582031, "robbery": 1 }, "geometry": { "type": "Point", "coordinates": [ -104.987396239999953, 39.748908997000058 ] } },
{ "type": "Feature", "properties": { "OBJECTID": 31909, "id": "DENVER_2020_20242022369994", "x": -104.8927001953125, "y": 39.740009307861328, "robbery": 1 }, "geometry": { "type": "Point", "coordinates": [ -104.892700194999975, 39.740009308000026 ] } },
{ "type": "Feature", "properties": { "OBJECTID": 31910, "id": "DENVER_2020_2024202237083", "x": -105.00234222412109, "y": 39.754890441894531, "robbery": 1 }, "geometry": { "type": "Point", "coordinates": [ -105.00234222399996, 39.754890442000033 ] } },
{ "type": "Feature", "properties": { "OBJECTID": 31911, "id": "DENVER_2020_20242022370845", "x": -104.99794769287109, "y": 39.737541198730469, "robbery": 1 }, "geometry": { "type": "Point", "coordinates": [ -104.997947692999958, 39.737541199000077 ] } },
{ "type": "Feature", "properties": { "OBJECTID": 31912, "id": "DENVER_2020_20242022370900", "x": -105.02449798583984, "y": 39.665889739990234, "robbery": 1 }, "geometry": { "type": "Point", "coordinates": [ -105.024497985999972, 39.665889740000068 ] } },
{ "type": "Feature", "properties": { "OBJECTID": 31913, "id": "DENVER_2020_20242022371340", "x": -105.02069854736328, "y": 39.711448669433594, "robbery": 1 }, "geometry": { "type": "Point", "coordinates": [ -105.020698546999938, 39.711448669000049 ] } },
{ "type": "Feature", "properties": { "OBJECTID": 31914, "id": "DENVER_2020_20242022371376", "x": -104.85485076904297, "y": 39.782371520996094, "robbery": 1 }, "geometry": { "type": "Point", "coordinates": [ -104.854850768999938, 39.782371521000073 ] } },
{ "type": "Feature", "properties": { "OBJECTID": 31915, "id": "DENVER_2020_20242022371464", "x": -104.90483856201172, "y": 39.723468780517578, "robbery": 1 }, "geometry": { "type": "Point", "coordinates": [ -104.904838561999952, 39.723468781000065 ] } },
{ "type": "Feature", "properties": { "OBJECTID": 31916, "id": "DENVER_2020_20242022372222", "x": -105.02633666992188, "y": 39.719749450683594, "robbery": 1 }, "geometry": { "type": "Point", "coordinates": [ -105.026336669999978, 39.719749451000041 ] } },
{ "type": "Feature", "properties": { "OBJECTID": 31917, "id": "DENVER_2020_20242022372623", "x": -104.84751129150391, "y": 39.770740509033203, "robbery": 1 }, "geometry": { "type": "Point", "coordinates": [ -104.847511291999979, 39.770740509000063 ] } },
{ "type": "Feature", "properties": { "OBJECTID": 31918, "id": "DENVER_2020_20242022372831", "x": -104.93998718261719, "y": 39.69696044921875, "robbery": 1 }, "geometry": { "type": "Point", "coordinates": [ -104.939987182999971, 39.696960449000073 ] } },
{ "type": "Feature", "properties": { "OBJECTID": 31919, "id": "DENVER_2020_20242022373474", "x": -105.02348327636719, "y": 39.735599517822266, "robbery": 1 }, "geometry": { "type": "Point", "coordinates": [ -105.023483275999979, 39.735599518000072 ] } },
{ "type": "Feature", "properties": { "OBJECTID": 31920, "id": "DENVER_2020_20242022373482", "x": -105.03247833251953, "y": 39.736400604248047, "robbery": 1 }, "geometry": { "type": "Point", "coordinates": [ -105.032478332999972, 39.736400604000039 ] } },
{ "type": "Feature", "properties": { "OBJECTID": 31921, "id": "DENVER_2020_20242022373573", "x": -105.02467346191406, "y": 39.672840118408203, "robbery": 1 }, "geometry": { "type": "Point", "coordinates": [ -105.024673461999953, 39.672840118000067 ] } },
{ "type": "Feature", "properties": { "OBJECTID": 31922, "id": "DENVER_2020_20242022373641", "x": -104.9127197265625, "y": 39.66387939453125, "robbery": 1 }, "geometry": { "type": "Point", "coordinates": [ -104.912719726999967, 39.663879395000038 ] } },
{ "type": "Feature", "properties": { "OBJECTID": 31923, "id": "DENVER_2020_20242022373958", "x": -104.89286804199219, "y": 39.738700866699219, "robbery": 1 }, "geometry": { "type": "Point", "coordinates": [ -104.892868041999975, 39.738700867000034 ] } },
{ "type": "Feature", "properties": { "OBJECTID": 31924, "id": "DENVER_2020_2024202237427", "x": -104.96312713623047, "y": 39.739429473876953, "robbery": 1 }, "geometry": { "type": "Point", "coordinates": [ -104.963127135999969, 39.739429474000076 ] } },
{ "type": "Feature", "properties": { "OBJECTID": 31925, "id": "DENVER_2020_20242022374434", "x": -104.98715209960938, "y": 39.678810119628906, "robbery": 1 }, "geometry": { "type": "Point", "coordinates": [ -104.987152099999946, 39.678810120000037 ] } },
{ "type": "Feature", "properties": { "OBJECTID": 31926, "id": "DENVER_2020_20242022375023", "x": -104.85057067871094, "y": 39.78118896484375, "robbery": 1 }, "geometry": { "type": "Point", "coordinates": [ -104.850570678999986, 39.781188965000069 ] } },
{ "type": "Feature", "properties": { "OBJECTID": 31927, "id": "DENVER_2020_20242022375931", "x": -105.02483367919922, "y": 39.657119750976562, "robbery": 1 }, "geometry": { "type": "Point", "coordinates": [ -105.024833678999983, 39.657119751000039 ] } },
{ "type": "Feature", "properties": { "OBJECTID": 31928, "id": "DENVER_2020_20242022376905", "x": -104.9752197265625, "y": 39.738979339599609, "robbery": 1 }, "geometry": { "type": "Point", "coordinates": [ -104.975219726999967, 39.738979340000071 ] } },
{ "type": "Feature", "properties": { "OBJECTID": 31929, "id": "DENVER_2020_2024202237711", "x": -104.98787689208984, "y": 39.710529327392578, "robbery": 1 }, "geometry": { "type": "Point", "coordinates": [ -104.987876891999974, 39.710529327000074 ] } },
{ "type": "Feature", "properties": { "OBJECTID": 31930, "id": "DENVER_2020_2024202237905", "x": -104.98975372314453, "y": 39.711540222167969, "robbery": 1 }, "geometry": { "type": "Point", "coordinates": [ -104.989753722999978, 39.711540222000053 ] } },
{ "type": "Feature", "properties": { "OBJECTID": 31931, "id": "DENVER_2020_20242022379599", "x": -105.03157806396484, "y": 39.669181823730469, "robbery": 1 }, "geometry": { "type": "Point", "coordinates": [ -105.031578063999973, 39.669181824000077 ] } },
{ "type": "Feature", "properties": { "OBJECTID": 31932, "id": "DENVER_2020_2024202237966", "x": -104.97511291503906, "y": 39.739860534667969, "robbery": 1 }, "geometry": { "type": "Point", "coordinates": [ -104.975112914999954, 39.739860535000048 ] } },
{ "type": "Feature", "properties": { "OBJECTID": 31933, "id": "DENVER_2020_20242022380112", "x": -104.96829223632812, "y": 39.740180969238281, "robbery": 1 }, "geometry": { "type": "Point", "coordinates": [ -104.968292235999968, 39.74018096900005 ] } },
{ "type": "Feature", "properties": { "OBJECTID": 31934, "id": "DENVER_2020_20242022380463", "x": -104.97946929931641, "y": 39.753829956054688, "robbery": 1 }, "geometry": { "type": "Point", "coordinates": [ -104.979469298999959, 39.753829956000061 ] } },
{ "type": "Feature", "properties": { "OBJECTID": 31935, "id": "DENVER_2020_20242022381225", "x": -104.91599273681641, "y": 39.738780975341797, "robbery": 1 }, "geometry": { "type": "Point", "coordinates": [ -104.915992736999954, 39.738780975000054 ] } },
{ "type": "Feature", "properties": { "OBJECTID": 31936, "id": "DENVER_2020_20242022381312", "x": -105.03240203857422, "y": 39.693851470947266, "robbery": 1 }, "geometry": { "type": "Point", "coordinates": [ -105.032402038999976, 39.693851471000073 ] } },
{ "type": "Feature", "properties": { "OBJECTID": 31937, "id": "DENVER_2020_2024202238253", "x": -104.84797668457031, "y": 39.772300720214844, "robbery": 1 }, "geometry": { "type": "Point", "coordinates": [ -104.847976685, 39.772300720000032 ] } },
{ "type": "Feature", "properties": { "OBJECTID": 31938, "id": "DENVER_2020_20242022383129", "x": -104.98738861083984, "y": 39.740058898925781, "robbery": 1 }, "geometry": { "type": "Point", "coordinates": [ -104.987388610999972, 39.740058899000076 ] } },
{ "type": "Feature", "properties": { "OBJECTID": 31939, "id": "DENVER_2020_20242022383369", "x": -104.97511291503906, "y": 39.739860534667969, "robbery": 1 }, "geometry": { "type": "Point", "coordinates": [ -104.975112914999954, 39.739860535000048 ] } },
{ "type": "Feature", "properties": { "OBJECTID": 31940, "id": "DENVER_2020_20242022384486", "x": -104.97721862792969, "y": 39.742721557617188, "robbery": 1 }, "geometry": { "type": "Point", "coordinates": [ -104.977218627999946, 39.742721558000028 ] } },
{ "type": "Feature", "properties": { "OBJECTID": 31941, "id": "DENVER_2020_20242022385828", "x": -104.89909362792969, "y": 39.740470886230469, "robbery": 1 }, "geometry": { "type": "Point", "coordinates": [ -104.899093627999946, 39.740470886000026 ] } },
{ "type": "Feature", "properties": { "OBJECTID": 31942, "id": "DENVER_2020_2024202238604", "x": -104.76296997070312, "y": 39.804050445556641, "robbery": 1 }, "geometry": { "type": "Point", "coordinates": [ -104.762969970999961, 39.804050446000076 ] } },
{ "type": "Feature", "properties": { "OBJECTID": 31943, "id": "DENVER_2020_20242022387035", "x": -104.98798370361328, "y": 39.721290588378906, "robbery": 1 }, "geometry": { "type": "Point", "coordinates": [ -104.987983703999987, 39.721290588000045 ] } },
{ "type": "Feature", "properties": { "OBJECTID": 31944, "id": "DENVER_2020_20242022387342", "x": -104.98175048828125, "y": 39.760929107666016, "robbery": 1 }, "geometry": { "type": "Point", "coordinates": [ -104.981750487999989, 39.760929108000028 ] } },
{ "type": "Feature", "properties": { "OBJECTID": 31945, "id": "DENVER_2020_20242022388398", "x": -104.98159027099609, "y": 39.711189270019531, "robbery": 1 }, "geometry": { "type": "Point", "coordinates": [ -104.981590270999959, 39.711189270000034 ] } },
{ "type": "Feature", "properties": { "OBJECTID": 31946, "id": "DENVER_2020_20242022388887", "x": -105.02955627441406, "y": 39.709598541259766, "robbery": 1 }, "geometry": { "type": "Point", "coordinates": [ -105.029556273999958, 39.709598541000048 ] } },
{ "type": "Feature", "properties": { "OBJECTID": 31947, "id": "DENVER_2020_2024202238893", "x": -104.96510314941406, "y": 39.740318298339844, "robbery": 1 }, "geometry": { "type": "Point", "coordinates": [ -104.965103148999958, 39.740318298000034 ] } },
{ "type": "Feature", "properties": { "OBJECTID": 31948, "id": "DENVER_2020_20242022389061", "x": -105.00272369384766, "y": 39.753250122070312, "robbery": 1 }, "geometry": { "type": "Point", "coordinates": [ -105.00272369399994, 39.753250122000054 ] } },
{ "type": "Feature", "properties": { "OBJECTID": 31949, "id": "DENVER_2020_20242022389177", "x": -104.89642333984375, "y": 39.740161895751953, "robbery": 1 }, "geometry": { "type": "Point", "coordinates": [ -104.896423339999956, 39.740161896000075 ] } },
{ "type": "Feature", "properties": { "OBJECTID": 31950, "id": "DENVER_2020_20242022389238", "x": -105.03276824951172, "y": 39.765209197998047, "robbery": 1 }, "geometry": { "type": "Point", "coordinates": [ -105.032768249999947, 39.765209198000036 ] } },
{ "type": "Feature", "properties": { "OBJECTID": 31951, "id": "DENVER_2020_20242022389806", "x": -104.98452758789062, "y": 39.725830078125, "robbery": 1 }, "geometry": { "type": "Point", "coordinates": [ -104.984527588, 39.725830078000058 ] } },
{ "type": "Feature", "properties": { "OBJECTID": 31952, "id": "DENVER_2020_20242022390094", "x": -104.84307098388672, "y": 39.783069610595703, "robbery": 1 }, "geometry": { "type": "Point", "coordinates": [ -104.843070983999951, 39.78306961100003 ] } },
{ "type": "Feature", "properties": { "OBJECTID": 31953, "id": "DENVER_2020_20242022390095", "x": -104.77123260498047, "y": 39.809238433837891, "robbery": 1 }, "geometry": { "type": "Point", "coordinates": [ -104.771232604999966, 39.809238434000065 ] } },
{ "type": "Feature", "properties": { "OBJECTID": 31954, "id": "DENVER_2020_20242022391586", "x": -104.94938659667969, "y": 39.783130645751953, "robbery": 1 }, "geometry": { "type": "Point", "coordinates": [ -104.949386596999943, 39.783130646000075 ] } },
{ "type": "Feature", "properties": { "OBJECTID": 31955, "id": "DENVER_2020_20242022392335", "x": -104.82730865478516, "y": 39.778011322021484, "robbery": 1 }, "geometry": { "type": "Point", "coordinates": [ -104.827308654999968, 39.778011322000054 ] } },
{ "type": "Feature", "properties": { "OBJECTID": 31956, "id": "DENVER_2020_20242022392458", "x": -105.02348327636719, "y": 39.735599517822266, "robbery": 1 }, "geometry": { "type": "Point", "coordinates": [ -105.023483275999979, 39.735599518000072 ] } },
{ "type": "Feature", "properties": { "OBJECTID": 31957, "id": "DENVER_2020_20242022392539", "x": -105.06720733642578, "y": 39.651931762695312, "robbery": 1 }, "geometry": { "type": "Point", "coordinates": [ -105.067207335999967, 39.65193176300005 ] } },
{ "type": "Feature", "properties": { "OBJECTID": 31958, "id": "DENVER_2020_20242022393154", "x": -105.02456665039062, "y": 39.689239501953125, "robbery": 1 }, "geometry": { "type": "Point", "coordinates": [ -105.02456664999994, 39.689239502000078 ] } },
{ "type": "Feature", "properties": { "OBJECTID": 31959, "id": "DENVER_2020_20242022393309", "x": -104.92664337158203, "y": 39.765979766845703, "robbery": 1 }, "geometry": { "type": "Point", "coordinates": [ -104.926643371999944, 39.765979767000033 ] } },
{ "type": "Feature", "properties": { "OBJECTID": 31960, "id": "DENVER_2020_20242022394889", "x": -104.8089599609375, "y": 39.774681091308594, "robbery": 1 }, "geometry": { "type": "Point", "coordinates": [ -104.808959960999971, 39.774681091000048 ] } },
{ "type": "Feature", "properties": { "OBJECTID": 31961, "id": "DENVER_2020_20242022396430", "x": -104.96843719482422, "y": 39.678249359130859, "robbery": 1 }, "geometry": { "type": "Point", "coordinates": [ -104.968437194999979, 39.678249359000063 ] } },
{ "type": "Feature", "properties": { "OBJECTID": 31962, "id": "DENVER_2020_2024202239654", "x": -104.96959686279297, "y": 39.6787109375, "robbery": 1 }, "geometry": { "type": "Point", "coordinates": [ -104.969596863, 39.678710937000062 ] } },
{ "type": "Feature", "properties": { "OBJECTID": 31963, "id": "DENVER_2020_20242022398223", "x": -104.99172210693359, "y": 39.744430541992188, "robbery": 1 }, "geometry": { "type": "Point", "coordinates": [ -104.991722106999987, 39.744430542000032 ] } },
{ "type": "Feature", "properties": { "OBJECTID": 31964, "id": "DENVER_2020_20242022398584", "x": -104.90477752685547, "y": 39.767658233642578, "robbery": 1 }, "geometry": { "type": "Point", "coordinates": [ -104.904777526999965, 39.767658234000066 ] } },
{ "type": "Feature", "properties": { "OBJECTID": 31965, "id": "DENVER_2020_20242022398599", "x": -104.89167785644531, "y": 39.740150451660156, "robbery": 1 }, "geometry": { "type": "Point", "coordinates": [ -104.891677855999944, 39.74015045200008 ] } },
{ "type": "Feature", "properties": { "OBJECTID": 31966, "id": "DENVER_2020_20242022399702", "x": -104.98650360107422, "y": 39.734138488769531, "robbery": 1 }, "geometry": { "type": "Point", "coordinates": [ -104.986503600999981, 39.734138489000031 ] } },
{ "type": "Feature", "properties": { "OBJECTID": 31967, "id": "DENVER_2020_20242022399994", "x": -104.81044769287109, "y": 39.777359008789062, "robbery": 1 }, "geometry": { "type": "Point", "coordinates": [ -104.810447692999958, 39.777359009000065 ] } },
{ "type": "Feature", "properties": { "OBJECTID": 31968, "id": "DENVER_2020_2024202240037", "x": -104.88613128662109, "y": 39.636489868164062, "robbery": 1 }, "geometry": { "type": "Point", "coordinates": [ -104.886131286999955, 39.636489868000069 ] } },
{ "type": "Feature", "properties": { "OBJECTID": 31969, "id": "DENVER_2020_20242022400632", "x": -104.98922729492188, "y": 39.776519775390625, "robbery": 1 }, "geometry": { "type": "Point", "coordinates": [ -104.989227294999978, 39.776519775000054 ] } },
{ "type": "Feature", "properties": { "OBJECTID": 31970, "id": "DENVER_2020_20242022400859", "x": -105.03488159179688, "y": 39.711231231689453, "robbery": 1 }, "geometry": { "type": "Point", "coordinates": [ -105.034881591999977, 39.711231232000046 ] } },
{ "type": "Feature", "properties": { "OBJECTID": 31971, "id": "DENVER_2020_20242022401089", "x": -104.8604736328125, "y": 39.659820556640625, "robbery": 1 }, "geometry": { "type": "Point", "coordinates": [ -104.86047363299997, 39.659820557000046 ] } },
{ "type": "Feature", "properties": { "OBJECTID": 31972, "id": "DENVER_2020_2024202240158", "x": -104.98636627197266, "y": 39.764118194580078, "robbery": 1 }, "geometry": { "type": "Point", "coordinates": [ -104.986366271999941, 39.764118195000037 ] } },
{ "type": "Feature", "properties": { "OBJECTID": 31973, "id": "DENVER_2020_20242022401620", "x": -105.00579833984375, "y": 39.733589172363281, "robbery": 1 }, "geometry": { "type": "Point", "coordinates": [ -105.005798339999956, 39.733589172000052 ] } },
{ "type": "Feature", "properties": { "OBJECTID": 31974, "id": "DENVER_2020_20242022401637", "x": -104.95128631591797, "y": 39.716209411621094, "robbery": 1 }, "geometry": { "type": "Point", "coordinates": [ -104.951286315999937, 39.716209412000069 ] } },
{ "type": "Feature", "properties": { "OBJECTID": 31975, "id": "DENVER_2020_20242022401969", "x": -104.89909362792969, "y": 39.740470886230469, "robbery": 1 }, "geometry": { "type": "Point", "coordinates": [ -104.899093627999946, 39.740470886000026 ] } },
{ "type": "Feature", "properties": { "OBJECTID": 31976, "id": "DENVER_2020_20242022402089", "x": -104.93589782714844, "y": 39.694190979003906, "robbery": 1 }, "geometry": { "type": "Point", "coordinates": [ -104.935897826999962, 39.694190979000041 ] } },
{ "type": "Feature", "properties": { "OBJECTID": 31977, "id": "DENVER_2020_20242022402284", "x": -105.02871704101562, "y": 39.736900329589844, "robbery": 1 }, "geometry": { "type": "Point", "coordinates": [ -105.028717041, 39.736900330000026 ] } },
{ "type": "Feature", "properties": { "OBJECTID": 31978, "id": "DENVER_2020_20242022402324", "x": -105.03217315673828, "y": 39.724369049072266, "robbery": 1 }, "geometry": { "type": "Point", "coordinates": [ -105.032173156999988, 39.724369049000074 ] } },
{ "type": "Feature", "properties": { "OBJECTID": 31979, "id": "DENVER_2020_20242022402362", "x": -104.98757934570312, "y": 39.711158752441406, "robbery": 1 }, "geometry": { "type": "Point", "coordinates": [ -104.987579345999961, 39.711158752000074 ] } },
{ "type": "Feature", "properties": { "OBJECTID": 31980, "id": "DENVER_2020_20242022402596", "x": -104.9775390625, "y": 39.748088836669922, "robbery": 1 }, "geometry": { "type": "Point", "coordinates": [ -104.977539062999938, 39.748088837000068 ] } },
{ "type": "Feature", "properties": { "OBJECTID": 31981, "id": "DENVER_2020_20242022402837", "x": -104.91242980957031, "y": 39.698760986328125, "robbery": 1 }, "geometry": { "type": "Point", "coordinates": [ -104.91242981, 39.698760986000025 ] } },
{ "type": "Feature", "properties": { "OBJECTID": 31982, "id": "DENVER_2020_20242022403327", "x": -104.84166717529297, "y": 39.797489166259766, "robbery": 1 }, "geometry": { "type": "Point", "coordinates": [ -104.841667174999941, 39.797489166000048 ] } },
{ "type": "Feature", "properties": { "OBJECTID": 31983, "id": "DENVER_2020_20242022403570", "x": -104.97817230224609, "y": 39.782051086425781, "robbery": 1 }, "geometry": { "type": "Point", "coordinates": [ -104.978172301999962, 39.782051086000024 ] } },
{ "type": "Feature", "properties": { "OBJECTID": 31984, "id": "DENVER_2020_2024202240460", "x": -105.02568817138672, "y": 39.760089874267578, "robbery": 1 }, "geometry": { "type": "Point", "coordinates": [ -105.025688170999956, 39.760089874000073 ] } },
{ "type": "Feature", "properties": { "OBJECTID": 31985, "id": "DENVER_2020_20242022405459", "x": -104.9007568359375, "y": 39.767478942871094, "robbery": 1 }, "geometry": { "type": "Point", "coordinates": [ -104.900756835999971, 39.767478943000071 ] } },
{ "type": "Feature", "properties": { "OBJECTID": 31986, "id": "DENVER_2020_20242022405635", "x": -105.00060272216797, "y": 39.727790832519531, "robbery": 1 }, "geometry": { "type": "Point", "coordinates": [ -105.00060272199994, 39.727790833000029 ] } },
{ "type": "Feature", "properties": { "OBJECTID": 31987, "id": "DENVER_2020_20242022406728", "x": -104.87657928466797, "y": 39.708309173583984, "robbery": 1 }, "geometry": { "type": "Point", "coordinates": [ -104.876579285, 39.708309174000078 ] } },
{ "type": "Feature", "properties": { "OBJECTID": 31988, "id": "DENVER_2020_2024202240760", "x": -104.98734283447266, "y": 39.7122802734375, "robbery": 1 }, "geometry": { "type": "Point", "coordinates": [ -104.987342833999946, 39.712280273000033 ] } },
{ "type": "Feature", "properties": { "OBJECTID": 31989, "id": "DENVER_2020_20242022407643", "x": -104.95439910888672, "y": 39.78704833984375, "robbery": 1 }, "geometry": { "type": "Point", "coordinates": [ -104.954399108999951, 39.787048340000069 ] } },
{ "type": "Feature", "properties": { "OBJECTID": 31990, "id": "DENVER_2020_20242022409280", "x": -104.87233734130859, "y": 39.757080078125, "robbery": 1 }, "geometry": { "type": "Point", "coordinates": [ -104.872337341, 39.757080078000058 ] } },
{ "type": "Feature", "properties": { "OBJECTID": 31991, "id": "DENVER_2020_20242022409615", "x": -104.98738098144531, "y": 39.743350982666016, "robbery": 1 }, "geometry": { "type": "Point", "coordinates": [ -104.987380980999944, 39.743350983000028 ] } },
{ "type": "Feature", "properties": { "OBJECTID": 31992, "id": "DENVER_2020_2024202241032", "x": -104.97194671630859, "y": 39.67816162109375, "robbery": 1 }, "geometry": { "type": "Point", "coordinates": [ -104.971946716, 39.678161621000072 ] } },
{ "type": "Feature", "properties": { "OBJECTID": 31993, "id": "DENVER_2020_20242022410521", "x": -104.94145965576172, "y": 39.670619964599609, "robbery": 1 }, "geometry": { "type": "Point", "coordinates": [ -104.94145965599995, 39.670619965000071 ] } },
{ "type": "Feature", "properties": { "OBJECTID": 31994, "id": "DENVER_2020_20242022411757", "x": -105.01962280273438, "y": 39.670810699462891, "robbery": 1 }, "geometry": { "type": "Point", "coordinates": [ -105.019622802999947, 39.670810699000072 ] } },
{ "type": "Feature", "properties": { "OBJECTID": 31995, "id": "DENVER_2020_20242022411823", "x": -105.05287933349609, "y": 39.776920318603516, "robbery": 1 }, "geometry": { "type": "Point", "coordinates": [ -105.052879332999964, 39.776920319000055 ] } },
{ "type": "Feature", "properties": { "OBJECTID": 31996, "id": "DENVER_2020_20242022412236", "x": -104.98445892333984, "y": 39.742881774902344, "robbery": 1 }, "geometry": { "type": "Point", "coordinates": [ -104.984458922999977, 39.742881775000058 ] } },
{ "type": "Feature", "properties": { "OBJECTID": 31997, "id": "DENVER_2020_20242022412859", "x": -104.97511291503906, "y": 39.739860534667969, "robbery": 1 }, "geometry": { "type": "Point", "coordinates": [ -104.975112914999954, 39.739860535000048 ] } },
{ "type": "Feature", "properties": { "OBJECTID": 31998, "id": "DENVER_2020_20242022412876", "x": -105.01216125488281, "y": 39.702548980712891, "robbery": 1 }, "geometry": { "type": "Point", "coordinates": [ -105.012161254999967, 39.702548981000064 ] } },
{ "type": "Feature", "properties": { "OBJECTID": 31999, "id": "DENVER_2020_202420224131", "x": -104.99281311035156, "y": 39.745479583740234, "robbery": 1 }, "geometry": { "type": "Point", "coordinates": [ -104.992813109999986, 39.745479584000066 ] } },
{ "type": "Feature", "properties": { "OBJECTID": 32000, "id": "DENVER_2020_20242022413174", "x": -105.00052642822266, "y": 39.756858825683594, "robbery": 1 }, "geometry": { "type": "Point", "coordinates": [ -105.000526427999944, 39.756858826000041 ] } },
{ "type": "Feature", "properties": { "OBJECTID": 32001, "id": "DENVER_2020_2024202241342", "x": -104.97353363037109, "y": 39.764171600341797, "robbery": 1 }, "geometry": { "type": "Point", "coordinates": [ -104.973533629999963, 39.764171600000054 ] } },
{ "type": "Feature", "properties": { "OBJECTID": 32002, "id": "DENVER_2020_20242022413836", "x": -104.97981262207031, "y": 39.740840911865234, "robbery": 1 }, "geometry": { "type": "Point", "coordinates": [ -104.97981262199994, 39.740840912000067 ] } },
{ "type": "Feature", "properties": { "OBJECTID": 32003, "id": "DENVER_2020_20242022413863", "x": -104.94035339355469, "y": 39.679698944091797, "robbery": 1 }, "geometry": { "type": "Point", "coordinates": [ -104.940353393999942, 39.679698944000052 ] } },
{ "type": "Feature", "properties": { "OBJECTID": 32004, "id": "DENVER_2020_20242022413991", "x": -104.95575714111328, "y": 39.756278991699219, "robbery": 1 }, "geometry": { "type": "Point", "coordinates": [ -104.955757141, 39.756278992000034 ] } },
{ "type": "Feature", "properties": { "OBJECTID": 32005, "id": "DENVER_2020_20242022414279", "x": -104.95159149169922, "y": 39.719249725341797, "robbery": 1 }, "geometry": { "type": "Point", "coordinates": [ -104.951591491999977, 39.719249725000054 ] } },
{ "type": "Feature", "properties": { "OBJECTID": 32006, "id": "DENVER_2020_20242022415508", "x": -105.00591278076172, "y": 39.770401000976562, "robbery": 1 }, "geometry": { "type": "Point", "coordinates": [ -105.00591278099995, 39.770401001000039 ] } },
{ "type": "Feature", "properties": { "OBJECTID": 32007, "id": "DENVER_2020_20242022415585", "x": -105.02541351318359, "y": 39.689811706542969, "robbery": 1 }, "geometry": { "type": "Point", "coordinates": [ -105.025413513, 39.689811707000047 ] } },
{ "type": "Feature", "properties": { "OBJECTID": 32008, "id": "DENVER_2020_20242022415637", "x": -104.99949645996094, "y": 39.748939514160156, "robbery": 1 }, "geometry": { "type": "Point", "coordinates": [ -104.999496459999989, 39.748939514000028 ] } },
{ "type": "Feature", "properties": { "OBJECTID": 32009, "id": "DENVER_2020_20242022416553", "x": -104.98719787597656, "y": 39.682308197021484, "robbery": 1 }, "geometry": { "type": "Point", "coordinates": [ -104.987197875999982, 39.682308197000054 ] } },
{ "type": "Feature", "properties": { "OBJECTID": 32010, "id": "DENVER_2020_20242022417052", "x": -104.97309875488281, "y": 39.740028381347656, "robbery": 1 }, "geometry": { "type": "Point", "coordinates": [ -104.973098754999967, 39.740028381000059 ] } },
{ "type": "Feature", "properties": { "OBJECTID": 32011, "id": "DENVER_2020_20242022417219", "x": -104.89491271972656, "y": 39.739879608154297, "robbery": 1 }, "geometry": { "type": "Point", "coordinates": [ -104.894912719999979, 39.739879608000081 ] } },
{ "type": "Feature", "properties": { "OBJECTID": 32012, "id": "DENVER_2020_20242022419052", "x": -104.98088073730469, "y": 39.770500183105469, "robbery": 1 }, "geometry": { "type": "Point", "coordinates": [ -104.98088073699995, 39.770500183000024 ] } },
{ "type": "Feature", "properties": { "OBJECTID": 32013, "id": "DENVER_2020_20242022419183", "x": -104.94731140136719, "y": 39.776561737060547, "robbery": 1 }, "geometry": { "type": "Point", "coordinates": [ -104.947311400999979, 39.776561737000065 ] } },
{ "type": "Feature", "properties": { "OBJECTID": 32014, "id": "DENVER_2020_20242022419187", "x": -104.94612121582031, "y": 39.778480529785156, "robbery": 1 }, "geometry": { "type": "Point", "coordinates": [ -104.946121215999938, 39.778480530000024 ] } },
{ "type": "Feature", "properties": { "OBJECTID": 32015, "id": "DENVER_2020_20242022419188", "x": -104.77648162841797, "y": 39.783870697021484, "robbery": 1 }, "geometry": { "type": "Point", "coordinates": [ -104.776481627999942, 39.783870697000054 ] } },
{ "type": "Feature", "properties": { "OBJECTID": 32016, "id": "DENVER_2020_20242022419546", "x": -104.82576751708984, "y": 39.776020050048828, "robbery": 1 }, "geometry": { "type": "Point", "coordinates": [ -104.825767516999974, 39.776020050000056 ] } },
{ "type": "Feature", "properties": { "OBJECTID": 32017, "id": "DENVER_2020_20242022419894", "x": -104.97633361816406, "y": 39.7398681640625, "robbery": 1 }, "geometry": { "type": "Point", "coordinates": [ -104.976333617999956, 39.739868164000029 ] } },
{ "type": "Feature", "properties": { "OBJECTID": 32018, "id": "DENVER_2020_20242022420391", "x": -104.98705291748047, "y": 39.751430511474609, "robbery": 1 }, "geometry": { "type": "Point", "coordinates": [ -104.987052916999971, 39.751430511000081 ] } },
{ "type": "Feature", "properties": { "OBJECTID": 32019, "id": "DENVER_2020_20242022420450", "x": -104.89087677001953, "y": 39.736560821533203, "robbery": 1 }, "geometry": { "type": "Point", "coordinates": [ -104.890876769999977, 39.736560822000058 ] } },
{ "type": "Feature", "properties": { "OBJECTID": 32020, "id": "DENVER_2020_20242022420699", "x": -104.98341369628906, "y": 39.733978271484375, "robbery": 1 }, "geometry": { "type": "Point", "coordinates": [ -104.983413695999957, 39.733978271000069 ] } },
{ "type": "Feature", "properties": { "OBJECTID": 32021, "id": "DENVER_2020_20242022420735", "x": -104.89505767822266, "y": 39.637660980224609, "robbery": 1 }, "geometry": { "type": "Point", "coordinates": [ -104.895057677999944, 39.637660980000078 ] } },
{ "type": "Feature", "properties": { "OBJECTID": 32022, "id": "DENVER_2020_20242022421088", "x": -104.99131011962891, "y": 39.744319915771484, "robbery": 1 }, "geometry": { "type": "Point", "coordinates": [ -104.99131011999998, 39.744319916000052 ] } },
{ "type": "Feature", "properties": { "OBJECTID": 32023, "id": "DENVER_2020_20242022422444", "x": -104.98793792724609, "y": 39.755630493164062, "robbery": 1 }, "geometry": { "type": "Point", "coordinates": [ -104.987937926999962, 39.755630493000069 ] } },
{ "type": "Feature", "properties": { "OBJECTID": 32024, "id": "DENVER_2020_20242022422804", "x": -105.00379943847656, "y": 39.714378356933594, "robbery": 1 }, "geometry": { "type": "Point", "coordinates": [ -105.003799437999987, 39.714378357000044 ] } },
{ "type": "Feature", "properties": { "OBJECTID": 32025, "id": "DENVER_2020_20242022422881", "x": -104.8424072265625, "y": 39.780540466308594, "robbery": 1 }, "geometry": { "type": "Point", "coordinates": [ -104.842407226999967, 39.780540466000048 ] } },
{ "type": "Feature", "properties": { "OBJECTID": 32026, "id": "DENVER_2020_20242022423137", "x": -104.92649841308594, "y": 39.762229919433594, "robbery": 1 }, "geometry": { "type": "Point", "coordinates": [ -104.926498413, 39.762229919000049 ] } },
{ "type": "Feature", "properties": { "OBJECTID": 32027, "id": "DENVER_2020_20242022423149", "x": -105.03946685791016, "y": 39.734760284423828, "robbery": 1 }, "geometry": { "type": "Point", "coordinates": [ -105.039466857999969, 39.73476028400006 ] } },
{ "type": "Feature", "properties": { "OBJECTID": 32028, "id": "DENVER_2020_20242022423386", "x": -104.98924255371094, "y": 39.733390808105469, "robbery": 1 }, "geometry": { "type": "Point", "coordinates": [ -104.989242553999986, 39.733390808000024 ] } },
{ "type": "Feature", "properties": { "OBJECTID": 32029, "id": "DENVER_2020_20242022423560", "x": -104.90741729736328, "y": 39.653469085693359, "robbery": 1 }, "geometry": { "type": "Point", "coordinates": [ -104.907417296999938, 39.65346908600003 ] } },
{ "type": "Feature", "properties": { "OBJECTID": 32030, "id": "DENVER_2020_2024202242362", "x": -104.98738861083984, "y": 39.740058898925781, "robbery": 1 }, "geometry": { "type": "Point", "coordinates": [ -104.987388610999972, 39.740058899000076 ] } },
{ "type": "Feature", "properties": { "OBJECTID": 32031, "id": "DENVER_2020_20242022423902", "x": -105.00527191162109, "y": 39.733699798583984, "robbery": 1 }, "geometry": { "type": "Point", "coordinates": [ -105.005271911999955, 39.733699799000078 ] } },
{ "type": "Feature", "properties": { "OBJECTID": 32032, "id": "DENVER_2020_20242022424145", "x": -105.02175140380859, "y": 39.733879089355469, "robbery": 1 }, "geometry": { "type": "Point", "coordinates": [ -105.021751403999986, 39.733879089000027 ] } },
{ "type": "Feature", "properties": { "OBJECTID": 32033, "id": "DENVER_2020_20242022424532", "x": -104.97280120849609, "y": 39.769989013671875, "robbery": 1 }, "geometry": { "type": "Point", "coordinates": [ -104.972801207999964, 39.769989014000032 ] } },
{ "type": "Feature", "properties": { "OBJECTID": 32034, "id": "DENVER_2020_20242022424576", "x": -105.03497314453125, "y": 39.769279479980469, "robbery": 1 }, "geometry": { "type": "Point", "coordinates": [ -105.034973144999981, 39.76927948000008 ] } },
{ "type": "Feature", "properties": { "OBJECTID": 32035, "id": "DENVER_2020_20242022424713", "x": -105.00560760498047, "y": 39.763069152832031, "robbery": 1 }, "geometry": { "type": "Point", "coordinates": [ -105.005607604999966, 39.76306915300006 ] } },
{ "type": "Feature", "properties": { "OBJECTID": 32036, "id": "DENVER_2020_20242022424727", "x": -105.00560760498047, "y": 39.763069152832031, "robbery": 1 }, "geometry": { "type": "Point", "coordinates": [ -105.005607604999966, 39.76306915300006 ] } },
{ "type": "Feature", "properties": { "OBJECTID": 32037, "id": "DENVER_2020_20242022424813", "x": -105.08071136474609, "y": 39.66571044921875, "robbery": 1 }, "geometry": { "type": "Point", "coordinates": [ -105.080711364999956, 39.665710449000073 ] } },
{ "type": "Feature", "properties": { "OBJECTID": 32038, "id": "DENVER_2020_20242022425345", "x": -104.98715209960938, "y": 39.678810119628906, "robbery": 1 }, "geometry": { "type": "Point", "coordinates": [ -104.987152099999946, 39.678810120000037 ] } },
{ "type": "Feature", "properties": { "OBJECTID": 32039, "id": "DENVER_2020_20242022425904", "x": -104.89794921875, "y": 39.769691467285156, "robbery": 1 }, "geometry": { "type": "Point", "coordinates": [ -104.897949218999941, 39.76969146700003 ] } },
{ "type": "Feature", "properties": { "OBJECTID": 32040, "id": "DENVER_2020_20242022426263", "x": -104.83573150634766, "y": 39.777240753173828, "robbery": 1 }, "geometry": { "type": "Point", "coordinates": [ -104.835731505999945, 39.777240753000058 ] } },
{ "type": "Feature", "properties": { "OBJECTID": 32041, "id": "DENVER_2020_20242022426472", "x": -104.93916320800781, "y": 39.739288330078125, "robbery": 1 }, "geometry": { "type": "Point", "coordinates": [ -104.939163207999968, 39.739288330000079 ] } },
{ "type": "Feature", "properties": { "OBJECTID": 32042, "id": "DENVER_2020_20242022427477", "x": -104.99440765380859, "y": 39.764671325683594, "robbery": 1 }, "geometry": { "type": "Point", "coordinates": [ -104.994407653999986, 39.764671326000041 ] } },
{ "type": "Feature", "properties": { "OBJECTID": 32043, "id": "DENVER_2020_20242022428231", "x": -104.810302734375, "y": 39.795429229736328, "robbery": 1 }, "geometry": { "type": "Point", "coordinates": [ -104.810302733999947, 39.795429230000025 ] } },
{ "type": "Feature", "properties": { "OBJECTID": 32044, "id": "DENVER_2020_20242022429348", "x": -105.01502227783203, "y": 39.785469055175781, "robbery": 1 }, "geometry": { "type": "Point", "coordinates": [ -105.015022277999947, 39.785469055000078 ] } },
{ "type": "Feature", "properties": { "OBJECTID": 32045, "id": "DENVER_2020_20242022429506", "x": -105.02189636230469, "y": 39.677581787109375, "robbery": 1 }, "geometry": { "type": "Point", "coordinates": [ -105.02189636199995, 39.677581787000065 ] } },
{ "type": "Feature", "properties": { "OBJECTID": 32046, "id": "DENVER_2020_20242022430244", "x": -104.90022277832031, "y": 39.759601593017578, "robbery": 1 }, "geometry": { "type": "Point", "coordinates": [ -104.900222777999943, 39.75960159300007 ] } },
{ "type": "Feature", "properties": { "OBJECTID": 32047, "id": "DENVER_2020_20242022430360", "x": -104.96755981445312, "y": 39.743480682373047, "robbery": 1 }, "geometry": { "type": "Point", "coordinates": [ -104.967559813999969, 39.74348068200004 ] } },
{ "type": "Feature", "properties": { "OBJECTID": 32048, "id": "DENVER_2020_20242022431103", "x": -105.02462768554688, "y": 39.733238220214844, "robbery": 1 }, "geometry": { "type": "Point", "coordinates": [ -105.024627685999974, 39.733238220000032 ] } },
{ "type": "Feature", "properties": { "OBJECTID": 32049, "id": "DENVER_2020_2024202243113", "x": -104.84841156005859, "y": 39.782741546630859, "robbery": 1 }, "geometry": { "type": "Point", "coordinates": [ -104.848411559999988, 39.782741547000057 ] } },
{ "type": "Feature", "properties": { "OBJECTID": 32050, "id": "DENVER_2020_20242022431148", "x": -104.94207000732422, "y": 39.688678741455078, "robbery": 1 }, "geometry": { "type": "Point", "coordinates": [ -104.942070006999984, 39.688678741000047 ] } },
{ "type": "Feature", "properties": { "OBJECTID": 32051, "id": "DENVER_2020_20242022431382", "x": -104.89864349365234, "y": 39.640098571777344, "robbery": 1 }, "geometry": { "type": "Point", "coordinates": [ -104.898643493999941, 39.640098572000056 ] } },
{ "type": "Feature", "properties": { "OBJECTID": 32052, "id": "DENVER_2020_20242022431767", "x": -104.94207000732422, "y": 39.688678741455078, "robbery": 1 }, "geometry": { "type": "Point", "coordinates": [ -104.942070006999984, 39.688678741000047 ] } },
{ "type": "Feature", "properties": { "OBJECTID": 32053, "id": "DENVER_2020_20242022432759", "x": -104.90281677246094, "y": 39.757938385009766, "robbery": 1 }, "geometry": { "type": "Point", "coordinates": [ -104.902816771999937, 39.757938385000045 ] } },
{ "type": "Feature", "properties": { "OBJECTID": 32054, "id": "DENVER_2020_2024202243359", "x": -104.96933746337891, "y": 39.742908477783203, "robbery": 1 }, "geometry": { "type": "Point", "coordinates": [ -104.969337462999988, 39.742908478000061 ] } },
{ "type": "Feature", "properties": { "OBJECTID": 32055, "id": "DENVER_2020_20242022433897", "x": -104.99169158935547, "y": 39.756240844726562, "robbery": 1 }, "geometry": { "type": "Point", "coordinates": [ -104.99169158899997, 39.756240845000036 ] } },
{ "type": "Feature", "properties": { "OBJECTID": 32056, "id": "DENVER_2020_20242022434710", "x": -105.08480072021484, "y": 39.638401031494141, "robbery": 1 }, "geometry": { "type": "Point", "coordinates": [ -105.084800719999976, 39.638401031000058 ] } },
{ "type": "Feature", "properties": { "OBJECTID": 32057, "id": "DENVER_2020_2024202243490", "x": -104.95620727539062, "y": 39.767410278320312, "robbery": 1 }, "geometry": { "type": "Point", "coordinates": [ -104.95620727499994, 39.767410278000057 ] } },
{ "type": "Feature", "properties": { "OBJECTID": 32058, "id": "DENVER_2020_20242022435140", "x": -104.94338226318359, "y": 39.740310668945312, "robbery": 1 }, "geometry": { "type": "Point", "coordinates": [ -104.943382263, 39.740310669000053 ] } },
{ "type": "Feature", "properties": { "OBJECTID": 32059, "id": "DENVER_2020_20242022437210", "x": -104.76873016357422, "y": 39.783309936523438, "robbery": 1 }, "geometry": { "type": "Point", "coordinates": [ -104.768730163999976, 39.78330993700007 ] } },
{ "type": "Feature", "properties": { "OBJECTID": 32060, "id": "DENVER_2020_20242022437339", "x": -104.96721649169922, "y": 39.743228912353516, "robbery": 1 }, "geometry": { "type": "Point", "coordinates": [ -104.967216491999977, 39.743228912000063 ] } },
{ "type": "Feature", "properties": { "OBJECTID": 32061, "id": "DENVER_2020_20242022438662", "x": -104.98715972900391, "y": 39.729278564453125, "robbery": 1 }, "geometry": { "type": "Point", "coordinates": [ -104.987159728999984, 39.729278564000026 ] } },
{ "type": "Feature", "properties": { "OBJECTID": 32062, "id": "DENVER_2020_20242022439396", "x": -104.91266632080078, "y": 39.712211608886719, "robbery": 1 }, "geometry": { "type": "Point", "coordinates": [ -104.912666320999961, 39.712211609000065 ] } },
{ "type": "Feature", "properties": { "OBJECTID": 32063, "id": "DENVER_2020_20242022439478", "x": -104.98352813720703, "y": 39.73699951171875, "robbery": 1 }, "geometry": { "type": "Point", "coordinates": [ -104.983528136999951, 39.736999512000068 ] } },
{ "type": "Feature", "properties": { "OBJECTID": 32064, "id": "DENVER_2020_20242022439824", "x": -104.97873687744141, "y": 39.777858734130859, "robbery": 1 }, "geometry": { "type": "Point", "coordinates": [ -104.97873687699996, 39.777858734000063 ] } },
{ "type": "Feature", "properties": { "OBJECTID": 32065, "id": "DENVER_2020_20242022440288", "x": -104.91599273681641, "y": 39.738780975341797, "robbery": 1 }, "geometry": { "type": "Point", "coordinates": [ -104.915992736999954, 39.738780975000054 ] } },
{ "type": "Feature", "properties": { "OBJECTID": 32066, "id": "DENVER_2020_20242022440622", "x": -104.89898681640625, "y": 39.638450622558594, "robbery": 1 }, "geometry": { "type": "Point", "coordinates": [ -104.898986816, 39.63845062300004 ] } },
{ "type": "Feature", "properties": { "OBJECTID": 32067, "id": "DENVER_2020_20242022440716", "x": -105.00218963623047, "y": 39.739948272705078, "robbery": 1 }, "geometry": { "type": "Point", "coordinates": [ -105.002189635999969, 39.739948273000039 ] } },
{ "type": "Feature", "properties": { "OBJECTID": 32068, "id": "DENVER_2020_20242022440884", "x": -104.98268127441406, "y": 39.739608764648438, "robbery": 1 }, "geometry": { "type": "Point", "coordinates": [ -104.982681273999958, 39.739608765000071 ] } },
{ "type": "Feature", "properties": { "OBJECTID": 32069, "id": "DENVER_2020_20242022442271", "x": -104.95942687988281, "y": 39.764759063720703, "robbery": 1 }, "geometry": { "type": "Point", "coordinates": [ -104.959426879999967, 39.764759064000032 ] } },
{ "type": "Feature", "properties": { "OBJECTID": 32070, "id": "DENVER_2020_20242022443509", "x": -105.08783721923828, "y": 39.633831024169922, "robbery": 1 }, "geometry": { "type": "Point", "coordinates": [ -105.087837218999937, 39.633831024000074 ] } },
{ "type": "Feature", "properties": { "OBJECTID": 32071, "id": "DENVER_2020_20242022443722", "x": -105.05274963378906, "y": 39.728420257568359, "robbery": 1 }, "geometry": { "type": "Point", "coordinates": [ -105.052749633999952, 39.728420258000028 ] } },
{ "type": "Feature", "properties": { "OBJECTID": 32072, "id": "DENVER_2020_20242022444133", "x": -105.03012847900391, "y": 39.732868194580078, "robbery": 1 }, "geometry": { "type": "Point", "coordinates": [ -105.030128478999984, 39.732868195000037 ] } },
{ "type": "Feature", "properties": { "OBJECTID": 32073, "id": "DENVER_2020_20242022444388", "x": -104.98452758789062, "y": 39.725830078125, "robbery": 1 }, "geometry": { "type": "Point", "coordinates": [ -104.984527588, 39.725830078000058 ] } },
{ "type": "Feature", "properties": { "OBJECTID": 32074, "id": "DENVER_2020_20242022444786", "x": -104.94133758544922, "y": 39.677230834960938, "robbery": 1 }, "geometry": { "type": "Point", "coordinates": [ -104.941337584999985, 39.677230835000046 ] } },
{ "type": "Feature", "properties": { "OBJECTID": 32075, "id": "DENVER_2020_20242022444814", "x": -104.84831237792969, "y": 39.779960632324219, "robbery": 1 }, "geometry": { "type": "Point", "coordinates": [ -104.848312377999946, 39.779960632000041 ] } },
{ "type": "Feature", "properties": { "OBJECTID": 32076, "id": "DENVER_2020_20242022444834", "x": -105.0357666015625, "y": 39.745159149169922, "robbery": 1 }, "geometry": { "type": "Point", "coordinates": [ -105.035766601999967, 39.745159149000074 ] } },
{ "type": "Feature", "properties": { "OBJECTID": 32077, "id": "DENVER_2020_20242022445809", "x": -104.99604034423828, "y": 39.749279022216797, "robbery": 1 }, "geometry": { "type": "Point", "coordinates": [ -104.996040343999937, 39.749279022000053 ] } },
{ "type": "Feature", "properties": { "OBJECTID": 32078, "id": "DENVER_2020_20242022446191", "x": -105.00640106201172, "y": 39.696281433105469, "robbery": 1 }, "geometry": { "type": "Point", "coordinates": [ -105.006401061999952, 39.696281433000024 ] } },
{ "type": "Feature", "properties": { "OBJECTID": 32079, "id": "DENVER_2020_20242022446307", "x": -105.02475738525391, "y": 39.701080322265625, "robbery": 1 }, "geometry": { "type": "Point", "coordinates": [ -105.024757384999987, 39.701080322000053 ] } },
{ "type": "Feature", "properties": { "OBJECTID": 32080, "id": "DENVER_2020_20242022446634", "x": -105.05293273925781, "y": 39.753749847412109, "robbery": 1 }, "geometry": { "type": "Point", "coordinates": [ -105.052932738999971, 39.753749847000051 ] } },
{ "type": "Feature", "properties": { "OBJECTID": 32081, "id": "DENVER_2020_20242022447433", "x": -105.00173950195312, "y": 39.6893310546875, "robbery": 1 }, "geometry": { "type": "Point", "coordinates": [ -105.001739501999964, 39.689331055000025 ] } },
{ "type": "Feature", "properties": { "OBJECTID": 32082, "id": "DENVER_2020_2024202244935", "x": -105.02439117431641, "y": 39.69512939453125, "robbery": 1 }, "geometry": { "type": "Point", "coordinates": [ -105.024391173999959, 39.695129395000038 ] } },
{ "type": "Feature", "properties": { "OBJECTID": 32083, "id": "DENVER_2020_20242022449943", "x": -104.99397277832031, "y": 39.766448974609375, "robbery": 1 }, "geometry": { "type": "Point", "coordinates": [ -104.993972777999943, 39.76644897500006 ] } },
{ "type": "Feature", "properties": { "OBJECTID": 32084, "id": "DENVER_2020_20242022449992", "x": -104.98739624023438, "y": 39.748908996582031, "robbery": 1 }, "geometry": { "type": "Point", "coordinates": [ -104.987396239999953, 39.748908997000058 ] } },
{ "type": "Feature", "properties": { "OBJECTID": 32085, "id": "DENVER_2020_20242022450536", "x": -104.91663360595703, "y": 39.739601135253906, "robbery": 1 }, "geometry": { "type": "Point", "coordinates": [ -104.916633605999948, 39.739601135000044 ] } },
{ "type": "Feature", "properties": { "OBJECTID": 32086, "id": "DENVER_2020_20242022451043", "x": -104.88816833496094, "y": 39.740150451660156, "robbery": 1 }, "geometry": { "type": "Point", "coordinates": [ -104.888168334999989, 39.74015045200008 ] } },
{ "type": "Feature", "properties": { "OBJECTID": 32087, "id": "DENVER_2020_20242022451888", "x": -104.98798370361328, "y": 39.711521148681641, "robbery": 1 }, "geometry": { "type": "Point", "coordinates": [ -104.987983703999987, 39.711521149000077 ] } },
{ "type": "Feature", "properties": { "OBJECTID": 32088, "id": "DENVER_2020_20242022451902", "x": -104.98784637451172, "y": 39.732330322265625, "robbery": 1 }, "geometry": { "type": "Point", "coordinates": [ -104.987846374999947, 39.732330322000053 ] } },
{ "type": "Feature", "properties": { "OBJECTID": 32089, "id": "DENVER_2020_20242022452704", "x": -104.87761688232422, "y": 39.7064208984375, "robbery": 1 }, "geometry": { "type": "Point", "coordinates": [ -104.877616881999984, 39.706420898000033 ] } },
{ "type": "Feature", "properties": { "OBJECTID": 32090, "id": "DENVER_2020_20242022452911", "x": -104.98887634277344, "y": 39.710639953613281, "robbery": 1 }, "geometry": { "type": "Point", "coordinates": [ -104.988876342999959, 39.710639954000044 ] } },
{ "type": "Feature", "properties": { "OBJECTID": 32091, "id": "DENVER_2020_2024202245293", "x": -104.98805999755859, "y": 39.711589813232422, "robbery": 1 }, "geometry": { "type": "Point", "coordinates": [ -104.988059997999983, 39.711589813000046 ] } },
{ "type": "Feature", "properties": { "OBJECTID": 32092, "id": "DENVER_2020_2024202245319", "x": -104.87174224853516, "y": 39.654411315917969, "robbery": 1 }, "geometry": { "type": "Point", "coordinates": [ -104.871742248999965, 39.654411316000051 ] } },
{ "type": "Feature", "properties": { "OBJECTID": 32093, "id": "DENVER_2020_20242022453706", "x": -105.02176666259766, "y": 39.735660552978516, "robbery": 1 }, "geometry": { "type": "Point", "coordinates": [ -105.021766662999937, 39.735660553000059 ] } },
{ "type": "Feature", "properties": { "OBJECTID": 32094, "id": "DENVER_2020_20242022454033", "x": -104.98851776123047, "y": 39.765861511230469, "robbery": 1 }, "geometry": { "type": "Point", "coordinates": [ -104.988517760999969, 39.765861511000026 ] } },
{ "type": "Feature", "properties": { "OBJECTID": 32095, "id": "DENVER_2020_20242022454870", "x": -104.98719024658203, "y": 39.711799621582031, "robbery": 1 }, "geometry": { "type": "Point", "coordinates": [ -104.987190246999944, 39.711799622000058 ] } },
{ "type": "Feature", "properties": { "OBJECTID": 32096, "id": "DENVER_2020_20242022456556", "x": -105.02445983886719, "y": 39.659919738769531, "robbery": 1 }, "geometry": { "type": "Point", "coordinates": [ -105.024459838999974, 39.659919739000031 ] } },
{ "type": "Feature", "properties": { "OBJECTID": 32097, "id": "DENVER_2020_2024202245698", "x": -104.90342712402344, "y": 39.751010894775391, "robbery": 1 }, "geometry": { "type": "Point", "coordinates": [ -104.903427123999961, 39.751010895000036 ] } },
{ "type": "Feature", "properties": { "OBJECTID": 32098, "id": "DENVER_2020_20242022458799", "x": -104.987060546875, "y": 39.754928588867188, "robbery": 1 }, "geometry": { "type": "Point", "coordinates": [ -104.987060546999942, 39.754928589000031 ] } },
{ "type": "Feature", "properties": { "OBJECTID": 32099, "id": "DENVER_2020_20242022459297", "x": -105.00662231445312, "y": 39.786041259765625, "robbery": 1 }, "geometry": { "type": "Point", "coordinates": [ -105.006622313999969, 39.786041260000047 ] } },
{ "type": "Feature", "properties": { "OBJECTID": 32100, "id": "DENVER_2020_20242022459722", "x": -104.93058013916016, "y": 39.763328552246094, "robbery": 1 }, "geometry": { "type": "Point", "coordinates": [ -104.930580138999971, 39.763328552000075 ] } },
{ "type": "Feature", "properties": { "OBJECTID": 32101, "id": "DENVER_2020_20242022459785", "x": -104.90541076660156, "y": 39.698020935058594, "robbery": 1 }, "geometry": { "type": "Point", "coordinates": [ -104.905410766999978, 39.698020935000045 ] } },
{ "type": "Feature", "properties": { "OBJECTID": 32102, "id": "DENVER_2020_20242022461609", "x": -104.999267578125, "y": 39.748600006103516, "robbery": 1 }, "geometry": { "type": "Point", "coordinates": [ -104.999267577999944, 39.748600006000061 ] } },
{ "type": "Feature", "properties": { "OBJECTID": 32103, "id": "DENVER_2020_20242022462591", "x": -104.90232086181641, "y": 39.660160064697266, "robbery": 1 }, "geometry": { "type": "Point", "coordinates": [ -104.902320861999954, 39.660160065000071 ] } },
{ "type": "Feature", "properties": { "OBJECTID": 32104, "id": "DENVER_2020_20242022463144", "x": -104.89909362792969, "y": 39.740470886230469, "robbery": 1 }, "geometry": { "type": "Point", "coordinates": [ -104.899093627999946, 39.740470886000026 ] } },
{ "type": "Feature", "properties": { "OBJECTID": 32105, "id": "DENVER_2020_20242022463922", "x": -104.89836120605469, "y": 39.740550994873047, "robbery": 1 }, "geometry": { "type": "Point", "coordinates": [ -104.898361205999947, 39.740550995000035 ] } },
{ "type": "Feature", "properties": { "OBJECTID": 32106, "id": "DENVER_2020_20242022465123", "x": -104.99971771240234, "y": 39.737751007080078, "robbery": 1 }, "geometry": { "type": "Point", "coordinates": [ -104.999717711999949, 39.737751007000043 ] } },
{ "type": "Feature", "properties": { "OBJECTID": 32107, "id": "DENVER_2020_20242022465374", "x": -104.9952392578125, "y": 39.753971099853516, "robbery": 1 }, "geometry": { "type": "Point", "coordinates": [ -104.99523925799997, 39.753971100000058 ] } },
{ "type": "Feature", "properties": { "OBJECTID": 32108, "id": "DENVER_2020_20242022465516", "x": -104.97054290771484, "y": 39.757171630859375, "robbery": 1 }, "geometry": { "type": "Point", "coordinates": [ -104.97054290799997, 39.757171631000062 ] } },
{ "type": "Feature", "properties": { "OBJECTID": 32109, "id": "DENVER_2020_20242022465522", "x": -104.99527740478516, "y": 39.740081787109375, "robbery": 1 }, "geometry": { "type": "Point", "coordinates": [ -104.995277404999968, 39.740081787000065 ] } },
{ "type": "Feature", "properties": { "OBJECTID": 32110, "id": "DENVER_2020_2024202246560", "x": -104.77245330810547, "y": 39.783161163330078, "robbery": 1 }, "geometry": { "type": "Point", "coordinates": [ -104.772453307999967, 39.783161163000045 ] } },
{ "type": "Feature", "properties": { "OBJECTID": 32111, "id": "DENVER_2020_20242022466046", "x": -104.90949249267578, "y": 39.700450897216797, "robbery": 1 }, "geometry": { "type": "Point", "coordinates": [ -104.909492492999959, 39.700450897000053 ] } },
{ "type": "Feature", "properties": { "OBJECTID": 32112, "id": "DENVER_2020_20242022466843", "x": -104.98623657226562, "y": 39.718349456787109, "robbery": 1 }, "geometry": { "type": "Point", "coordinates": [ -104.986236571999939, 39.718349457000045 ] } },
{ "type": "Feature", "properties": { "OBJECTID": 32113, "id": "DENVER_2020_20242022467013", "x": -104.87254333496094, "y": 39.655788421630859, "robbery": 1 }, "geometry": { "type": "Point", "coordinates": [ -104.872543334999989, 39.655788422000057 ] } },
{ "type": "Feature", "properties": { "OBJECTID": 32114, "id": "DENVER_2020_20242022467592", "x": -104.94410705566406, "y": 39.71807861328125, "robbery": 1 }, "geometry": { "type": "Point", "coordinates": [ -104.94410705599995, 39.718078613000046 ] } },
{ "type": "Feature", "properties": { "OBJECTID": 32115, "id": "DENVER_2020_20242022467666", "x": -104.74331665039062, "y": 39.795230865478516, "robbery": 1 }, "geometry": { "type": "Point", "coordinates": [ -104.74331664999994, 39.795230865000065 ] } },
{ "type": "Feature", "properties": { "OBJECTID": 32116, "id": "DENVER_2020_20242022467764", "x": -104.91153717041016, "y": 39.701530456542969, "robbery": 1 }, "geometry": { "type": "Point", "coordinates": [ -104.911537169999974, 39.701530457000047 ] } },
{ "type": "Feature", "properties": { "OBJECTID": 32117, "id": "DENVER_2020_20242022468559", "x": -105.05280303955078, "y": 39.717689514160156, "robbery": 1 }, "geometry": { "type": "Point", "coordinates": [ -105.052803039999958, 39.717689514000028 ] } },
{ "type": "Feature", "properties": { "OBJECTID": 32118, "id": "DENVER_2020_20242022469069", "x": -105.02709197998047, "y": 39.780059814453125, "robbery": 1 }, "geometry": { "type": "Point", "coordinates": [ -105.027091979999966, 39.780059814000026 ] } },
{ "type": "Feature", "properties": { "OBJECTID": 32119, "id": "DENVER_2020_20242022470043", "x": -104.94075012207031, "y": 39.678409576416016, "robbery": 1 }, "geometry": { "type": "Point", "coordinates": [ -104.94075012199994, 39.678409576000035 ] } },
{ "type": "Feature", "properties": { "OBJECTID": 32120, "id": "DENVER_2020_2024202247017", "x": -105.05287933349609, "y": 39.729690551757812, "robbery": 1 }, "geometry": { "type": "Point", "coordinates": [ -105.052879332999964, 39.729690552000079 ] } },
{ "type": "Feature", "properties": { "OBJECTID": 32121, "id": "DENVER_2020_20242022470290", "x": -104.98697662353516, "y": 39.749568939208984, "robbery": 1 }, "geometry": { "type": "Point", "coordinates": [ -104.986976623999965, 39.749568939000028 ] } },
{ "type": "Feature", "properties": { "OBJECTID": 32122, "id": "DENVER_2020_20242022470737", "x": -105.00218200683594, "y": 39.769710540771484, "robbery": 1 }, "geometry": { "type": "Point", "coordinates": [ -105.002182006999988, 39.769710541000052 ] } },
{ "type": "Feature", "properties": { "OBJECTID": 32123, "id": "DENVER_2020_20242022471860", "x": -105.05522155761719, "y": 39.650421142578125, "robbery": 1 }, "geometry": { "type": "Point", "coordinates": [ -105.055221557999971, 39.650421143000074 ] } },
{ "type": "Feature", "properties": { "OBJECTID": 32124, "id": "DENVER_2020_20242022472189", "x": -104.98590850830078, "y": 39.730308532714844, "robbery": 1 }, "geometry": { "type": "Point", "coordinates": [ -104.985908507999966, 39.730308533000027 ] } },
{ "type": "Feature", "properties": { "OBJECTID": 32125, "id": "DENVER_2020_20242022473804", "x": -104.98721313476562, "y": 39.718940734863281, "robbery": 1 }, "geometry": { "type": "Point", "coordinates": [ -104.987213135, 39.718940735000047 ] } },
{ "type": "Feature", "properties": { "OBJECTID": 32126, "id": "DENVER_2020_20242022474196", "x": -104.99131011962891, "y": 39.744319915771484, "robbery": 1 }, "geometry": { "type": "Point", "coordinates": [ -104.99131011999998, 39.744319916000052 ] } },
{ "type": "Feature", "properties": { "OBJECTID": 32127, "id": "DENVER_2020_2024202247449", "x": -104.98642730712891, "y": 39.752120971679688, "robbery": 1 }, "geometry": { "type": "Point", "coordinates": [ -104.986427306999985, 39.752120972000057 ] } },
{ "type": "Feature", "properties": { "OBJECTID": 32128, "id": "DENVER_2020_20242022474618", "x": -105.02541351318359, "y": 39.689811706542969, "robbery": 1 }, "geometry": { "type": "Point", "coordinates": [ -105.025413513, 39.689811707000047 ] } },
{ "type": "Feature", "properties": { "OBJECTID": 32129, "id": "DENVER_2020_20242022474738", "x": -104.90441131591797, "y": 39.699260711669922, "robbery": 1 }, "geometry": { "type": "Point", "coordinates": [ -104.904411315999937, 39.699260712000068 ] } },
{ "type": "Feature", "properties": { "OBJECTID": 32130, "id": "DENVER_2020_20242022475426", "x": -104.89132690429688, "y": 39.748088836669922, "robbery": 1 }, "geometry": { "type": "Point", "coordinates": [ -104.891326903999982, 39.748088837000068 ] } },
{ "type": "Feature", "properties": { "OBJECTID": 32131, "id": "DENVER_2020_20242022475509", "x": -104.96930694580078, "y": 39.741031646728516, "robbery": 1 }, "geometry": { "type": "Point", "coordinates": [ -104.969306945999961, 39.741031647000057 ] } },
{ "type": "Feature", "properties": { "OBJECTID": 32132, "id": "DENVER_2020_20242022476005", "x": -104.94870758056641, "y": 39.729301452636719, "robbery": 1 }, "geometry": { "type": "Point", "coordinates": [ -104.948707580999951, 39.729301453000062 ] } },
{ "type": "Feature", "properties": { "OBJECTID": 32133, "id": "DENVER_2020_20242022477147", "x": -104.92160034179688, "y": 39.677639007568359, "robbery": 1 }, "geometry": { "type": "Point", "coordinates": [ -104.921600341999977, 39.677639008000028 ] } },
{ "type": "Feature", "properties": { "OBJECTID": 32134, "id": "DENVER_2020_2024202247773", "x": -104.93495178222656, "y": 39.681400299072266, "robbery": 1 }, "geometry": { "type": "Point", "coordinates": [ -104.934951781999985, 39.681400299000074 ] } },
{ "type": "Feature", "properties": { "OBJECTID": 32135, "id": "DENVER_2020_20242022478027", "x": -104.99790954589844, "y": 39.731060028076172, "robbery": 1 }, "geometry": { "type": "Point", "coordinates": [ -104.99790954599996, 39.731060028000059 ] } },
{ "type": "Feature", "properties": { "OBJECTID": 32136, "id": "DENVER_2020_20242022478694", "x": -104.8604736328125, "y": 39.659820556640625, "robbery": 1 }, "geometry": { "type": "Point", "coordinates": [ -104.86047363299997, 39.659820557000046 ] } },
{ "type": "Feature", "properties": { "OBJECTID": 32137, "id": "DENVER_2020_20242022478869", "x": -105.05520629882812, "y": 39.733890533447266, "robbery": 1 }, "geometry": { "type": "Point", "coordinates": [ -105.055206298999963, 39.733890533000078 ] } },
{ "type": "Feature", "properties": { "OBJECTID": 32138, "id": "DENVER_2020_20242022479546", "x": -104.89051055908203, "y": 39.74066162109375, "robbery": 1 }, "geometry": { "type": "Point", "coordinates": [ -104.890510558999949, 39.740661621000072 ] } },
{ "type": "Feature", "properties": { "OBJECTID": 32139, "id": "DENVER_2020_20242022479591", "x": -104.95968627929688, "y": 39.672229766845703, "robbery": 1 }, "geometry": { "type": "Point", "coordinates": [ -104.959686278999982, 39.672229767000033 ] } },
{ "type": "Feature", "properties": { "OBJECTID": 32140, "id": "DENVER_2020_20242022479761", "x": -104.99391937255859, "y": 39.746139526367188, "robbery": 1 }, "geometry": { "type": "Point", "coordinates": [ -104.993919372999983, 39.746139526000036 ] } },
{ "type": "Feature", "properties": { "OBJECTID": 32141, "id": "DENVER_2020_20242022480138", "x": -104.99317169189453, "y": 39.727809906005859, "robbery": 1 }, "geometry": { "type": "Point", "coordinates": [ -104.993171691999976, 39.727809906000061 ] } },
{ "type": "Feature", "properties": { "OBJECTID": 32142, "id": "DENVER_2020_20242022480698", "x": -104.99774169921875, "y": 39.746009826660156, "robbery": 1 }, "geometry": { "type": "Point", "coordinates": [ -104.99774169899996, 39.74600982700008 ] } },
{ "type": "Feature", "properties": { "OBJECTID": 32143, "id": "DENVER_2020_20242022481569", "x": -104.95942687988281, "y": 39.764759063720703, "robbery": 1 }, "geometry": { "type": "Point", "coordinates": [ -104.959426879999967, 39.764759064000032 ] } },
{ "type": "Feature", "properties": { "OBJECTID": 32144, "id": "DENVER_2020_20242022481655", "x": -105.04477691650391, "y": 39.724109649658203, "robbery": 1 }, "geometry": { "type": "Point", "coordinates": [ -105.044776916999979, 39.724109650000059 ] } },
{ "type": "Feature", "properties": { "OBJECTID": 32145, "id": "DENVER_2020_20242022482122", "x": -104.99310302734375, "y": 39.745410919189453, "robbery": 1 }, "geometry": { "type": "Point", "coordinates": [ -104.993103026999961, 39.745410919000051 ] } },
{ "type": "Feature", "properties": { "OBJECTID": 32146, "id": "DENVER_2020_20242022482152", "x": -104.90477752685547, "y": 39.767658233642578, "robbery": 1 }, "geometry": { "type": "Point", "coordinates": [ -104.904777526999965, 39.767658234000066 ] } },
{ "type": "Feature", "properties": { "OBJECTID": 32147, "id": "DENVER_2020_20242022482204", "x": -104.89965057373047, "y": 39.658409118652344, "robbery": 1 }, "geometry": { "type": "Point", "coordinates": [ -104.899650573999963, 39.658409119000055 ] } },
{ "type": "Feature", "properties": { "OBJECTID": 32148, "id": "DENVER_2020_20242022483028", "x": -104.99342346191406, "y": 39.743648529052734, "robbery": 1 }, "geometry": { "type": "Point", "coordinates": [ -104.993423461999953, 39.743648529000041 ] } },
{ "type": "Feature", "properties": { "OBJECTID": 32149, "id": "DENVER_2020_20242022484147", "x": -105.01761627197266, "y": 39.678909301757812, "robbery": 1 }, "geometry": { "type": "Point", "coordinates": [ -105.017616271999941, 39.678909302000079 ] } },
{ "type": "Feature", "properties": { "OBJECTID": 32150, "id": "DENVER_2020_20242022484984", "x": -105.03208160400391, "y": 39.711128234863281, "robbery": 1 }, "geometry": { "type": "Point", "coordinates": [ -105.032081603999984, 39.711128235000047 ] } },
{ "type": "Feature", "properties": { "OBJECTID": 32151, "id": "DENVER_2020_2024202248558", "x": -104.98282623291016, "y": 39.722000122070312, "robbery": 1 }, "geometry": { "type": "Point", "coordinates": [ -104.982826232999969, 39.722000122000054 ] } },
{ "type": "Feature", "properties": { "OBJECTID": 32152, "id": "DENVER_2020_2024202248561", "x": -104.89991760253906, "y": 39.766139984130859, "robbery": 1 }, "geometry": { "type": "Point", "coordinates": [ -104.899917602999949, 39.766139984000063 ] } },
{ "type": "Feature", "properties": { "OBJECTID": 32153, "id": "DENVER_2020_2024202248588", "x": -104.87657928466797, "y": 39.708309173583984, "robbery": 1 }, "geometry": { "type": "Point", "coordinates": [ -104.876579285, 39.708309174000078 ] } },
{ "type": "Feature", "properties": { "OBJECTID": 32154, "id": "DENVER_2020_20242022486488", "x": -104.98930358886719, "y": 39.754138946533203, "robbery": 1 }, "geometry": { "type": "Point", "coordinates": [ -104.989303588999974, 39.754138947000058 ] } },
{ "type": "Feature", "properties": { "OBJECTID": 32155, "id": "DENVER_2020_20242022488807", "x": -104.97501373291016, "y": 39.733409881591797, "robbery": 1 }, "geometry": { "type": "Point", "coordinates": [ -104.975013732999969, 39.733409882000046 ] } },
{ "type": "Feature", "properties": { "OBJECTID": 32156, "id": "DENVER_2020_20242022488866", "x": -105.04074096679688, "y": 39.775199890136719, "robbery": 1 }, "geometry": { "type": "Point", "coordinates": [ -105.040740966999977, 39.775199890000067 ] } },
{ "type": "Feature", "properties": { "OBJECTID": 32157, "id": "DENVER_2020_20242022489203", "x": -105.00361633300781, "y": 39.739700317382812, "robbery": 1 }, "geometry": { "type": "Point", "coordinates": [ -105.003616332999968, 39.739700317000029 ] } },
{ "type": "Feature", "properties": { "OBJECTID": 32158, "id": "DENVER_2020_20242022490153", "x": -104.89803314208984, "y": 39.766220092773438, "robbery": 1 }, "geometry": { "type": "Point", "coordinates": [ -104.898033141999974, 39.766220093000072 ] } },
{ "type": "Feature", "properties": { "OBJECTID": 32159, "id": "DENVER_2020_20242022492294", "x": -104.89909362792969, "y": 39.740470886230469, "robbery": 1 }, "geometry": { "type": "Point", "coordinates": [ -104.899093627999946, 39.740470886000026 ] } },
{ "type": "Feature", "properties": { "OBJECTID": 32160, "id": "DENVER_2020_20242022492386", "x": -104.94207000732422, "y": 39.688678741455078, "robbery": 1 }, "geometry": { "type": "Point", "coordinates": [ -104.942070006999984, 39.688678741000047 ] } },
{ "type": "Feature", "properties": { "OBJECTID": 32161, "id": "DENVER_2020_20242022492595", "x": -104.94019317626953, "y": 39.762748718261719, "robbery": 1 }, "geometry": { "type": "Point", "coordinates": [ -104.94019317599998, 39.762748718000068 ] } },
{ "type": "Feature", "properties": { "OBJECTID": 32162, "id": "DENVER_2020_20242022492910", "x": -104.99368286132812, "y": 39.744209289550781, "robbery": 1 }, "geometry": { "type": "Point", "coordinates": [ -104.993682860999968, 39.744209290000072 ] } },
{ "type": "Feature", "properties": { "OBJECTID": 32163, "id": "DENVER_2020_20242022493034", "x": -104.80098724365234, "y": 39.773601531982422, "robbery": 1 }, "geometry": { "type": "Point", "coordinates": [ -104.800987243999941, 39.773601532000043 ] } },
{ "type": "Feature", "properties": { "OBJECTID": 32164, "id": "DENVER_2020_20242022493059", "x": -104.77649688720703, "y": 39.776649475097656, "robbery": 1 }, "geometry": { "type": "Point", "coordinates": [ -104.776496886999951, 39.776649475000056 ] } },
{ "type": "Feature", "properties": { "OBJECTID": 32165, "id": "DENVER_2020_2024202249331", "x": -104.98325347900391, "y": 39.725399017333984, "robbery": 1 }, "geometry": { "type": "Point", "coordinates": [ -104.983253478999984, 39.725399017000029 ] } },
{ "type": "Feature", "properties": { "OBJECTID": 32166, "id": "DENVER_2020_20242022493911", "x": -104.98739624023438, "y": 39.729099273681641, "robbery": 1 }, "geometry": { "type": "Point", "coordinates": [ -104.987396239999953, 39.729099274000077 ] } },
{ "type": "Feature", "properties": { "OBJECTID": 32167, "id": "DENVER_2020_20242022494219", "x": -105.02127075195312, "y": 39.672958374023438, "robbery": 1 }, "geometry": { "type": "Point", "coordinates": [ -105.021270751999964, 39.672958374000075 ] } },
{ "type": "Feature", "properties": { "OBJECTID": 32168, "id": "DENVER_2020_20242022494506", "x": -104.77937316894531, "y": 39.808700561523438, "robbery": 1 }, "geometry": { "type": "Point", "coordinates": [ -104.779373168999939, 39.80870056200007 ] } },
{ "type": "Feature", "properties": { "OBJECTID": 32169, "id": "DENVER_2020_20242022494573", "x": -104.99379730224609, "y": 39.752010345458984, "robbery": 1 }, "geometry": { "type": "Point", "coordinates": [ -104.993797301999962, 39.752010345000031 ] } },
{ "type": "Feature", "properties": { "OBJECTID": 32170, "id": "DENVER_2020_20242022494810", "x": -105.02394866943359, "y": 39.673130035400391, "robbery": 1 }, "geometry": { "type": "Point", "coordinates": [ -105.023948669, 39.673130035000042 ] } },
{ "type": "Feature", "properties": { "OBJECTID": 32171, "id": "DENVER_2020_20242022495319", "x": -104.97453308105469, "y": 39.743968963623047, "robbery": 1 }, "geometry": { "type": "Point", "coordinates": [ -104.974533080999947, 39.743968964000032 ] } },
{ "type": "Feature", "properties": { "OBJECTID": 32172, "id": "DENVER_2020_202420224962", "x": -104.96829223632812, "y": 39.740180969238281, "robbery": 1 }, "geometry": { "type": "Point", "coordinates": [ -104.968292235999968, 39.74018096900005 ] } },
{ "type": "Feature", "properties": { "OBJECTID": 32173, "id": "DENVER_2020_20242022496204", "x": -104.98842620849609, "y": 39.75347900390625, "robbery": 1 }, "geometry": { "type": "Point", "coordinates": [ -104.988426207999964, 39.753479004000042 ] } },
{ "type": "Feature", "properties": { "OBJECTID": 32174, "id": "DENVER_2020_20242022496483", "x": -104.97886657714844, "y": 39.754489898681641, "robbery": 1 }, "geometry": { "type": "Point", "coordinates": [ -104.978866576999962, 39.754489899000077 ] } },
{ "type": "Feature", "properties": { "OBJECTID": 32175, "id": "DENVER_2020_20242022496559", "x": -104.98618316650391, "y": 39.715660095214844, "robbery": 1 }, "geometry": { "type": "Point", "coordinates": [ -104.986183166999979, 39.715660095000032 ] } },
{ "type": "Feature", "properties": { "OBJECTID": 32176, "id": "DENVER_2020_20242022497790", "x": -104.89308929443359, "y": 39.740310668945312, "robbery": 1 }, "geometry": { "type": "Point", "coordinates": [ -104.893089294, 39.740310669000053 ] } },
{ "type": "Feature", "properties": { "OBJECTID": 32177, "id": "DENVER_2020_20242022498471", "x": -104.91239929199219, "y": 39.703071594238281, "robbery": 1 }, "geometry": { "type": "Point", "coordinates": [ -104.912399291999975, 39.70307159400005 ] } },
{ "type": "Feature", "properties": { "OBJECTID": 32178, "id": "DENVER_2020_20242022500356", "x": -105.01040649414062, "y": 39.746921539306641, "robbery": 1 }, "geometry": { "type": "Point", "coordinates": [ -105.010406493999938, 39.746921539000027 ] } },
{ "type": "Feature", "properties": { "OBJECTID": 32179, "id": "DENVER_2020_20242022500386", "x": -104.91625213623047, "y": 39.650779724121094, "robbery": 1 }, "geometry": { "type": "Point", "coordinates": [ -104.916252135999969, 39.650779724000074 ] } },
{ "type": "Feature", "properties": { "OBJECTID": 32180, "id": "DENVER_2020_20242022500483", "x": -104.98177337646484, "y": 39.714828491210938, "robbery": 1 }, "geometry": { "type": "Point", "coordinates": [ -104.981773375999978, 39.714828491000048 ] } },
{ "type": "Feature", "properties": { "OBJECTID": 32181, "id": "DENVER_2020_2024202250055", "x": -105.03961944580078, "y": 39.740200042724609, "robbery": 1 }, "geometry": { "type": "Point", "coordinates": [ -105.039619445999961, 39.740200043000073 ] } },
{ "type": "Feature", "properties": { "OBJECTID": 32182, "id": "DENVER_2020_2024202250091", "x": -104.91290283203125, "y": 39.666160583496094, "robbery": 1 }, "geometry": { "type": "Point", "coordinates": [ -104.912902831999986, 39.666160583000078 ] } },
{ "type": "Feature", "properties": { "OBJECTID": 32183, "id": "DENVER_2020_20242022501308", "x": -104.99613952636719, "y": 39.748748779296875, "robbery": 1 }, "geometry": { "type": "Point", "coordinates": [ -104.996139525999979, 39.748748779000039 ] } },
{ "type": "Feature", "properties": { "OBJECTID": 32184, "id": "DENVER_2020_20242022501838", "x": -104.93621826171875, "y": 39.678520202636719, "robbery": 1 }, "geometry": { "type": "Point", "coordinates": [ -104.936218261999954, 39.678520203000062 ] } },
{ "type": "Feature", "properties": { "OBJECTID": 32185, "id": "DENVER_2020_20242022503263", "x": -105.02532958984375, "y": 39.709850311279297, "robbery": 1 }, "geometry": { "type": "Point", "coordinates": [ -105.025329589999956, 39.709850311000025 ] } },
{ "type": "Feature", "properties": { "OBJECTID": 32186, "id": "DENVER_2020_20242022503532", "x": -104.96633911132812, "y": 39.739749908447266, "robbery": 1 }, "geometry": { "type": "Point", "coordinates": [ -104.966339110999968, 39.739749908000078 ] } },
{ "type": "Feature", "properties": { "OBJECTID": 32187, "id": "DENVER_2020_20242022503758", "x": -104.86517333984375, "y": 39.767971038818359, "robbery": 1 }, "geometry": { "type": "Point", "coordinates": [ -104.865173339999956, 39.767971039000031 ] } },
{ "type": "Feature", "properties": { "OBJECTID": 32188, "id": "DENVER_2020_2024202250406", "x": -105.03946685791016, "y": 39.728260040283203, "robbery": 1 }, "geometry": { "type": "Point", "coordinates": [ -105.039466857999969, 39.728260040000066 ] } },
{ "type": "Feature", "properties": { "OBJECTID": 32189, "id": "DENVER_2020_20242022504488", "x": -104.96877288818359, "y": 39.758861541748047, "robbery": 1 }, "geometry": { "type": "Point", "coordinates": [ -104.968772888, 39.758861542000034 ] } },
{ "type": "Feature", "properties": { "OBJECTID": 32190, "id": "DENVER_2020_20242022505451", "x": -104.76528930664062, "y": 39.804691314697266, "robbery": 1 }, "geometry": { "type": "Point", "coordinates": [ -104.765289306999989, 39.804691315000071 ] } },
{ "type": "Feature", "properties": { "OBJECTID": 32191, "id": "DENVER_2020_20242022505558", "x": -104.89794921875, "y": 39.769691467285156, "robbery": 1 }, "geometry": { "type": "Point", "coordinates": [ -104.897949218999941, 39.76969146700003 ] } },
{ "type": "Feature", "properties": { "OBJECTID": 32192, "id": "DENVER_2020_20242022505862", "x": -104.99732208251953, "y": 39.710781097412109, "robbery": 1 }, "geometry": { "type": "Point", "coordinates": [ -104.997322082999972, 39.710781097000051 ] } },
{ "type": "Feature", "properties": { "OBJECTID": 32193, "id": "DENVER_2020_202420225059", "x": -104.94145965576172, "y": 39.670619964599609, "robbery": 1 }, "geometry": { "type": "Point", "coordinates": [ -104.94145965599995, 39.670619965000071 ] } },
{ "type": "Feature", "properties": { "OBJECTID": 32194, "id": "DENVER_2020_20242022506038", "x": -104.99246978759766, "y": 39.748821258544922, "robbery": 1 }, "geometry": { "type": "Point", "coordinates": [ -104.992469787999937, 39.748821259000067 ] } },
{ "type": "Feature", "properties": { "OBJECTID": 32195, "id": "DENVER_2020_20242022506265", "x": -105.04885101318359, "y": 39.713939666748047, "robbery": 1 }, "geometry": { "type": "Point", "coordinates": [ -105.048851013, 39.713939667000034 ] } },
{ "type": "Feature", "properties": { "OBJECTID": 32196, "id": "DENVER_2020_20242022507527", "x": -104.98539733886719, "y": 39.765609741210938, "robbery": 1 }, "geometry": { "type": "Point", "coordinates": [ -104.985397338999974, 39.765609741000048 ] } },
{ "type": "Feature", "properties": { "OBJECTID": 32197, "id": "DENVER_2020_20242022507840", "x": -104.90663909912109, "y": 39.772289276123047, "robbery": 1 }, "geometry": { "type": "Point", "coordinates": [ -104.90663909899996, 39.772289276000038 ] } },
{ "type": "Feature", "properties": { "OBJECTID": 32198, "id": "DENVER_2020_20242022507887", "x": -104.97171783447266, "y": 39.792308807373047, "robbery": 1 }, "geometry": { "type": "Point", "coordinates": [ -104.971717833999946, 39.79230880700004 ] } },
{ "type": "Feature", "properties": { "OBJECTID": 32199, "id": "DENVER_2020_20242022508367", "x": -104.92986297607422, "y": 39.739978790283203, "robbery": 1 }, "geometry": { "type": "Point", "coordinates": [ -104.929862975999981, 39.739978790000066 ] } },
{ "type": "Feature", "properties": { "OBJECTID": 32200, "id": "DENVER_2020_20242022508962", "x": -104.88625335693359, "y": 39.782611846923828, "robbery": 1 }, "geometry": { "type": "Point", "coordinates": [ -104.886253356999987, 39.782611847000055 ] } },
{ "type": "Feature", "properties": { "OBJECTID": 32201, "id": "DENVER_2020_20242022509316", "x": -105.04248809814453, "y": 39.740119934082031, "robbery": 1 }, "geometry": { "type": "Point", "coordinates": [ -105.042488097999978, 39.740119934000063 ] } },
{ "type": "Feature", "properties": { "OBJECTID": 32202, "id": "DENVER_2020_20242022509483", "x": -104.99342346191406, "y": 39.753650665283203, "robbery": 1 }, "geometry": { "type": "Point", "coordinates": [ -104.993423461999953, 39.753650665000066 ] } },
{ "type": "Feature", "properties": { "OBJECTID": 32203, "id": "DENVER_2020_20242022510193", "x": -104.96758270263672, "y": 39.740650177001953, "robbery": 1 }, "geometry": { "type": "Point", "coordinates": [ -104.967582702999948, 39.740650177000077 ] } },
{ "type": "Feature", "properties": { "OBJECTID": 32204, "id": "DENVER_2020_20242022510539", "x": -104.94043731689453, "y": 39.736160278320312, "robbery": 1 }, "geometry": { "type": "Point", "coordinates": [ -104.940437316999976, 39.736160278000057 ] } },
{ "type": "Feature", "properties": { "OBJECTID": 32205, "id": "DENVER_2020_20242022510727", "x": -104.89260864257812, "y": 39.783760070800781, "robbery": 1 }, "geometry": { "type": "Point", "coordinates": [ -104.89260864299996, 39.783760071000074 ] } },
{ "type": "Feature", "properties": { "OBJECTID": 32206, "id": "DENVER_2020_20242022511075", "x": -104.99774169921875, "y": 39.746009826660156, "robbery": 1 }, "geometry": { "type": "Point", "coordinates": [ -104.99774169899996, 39.74600982700008 ] } },
{ "type": "Feature", "properties": { "OBJECTID": 32207, "id": "DENVER_2020_20242022511280", "x": -104.84780120849609, "y": 39.783111572265625, "robbery": 1 }, "geometry": { "type": "Point", "coordinates": [ -104.847801207999964, 39.783111572000053 ] } },
{ "type": "Feature", "properties": { "OBJECTID": 32208, "id": "DENVER_2020_20242022511346", "x": -104.92185974121094, "y": 39.678150177001953, "robbery": 1 }, "geometry": { "type": "Point", "coordinates": [ -104.921859741, 39.678150177000077 ] } },
{ "type": "Feature", "properties": { "OBJECTID": 32209, "id": "DENVER_2020_20242022512229", "x": -104.97981262207031, "y": 39.740840911865234, "robbery": 1 }, "geometry": { "type": "Point", "coordinates": [ -104.97981262199994, 39.740840912000067 ] } },
{ "type": "Feature", "properties": { "OBJECTID": 32210, "id": "DENVER_2020_20242022513173", "x": -104.98213958740234, "y": 39.751220703125, "robbery": 1 }, "geometry": { "type": "Point", "coordinates": [ -104.982139586999949, 39.751220703000058 ] } },
{ "type": "Feature", "properties": { "OBJECTID": 32211, "id": "DENVER_2020_20242022513240", "x": -104.98206329345703, "y": 39.759750366210938, "robbery": 1 }, "geometry": { "type": "Point", "coordinates": [ -104.982063292999953, 39.759750366000048 ] } },
{ "type": "Feature", "properties": { "OBJECTID": 32212, "id": "DENVER_2020_20242022513375", "x": -104.84705352783203, "y": 39.786319732666016, "robbery": 1 }, "geometry": { "type": "Point", "coordinates": [ -104.847053527999947, 39.786319733000028 ] } },
{ "type": "Feature", "properties": { "OBJECTID": 32213, "id": "DENVER_2020_20242022513579", "x": -104.86196136474609, "y": 39.658409118652344, "robbery": 1 }, "geometry": { "type": "Point", "coordinates": [ -104.861961364999956, 39.658409119000055 ] } },
{ "type": "Feature", "properties": { "OBJECTID": 32214, "id": "DENVER_2020_20242022513974", "x": -105.03220367431641, "y": 39.701820373535156, "robbery": 1 }, "geometry": { "type": "Point", "coordinates": [ -105.032203673999959, 39.701820374000079 ] } },
{ "type": "Feature", "properties": { "OBJECTID": 32215, "id": "DENVER_2020_20242022514258", "x": -105.00736999511719, "y": 39.769618988037109, "robbery": 1 }, "geometry": { "type": "Point", "coordinates": [ -105.007369994999976, 39.769618988000047 ] } },
{ "type": "Feature", "properties": { "OBJECTID": 32216, "id": "DENVER_2020_20242022515329", "x": -105.02561187744141, "y": 39.757179260253906, "robbery": 1 }, "geometry": { "type": "Point", "coordinates": [ -105.02561187699996, 39.757179260000044 ] } },
{ "type": "Feature", "properties": { "OBJECTID": 32217, "id": "DENVER_2020_20242022515341", "x": -104.90200042724609, "y": 39.769199371337891, "robbery": 1 }, "geometry": { "type": "Point", "coordinates": [ -104.902000426999962, 39.76919937100007 ] } },
{ "type": "Feature", "properties": { "OBJECTID": 32218, "id": "DENVER_2020_2024202251648", "x": -104.88552856445312, "y": 39.739040374755859, "robbery": 1 }, "geometry": { "type": "Point", "coordinates": [ -104.885528563999969, 39.739040375000059 ] } },
{ "type": "Feature", "properties": { "OBJECTID": 32219, "id": "DENVER_2020_20242022516523", "x": -104.99169158935547, "y": 39.752288818359375, "robbery": 1 }, "geometry": { "type": "Point", "coordinates": [ -104.99169158899997, 39.752288818000068 ] } },
{ "type": "Feature", "properties": { "OBJECTID": 32220, "id": "DENVER_2020_20242022517293", "x": -104.98793792724609, "y": 39.755630493164062, "robbery": 1 }, "geometry": { "type": "Point", "coordinates": [ -104.987937926999962, 39.755630493000069 ] } },
{ "type": "Feature", "properties": { "OBJECTID": 32221, "id": "DENVER_2020_20242022517372", "x": -105.00173950195312, "y": 39.776569366455078, "robbery": 1 }, "geometry": { "type": "Point", "coordinates": [ -105.001739501999964, 39.776569366000047 ] } },
{ "type": "Feature", "properties": { "OBJECTID": 32222, "id": "DENVER_2020_20242022517425", "x": -104.96843719482422, "y": 39.678249359130859, "robbery": 1 }, "geometry": { "type": "Point", "coordinates": [ -104.968437194999979, 39.678249359000063 ] } },
{ "type": "Feature", "properties": { "OBJECTID": 32223, "id": "DENVER_2020_20242022518369", "x": -104.84622955322266, "y": 39.778579711914062, "robbery": 1 }, "geometry": { "type": "Point", "coordinates": [ -104.846229552999944, 39.778579712000067 ] } },
{ "type": "Feature", "properties": { "OBJECTID": 32224, "id": "DENVER_2020_20242022518690", "x": -104.76640319824219, "y": 39.782871246337891, "robbery": 1 }, "geometry": { "type": "Point", "coordinates": [ -104.766403197999978, 39.78287124600007 ] } },
{ "type": "Feature", "properties": { "OBJECTID": 32225, "id": "DENVER_2020_20242022518716", "x": -104.99095916748047, "y": 39.754600524902344, "robbery": 1 }, "geometry": { "type": "Point", "coordinates": [ -104.990959166999971, 39.754600525000058 ] } },
{ "type": "Feature", "properties": { "OBJECTID": 32226, "id": "DENVER_2020_20242022519224", "x": -105.01566314697266, "y": 39.702800750732422, "robbery": 1 }, "geometry": { "type": "Point", "coordinates": [ -105.015663146999941, 39.702800751000041 ] } },
{ "type": "Feature", "properties": { "OBJECTID": 32227, "id": "DENVER_2020_20242022519300", "x": -104.93921661376953, "y": 39.739849090576172, "robbery": 1 }, "geometry": { "type": "Point", "coordinates": [ -104.939216613999974, 39.739849091000053 ] } },
{ "type": "Feature", "properties": { "OBJECTID": 32228, "id": "DENVER_2020_20242022519757", "x": -105.03276824951172, "y": 39.740619659423828, "robbery": 1 }, "geometry": { "type": "Point", "coordinates": [ -105.032768249999947, 39.74061965900006 ] } },
{ "type": "Feature", "properties": { "OBJECTID": 32229, "id": "DENVER_2020_20242022519970", "x": -104.96797943115234, "y": 39.726810455322266, "robbery": 1 }, "geometry": { "type": "Point", "coordinates": [ -104.967979430999947, 39.726810455000077 ] } },
{ "type": "Feature", "properties": { "OBJECTID": 32230, "id": "DENVER_2020_20242022521531", "x": -104.76268768310547, "y": 39.798328399658203, "robbery": 1 }, "geometry": { "type": "Point", "coordinates": [ -104.762687682999967, 39.798328400000059 ] } },
{ "type": "Feature", "properties": { "OBJECTID": 32231, "id": "DENVER_2020_20242022521593", "x": -104.8089599609375, "y": 39.774681091308594, "robbery": 1 }, "geometry": { "type": "Point", "coordinates": [ -104.808959960999971, 39.774681091000048 ] } },
{ "type": "Feature", "properties": { "OBJECTID": 32232, "id": "DENVER_2020_20242022521674", "x": -105.02552032470703, "y": 39.729789733886719, "robbery": 1 }, "geometry": { "type": "Point", "coordinates": [ -105.025520324999945, 39.729789734000065 ] } },
{ "type": "Feature", "properties": { "OBJECTID": 32233, "id": "DENVER_2020_20242022521994", "x": -104.94728851318359, "y": 39.720180511474609, "robbery": 1 }, "geometry": { "type": "Point", "coordinates": [ -104.947288513, 39.720180511000081 ] } },
{ "type": "Feature", "properties": { "OBJECTID": 32234, "id": "DENVER_2020_20242022522578", "x": -104.98668670654297, "y": 39.752128601074219, "robbery": 1 }, "geometry": { "type": "Point", "coordinates": [ -104.986686707, 39.752128601000038 ] } },
{ "type": "Feature", "properties": { "OBJECTID": 32235, "id": "DENVER_2020_20242022522748", "x": -104.8604736328125, "y": 39.659820556640625, "robbery": 1 }, "geometry": { "type": "Point", "coordinates": [ -104.86047363299997, 39.659820557000046 ] } },
{ "type": "Feature", "properties": { "OBJECTID": 32236, "id": "DENVER_2020_20242022522979", "x": -104.98795318603516, "y": 39.714279174804688, "robbery": 1 }, "geometry": { "type": "Point", "coordinates": [ -104.98795318599997, 39.714279175000058 ] } },
{ "type": "Feature", "properties": { "OBJECTID": 32237, "id": "DENVER_2020_2024202252302", "x": -105.00361633300781, "y": 39.739700317382812, "robbery": 1 }, "geometry": { "type": "Point", "coordinates": [ -105.003616332999968, 39.739700317000029 ] } },
{ "type": "Feature", "properties": { "OBJECTID": 32238, "id": "DENVER_2020_20242022523179", "x": -105.02517700195312, "y": 39.715560913085938, "robbery": 1 }, "geometry": { "type": "Point", "coordinates": [ -105.025177001999964, 39.715560913000047 ] } },
{ "type": "Feature", "properties": { "OBJECTID": 32239, "id": "DENVER_2020_20242022523263", "x": -104.95977020263672, "y": 39.748199462890625, "robbery": 1 }, "geometry": { "type": "Point", "coordinates": [ -104.959770202999948, 39.748199463000049 ] } },
{ "type": "Feature", "properties": { "OBJECTID": 32240, "id": "DENVER_2020_2024202252334", "x": -104.88532257080078, "y": 39.651348114013672, "robbery": 1 }, "geometry": { "type": "Point", "coordinates": [ -104.885322570999961, 39.651348114000029 ] } },
{ "type": "Feature", "properties": { "OBJECTID": 32241, "id": "DENVER_2020_20242022523502", "x": -104.92128753662109, "y": 39.706680297851562, "robbery": 1 }, "geometry": { "type": "Point", "coordinates": [ -104.921287536999955, 39.706680298000038 ] } },
{ "type": "Feature", "properties": { "OBJECTID": 32242, "id": "DENVER_2020_20242022523615", "x": -105.05287933349609, "y": 39.753299713134766, "robbery": 1 }, "geometry": { "type": "Point", "coordinates": [ -105.052879332999964, 39.753299713000047 ] } },
{ "type": "Feature", "properties": { "OBJECTID": 32243, "id": "DENVER_2020_20242022523671", "x": -104.9097900390625, "y": 39.771091461181641, "robbery": 1 }, "geometry": { "type": "Point", "coordinates": [ -104.909790038999972, 39.771091461000026 ] } },
{ "type": "Feature", "properties": { "OBJECTID": 32244, "id": "DENVER_2020_20242022524639", "x": -104.97473907470703, "y": 39.718208312988281, "robbery": 1 }, "geometry": { "type": "Point", "coordinates": [ -104.974739074999945, 39.718208313000048 ] } },
{ "type": "Feature", "properties": { "OBJECTID": 32245, "id": "DENVER_2020_20242022524701", "x": -104.89781951904297, "y": 39.767780303955078, "robbery": 1 }, "geometry": { "type": "Point", "coordinates": [ -104.897819518999938, 39.767780304000041 ] } },
{ "type": "Feature", "properties": { "OBJECTID": 32246, "id": "DENVER_2020_20242022524968", "x": -105.02429962158203, "y": 39.688831329345703, "robbery": 1 }, "geometry": { "type": "Point", "coordinates": [ -105.024299621999944, 39.688831329000038 ] } },
{ "type": "Feature", "properties": { "OBJECTID": 32247, "id": "DENVER_2020_20242022525270", "x": -104.98738098144531, "y": 39.743350982666016, "robbery": 1 }, "geometry": { "type": "Point", "coordinates": [ -104.987380980999944, 39.743350983000028 ] } },
{ "type": "Feature", "properties": { "OBJECTID": 32248, "id": "DENVER_2020_20242022525469", "x": -104.99484252929688, "y": 39.744239807128906, "robbery": 1 }, "geometry": { "type": "Point", "coordinates": [ -104.994842528999982, 39.744239807000042 ] } },
{ "type": "Feature", "properties": { "OBJECTID": 32249, "id": "DENVER_2020_20242022526699", "x": -104.89674377441406, "y": 39.739799499511719, "robbery": 1 }, "geometry": { "type": "Point", "coordinates": [ -104.896743773999958, 39.739799500000061 ] } },
{ "type": "Feature", "properties": { "OBJECTID": 32250, "id": "DENVER_2020_20242022526882", "x": -105.01657104492188, "y": 39.678440093994141, "robbery": 1 }, "geometry": { "type": "Point", "coordinates": [ -105.016571044999978, 39.678440094000052 ] } },
{ "type": "Feature", "properties": { "OBJECTID": 32251, "id": "DENVER_2020_20242022526910", "x": -105.01589965820312, "y": 39.733890533447266, "robbery": 1 }, "geometry": { "type": "Point", "coordinates": [ -105.015899657999967, 39.733890533000078 ] } },
{ "type": "Feature", "properties": { "OBJECTID": 32252, "id": "DENVER_2020_20242022527248", "x": -105.00116729736328, "y": 39.73291015625, "robbery": 1 }, "geometry": { "type": "Point", "coordinates": [ -105.001167296999938, 39.732910156000059 ] } },
{ "type": "Feature", "properties": { "OBJECTID": 32253, "id": "DENVER_2020_20242022527579", "x": -104.89864349365234, "y": 39.640098571777344, "robbery": 1 }, "geometry": { "type": "Point", "coordinates": [ -104.898643493999941, 39.640098572000056 ] } },
{ "type": "Feature", "properties": { "OBJECTID": 32254, "id": "DENVER_2020_20242022527733", "x": -105.02522277832031, "y": 39.740360260009766, "robbery": 1 }, "geometry": { "type": "Point", "coordinates": [ -105.025222777999943, 39.740360260000045 ] } },
{ "type": "Feature", "properties": { "OBJECTID": 32255, "id": "DENVER_2020_20242022528695", "x": -104.98110198974609, "y": 39.740020751953125, "robbery": 1 }, "geometry": { "type": "Point", "coordinates": [ -104.981101989999956, 39.740020752000078 ] } },
{ "type": "Feature", "properties": { "OBJECTID": 32256, "id": "DENVER_2020_202420225288", "x": -104.93755340576172, "y": 39.733089447021484, "robbery": 1 }, "geometry": { "type": "Point", "coordinates": [ -104.93755340599995, 39.733089447000054 ] } },
{ "type": "Feature", "properties": { "OBJECTID": 32257, "id": "DENVER_2020_2024202252921", "x": -105.02494049072266, "y": 39.7447509765625, "robbery": 1 }, "geometry": { "type": "Point", "coordinates": [ -105.024940490999938, 39.744750977000081 ] } },
{ "type": "Feature", "properties": { "OBJECTID": 32258, "id": "DENVER_2020_20242022529888", "x": -104.77748107910156, "y": 39.788501739501953, "robbery": 1 }, "geometry": { "type": "Point", "coordinates": [ -104.777481078999983, 39.788501740000072 ] } },
{ "type": "Feature", "properties": { "OBJECTID": 32259, "id": "DENVER_2020_20242022530692", "x": -105.04297637939453, "y": 39.690650939941406, "robbery": 1 }, "geometry": { "type": "Point", "coordinates": [ -105.042976378999981, 39.690650940000069 ] } },
{ "type": "Feature", "properties": { "OBJECTID": 32260, "id": "DENVER_2020_20242022530741", "x": -105.042236328125, "y": 39.698150634765625, "robbery": 1 }, "geometry": { "type": "Point", "coordinates": [ -105.042236327999944, 39.698150635000047 ] } },
{ "type": "Feature", "properties": { "OBJECTID": 32261, "id": "DENVER_2020_20242022531062", "x": -104.90203094482422, "y": 39.740341186523438, "robbery": 1 }, "geometry": { "type": "Point", "coordinates": [ -104.902030944999979, 39.74034118700007 ] } },
{ "type": "Feature", "properties": { "OBJECTID": 32262, "id": "DENVER_2020_20242022531255", "x": -105.0528564453125, "y": 39.778099060058594, "robbery": 1 }, "geometry": { "type": "Point", "coordinates": [ -105.052856444999975, 39.778099060000045 ] } },
{ "type": "Feature", "properties": { "OBJECTID": 32263, "id": "DENVER_2020_20242022531823", "x": -104.91269683837891, "y": 39.769260406494141, "robbery": 1 }, "geometry": { "type": "Point", "coordinates": [ -104.912696837999988, 39.769260406000058 ] } },
{ "type": "Feature", "properties": { "OBJECTID": 32264, "id": "DENVER_2020_20242022531905", "x": -105.03999328613281, "y": 39.740501403808594, "robbery": 1 }, "geometry": { "type": "Point", "coordinates": [ -105.039993285999969, 39.740501404000042 ] } },
{ "type": "Feature", "properties": { "OBJECTID": 32265, "id": "DENVER_2020_20242022532654", "x": -104.96476745605469, "y": 39.740001678466797, "robbery": 1 }, "geometry": { "type": "Point", "coordinates": [ -104.964767455999947, 39.740001678000056 ] } },
{ "type": "Feature", "properties": { "OBJECTID": 32266, "id": "DENVER_2020_20242022532722", "x": -104.94107055664062, "y": 39.679710388183594, "robbery": 1 }, "geometry": { "type": "Point", "coordinates": [ -104.941070556999989, 39.679710388000046 ] } },
{ "type": "Feature", "properties": { "OBJECTID": 32267, "id": "DENVER_2020_20242022532884", "x": -104.922607421875, "y": 39.678230285644531, "robbery": 1 }, "geometry": { "type": "Point", "coordinates": [ -104.922607421999942, 39.67823028600003 ] } },
{ "type": "Feature", "properties": { "OBJECTID": 32268, "id": "DENVER_2020_2024202253321", "x": -105.00678253173828, "y": 39.697509765625, "robbery": 1 }, "geometry": { "type": "Point", "coordinates": [ -105.006782531999988, 39.697509766000053 ] } },
{ "type": "Feature", "properties": { "OBJECTID": 32269, "id": "DENVER_2020_20242022533393", "x": -104.98558044433594, "y": 39.760810852050781, "robbery": 1 }, "geometry": { "type": "Point", "coordinates": [ -104.985580444, 39.760810852000077 ] } },
{ "type": "Feature", "properties": { "OBJECTID": 32270, "id": "DENVER_2020_20242022533534", "x": -104.97843933105469, "y": 39.735080718994141, "robbery": 1 }, "geometry": { "type": "Point", "coordinates": [ -104.978439330999947, 39.735080719000052 ] } },
{ "type": "Feature", "properties": { "OBJECTID": 32271, "id": "DENVER_2020_20242022533640", "x": -104.98214721679688, "y": 39.778251647949219, "robbery": 1 }, "geometry": { "type": "Point", "coordinates": [ -104.982147216999977, 39.778251648000037 ] } },
{ "type": "Feature", "properties": { "OBJECTID": 32272, "id": "DENVER_2020_20242022534288", "x": -105.02189636230469, "y": 39.677581787109375, "robbery": 1 }, "geometry": { "type": "Point", "coordinates": [ -105.02189636199995, 39.677581787000065 ] } },
{ "type": "Feature", "properties": { "OBJECTID": 32273, "id": "DENVER_2020_20242022534507", "x": -104.93913269042969, "y": 39.667549133300781, "robbery": 1 }, "geometry": { "type": "Point", "coordinates": [ -104.939132689999951, 39.66754913300008 ] } },
{ "type": "Feature", "properties": { "OBJECTID": 32274, "id": "DENVER_2020_20242022535357", "x": -104.89909362792969, "y": 39.740470886230469, "robbery": 1 }, "geometry": { "type": "Point", "coordinates": [ -104.899093627999946, 39.740470886000026 ] } },
{ "type": "Feature", "properties": { "OBJECTID": 32275, "id": "DENVER_2020_20242022536480", "x": -104.98551177978516, "y": 39.727279663085938, "robbery": 1 }, "geometry": { "type": "Point", "coordinates": [ -104.985511779999968, 39.727279663000047 ] } },
{ "type": "Feature", "properties": { "OBJECTID": 32276, "id": "DENVER_2020_20242022538184", "x": -104.87171173095703, "y": 39.669471740722656, "robbery": 1 }, "geometry": { "type": "Point", "coordinates": [ -104.871711730999948, 39.669471741000052 ] } },
{ "type": "Feature", "properties": { "OBJECTID": 32277, "id": "DENVER_2020_20242022538199", "x": -105.03871154785156, "y": 39.706760406494141, "robbery": 1 }, "geometry": { "type": "Point", "coordinates": [ -105.038711547999981, 39.706760406000058 ] } },
{ "type": "Feature", "properties": { "OBJECTID": 32278, "id": "DENVER_2020_20242022538401", "x": -104.84758758544922, "y": 39.777679443359375, "robbery": 1 }, "geometry": { "type": "Point", "coordinates": [ -104.847587584999985, 39.777679443000068 ] } },
{ "type": "Feature", "properties": { "OBJECTID": 32279, "id": "DENVER_2020_2024202253902", "x": -105.01618194580078, "y": 39.756721496582031, "robbery": 1 }, "geometry": { "type": "Point", "coordinates": [ -105.016181945999961, 39.756721497000058 ] } },
{ "type": "Feature", "properties": { "OBJECTID": 32280, "id": "DENVER_2020_20242022540323", "x": -104.97646331787109, "y": 39.738418579101562, "robbery": 1 }, "geometry": { "type": "Point", "coordinates": [ -104.976463317999958, 39.73841857900004 ] } },
{ "type": "Feature", "properties": { "OBJECTID": 32281, "id": "DENVER_2020_20242022540825", "x": -105.05277252197266, "y": 39.697498321533203, "robbery": 1 }, "geometry": { "type": "Point", "coordinates": [ -105.052772521999941, 39.697498322000058 ] } },
{ "type": "Feature", "properties": { "OBJECTID": 32282, "id": "DENVER_2020_20242022541606", "x": -104.96563720703125, "y": 39.739749908447266, "robbery": 1 }, "geometry": { "type": "Point", "coordinates": [ -104.965637206999986, 39.739749908000078 ] } },
{ "type": "Feature", "properties": { "OBJECTID": 32283, "id": "DENVER_2020_20242022541654", "x": -104.98110198974609, "y": 39.782810211181641, "robbery": 1 }, "geometry": { "type": "Point", "coordinates": [ -104.981101989999956, 39.782810211000026 ] } },
{ "type": "Feature", "properties": { "OBJECTID": 32284, "id": "DENVER_2020_20242022541667", "x": -104.98713684082031, "y": 39.719600677490234, "robbery": 1 }, "geometry": { "type": "Point", "coordinates": [ -104.987136840999938, 39.719600677000074 ] } },
{ "type": "Feature", "properties": { "OBJECTID": 32285, "id": "DENVER_2020_20242022542533", "x": -105.09343719482422, "y": 39.617568969726562, "robbery": 1 }, "geometry": { "type": "Point", "coordinates": [ -105.093437194999979, 39.617568970000036 ] } },
{ "type": "Feature", "properties": { "OBJECTID": 32286, "id": "DENVER_2020_20242022543727", "x": -104.99371337890625, "y": 39.750461578369141, "robbery": 1 }, "geometry": { "type": "Point", "coordinates": [ -104.993713378999985, 39.750461578000056 ] } },
{ "type": "Feature", "properties": { "OBJECTID": 32287, "id": "DENVER_2020_20242022545269", "x": -105.02472686767578, "y": 39.749271392822266, "robbery": 1 }, "geometry": { "type": "Point", "coordinates": [ -105.024726867999959, 39.749271393000072 ] } },
{ "type": "Feature", "properties": { "OBJECTID": 32288, "id": "DENVER_2020_20242022545643", "x": -104.92662048339844, "y": 39.739791870117188, "robbery": 1 }, "geometry": { "type": "Point", "coordinates": [ -104.926620482999965, 39.739791870000033 ] } },
{ "type": "Feature", "properties": { "OBJECTID": 32289, "id": "DENVER_2020_20242022545730", "x": -104.95610809326172, "y": 39.735019683837891, "robbery": 1 }, "geometry": { "type": "Point", "coordinates": [ -104.956108092999955, 39.735019684000065 ] } },
{ "type": "Feature", "properties": { "OBJECTID": 32290, "id": "DENVER_2020_20242022546122", "x": -105.02530670166016, "y": 39.754901885986328, "robbery": 1 }, "geometry": { "type": "Point", "coordinates": [ -105.025306701999966, 39.754901886000027 ] } },
{ "type": "Feature", "properties": { "OBJECTID": 32291, "id": "DENVER_2020_20242022546584", "x": -105.00755310058594, "y": 39.679519653320312, "robbery": 1 }, "geometry": { "type": "Point", "coordinates": [ -105.007553100999985, 39.679519653000057 ] } },
{ "type": "Feature", "properties": { "OBJECTID": 32292, "id": "DENVER_2020_20242022546672", "x": -104.80903625488281, "y": 39.775508880615234, "robbery": 1 }, "geometry": { "type": "Point", "coordinates": [ -104.809036254999967, 39.775508881000064 ] } },
{ "type": "Feature", "properties": { "OBJECTID": 32293, "id": "DENVER_2020_20242022546807", "x": -104.99429321289062, "y": 39.747161865234375, "robbery": 1 }, "geometry": { "type": "Point", "coordinates": [ -104.994293213, 39.747161865000066 ] } },
{ "type": "Feature", "properties": { "OBJECTID": 32294, "id": "DENVER_2020_20242022547397", "x": -104.88834381103516, "y": 39.66693115234375, "robbery": 1 }, "geometry": { "type": "Point", "coordinates": [ -104.88834381099997, 39.666931152000075 ] } },
{ "type": "Feature", "properties": { "OBJECTID": 32295, "id": "DENVER_2020_20242022548617", "x": -104.84349822998047, "y": 39.781730651855469, "robbery": 1 }, "geometry": { "type": "Point", "coordinates": [ -104.843498229999966, 39.781730652000078 ] } },
{ "type": "Feature", "properties": { "OBJECTID": 32296, "id": "DENVER_2020_20242022548931", "x": -105.05255889892578, "y": 39.682460784912109, "robbery": 1 }, "geometry": { "type": "Point", "coordinates": [ -105.052558898999962, 39.682460785000046 ] } },
{ "type": "Feature", "properties": { "OBJECTID": 32297, "id": "DENVER_2020_20242022549086", "x": -105.02533721923828, "y": 39.762058258056641, "robbery": 1 }, "geometry": { "type": "Point", "coordinates": [ -105.025337218999937, 39.762058258000025 ] } },
{ "type": "Feature", "properties": { "OBJECTID": 32298, "id": "DENVER_2020_2024202254912", "x": -104.97683715820312, "y": 39.772228240966797, "robbery": 1 }, "geometry": { "type": "Point", "coordinates": [ -104.976837157999967, 39.77222824100005 ] } },
{ "type": "Feature", "properties": { "OBJECTID": 32299, "id": "DENVER_2020_20242022549147", "x": -104.96012115478516, "y": 39.740821838378906, "robbery": 1 }, "geometry": { "type": "Point", "coordinates": [ -104.960121154999968, 39.740821838000045 ] } },
{ "type": "Feature", "properties": { "OBJECTID": 32300, "id": "DENVER_2020_20242022549832", "x": -104.86934661865234, "y": 39.706840515136719, "robbery": 1 }, "geometry": { "type": "Point", "coordinates": [ -104.869346618999941, 39.706840515000067 ] } },
{ "type": "Feature", "properties": { "OBJECTID": 32301, "id": "DENVER_2020_20242022550798", "x": -105.03125, "y": 39.707561492919922, "robbery": 1 }, "geometry": { "type": "Point", "coordinates": [ -105.03125, 39.707561493000071 ] } },
{ "type": "Feature", "properties": { "OBJECTID": 32302, "id": "DENVER_2020_20242022550803", "x": -104.90345764160156, "y": 39.740139007568359, "robbery": 1 }, "geometry": { "type": "Point", "coordinates": [ -104.903457641999978, 39.740139008000028 ] } },
{ "type": "Feature", "properties": { "OBJECTID": 32303, "id": "DENVER_2020_20242022551090", "x": -104.98529815673828, "y": 39.749198913574219, "robbery": 1 }, "geometry": { "type": "Point", "coordinates": [ -104.985298156999988, 39.749198914000033 ] } },
{ "type": "Feature", "properties": { "OBJECTID": 32304, "id": "DENVER_2020_2024202255114", "x": -105.05296325683594, "y": 39.735111236572266, "robbery": 1 }, "geometry": { "type": "Point", "coordinates": [ -105.052963256999988, 39.735111237000069 ] } },
{ "type": "Feature", "properties": { "OBJECTID": 32305, "id": "DENVER_2020_20242022551732", "x": -104.99890899658203, "y": 39.733959197998047, "robbery": 1 }, "geometry": { "type": "Point", "coordinates": [ -104.998908996999944, 39.733959198000036 ] } },
{ "type": "Feature", "properties": { "OBJECTID": 32306, "id": "DENVER_2020_20242022552103", "x": -104.88918304443359, "y": 39.741378784179688, "robbery": 1 }, "geometry": { "type": "Point", "coordinates": [ -104.889183044, 39.741378784000062 ] } },
{ "type": "Feature", "properties": { "OBJECTID": 32307, "id": "DENVER_2020_20242022552446", "x": -104.97817230224609, "y": 39.782051086425781, "robbery": 1 }, "geometry": { "type": "Point", "coordinates": [ -104.978172301999962, 39.782051086000024 ] } },
{ "type": "Feature", "properties": { "OBJECTID": 32308, "id": "DENVER_2020_20242022553189", "x": -104.80779266357422, "y": 39.785888671875, "robbery": 1 }, "geometry": { "type": "Point", "coordinates": [ -104.807792663999976, 39.785888672000056 ] } },
{ "type": "Feature", "properties": { "OBJECTID": 32309, "id": "DENVER_2020_2024202255319", "x": -104.96349334716797, "y": 39.735050201416016, "robbery": 1 }, "geometry": { "type": "Point", "coordinates": [ -104.96349334699994, 39.735050201000035 ] } },
{ "type": "Feature", "properties": { "OBJECTID": 32310, "id": "DENVER_2020_2024202255346", "x": -105.01674652099609, "y": 39.685920715332031, "robbery": 1 }, "geometry": { "type": "Point", "coordinates": [ -105.016746520999959, 39.685920715000066 ] } },
{ "type": "Feature", "properties": { "OBJECTID": 32311, "id": "DENVER_2020_20242022554311", "x": -105.02474975585938, "y": 39.723148345947266, "robbery": 1 }, "geometry": { "type": "Point", "coordinates": [ -105.024749755999949, 39.723148346000073 ] } },
{ "type": "Feature", "properties": { "OBJECTID": 32312, "id": "DENVER_2020_20242022555279", "x": -104.93020629882812, "y": 39.768390655517578, "robbery": 1 }, "geometry": { "type": "Point", "coordinates": [ -104.930206298999963, 39.768390656000065 ] } },
{ "type": "Feature", "properties": { "OBJECTID": 32313, "id": "DENVER_2020_20242022555465", "x": -104.90025329589844, "y": 39.655399322509766, "robbery": 1 }, "geometry": { "type": "Point", "coordinates": [ -104.90025329599996, 39.65539932300004 ] } },
{ "type": "Feature", "properties": { "OBJECTID": 32314, "id": "DENVER_2020_20242022555536", "x": -105.02546691894531, "y": 39.716400146484375, "robbery": 1 }, "geometry": { "type": "Point", "coordinates": [ -105.025466918999939, 39.716400146000069 ] } },
{ "type": "Feature", "properties": { "OBJECTID": 32315, "id": "DENVER_2020_20242022556855", "x": -104.97960662841797, "y": 39.743019104003906, "robbery": 1 }, "geometry": { "type": "Point", "coordinates": [ -104.979606627999942, 39.743019104000041 ] } },
{ "type": "Feature", "properties": { "OBJECTID": 32316, "id": "DENVER_2020_20242022557487", "x": -104.84426879882812, "y": 39.781650543212891, "robbery": 1 }, "geometry": { "type": "Point", "coordinates": [ -104.844268798999963, 39.781650543000069 ] } },
{ "type": "Feature", "properties": { "OBJECTID": 32317, "id": "DENVER_2020_20242022557507", "x": -104.97511291503906, "y": 39.739860534667969, "robbery": 1 }, "geometry": { "type": "Point", "coordinates": [ -104.975112914999954, 39.739860535000048 ] } },
{ "type": "Feature", "properties": { "OBJECTID": 32318, "id": "DENVER_2020_20242022558763", "x": -104.99243927001953, "y": 39.745201110839844, "robbery": 1 }, "geometry": { "type": "Point", "coordinates": [ -104.992439269999977, 39.745201111000029 ] } },
{ "type": "Feature", "properties": { "OBJECTID": 32319, "id": "DENVER_2020_20242022559672", "x": -105.05322265625, "y": 39.657169342041016, "robbery": 1 }, "geometry": { "type": "Point", "coordinates": [ -105.053222655999946, 39.657169342000032 ] } },
{ "type": "Feature", "properties": { "OBJECTID": 32320, "id": "DENVER_2020_20242022560572", "x": -104.97295379638672, "y": 39.730449676513672, "robbery": 1 }, "geometry": { "type": "Point", "coordinates": [ -104.972953795999956, 39.730449677000024 ] } },
{ "type": "Feature", "properties": { "OBJECTID": 32321, "id": "DENVER_2020_20242022560680", "x": -105.02552032470703, "y": 39.729019165039062, "robbery": 1 }, "geometry": { "type": "Point", "coordinates": [ -105.025520324999945, 39.729019165000068 ] } },
{ "type": "Feature", "properties": { "OBJECTID": 32322, "id": "DENVER_2020_20242022561179", "x": -105.03597259521484, "y": 39.682029724121094, "robbery": 1 }, "geometry": { "type": "Point", "coordinates": [ -105.035972594999976, 39.682029724000074 ] } },
{ "type": "Feature", "properties": { "OBJECTID": 32323, "id": "DENVER_2020_20242022561237", "x": -104.99398040771484, "y": 39.753120422363281, "robbery": 1 }, "geometry": { "type": "Point", "coordinates": [ -104.99398040799997, 39.753120422000052 ] } },
{ "type": "Feature", "properties": { "OBJECTID": 32324, "id": "DENVER_2020_20242022561840", "x": -105.05264282226562, "y": 39.740779876708984, "robbery": 1 }, "geometry": { "type": "Point", "coordinates": [ -105.052642821999939, 39.74077987700008 ] } },
{ "type": "Feature", "properties": { "OBJECTID": 32325, "id": "DENVER_2020_20242022562050", "x": -104.81050872802734, "y": 39.784919738769531, "robbery": 1 }, "geometry": { "type": "Point", "coordinates": [ -104.810508727999945, 39.784919739000031 ] } },
{ "type": "Feature", "properties": { "OBJECTID": 32326, "id": "DENVER_2020_20242022562607", "x": -104.88503265380859, "y": 39.733058929443359, "robbery": 1 }, "geometry": { "type": "Point", "coordinates": [ -104.885032653999986, 39.733058929000038 ] } },
{ "type": "Feature", "properties": { "OBJECTID": 32327, "id": "DENVER_2020_20242022562708", "x": -104.89520263671875, "y": 39.746559143066406, "robbery": 1 }, "geometry": { "type": "Point", "coordinates": [ -104.895202636999954, 39.74655914300007 ] } },
{ "type": "Feature", "properties": { "OBJECTID": 32328, "id": "DENVER_2020_20242022563137", "x": -104.98705291748047, "y": 39.677780151367188, "robbery": 1 }, "geometry": { "type": "Point", "coordinates": [ -104.987052916999971, 39.677780151000036 ] } },
{ "type": "Feature", "properties": { "OBJECTID": 32329, "id": "DENVER_2020_20242022563899", "x": -105.05280303955078, "y": 39.691120147705078, "robbery": 1 }, "geometry": { "type": "Point", "coordinates": [ -105.052803039999958, 39.691120148000039 ] } },
{ "type": "Feature", "properties": { "OBJECTID": 32330, "id": "DENVER_2020_20242022564455", "x": -104.99378204345703, "y": 39.747539520263672, "robbery": 1 }, "geometry": { "type": "Point", "coordinates": [ -104.993782042999953, 39.747539520000032 ] } },
{ "type": "Feature", "properties": { "OBJECTID": 32331, "id": "DENVER_2020_20242022564460", "x": -104.97633361816406, "y": 39.7398681640625, "robbery": 1 }, "geometry": { "type": "Point", "coordinates": [ -104.976333617999956, 39.739868164000029 ] } },
{ "type": "Feature", "properties": { "OBJECTID": 32332, "id": "DENVER_2020_20242022564473", "x": -104.97834777832031, "y": 39.739170074462891, "robbery": 1 }, "geometry": { "type": "Point", "coordinates": [ -104.978347777999943, 39.739170074000072 ] } },
{ "type": "Feature", "properties": { "OBJECTID": 32333, "id": "DENVER_2020_20242022565433", "x": -104.97982025146484, "y": 39.739219665527344, "robbery": 1 }, "geometry": { "type": "Point", "coordinates": [ -104.979820250999978, 39.739219666000054 ] } },
{ "type": "Feature", "properties": { "OBJECTID": 32334, "id": "DENVER_2020_20242022566219", "x": -105.03235626220703, "y": 39.735641479492188, "robbery": 1 }, "geometry": { "type": "Point", "coordinates": [ -105.032356261999951, 39.735641479000037 ] } },
{ "type": "Feature", "properties": { "OBJECTID": 32335, "id": "DENVER_2020_2024202256693", "x": -105.004150390625, "y": 39.747379302978516, "robbery": 1 }, "geometry": { "type": "Point", "coordinates": [ -105.004150390999939, 39.747379303000059 ] } },
{ "type": "Feature", "properties": { "OBJECTID": 32336, "id": "DENVER_2020_2024202256708", "x": -104.89187622070312, "y": 39.784130096435547, "robbery": 1 }, "geometry": { "type": "Point", "coordinates": [ -104.891876220999961, 39.784130096000069 ] } },
{ "type": "Feature", "properties": { "OBJECTID": 32337, "id": "DENVER_2020_20242022567267", "x": -104.98409271240234, "y": 39.750129699707031, "robbery": 1 }, "geometry": { "type": "Point", "coordinates": [ -104.984092711999949, 39.750129700000059 ] } },
{ "type": "Feature", "properties": { "OBJECTID": 32338, "id": "DENVER_2020_20242022567668", "x": -104.90337371826172, "y": 39.740810394287109, "robbery": 1 }, "geometry": { "type": "Point", "coordinates": [ -104.903373717999955, 39.74081039400005 ] } },
{ "type": "Feature", "properties": { "OBJECTID": 32339, "id": "DENVER_2020_20242022568125", "x": -105.02317047119141, "y": 39.689491271972656, "robbery": 1 }, "geometry": { "type": "Point", "coordinates": [ -105.023170470999958, 39.689491272000055 ] } },
{ "type": "Feature", "properties": { "OBJECTID": 32340, "id": "DENVER_2020_20242022568203", "x": -104.87528991699219, "y": 39.667430877685547, "robbery": 1 }, "geometry": { "type": "Point", "coordinates": [ -104.875289916999975, 39.667430878000062 ] } },
{ "type": "Feature", "properties": { "OBJECTID": 32341, "id": "DENVER_2020_20242022568397", "x": -105.04833984375, "y": 39.740058898925781, "robbery": 1 }, "geometry": { "type": "Point", "coordinates": [ -105.048339843999941, 39.740058899000076 ] } },
{ "type": "Feature", "properties": { "OBJECTID": 32342, "id": "DENVER_2020_20242022568513", "x": -104.87071228027344, "y": 39.655559539794922, "robbery": 1 }, "geometry": { "type": "Point", "coordinates": [ -104.870712279999964, 39.65555954000007 ] } },
{ "type": "Feature", "properties": { "OBJECTID": 32343, "id": "DENVER_2020_20242022569486", "x": -104.94101715087891, "y": 39.714580535888672, "robbery": 1 }, "geometry": { "type": "Point", "coordinates": [ -104.941017150999983, 39.714580536000028 ] } },
{ "type": "Feature", "properties": { "OBJECTID": 32344, "id": "DENVER_2020_20242022569564", "x": -104.95159149169922, "y": 39.719249725341797, "robbery": 1 }, "geometry": { "type": "Point", "coordinates": [ -104.951591491999977, 39.719249725000054 ] } },
{ "type": "Feature", "properties": { "OBJECTID": 32345, "id": "DENVER_2020_20242022570021", "x": -105.02498626708984, "y": 39.771839141845703, "robbery": 1 }, "geometry": { "type": "Point", "coordinates": [ -105.024986266999974, 39.771839142000033 ] } },
{ "type": "Feature", "properties": { "OBJECTID": 32346, "id": "DENVER_2020_20242022570940", "x": -104.98454284667969, "y": 39.746120452880859, "robbery": 1 }, "geometry": { "type": "Point", "coordinates": [ -104.984542846999943, 39.74612045300006 ] } },
{ "type": "Feature", "properties": { "OBJECTID": 32347, "id": "DENVER_2020_2024202257111", "x": -104.99323272705078, "y": 39.749729156494141, "robbery": 1 }, "geometry": { "type": "Point", "coordinates": [ -104.993232726999963, 39.749729156000058 ] } },
{ "type": "Feature", "properties": { "OBJECTID": 32348, "id": "DENVER_2020_20242022571318", "x": -104.98695373535156, "y": 39.755031585693359, "robbery": 1 }, "geometry": { "type": "Point", "coordinates": [ -104.986953734999986, 39.75503158600003 ] } },
{ "type": "Feature", "properties": { "OBJECTID": 32349, "id": "DENVER_2020_20242022574207", "x": -104.97633361816406, "y": 39.7398681640625, "robbery": 1 }, "geometry": { "type": "Point", "coordinates": [ -104.976333617999956, 39.739868164000029 ] } },
{ "type": "Feature", "properties": { "OBJECTID": 32350, "id": "DENVER_2020_20242022576081", "x": -104.8453369140625, "y": 39.776149749755859, "robbery": 1 }, "geometry": { "type": "Point", "coordinates": [ -104.845336913999972, 39.776149750000059 ] } },
{ "type": "Feature", "properties": { "OBJECTID": 32351, "id": "DENVER_2020_20242022576114", "x": -104.91297912597656, "y": 39.651130676269531, "robbery": 1 }, "geometry": { "type": "Point", "coordinates": [ -104.912979125999982, 39.651130676000037 ] } },
{ "type": "Feature", "properties": { "OBJECTID": 32352, "id": "DENVER_2020_20242022576746", "x": -104.89991760253906, "y": 39.766139984130859, "robbery": 1 }, "geometry": { "type": "Point", "coordinates": [ -104.899917602999949, 39.766139984000063 ] } },
{ "type": "Feature", "properties": { "OBJECTID": 32353, "id": "DENVER_2020_20242022576766", "x": -104.9969482421875, "y": 39.711009979248047, "robbery": 1 }, "geometry": { "type": "Point", "coordinates": [ -104.996948241999974, 39.711009979000039 ] } },
{ "type": "Feature", "properties": { "OBJECTID": 32354, "id": "DENVER_2020_20242022576768", "x": -104.90065765380859, "y": 39.766998291015625, "robbery": 1 }, "geometry": { "type": "Point", "coordinates": [ -104.900657653999986, 39.76699829100005 ] } },
{ "type": "Feature", "properties": { "OBJECTID": 32355, "id": "DENVER_2020_20242022577269", "x": -105.05255889892578, "y": 39.682460784912109, "robbery": 1 }, "geometry": { "type": "Point", "coordinates": [ -105.052558898999962, 39.682460785000046 ] } },
{ "type": "Feature", "properties": { "OBJECTID": 32356, "id": "DENVER_2020_2024202257791", "x": -104.80465698242188, "y": 39.777019500732422, "robbery": 1 }, "geometry": { "type": "Point", "coordinates": [ -104.804656981999983, 39.777019501000041 ] } },
{ "type": "Feature", "properties": { "OBJECTID": 32357, "id": "DENVER_2020_202420225787", "x": -104.98097991943359, "y": 39.778179168701172, "robbery": 1 }, "geometry": { "type": "Point", "coordinates": [ -104.980979919, 39.778179169000055 ] } },
{ "type": "Feature", "properties": { "OBJECTID": 32358, "id": "DENVER_2020_20242022579061", "x": -104.80699157714844, "y": 39.78961181640625, "robbery": 1 }, "geometry": { "type": "Point", "coordinates": [ -104.806991576999962, 39.789611816000047 ] } },
{ "type": "Feature", "properties": { "OBJECTID": 32359, "id": "DENVER_2020_20242022579768", "x": -104.89929962158203, "y": 39.755809783935547, "robbery": 1 }, "geometry": { "type": "Point", "coordinates": [ -104.899299621999944, 39.755809784000064 ] } },
{ "type": "Feature", "properties": { "OBJECTID": 32360, "id": "DENVER_2020_20242022580122", "x": -104.99774932861328, "y": 39.747600555419922, "robbery": 1 }, "geometry": { "type": "Point", "coordinates": [ -104.997749328999987, 39.747600555000076 ] } },
{ "type": "Feature", "properties": { "OBJECTID": 32361, "id": "DENVER_2020_2024202258017", "x": -105.03618621826172, "y": 39.776939392089844, "robbery": 1 }, "geometry": { "type": "Point", "coordinates": [ -105.036186217999955, 39.776939392000031 ] } },
{ "type": "Feature", "properties": { "OBJECTID": 32362, "id": "DENVER_2020_20242022580696", "x": -104.94602203369141, "y": 39.740009307861328, "robbery": 1 }, "geometry": { "type": "Point", "coordinates": [ -104.946022033999952, 39.740009308000026 ] } },
{ "type": "Feature", "properties": { "OBJECTID": 32363, "id": "DENVER_2020_20242022580764", "x": -104.81475067138672, "y": 39.795520782470703, "robbery": 1 }, "geometry": { "type": "Point", "coordinates": [ -104.814750670999956, 39.79552078200004 ] } },
{ "type": "Feature", "properties": { "OBJECTID": 32364, "id": "DENVER_2020_20242022581253", "x": -104.8424072265625, "y": 39.780540466308594, "robbery": 1 }, "geometry": { "type": "Point", "coordinates": [ -104.842407226999967, 39.780540466000048 ] } },
{ "type": "Feature", "properties": { "OBJECTID": 32365, "id": "DENVER_2020_2024202258253", "x": -104.98252868652344, "y": 39.714920043945312, "robbery": 1 }, "geometry": { "type": "Point", "coordinates": [ -104.982528686999956, 39.714920044000053 ] } },
{ "type": "Feature", "properties": { "OBJECTID": 32366, "id": "DENVER_2020_2024202258318", "x": -104.94019317626953, "y": 39.763168334960938, "robbery": 1 }, "geometry": { "type": "Point", "coordinates": [ -104.94019317599998, 39.763168335000046 ] } },
{ "type": "Feature", "properties": { "OBJECTID": 32367, "id": "DENVER_2020_20242022583464", "x": -105.03946685791016, "y": 39.734760284423828, "robbery": 1 }, "geometry": { "type": "Point", "coordinates": [ -105.039466857999969, 39.73476028400006 ] } },
{ "type": "Feature", "properties": { "OBJECTID": 32368, "id": "DENVER_2020_20242022584037", "x": -104.94145965576172, "y": 39.670619964599609, "robbery": 1 }, "geometry": { "type": "Point", "coordinates": [ -104.94145965599995, 39.670619965000071 ] } },
{ "type": "Feature", "properties": { "OBJECTID": 32369, "id": "DENVER_2020_20242022584958", "x": -104.90235900878906, "y": 39.775920867919922, "robbery": 1 }, "geometry": { "type": "Point", "coordinates": [ -104.902359008999952, 39.775920868000071 ] } },
{ "type": "Feature", "properties": { "OBJECTID": 32370, "id": "DENVER_2020_20242022586479", "x": -104.93968200683594, "y": 39.728958129882812, "robbery": 1 }, "geometry": { "type": "Point", "coordinates": [ -104.939682006999988, 39.72895813000008 ] } },
{ "type": "Feature", "properties": { "OBJECTID": 32371, "id": "DENVER_2020_20242022586719", "x": -105.060791015625, "y": 39.654941558837891, "robbery": 1 }, "geometry": { "type": "Point", "coordinates": [ -105.060791015999939, 39.654941559000065 ] } },
{ "type": "Feature", "properties": { "OBJECTID": 32372, "id": "DENVER_2020_20242022587253", "x": -104.88236236572266, "y": 39.652778625488281, "robbery": 1 }, "geometry": { "type": "Point", "coordinates": [ -104.882362365999938, 39.652778625000053 ] } },
{ "type": "Feature", "properties": { "OBJECTID": 32373, "id": "DENVER_2020_20242022587359", "x": -104.99883270263672, "y": 39.747859954833984, "robbery": 1 }, "geometry": { "type": "Point", "coordinates": [ -104.998832702999948, 39.747859955000024 ] } },
{ "type": "Feature", "properties": { "OBJECTID": 32374, "id": "DENVER_2020_20242022587412", "x": -105.00624084472656, "y": 39.685489654541016, "robbery": 1 }, "geometry": { "type": "Point", "coordinates": [ -105.006240844999979, 39.685489655000026 ] } },
{ "type": "Feature", "properties": { "OBJECTID": 32375, "id": "DENVER_2020_20242022587475", "x": -104.98478698730469, "y": 39.728168487548828, "robbery": 1 }, "geometry": { "type": "Point", "coordinates": [ -104.98478698699995, 39.728168488000051 ] } },
{ "type": "Feature", "properties": { "OBJECTID": 32376, "id": "DENVER_2020_20242022588454", "x": -105.04369354248047, "y": 39.771640777587891, "robbery": 1 }, "geometry": { "type": "Point", "coordinates": [ -105.043693541999971, 39.771640778000062 ] } },
{ "type": "Feature", "properties": { "OBJECTID": 32377, "id": "DENVER_2020_20242022589109", "x": -104.86196136474609, "y": 39.658409118652344, "robbery": 1 }, "geometry": { "type": "Point", "coordinates": [ -104.861961364999956, 39.658409119000055 ] } },
{ "type": "Feature", "properties": { "OBJECTID": 32378, "id": "DENVER_2020_20242022589137", "x": -104.99405670166016, "y": 39.706989288330078, "robbery": 1 }, "geometry": { "type": "Point", "coordinates": [ -104.994056701999966, 39.706989288000045 ] } },
{ "type": "Feature", "properties": { "OBJECTID": 32379, "id": "DENVER_2020_2024202259069", "x": -105.01753997802734, "y": 39.753028869628906, "robbery": 1 }, "geometry": { "type": "Point", "coordinates": [ -105.017539977999945, 39.753028870000037 ] } },
{ "type": "Feature", "properties": { "OBJECTID": 32380, "id": "DENVER_2020_2024202259138", "x": -105.02413177490234, "y": 39.712879180908203, "robbery": 1 }, "geometry": { "type": "Point", "coordinates": [ -105.024131774999944, 39.712879181000062 ] } },
{ "type": "Feature", "properties": { "OBJECTID": 32381, "id": "DENVER_2020_20242022591522", "x": -104.88501739501953, "y": 39.733528137207031, "robbery": 1 }, "geometry": { "type": "Point", "coordinates": [ -104.885017394999977, 39.733528137000064 ] } },
{ "type": "Feature", "properties": { "OBJECTID": 32382, "id": "DENVER_2020_20242022592216", "x": -104.91239929199219, "y": 39.703071594238281, "robbery": 1 }, "geometry": { "type": "Point", "coordinates": [ -104.912399291999975, 39.70307159400005 ] } },
{ "type": "Feature", "properties": { "OBJECTID": 32383, "id": "DENVER_2020_20242022592241", "x": -104.93546295166016, "y": 39.681781768798828, "robbery": 1 }, "geometry": { "type": "Point", "coordinates": [ -104.935462951999966, 39.681781769000054 ] } },
{ "type": "Feature", "properties": { "OBJECTID": 32384, "id": "DENVER_2020_20242022592933", "x": -104.85045623779297, "y": 39.771049499511719, "robbery": 1 }, "geometry": { "type": "Point", "coordinates": [ -104.850456238, 39.771049500000061 ] } },
{ "type": "Feature", "properties": { "OBJECTID": 32385, "id": "DENVER_2020_20242022593757", "x": -104.95269012451172, "y": 39.717529296875, "robbery": 1 }, "geometry": { "type": "Point", "coordinates": [ -104.952690124999947, 39.717529297000056 ] } },
{ "type": "Feature", "properties": { "OBJECTID": 32386, "id": "DENVER_2020_20242022594140", "x": -104.88645172119141, "y": 39.74774169921875, "robbery": 1 }, "geometry": { "type": "Point", "coordinates": [ -104.886451720999958, 39.747741699000073 ] } },
{ "type": "Feature", "properties": { "OBJECTID": 32387, "id": "DENVER_2020_20242022595554", "x": -104.98764801025391, "y": 39.734500885009766, "robbery": 1 }, "geometry": { "type": "Point", "coordinates": [ -104.987648009999987, 39.734500885000045 ] } },
{ "type": "Feature", "properties": { "OBJECTID": 32388, "id": "DENVER_2020_20242022595787", "x": -104.94290161132812, "y": 39.724491119384766, "robbery": 1 }, "geometry": { "type": "Point", "coordinates": [ -104.942901610999968, 39.724491119000049 ] } },
{ "type": "Feature", "properties": { "OBJECTID": 32389, "id": "DENVER_2020_20242022595949", "x": -105.03840637207031, "y": 39.711158752441406, "robbery": 1 }, "geometry": { "type": "Point", "coordinates": [ -105.03840637199994, 39.711158752000074 ] } },
{ "type": "Feature", "properties": { "OBJECTID": 32390, "id": "DENVER_2020_20242022596493", "x": -104.84824371337891, "y": 39.776050567626953, "robbery": 1 }, "geometry": { "type": "Point", "coordinates": [ -104.848243712999988, 39.776050568000073 ] } },
{ "type": "Feature", "properties": { "OBJECTID": 32391, "id": "DENVER_2020_202420225983", "x": -104.94096374511719, "y": 39.765289306640625, "robbery": 1 }, "geometry": { "type": "Point", "coordinates": [ -104.940963744999976, 39.765289307000046 ] } },
{ "type": "Feature", "properties": { "OBJECTID": 32392, "id": "DENVER_2020_20242022598373", "x": -105.01629638671875, "y": 39.756248474121094, "robbery": 1 }, "geometry": { "type": "Point", "coordinates": [ -105.016296386999954, 39.756248474000074 ] } },
{ "type": "Feature", "properties": { "OBJECTID": 32393, "id": "DENVER_2020_20242022598521", "x": -105.01618194580078, "y": 39.756721496582031, "robbery": 1 }, "geometry": { "type": "Point", "coordinates": [ -105.016181945999961, 39.756721497000058 ] } },
{ "type": "Feature", "properties": { "OBJECTID": 32394, "id": "DENVER_2020_2024202259924", "x": -104.98805999755859, "y": 39.711589813232422, "robbery": 1 }, "geometry": { "type": "Point", "coordinates": [ -104.988059997999983, 39.711589813000046 ] } },
{ "type": "Feature", "properties": { "OBJECTID": 32395, "id": "DENVER_2020_20242022599717", "x": -104.99890899658203, "y": 39.733959197998047, "robbery": 1 }, "geometry": { "type": "Point", "coordinates": [ -104.998908996999944, 39.733959198000036 ] } },
{ "type": "Feature", "properties": { "OBJECTID": 32396, "id": "DENVER_2020_20242022599950", "x": -104.90025329589844, "y": 39.655399322509766, "robbery": 1 }, "geometry": { "type": "Point", "coordinates": [ -104.90025329599996, 39.65539932300004 ] } },
{ "type": "Feature", "properties": { "OBJECTID": 32397, "id": "DENVER_2020_2024202260038", "x": -104.8927001953125, "y": 39.781120300292969, "robbery": 1 }, "geometry": { "type": "Point", "coordinates": [ -104.892700194999975, 39.781120300000055 ] } },
{ "type": "Feature", "properties": { "OBJECTID": 32398, "id": "DENVER_2020_20242022600676", "x": -104.93092346191406, "y": 39.676059722900391, "robbery": 1 }, "geometry": { "type": "Point", "coordinates": [ -104.930923461999953, 39.676059723000037 ] } },
{ "type": "Feature", "properties": { "OBJECTID": 32399, "id": "DENVER_2020_20242022601656", "x": -104.89794921875, "y": 39.769691467285156, "robbery": 1 }, "geometry": { "type": "Point", "coordinates": [ -104.897949218999941, 39.76969146700003 ] } },
{ "type": "Feature", "properties": { "OBJECTID": 32400, "id": "DENVER_2020_202420226020", "x": -105.02571868896484, "y": 39.742969512939453, "robbery": 1 }, "geometry": { "type": "Point", "coordinates": [ -105.025718688999973, 39.742969513000048 ] } },
{ "type": "Feature", "properties": { "OBJECTID": 32401, "id": "DENVER_2020_20242022602426", "x": -104.99371337890625, "y": 39.750461578369141, "robbery": 1 }, "geometry": { "type": "Point", "coordinates": [ -104.993713378999985, 39.750461578000056 ] } },
{ "type": "Feature", "properties": { "OBJECTID": 32402, "id": "DENVER_2020_20242022602827", "x": -104.80930328369141, "y": 39.7889404296875, "robbery": 1 }, "geometry": { "type": "Point", "coordinates": [ -104.809303283999952, 39.788940430000025 ] } },
{ "type": "Feature", "properties": { "OBJECTID": 32403, "id": "DENVER_2020_20242022603100", "x": -104.87525939941406, "y": 39.704559326171875, "robbery": 1 }, "geometry": { "type": "Point", "coordinates": [ -104.875259398999958, 39.704559326000037 ] } },
{ "type": "Feature", "properties": { "OBJECTID": 32404, "id": "DENVER_2020_20242022603370", "x": -104.77126312255859, "y": 39.784141540527344, "robbery": 1 }, "geometry": { "type": "Point", "coordinates": [ -104.771263122999983, 39.784141541000054 ] } },
{ "type": "Feature", "properties": { "OBJECTID": 32405, "id": "DENVER_2020_20242022603711", "x": -104.99310302734375, "y": 39.745410919189453, "robbery": 1 }, "geometry": { "type": "Point", "coordinates": [ -104.993103026999961, 39.745410919000051 ] } },
{ "type": "Feature", "properties": { "OBJECTID": 32406, "id": "DENVER_2020_20242022603860", "x": -104.97511291503906, "y": 39.739860534667969, "robbery": 1 }, "geometry": { "type": "Point", "coordinates": [ -104.975112914999954, 39.739860535000048 ] } },
{ "type": "Feature", "properties": { "OBJECTID": 32407, "id": "DENVER_2020_20242022604088", "x": -104.97309875488281, "y": 39.740028381347656, "robbery": 1 }, "geometry": { "type": "Point", "coordinates": [ -104.973098754999967, 39.740028381000059 ] } },
{ "type": "Feature", "properties": { "OBJECTID": 32408, "id": "DENVER_2020_2024202260413", "x": -104.97511291503906, "y": 39.739860534667969, "robbery": 1 }, "geometry": { "type": "Point", "coordinates": [ -104.975112914999954, 39.739860535000048 ] } },
{ "type": "Feature", "properties": { "OBJECTID": 32409, "id": "DENVER_2020_20242022604223", "x": -104.95571136474609, "y": 39.717529296875, "robbery": 1 }, "geometry": { "type": "Point", "coordinates": [ -104.955711364999956, 39.717529297000056 ] } },
{ "type": "Feature", "properties": { "OBJECTID": 32410, "id": "DENVER_2020_20242022605375", "x": -104.99147796630859, "y": 39.751541137695312, "robbery": 1 }, "geometry": { "type": "Point", "coordinates": [ -104.991477966, 39.75154113800005 ] } },
{ "type": "Feature", "properties": { "OBJECTID": 32411, "id": "DENVER_2020_20242022605386", "x": -104.96983337402344, "y": 39.779121398925781, "robbery": 1 }, "geometry": { "type": "Point", "coordinates": [ -104.969833373999961, 39.779121399000076 ] } },
{ "type": "Feature", "properties": { "OBJECTID": 32412, "id": "DENVER_2020_20242022605773", "x": -105.09343719482422, "y": 39.617568969726562, "robbery": 1 }, "geometry": { "type": "Point", "coordinates": [ -105.093437194999979, 39.617568970000036 ] } },
{ "type": "Feature", "properties": { "OBJECTID": 32413, "id": "DENVER_2020_2024202260679", "x": -105.04049682617188, "y": 39.706081390380859, "robbery": 1 }, "geometry": { "type": "Point", "coordinates": [ -105.040496825999981, 39.706081390000065 ] } },
{ "type": "Feature", "properties": { "OBJECTID": 32414, "id": "DENVER_2020_20242022607081", "x": -104.98880004882812, "y": 39.763530731201172, "robbery": 1 }, "geometry": { "type": "Point", "coordinates": [ -104.988800048999963, 39.76353073100006 ] } },
{ "type": "Feature", "properties": { "OBJECTID": 32415, "id": "DENVER_2020_20242022607249", "x": -104.94537353515625, "y": 39.73992919921875, "robbery": 1 }, "geometry": { "type": "Point", "coordinates": [ -104.945373534999987, 39.739929199000073 ] } },
{ "type": "Feature", "properties": { "OBJECTID": 32416, "id": "DENVER_2020_20242022608464", "x": -104.98486328125, "y": 39.740058898925781, "robbery": 1 }, "geometry": { "type": "Point", "coordinates": [ -104.984863280999946, 39.740058899000076 ] } },
{ "type": "Feature", "properties": { "OBJECTID": 32417, "id": "DENVER_2020_2024202260861", "x": -104.89169311523438, "y": 39.747459411621094, "robbery": 1 }, "geometry": { "type": "Point", "coordinates": [ -104.891693114999953, 39.747459412000069 ] } },
{ "type": "Feature", "properties": { "OBJECTID": 32418, "id": "DENVER_2020_20242022609192", "x": -104.82972717285156, "y": 39.776020050048828, "robbery": 1 }, "geometry": { "type": "Point", "coordinates": [ -104.829727172999981, 39.776020050000056 ] } },
{ "type": "Feature", "properties": { "OBJECTID": 32419, "id": "DENVER_2020_20242022609947", "x": -105.00057983398438, "y": 39.737800598144531, "robbery": 1 }, "geometry": { "type": "Point", "coordinates": [ -105.00057983399995, 39.737800598000035 ] } },
{ "type": "Feature", "properties": { "OBJECTID": 32420, "id": "DENVER_2020_20242022609952", "x": -105.02541351318359, "y": 39.696090698242188, "robbery": 1 }, "geometry": { "type": "Point", "coordinates": [ -105.025413513, 39.696090698000035 ] } },
{ "type": "Feature", "properties": { "OBJECTID": 32421, "id": "DENVER_2020_20242022610270", "x": -104.98613739013672, "y": 39.740058898925781, "robbery": 1 }, "geometry": { "type": "Point", "coordinates": [ -104.986137389999953, 39.740058899000076 ] } },
{ "type": "Feature", "properties": { "OBJECTID": 32422, "id": "DENVER_2020_20242022610423", "x": -104.89909362792969, "y": 39.740470886230469, "robbery": 1 }, "geometry": { "type": "Point", "coordinates": [ -104.899093627999946, 39.740470886000026 ] } },
{ "type": "Feature", "properties": { "OBJECTID": 32423, "id": "DENVER_2020_20242022610553", "x": -104.89909362792969, "y": 39.740470886230469, "robbery": 1 }, "geometry": { "type": "Point", "coordinates": [ -104.899093627999946, 39.740470886000026 ] } },
{ "type": "Feature", "properties": { "OBJECTID": 32424, "id": "DENVER_2020_20242022612246", "x": -104.89212036132812, "y": 39.725578308105469, "robbery": 1 }, "geometry": { "type": "Point", "coordinates": [ -104.892120360999968, 39.725578308000024 ] } },
{ "type": "Feature", "properties": { "OBJECTID": 32425, "id": "DENVER_2020_2024202261246", "x": -104.92938232421875, "y": 39.652729034423828, "robbery": 1 }, "geometry": { "type": "Point", "coordinates": [ -104.92938232399996, 39.65272903400006 ] } },
{ "type": "Feature", "properties": { "OBJECTID": 32426, "id": "DENVER_2020_202420226127", "x": -104.91239929199219, "y": 39.703071594238281, "robbery": 1 }, "geometry": { "type": "Point", "coordinates": [ -104.912399291999975, 39.70307159400005 ] } },
{ "type": "Feature", "properties": { "OBJECTID": 32427, "id": "DENVER_2020_20242022613094", "x": -104.98697662353516, "y": 39.726020812988281, "robbery": 1 }, "geometry": { "type": "Point", "coordinates": [ -104.986976623999965, 39.726020813000048 ] } },
{ "type": "Feature", "properties": { "OBJECTID": 32428, "id": "DENVER_2020_20242022613260", "x": -104.89382171630859, "y": 39.738941192626953, "robbery": 1 }, "geometry": { "type": "Point", "coordinates": [ -104.893821716, 39.738941193000073 ] } },
{ "type": "Feature", "properties": { "OBJECTID": 32429, "id": "DENVER_2020_20242022613913", "x": -104.84307098388672, "y": 39.783069610595703, "robbery": 1 }, "geometry": { "type": "Point", "coordinates": [ -104.843070983999951, 39.78306961100003 ] } },
{ "type": "Feature", "properties": { "OBJECTID": 32430, "id": "DENVER_2020_20242022614906", "x": -104.77332305908203, "y": 39.793239593505859, "robbery": 1 }, "geometry": { "type": "Point", "coordinates": [ -104.773323058999949, 39.793239594000056 ] } },
{ "type": "Feature", "properties": { "OBJECTID": 32431, "id": "DENVER_2020_20242022617695", "x": -105.02842712402344, "y": 39.717288970947266, "robbery": 1 }, "geometry": { "type": "Point", "coordinates": [ -105.028427123999961, 39.717288971000073 ] } },
{ "type": "Feature", "properties": { "OBJECTID": 32432, "id": "DENVER_2020_20242022618405", "x": -104.99044036865234, "y": 39.743839263916016, "robbery": 1 }, "geometry": { "type": "Point", "coordinates": [ -104.990440368999941, 39.74383926400003 ] } },
{ "type": "Feature", "properties": { "OBJECTID": 32433, "id": "DENVER_2020_20242022618561", "x": -104.89041900634766, "y": 39.740398406982422, "robbery": 1 }, "geometry": { "type": "Point", "coordinates": [ -104.890419005999945, 39.740398407000043 ] } },
{ "type": "Feature", "properties": { "OBJECTID": 32434, "id": "DENVER_2020_20242022618653", "x": -104.87297821044922, "y": 39.709400177001953, "robbery": 1 }, "geometry": { "type": "Point", "coordinates": [ -104.872978209999985, 39.709400177000077 ] } },
{ "type": "Feature", "properties": { "OBJECTID": 32435, "id": "DENVER_2020_20242022618959", "x": -104.8927001953125, "y": 39.781120300292969, "robbery": 1 }, "geometry": { "type": "Point", "coordinates": [ -104.892700194999975, 39.781120300000055 ] } },
{ "type": "Feature", "properties": { "OBJECTID": 32436, "id": "DENVER_2020_20242022619882", "x": -104.98829650878906, "y": 39.74169921875, "robbery": 1 }, "geometry": { "type": "Point", "coordinates": [ -104.988296508999952, 39.741699219000054 ] } },
{ "type": "Feature", "properties": { "OBJECTID": 32437, "id": "DENVER_2020_2024202262004", "x": -104.90415954589844, "y": 39.626510620117188, "robbery": 1 }, "geometry": { "type": "Point", "coordinates": [ -104.90415954599996, 39.626510620000033 ] } },
{ "type": "Feature", "properties": { "OBJECTID": 32438, "id": "DENVER_2020_2024202262089", "x": -105.05325317382812, "y": 39.711341857910156, "robbery": 1 }, "geometry": { "type": "Point", "coordinates": [ -105.053253173999963, 39.711341858000026 ] } },
{ "type": "Feature", "properties": { "OBJECTID": 32439, "id": "DENVER_2020_20242022621294", "x": -105.007080078125, "y": 39.784801483154297, "robbery": 1 }, "geometry": { "type": "Point", "coordinates": [ -105.007080077999944, 39.784801483000081 ] } },
{ "type": "Feature", "properties": { "OBJECTID": 32440, "id": "DENVER_2020_202420226214", "x": -104.90718078613281, "y": 39.700878143310547, "robbery": 1 }, "geometry": { "type": "Point", "coordinates": [ -104.907180785999969, 39.700878143000068 ] } },
{ "type": "Feature", "properties": { "OBJECTID": 32441, "id": "DENVER_2020_20242022622277", "x": -104.88466644287109, "y": 39.783428192138672, "robbery": 1 }, "geometry": { "type": "Point", "coordinates": [ -104.884666442999958, 39.783428192000031 ] } },
{ "type": "Feature", "properties": { "OBJECTID": 32442, "id": "DENVER_2020_20242022622773", "x": -104.99485015869141, "y": 39.772968292236328, "robbery": 1 }, "geometry": { "type": "Point", "coordinates": [ -104.994850158999952, 39.77296829200003 ] } },
{ "type": "Feature", "properties": { "OBJECTID": 32443, "id": "DENVER_2020_20242022622783", "x": -104.98213958740234, "y": 39.751220703125, "robbery": 1 }, "geometry": { "type": "Point", "coordinates": [ -104.982139586999949, 39.751220703000058 ] } },
{ "type": "Feature", "properties": { "OBJECTID": 32444, "id": "DENVER_2020_20242022623956", "x": -104.97212982177734, "y": 39.74822998046875, "robbery": 1 }, "geometry": { "type": "Point", "coordinates": [ -104.972129821999943, 39.748229980000076 ] } },
{ "type": "Feature", "properties": { "OBJECTID": 32445, "id": "DENVER_2020_20242022624015", "x": -105.02481842041016, "y": 39.754119873046875, "robbery": 1 }, "geometry": { "type": "Point", "coordinates": [ -105.024818419999974, 39.754119873000036 ] } },
{ "type": "Feature", "properties": { "OBJECTID": 32446, "id": "DENVER_2020_20242022624169", "x": -105.01245880126953, "y": 39.769119262695312, "robbery": 1 }, "geometry": { "type": "Point", "coordinates": [ -105.01245880099998, 39.76911926300005 ] } },
{ "type": "Feature", "properties": { "OBJECTID": 32447, "id": "DENVER_2020_20242022624469", "x": -104.94583129882812, "y": 39.736530303955078, "robbery": 1 }, "geometry": { "type": "Point", "coordinates": [ -104.945831298999963, 39.736530304000041 ] } },
{ "type": "Feature", "properties": { "OBJECTID": 32448, "id": "DENVER_2020_20242022625628", "x": -104.89132690429688, "y": 39.742130279541016, "robbery": 1 }, "geometry": { "type": "Point", "coordinates": [ -104.891326903999982, 39.742130280000026 ] } },
{ "type": "Feature", "properties": { "OBJECTID": 32449, "id": "DENVER_2020_20242022625685", "x": -104.85048675537109, "y": 39.658031463623047, "robbery": 1 }, "geometry": { "type": "Point", "coordinates": [ -104.850486754999963, 39.658031464000032 ] } },
{ "type": "Feature", "properties": { "OBJECTID": 32450, "id": "DENVER_2020_20242022626147", "x": -104.98695373535156, "y": 39.790069580078125, "robbery": 1 }, "geometry": { "type": "Point", "coordinates": [ -104.986953734999986, 39.790069580000079 ] } },
{ "type": "Feature", "properties": { "OBJECTID": 32451, "id": "DENVER_2020_20242022626529", "x": -104.82437133789062, "y": 39.796409606933594, "robbery": 1 }, "geometry": { "type": "Point", "coordinates": [ -104.824371338, 39.796409607000044 ] } },
{ "type": "Feature", "properties": { "OBJECTID": 32452, "id": "DENVER_2020_2024202262742", "x": -104.96843719482422, "y": 39.678249359130859, "robbery": 1 }, "geometry": { "type": "Point", "coordinates": [ -104.968437194999979, 39.678249359000063 ] } },
{ "type": "Feature", "properties": { "OBJECTID": 32453, "id": "DENVER_2020_2024202262744", "x": -104.96395111083984, "y": 39.675300598144531, "robbery": 1 }, "geometry": { "type": "Point", "coordinates": [ -104.963951110999972, 39.675300598000035 ] } },
{ "type": "Feature", "properties": { "OBJECTID": 32454, "id": "DENVER_2020_20242022627818", "x": -104.94003295898438, "y": 39.6644287109375, "robbery": 1 }, "geometry": { "type": "Point", "coordinates": [ -104.94003295899995, 39.664428711000028 ] } },
{ "type": "Feature", "properties": { "OBJECTID": 32455, "id": "DENVER_2020_20242022627962", "x": -105.05293273925781, "y": 39.754001617431641, "robbery": 1 }, "geometry": { "type": "Point", "coordinates": [ -105.052932738999971, 39.754001617000029 ] } },
{ "type": "Feature", "properties": { "OBJECTID": 32456, "id": "DENVER_2020_20242022628070", "x": -104.99369049072266, "y": 39.744369506835938, "robbery": 1 }, "geometry": { "type": "Point", "coordinates": [ -104.993690490999938, 39.744369507000044 ] } },
{ "type": "Feature", "properties": { "OBJECTID": 32457, "id": "DENVER_2020_20242022628810", "x": -104.97763824462891, "y": 39.740009307861328, "robbery": 1 }, "geometry": { "type": "Point", "coordinates": [ -104.97763824499998, 39.740009308000026 ] } },
{ "type": "Feature", "properties": { "OBJECTID": 32458, "id": "DENVER_2020_20242022629594", "x": -104.94126129150391, "y": 39.773239135742188, "robbery": 1 }, "geometry": { "type": "Point", "coordinates": [ -104.941261291999979, 39.773239136000029 ] } },
{ "type": "Feature", "properties": { "OBJECTID": 32459, "id": "DENVER_2020_20242022629971", "x": -104.98223114013672, "y": 39.746318817138672, "robbery": 1 }, "geometry": { "type": "Point", "coordinates": [ -104.982231139999953, 39.746318817000031 ] } },
{ "type": "Feature", "properties": { "OBJECTID": 32460, "id": "DENVER_2020_20242022630367", "x": -104.95220947265625, "y": 39.722549438476562, "robbery": 1 }, "geometry": { "type": "Point", "coordinates": [ -104.952209472999982, 39.722549438000044 ] } },
{ "type": "Feature", "properties": { "OBJECTID": 32461, "id": "DENVER_2020_20242022630675", "x": -104.98593139648438, "y": 39.759300231933594, "robbery": 1 }, "geometry": { "type": "Point", "coordinates": [ -104.985931395999955, 39.759300232000044 ] } },
{ "type": "Feature", "properties": { "OBJECTID": 32462, "id": "DENVER_2020_20242022630692", "x": -104.9970703125, "y": 39.746429443359375, "robbery": 1 }, "geometry": { "type": "Point", "coordinates": [ -104.997070312999938, 39.746429443000068 ] } },
{ "type": "Feature", "properties": { "OBJECTID": 32463, "id": "DENVER_2020_20242022630925", "x": -105.02413177490234, "y": 39.712879180908203, "robbery": 1 }, "geometry": { "type": "Point", "coordinates": [ -105.024131774999944, 39.712879181000062 ] } },
{ "type": "Feature", "properties": { "OBJECTID": 32464, "id": "DENVER_2020_20242022630998", "x": -104.96369934082031, "y": 39.684520721435547, "robbery": 1 }, "geometry": { "type": "Point", "coordinates": [ -104.963699340999938, 39.684520721000069 ] } },
{ "type": "Feature", "properties": { "OBJECTID": 32465, "id": "DENVER_2020_20242022631261", "x": -104.87014007568359, "y": 39.670970916748047, "robbery": 1 }, "geometry": { "type": "Point", "coordinates": [ -104.870140075999984, 39.670970917000034 ] } },
{ "type": "Feature", "properties": { "OBJECTID": 32466, "id": "DENVER_2020_20242022631691", "x": -104.86869049072266, "y": 39.656879425048828, "robbery": 1 }, "geometry": { "type": "Point", "coordinates": [ -104.868690490999938, 39.656879425000056 ] } },
{ "type": "Feature", "properties": { "OBJECTID": 32467, "id": "DENVER_2020_2024202263244", "x": -104.84633636474609, "y": 39.775558471679688, "robbery": 1 }, "geometry": { "type": "Point", "coordinates": [ -104.846336364999956, 39.775558472000057 ] } },
{ "type": "Feature", "properties": { "OBJECTID": 32468, "id": "DENVER_2020_20242022633730", "x": -104.96842956542969, "y": 39.680149078369141, "robbery": 1 }, "geometry": { "type": "Point", "coordinates": [ -104.968429564999951, 39.680149078000056 ] } },
{ "type": "Feature", "properties": { "OBJECTID": 32469, "id": "DENVER_2020_2024202263435", "x": -104.98885345458984, "y": 39.732059478759766, "robbery": 1 }, "geometry": { "type": "Point", "coordinates": [ -104.988853454999969, 39.732059479000043 ] } },
{ "type": "Feature", "properties": { "OBJECTID": 32470, "id": "DENVER_2020_20242022634573", "x": -105.04972076416016, "y": 39.741268157958984, "robbery": 1 }, "geometry": { "type": "Point", "coordinates": [ -105.049720763999971, 39.741268158000025 ] } },
{ "type": "Feature", "properties": { "OBJECTID": 32471, "id": "DENVER_2020_20242022634667", "x": -105.01555633544922, "y": 39.711521148681641, "robbery": 1 }, "geometry": { "type": "Point", "coordinates": [ -105.015556334999985, 39.711521149000077 ] } },
{ "type": "Feature", "properties": { "OBJECTID": 32472, "id": "DENVER_2020_20242022634908", "x": -104.95905303955078, "y": 39.740329742431641, "robbery": 1 }, "geometry": { "type": "Point", "coordinates": [ -104.959053039999958, 39.740329742000029 ] } },
{ "type": "Feature", "properties": { "OBJECTID": 32473, "id": "DENVER_2020_20242022634990", "x": -105.02944946289062, "y": 39.739410400390625, "robbery": 1 }, "geometry": { "type": "Point", "coordinates": [ -105.029449463, 39.739410400000054 ] } },
{ "type": "Feature", "properties": { "OBJECTID": 32474, "id": "DENVER_2020_20242022636140", "x": -105.02568054199219, "y": 39.769611358642578, "robbery": 1 }, "geometry": { "type": "Point", "coordinates": [ -105.025680541999975, 39.769611359000066 ] } },
{ "type": "Feature", "properties": { "OBJECTID": 32475, "id": "DENVER_2020_20242022636557", "x": -105.05296325683594, "y": 39.733310699462891, "robbery": 1 }, "geometry": { "type": "Point", "coordinates": [ -105.052963256999988, 39.733310699000072 ] } },
{ "type": "Feature", "properties": { "OBJECTID": 32476, "id": "DENVER_2020_20242022638450", "x": -104.90580749511719, "y": 39.654769897460938, "robbery": 1 }, "geometry": { "type": "Point", "coordinates": [ -104.905807494999976, 39.654769897000051 ] } },
{ "type": "Feature", "properties": { "OBJECTID": 32477, "id": "DENVER_2020_20242022638462", "x": -104.91207122802734, "y": 39.675350189208984, "robbery": 1 }, "geometry": { "type": "Point", "coordinates": [ -104.912071227999945, 39.675350189000028 ] } },
{ "type": "Feature", "properties": { "OBJECTID": 32478, "id": "DENVER_2020_20242022638481", "x": -104.94106292724609, "y": 39.666179656982422, "robbery": 1 }, "geometry": { "type": "Point", "coordinates": [ -104.941062926999962, 39.666179657000043 ] } },
{ "type": "Feature", "properties": { "OBJECTID": 32479, "id": "DENVER_2020_20242022638836", "x": -104.77271270751953, "y": 39.781970977783203, "robbery": 1 }, "geometry": { "type": "Point", "coordinates": [ -104.772712707999972, 39.781970978000061 ] } },
{ "type": "Feature", "properties": { "OBJECTID": 32480, "id": "DENVER_2020_20242022638843", "x": -104.97309112548828, "y": 39.711040496826172, "robbery": 1 }, "geometry": { "type": "Point", "coordinates": [ -104.973091124999939, 39.711040497000056 ] } },
{ "type": "Feature", "properties": { "OBJECTID": 32481, "id": "DENVER_2020_20242022639139", "x": -104.97331237792969, "y": 39.740760803222656, "robbery": 1 }, "geometry": { "type": "Point", "coordinates": [ -104.973312377999946, 39.740760803000057 ] } },
{ "type": "Feature", "properties": { "OBJECTID": 32482, "id": "DENVER_2020_20242022639373", "x": -104.89991760253906, "y": 39.766139984130859, "robbery": 1 }, "geometry": { "type": "Point", "coordinates": [ -104.899917602999949, 39.766139984000063 ] } },
{ "type": "Feature", "properties": { "OBJECTID": 32483, "id": "DENVER_2020_20242022640668", "x": -105.01850128173828, "y": 39.78302001953125, "robbery": 1 }, "geometry": { "type": "Point", "coordinates": [ -105.018501281999988, 39.783020020000038 ] } },
{ "type": "Feature", "properties": { "OBJECTID": 32484, "id": "DENVER_2020_20242022641280", "x": -105.01793670654297, "y": 39.760799407958984, "robbery": 1 }, "geometry": { "type": "Point", "coordinates": [ -105.017936707, 39.760799408000025 ] } },
{ "type": "Feature", "properties": { "OBJECTID": 32485, "id": "DENVER_2020_20242022641610", "x": -104.97299957275391, "y": 39.739540100097656, "robbery": 1 }, "geometry": { "type": "Point", "coordinates": [ -104.972999572999981, 39.739540100000056 ] } },
{ "type": "Feature", "properties": { "OBJECTID": 32486, "id": "DENVER_2020_20242022641970", "x": -104.76892852783203, "y": 39.778129577636719, "robbery": 1 }, "geometry": { "type": "Point", "coordinates": [ -104.768928527999947, 39.778129578000062 ] } },
{ "type": "Feature", "properties": { "OBJECTID": 32487, "id": "DENVER_2020_20242022642024", "x": -105.00361633300781, "y": 39.739700317382812, "robbery": 1 }, "geometry": { "type": "Point", "coordinates": [ -105.003616332999968, 39.739700317000029 ] } },
{ "type": "Feature", "properties": { "OBJECTID": 32488, "id": "DENVER_2020_2024202264295", "x": -105.042236328125, "y": 39.696090698242188, "robbery": 1 }, "geometry": { "type": "Point", "coordinates": [ -105.042236327999944, 39.696090698000035 ] } },
{ "type": "Feature", "properties": { "OBJECTID": 32489, "id": "DENVER_2020_20242022643178", "x": -105.03539276123047, "y": 39.637748718261719, "robbery": 1 }, "geometry": { "type": "Point", "coordinates": [ -105.035392760999969, 39.637748718000068 ] } },
{ "type": "Feature", "properties": { "OBJECTID": 32490, "id": "DENVER_2020_20242022643675", "x": -104.86746978759766, "y": 39.760368347167969, "robbery": 1 }, "geometry": { "type": "Point", "coordinates": [ -104.867469787999937, 39.760368347000053 ] } },
{ "type": "Feature", "properties": { "OBJECTID": 32491, "id": "DENVER_2020_20242022644373", "x": -104.95291900634766, "y": 39.743350982666016, "robbery": 1 }, "geometry": { "type": "Point", "coordinates": [ -104.952919005999945, 39.743350983000028 ] } },
{ "type": "Feature", "properties": { "OBJECTID": 32492, "id": "DENVER_2020_20242022644669", "x": -104.84751129150391, "y": 39.770740509033203, "robbery": 1 }, "geometry": { "type": "Point", "coordinates": [ -104.847511291999979, 39.770740509000063 ] } },
{ "type": "Feature", "properties": { "OBJECTID": 32493, "id": "DENVER_2020_20242022644743", "x": -104.89251708984375, "y": 39.739669799804688, "robbery": 1 }, "geometry": { "type": "Point", "coordinates": [ -104.892517089999956, 39.739669800000058 ] } },
{ "type": "Feature", "properties": { "OBJECTID": 32494, "id": "DENVER_2020_20242022645276", "x": -104.99346923828125, "y": 39.745891571044922, "robbery": 1 }, "geometry": { "type": "Point", "coordinates": [ -104.993469237999989, 39.745891571000072 ] } },
{ "type": "Feature", "properties": { "OBJECTID": 32495, "id": "DENVER_2020_20242022645958", "x": -104.94003295898438, "y": 39.6644287109375, "robbery": 1 }, "geometry": { "type": "Point", "coordinates": [ -104.94003295899995, 39.664428711000028 ] } },
{ "type": "Feature", "properties": { "OBJECTID": 32496, "id": "DENVER_2020_20242022646290", "x": -104.90514373779297, "y": 39.739990234375, "robbery": 1 }, "geometry": { "type": "Point", "coordinates": [ -104.905143738, 39.739990234000061 ] } },
{ "type": "Feature", "properties": { "OBJECTID": 32497, "id": "DENVER_2020_20242022647127", "x": -104.98020935058594, "y": 39.737739562988281, "robbery": 1 }, "geometry": { "type": "Point", "coordinates": [ -104.980209350999985, 39.737739563000048 ] } },
{ "type": "Feature", "properties": { "OBJECTID": 32498, "id": "DENVER_2020_2024202264749", "x": -104.98590850830078, "y": 39.730308532714844, "robbery": 1 }, "geometry": { "type": "Point", "coordinates": [ -104.985908507999966, 39.730308533000027 ] } },
{ "type": "Feature", "properties": { "OBJECTID": 32499, "id": "DENVER_2020_202420226476", "x": -104.91549682617188, "y": 39.740348815917969, "robbery": 1 }, "geometry": { "type": "Point", "coordinates": [ -104.915496825999981, 39.740348816000051 ] } },
{ "type": "Feature", "properties": { "OBJECTID": 32500, "id": "DENVER_2020_2024202264772", "x": -104.9913330078125, "y": 39.744499206542969, "robbery": 1 }, "geometry": { "type": "Point", "coordinates": [ -104.99133300799997, 39.744499207000047 ] } },
{ "type": "Feature", "properties": { "OBJECTID": 32501, "id": "DENVER_2020_20242022648410", "x": -105.03690338134766, "y": 39.737010955810547, "robbery": 1 }, "geometry": { "type": "Point", "coordinates": [ -105.036903380999945, 39.737010956000063 ] } },
{ "type": "Feature", "properties": { "OBJECTID": 32502, "id": "DENVER_2020_20242022649062", "x": -104.98285675048828, "y": 39.750850677490234, "robbery": 1 }, "geometry": { "type": "Point", "coordinates": [ -104.982856749999939, 39.750850677000074 ] } },
{ "type": "Feature", "properties": { "OBJECTID": 32503, "id": "DENVER_2020_20242022651911", "x": -104.95561218261719, "y": 39.778770446777344, "robbery": 1 }, "geometry": { "type": "Point", "coordinates": [ -104.955612182999971, 39.778770447000056 ] } },
{ "type": "Feature", "properties": { "OBJECTID": 32504, "id": "DENVER_2020_20242022652341", "x": -105.025146484375, "y": 39.738010406494141, "robbery": 1 }, "geometry": { "type": "Point", "coordinates": [ -105.025146483999947, 39.738010406000058 ] } },
{ "type": "Feature", "properties": { "OBJECTID": 32505, "id": "DENVER_2020_2024202265258", "x": -104.94699859619141, "y": 39.717491149902344, "robbery": 1 }, "geometry": { "type": "Point", "coordinates": [ -104.946998595999958, 39.717491150000058 ] } },
{ "type": "Feature", "properties": { "OBJECTID": 32506, "id": "DENVER_2020_20242022653616", "x": -104.90025329589844, "y": 39.655399322509766, "robbery": 1 }, "geometry": { "type": "Point", "coordinates": [ -104.90025329599996, 39.65539932300004 ] } },
{ "type": "Feature", "properties": { "OBJECTID": 32507, "id": "DENVER_2020_20242022654903", "x": -104.99994659423828, "y": 39.753059387207031, "robbery": 1 }, "geometry": { "type": "Point", "coordinates": [ -104.999946593999937, 39.753059387000064 ] } },
{ "type": "Feature", "properties": { "OBJECTID": 32508, "id": "DENVER_2020_20242022655500", "x": -105.08616638183594, "y": 39.637340545654297, "robbery": 1 }, "geometry": { "type": "Point", "coordinates": [ -105.086166381999988, 39.637340546000075 ] } },
{ "type": "Feature", "properties": { "OBJECTID": 32509, "id": "DENVER_2020_20242022655516", "x": -104.98827362060547, "y": 39.718429565429688, "robbery": 1 }, "geometry": { "type": "Point", "coordinates": [ -104.988273620999962, 39.718429565000065 ] } },
{ "type": "Feature", "properties": { "OBJECTID": 32510, "id": "DENVER_2020_20242022655588", "x": -104.80970764160156, "y": 39.784938812255859, "robbery": 1 }, "geometry": { "type": "Point", "coordinates": [ -104.809707641999978, 39.784938812000064 ] } },
{ "type": "Feature", "properties": { "OBJECTID": 32511, "id": "DENVER_2020_20242022655609", "x": -104.99894714355469, "y": 39.751701354980469, "robbery": 1 }, "geometry": { "type": "Point", "coordinates": [ -104.998947143999942, 39.75170135500008 ] } },
{ "type": "Feature", "properties": { "OBJECTID": 32512, "id": "DENVER_2020_20242022656345", "x": -104.89502716064453, "y": 39.783611297607422, "robbery": 1 }, "geometry": { "type": "Point", "coordinates": [ -104.895027160999973, 39.783611298000039 ] } },
{ "type": "Feature", "properties": { "OBJECTID": 32513, "id": "DENVER_2020_20242022656729", "x": -105.05309295654297, "y": 39.653179168701172, "robbery": 1 }, "geometry": { "type": "Point", "coordinates": [ -105.053092957, 39.653179169000055 ] } },
{ "type": "Feature", "properties": { "OBJECTID": 32514, "id": "DENVER_2020_20242022657241", "x": -104.96559906005859, "y": 39.751388549804688, "robbery": 1 }, "geometry": { "type": "Point", "coordinates": [ -104.965599059999988, 39.751388550000058 ] } },
{ "type": "Feature", "properties": { "OBJECTID": 32515, "id": "DENVER_2020_2024202265786", "x": -104.80750274658203, "y": 39.773601531982422, "robbery": 1 }, "geometry": { "type": "Point", "coordinates": [ -104.807502746999944, 39.773601532000043 ] } },
{ "type": "Feature", "properties": { "OBJECTID": 32516, "id": "DENVER_2020_20242022658138", "x": -104.89399719238281, "y": 39.770549774169922, "robbery": 1 }, "geometry": { "type": "Point", "coordinates": [ -104.893997191999972, 39.770549774000074 ] } },
{ "type": "Feature", "properties": { "OBJECTID": 32517, "id": "DENVER_2020_20242022658452", "x": -104.97501373291016, "y": 39.733509063720703, "robbery": 1 }, "geometry": { "type": "Point", "coordinates": [ -104.975013732999969, 39.733509064000032 ] } },
{ "type": "Feature", "properties": { "OBJECTID": 32518, "id": "DENVER_2020_202420226585", "x": -104.80773162841797, "y": 39.784149169921875, "robbery": 1 }, "geometry": { "type": "Point", "coordinates": [ -104.807731627999942, 39.784149170000035 ] } },
{ "type": "Feature", "properties": { "OBJECTID": 32519, "id": "DENVER_2020_20242022658683", "x": -104.86196136474609, "y": 39.658409118652344, "robbery": 1 }, "geometry": { "type": "Point", "coordinates": [ -104.861961364999956, 39.658409119000055 ] } },
{ "type": "Feature", "properties": { "OBJECTID": 32520, "id": "DENVER_2020_20242022659025", "x": -104.93572235107422, "y": 39.722328186035156, "robbery": 1 }, "geometry": { "type": "Point", "coordinates": [ -104.935722350999981, 39.722328186000027 ] } },
{ "type": "Feature", "properties": { "OBJECTID": 32521, "id": "DENVER_2020_2024202265928", "x": -104.82420349121094, "y": 39.790599822998047, "robbery": 1 }, "geometry": { "type": "Point", "coordinates": [ -104.824203491, 39.790599823000036 ] } },
{ "type": "Feature", "properties": { "OBJECTID": 32522, "id": "DENVER_2020_20242022660718", "x": -104.90733337402344, "y": 39.694889068603516, "robbery": 1 }, "geometry": { "type": "Point", "coordinates": [ -104.907333373999961, 39.694889069000055 ] } },
{ "type": "Feature", "properties": { "OBJECTID": 32523, "id": "DENVER_2020_20242022660750", "x": -104.89256286621094, "y": 39.786960601806641, "robbery": 1 }, "geometry": { "type": "Point", "coordinates": [ -104.892562866, 39.786960602000079 ] } },
{ "type": "Feature", "properties": { "OBJECTID": 32524, "id": "DENVER_2020_20242022660782", "x": -104.90065765380859, "y": 39.766998291015625, "robbery": 1 }, "geometry": { "type": "Point", "coordinates": [ -104.900657653999986, 39.76699829100005 ] } },
{ "type": "Feature", "properties": { "OBJECTID": 32525, "id": "DENVER_2020_20242022660993", "x": -104.98757934570312, "y": 39.711158752441406, "robbery": 1 }, "geometry": { "type": "Point", "coordinates": [ -104.987579345999961, 39.711158752000074 ] } },
{ "type": "Feature", "properties": { "OBJECTID": 32526, "id": "DENVER_2020_20242022661071", "x": -105.02189636230469, "y": 39.677581787109375, "robbery": 1 }, "geometry": { "type": "Point", "coordinates": [ -105.02189636199995, 39.677581787000065 ] } },
{ "type": "Feature", "properties": { "OBJECTID": 32527, "id": "DENVER_2020_20242022661077", "x": -104.95793151855469, "y": 39.725421905517578, "robbery": 1 }, "geometry": { "type": "Point", "coordinates": [ -104.957931518999942, 39.725421906000065 ] } },
{ "type": "Feature", "properties": { "OBJECTID": 32528, "id": "DENVER_2020_20242022663603", "x": -104.90074920654297, "y": 39.741359710693359, "robbery": 1 }, "geometry": { "type": "Point", "coordinates": [ -104.900749207, 39.74135971100003 ] } },
{ "type": "Feature", "properties": { "OBJECTID": 32529, "id": "DENVER_2020_20242022663784", "x": -104.90267944335938, "y": 39.757221221923828, "robbery": 1 }, "geometry": { "type": "Point", "coordinates": [ -104.902679442999954, 39.757221222000055 ] } },
{ "type": "Feature", "properties": { "OBJECTID": 32530, "id": "DENVER_2020_20242022664066", "x": -104.98874664306641, "y": 39.687580108642578, "robbery": 1 }, "geometry": { "type": "Point", "coordinates": [ -104.988746642999956, 39.687580109000066 ] } },
{ "type": "Feature", "properties": { "OBJECTID": 32531, "id": "DENVER_2020_20242022664272", "x": -105.03157806396484, "y": 39.717479705810547, "robbery": 1 }, "geometry": { "type": "Point", "coordinates": [ -105.031578063999973, 39.717479706000063 ] } },
{ "type": "Feature", "properties": { "OBJECTID": 32532, "id": "DENVER_2020_20242022665877", "x": -104.97493743896484, "y": 39.759868621826172, "robbery": 1 }, "geometry": { "type": "Point", "coordinates": [ -104.974937438999973, 39.759868622000056 ] } },
{ "type": "Feature", "properties": { "OBJECTID": 32533, "id": "DENVER_2020_20242022666316", "x": -105.02449798583984, "y": 39.665958404541016, "robbery": 1 }, "geometry": { "type": "Point", "coordinates": [ -105.024497985999972, 39.665958405000026 ] } },
{ "type": "Feature", "properties": { "OBJECTID": 32534, "id": "DENVER_2020_20242022667012", "x": -104.90025329589844, "y": 39.655399322509766, "robbery": 1 }, "geometry": { "type": "Point", "coordinates": [ -104.90025329599996, 39.65539932300004 ] } },
{ "type": "Feature", "properties": { "OBJECTID": 32535, "id": "DENVER_2020_20242022667321", "x": -104.89502716064453, "y": 39.783611297607422, "robbery": 1 }, "geometry": { "type": "Point", "coordinates": [ -104.895027160999973, 39.783611298000039 ] } },
{ "type": "Feature", "properties": { "OBJECTID": 32536, "id": "DENVER_2020_2024202267280", "x": -105.05319213867188, "y": 39.691360473632812, "robbery": 1 }, "geometry": { "type": "Point", "coordinates": [ -105.053192138999975, 39.691360474000078 ] } },
{ "type": "Feature", "properties": { "OBJECTID": 32537, "id": "DENVER_2020_2024202267530", "x": -104.98515319824219, "y": 39.754680633544922, "robbery": 1 }, "geometry": { "type": "Point", "coordinates": [ -104.985153197999978, 39.754680634000067 ] } },
{ "type": "Feature", "properties": { "OBJECTID": 32538, "id": "DENVER_2020_2024202268251", "x": -104.95204925537109, "y": 39.762130737304688, "robbery": 1 }, "geometry": { "type": "Point", "coordinates": [ -104.952049254999963, 39.762130737000064 ] } },
{ "type": "Feature", "properties": { "OBJECTID": 32539, "id": "DENVER_2020_2024202268524", "x": -105.00702667236328, "y": 39.693458557128906, "robbery": 1 }, "geometry": { "type": "Point", "coordinates": [ -105.007026671999938, 39.693458557000042 ] } },
{ "type": "Feature", "properties": { "OBJECTID": 32540, "id": "DENVER_2020_2024202268782", "x": -104.84758758544922, "y": 39.777679443359375, "robbery": 1 }, "geometry": { "type": "Point", "coordinates": [ -104.847587584999985, 39.777679443000068 ] } },
{ "type": "Feature", "properties": { "OBJECTID": 32541, "id": "DENVER_2020_2024202269129", "x": -104.99305725097656, "y": 39.746040344238281, "robbery": 1 }, "geometry": { "type": "Point", "coordinates": [ -104.993057250999982, 39.74604034400005 ] } },
{ "type": "Feature", "properties": { "OBJECTID": 32542, "id": "DENVER_2020_2024202269789", "x": -105.01925659179688, "y": 39.660560607910156, "robbery": 1 }, "geometry": { "type": "Point", "coordinates": [ -105.019256591999977, 39.660560608000026 ] } },
{ "type": "Feature", "properties": { "OBJECTID": 32543, "id": "DENVER_2020_2024202270388", "x": -104.99854278564453, "y": 39.753360748291016, "robbery": 1 }, "geometry": { "type": "Point", "coordinates": [ -104.998542785999973, 39.753360748000034 ] } },
{ "type": "Feature", "properties": { "OBJECTID": 32544, "id": "DENVER_2020_2024202270465", "x": -105.0228271484375, "y": 39.722320556640625, "robbery": 1 }, "geometry": { "type": "Point", "coordinates": [ -105.022827147999976, 39.722320557000046 ] } },
{ "type": "Feature", "properties": { "OBJECTID": 32545, "id": "DENVER_2020_2024202271194", "x": -104.98251342773438, "y": 39.742580413818359, "robbery": 1 }, "geometry": { "type": "Point", "coordinates": [ -104.982513427999947, 39.742580414000031 ] } },
{ "type": "Feature", "properties": { "OBJECTID": 32546, "id": "DENVER_2020_202420227185", "x": -104.90268707275391, "y": 39.757221221923828, "robbery": 1 }, "geometry": { "type": "Point", "coordinates": [ -104.902687072999981, 39.757221222000055 ] } },
{ "type": "Feature", "properties": { "OBJECTID": 32547, "id": "DENVER_2020_2024202272022", "x": -104.93766021728516, "y": 39.666019439697266, "robbery": 1 }, "geometry": { "type": "Point", "coordinates": [ -104.937660216999973, 39.666019440000071 ] } },
{ "type": "Feature", "properties": { "OBJECTID": 32548, "id": "DENVER_2020_2024202272793", "x": -105.02478790283203, "y": 39.788959503173828, "robbery": 1 }, "geometry": { "type": "Point", "coordinates": [ -105.024787902999947, 39.788959503000058 ] } },
{ "type": "Feature", "properties": { "OBJECTID": 32549, "id": "DENVER_2020_2024202272891", "x": -104.95793151855469, "y": 39.725421905517578, "robbery": 1 }, "geometry": { "type": "Point", "coordinates": [ -104.957931518999942, 39.725421906000065 ] } },
{ "type": "Feature", "properties": { "OBJECTID": 32550, "id": "DENVER_2020_2024202273882", "x": -104.9786376953125, "y": 39.754501342773438, "robbery": 1 }, "geometry": { "type": "Point", "coordinates": [ -104.978637694999975, 39.754501343000072 ] } },
{ "type": "Feature", "properties": { "OBJECTID": 32551, "id": "DENVER_2020_20242022742", "x": -104.98844146728516, "y": 39.729888916015625, "robbery": 1 }, "geometry": { "type": "Point", "coordinates": [ -104.988441466999973, 39.72988891600005 ] } },
{ "type": "Feature", "properties": { "OBJECTID": 32552, "id": "DENVER_2020_2024202274880", "x": -104.89639282226562, "y": 39.743789672851562, "robbery": 1 }, "geometry": { "type": "Point", "coordinates": [ -104.896392821999939, 39.743789673000038 ] } },
{ "type": "Feature", "properties": { "OBJECTID": 32553, "id": "DENVER_2020_2024202275751", "x": -104.89784240722656, "y": 39.734329223632812, "robbery": 1 }, "geometry": { "type": "Point", "coordinates": [ -104.897842406999985, 39.734329224000078 ] } },
{ "type": "Feature", "properties": { "OBJECTID": 32554, "id": "DENVER_2020_2024202276130", "x": -105.02509307861328, "y": 39.707588195800781, "robbery": 1 }, "geometry": { "type": "Point", "coordinates": [ -105.025093078999987, 39.707588196000074 ] } },
{ "type": "Feature", "properties": { "OBJECTID": 32555, "id": "DENVER_2020_202420227701", "x": -105.03276824951172, "y": 39.740619659423828, "robbery": 1 }, "geometry": { "type": "Point", "coordinates": [ -105.032768249999947, 39.74061965900006 ] } },
{ "type": "Feature", "properties": { "OBJECTID": 32556, "id": "DENVER_2020_2024202277572", "x": -105.05136108398438, "y": 39.654800415039062, "robbery": 1 }, "geometry": { "type": "Point", "coordinates": [ -105.05136108399995, 39.654800415000068 ] } },
{ "type": "Feature", "properties": { "OBJECTID": 32557, "id": "DENVER_2020_2024202277869", "x": -104.94464111328125, "y": 39.710281372070312, "robbery": 1 }, "geometry": { "type": "Point", "coordinates": [ -104.944641112999989, 39.710281372000054 ] } },
{ "type": "Feature", "properties": { "OBJECTID": 32558, "id": "DENVER_2020_2024202277963", "x": -104.85003662109375, "y": 39.658809661865234, "robbery": 1 }, "geometry": { "type": "Point", "coordinates": [ -104.850036620999958, 39.658809662000067 ] } },
{ "type": "Feature", "properties": { "OBJECTID": 32559, "id": "DENVER_2020_2024202278508", "x": -104.99622344970703, "y": 39.751068115234375, "robbery": 1 }, "geometry": { "type": "Point", "coordinates": [ -104.996223449999945, 39.751068115000066 ] } },
{ "type": "Feature", "properties": { "OBJECTID": 32560, "id": "DENVER_2020_2024202278717", "x": -104.99965667724609, "y": 39.756690979003906, "robbery": 1 }, "geometry": { "type": "Point", "coordinates": [ -104.999656676999962, 39.756690979000041 ] } },
{ "type": "Feature", "properties": { "OBJECTID": 32561, "id": "DENVER_2020_2024202279912", "x": -105.05198669433594, "y": 39.740749359130859, "robbery": 1 }, "geometry": { "type": "Point", "coordinates": [ -105.051986694, 39.740749359000063 ] } },
{ "type": "Feature", "properties": { "OBJECTID": 32562, "id": "DENVER_2020_2024202281151", "x": -105.03456878662109, "y": 39.709789276123047, "robbery": 1 }, "geometry": { "type": "Point", "coordinates": [ -105.034568786999955, 39.709789276000038 ] } },
{ "type": "Feature", "properties": { "OBJECTID": 32563, "id": "DENVER_2020_2024202281350", "x": -104.93007659912109, "y": 39.676181793212891, "robbery": 1 }, "geometry": { "type": "Point", "coordinates": [ -104.93007659899996, 39.676181793000069 ] } },
{ "type": "Feature", "properties": { "OBJECTID": 32564, "id": "DENVER_2020_2024202282064", "x": -105.01107788085938, "y": 39.696479797363281, "robbery": 1 }, "geometry": { "type": "Point", "coordinates": [ -105.011077880999949, 39.696479797000052 ] } },
{ "type": "Feature", "properties": { "OBJECTID": 32565, "id": "DENVER_2020_2024202282131", "x": -104.98108673095703, "y": 39.743270874023438, "robbery": 1 }, "geometry": { "type": "Point", "coordinates": [ -104.981086730999948, 39.743270874000075 ] } },
{ "type": "Feature", "properties": { "OBJECTID": 32566, "id": "DENVER_2020_2024202283809", "x": -104.973388671875, "y": 39.700199127197266, "robbery": 1 }, "geometry": { "type": "Point", "coordinates": [ -104.973388671999942, 39.700199127000076 ] } },
{ "type": "Feature", "properties": { "OBJECTID": 32567, "id": "DENVER_2020_2024202284868", "x": -104.97873687744141, "y": 39.777851104736328, "robbery": 1 }, "geometry": { "type": "Point", "coordinates": [ -104.97873687699996, 39.777851105000025 ] } },
{ "type": "Feature", "properties": { "OBJECTID": 32568, "id": "DENVER_2020_2024202285148", "x": -105.00232696533203, "y": 39.778759002685547, "robbery": 1 }, "geometry": { "type": "Point", "coordinates": [ -105.002326964999952, 39.778759003000062 ] } },
{ "type": "Feature", "properties": { "OBJECTID": 32569, "id": "DENVER_2020_2024202285476", "x": -104.99088287353516, "y": 39.783241271972656, "robbery": 1 }, "geometry": { "type": "Point", "coordinates": [ -104.990882873999965, 39.783241272000055 ] } },
{ "type": "Feature", "properties": { "OBJECTID": 32570, "id": "DENVER_2020_2024202285544", "x": -105.03688812255859, "y": 39.768581390380859, "robbery": 1 }, "geometry": { "type": "Point", "coordinates": [ -105.036888122999983, 39.768581390000065 ] } },
{ "type": "Feature", "properties": { "OBJECTID": 32571, "id": "DENVER_2020_2024202286113", "x": -105.04888916015625, "y": 39.736530303955078, "robbery": 1 }, "geometry": { "type": "Point", "coordinates": [ -105.048889159999987, 39.736530304000041 ] } },
{ "type": "Feature", "properties": { "OBJECTID": 32572, "id": "DENVER_2020_2024202286543", "x": -104.97273254394531, "y": 39.763790130615234, "robbery": 1 }, "geometry": { "type": "Point", "coordinates": [ -104.972732543999939, 39.763790131000064 ] } },
{ "type": "Feature", "properties": { "OBJECTID": 32573, "id": "DENVER_2020_2024202287154", "x": -105.00563812255859, "y": 39.738399505615234, "robbery": 1 }, "geometry": { "type": "Point", "coordinates": [ -105.005638122999983, 39.738399506000064 ] } },
{ "type": "Feature", "properties": { "OBJECTID": 32574, "id": "DENVER_2020_2024202287267", "x": -104.98201751708984, "y": 39.750358581542969, "robbery": 1 }, "geometry": { "type": "Point", "coordinates": [ -104.982017516999974, 39.750358582000047 ] } },
{ "type": "Feature", "properties": { "OBJECTID": 32575, "id": "DENVER_2020_2024202288344", "x": -104.91561126708984, "y": 39.703338623046875, "robbery": 1 }, "geometry": { "type": "Point", "coordinates": [ -104.915611266999974, 39.703338623000036 ] } },
{ "type": "Feature", "properties": { "OBJECTID": 32576, "id": "DENVER_2020_2024202289038", "x": -104.98837280273438, "y": 39.755199432373047, "robbery": 1 }, "geometry": { "type": "Point", "coordinates": [ -104.988372802999947, 39.75519943200004 ] } },
{ "type": "Feature", "properties": { "OBJECTID": 32577, "id": "DENVER_2020_2024202289040", "x": -105.02665710449219, "y": 39.785289764404297, "robbery": 1 }, "geometry": { "type": "Point", "coordinates": [ -105.02665710399998, 39.785289764000026 ] } },
{ "type": "Feature", "properties": { "OBJECTID": 32578, "id": "DENVER_2020_2024202289463", "x": -104.91015625, "y": 39.740528106689453, "robbery": 1 }, "geometry": { "type": "Point", "coordinates": [ -104.910156249999943, 39.740528107000046 ] } },
{ "type": "Feature", "properties": { "OBJECTID": 32579, "id": "DENVER_2020_2024202290688", "x": -104.88527679443359, "y": 39.653450012207031, "robbery": 1 }, "geometry": { "type": "Point", "coordinates": [ -104.885276794, 39.653450012000064 ] } },
{ "type": "Feature", "properties": { "OBJECTID": 32580, "id": "DENVER_2020_202420229098", "x": -104.80782318115234, "y": 39.785480499267578, "robbery": 1 }, "geometry": { "type": "Point", "coordinates": [ -104.807823180999947, 39.785480499000073 ] } },
{ "type": "Feature", "properties": { "OBJECTID": 32581, "id": "DENVER_2020_2024202292475", "x": -104.90070343017578, "y": 39.75885009765625, "robbery": 1 }, "geometry": { "type": "Point", "coordinates": [ -104.900703429999965, 39.758850098000039 ] } },
{ "type": "Feature", "properties": { "OBJECTID": 32582, "id": "DENVER_2020_2024202293497", "x": -104.95490264892578, "y": 39.719539642333984, "robbery": 1 }, "geometry": { "type": "Point", "coordinates": [ -104.954902648999962, 39.719539642000029 ] } },
{ "type": "Feature", "properties": { "OBJECTID": 32583, "id": "DENVER_2020_2024202293553", "x": -104.98713684082031, "y": 39.720211029052734, "robbery": 1 }, "geometry": { "type": "Point", "coordinates": [ -104.987136840999938, 39.720211029000041 ] } },
{ "type": "Feature", "properties": { "OBJECTID": 32584, "id": "DENVER_2020_2024202293725", "x": -104.95720672607422, "y": 39.735309600830078, "robbery": 1 }, "geometry": { "type": "Point", "coordinates": [ -104.957206725999981, 39.73530960100004 ] } },
{ "type": "Feature", "properties": { "OBJECTID": 32585, "id": "DENVER_2020_2024202294608", "x": -104.96871948242188, "y": 39.692958831787109, "robbery": 1 }, "geometry": { "type": "Point", "coordinates": [ -104.968719481999983, 39.692958832000045 ] } },
{ "type": "Feature", "properties": { "OBJECTID": 32586, "id": "DENVER_2020_2024202294674", "x": -105.02487182617188, "y": 39.789478302001953, "robbery": 1 }, "geometry": { "type": "Point", "coordinates": [ -105.024871825999981, 39.789478302000077 ] } },
{ "type": "Feature", "properties": { "OBJECTID": 32587, "id": "DENVER_2020_2024202294804", "x": -104.99408721923828, "y": 39.766078948974609, "robbery": 1 }, "geometry": { "type": "Point", "coordinates": [ -104.994087218999937, 39.766078949000075 ] } },
{ "type": "Feature", "properties": { "OBJECTID": 32588, "id": "DENVER_2020_2024202296411", "x": -104.90223693847656, "y": 39.781669616699219, "robbery": 1 }, "geometry": { "type": "Point", "coordinates": [ -104.902236937999987, 39.781669617000034 ] } },
{ "type": "Feature", "properties": { "OBJECTID": 32589, "id": "DENVER_2020_202420229836", "x": -105.02365112304688, "y": 39.769569396972656, "robbery": 1 }, "geometry": { "type": "Point", "coordinates": [ -105.023651122999979, 39.769569397000055 ] } },
{ "type": "Feature", "properties": { "OBJECTID": 32590, "id": "DENVER_2020_2024202298450", "x": -104.85842132568359, "y": 39.659889221191406, "robbery": 1 }, "geometry": { "type": "Point", "coordinates": [ -104.858421325999984, 39.659889221000071 ] } },
{ "type": "Feature", "properties": { "OBJECTID": 32591, "id": "DENVER_2020_2024202298552", "x": -105.04683685302734, "y": 39.763931274414062, "robbery": 1 }, "geometry": { "type": "Point", "coordinates": [ -105.046836852999945, 39.763931274000072 ] } },
{ "type": "Feature", "properties": { "OBJECTID": 32592, "id": "DENVER_2020_202420229870", "x": -105.03289031982422, "y": 39.769329071044922, "robbery": 1 }, "geometry": { "type": "Point", "coordinates": [ -105.032890319999979, 39.769329071000072 ] } },
{ "type": "Feature", "properties": { "OBJECTID": 32593, "id": "DENVER_2020_2024202298973", "x": -105.00150299072266, "y": 39.728118896484375, "robbery": 1 }, "geometry": { "type": "Point", "coordinates": [ -105.001502990999938, 39.728118896000069 ] } },
{ "type": "Feature", "properties": { "OBJECTID": 32594, "id": "DENVER_2020_2024202299241", "x": -104.89756774902344, "y": 39.741970062255859, "robbery": 1 }, "geometry": { "type": "Point", "coordinates": [ -104.897567748999961, 39.741970062000064 ] } },
{ "type": "Feature", "properties": { "OBJECTID": 32595, "id": "DENVER_2020_2024202299812", "x": -104.94023895263672, "y": 39.687149047851562, "robbery": 1 }, "geometry": { "type": "Point", "coordinates": [ -104.940238952999948, 39.687149048000038 ] } },
{ "type": "Feature", "properties": { "OBJECTID": 32596, "id": "DENVER_2020_20242023100362", "x": -104.9871826171875, "y": 39.712329864501953, "robbery": 1 }, "geometry": { "type": "Point", "coordinates": [ -104.987182616999974, 39.712329865000072 ] } },
{ "type": "Feature", "properties": { "OBJECTID": 32597, "id": "DENVER_2020_20242023100537", "x": -104.98394012451172, "y": 39.760040283203125, "robbery": 1 }, "geometry": { "type": "Point", "coordinates": [ -104.983940124999947, 39.76004028300008 ] } },
{ "type": "Feature", "properties": { "OBJECTID": 32598, "id": "DENVER_2020_20242023101800", "x": -105.025146484375, "y": 39.738010406494141, "robbery": 1 }, "geometry": { "type": "Point", "coordinates": [ -105.025146483999947, 39.738010406000058 ] } },
{ "type": "Feature", "properties": { "OBJECTID": 32599, "id": "DENVER_2020_20242023101927", "x": -105.04833984375, "y": 39.740058898925781, "robbery": 1 }, "geometry": { "type": "Point", "coordinates": [ -105.048339843999941, 39.740058899000076 ] } },
{ "type": "Feature", "properties": { "OBJECTID": 32600, "id": "DENVER_2020_20242023102226", "x": -105.03849029541016, "y": 39.739608764648438, "robbery": 1 }, "geometry": { "type": "Point", "coordinates": [ -105.038490294999974, 39.739608765000071 ] } },
{ "type": "Feature", "properties": { "OBJECTID": 32601, "id": "DENVER_2020_20242023102514", "x": -104.88580322265625, "y": 39.663619995117188, "robbery": 1 }, "geometry": { "type": "Point", "coordinates": [ -104.885803222999982, 39.663619995000033 ] } },
{ "type": "Feature", "properties": { "OBJECTID": 32602, "id": "DENVER_2020_20242023104735", "x": -104.92938232421875, "y": 39.652729034423828, "robbery": 1 }, "geometry": { "type": "Point", "coordinates": [ -104.92938232399996, 39.65272903400006 ] } },
{ "type": "Feature", "properties": { "OBJECTID": 32603, "id": "DENVER_2020_20242023106369", "x": -105.05217742919922, "y": 39.654830932617188, "robbery": 1 }, "geometry": { "type": "Point", "coordinates": [ -105.052177428999983, 39.654830933000028 ] } },
{ "type": "Feature", "properties": { "OBJECTID": 32604, "id": "DENVER_2020_20242023106484", "x": -104.98835754394531, "y": 39.746330261230469, "robbery": 1 }, "geometry": { "type": "Point", "coordinates": [ -104.988357543999939, 39.746330261000026 ] } },
{ "type": "Feature", "properties": { "OBJECTID": 32605, "id": "DENVER_2020_2024202310707", "x": -104.89399719238281, "y": 39.770549774169922, "robbery": 1 }, "geometry": { "type": "Point", "coordinates": [ -104.893997191999972, 39.770549774000074 ] } },
{ "type": "Feature", "properties": { "OBJECTID": 32606, "id": "DENVER_2020_2024202310732", "x": -104.99188232421875, "y": 39.669559478759766, "robbery": 1 }, "geometry": { "type": "Point", "coordinates": [ -104.99188232399996, 39.669559479000043 ] } },
{ "type": "Feature", "properties": { "OBJECTID": 32607, "id": "DENVER_2020_20242023107348", "x": -104.87812805175781, "y": 39.723781585693359, "robbery": 1 }, "geometry": { "type": "Point", "coordinates": [ -104.878128051999965, 39.72378158600003 ] } },
{ "type": "Feature", "properties": { "OBJECTID": 32608, "id": "DENVER_2020_20242023107375", "x": -104.91375732421875, "y": 39.764270782470703, "robbery": 1 }, "geometry": { "type": "Point", "coordinates": [ -104.91375732399996, 39.76427078200004 ] } },
{ "type": "Feature", "properties": { "OBJECTID": 32609, "id": "DENVER_2020_20242023107680", "x": -105.03481292724609, "y": 39.676250457763672, "robbery": 1 }, "geometry": { "type": "Point", "coordinates": [ -105.034812926999962, 39.676250458000027 ] } },
{ "type": "Feature", "properties": { "OBJECTID": 32610, "id": "DENVER_2020_20242023107798", "x": -104.98919677734375, "y": 39.780208587646484, "robbery": 1 }, "geometry": { "type": "Point", "coordinates": [ -104.989196776999961, 39.78020858800005 ] } },
{ "type": "Feature", "properties": { "OBJECTID": 32611, "id": "DENVER_2020_20242023108210", "x": -104.87505340576172, "y": 39.760948181152344, "robbery": 1 }, "geometry": { "type": "Point", "coordinates": [ -104.87505340599995, 39.76094818100006 ] } },
{ "type": "Feature", "properties": { "OBJECTID": 32612, "id": "DENVER_2020_20242023108389", "x": -105.00361633300781, "y": 39.739700317382812, "robbery": 1 }, "geometry": { "type": "Point", "coordinates": [ -105.003616332999968, 39.739700317000029 ] } },
{ "type": "Feature", "properties": { "OBJECTID": 32613, "id": "DENVER_2020_20242023108540", "x": -104.93913269042969, "y": 39.667549133300781, "robbery": 1 }, "geometry": { "type": "Point", "coordinates": [ -104.939132689999951, 39.66754913300008 ] } },
{ "type": "Feature", "properties": { "OBJECTID": 32614, "id": "DENVER_2020_20242023108624", "x": -104.94159698486328, "y": 39.78363037109375, "robbery": 1 }, "geometry": { "type": "Point", "coordinates": [ -104.941596985, 39.783630371000072 ] } },
{ "type": "Feature", "properties": { "OBJECTID": 32615, "id": "DENVER_2020_2024202310910", "x": -104.99202728271484, "y": 39.743869781494141, "robbery": 1 }, "geometry": { "type": "Point", "coordinates": [ -104.99202728299997, 39.743869781000058 ] } },
{ "type": "Feature", "properties": { "OBJECTID": 32616, "id": "DENVER_2020_20242023109122", "x": -105.02646636962891, "y": 39.692638397216797, "robbery": 1 }, "geometry": { "type": "Point", "coordinates": [ -105.02646636999998, 39.692638397000053 ] } },
{ "type": "Feature", "properties": { "OBJECTID": 32617, "id": "DENVER_2020_20242023109918", "x": -104.92797088623047, "y": 39.723770141601562, "robbery": 1 }, "geometry": { "type": "Point", "coordinates": [ -104.927970885999969, 39.723770142000035 ] } },
{ "type": "Feature", "properties": { "OBJECTID": 32618, "id": "DENVER_2020_20242023111448", "x": -104.89801788330078, "y": 39.697578430175781, "robbery": 1 }, "geometry": { "type": "Point", "coordinates": [ -104.898017882999966, 39.697578430000078 ] } },
{ "type": "Feature", "properties": { "OBJECTID": 32619, "id": "DENVER_2020_20242023111450", "x": -104.8424072265625, "y": 39.780540466308594, "robbery": 1 }, "geometry": { "type": "Point", "coordinates": [ -104.842407226999967, 39.780540466000048 ] } },
{ "type": "Feature", "properties": { "OBJECTID": 32620, "id": "DENVER_2020_20242023111618", "x": -104.99092864990234, "y": 39.776821136474609, "robbery": 1 }, "geometry": { "type": "Point", "coordinates": [ -104.990928649999944, 39.776821136000081 ] } },
{ "type": "Feature", "properties": { "OBJECTID": 32621, "id": "DENVER_2020_20242023112510", "x": -104.99207305908203, "y": 39.707611083984375, "robbery": 1 }, "geometry": { "type": "Point", "coordinates": [ -104.992073058999949, 39.707611084000064 ] } },
{ "type": "Feature", "properties": { "OBJECTID": 32622, "id": "DENVER_2020_20242023113215", "x": -104.99716949462891, "y": 39.702308654785156, "robbery": 1 }, "geometry": { "type": "Point", "coordinates": [ -104.99716949499998, 39.702308655000024 ] } },
{ "type": "Feature", "properties": { "OBJECTID": 32623, "id": "DENVER_2020_20242023113614", "x": -104.91520690917969, "y": 39.673030853271484, "robbery": 1 }, "geometry": { "type": "Point", "coordinates": [ -104.915206908999949, 39.673030853000057 ] } },
{ "type": "Feature", "properties": { "OBJECTID": 32624, "id": "DENVER_2020_20242023114500", "x": -104.98738861083984, "y": 39.740848541259766, "robbery": 1 }, "geometry": { "type": "Point", "coordinates": [ -104.987388610999972, 39.740848541000048 ] } },
{ "type": "Feature", "properties": { "OBJECTID": 32625, "id": "DENVER_2020_20242023114504", "x": -104.99131011962891, "y": 39.744319915771484, "robbery": 1 }, "geometry": { "type": "Point", "coordinates": [ -104.99131011999998, 39.744319916000052 ] } },
{ "type": "Feature", "properties": { "OBJECTID": 32626, "id": "DENVER_2020_20242023115160", "x": -105.025146484375, "y": 39.729320526123047, "robbery": 1 }, "geometry": { "type": "Point", "coordinates": [ -105.025146483999947, 39.729320526000038 ] } },
{ "type": "Feature", "properties": { "OBJECTID": 32627, "id": "DENVER_2020_20242023115555", "x": -104.98326873779297, "y": 39.737350463867188, "robbery": 1 }, "geometry": { "type": "Point", "coordinates": [ -104.983268738, 39.737350464000031 ] } },
{ "type": "Feature", "properties": { "OBJECTID": 32628, "id": "DENVER_2020_2024202311567", "x": -104.89894866943359, "y": 39.697231292724609, "robbery": 1 }, "geometry": { "type": "Point", "coordinates": [ -104.898948669, 39.697231293000073 ] } },
{ "type": "Feature", "properties": { "OBJECTID": 32629, "id": "DENVER_2020_2024202311604", "x": -104.95163726806641, "y": 39.720710754394531, "robbery": 1 }, "geometry": { "type": "Point", "coordinates": [ -104.951637267999956, 39.720710754000038 ] } },
{ "type": "Feature", "properties": { "OBJECTID": 32630, "id": "DENVER_2020_20242023116295", "x": -104.94574737548828, "y": 39.704559326171875, "robbery": 1 }, "geometry": { "type": "Point", "coordinates": [ -104.945747374999939, 39.704559326000037 ] } },
{ "type": "Feature", "properties": { "OBJECTID": 32631, "id": "DENVER_2020_20242023116974", "x": -104.98352813720703, "y": 39.73699951171875, "robbery": 1 }, "geometry": { "type": "Point", "coordinates": [ -104.983528136999951, 39.736999512000068 ] } },
{ "type": "Feature", "properties": { "OBJECTID": 32632, "id": "DENVER_2020_20242023117064", "x": -104.74893951416016, "y": 39.776569366455078, "robbery": 1 }, "geometry": { "type": "Point", "coordinates": [ -104.748939513999971, 39.776569366000047 ] } },
{ "type": "Feature", "properties": { "OBJECTID": 32633, "id": "DENVER_2020_20242023118619", "x": -104.97112274169922, "y": 39.739719390869141, "robbery": 1 }, "geometry": { "type": "Point", "coordinates": [ -104.971122741999977, 39.739719391000051 ] } },
{ "type": "Feature", "properties": { "OBJECTID": 32634, "id": "DENVER_2020_20242023119088", "x": -104.98738861083984, "y": 39.740058898925781, "robbery": 1 }, "geometry": { "type": "Point", "coordinates": [ -104.987388610999972, 39.740058899000076 ] } },
{ "type": "Feature", "properties": { "OBJECTID": 32635, "id": "DENVER_2020_20242023119902", "x": -104.96649932861328, "y": 39.692138671875, "robbery": 1 }, "geometry": { "type": "Point", "coordinates": [ -104.966499328999987, 39.692138672000056 ] } },
{ "type": "Feature", "properties": { "OBJECTID": 32636, "id": "DENVER_2020_20242023120142", "x": -105.02613067626953, "y": 39.680381774902344, "robbery": 1 }, "geometry": { "type": "Point", "coordinates": [ -105.02613067599998, 39.680381775000058 ] } },
{ "type": "Feature", "properties": { "OBJECTID": 32637, "id": "DENVER_2020_20242023122037", "x": -104.99903106689453, "y": 39.727249145507812, "robbery": 1 }, "geometry": { "type": "Point", "coordinates": [ -104.999031066999976, 39.727249146000077 ] } },
{ "type": "Feature", "properties": { "OBJECTID": 32638, "id": "DENVER_2020_20242023122094", "x": -104.98737335205078, "y": 39.715118408203125, "robbery": 1 }, "geometry": { "type": "Point", "coordinates": [ -104.987373351999963, 39.71511840800008 ] } },
{ "type": "Feature", "properties": { "OBJECTID": 32639, "id": "DENVER_2020_20242023122389", "x": -104.90025329589844, "y": 39.655399322509766, "robbery": 1 }, "geometry": { "type": "Point", "coordinates": [ -104.90025329599996, 39.65539932300004 ] } },
{ "type": "Feature", "properties": { "OBJECTID": 32640, "id": "DENVER_2020_20242023123099", "x": -105.03008270263672, "y": 39.701938629150391, "robbery": 1 }, "geometry": { "type": "Point", "coordinates": [ -105.030082702999948, 39.70193862900004 ] } },
{ "type": "Feature", "properties": { "OBJECTID": 32641, "id": "DENVER_2020_2024202312324", "x": -104.98642730712891, "y": 39.760009765625, "robbery": 1 }, "geometry": { "type": "Point", "coordinates": [ -104.986427306999985, 39.760009766000053 ] } },
{ "type": "Feature", "properties": { "OBJECTID": 32642, "id": "DENVER_2020_20242023124266", "x": -104.97310638427734, "y": 39.679210662841797, "robbery": 1 }, "geometry": { "type": "Point", "coordinates": [ -104.973106383999948, 39.679210663000049 ] } },
{ "type": "Feature", "properties": { "OBJECTID": 32643, "id": "DENVER_2020_20242023125248", "x": -104.98689270019531, "y": 39.710811614990234, "robbery": 1 }, "geometry": { "type": "Point", "coordinates": [ -104.986892699999942, 39.710811615000068 ] } },
{ "type": "Feature", "properties": { "OBJECTID": 32644, "id": "DENVER_2020_2024202312677", "x": -104.98050689697266, "y": 39.762279510498047, "robbery": 1 }, "geometry": { "type": "Point", "coordinates": [ -104.980506896999941, 39.762279510000042 ] } },
{ "type": "Feature", "properties": { "OBJECTID": 32645, "id": "DENVER_2020_20242023127094", "x": -104.97960662841797, "y": 39.743019104003906, "robbery": 1 }, "geometry": { "type": "Point", "coordinates": [ -104.979606627999942, 39.743019104000041 ] } },
{ "type": "Feature", "properties": { "OBJECTID": 32646, "id": "DENVER_2020_20242023127188", "x": -104.98713684082031, "y": 39.713600158691406, "robbery": 1 }, "geometry": { "type": "Point", "coordinates": [ -104.987136840999938, 39.713600159000066 ] } },
{ "type": "Feature", "properties": { "OBJECTID": 32647, "id": "DENVER_2020_20242023127190", "x": -105.03663635253906, "y": 39.694011688232422, "robbery": 1 }, "geometry": { "type": "Point", "coordinates": [ -105.036636352999949, 39.694011688000046 ] } },
{ "type": "Feature", "properties": { "OBJECTID": 32648, "id": "DENVER_2020_20242023129232", "x": -104.99138641357422, "y": 39.753890991210938, "robbery": 1 }, "geometry": { "type": "Point", "coordinates": [ -104.991386413999976, 39.753890991000048 ] } },
{ "type": "Feature", "properties": { "OBJECTID": 32649, "id": "DENVER_2020_20242023131897", "x": -105.02568054199219, "y": 39.755111694335938, "robbery": 1 }, "geometry": { "type": "Point", "coordinates": [ -105.025680541999975, 39.75511169400005 ] } },
{ "type": "Feature", "properties": { "OBJECTID": 32650, "id": "DENVER_2020_20242023132227", "x": -104.98719787597656, "y": 39.711479187011719, "robbery": 1 }, "geometry": { "type": "Point", "coordinates": [ -104.987197875999982, 39.711479187000066 ] } },
{ "type": "Feature", "properties": { "OBJECTID": 32651, "id": "DENVER_2020_2024202313453", "x": -104.95326232910156, "y": 39.72113037109375, "robbery": 1 }, "geometry": { "type": "Point", "coordinates": [ -104.953262328999983, 39.721130371000072 ] } },
{ "type": "Feature", "properties": { "OBJECTID": 32652, "id": "DENVER_2020_2024202313466", "x": -104.94196319580078, "y": 39.716228485107422, "robbery": 1 }, "geometry": { "type": "Point", "coordinates": [ -104.941963195999961, 39.716228485000045 ] } },
{ "type": "Feature", "properties": { "OBJECTID": 32653, "id": "DENVER_2020_20242023136510", "x": -104.88495635986328, "y": 39.647510528564453, "robbery": 1 }, "geometry": { "type": "Point", "coordinates": [ -104.88495636, 39.647510529000044 ] } },
{ "type": "Feature", "properties": { "OBJECTID": 32654, "id": "DENVER_2020_20242023136767", "x": -104.90511322021484, "y": 39.629600524902344, "robbery": 1 }, "geometry": { "type": "Point", "coordinates": [ -104.905113219999976, 39.629600525000058 ] } },
{ "type": "Feature", "properties": { "OBJECTID": 32655, "id": "DENVER_2020_2024202313758", "x": -104.93917083740234, "y": 39.685508728027344, "robbery": 1 }, "geometry": { "type": "Point", "coordinates": [ -104.939170836999949, 39.685508728000059 ] } },
{ "type": "Feature", "properties": { "OBJECTID": 32656, "id": "DENVER_2020_20242023139029", "x": -104.88503265380859, "y": 39.733058929443359, "robbery": 1 }, "geometry": { "type": "Point", "coordinates": [ -104.885032653999986, 39.733058929000038 ] } },
{ "type": "Feature", "properties": { "OBJECTID": 32657, "id": "DENVER_2020_20242023139592", "x": -104.98799133300781, "y": 39.723628997802734, "robbery": 1 }, "geometry": { "type": "Point", "coordinates": [ -104.987991332999968, 39.723628998000038 ] } },
{ "type": "Feature", "properties": { "OBJECTID": 32658, "id": "DENVER_2020_20242023140664", "x": -104.76413726806641, "y": 39.798480987548828, "robbery": 1 }, "geometry": { "type": "Point", "coordinates": [ -104.764137267999956, 39.798480988000051 ] } },
{ "type": "Feature", "properties": { "OBJECTID": 32659, "id": "DENVER_2020_2024202314087", "x": -104.96440887451172, "y": 39.768470764160156, "robbery": 1 }, "geometry": { "type": "Point", "coordinates": [ -104.964408874999947, 39.768470764000028 ] } },
{ "type": "Feature", "properties": { "OBJECTID": 32660, "id": "DENVER_2020_20242023141551", "x": -105.00766754150391, "y": 39.696491241455078, "robbery": 1 }, "geometry": { "type": "Point", "coordinates": [ -105.007667541999979, 39.696491241000047 ] } },
{ "type": "Feature", "properties": { "OBJECTID": 32661, "id": "DENVER_2020_20242023141585", "x": -104.99310302734375, "y": 39.745410919189453, "robbery": 1 }, "geometry": { "type": "Point", "coordinates": [ -104.993103026999961, 39.745410919000051 ] } },
{ "type": "Feature", "properties": { "OBJECTID": 32662, "id": "DENVER_2020_2024202314259", "x": -104.97297668457031, "y": 39.745010375976562, "robbery": 1 }, "geometry": { "type": "Point", "coordinates": [ -104.972976685, 39.745010376000039 ] } },
{ "type": "Feature", "properties": { "OBJECTID": 32663, "id": "DENVER_2020_20242023142660", "x": -104.89524841308594, "y": 39.740161895751953, "robbery": 1 }, "geometry": { "type": "Point", "coordinates": [ -104.895248413, 39.740161896000075 ] } },
{ "type": "Feature", "properties": { "OBJECTID": 32664, "id": "DENVER_2020_20242023142757", "x": -104.88273620605469, "y": 39.790409088134766, "robbery": 1 }, "geometry": { "type": "Point", "coordinates": [ -104.882736205999947, 39.790409088000047 ] } },
{ "type": "Feature", "properties": { "OBJECTID": 32665, "id": "DENVER_2020_202420231428", "x": -105.0526123046875, "y": 39.732879638671875, "robbery": 1 }, "geometry": { "type": "Point", "coordinates": [ -105.052612304999968, 39.732879639000032 ] } },
{ "type": "Feature", "properties": { "OBJECTID": 32666, "id": "DENVER_2020_20242023142966", "x": -104.99466705322266, "y": 39.752681732177734, "robbery": 1 }, "geometry": { "type": "Point", "coordinates": [ -104.994667052999944, 39.752681732000042 ] } },
{ "type": "Feature", "properties": { "OBJECTID": 32667, "id": "DENVER_2020_20242023143406", "x": -105.00874328613281, "y": 39.693099975585938, "robbery": 1 }, "geometry": { "type": "Point", "coordinates": [ -105.008743285999969, 39.693099976000042 ] } },
{ "type": "Feature", "properties": { "OBJECTID": 32668, "id": "DENVER_2020_20242023143507", "x": -104.99858856201172, "y": 39.750179290771484, "robbery": 1 }, "geometry": { "type": "Point", "coordinates": [ -104.998588561999952, 39.750179291000052 ] } },
{ "type": "Feature", "properties": { "OBJECTID": 32669, "id": "DENVER_2020_20242023143592", "x": -105.04400634765625, "y": 39.712940216064453, "robbery": 1 }, "geometry": { "type": "Point", "coordinates": [ -105.044006347999982, 39.71294021600005 ] } },
{ "type": "Feature", "properties": { "OBJECTID": 32670, "id": "DENVER_2020_2024202314390", "x": -104.93998718261719, "y": 39.69696044921875, "robbery": 1 }, "geometry": { "type": "Point", "coordinates": [ -104.939987182999971, 39.696960449000073 ] } },
{ "type": "Feature", "properties": { "OBJECTID": 32671, "id": "DENVER_2020_2024202314399", "x": -105.05142974853516, "y": 39.697349548339844, "robbery": 1 }, "geometry": { "type": "Point", "coordinates": [ -105.051429748999965, 39.697349548000034 ] } },
{ "type": "Feature", "properties": { "OBJECTID": 32672, "id": "DENVER_2020_20242023144304", "x": -105.02568054199219, "y": 39.755111694335938, "robbery": 1 }, "geometry": { "type": "Point", "coordinates": [ -105.025680541999975, 39.75511169400005 ] } },
{ "type": "Feature", "properties": { "OBJECTID": 32673, "id": "DENVER_2020_20242023144482", "x": -105.05226135253906, "y": 39.740119934082031, "robbery": 1 }, "geometry": { "type": "Point", "coordinates": [ -105.052261352999949, 39.740119934000063 ] } },
{ "type": "Feature", "properties": { "OBJECTID": 32674, "id": "DENVER_2020_20242023145520", "x": -104.77142333984375, "y": 39.804149627685547, "robbery": 1 }, "geometry": { "type": "Point", "coordinates": [ -104.771423339999956, 39.804149628000062 ] } },
{ "type": "Feature", "properties": { "OBJECTID": 32675, "id": "DENVER_2020_20242023145965", "x": -105.00212097167969, "y": 39.750949859619141, "robbery": 1 }, "geometry": { "type": "Point", "coordinates": [ -105.002120971999943, 39.750949860000048 ] } },
{ "type": "Feature", "properties": { "OBJECTID": 32676, "id": "DENVER_2020_20242023145990", "x": -104.90541076660156, "y": 39.698020935058594, "robbery": 1 }, "geometry": { "type": "Point", "coordinates": [ -104.905410766999978, 39.698020935000045 ] } },
{ "type": "Feature", "properties": { "OBJECTID": 32677, "id": "DENVER_2020_2024202314665", "x": -104.89894866943359, "y": 39.697231292724609, "robbery": 1 }, "geometry": { "type": "Point", "coordinates": [ -104.898948669, 39.697231293000073 ] } },
{ "type": "Feature", "properties": { "OBJECTID": 32678, "id": "DENVER_2020_20242023147591", "x": -105.00379943847656, "y": 39.758041381835938, "robbery": 1 }, "geometry": { "type": "Point", "coordinates": [ -105.003799437999987, 39.758041382000044 ] } },
{ "type": "Feature", "properties": { "OBJECTID": 32679, "id": "DENVER_2020_20242023147732", "x": -104.83444213867188, "y": 39.785480499267578, "robbery": 1 }, "geometry": { "type": "Point", "coordinates": [ -104.834442138999975, 39.785480499000073 ] } },
{ "type": "Feature", "properties": { "OBJECTID": 32680, "id": "DENVER_2020_20242023147734", "x": -105.02443695068359, "y": 39.700408935546875, "robbery": 1 }, "geometry": { "type": "Point", "coordinates": [ -105.024436950999984, 39.700408936000031 ] } },
{ "type": "Feature", "properties": { "OBJECTID": 32681, "id": "DENVER_2020_2024202314856", "x": -104.90672302246094, "y": 39.773399353027344, "robbery": 1 }, "geometry": { "type": "Point", "coordinates": [ -104.906723021999937, 39.773399353000059 ] } },
{ "type": "Feature", "properties": { "OBJECTID": 32682, "id": "DENVER_2020_2024202315016", "x": -104.97461700439453, "y": 39.739719390869141, "robbery": 1 }, "geometry": { "type": "Point", "coordinates": [ -104.974617003999981, 39.739719391000051 ] } },
{ "type": "Feature", "properties": { "OBJECTID": 32683, "id": "DENVER_2020_20242023150330", "x": -104.92185974121094, "y": 39.678150177001953, "robbery": 1 }, "geometry": { "type": "Point", "coordinates": [ -104.921859741, 39.678150177000077 ] } },
{ "type": "Feature", "properties": { "OBJECTID": 32684, "id": "DENVER_2020_20242023150689", "x": -104.97801208496094, "y": 39.739810943603516, "robbery": 1 }, "geometry": { "type": "Point", "coordinates": [ -104.978012084999989, 39.739810944000055 ] } },
{ "type": "Feature", "properties": { "OBJECTID": 32685, "id": "DENVER_2020_20242023150934", "x": -104.917236328125, "y": 39.701351165771484, "robbery": 1 }, "geometry": { "type": "Point", "coordinates": [ -104.917236327999944, 39.701351166000052 ] } },
{ "type": "Feature", "properties": { "OBJECTID": 32686, "id": "DENVER_2020_20242023152194", "x": -104.9942626953125, "y": 39.744918823242188, "robbery": 1 }, "geometry": { "type": "Point", "coordinates": [ -104.994262694999975, 39.744918823000035 ] } },
{ "type": "Feature", "properties": { "OBJECTID": 32687, "id": "DENVER_2020_20242023152338", "x": -104.89505767822266, "y": 39.637660980224609, "robbery": 1 }, "geometry": { "type": "Point", "coordinates": [ -104.895057677999944, 39.637660980000078 ] } },
{ "type": "Feature", "properties": { "OBJECTID": 32688, "id": "DENVER_2020_2024202315272", "x": -104.86467742919922, "y": 39.759239196777344, "robbery": 1 }, "geometry": { "type": "Point", "coordinates": [ -104.864677428999983, 39.759239197000056 ] } },
{ "type": "Feature", "properties": { "OBJECTID": 32689, "id": "DENVER_2020_20242023152861", "x": -104.91500854492188, "y": 39.666908264160156, "robbery": 1 }, "geometry": { "type": "Point", "coordinates": [ -104.915008544999978, 39.666908264000028 ] } },
{ "type": "Feature", "properties": { "OBJECTID": 32690, "id": "DENVER_2020_20242023153086", "x": -104.89157104492188, "y": 39.782230377197266, "robbery": 1 }, "geometry": { "type": "Point", "coordinates": [ -104.891571044999978, 39.782230377000076 ] } },
{ "type": "Feature", "properties": { "OBJECTID": 32691, "id": "DENVER_2020_20242023153832", "x": -104.97511291503906, "y": 39.739860534667969, "robbery": 1 }, "geometry": { "type": "Point", "coordinates": [ -104.975112914999954, 39.739860535000048 ] } },
{ "type": "Feature", "properties": { "OBJECTID": 32692, "id": "DENVER_2020_20242023155005", "x": -104.95269012451172, "y": 39.717529296875, "robbery": 1 }, "geometry": { "type": "Point", "coordinates": [ -104.952690124999947, 39.717529297000056 ] } },
{ "type": "Feature", "properties": { "OBJECTID": 32693, "id": "DENVER_2020_2024202315504", "x": -105.02532196044922, "y": 39.68743896484375, "robbery": 1 }, "geometry": { "type": "Point", "coordinates": [ -105.025321959999985, 39.687438965000069 ] } },
{ "type": "Feature", "properties": { "OBJECTID": 32694, "id": "DENVER_2020_20242023155970", "x": -104.88114929199219, "y": 39.765830993652344, "robbery": 1 }, "geometry": { "type": "Point", "coordinates": [ -104.881149291999975, 39.765830994000055 ] } },
{ "type": "Feature", "properties": { "OBJECTID": 32695, "id": "DENVER_2020_20242023156001", "x": -105.04514312744141, "y": 39.700729370117188, "robbery": 1 }, "geometry": { "type": "Point", "coordinates": [ -105.04514312699996, 39.700729370000033 ] } },
{ "type": "Feature", "properties": { "OBJECTID": 32696, "id": "DENVER_2020_20242023156782", "x": -104.93766021728516, "y": 39.666019439697266, "robbery": 1 }, "geometry": { "type": "Point", "coordinates": [ -104.937660216999973, 39.666019440000071 ] } },
{ "type": "Feature", "properties": { "OBJECTID": 32697, "id": "DENVER_2020_20242023156870", "x": -105.03961944580078, "y": 39.740200042724609, "robbery": 1 }, "geometry": { "type": "Point", "coordinates": [ -105.039619445999961, 39.740200043000073 ] } },
{ "type": "Feature", "properties": { "OBJECTID": 32698, "id": "DENVER_2020_20242023157503", "x": -105.04389190673828, "y": 39.770061492919922, "robbery": 1 }, "geometry": { "type": "Point", "coordinates": [ -105.043891906999988, 39.770061493000071 ] } },
{ "type": "Feature", "properties": { "OBJECTID": 32699, "id": "DENVER_2020_20242023157506", "x": -104.98779296875, "y": 39.73468017578125, "robbery": 1 }, "geometry": { "type": "Point", "coordinates": [ -104.987792968999941, 39.73468017600004 ] } },
{ "type": "Feature", "properties": { "OBJECTID": 32700, "id": "DENVER_2020_20242023157564", "x": -104.98844146728516, "y": 39.729888916015625, "robbery": 1 }, "geometry": { "type": "Point", "coordinates": [ -104.988441466999973, 39.72988891600005 ] } },
{ "type": "Feature", "properties": { "OBJECTID": 32701, "id": "DENVER_2020_20242023158939", "x": -104.89299774169922, "y": 39.628501892089844, "robbery": 1 }, "geometry": { "type": "Point", "coordinates": [ -104.892997741999977, 39.628501892000031 ] } },
{ "type": "Feature", "properties": { "OBJECTID": 32702, "id": "DENVER_2020_20242023160364", "x": -104.82647705078125, "y": 39.793350219726562, "robbery": 1 }, "geometry": { "type": "Point", "coordinates": [ -104.826477050999983, 39.793350220000036 ] } },
{ "type": "Feature", "properties": { "OBJECTID": 32703, "id": "DENVER_2020_2024202316073", "x": -104.97480010986328, "y": 39.766998291015625, "robbery": 1 }, "geometry": { "type": "Point", "coordinates": [ -104.97480011, 39.76699829100005 ] } },
{ "type": "Feature", "properties": { "OBJECTID": 32704, "id": "DENVER_2020_20242023161046", "x": -104.77091979980469, "y": 39.814689636230469, "robbery": 1 }, "geometry": { "type": "Point", "coordinates": [ -104.770919799999945, 39.814689636000026 ] } },
{ "type": "Feature", "properties": { "OBJECTID": 32705, "id": "DENVER_2020_2024202316141", "x": -104.88527679443359, "y": 39.653450012207031, "robbery": 1 }, "geometry": { "type": "Point", "coordinates": [ -104.885276794, 39.653450012000064 ] } },
{ "type": "Feature", "properties": { "OBJECTID": 32706, "id": "DENVER_2020_20242023162234", "x": -104.8917236328125, "y": 39.770191192626953, "robbery": 1 }, "geometry": { "type": "Point", "coordinates": [ -104.89172363299997, 39.770191193000073 ] } },
{ "type": "Feature", "properties": { "OBJECTID": 32707, "id": "DENVER_2020_20242023162301", "x": -104.87171173095703, "y": 39.669471740722656, "robbery": 1 }, "geometry": { "type": "Point", "coordinates": [ -104.871711730999948, 39.669471741000052 ] } },
{ "type": "Feature", "properties": { "OBJECTID": 32708, "id": "DENVER_2020_20242023162584", "x": -104.99352264404297, "y": 39.733860015869141, "robbery": 1 }, "geometry": { "type": "Point", "coordinates": [ -104.993522643999938, 39.733860016000051 ] } },
{ "type": "Feature", "properties": { "OBJECTID": 32709, "id": "DENVER_2020_20242023164540", "x": -104.94035339355469, "y": 39.678871154785156, "robbery": 1 }, "geometry": { "type": "Point", "coordinates": [ -104.940353393999942, 39.678871155000024 ] } },
{ "type": "Feature", "properties": { "OBJECTID": 32710, "id": "DENVER_2020_20242023164669", "x": -104.95571136474609, "y": 39.717529296875, "robbery": 1 }, "geometry": { "type": "Point", "coordinates": [ -104.955711364999956, 39.717529297000056 ] } },
{ "type": "Feature", "properties": { "OBJECTID": 32711, "id": "DENVER_2020_20242023164774", "x": -105.05359649658203, "y": 39.656490325927734, "robbery": 1 }, "geometry": { "type": "Point", "coordinates": [ -105.053596496999944, 39.656490326000039 ] } },
{ "type": "Feature", "properties": { "OBJECTID": 32712, "id": "DENVER_2020_20242023165087", "x": -104.98590850830078, "y": 39.730308532714844, "robbery": 1 }, "geometry": { "type": "Point", "coordinates": [ -104.985908507999966, 39.730308533000027 ] } },
{ "type": "Feature", "properties": { "OBJECTID": 32713, "id": "DENVER_2020_2024202316552", "x": -104.88446044921875, "y": 39.65338134765625, "robbery": 1 }, "geometry": { "type": "Point", "coordinates": [ -104.88446044899996, 39.653381348000039 ] } },
{ "type": "Feature", "properties": { "OBJECTID": 32714, "id": "DENVER_2020_20242023165538", "x": -104.99371337890625, "y": 39.750461578369141, "robbery": 1 }, "geometry": { "type": "Point", "coordinates": [ -104.993713378999985, 39.750461578000056 ] } },
{ "type": "Feature", "properties": { "OBJECTID": 32715, "id": "DENVER_2020_20242023167232", "x": -104.80903625488281, "y": 39.775508880615234, "robbery": 1 }, "geometry": { "type": "Point", "coordinates": [ -104.809036254999967, 39.775508881000064 ] } },
{ "type": "Feature", "properties": { "OBJECTID": 32716, "id": "DENVER_2020_20242023167306", "x": -104.88503265380859, "y": 39.733058929443359, "robbery": 1 }, "geometry": { "type": "Point", "coordinates": [ -104.885032653999986, 39.733058929000038 ] } },
{ "type": "Feature", "properties": { "OBJECTID": 32717, "id": "DENVER_2020_20242023167478", "x": -104.917236328125, "y": 39.702610015869141, "robbery": 1 }, "geometry": { "type": "Point", "coordinates": [ -104.917236327999944, 39.702610016000051 ] } },
{ "type": "Feature", "properties": { "OBJECTID": 32718, "id": "DENVER_2020_20242023167694", "x": -104.9833984375, "y": 39.739898681640625, "robbery": 1 }, "geometry": { "type": "Point", "coordinates": [ -104.983398437999938, 39.739898682000046 ] } },
{ "type": "Feature", "properties": { "OBJECTID": 32719, "id": "DENVER_2020_20242023168368", "x": -104.938232421875, "y": 39.694419860839844, "robbery": 1 }, "geometry": { "type": "Point", "coordinates": [ -104.938232421999942, 39.694419861000029 ] } },
{ "type": "Feature", "properties": { "OBJECTID": 32720, "id": "DENVER_2020_20242023168986", "x": -104.92227935791016, "y": 39.713100433349609, "robbery": 1 }, "geometry": { "type": "Point", "coordinates": [ -104.922279357999969, 39.713100433000079 ] } },
{ "type": "Feature", "properties": { "OBJECTID": 32721, "id": "DENVER_2020_20242023169", "x": -105.00662994384766, "y": 39.771629333496094, "robbery": 1 }, "geometry": { "type": "Point", "coordinates": [ -105.00662994399994, 39.771629333000078 ] } },
{ "type": "Feature", "properties": { "OBJECTID": 32722, "id": "DENVER_2020_20242023169126", "x": -104.84845733642578, "y": 39.771800994873047, "robbery": 1 }, "geometry": { "type": "Point", "coordinates": [ -104.848457335999967, 39.771800995000035 ] } },
{ "type": "Feature", "properties": { "OBJECTID": 32723, "id": "DENVER_2020_20242023169629", "x": -104.97888946533203, "y": 39.740150451660156, "robbery": 1 }, "geometry": { "type": "Point", "coordinates": [ -104.978889464999952, 39.74015045200008 ] } },
{ "type": "Feature", "properties": { "OBJECTID": 32724, "id": "DENVER_2020_20242023170790", "x": -104.99326324462891, "y": 39.753948211669922, "robbery": 1 }, "geometry": { "type": "Point", "coordinates": [ -104.99326324499998, 39.753948212000068 ] } },
{ "type": "Feature", "properties": { "OBJECTID": 32725, "id": "DENVER_2020_2024202317224", "x": -104.99832153320312, "y": 39.749881744384766, "robbery": 1 }, "geometry": { "type": "Point", "coordinates": [ -104.998321532999967, 39.749881744000049 ] } },
{ "type": "Feature", "properties": { "OBJECTID": 32726, "id": "DENVER_2020_20242023172456", "x": -105.00801086425781, "y": 39.7801513671875, "robbery": 1 }, "geometry": { "type": "Point", "coordinates": [ -105.008010863999971, 39.78015136700003 ] } },
{ "type": "Feature", "properties": { "OBJECTID": 32727, "id": "DENVER_2020_20242023173450", "x": -104.90467071533203, "y": 39.782089233398438, "robbery": 1 }, "geometry": { "type": "Point", "coordinates": [ -104.904670714999952, 39.782089233000079 ] } },
{ "type": "Feature", "properties": { "OBJECTID": 32728, "id": "DENVER_2020_20242023173725", "x": -104.96312713623047, "y": 39.739429473876953, "robbery": 1 }, "geometry": { "type": "Point", "coordinates": [ -104.963127135999969, 39.739429474000076 ] } },
{ "type": "Feature", "properties": { "OBJECTID": 32729, "id": "DENVER_2020_20242023174166", "x": -104.9368896484375, "y": 39.731040954589844, "robbery": 1 }, "geometry": { "type": "Point", "coordinates": [ -104.936889647999976, 39.731040955000026 ] } },
{ "type": "Feature", "properties": { "OBJECTID": 32730, "id": "DENVER_2020_20242023175287", "x": -104.90052795410156, "y": 39.767589569091797, "robbery": 1 }, "geometry": { "type": "Point", "coordinates": [ -104.900527953999983, 39.767589569000052 ] } },
{ "type": "Feature", "properties": { "OBJECTID": 32731, "id": "DENVER_2020_20242023177037", "x": -104.96492767333984, "y": 39.740638732910156, "robbery": 1 }, "geometry": { "type": "Point", "coordinates": [ -104.964927672999977, 39.740638733000026 ] } },
{ "type": "Feature", "properties": { "OBJECTID": 32732, "id": "DENVER_2020_20242023179578", "x": -104.99762725830078, "y": 39.736801147460938, "robbery": 1 }, "geometry": { "type": "Point", "coordinates": [ -104.997627257999966, 39.736801147000051 ] } },
{ "type": "Feature", "properties": { "OBJECTID": 32733, "id": "DENVER_2020_20242023181528", "x": -104.98589324951172, "y": 39.764068603515625, "robbery": 1 }, "geometry": { "type": "Point", "coordinates": [ -104.985893249999947, 39.764068604000045 ] } },
{ "type": "Feature", "properties": { "OBJECTID": 32734, "id": "DENVER_2020_20242023181556", "x": -105.03341674804688, "y": 39.738479614257812, "robbery": 1 }, "geometry": { "type": "Point", "coordinates": [ -105.033416747999979, 39.738479614000028 ] } },
{ "type": "Feature", "properties": { "OBJECTID": 32735, "id": "DENVER_2020_20242023181923", "x": -104.99273681640625, "y": 39.7127685546875, "robbery": 1 }, "geometry": { "type": "Point", "coordinates": [ -104.992736816, 39.712768555000025 ] } },
{ "type": "Feature", "properties": { "OBJECTID": 32736, "id": "DENVER_2020_20242023182021", "x": -104.92870330810547, "y": 39.676361083984375, "robbery": 1 }, "geometry": { "type": "Point", "coordinates": [ -104.928703307999967, 39.676361084000064 ] } },
{ "type": "Feature", "properties": { "OBJECTID": 32737, "id": "DENVER_2020_2024202318226", "x": -105.00218200683594, "y": 39.769710540771484, "robbery": 1 }, "geometry": { "type": "Point", "coordinates": [ -105.002182006999988, 39.769710541000052 ] } },
{ "type": "Feature", "properties": { "OBJECTID": 32738, "id": "DENVER_2020_20242023182448", "x": -105.05217742919922, "y": 39.654830932617188, "robbery": 1 }, "geometry": { "type": "Point", "coordinates": [ -105.052177428999983, 39.654830933000028 ] } },
{ "type": "Feature", "properties": { "OBJECTID": 32739, "id": "DENVER_2020_20242023183854", "x": -105.02401733398438, "y": 39.737640380859375, "robbery": 1 }, "geometry": { "type": "Point", "coordinates": [ -105.02401733399995, 39.737640381000062 ] } },
{ "type": "Feature", "properties": { "OBJECTID": 32740, "id": "DENVER_2020_20242023183894", "x": -105.02539825439453, "y": 39.707290649414062, "robbery": 1 }, "geometry": { "type": "Point", "coordinates": [ -105.025398253999981, 39.707290649000072 ] } },
{ "type": "Feature", "properties": { "OBJECTID": 32741, "id": "DENVER_2020_202420231852", "x": -104.9410400390625, "y": 39.696079254150391, "robbery": 1 }, "geometry": { "type": "Point", "coordinates": [ -104.941040038999972, 39.69607925400004 ] } },
{ "type": "Feature", "properties": { "OBJECTID": 32742, "id": "DENVER_2020_20242023186426", "x": -105.01553344726562, "y": 39.776039123535156, "robbery": 1 }, "geometry": { "type": "Point", "coordinates": [ -105.015533446999939, 39.776039124000079 ] } },
{ "type": "Feature", "properties": { "OBJECTID": 32743, "id": "DENVER_2020_20242023187284", "x": -104.94838714599609, "y": 39.791900634765625, "robbery": 1 }, "geometry": { "type": "Point", "coordinates": [ -104.948387145999959, 39.791900635000047 ] } },
{ "type": "Feature", "properties": { "OBJECTID": 32744, "id": "DENVER_2020_20242023187893", "x": -104.77271270751953, "y": 39.781970977783203, "robbery": 1 }, "geometry": { "type": "Point", "coordinates": [ -104.772712707999972, 39.781970978000061 ] } },
{ "type": "Feature", "properties": { "OBJECTID": 32745, "id": "DENVER_2020_20242023189231", "x": -105.00392913818359, "y": 39.773639678955078, "robbery": 1 }, "geometry": { "type": "Point", "coordinates": [ -105.003929138, 39.773639679000041 ] } },
{ "type": "Feature", "properties": { "OBJECTID": 32746, "id": "DENVER_2020_20242023189731", "x": -105.0255126953125, "y": 39.700969696044922, "robbery": 1 }, "geometry": { "type": "Point", "coordinates": [ -105.025512694999975, 39.700969696000072 ] } },
{ "type": "Feature", "properties": { "OBJECTID": 32747, "id": "DENVER_2020_20242023189770", "x": -104.97585296630859, "y": 39.746341705322266, "robbery": 1 }, "geometry": { "type": "Point", "coordinates": [ -104.975852966, 39.746341705000077 ] } },
{ "type": "Feature", "properties": { "OBJECTID": 32748, "id": "DENVER_2020_20242023189826", "x": -104.98715209960938, "y": 39.734531402587891, "robbery": 1 }, "geometry": { "type": "Point", "coordinates": [ -104.987152099999946, 39.734531403000062 ] } },
{ "type": "Feature", "properties": { "OBJECTID": 32749, "id": "DENVER_2020_20242023189955", "x": -105.03946685791016, "y": 39.734760284423828, "robbery": 1 }, "geometry": { "type": "Point", "coordinates": [ -105.039466857999969, 39.73476028400006 ] } },
{ "type": "Feature", "properties": { "OBJECTID": 32750, "id": "DENVER_2020_20242023191878", "x": -104.87785339355469, "y": 39.699489593505859, "robbery": 1 }, "geometry": { "type": "Point", "coordinates": [ -104.877853393999942, 39.699489594000056 ] } },
{ "type": "Feature", "properties": { "OBJECTID": 32751, "id": "DENVER_2020_20242023192178", "x": -105.02240753173828, "y": 39.775630950927734, "robbery": 1 }, "geometry": { "type": "Point", "coordinates": [ -105.022407531999988, 39.775630951000039 ] } },
{ "type": "Feature", "properties": { "OBJECTID": 32752, "id": "DENVER_2020_20242023192578", "x": -105.00218200683594, "y": 39.769710540771484, "robbery": 1 }, "geometry": { "type": "Point", "coordinates": [ -105.002182006999988, 39.769710541000052 ] } },
{ "type": "Feature", "properties": { "OBJECTID": 32753, "id": "DENVER_2020_20242023192703", "x": -104.949462890625, "y": 39.777530670166016, "robbery": 1 }, "geometry": { "type": "Point", "coordinates": [ -104.949462890999939, 39.777530670000033 ] } },
{ "type": "Feature", "properties": { "OBJECTID": 32754, "id": "DENVER_2020_20242023193892", "x": -104.80782318115234, "y": 39.785770416259766, "robbery": 1 }, "geometry": { "type": "Point", "coordinates": [ -104.807823180999947, 39.785770416000048 ] } },
{ "type": "Feature", "properties": { "OBJECTID": 32755, "id": "DENVER_2020_2024202319474", "x": -105.02474975585938, "y": 39.723148345947266, "robbery": 1 }, "geometry": { "type": "Point", "coordinates": [ -105.024749755999949, 39.723148346000073 ] } },
{ "type": "Feature", "properties": { "OBJECTID": 32756, "id": "DENVER_2020_20242023195036", "x": -105.02481842041016, "y": 39.665111541748047, "robbery": 1 }, "geometry": { "type": "Point", "coordinates": [ -105.024818419999974, 39.665111542000034 ] } },
{ "type": "Feature", "properties": { "OBJECTID": 32757, "id": "DENVER_2020_20242023195119", "x": -104.93946075439453, "y": 39.685691833496094, "robbery": 1 }, "geometry": { "type": "Point", "coordinates": [ -104.939460753999981, 39.685691833000078 ] } },
{ "type": "Feature", "properties": { "OBJECTID": 32758, "id": "DENVER_2020_20242023195390", "x": -104.98631286621094, "y": 39.790729522705078, "robbery": 1 }, "geometry": { "type": "Point", "coordinates": [ -104.986312866, 39.790729523000039 ] } },
{ "type": "Feature", "properties": { "OBJECTID": 32759, "id": "DENVER_2020_20242023195862", "x": -105.01117706298828, "y": 39.762039184570312, "robbery": 1 }, "geometry": { "type": "Point", "coordinates": [ -105.011177063, 39.762039185000049 ] } },
{ "type": "Feature", "properties": { "OBJECTID": 32760, "id": "DENVER_2020_20242023195933", "x": -105.00077056884766, "y": 39.769069671630859, "robbery": 1 }, "geometry": { "type": "Point", "coordinates": [ -105.00077056899994, 39.769069672000057 ] } },
{ "type": "Feature", "properties": { "OBJECTID": 32761, "id": "DENVER_2020_20242023196626", "x": -104.98352813720703, "y": 39.73699951171875, "robbery": 1 }, "geometry": { "type": "Point", "coordinates": [ -104.983528136999951, 39.736999512000068 ] } },
{ "type": "Feature", "properties": { "OBJECTID": 32762, "id": "DENVER_2020_20242023196924", "x": -104.90025329589844, "y": 39.655399322509766, "robbery": 1 }, "geometry": { "type": "Point", "coordinates": [ -104.90025329599996, 39.65539932300004 ] } },
{ "type": "Feature", "properties": { "OBJECTID": 32763, "id": "DENVER_2020_20242023196968", "x": -105.05580139160156, "y": 39.675430297851562, "robbery": 1 }, "geometry": { "type": "Point", "coordinates": [ -105.055801391999978, 39.675430298000038 ] } },
{ "type": "Feature", "properties": { "OBJECTID": 32764, "id": "DENVER_2020_20242023197697", "x": -104.89372253417969, "y": 39.743640899658203, "robbery": 1 }, "geometry": { "type": "Point", "coordinates": [ -104.893722533999949, 39.743640900000059 ] } },
{ "type": "Feature", "properties": { "OBJECTID": 32765, "id": "DENVER_2020_20242023198414", "x": -104.91314697265625, "y": 39.649520874023438, "robbery": 1 }, "geometry": { "type": "Point", "coordinates": [ -104.913146972999982, 39.649520874000075 ] } },
{ "type": "Feature", "properties": { "OBJECTID": 32766, "id": "DENVER_2020_20242023200081", "x": -104.9775390625, "y": 39.748088836669922, "robbery": 1 }, "geometry": { "type": "Point", "coordinates": [ -104.977539062999938, 39.748088837000068 ] } },
{ "type": "Feature", "properties": { "OBJECTID": 32767, "id": "DENVER_2020_20242023201194", "x": -104.99983215332031, "y": 39.769451141357422, "robbery": 1 }, "geometry": { "type": "Point", "coordinates": [ -104.999832152999943, 39.769451141000047 ] } },
{ "type": "Feature", "properties": { "OBJECTID": 32768, "id": "DENVER_2020_20242023201208", "x": -104.90614318847656, "y": 39.700950622558594, "robbery": 1 }, "geometry": { "type": "Point", "coordinates": [ -104.906143187999987, 39.70095062300004 ] } },
{ "type": "Feature", "properties": { "OBJECTID": 32769, "id": "DENVER_2020_20242023201252", "x": -104.77220916748047, "y": 39.817340850830078, "robbery": 1 }, "geometry": { "type": "Point", "coordinates": [ -104.772209166999971, 39.81734085100004 ] } },
{ "type": "Feature", "properties": { "OBJECTID": 32770, "id": "DENVER_2020_20242023201262", "x": -104.83702087402344, "y": 39.776748657226562, "robbery": 1 }, "geometry": { "type": "Point", "coordinates": [ -104.837020873999961, 39.776748657000041 ] } },
{ "type": "Feature", "properties": { "OBJECTID": 32771, "id": "DENVER_2020_20242023201300", "x": -104.98668670654297, "y": 39.752128601074219, "robbery": 1 }, "geometry": { "type": "Point", "coordinates": [ -104.986686707, 39.752128601000038 ] } },
{ "type": "Feature", "properties": { "OBJECTID": 32772, "id": "DENVER_2020_20242023201332", "x": -104.98100280761719, "y": 39.744068145751953, "robbery": 1 }, "geometry": { "type": "Point", "coordinates": [ -104.981002807999971, 39.744068146000075 ] } },
{ "type": "Feature", "properties": { "OBJECTID": 32773, "id": "DENVER_2020_20242023201470", "x": -104.9752197265625, "y": 39.738979339599609, "robbery": 1 }, "geometry": { "type": "Point", "coordinates": [ -104.975219726999967, 39.738979340000071 ] } },
{ "type": "Feature", "properties": { "OBJECTID": 32774, "id": "DENVER_2020_20242023201661", "x": -105.02545166015625, "y": 39.668220520019531, "robbery": 1 }, "geometry": { "type": "Point", "coordinates": [ -105.025451659999987, 39.668220520000034 ] } },
{ "type": "Feature", "properties": { "OBJECTID": 32775, "id": "DENVER_2020_20242023203023", "x": -104.98930358886719, "y": 39.754138946533203, "robbery": 1 }, "geometry": { "type": "Point", "coordinates": [ -104.989303588999974, 39.754138947000058 ] } },
{ "type": "Feature", "properties": { "OBJECTID": 32776, "id": "DENVER_2020_20242023203032", "x": -104.88307952880859, "y": 39.785259246826172, "robbery": 1 }, "geometry": { "type": "Point", "coordinates": [ -104.883079528999986, 39.785259247000056 ] } },
{ "type": "Feature", "properties": { "OBJECTID": 32777, "id": "DENVER_2020_20242023203092", "x": -104.89794921875, "y": 39.769691467285156, "robbery": 1 }, "geometry": { "type": "Point", "coordinates": [ -104.897949218999941, 39.76969146700003 ] } },
{ "type": "Feature", "properties": { "OBJECTID": 32778, "id": "DENVER_2020_20242023203356", "x": -104.77220916748047, "y": 39.817340850830078, "robbery": 1 }, "geometry": { "type": "Point", "coordinates": [ -104.772209166999971, 39.81734085100004 ] } },
{ "type": "Feature", "properties": { "OBJECTID": 32779, "id": "DENVER_2020_20242023203507", "x": -104.87109375, "y": 39.709560394287109, "robbery": 1 }, "geometry": { "type": "Point", "coordinates": [ -104.871093749999943, 39.70956039400005 ] } },
{ "type": "Feature", "properties": { "OBJECTID": 32780, "id": "DENVER_2020_20242023203712", "x": -104.84622955322266, "y": 39.778579711914062, "robbery": 1 }, "geometry": { "type": "Point", "coordinates": [ -104.846229552999944, 39.778579712000067 ] } },
{ "type": "Feature", "properties": { "OBJECTID": 32781, "id": "DENVER_2020_20242023204658", "x": -104.98792266845703, "y": 39.671218872070312, "robbery": 1 }, "geometry": { "type": "Point", "coordinates": [ -104.987922667999953, 39.671218872000054 ] } },
{ "type": "Feature", "properties": { "OBJECTID": 32782, "id": "DENVER_2020_20242023204948", "x": -104.99015045166016, "y": 39.739269256591797, "robbery": 1 }, "geometry": { "type": "Point", "coordinates": [ -104.990150451999966, 39.739269257000046 ] } },
{ "type": "Feature", "properties": { "OBJECTID": 32783, "id": "DENVER_2020_20242023205957", "x": -104.94093322753906, "y": 39.766609191894531, "robbery": 1 }, "geometry": { "type": "Point", "coordinates": [ -104.940933227999949, 39.766609192000033 ] } },
{ "type": "Feature", "properties": { "OBJECTID": 32784, "id": "DENVER_2020_20242023207180", "x": -104.76824188232422, "y": 39.785060882568359, "robbery": 1 }, "geometry": { "type": "Point", "coordinates": [ -104.768241881999984, 39.785060883000028 ] } },
{ "type": "Feature", "properties": { "OBJECTID": 32785, "id": "DENVER_2020_20242023207392", "x": -104.96312713623047, "y": 39.739429473876953, "robbery": 1 }, "geometry": { "type": "Point", "coordinates": [ -104.963127135999969, 39.739429474000076 ] } },
{ "type": "Feature", "properties": { "OBJECTID": 32786, "id": "DENVER_2020_20242023207614", "x": -105.00678253173828, "y": 39.678810119628906, "robbery": 1 }, "geometry": { "type": "Point", "coordinates": [ -105.006782531999988, 39.678810120000037 ] } },
{ "type": "Feature", "properties": { "OBJECTID": 32787, "id": "DENVER_2020_20242023208251", "x": -105.08409881591797, "y": 39.629310607910156, "robbery": 1 }, "geometry": { "type": "Point", "coordinates": [ -105.084098815999937, 39.629310608000026 ] } },
{ "type": "Feature", "properties": { "OBJECTID": 32788, "id": "DENVER_2020_20242023208747", "x": -104.99221038818359, "y": 39.745189666748047, "robbery": 1 }, "geometry": { "type": "Point", "coordinates": [ -104.992210388, 39.745189667000034 ] } },
{ "type": "Feature", "properties": { "OBJECTID": 32789, "id": "DENVER_2020_20242023208924", "x": -105.05359649658203, "y": 39.656490325927734, "robbery": 1 }, "geometry": { "type": "Point", "coordinates": [ -105.053596496999944, 39.656490326000039 ] } },
{ "type": "Feature", "properties": { "OBJECTID": 32790, "id": "DENVER_2020_20242023209416", "x": -104.92938232421875, "y": 39.652729034423828, "robbery": 1 }, "geometry": { "type": "Point", "coordinates": [ -104.92938232399996, 39.65272903400006 ] } },
{ "type": "Feature", "properties": { "OBJECTID": 32791, "id": "DENVER_2020_20242023209486", "x": -104.88503265380859, "y": 39.733058929443359, "robbery": 1 }, "geometry": { "type": "Point", "coordinates": [ -104.885032653999986, 39.733058929000038 ] } },
{ "type": "Feature", "properties": { "OBJECTID": 32792, "id": "DENVER_2020_20242023209708", "x": -105.02552795410156, "y": 39.700168609619141, "robbery": 1 }, "geometry": { "type": "Point", "coordinates": [ -105.025527953999983, 39.700168610000048 ] } },
{ "type": "Feature", "properties": { "OBJECTID": 32793, "id": "DENVER_2020_20242023211066", "x": -104.88755035400391, "y": 39.740459442138672, "robbery": 1 }, "geometry": { "type": "Point", "coordinates": [ -104.887550353999984, 39.740459442000031 ] } },
{ "type": "Feature", "properties": { "OBJECTID": 32794, "id": "DENVER_2020_2024202321172", "x": -104.98877716064453, "y": 39.742809295654297, "robbery": 1 }, "geometry": { "type": "Point", "coordinates": [ -104.988777160999973, 39.742809296000075 ] } },
{ "type": "Feature", "properties": { "OBJECTID": 32795, "id": "DENVER_2020_20242023211980", "x": -104.99201202392578, "y": 39.755058288574219, "robbery": 1 }, "geometry": { "type": "Point", "coordinates": [ -104.992012023999962, 39.755058289000033 ] } },
{ "type": "Feature", "properties": { "OBJECTID": 32796, "id": "DENVER_2020_20242023212930", "x": -105.00283050537109, "y": 39.733688354492188, "robbery": 1 }, "geometry": { "type": "Point", "coordinates": [ -105.002830504999963, 39.733688354000037 ] } },
{ "type": "Feature", "properties": { "OBJECTID": 32797, "id": "DENVER_2020_20242023215025", "x": -104.92185974121094, "y": 39.678150177001953, "robbery": 1 }, "geometry": { "type": "Point", "coordinates": [ -104.921859741, 39.678150177000077 ] } },
{ "type": "Feature", "properties": { "OBJECTID": 32798, "id": "DENVER_2020_20242023217110", "x": -104.922607421875, "y": 39.678230285644531, "robbery": 1 }, "geometry": { "type": "Point", "coordinates": [ -104.922607421999942, 39.67823028600003 ] } },
{ "type": "Feature", "properties": { "OBJECTID": 32799, "id": "DENVER_2020_20242023217121", "x": -104.88503265380859, "y": 39.733058929443359, "robbery": 1 }, "geometry": { "type": "Point", "coordinates": [ -104.885032653999986, 39.733058929000038 ] } },
{ "type": "Feature", "properties": { "OBJECTID": 32800, "id": "DENVER_2020_20242023217757", "x": -104.96634674072266, "y": 39.737239837646484, "robbery": 1 }, "geometry": { "type": "Point", "coordinates": [ -104.966346740999938, 39.73723983800005 ] } },
{ "type": "Feature", "properties": { "OBJECTID": 32801, "id": "DENVER_2020_20242023218210", "x": -104.98766326904297, "y": 39.747550964355469, "robbery": 1 }, "geometry": { "type": "Point", "coordinates": [ -104.987663268999938, 39.747550964000027 ] } },
{ "type": "Feature", "properties": { "OBJECTID": 32802, "id": "DENVER_2020_20242023218230", "x": -104.77015686035156, "y": 39.785049438476562, "robbery": 1 }, "geometry": { "type": "Point", "coordinates": [ -104.770156859999986, 39.785049438000044 ] } },
{ "type": "Feature", "properties": { "OBJECTID": 32803, "id": "DENVER_2020_20242023219016", "x": -104.99391937255859, "y": 39.746139526367188, "robbery": 1 }, "geometry": { "type": "Point", "coordinates": [ -104.993919372999983, 39.746139526000036 ] } },
{ "type": "Feature", "properties": { "OBJECTID": 32804, "id": "DENVER_2020_20242023219073", "x": -104.98130035400391, "y": 39.776531219482422, "robbery": 1 }, "geometry": { "type": "Point", "coordinates": [ -104.981300353999984, 39.776531219000049 ] } },
{ "type": "Feature", "properties": { "OBJECTID": 32805, "id": "DENVER_2020_20242023220076", "x": -105.00018310546875, "y": 39.720920562744141, "robbery": 1 }, "geometry": { "type": "Point", "coordinates": [ -105.000183104999962, 39.72092056300005 ] } },
{ "type": "Feature", "properties": { "OBJECTID": 32806, "id": "DENVER_2020_20242023220139", "x": -104.90025329589844, "y": 39.655399322509766, "robbery": 1 }, "geometry": { "type": "Point", "coordinates": [ -104.90025329599996, 39.65539932300004 ] } },
{ "type": "Feature", "properties": { "OBJECTID": 32807, "id": "DENVER_2020_20242023221268", "x": -105.03276824951172, "y": 39.740619659423828, "robbery": 1 }, "geometry": { "type": "Point", "coordinates": [ -105.032768249999947, 39.74061965900006 ] } },
{ "type": "Feature", "properties": { "OBJECTID": 32808, "id": "DENVER_2020_2024202322170", "x": -104.94096374511719, "y": 39.765289306640625, "robbery": 1 }, "geometry": { "type": "Point", "coordinates": [ -104.940963744999976, 39.765289307000046 ] } },
{ "type": "Feature", "properties": { "OBJECTID": 32809, "id": "DENVER_2020_20242023221887", "x": -104.84657287597656, "y": 39.780750274658203, "robbery": 1 }, "geometry": { "type": "Point", "coordinates": [ -104.846572875999982, 39.780750275000059 ] } },
{ "type": "Feature", "properties": { "OBJECTID": 32810, "id": "DENVER_2020_20242023222037", "x": -104.99398040771484, "y": 39.753120422363281, "robbery": 1 }, "geometry": { "type": "Point", "coordinates": [ -104.99398040799997, 39.753120422000052 ] } },
{ "type": "Feature", "properties": { "OBJECTID": 32811, "id": "DENVER_2020_20242023222177", "x": -104.77076721191406, "y": 39.785140991210938, "robbery": 1 }, "geometry": { "type": "Point", "coordinates": [ -104.770767211999953, 39.785140991000048 ] } },
{ "type": "Feature", "properties": { "OBJECTID": 32812, "id": "DENVER_2020_20242023222538", "x": -104.90025329589844, "y": 39.655399322509766, "robbery": 1 }, "geometry": { "type": "Point", "coordinates": [ -104.90025329599996, 39.65539932300004 ] } },
{ "type": "Feature", "properties": { "OBJECTID": 32813, "id": "DENVER_2020_20242023222811", "x": -104.98612976074219, "y": 39.732040405273438, "robbery": 1 }, "geometry": { "type": "Point", "coordinates": [ -104.986129760999972, 39.732040405000077 ] } },
{ "type": "Feature", "properties": { "OBJECTID": 32814, "id": "DENVER_2020_20242023223708", "x": -104.99501037597656, "y": 39.744129180908203, "robbery": 1 }, "geometry": { "type": "Point", "coordinates": [ -104.995010375999982, 39.744129181000062 ] } },
{ "type": "Feature", "properties": { "OBJECTID": 32815, "id": "DENVER_2020_20242023224117", "x": -105.01484680175781, "y": 39.714359283447266, "robbery": 1 }, "geometry": { "type": "Point", "coordinates": [ -105.014846801999965, 39.714359283000078 ] } },
{ "type": "Feature", "properties": { "OBJECTID": 32816, "id": "DENVER_2020_20242023224255", "x": -104.97868347167969, "y": 39.72454833984375, "robbery": 1 }, "geometry": { "type": "Point", "coordinates": [ -104.978683471999943, 39.724548340000069 ] } },
{ "type": "Feature", "properties": { "OBJECTID": 32817, "id": "DENVER_2020_20242023226524", "x": -104.90065765380859, "y": 39.766998291015625, "robbery": 1 }, "geometry": { "type": "Point", "coordinates": [ -104.900657653999986, 39.76699829100005 ] } },
{ "type": "Feature", "properties": { "OBJECTID": 32818, "id": "DENVER_2020_20242023227244", "x": -104.94934844970703, "y": 39.778770446777344, "robbery": 1 }, "geometry": { "type": "Point", "coordinates": [ -104.949348449999945, 39.778770447000056 ] } },
{ "type": "Feature", "properties": { "OBJECTID": 32819, "id": "DENVER_2020_20242023227524", "x": -104.92327880859375, "y": 39.667209625244141, "robbery": 1 }, "geometry": { "type": "Point", "coordinates": [ -104.923278808999953, 39.667209625000055 ] } },
{ "type": "Feature", "properties": { "OBJECTID": 32820, "id": "DENVER_2020_2024202322822", "x": -104.97511291503906, "y": 39.739860534667969, "robbery": 1 }, "geometry": { "type": "Point", "coordinates": [ -104.975112914999954, 39.739860535000048 ] } },
{ "type": "Feature", "properties": { "OBJECTID": 32821, "id": "DENVER_2020_20242023228305", "x": -104.99191284179688, "y": 39.756160736083984, "robbery": 1 }, "geometry": { "type": "Point", "coordinates": [ -104.991912841999977, 39.756160736000027 ] } },
{ "type": "Feature", "properties": { "OBJECTID": 32822, "id": "DENVER_2020_20242023228806", "x": -104.93208312988281, "y": 39.700859069824219, "robbery": 1 }, "geometry": { "type": "Point", "coordinates": [ -104.932083129999967, 39.700859070000035 ] } },
{ "type": "Feature", "properties": { "OBJECTID": 32823, "id": "DENVER_2020_20242023228920", "x": -105.04189300537109, "y": 39.678131103515625, "robbery": 1 }, "geometry": { "type": "Point", "coordinates": [ -105.041893004999963, 39.678131104000045 ] } },
{ "type": "Feature", "properties": { "OBJECTID": 32824, "id": "DENVER_2020_20242023228992", "x": -104.90254211425781, "y": 39.780849456787109, "robbery": 1 }, "geometry": { "type": "Point", "coordinates": [ -104.902542113999971, 39.780849457000045 ] } },
{ "type": "Feature", "properties": { "OBJECTID": 32825, "id": "DENVER_2020_20242023229014", "x": -104.91287231445312, "y": 39.667629241943359, "robbery": 1 }, "geometry": { "type": "Point", "coordinates": [ -104.912872313999969, 39.667629242000032 ] } },
{ "type": "Feature", "properties": { "OBJECTID": 32826, "id": "DENVER_2020_2024202322952", "x": -104.96687316894531, "y": 39.739681243896484, "robbery": 1 }, "geometry": { "type": "Point", "coordinates": [ -104.966873168999939, 39.739681244000053 ] } },
{ "type": "Feature", "properties": { "OBJECTID": 32827, "id": "DENVER_2020_20242023230161", "x": -104.99372863769531, "y": 39.765430450439453, "robbery": 1 }, "geometry": { "type": "Point", "coordinates": [ -104.993728638, 39.765430450000053 ] } },
{ "type": "Feature", "properties": { "OBJECTID": 32828, "id": "DENVER_2020_2024202323077", "x": -104.87478637695312, "y": 39.652629852294922, "robbery": 1 }, "geometry": { "type": "Point", "coordinates": [ -104.874786376999964, 39.652629852000075 ] } },
{ "type": "Feature", "properties": { "OBJECTID": 32829, "id": "DENVER_2020_20242023231735", "x": -105.00089263916016, "y": 39.754878997802734, "robbery": 1 }, "geometry": { "type": "Point", "coordinates": [ -105.000892638999971, 39.754878998000038 ] } },
{ "type": "Feature", "properties": { "OBJECTID": 32830, "id": "DENVER_2020_20242023231896", "x": -104.92935180664062, "y": 39.763801574707031, "robbery": 1 }, "geometry": { "type": "Point", "coordinates": [ -104.929351806999989, 39.763801575000059 ] } },
{ "type": "Feature", "properties": { "OBJECTID": 32831, "id": "DENVER_2020_20242023231998", "x": -105.03970336914062, "y": 39.706340789794922, "robbery": 1 }, "geometry": { "type": "Point", "coordinates": [ -105.039703368999938, 39.70634079000007 ] } },
{ "type": "Feature", "properties": { "OBJECTID": 32832, "id": "DENVER_2020_20242023233933", "x": -104.98738861083984, "y": 39.740058898925781, "robbery": 1 }, "geometry": { "type": "Point", "coordinates": [ -104.987388610999972, 39.740058899000076 ] } },
{ "type": "Feature", "properties": { "OBJECTID": 32833, "id": "DENVER_2020_20242023235945", "x": -104.97339630126953, "y": 39.714729309082031, "robbery": 1 }, "geometry": { "type": "Point", "coordinates": [ -104.97339630099998, 39.714729309000063 ] } },
{ "type": "Feature", "properties": { "OBJECTID": 32834, "id": "DENVER_2020_20242023236026", "x": -104.91239929199219, "y": 39.703071594238281, "robbery": 1 }, "geometry": { "type": "Point", "coordinates": [ -104.912399291999975, 39.70307159400005 ] } },
{ "type": "Feature", "properties": { "OBJECTID": 32835, "id": "DENVER_2020_202420232361", "x": -104.84780120849609, "y": 39.783111572265625, "robbery": 1 }, "geometry": { "type": "Point", "coordinates": [ -104.847801207999964, 39.783111572000053 ] } },
{ "type": "Feature", "properties": { "OBJECTID": 32836, "id": "DENVER_2020_20242023236237", "x": -104.97511291503906, "y": 39.739860534667969, "robbery": 1 }, "geometry": { "type": "Point", "coordinates": [ -104.975112914999954, 39.739860535000048 ] } },
{ "type": "Feature", "properties": { "OBJECTID": 32837, "id": "DENVER_2020_20242023236264", "x": -104.99080657958984, "y": 39.741840362548828, "robbery": 1 }, "geometry": { "type": "Point", "coordinates": [ -104.990806579999969, 39.741840363000051 ] } },
{ "type": "Feature", "properties": { "OBJECTID": 32838, "id": "DENVER_2020_20242023236604", "x": -104.91322326660156, "y": 39.698928833007812, "robbery": 1 }, "geometry": { "type": "Point", "coordinates": [ -104.913223266999978, 39.698928833000025 ] } },
{ "type": "Feature", "properties": { "OBJECTID": 32839, "id": "DENVER_2020_20242023237385", "x": -104.99401092529297, "y": 39.753578186035156, "robbery": 1 }, "geometry": { "type": "Point", "coordinates": [ -104.994010924999941, 39.753578186000027 ] } },
{ "type": "Feature", "properties": { "OBJECTID": 32840, "id": "DENVER_2020_20242023237984", "x": -104.97371673583984, "y": 39.710868835449219, "robbery": 1 }, "geometry": { "type": "Point", "coordinates": [ -104.973716735999972, 39.710868835000042 ] } },
{ "type": "Feature", "properties": { "OBJECTID": 32841, "id": "DENVER_2020_20242023238167", "x": -104.90733337402344, "y": 39.677841186523438, "robbery": 1 }, "geometry": { "type": "Point", "coordinates": [ -104.907333373999961, 39.67784118700007 ] } },
{ "type": "Feature", "properties": { "OBJECTID": 32842, "id": "DENVER_2020_20242023238284", "x": -104.92453002929688, "y": 39.741031646728516, "robbery": 1 }, "geometry": { "type": "Point", "coordinates": [ -104.924530028999982, 39.741031647000057 ] } },
{ "type": "Feature", "properties": { "OBJECTID": 32843, "id": "DENVER_2020_2024202323940", "x": -104.90373229980469, "y": 39.764308929443359, "robbery": 1 }, "geometry": { "type": "Point", "coordinates": [ -104.903732299999945, 39.764308929000038 ] } },
{ "type": "Feature", "properties": { "OBJECTID": 32844, "id": "DENVER_2020_20242023239835", "x": -104.98816680908203, "y": 39.735511779785156, "robbery": 1 }, "geometry": { "type": "Point", "coordinates": [ -104.988166808999949, 39.735511780000024 ] } },
{ "type": "Feature", "properties": { "OBJECTID": 32845, "id": "DENVER_2020_2024202323993", "x": -104.8424072265625, "y": 39.780540466308594, "robbery": 1 }, "geometry": { "type": "Point", "coordinates": [ -104.842407226999967, 39.780540466000048 ] } },
{ "type": "Feature", "properties": { "OBJECTID": 32846, "id": "DENVER_2020_20242023240576", "x": -104.99761199951172, "y": 39.748489379882812, "robbery": 1 }, "geometry": { "type": "Point", "coordinates": [ -104.997612, 39.74848938000008 ] } },
{ "type": "Feature", "properties": { "OBJECTID": 32847, "id": "DENVER_2020_20242023240716", "x": -105.02456665039062, "y": 39.694198608398438, "robbery": 1 }, "geometry": { "type": "Point", "coordinates": [ -105.02456664999994, 39.694198608000079 ] } },
{ "type": "Feature", "properties": { "OBJECTID": 32848, "id": "DENVER_2020_20242023240766", "x": -104.99260711669922, "y": 39.741230010986328, "robbery": 1 }, "geometry": { "type": "Point", "coordinates": [ -104.992607116999977, 39.741230011000027 ] } },
{ "type": "Feature", "properties": { "OBJECTID": 32849, "id": "DENVER_2020_20242023241603", "x": -104.93531036376953, "y": 39.764400482177734, "robbery": 1 }, "geometry": { "type": "Point", "coordinates": [ -104.935310363999974, 39.764400482000042 ] } },
{ "type": "Feature", "properties": { "OBJECTID": 32850, "id": "DENVER_2020_20242023241758", "x": -104.90322113037109, "y": 39.636920928955078, "robbery": 1 }, "geometry": { "type": "Point", "coordinates": [ -104.903221129999963, 39.636920929000041 ] } },
{ "type": "Feature", "properties": { "OBJECTID": 32851, "id": "DENVER_2020_2024202324176", "x": -104.97511291503906, "y": 39.739860534667969, "robbery": 1 }, "geometry": { "type": "Point", "coordinates": [ -104.975112914999954, 39.739860535000048 ] } },
{ "type": "Feature", "properties": { "OBJECTID": 32852, "id": "DENVER_2020_20242023242640", "x": -105.02423858642578, "y": 39.697319030761719, "robbery": 1 }, "geometry": { "type": "Point", "coordinates": [ -105.024238585999967, 39.697319031000063 ] } },
{ "type": "Feature", "properties": { "OBJECTID": 32853, "id": "DENVER_2020_20242023242806", "x": -104.98851776123047, "y": 39.765861511230469, "robbery": 1 }, "geometry": { "type": "Point", "coordinates": [ -104.988517760999969, 39.765861511000026 ] } },
{ "type": "Feature", "properties": { "OBJECTID": 32854, "id": "DENVER_2020_20242023243631", "x": -105.02960205078125, "y": 39.691940307617188, "robbery": 1 }, "geometry": { "type": "Point", "coordinates": [ -105.029602050999983, 39.691940308000028 ] } },
{ "type": "Feature", "properties": { "OBJECTID": 32855, "id": "DENVER_2020_20242023243995", "x": -105.00266265869141, "y": 39.758819580078125, "robbery": 1 }, "geometry": { "type": "Point", "coordinates": [ -105.002662658999952, 39.758819580000079 ] } },
{ "type": "Feature", "properties": { "OBJECTID": 32856, "id": "DENVER_2020_20242023244736", "x": -104.81266784667969, "y": 39.78485107421875, "robbery": 1 }, "geometry": { "type": "Point", "coordinates": [ -104.812667846999943, 39.784851074000073 ] } },
{ "type": "Feature", "properties": { "OBJECTID": 32857, "id": "DENVER_2020_2024202324487", "x": -105.05217742919922, "y": 39.654830932617188, "robbery": 1 }, "geometry": { "type": "Point", "coordinates": [ -105.052177428999983, 39.654830933000028 ] } },
{ "type": "Feature", "properties": { "OBJECTID": 32858, "id": "DENVER_2020_20242023245204", "x": -105.02665710449219, "y": 39.785289764404297, "robbery": 1 }, "geometry": { "type": "Point", "coordinates": [ -105.02665710399998, 39.785289764000026 ] } },
{ "type": "Feature", "properties": { "OBJECTID": 32859, "id": "DENVER_2020_20242023245863", "x": -104.88552856445312, "y": 39.739219665527344, "robbery": 1 }, "geometry": { "type": "Point", "coordinates": [ -104.885528563999969, 39.739219666000054 ] } },
{ "type": "Feature", "properties": { "OBJECTID": 32860, "id": "DENVER_2020_20242023245891", "x": -104.99165344238281, "y": 39.749881744384766, "robbery": 1 }, "geometry": { "type": "Point", "coordinates": [ -104.991653441999972, 39.749881744000049 ] } },
{ "type": "Feature", "properties": { "OBJECTID": 32861, "id": "DENVER_2020_20242023247000", "x": -104.94123840332031, "y": 39.677890777587891, "robbery": 1 }, "geometry": { "type": "Point", "coordinates": [ -104.941238402999943, 39.677890778000062 ] } },
{ "type": "Feature", "properties": { "OBJECTID": 32862, "id": "DENVER_2020_20242023248976", "x": -105.02467346191406, "y": 39.712699890136719, "robbery": 1 }, "geometry": { "type": "Point", "coordinates": [ -105.024673461999953, 39.712699890000067 ] } },
{ "type": "Feature", "properties": { "OBJECTID": 32863, "id": "DENVER_2020_20242023249246", "x": -105.01734924316406, "y": 39.781028747558594, "robbery": 1 }, "geometry": { "type": "Point", "coordinates": [ -105.017349242999956, 39.78102874800004 ] } },
{ "type": "Feature", "properties": { "OBJECTID": 32864, "id": "DENVER_2020_20242023249412", "x": -104.77068328857422, "y": 39.783428192138672, "robbery": 1 }, "geometry": { "type": "Point", "coordinates": [ -104.770683288999976, 39.783428192000031 ] } },
{ "type": "Feature", "properties": { "OBJECTID": 32865, "id": "DENVER_2020_20242023249632", "x": -104.86515045166016, "y": 39.772480010986328, "robbery": 1 }, "geometry": { "type": "Point", "coordinates": [ -104.865150451999966, 39.772480011000027 ] } },
{ "type": "Feature", "properties": { "OBJECTID": 32866, "id": "DENVER_2020_20242023250738", "x": -104.82939910888672, "y": 39.795139312744141, "robbery": 1 }, "geometry": { "type": "Point", "coordinates": [ -104.829399108999951, 39.79513931300005 ] } },
{ "type": "Feature", "properties": { "OBJECTID": 32867, "id": "DENVER_2020_20242023252425", "x": -104.9775390625, "y": 39.748088836669922, "robbery": 1 }, "geometry": { "type": "Point", "coordinates": [ -104.977539062999938, 39.748088837000068 ] } },
{ "type": "Feature", "properties": { "OBJECTID": 32868, "id": "DENVER_2020_20242023252870", "x": -104.90508270263672, "y": 39.65264892578125, "robbery": 1 }, "geometry": { "type": "Point", "coordinates": [ -104.905082702999948, 39.65264892600004 ] } },
{ "type": "Feature", "properties": { "OBJECTID": 32869, "id": "DENVER_2020_20242023253151", "x": -104.90013122558594, "y": 39.767578125, "robbery": 1 }, "geometry": { "type": "Point", "coordinates": [ -104.900131225999985, 39.767578125000057 ] } },
{ "type": "Feature", "properties": { "OBJECTID": 32870, "id": "DENVER_2020_20242023253317", "x": -105.02919006347656, "y": 39.710910797119141, "robbery": 1 }, "geometry": { "type": "Point", "coordinates": [ -105.029190062999987, 39.710910797000054 ] } },
{ "type": "Feature", "properties": { "OBJECTID": 32871, "id": "DENVER_2020_20242023253365", "x": -104.99201202392578, "y": 39.755058288574219, "robbery": 1 }, "geometry": { "type": "Point", "coordinates": [ -104.992012023999962, 39.755058289000033 ] } },
{ "type": "Feature", "properties": { "OBJECTID": 32872, "id": "DENVER_2020_20242023253495", "x": -104.97309875488281, "y": 39.740028381347656, "robbery": 1 }, "geometry": { "type": "Point", "coordinates": [ -104.973098754999967, 39.740028381000059 ] } },
{ "type": "Feature", "properties": { "OBJECTID": 32873, "id": "DENVER_2020_20242023254366", "x": -105.02353668212891, "y": 39.707649230957031, "robbery": 1 }, "geometry": { "type": "Point", "coordinates": [ -105.023536681999985, 39.707649231000062 ] } },
{ "type": "Feature", "properties": { "OBJECTID": 32874, "id": "DENVER_2020_20242023254404", "x": -105.05254364013672, "y": 39.655971527099609, "robbery": 1 }, "geometry": { "type": "Point", "coordinates": [ -105.052543639999953, 39.655971527000077 ] } },
{ "type": "Feature", "properties": { "OBJECTID": 32875, "id": "DENVER_2020_20242023254798", "x": -104.89794921875, "y": 39.769691467285156, "robbery": 1 }, "geometry": { "type": "Point", "coordinates": [ -104.897949218999941, 39.76969146700003 ] } },
{ "type": "Feature", "properties": { "OBJECTID": 32876, "id": "DENVER_2020_20242023255077", "x": -104.94941711425781, "y": 39.722671508789062, "robbery": 1 }, "geometry": { "type": "Point", "coordinates": [ -104.949417113999971, 39.722671509000065 ] } },
{ "type": "Feature", "properties": { "OBJECTID": 32877, "id": "DENVER_2020_20242023256216", "x": -105.02555084228516, "y": 39.760520935058594, "robbery": 1 }, "geometry": { "type": "Point", "coordinates": [ -105.025550841999973, 39.760520935000045 ] } },
{ "type": "Feature", "properties": { "OBJECTID": 32878, "id": "DENVER_2020_20242023256332", "x": -104.98842620849609, "y": 39.75347900390625, "robbery": 1 }, "geometry": { "type": "Point", "coordinates": [ -104.988426207999964, 39.753479004000042 ] } },
{ "type": "Feature", "properties": { "OBJECTID": 32879, "id": "DENVER_2020_20242023256510", "x": -104.98664855957031, "y": 39.753841400146484, "robbery": 1 }, "geometry": { "type": "Point", "coordinates": [ -104.98664856, 39.753841400000056 ] } },
{ "type": "Feature", "properties": { "OBJECTID": 32880, "id": "DENVER_2020_20242023256997", "x": -104.83748626708984, "y": 39.785709381103516, "robbery": 1 }, "geometry": { "type": "Point", "coordinates": [ -104.837486266999974, 39.785709381000061 ] } },
{ "type": "Feature", "properties": { "OBJECTID": 32881, "id": "DENVER_2020_2024202325711", "x": -105.05618286132812, "y": 39.677970886230469, "robbery": 1 }, "geometry": { "type": "Point", "coordinates": [ -105.056182860999968, 39.677970886000026 ] } },
{ "type": "Feature", "properties": { "OBJECTID": 32882, "id": "DENVER_2020_20242023257385", "x": -104.88645172119141, "y": 39.74774169921875, "robbery": 1 }, "geometry": { "type": "Point", "coordinates": [ -104.886451720999958, 39.747741699000073 ] } },
{ "type": "Feature", "properties": { "OBJECTID": 32883, "id": "DENVER_2020_20242023258441", "x": -105.02542114257812, "y": 39.697059631347656, "robbery": 1 }, "geometry": { "type": "Point", "coordinates": [ -105.02542114299996, 39.697059631000059 ] } },
{ "type": "Feature", "properties": { "OBJECTID": 32884, "id": "DENVER_2020_20242023259085", "x": -104.91570281982422, "y": 39.739608764648438, "robbery": 1 }, "geometry": { "type": "Point", "coordinates": [ -104.915702819999979, 39.739608765000071 ] } },
{ "type": "Feature", "properties": { "OBJECTID": 32885, "id": "DENVER_2020_20242023259418", "x": -104.94859313964844, "y": 39.720970153808594, "robbery": 1 }, "geometry": { "type": "Point", "coordinates": [ -104.948593139999957, 39.720970154000042 ] } },
{ "type": "Feature", "properties": { "OBJECTID": 32886, "id": "DENVER_2020_20242023259683", "x": -104.74754333496094, "y": 39.771858215332031, "robbery": 1 }, "geometry": { "type": "Point", "coordinates": [ -104.747543334999989, 39.771858215000066 ] } },
{ "type": "Feature", "properties": { "OBJECTID": 32887, "id": "DENVER_2020_20242023260589", "x": -104.8421630859375, "y": 39.785240173339844, "robbery": 1 }, "geometry": { "type": "Point", "coordinates": [ -104.842163085999971, 39.785240173000034 ] } },
{ "type": "Feature", "properties": { "OBJECTID": 32888, "id": "DENVER_2020_2024202326105", "x": -104.97566223144531, "y": 39.739738464355469, "robbery": 1 }, "geometry": { "type": "Point", "coordinates": [ -104.975662230999944, 39.739738464000027 ] } },
{ "type": "Feature", "properties": { "OBJECTID": 32889, "id": "DENVER_2020_2024202326106", "x": -105.03505706787109, "y": 39.787590026855469, "robbery": 1 }, "geometry": { "type": "Point", "coordinates": [ -105.035057067999958, 39.787590027000078 ] } },
{ "type": "Feature", "properties": { "OBJECTID": 32890, "id": "DENVER_2020_2024202326114", "x": -104.97511291503906, "y": 39.739860534667969, "robbery": 1 }, "geometry": { "type": "Point", "coordinates": [ -104.975112914999954, 39.739860535000048 ] } },
{ "type": "Feature", "properties": { "OBJECTID": 32891, "id": "DENVER_2020_20242023262845", "x": -104.98545074462891, "y": 39.753269195556641, "robbery": 1 }, "geometry": { "type": "Point", "coordinates": [ -104.98545074499998, 39.753269196000076 ] } },
{ "type": "Feature", "properties": { "OBJECTID": 32892, "id": "DENVER_2020_20242023265896", "x": -104.93598937988281, "y": 39.6875, "robbery": 1 }, "geometry": { "type": "Point", "coordinates": [ -104.935989379999967, 39.6875 ] } },
{ "type": "Feature", "properties": { "OBJECTID": 32893, "id": "DENVER_2020_20242023266220", "x": -104.91058349609375, "y": 39.702159881591797, "robbery": 1 }, "geometry": { "type": "Point", "coordinates": [ -104.910583495999958, 39.702159882000046 ] } },
{ "type": "Feature", "properties": { "OBJECTID": 32894, "id": "DENVER_2020_2024202326639", "x": -105.01157379150391, "y": 39.771949768066406, "robbery": 1 }, "geometry": { "type": "Point", "coordinates": [ -105.011573791999979, 39.77194976800007 ] } },
{ "type": "Feature", "properties": { "OBJECTID": 32895, "id": "DENVER_2020_20242023267815", "x": -104.77188110351562, "y": 39.817668914794922, "robbery": 1 }, "geometry": { "type": "Point", "coordinates": [ -104.771881103999988, 39.81766891500007 ] } },
{ "type": "Feature", "properties": { "OBJECTID": 32896, "id": "DENVER_2020_20242023268241", "x": -104.94093322753906, "y": 39.766609191894531, "robbery": 1 }, "geometry": { "type": "Point", "coordinates": [ -104.940933227999949, 39.766609192000033 ] } },
{ "type": "Feature", "properties": { "OBJECTID": 32897, "id": "DENVER_2020_20242023268884", "x": -104.75420379638672, "y": 39.776920318603516, "robbery": 1 }, "geometry": { "type": "Point", "coordinates": [ -104.754203795999956, 39.776920319000055 ] } },
{ "type": "Feature", "properties": { "OBJECTID": 32898, "id": "DENVER_2020_20242023268966", "x": -104.961669921875, "y": 39.781379699707031, "robbery": 1 }, "geometry": { "type": "Point", "coordinates": [ -104.961669921999942, 39.781379700000059 ] } },
{ "type": "Feature", "properties": { "OBJECTID": 32899, "id": "DENVER_2020_2024202326914", "x": -105.02465057373047, "y": 39.662429809570312, "robbery": 1 }, "geometry": { "type": "Point", "coordinates": [ -105.024650573999963, 39.662429810000049 ] } },
{ "type": "Feature", "properties": { "OBJECTID": 32900, "id": "DENVER_2020_20242023269412", "x": -104.93917083740234, "y": 39.685508728027344, "robbery": 1 }, "geometry": { "type": "Point", "coordinates": [ -104.939170836999949, 39.685508728000059 ] } },
{ "type": "Feature", "properties": { "OBJECTID": 32901, "id": "DENVER_2020_20242023269528", "x": -104.91327667236328, "y": 39.677570343017578, "robbery": 1 }, "geometry": { "type": "Point", "coordinates": [ -104.913276671999938, 39.67757034300007 ] } },
{ "type": "Feature", "properties": { "OBJECTID": 32902, "id": "DENVER_2020_20242023269565", "x": -105.03211212158203, "y": 39.736370086669922, "robbery": 1 }, "geometry": { "type": "Point", "coordinates": [ -105.032112121999944, 39.736370087000068 ] } },
{ "type": "Feature", "properties": { "OBJECTID": 32903, "id": "DENVER_2020_2024202327005", "x": -104.89201354980469, "y": 39.713310241699219, "robbery": 1 }, "geometry": { "type": "Point", "coordinates": [ -104.892013549999945, 39.713310242000034 ] } },
{ "type": "Feature", "properties": { "OBJECTID": 32904, "id": "DENVER_2020_2024202327042", "x": -104.93546295166016, "y": 39.681781768798828, "robbery": 1 }, "geometry": { "type": "Point", "coordinates": [ -104.935462951999966, 39.681781769000054 ] } },
{ "type": "Feature", "properties": { "OBJECTID": 32905, "id": "DENVER_2020_20242023270514", "x": -104.87254333496094, "y": 39.655788421630859, "robbery": 1 }, "geometry": { "type": "Point", "coordinates": [ -104.872543334999989, 39.655788422000057 ] } },
{ "type": "Feature", "properties": { "OBJECTID": 32906, "id": "DENVER_2020_2024202327055", "x": -104.97261047363281, "y": 39.740280151367188, "robbery": 1 }, "geometry": { "type": "Point", "coordinates": [ -104.972610473999964, 39.740280151000036 ] } },
{ "type": "Feature", "properties": { "OBJECTID": 32907, "id": "DENVER_2020_2024202327169", "x": -104.81266784667969, "y": 39.78485107421875, "robbery": 1 }, "geometry": { "type": "Point", "coordinates": [ -104.812667846999943, 39.784851074000073 ] } },
{ "type": "Feature", "properties": { "OBJECTID": 32908, "id": "DENVER_2020_2024202327204", "x": -104.90608215332031, "y": 39.740001678466797, "robbery": 1 }, "geometry": { "type": "Point", "coordinates": [ -104.906082152999943, 39.740001678000056 ] } },
{ "type": "Feature", "properties": { "OBJECTID": 32909, "id": "DENVER_2020_20242023272683", "x": -104.92838287353516, "y": 39.676181793212891, "robbery": 1 }, "geometry": { "type": "Point", "coordinates": [ -104.928382873999965, 39.676181793000069 ] } },
{ "type": "Feature", "properties": { "OBJECTID": 32910, "id": "DENVER_2020_20242023273510", "x": -105.02438354492188, "y": 39.755439758300781, "robbery": 1 }, "geometry": { "type": "Point", "coordinates": [ -105.024383544999978, 39.75543975800008 ] } },
{ "type": "Feature", "properties": { "OBJECTID": 32911, "id": "DENVER_2020_20242023274030", "x": -104.93644714355469, "y": 39.752590179443359, "robbery": 1 }, "geometry": { "type": "Point", "coordinates": [ -104.936447143999942, 39.752590179000038 ] } },
{ "type": "Feature", "properties": { "OBJECTID": 32912, "id": "DENVER_2020_20242023276210", "x": -104.98834228515625, "y": 39.729801177978516, "robbery": 1 }, "geometry": { "type": "Point", "coordinates": [ -104.988342284999987, 39.729801178000059 ] } },
{ "type": "Feature", "properties": { "OBJECTID": 32913, "id": "DENVER_2020_20242023276422", "x": -105.01035308837891, "y": 39.735340118408203, "robbery": 1 }, "geometry": { "type": "Point", "coordinates": [ -105.010353087999988, 39.735340118000067 ] } },
{ "type": "Feature", "properties": { "OBJECTID": 32914, "id": "DENVER_2020_20242023276504", "x": -104.93855285644531, "y": 39.679771423339844, "robbery": 1 }, "geometry": { "type": "Point", "coordinates": [ -104.938552855999944, 39.679771423000034 ] } },
{ "type": "Feature", "properties": { "OBJECTID": 32915, "id": "DENVER_2020_20242023276843", "x": -104.90991973876953, "y": 39.698928833007812, "robbery": 1 }, "geometry": { "type": "Point", "coordinates": [ -104.909919738999974, 39.698928833000025 ] } },
{ "type": "Feature", "properties": { "OBJECTID": 32916, "id": "DENVER_2020_20242023277106", "x": -104.90025329589844, "y": 39.655399322509766, "robbery": 1 }, "geometry": { "type": "Point", "coordinates": [ -104.90025329599996, 39.65539932300004 ] } },
{ "type": "Feature", "properties": { "OBJECTID": 32917, "id": "DENVER_2020_20242023278705", "x": -104.77192687988281, "y": 39.782260894775391, "robbery": 1 }, "geometry": { "type": "Point", "coordinates": [ -104.771926879999967, 39.782260895000036 ] } },
{ "type": "Feature", "properties": { "OBJECTID": 32918, "id": "DENVER_2020_20242023279086", "x": -104.89794921875, "y": 39.769691467285156, "robbery": 1 }, "geometry": { "type": "Point", "coordinates": [ -104.897949218999941, 39.76969146700003 ] } },
{ "type": "Feature", "properties": { "OBJECTID": 32919, "id": "DENVER_2020_20242023280119", "x": -104.9373779296875, "y": 39.728580474853516, "robbery": 1 }, "geometry": { "type": "Point", "coordinates": [ -104.937377929999968, 39.728580475000058 ] } },
{ "type": "Feature", "properties": { "OBJECTID": 32920, "id": "DENVER_2020_20242023280499", "x": -104.88816833496094, "y": 39.740150451660156, "robbery": 1 }, "geometry": { "type": "Point", "coordinates": [ -104.888168334999989, 39.74015045200008 ] } },
{ "type": "Feature", "properties": { "OBJECTID": 32921, "id": "DENVER_2020_20242023280562", "x": -104.99495697021484, "y": 39.749069213867188, "robbery": 1 }, "geometry": { "type": "Point", "coordinates": [ -104.994956969999976, 39.749069214000031 ] } },
{ "type": "Feature", "properties": { "OBJECTID": 32922, "id": "DENVER_2020_20242023281002", "x": -105.08307647705078, "y": 39.636508941650391, "robbery": 1 }, "geometry": { "type": "Point", "coordinates": [ -105.083076476999963, 39.636508942000034 ] } },
{ "type": "Feature", "properties": { "OBJECTID": 32923, "id": "DENVER_2020_20242023282006", "x": -104.89202117919922, "y": 39.655029296875, "robbery": 1 }, "geometry": { "type": "Point", "coordinates": [ -104.892021178999983, 39.655029297000056 ] } },
{ "type": "Feature", "properties": { "OBJECTID": 32924, "id": "DENVER_2020_20242023282182", "x": -104.83487701416016, "y": 39.773880004882812, "robbery": 1 }, "geometry": { "type": "Point", "coordinates": [ -104.834877013999971, 39.77388000500008 ] } },
{ "type": "Feature", "properties": { "OBJECTID": 32925, "id": "DENVER_2020_20242023282568", "x": -104.99088287353516, "y": 39.783241271972656, "robbery": 1 }, "geometry": { "type": "Point", "coordinates": [ -104.990882873999965, 39.783241272000055 ] } },
{ "type": "Feature", "properties": { "OBJECTID": 32926, "id": "DENVER_2020_20242023283305", "x": -104.98211669921875, "y": 39.739910125732422, "robbery": 1 }, "geometry": { "type": "Point", "coordinates": [ -104.98211669899996, 39.739910126000041 ] } },
{ "type": "Feature", "properties": { "OBJECTID": 32927, "id": "DENVER_2020_20242023284239", "x": -105.025146484375, "y": 39.729320526123047, "robbery": 1 }, "geometry": { "type": "Point", "coordinates": [ -105.025146483999947, 39.729320526000038 ] } },
{ "type": "Feature", "properties": { "OBJECTID": 32928, "id": "DENVER_2020_20242023284335", "x": -104.98792266845703, "y": 39.687808990478516, "robbery": 1 }, "geometry": { "type": "Point", "coordinates": [ -104.987922667999953, 39.687808990000065 ] } },
{ "type": "Feature", "properties": { "OBJECTID": 32929, "id": "DENVER_2020_20242023284396", "x": -104.97881317138672, "y": 39.719631195068359, "robbery": 1 }, "geometry": { "type": "Point", "coordinates": [ -104.978813170999956, 39.719631195000034 ] } },
{ "type": "Feature", "properties": { "OBJECTID": 32930, "id": "DENVER_2020_20242023284855", "x": -105.05287933349609, "y": 39.753299713134766, "robbery": 1 }, "geometry": { "type": "Point", "coordinates": [ -105.052879332999964, 39.753299713000047 ] } },
{ "type": "Feature", "properties": { "OBJECTID": 32931, "id": "DENVER_2020_20242023285551", "x": -104.94699859619141, "y": 39.717491149902344, "robbery": 1 }, "geometry": { "type": "Point", "coordinates": [ -104.946998595999958, 39.717491150000058 ] } },
{ "type": "Feature", "properties": { "OBJECTID": 32932, "id": "DENVER_2020_20242023285823", "x": -104.98705291748047, "y": 39.677780151367188, "robbery": 1 }, "geometry": { "type": "Point", "coordinates": [ -104.987052916999971, 39.677780151000036 ] } },
{ "type": "Feature", "properties": { "OBJECTID": 32933, "id": "DENVER_2020_20242023285843", "x": -104.98393249511719, "y": 39.740451812744141, "robbery": 1 }, "geometry": { "type": "Point", "coordinates": [ -104.983932494999976, 39.74045181300005 ] } },
{ "type": "Feature", "properties": { "OBJECTID": 32934, "id": "DENVER_2020_20242023285846", "x": -104.95899200439453, "y": 39.672779083251953, "robbery": 1 }, "geometry": { "type": "Point", "coordinates": [ -104.958992003999981, 39.67277908300008 ] } },
{ "type": "Feature", "properties": { "OBJECTID": 32935, "id": "DENVER_2020_20242023285879", "x": -104.94062805175781, "y": 39.674701690673828, "robbery": 1 }, "geometry": { "type": "Point", "coordinates": [ -104.940628051999965, 39.674701691000053 ] } },
{ "type": "Feature", "properties": { "OBJECTID": 32936, "id": "DENVER_2020_20242023285908", "x": -104.91500854492188, "y": 39.666908264160156, "robbery": 1 }, "geometry": { "type": "Point", "coordinates": [ -104.915008544999978, 39.666908264000028 ] } },
{ "type": "Feature", "properties": { "OBJECTID": 32937, "id": "DENVER_2020_20242023286357", "x": -105.03276824951172, "y": 39.740619659423828, "robbery": 1 }, "geometry": { "type": "Point", "coordinates": [ -105.032768249999947, 39.74061965900006 ] } },
{ "type": "Feature", "properties": { "OBJECTID": 32938, "id": "DENVER_2020_20242023286873", "x": -105.01080322265625, "y": 39.7694091796875, "robbery": 1 }, "geometry": { "type": "Point", "coordinates": [ -105.010803222999982, 39.769409180000025 ] } },
{ "type": "Feature", "properties": { "OBJECTID": 32939, "id": "DENVER_2020_20242023287032", "x": -105.03305053710938, "y": 39.746318817138672, "robbery": 1 }, "geometry": { "type": "Point", "coordinates": [ -105.033050536999951, 39.746318817000031 ] } },
{ "type": "Feature", "properties": { "OBJECTID": 32940, "id": "DENVER_2020_20242023288134", "x": -104.87982940673828, "y": 39.762958526611328, "robbery": 1 }, "geometry": { "type": "Point", "coordinates": [ -104.879829406999988, 39.76295852700008 ] } },
{ "type": "Feature", "properties": { "OBJECTID": 32941, "id": "DENVER_2020_20242023289286", "x": -104.98110198974609, "y": 39.736881256103516, "robbery": 1 }, "geometry": { "type": "Point", "coordinates": [ -104.981101989999956, 39.736881256000061 ] } },
{ "type": "Feature", "properties": { "OBJECTID": 32942, "id": "DENVER_2020_20242023290529", "x": -104.94093322753906, "y": 39.76470947265625, "robbery": 1 }, "geometry": { "type": "Point", "coordinates": [ -104.940933227999949, 39.764709473000039 ] } },
{ "type": "Feature", "properties": { "OBJECTID": 32943, "id": "DENVER_2020_20242023291837", "x": -104.99131011962891, "y": 39.744319915771484, "robbery": 1 }, "geometry": { "type": "Point", "coordinates": [ -104.99131011999998, 39.744319916000052 ] } },
{ "type": "Feature", "properties": { "OBJECTID": 32944, "id": "DENVER_2020_20242023293142", "x": -104.99160766601562, "y": 39.753131866455078, "robbery": 1 }, "geometry": { "type": "Point", "coordinates": [ -104.991607666, 39.753131866000047 ] } },
{ "type": "Feature", "properties": { "OBJECTID": 32945, "id": "DENVER_2020_20242023293735", "x": -105.02993774414062, "y": 39.711170196533203, "robbery": 1 }, "geometry": { "type": "Point", "coordinates": [ -105.029937743999938, 39.711170197000058 ] } },
{ "type": "Feature", "properties": { "OBJECTID": 32946, "id": "DENVER_2020_20242023293997", "x": -105.02568054199219, "y": 39.755111694335938, "robbery": 1 }, "geometry": { "type": "Point", "coordinates": [ -105.025680541999975, 39.75511169400005 ] } },
{ "type": "Feature", "properties": { "OBJECTID": 32947, "id": "DENVER_2020_20242023294348", "x": -105.02427673339844, "y": 39.692230224609375, "robbery": 1 }, "geometry": { "type": "Point", "coordinates": [ -105.024276732999965, 39.69223022500006 ] } },
{ "type": "Feature", "properties": { "OBJECTID": 32948, "id": "DENVER_2020_20242023298213", "x": -105.00643920898438, "y": 39.783840179443359, "robbery": 1 }, "geometry": { "type": "Point", "coordinates": [ -105.00643920899995, 39.783840179000038 ] } },
{ "type": "Feature", "properties": { "OBJECTID": 32949, "id": "DENVER_2020_20242023298376", "x": -104.99479675292969, "y": 39.747200012207031, "robbery": 1 }, "geometry": { "type": "Point", "coordinates": [ -104.994796752999946, 39.747200012000064 ] } },
{ "type": "Feature", "properties": { "OBJECTID": 32950, "id": "DENVER_2020_20242023298574", "x": -104.90995025634766, "y": 39.701179504394531, "robbery": 1 }, "geometry": { "type": "Point", "coordinates": [ -104.909950255999945, 39.701179504000038 ] } },
{ "type": "Feature", "properties": { "OBJECTID": 32951, "id": "DENVER_2020_20242023299700", "x": -104.90541076660156, "y": 39.698020935058594, "robbery": 1 }, "geometry": { "type": "Point", "coordinates": [ -104.905410766999978, 39.698020935000045 ] } },
{ "type": "Feature", "properties": { "OBJECTID": 32952, "id": "DENVER_2020_20242023300574", "x": -104.94075012207031, "y": 39.678409576416016, "robbery": 1 }, "geometry": { "type": "Point", "coordinates": [ -104.94075012199994, 39.678409576000035 ] } },
{ "type": "Feature", "properties": { "OBJECTID": 32953, "id": "DENVER_2020_20242023301744", "x": -104.97794342041016, "y": 39.790699005126953, "robbery": 1 }, "geometry": { "type": "Point", "coordinates": [ -104.977943419999974, 39.790699005000079 ] } },
{ "type": "Feature", "properties": { "OBJECTID": 32954, "id": "DENVER_2020_2024202330206", "x": -104.93917083740234, "y": 39.685508728027344, "robbery": 1 }, "geometry": { "type": "Point", "coordinates": [ -104.939170836999949, 39.685508728000059 ] } },
{ "type": "Feature", "properties": { "OBJECTID": 32955, "id": "DENVER_2020_202420233024", "x": -104.90244293212891, "y": 39.757919311523438, "robbery": 1 }, "geometry": { "type": "Point", "coordinates": [ -104.902442931999985, 39.75791931200007 ] } },
{ "type": "Feature", "properties": { "OBJECTID": 32956, "id": "DENVER_2020_20242023302948", "x": -104.99201965332031, "y": 39.747768402099609, "robbery": 1 }, "geometry": { "type": "Point", "coordinates": [ -104.992019652999943, 39.747768402000077 ] } },
{ "type": "Feature", "properties": { "OBJECTID": 32957, "id": "DENVER_2020_20242023303593", "x": -104.8927001953125, "y": 39.781120300292969, "robbery": 1 }, "geometry": { "type": "Point", "coordinates": [ -104.892700194999975, 39.781120300000055 ] } },
{ "type": "Feature", "properties": { "OBJECTID": 32958, "id": "DENVER_2020_20242023303918", "x": -104.89502716064453, "y": 39.783611297607422, "robbery": 1 }, "geometry": { "type": "Point", "coordinates": [ -104.895027160999973, 39.783611298000039 ] } },
{ "type": "Feature", "properties": { "OBJECTID": 32959, "id": "DENVER_2020_20242023304691", "x": -105.02481079101562, "y": 39.792469024658203, "robbery": 1 }, "geometry": { "type": "Point", "coordinates": [ -105.024810791, 39.792469025000059 ] } },
{ "type": "Feature", "properties": { "OBJECTID": 32960, "id": "DENVER_2020_20242023305913", "x": -104.97332763671875, "y": 39.736289978027344, "robbery": 1 }, "geometry": { "type": "Point", "coordinates": [ -104.973327636999954, 39.736289978000059 ] } },
{ "type": "Feature", "properties": { "OBJECTID": 32961, "id": "DENVER_2020_20242023306216", "x": -104.98486328125, "y": 39.747550964355469, "robbery": 1 }, "geometry": { "type": "Point", "coordinates": [ -104.984863280999946, 39.747550964000027 ] } },
{ "type": "Feature", "properties": { "OBJECTID": 32962, "id": "DENVER_2020_20242023306545", "x": -104.94718933105469, "y": 39.740081787109375, "robbery": 1 }, "geometry": { "type": "Point", "coordinates": [ -104.947189330999947, 39.740081787000065 ] } },
{ "type": "Feature", "properties": { "OBJECTID": 32963, "id": "DENVER_2020_20242023306862", "x": -104.99864196777344, "y": 39.748291015625, "robbery": 1 }, "geometry": { "type": "Point", "coordinates": [ -104.998641967999959, 39.748291016000053 ] } },
{ "type": "Feature", "properties": { "OBJECTID": 32964, "id": "DENVER_2020_20242023306926", "x": -105.02513885498047, "y": 39.725429534912109, "robbery": 1 }, "geometry": { "type": "Point", "coordinates": [ -105.025138854999966, 39.725429535000046 ] } },
{ "type": "Feature", "properties": { "OBJECTID": 32965, "id": "DENVER_2020_20242023307151", "x": -105.02919006347656, "y": 39.710910797119141, "robbery": 1 }, "geometry": { "type": "Point", "coordinates": [ -105.029190062999987, 39.710910797000054 ] } },
{ "type": "Feature", "properties": { "OBJECTID": 32966, "id": "DENVER_2020_20242023307771", "x": -104.97267913818359, "y": 39.763938903808594, "robbery": 1 }, "geometry": { "type": "Point", "coordinates": [ -104.972679138, 39.763938904000042 ] } },
{ "type": "Feature", "properties": { "OBJECTID": 32967, "id": "DENVER_2020_20242023308699", "x": -104.84574127197266, "y": 39.777030944824219, "robbery": 1 }, "geometry": { "type": "Point", "coordinates": [ -104.845741271999941, 39.777030945000035 ] } },
{ "type": "Feature", "properties": { "OBJECTID": 32968, "id": "DENVER_2020_20242023308862", "x": -105.00678253173828, "y": 39.678810119628906, "robbery": 1 }, "geometry": { "type": "Point", "coordinates": [ -105.006782531999988, 39.678810120000037 ] } },
{ "type": "Feature", "properties": { "OBJECTID": 32969, "id": "DENVER_2020_20242023308993", "x": -105.00543212890625, "y": 39.77178955078125, "robbery": 1 }, "geometry": { "type": "Point", "coordinates": [ -105.005432128999985, 39.77178955100004 ] } },
{ "type": "Feature", "properties": { "OBJECTID": 32970, "id": "DENVER_2020_20242023309096", "x": -104.98760223388672, "y": 39.765609741210938, "robbery": 1 }, "geometry": { "type": "Point", "coordinates": [ -104.987602233999951, 39.765609741000048 ] } },
{ "type": "Feature", "properties": { "OBJECTID": 32971, "id": "DENVER_2020_20242023309258", "x": -104.86979675292969, "y": 39.702590942382812, "robbery": 1 }, "geometry": { "type": "Point", "coordinates": [ -104.869796752999946, 39.702590942000029 ] } },
{ "type": "Feature", "properties": { "OBJECTID": 32972, "id": "DENVER_2020_20242023309774", "x": -104.95291900634766, "y": 39.743350982666016, "robbery": 1 }, "geometry": { "type": "Point", "coordinates": [ -104.952919005999945, 39.743350983000028 ] } },
{ "type": "Feature", "properties": { "OBJECTID": 32973, "id": "DENVER_2020_20242023310278", "x": -104.94024658203125, "y": 39.676399230957031, "robbery": 1 }, "geometry": { "type": "Point", "coordinates": [ -104.940246581999986, 39.676399231000062 ] } },
{ "type": "Feature", "properties": { "OBJECTID": 32974, "id": "DENVER_2020_20242023310548", "x": -104.93998718261719, "y": 39.69696044921875, "robbery": 1 }, "geometry": { "type": "Point", "coordinates": [ -104.939987182999971, 39.696960449000073 ] } },
{ "type": "Feature", "properties": { "OBJECTID": 32975, "id": "DENVER_2020_20242023311003", "x": -104.93448638916016, "y": 39.782791137695312, "robbery": 1 }, "geometry": { "type": "Point", "coordinates": [ -104.934486388999971, 39.78279113800005 ] } },
{ "type": "Feature", "properties": { "OBJECTID": 32976, "id": "DENVER_2020_20242023311444", "x": -104.99358367919922, "y": 39.739768981933594, "robbery": 1 }, "geometry": { "type": "Point", "coordinates": [ -104.993583678999983, 39.739768982000044 ] } },
{ "type": "Feature", "properties": { "OBJECTID": 32977, "id": "DENVER_2020_20242023311578", "x": -105.05255889892578, "y": 39.682460784912109, "robbery": 1 }, "geometry": { "type": "Point", "coordinates": [ -105.052558898999962, 39.682460785000046 ] } },
{ "type": "Feature", "properties": { "OBJECTID": 32978, "id": "DENVER_2020_20242023311758", "x": -104.91232299804688, "y": 39.702400207519531, "robbery": 1 }, "geometry": { "type": "Point", "coordinates": [ -104.912322997999979, 39.702400208000029 ] } },
{ "type": "Feature", "properties": { "OBJECTID": 32979, "id": "DENVER_2020_20242023311803", "x": -104.89914703369141, "y": 39.733718872070312, "robbery": 1 }, "geometry": { "type": "Point", "coordinates": [ -104.899147033999952, 39.733718872000054 ] } },
{ "type": "Feature", "properties": { "OBJECTID": 32980, "id": "DENVER_2020_20242023313177", "x": -105.04591369628906, "y": 39.730770111083984, "robbery": 1 }, "geometry": { "type": "Point", "coordinates": [ -105.045913695999957, 39.730770111000027 ] } },
{ "type": "Feature", "properties": { "OBJECTID": 32981, "id": "DENVER_2020_20242023314005", "x": -104.88548278808594, "y": 39.739860534667969, "robbery": 1 }, "geometry": { "type": "Point", "coordinates": [ -104.885482788, 39.739860535000048 ] } },
{ "type": "Feature", "properties": { "OBJECTID": 32982, "id": "DENVER_2020_20242023314827", "x": -104.88601684570312, "y": 39.781650543212891, "robbery": 1 }, "geometry": { "type": "Point", "coordinates": [ -104.886016845999961, 39.781650543000069 ] } },
{ "type": "Feature", "properties": { "OBJECTID": 32983, "id": "DENVER_2020_20242023315017", "x": -105.01080322265625, "y": 39.7694091796875, "robbery": 1 }, "geometry": { "type": "Point", "coordinates": [ -105.010803222999982, 39.769409180000025 ] } },
{ "type": "Feature", "properties": { "OBJECTID": 32984, "id": "DENVER_2020_20242023316043", "x": -104.89161682128906, "y": 39.780799865722656, "robbery": 1 }, "geometry": { "type": "Point", "coordinates": [ -104.891616820999957, 39.780799866000052 ] } },
{ "type": "Feature", "properties": { "OBJECTID": 32985, "id": "DENVER_2020_20242023316476", "x": -104.98837280273438, "y": 39.75469970703125, "robbery": 1 }, "geometry": { "type": "Point", "coordinates": [ -104.988372802999947, 39.754699707000043 ] } },
{ "type": "Feature", "properties": { "OBJECTID": 32986, "id": "DENVER_2020_20242023317346", "x": -104.93917083740234, "y": 39.685508728027344, "robbery": 1 }, "geometry": { "type": "Point", "coordinates": [ -104.939170836999949, 39.685508728000059 ] } },
{ "type": "Feature", "properties": { "OBJECTID": 32987, "id": "DENVER_2020_20242023317412", "x": -104.97075653076172, "y": 39.707691192626953, "robbery": 1 }, "geometry": { "type": "Point", "coordinates": [ -104.97075653099995, 39.707691193000073 ] } },
{ "type": "Feature", "properties": { "OBJECTID": 32988, "id": "DENVER_2020_20242023317574", "x": -105.02744293212891, "y": 39.696739196777344, "robbery": 1 }, "geometry": { "type": "Point", "coordinates": [ -105.027442931999985, 39.696739197000056 ] } },
{ "type": "Feature", "properties": { "OBJECTID": 32989, "id": "DENVER_2020_20242023317612", "x": -104.90025329589844, "y": 39.655399322509766, "robbery": 1 }, "geometry": { "type": "Point", "coordinates": [ -104.90025329599996, 39.65539932300004 ] } },
{ "type": "Feature", "properties": { "OBJECTID": 32990, "id": "DENVER_2020_20242023318015", "x": -104.89491271972656, "y": 39.739879608154297, "robbery": 1 }, "geometry": { "type": "Point", "coordinates": [ -104.894912719999979, 39.739879608000081 ] } },
{ "type": "Feature", "properties": { "OBJECTID": 32991, "id": "DENVER_2020_20242023318339", "x": -104.94066619873047, "y": 39.73828125, "robbery": 1 }, "geometry": { "type": "Point", "coordinates": [ -104.940666198999963, 39.738281250000057 ] } },
{ "type": "Feature", "properties": { "OBJECTID": 32992, "id": "DENVER_2020_20242023318412", "x": -104.97073364257812, "y": 39.740028381347656, "robbery": 1 }, "geometry": { "type": "Point", "coordinates": [ -104.97073364299996, 39.740028381000059 ] } },
{ "type": "Feature", "properties": { "OBJECTID": 32993, "id": "DENVER_2020_20242023318433", "x": -104.98731994628906, "y": 39.717189788818359, "robbery": 1 }, "geometry": { "type": "Point", "coordinates": [ -104.987319945999957, 39.717189789000031 ] } },
{ "type": "Feature", "properties": { "OBJECTID": 32994, "id": "DENVER_2020_20242023318447", "x": -105.00045776367188, "y": 39.748020172119141, "robbery": 1 }, "geometry": { "type": "Point", "coordinates": [ -105.000457763999975, 39.748020172000054 ] } },
{ "type": "Feature", "properties": { "OBJECTID": 32995, "id": "DENVER_2020_20242023320149", "x": -105.02351379394531, "y": 39.712841033935547, "robbery": 1 }, "geometry": { "type": "Point", "coordinates": [ -105.023513793999939, 39.712841034000064 ] } },
{ "type": "Feature", "properties": { "OBJECTID": 32996, "id": "DENVER_2020_20242023320478", "x": -104.98931121826172, "y": 39.751350402832031, "robbery": 1 }, "geometry": { "type": "Point", "coordinates": [ -104.989311217999955, 39.75135040300006 ] } },
{ "type": "Feature", "properties": { "OBJECTID": 32997, "id": "DENVER_2020_2024202332079", "x": -105.08616638183594, "y": 39.637340545654297, "robbery": 1 }, "geometry": { "type": "Point", "coordinates": [ -105.086166381999988, 39.637340546000075 ] } },
{ "type": "Feature", "properties": { "OBJECTID": 32998, "id": "DENVER_2020_20242023320973", "x": -104.98738861083984, "y": 39.740058898925781, "robbery": 1 }, "geometry": { "type": "Point", "coordinates": [ -104.987388610999972, 39.740058899000076 ] } },
{ "type": "Feature", "properties": { "OBJECTID": 32999, "id": "DENVER_2020_20242023322320", "x": -104.98574066162109, "y": 39.735050201416016, "robbery": 1 }, "geometry": { "type": "Point", "coordinates": [ -104.985740661999955, 39.735050201000035 ] } },
{ "type": "Feature", "properties": { "OBJECTID": 33000, "id": "DENVER_2020_20242023323176", "x": -104.97258758544922, "y": 39.679439544677734, "robbery": 1 }, "geometry": { "type": "Point", "coordinates": [ -104.972587584999985, 39.679439545000037 ] } },
{ "type": "Feature", "properties": { "OBJECTID": 33001, "id": "DENVER_2020_20242023323388", "x": -104.82076263427734, "y": 39.795490264892578, "robbery": 1 }, "geometry": { "type": "Point", "coordinates": [ -104.820762633999948, 39.795490265000069 ] } },
{ "type": "Feature", "properties": { "OBJECTID": 33002, "id": "DENVER_2020_20242023323851", "x": -105.02506256103516, "y": 39.689479827880859, "robbery": 1 }, "geometry": { "type": "Point", "coordinates": [ -105.02506256099997, 39.68947982800006 ] } },
{ "type": "Feature", "properties": { "OBJECTID": 33003, "id": "DENVER_2020_20242023323996", "x": -104.97849273681641, "y": 39.764240264892578, "robbery": 1 }, "geometry": { "type": "Point", "coordinates": [ -104.978492736999954, 39.764240265000069 ] } },
{ "type": "Feature", "properties": { "OBJECTID": 33004, "id": "DENVER_2020_20242023324610", "x": -104.99378204345703, "y": 39.747539520263672, "robbery": 1 }, "geometry": { "type": "Point", "coordinates": [ -104.993782042999953, 39.747539520000032 ] } },
{ "type": "Feature", "properties": { "OBJECTID": 33005, "id": "DENVER_2020_20242023324756", "x": -104.97178649902344, "y": 39.766899108886719, "robbery": 1 }, "geometry": { "type": "Point", "coordinates": [ -104.971786498999961, 39.766899109000065 ] } },
{ "type": "Feature", "properties": { "OBJECTID": 33006, "id": "DENVER_2020_20242023324897", "x": -104.93660736083984, "y": 39.656879425048828, "robbery": 1 }, "geometry": { "type": "Point", "coordinates": [ -104.936607360999972, 39.656879425000056 ] } },
{ "type": "Feature", "properties": { "OBJECTID": 33007, "id": "DENVER_2020_20242023325338", "x": -104.81123352050781, "y": 39.785919189453125, "robbery": 1 }, "geometry": { "type": "Point", "coordinates": [ -104.811233520999963, 39.785919189000026 ] } },
{ "type": "Feature", "properties": { "OBJECTID": 33008, "id": "DENVER_2020_20242023326425", "x": -104.85003662109375, "y": 39.658809661865234, "robbery": 1 }, "geometry": { "type": "Point", "coordinates": [ -104.850036620999958, 39.658809662000067 ] } },
{ "type": "Feature", "properties": { "OBJECTID": 33009, "id": "DENVER_2020_20242023327519", "x": -104.99890899658203, "y": 39.733959197998047, "robbery": 1 }, "geometry": { "type": "Point", "coordinates": [ -104.998908996999944, 39.733959198000036 ] } },
{ "type": "Feature", "properties": { "OBJECTID": 33010, "id": "DENVER_2020_20242023327923", "x": -104.99774932861328, "y": 39.747600555419922, "robbery": 1 }, "geometry": { "type": "Point", "coordinates": [ -104.997749328999987, 39.747600555000076 ] } },
{ "type": "Feature", "properties": { "OBJECTID": 33011, "id": "DENVER_2020_20242023328001", "x": -104.97479248046875, "y": 39.740020751953125, "robbery": 1 }, "geometry": { "type": "Point", "coordinates": [ -104.974792479999962, 39.740020752000078 ] } },
{ "type": "Feature", "properties": { "OBJECTID": 33012, "id": "DENVER_2020_20242023328011", "x": -105.01345825195312, "y": 39.725669860839844, "robbery": 1 }, "geometry": { "type": "Point", "coordinates": [ -105.013458251999964, 39.725669861000029 ] } },
{ "type": "Feature", "properties": { "OBJECTID": 33013, "id": "DENVER_2020_20242023328815", "x": -104.97458648681641, "y": 39.772678375244141, "robbery": 1 }, "geometry": { "type": "Point", "coordinates": [ -104.974586486999954, 39.772678375000055 ] } },
{ "type": "Feature", "properties": { "OBJECTID": 33014, "id": "DENVER_2020_20242023328932", "x": -104.84599304199219, "y": 39.780220031738281, "robbery": 1 }, "geometry": { "type": "Point", "coordinates": [ -104.845993041999975, 39.780220032000045 ] } },
{ "type": "Feature", "properties": { "OBJECTID": 33015, "id": "DENVER_2020_20242023330433", "x": -104.80754089355469, "y": 39.774879455566406, "robbery": 1 }, "geometry": { "type": "Point", "coordinates": [ -104.807540893999942, 39.774879456000065 ] } },
{ "type": "Feature", "properties": { "OBJECTID": 33016, "id": "DENVER_2020_20242023331939", "x": -104.76711273193359, "y": 39.785568237304688, "robbery": 1 }, "geometry": { "type": "Point", "coordinates": [ -104.767112731999987, 39.785568237000064 ] } },
{ "type": "Feature", "properties": { "OBJECTID": 33017, "id": "DENVER_2020_20242023332645", "x": -104.89520263671875, "y": 39.746559143066406, "robbery": 1 }, "geometry": { "type": "Point", "coordinates": [ -104.895202636999954, 39.74655914300007 ] } },
{ "type": "Feature", "properties": { "OBJECTID": 33018, "id": "DENVER_2020_20242023333546", "x": -104.93955230712891, "y": 39.667510986328125, "robbery": 1 }, "geometry": { "type": "Point", "coordinates": [ -104.939552306999985, 39.667510986000025 ] } },
{ "type": "Feature", "properties": { "OBJECTID": 33019, "id": "DENVER_2020_20242023333681", "x": -104.99371337890625, "y": 39.750461578369141, "robbery": 1 }, "geometry": { "type": "Point", "coordinates": [ -104.993713378999985, 39.750461578000056 ] } },
{ "type": "Feature", "properties": { "OBJECTID": 33020, "id": "DENVER_2020_2024202333381", "x": -104.95099639892578, "y": 39.722549438476562, "robbery": 1 }, "geometry": { "type": "Point", "coordinates": [ -104.950996398999962, 39.722549438000044 ] } },
{ "type": "Feature", "properties": { "OBJECTID": 33021, "id": "DENVER_2020_20242023334454", "x": -105.01811981201172, "y": 39.690788269042969, "robbery": 1 }, "geometry": { "type": "Point", "coordinates": [ -105.018119811999952, 39.690788269000052 ] } },
{ "type": "Feature", "properties": { "OBJECTID": 33022, "id": "DENVER_2020_20242023334651", "x": -105.04461669921875, "y": 39.704898834228516, "robbery": 1 }, "geometry": { "type": "Point", "coordinates": [ -105.04461669899996, 39.704898834000062 ] } },
{ "type": "Feature", "properties": { "OBJECTID": 33023, "id": "DENVER_2020_20242023335317", "x": -105.03727722167969, "y": 39.708709716796875, "robbery": 1 }, "geometry": { "type": "Point", "coordinates": [ -105.037277221999943, 39.708709717000033 ] } },
{ "type": "Feature", "properties": { "OBJECTID": 33024, "id": "DENVER_2020_20242023335327", "x": -105.03645324707031, "y": 39.718330383300781, "robbery": 1 }, "geometry": { "type": "Point", "coordinates": [ -105.03645324699994, 39.71833038300008 ] } },
{ "type": "Feature", "properties": { "OBJECTID": 33025, "id": "DENVER_2020_20242023335354", "x": -105.03209686279297, "y": 39.729290008544922, "robbery": 1 }, "geometry": { "type": "Point", "coordinates": [ -105.032096863, 39.729290009000067 ] } },
{ "type": "Feature", "properties": { "OBJECTID": 33026, "id": "DENVER_2020_20242023335480", "x": -104.94428253173828, "y": 39.739841461181641, "robbery": 1 }, "geometry": { "type": "Point", "coordinates": [ -104.944282531999988, 39.739841461000026 ] } },
{ "type": "Feature", "properties": { "OBJECTID": 33027, "id": "DENVER_2020_20242023335839", "x": -104.99231719970703, "y": 39.709819793701172, "robbery": 1 }, "geometry": { "type": "Point", "coordinates": [ -104.992317199999945, 39.709819794000055 ] } },
{ "type": "Feature", "properties": { "OBJECTID": 33028, "id": "DENVER_2020_20242023336403", "x": -104.99935913085938, "y": 39.751651763916016, "robbery": 1 }, "geometry": { "type": "Point", "coordinates": [ -104.999359130999949, 39.75165176400003 ] } },
{ "type": "Feature", "properties": { "OBJECTID": 33029, "id": "DENVER_2020_20242023337686", "x": -105.00003051757812, "y": 39.751220703125, "robbery": 1 }, "geometry": { "type": "Point", "coordinates": [ -105.00003051799996, 39.751220703000058 ] } },
{ "type": "Feature", "properties": { "OBJECTID": 33030, "id": "DENVER_2020_20242023337920", "x": -105.05198669433594, "y": 39.740749359130859, "robbery": 1 }, "geometry": { "type": "Point", "coordinates": [ -105.051986694, 39.740749359000063 ] } },
{ "type": "Feature", "properties": { "OBJECTID": 33031, "id": "DENVER_2020_20242023338150", "x": -104.97862243652344, "y": 39.765430450439453, "robbery": 1 }, "geometry": { "type": "Point", "coordinates": [ -104.978622436999956, 39.765430450000053 ] } },
{ "type": "Feature", "properties": { "OBJECTID": 33032, "id": "DENVER_2020_20242023338496", "x": -104.90300750732422, "y": 39.740478515625, "robbery": 1 }, "geometry": { "type": "Point", "coordinates": [ -104.903007506999984, 39.740478516000053 ] } },
{ "type": "Feature", "properties": { "OBJECTID": 33033, "id": "DENVER_2020_20242023339375", "x": -104.98358917236328, "y": 39.747550964355469, "robbery": 1 }, "geometry": { "type": "Point", "coordinates": [ -104.983589171999938, 39.747550964000027 ] } },
{ "type": "Feature", "properties": { "OBJECTID": 33034, "id": "DENVER_2020_2024202333944", "x": -104.92037963867188, "y": 39.706130981445312, "robbery": 1 }, "geometry": { "type": "Point", "coordinates": [ -104.920379638999975, 39.706130981000058 ] } },
{ "type": "Feature", "properties": { "OBJECTID": 33035, "id": "DENVER_2020_2024202333946", "x": -105.01973724365234, "y": 39.761909484863281, "robbery": 1 }, "geometry": { "type": "Point", "coordinates": [ -105.019737243999941, 39.761909485000047 ] } },
{ "type": "Feature", "properties": { "OBJECTID": 33036, "id": "DENVER_2020_20242023339699", "x": -104.8486328125, "y": 39.781070709228516, "robbery": 1 }, "geometry": { "type": "Point", "coordinates": [ -104.848632812999938, 39.781070709000062 ] } },
{ "type": "Feature", "properties": { "OBJECTID": 33037, "id": "DENVER_2020_2024202334001", "x": -104.90107727050781, "y": 39.630619049072266, "robbery": 1 }, "geometry": { "type": "Point", "coordinates": [ -104.901077270999963, 39.630619049000074 ] } },
{ "type": "Feature", "properties": { "OBJECTID": 33038, "id": "DENVER_2020_20242023341385", "x": -104.90541076660156, "y": 39.698020935058594, "robbery": 1 }, "geometry": { "type": "Point", "coordinates": [ -104.905410766999978, 39.698020935000045 ] } },
{ "type": "Feature", "properties": { "OBJECTID": 33039, "id": "DENVER_2020_20242023341485", "x": -105.01802825927734, "y": 39.678668975830078, "robbery": 1 }, "geometry": { "type": "Point", "coordinates": [ -105.018028258999948, 39.67866897600004 ] } },
{ "type": "Feature", "properties": { "OBJECTID": 33040, "id": "DENVER_2020_20242023343024", "x": -104.99726104736328, "y": 39.747020721435547, "robbery": 1 }, "geometry": { "type": "Point", "coordinates": [ -104.997261046999938, 39.747020721000069 ] } },
{ "type": "Feature", "properties": { "OBJECTID": 33041, "id": "DENVER_2020_20242023343547", "x": -105.00955200195312, "y": 39.755378723144531, "robbery": 1 }, "geometry": { "type": "Point", "coordinates": [ -105.009552001999964, 39.755378723000035 ] } },
{ "type": "Feature", "properties": { "OBJECTID": 33042, "id": "DENVER_2020_20242023345193", "x": -105.05275726318359, "y": 39.744430541992188, "robbery": 1 }, "geometry": { "type": "Point", "coordinates": [ -105.052757263, 39.744430542000032 ] } },
{ "type": "Feature", "properties": { "OBJECTID": 33043, "id": "DENVER_2020_20242023345860", "x": -104.84845733642578, "y": 39.771800994873047, "robbery": 1 }, "geometry": { "type": "Point", "coordinates": [ -104.848457335999967, 39.771800995000035 ] } },
{ "type": "Feature", "properties": { "OBJECTID": 33044, "id": "DENVER_2020_20242023345937", "x": -104.77483367919922, "y": 39.7830810546875, "robbery": 1 }, "geometry": { "type": "Point", "coordinates": [ -104.774833678999983, 39.783081055000025 ] } },
{ "type": "Feature", "properties": { "OBJECTID": 33045, "id": "DENVER_2020_20242023348082", "x": -104.9732666015625, "y": 39.746448516845703, "robbery": 1 }, "geometry": { "type": "Point", "coordinates": [ -104.973266601999967, 39.746448517000033 ] } },
{ "type": "Feature", "properties": { "OBJECTID": 33046, "id": "DENVER_2020_20242023348324", "x": -104.84517669677734, "y": 39.786350250244141, "robbery": 1 }, "geometry": { "type": "Point", "coordinates": [ -104.845176696999943, 39.786350250000055 ] } },
{ "type": "Feature", "properties": { "OBJECTID": 33047, "id": "DENVER_2020_20242023348611", "x": -104.74363708496094, "y": 39.794609069824219, "robbery": 1 }, "geometry": { "type": "Point", "coordinates": [ -104.743637084999989, 39.794609070000035 ] } },
{ "type": "Feature", "properties": { "OBJECTID": 33048, "id": "DENVER_2020_20242023348950", "x": -105.08383941650391, "y": 39.638278961181641, "robbery": 1 }, "geometry": { "type": "Point", "coordinates": [ -105.083839416999979, 39.638278961000026 ] } },
{ "type": "Feature", "properties": { "OBJECTID": 33049, "id": "DENVER_2020_20242023349411", "x": -104.89794921875, "y": 39.769691467285156, "robbery": 1 }, "geometry": { "type": "Point", "coordinates": [ -104.897949218999941, 39.76969146700003 ] } },
{ "type": "Feature", "properties": { "OBJECTID": 33050, "id": "DENVER_2020_20242023350295", "x": -104.98877716064453, "y": 39.751861572265625, "robbery": 1 }, "geometry": { "type": "Point", "coordinates": [ -104.988777160999973, 39.751861572000053 ] } },
{ "type": "Feature", "properties": { "OBJECTID": 33051, "id": "DENVER_2020_20242023350461", "x": -104.90457153320312, "y": 39.767391204833984, "robbery": 1 }, "geometry": { "type": "Point", "coordinates": [ -104.904571532999967, 39.767391205000081 ] } },
{ "type": "Feature", "properties": { "OBJECTID": 33052, "id": "DENVER_2020_20242023350719", "x": -104.98477172851562, "y": 39.736061096191406, "robbery": 1 }, "geometry": { "type": "Point", "coordinates": [ -104.984771728999988, 39.736061096000071 ] } },
{ "type": "Feature", "properties": { "OBJECTID": 33053, "id": "DENVER_2020_20242023350799", "x": -104.90859222412109, "y": 39.765380859375, "robbery": 1 }, "geometry": { "type": "Point", "coordinates": [ -104.90859222399996, 39.765380859000061 ] } },
{ "type": "Feature", "properties": { "OBJECTID": 33054, "id": "DENVER_2020_20242023353191", "x": -104.92269134521484, "y": 39.690528869628906, "robbery": 1 }, "geometry": { "type": "Point", "coordinates": [ -104.922691344999976, 39.690528870000037 ] } },
{ "type": "Feature", "properties": { "OBJECTID": 33055, "id": "DENVER_2020_20242023353201", "x": -104.98874664306641, "y": 39.687580108642578, "robbery": 1 }, "geometry": { "type": "Point", "coordinates": [ -104.988746642999956, 39.687580109000066 ] } },
{ "type": "Feature", "properties": { "OBJECTID": 33056, "id": "DENVER_2020_20242023353494", "x": -105.00334167480469, "y": 39.744758605957031, "robbery": 1 }, "geometry": { "type": "Point", "coordinates": [ -105.003341674999945, 39.744758606000062 ] } },
{ "type": "Feature", "properties": { "OBJECTID": 33057, "id": "DENVER_2020_20242023354248", "x": -104.94017028808594, "y": 39.762321472167969, "robbery": 1 }, "geometry": { "type": "Point", "coordinates": [ -104.940170288, 39.762321472000053 ] } },
{ "type": "Feature", "properties": { "OBJECTID": 33058, "id": "DENVER_2020_20242023354331", "x": -104.89434814453125, "y": 39.740440368652344, "robbery": 1 }, "geometry": { "type": "Point", "coordinates": [ -104.894348144999981, 39.740440369000055 ] } },
{ "type": "Feature", "properties": { "OBJECTID": 33059, "id": "DENVER_2020_20242023354576", "x": -104.96510314941406, "y": 39.740318298339844, "robbery": 1 }, "geometry": { "type": "Point", "coordinates": [ -104.965103148999958, 39.740318298000034 ] } },
{ "type": "Feature", "properties": { "OBJECTID": 33060, "id": "DENVER_2020_20242023354593", "x": -105.03235626220703, "y": 39.735641479492188, "robbery": 1 }, "geometry": { "type": "Point", "coordinates": [ -105.032356261999951, 39.735641479000037 ] } },
{ "type": "Feature", "properties": { "OBJECTID": 33061, "id": "DENVER_2020_20242023355221", "x": -105.02427673339844, "y": 39.692230224609375, "robbery": 1 }, "geometry": { "type": "Point", "coordinates": [ -105.024276732999965, 39.69223022500006 ] } },
{ "type": "Feature", "properties": { "OBJECTID": 33062, "id": "DENVER_2020_20242023355614", "x": -104.77188873291016, "y": 39.825481414794922, "robbery": 1 }, "geometry": { "type": "Point", "coordinates": [ -104.771888732999969, 39.82548141500007 ] } },
{ "type": "Feature", "properties": { "OBJECTID": 33063, "id": "DENVER_2020_20242023355892", "x": -104.90548706054688, "y": 39.760139465332031, "robbery": 1 }, "geometry": { "type": "Point", "coordinates": [ -104.905487060999974, 39.760139465000066 ] } },
{ "type": "Feature", "properties": { "OBJECTID": 33064, "id": "DENVER_2020_20242023355980", "x": -104.97086334228516, "y": 39.768161773681641, "robbery": 1 }, "geometry": { "type": "Point", "coordinates": [ -104.970863341999973, 39.768161774000077 ] } },
{ "type": "Feature", "properties": { "OBJECTID": 33065, "id": "DENVER_2020_20242023356077", "x": -105.02438354492188, "y": 39.672050476074219, "robbery": 1 }, "geometry": { "type": "Point", "coordinates": [ -105.024383544999978, 39.672050476000038 ] } },
{ "type": "Feature", "properties": { "OBJECTID": 33066, "id": "DENVER_2020_2024202335616", "x": -104.89909362792969, "y": 39.740470886230469, "robbery": 1 }, "geometry": { "type": "Point", "coordinates": [ -104.899093627999946, 39.740470886000026 ] } },
{ "type": "Feature", "properties": { "OBJECTID": 33067, "id": "DENVER_2020_2024202335637", "x": -104.96872711181641, "y": 39.6868896484375, "robbery": 1 }, "geometry": { "type": "Point", "coordinates": [ -104.968727111999954, 39.686889648000033 ] } },
{ "type": "Feature", "properties": { "OBJECTID": 33068, "id": "DENVER_2020_20242023356560", "x": -104.94904327392578, "y": 39.664321899414062, "robbery": 1 }, "geometry": { "type": "Point", "coordinates": [ -104.949043273999962, 39.664321899000072 ] } },
{ "type": "Feature", "properties": { "OBJECTID": 33069, "id": "DENVER_2020_20242023357008", "x": -105.04782104492188, "y": 39.654129028320312, "robbery": 1 }, "geometry": { "type": "Point", "coordinates": [ -105.047821044999978, 39.654129028000057 ] } },
{ "type": "Feature", "properties": { "OBJECTID": 33070, "id": "DENVER_2020_20242023357792", "x": -104.98616027832031, "y": 39.750999450683594, "robbery": 1 }, "geometry": { "type": "Point", "coordinates": [ -104.986160277999943, 39.750999451000041 ] } },
{ "type": "Feature", "properties": { "OBJECTID": 33071, "id": "DENVER_2020_20242023357978", "x": -104.99163818359375, "y": 39.745231628417969, "robbery": 1 }, "geometry": { "type": "Point", "coordinates": [ -104.991638183999953, 39.745231628000056 ] } },
{ "type": "Feature", "properties": { "OBJECTID": 33072, "id": "DENVER_2020_20242023359021", "x": -104.94123840332031, "y": 39.677890777587891, "robbery": 1 }, "geometry": { "type": "Point", "coordinates": [ -104.941238402999943, 39.677890778000062 ] } },
{ "type": "Feature", "properties": { "OBJECTID": 33073, "id": "DENVER_2020_20242023359844", "x": -105.009521484375, "y": 39.745071411132812, "robbery": 1 }, "geometry": { "type": "Point", "coordinates": [ -105.009521483999947, 39.745071411000026 ] } },
{ "type": "Feature", "properties": { "OBJECTID": 33074, "id": "DENVER_2020_20242023360703", "x": -104.98805999755859, "y": 39.709690093994141, "robbery": 1 }, "geometry": { "type": "Point", "coordinates": [ -104.988059997999983, 39.709690094000052 ] } },
{ "type": "Feature", "properties": { "OBJECTID": 33075, "id": "DENVER_2020_20242023361048", "x": -104.90081024169922, "y": 39.767368316650391, "robbery": 1 }, "geometry": { "type": "Point", "coordinates": [ -104.900810241999977, 39.767368317000034 ] } },
{ "type": "Feature", "properties": { "OBJECTID": 33076, "id": "DENVER_2020_20242023361444", "x": -105.02465057373047, "y": 39.662429809570312, "robbery": 1 }, "geometry": { "type": "Point", "coordinates": [ -105.024650573999963, 39.662429810000049 ] } },
{ "type": "Feature", "properties": { "OBJECTID": 33077, "id": "DENVER_2020_20242023361936", "x": -104.97646331787109, "y": 39.738418579101562, "robbery": 1 }, "geometry": { "type": "Point", "coordinates": [ -104.976463317999958, 39.73841857900004 ] } },
{ "type": "Feature", "properties": { "OBJECTID": 33078, "id": "DENVER_2020_20242023362450", "x": -104.94142150878906, "y": 39.689899444580078, "robbery": 1 }, "geometry": { "type": "Point", "coordinates": [ -104.941421508999952, 39.689899445000037 ] } },
{ "type": "Feature", "properties": { "OBJECTID": 33079, "id": "DENVER_2020_20242023362792", "x": -104.95269012451172, "y": 39.717529296875, "robbery": 1 }, "geometry": { "type": "Point", "coordinates": [ -104.952690124999947, 39.717529297000056 ] } },
{ "type": "Feature", "properties": { "OBJECTID": 33080, "id": "DENVER_2020_20242023364084", "x": -104.94106292724609, "y": 39.693439483642578, "robbery": 1 }, "geometry": { "type": "Point", "coordinates": [ -104.941062926999962, 39.693439484000066 ] } },
{ "type": "Feature", "properties": { "OBJECTID": 33081, "id": "DENVER_2020_2024202336434", "x": -105.04743194580078, "y": 39.778369903564453, "robbery": 1 }, "geometry": { "type": "Point", "coordinates": [ -105.047431945999961, 39.778369904000044 ] } },
{ "type": "Feature", "properties": { "OBJECTID": 33082, "id": "DENVER_2020_20242023364350", "x": -104.89167785644531, "y": 39.740150451660156, "robbery": 1 }, "geometry": { "type": "Point", "coordinates": [ -104.891677855999944, 39.74015045200008 ] } },
{ "type": "Feature", "properties": { "OBJECTID": 33083, "id": "DENVER_2020_20242023364661", "x": -104.86682891845703, "y": 39.759449005126953, "robbery": 1 }, "geometry": { "type": "Point", "coordinates": [ -104.866828917999953, 39.759449005000079 ] } },
{ "type": "Feature", "properties": { "OBJECTID": 33084, "id": "DENVER_2020_20242023366922", "x": -104.89054870605469, "y": 39.740150451660156, "robbery": 1 }, "geometry": { "type": "Point", "coordinates": [ -104.890548705999947, 39.74015045200008 ] } },
{ "type": "Feature", "properties": { "OBJECTID": 33085, "id": "DENVER_2020_20242023367041", "x": -104.90065765380859, "y": 39.766998291015625, "robbery": 1 }, "geometry": { "type": "Point", "coordinates": [ -104.900657653999986, 39.76699829100005 ] } },
{ "type": "Feature", "properties": { "OBJECTID": 33086, "id": "DENVER_2020_20242023367741", "x": -104.88527679443359, "y": 39.653450012207031, "robbery": 1 }, "geometry": { "type": "Point", "coordinates": [ -104.885276794, 39.653450012000064 ] } },
{ "type": "Feature", "properties": { "OBJECTID": 33087, "id": "DENVER_2020_20242023368625", "x": -104.97310638427734, "y": 39.679210662841797, "robbery": 1 }, "geometry": { "type": "Point", "coordinates": [ -104.973106383999948, 39.679210663000049 ] } },
{ "type": "Feature", "properties": { "OBJECTID": 33088, "id": "DENVER_2020_20242023369009", "x": -104.9752197265625, "y": 39.738979339599609, "robbery": 1 }, "geometry": { "type": "Point", "coordinates": [ -104.975219726999967, 39.738979340000071 ] } },
{ "type": "Feature", "properties": { "OBJECTID": 33089, "id": "DENVER_2020_20242023369383", "x": -105.02516174316406, "y": 39.732990264892578, "robbery": 1 }, "geometry": { "type": "Point", "coordinates": [ -105.025161742999956, 39.732990265000069 ] } },
{ "type": "Feature", "properties": { "OBJECTID": 33090, "id": "DENVER_2020_2024202336950", "x": -104.92745208740234, "y": 39.668720245361328, "robbery": 1 }, "geometry": { "type": "Point", "coordinates": [ -104.927452086999949, 39.668720245000031 ] } },
{ "type": "Feature", "properties": { "OBJECTID": 33091, "id": "DENVER_2020_20242023369698", "x": -104.90541076660156, "y": 39.698020935058594, "robbery": 1 }, "geometry": { "type": "Point", "coordinates": [ -104.905410766999978, 39.698020935000045 ] } },
{ "type": "Feature", "properties": { "OBJECTID": 33092, "id": "DENVER_2020_20242023369932", "x": -104.88304138183594, "y": 39.779911041259766, "robbery": 1 }, "geometry": { "type": "Point", "coordinates": [ -104.883041381999988, 39.779911041000048 ] } },
{ "type": "Feature", "properties": { "OBJECTID": 33093, "id": "DENVER_2020_20242023371142", "x": -104.99343109130859, "y": 39.748989105224609, "robbery": 1 }, "geometry": { "type": "Point", "coordinates": [ -104.993431091, 39.748989105000078 ] } },
{ "type": "Feature", "properties": { "OBJECTID": 33094, "id": "DENVER_2020_20242023371269", "x": -104.96846008300781, "y": 39.740009307861328, "robbery": 1 }, "geometry": { "type": "Point", "coordinates": [ -104.968460082999968, 39.740009308000026 ] } },
{ "type": "Feature", "properties": { "OBJECTID": 33095, "id": "DENVER_2020_20242023372924", "x": -104.99501037597656, "y": 39.690399169921875, "robbery": 1 }, "geometry": { "type": "Point", "coordinates": [ -104.995010375999982, 39.690399170000035 ] } },
{ "type": "Feature", "properties": { "OBJECTID": 33096, "id": "DENVER_2020_20242023373004", "x": -104.92769622802734, "y": 39.707408905029297, "robbery": 1 }, "geometry": { "type": "Point", "coordinates": [ -104.927696227999945, 39.707408905000079 ] } },
{ "type": "Feature", "properties": { "OBJECTID": 33097, "id": "DENVER_2020_20242023373429", "x": -105.02613067626953, "y": 39.680381774902344, "robbery": 1 }, "geometry": { "type": "Point", "coordinates": [ -105.02613067599998, 39.680381775000058 ] } },
{ "type": "Feature", "properties": { "OBJECTID": 33098, "id": "DENVER_2020_20242023374247", "x": -104.77332305908203, "y": 39.793239593505859, "robbery": 1 }, "geometry": { "type": "Point", "coordinates": [ -104.773323058999949, 39.793239594000056 ] } },
{ "type": "Feature", "properties": { "OBJECTID": 33099, "id": "DENVER_2020_2024202337575", "x": -104.87547302246094, "y": 39.798469543457031, "robbery": 1 }, "geometry": { "type": "Point", "coordinates": [ -104.875473021999937, 39.798469543000067 ] } },
{ "type": "Feature", "properties": { "OBJECTID": 33100, "id": "DENVER_2020_20242023376473", "x": -105.00167846679688, "y": 39.768661499023438, "robbery": 1 }, "geometry": { "type": "Point", "coordinates": [ -105.001678466999977, 39.768661499000075 ] } },
{ "type": "Feature", "properties": { "OBJECTID": 33101, "id": "DENVER_2020_20242023377003", "x": -104.97309875488281, "y": 39.740028381347656, "robbery": 1 }, "geometry": { "type": "Point", "coordinates": [ -104.973098754999967, 39.740028381000059 ] } },
{ "type": "Feature", "properties": { "OBJECTID": 33102, "id": "DENVER_2020_2024202337702", "x": -104.90825653076172, "y": 39.702598571777344, "robbery": 1 }, "geometry": { "type": "Point", "coordinates": [ -104.90825653099995, 39.702598572000056 ] } },
{ "type": "Feature", "properties": { "OBJECTID": 33103, "id": "DENVER_2020_2024202337711", "x": -104.94593811035156, "y": 39.714820861816406, "robbery": 1 }, "geometry": { "type": "Point", "coordinates": [ -104.945938109999986, 39.714820862000067 ] } },
{ "type": "Feature", "properties": { "OBJECTID": 33104, "id": "DENVER_2020_20242023378487", "x": -104.98612976074219, "y": 39.733848571777344, "robbery": 1 }, "geometry": { "type": "Point", "coordinates": [ -104.986129760999972, 39.733848572000056 ] } },
{ "type": "Feature", "properties": { "OBJECTID": 33105, "id": "DENVER_2020_20242023378523", "x": -104.89015960693359, "y": 39.743629455566406, "robbery": 1 }, "geometry": { "type": "Point", "coordinates": [ -104.890159606999987, 39.743629456000065 ] } },
{ "type": "Feature", "properties": { "OBJECTID": 33106, "id": "DENVER_2020_2024202337902", "x": -104.9752197265625, "y": 39.738979339599609, "robbery": 1 }, "geometry": { "type": "Point", "coordinates": [ -104.975219726999967, 39.738979340000071 ] } },
{ "type": "Feature", "properties": { "OBJECTID": 33107, "id": "DENVER_2020_20242023379161", "x": -104.99919891357422, "y": 39.739040374755859, "robbery": 1 }, "geometry": { "type": "Point", "coordinates": [ -104.999198913999976, 39.739040375000059 ] } },
{ "type": "Feature", "properties": { "OBJECTID": 33108, "id": "DENVER_2020_20242023379572", "x": -104.97663879394531, "y": 39.747989654541016, "robbery": 1 }, "geometry": { "type": "Point", "coordinates": [ -104.976638793999939, 39.747989655000026 ] } },
{ "type": "Feature", "properties": { "OBJECTID": 33109, "id": "DENVER_2020_20242023379722", "x": -104.93305206298828, "y": 39.676628112792969, "robbery": 1 }, "geometry": { "type": "Point", "coordinates": [ -104.933052063, 39.676628113000049 ] } },
{ "type": "Feature", "properties": { "OBJECTID": 33110, "id": "DENVER_2020_20242023379734", "x": -104.89290618896484, "y": 39.711311340332031, "robbery": 1 }, "geometry": { "type": "Point", "coordinates": [ -104.892906188999973, 39.711311340000066 ] } },
{ "type": "Feature", "properties": { "OBJECTID": 33111, "id": "DENVER_2020_20242023379741", "x": -104.99365997314453, "y": 39.753288269042969, "robbery": 1 }, "geometry": { "type": "Point", "coordinates": [ -104.993659972999978, 39.753288269000052 ] } },
{ "type": "Feature", "properties": { "OBJECTID": 33112, "id": "DENVER_2020_20242023379987", "x": -105.03043365478516, "y": 39.691951751708984, "robbery": 1 }, "geometry": { "type": "Point", "coordinates": [ -105.030433654999968, 39.69195175200008 ] } },
{ "type": "Feature", "properties": { "OBJECTID": 33113, "id": "DENVER_2020_20242023380370", "x": -105.04139709472656, "y": 39.698581695556641, "robbery": 1 }, "geometry": { "type": "Point", "coordinates": [ -105.041397094999979, 39.698581696000076 ] } },
{ "type": "Feature", "properties": { "OBJECTID": 33114, "id": "DENVER_2020_20242023380385", "x": -104.92610931396484, "y": 39.739768981933594, "robbery": 1 }, "geometry": { "type": "Point", "coordinates": [ -104.926109313999973, 39.739768982000044 ] } },
{ "type": "Feature", "properties": { "OBJECTID": 33115, "id": "DENVER_2020_20242023381227", "x": -104.96369934082031, "y": 39.684520721435547, "robbery": 1 }, "geometry": { "type": "Point", "coordinates": [ -104.963699340999938, 39.684520721000069 ] } },
{ "type": "Feature", "properties": { "OBJECTID": 33116, "id": "DENVER_2020_20242023381630", "x": -104.90310668945312, "y": 39.695850372314453, "robbery": 1 }, "geometry": { "type": "Point", "coordinates": [ -104.903106688999969, 39.695850372000052 ] } },
{ "type": "Feature", "properties": { "OBJECTID": 33117, "id": "DENVER_2020_202420233825", "x": -104.94019317626953, "y": 39.667018890380859, "robbery": 1 }, "geometry": { "type": "Point", "coordinates": [ -104.94019317599998, 39.667018890000065 ] } },
{ "type": "Feature", "properties": { "OBJECTID": 33118, "id": "DENVER_2020_20242023384257", "x": -105.0328369140625, "y": 39.718399047851562, "robbery": 1 }, "geometry": { "type": "Point", "coordinates": [ -105.032836913999972, 39.718399048000038 ] } },
{ "type": "Feature", "properties": { "OBJECTID": 33119, "id": "DENVER_2020_20242023384259", "x": -104.932373046875, "y": 39.734989166259766, "robbery": 1 }, "geometry": { "type": "Point", "coordinates": [ -104.932373046999942, 39.734989166000048 ] } },
{ "type": "Feature", "properties": { "OBJECTID": 33120, "id": "DENVER_2020_20242023384377", "x": -104.89642333984375, "y": 39.740161895751953, "robbery": 1 }, "geometry": { "type": "Point", "coordinates": [ -104.896423339999956, 39.740161896000075 ] } },
{ "type": "Feature", "properties": { "OBJECTID": 33121, "id": "DENVER_2020_20242023385215", "x": -104.94410705566406, "y": 39.71807861328125, "robbery": 1 }, "geometry": { "type": "Point", "coordinates": [ -104.94410705599995, 39.718078613000046 ] } },
{ "type": "Feature", "properties": { "OBJECTID": 33122, "id": "DENVER_2020_20242023385228", "x": -104.94468688964844, "y": 39.717929840087891, "robbery": 1 }, "geometry": { "type": "Point", "coordinates": [ -104.944686889999957, 39.717929840000068 ] } },
{ "type": "Feature", "properties": { "OBJECTID": 33123, "id": "DENVER_2020_20242023386247", "x": -105.07933044433594, "y": 39.662769317626953, "robbery": 1 }, "geometry": { "type": "Point", "coordinates": [ -105.079330444, 39.662769318000073 ] } },
{ "type": "Feature", "properties": { "OBJECTID": 33124, "id": "DENVER_2020_20242023386762", "x": -105.03211212158203, "y": 39.736370086669922, "robbery": 1 }, "geometry": { "type": "Point", "coordinates": [ -105.032112121999944, 39.736370087000068 ] } },
{ "type": "Feature", "properties": { "OBJECTID": 33125, "id": "DENVER_2020_20242023387692", "x": -104.90390014648438, "y": 39.727100372314453, "robbery": 1 }, "geometry": { "type": "Point", "coordinates": [ -104.903900145999955, 39.727100372000052 ] } },
{ "type": "Feature", "properties": { "OBJECTID": 33126, "id": "DENVER_2020_20242023387700", "x": -104.75092315673828, "y": 39.779201507568359, "robbery": 1 }, "geometry": { "type": "Point", "coordinates": [ -104.750923156999988, 39.779201508000028 ] } },
{ "type": "Feature", "properties": { "OBJECTID": 33127, "id": "DENVER_2020_20242023388550", "x": -105.00060272216797, "y": 39.727790832519531, "robbery": 1 }, "geometry": { "type": "Point", "coordinates": [ -105.00060272199994, 39.727790833000029 ] } },
{ "type": "Feature", "properties": { "OBJECTID": 33128, "id": "DENVER_2020_20242023388738", "x": -104.88523864746094, "y": 39.654850006103516, "robbery": 1 }, "geometry": { "type": "Point", "coordinates": [ -104.885238646999937, 39.654850006000061 ] } },
{ "type": "Feature", "properties": { "OBJECTID": 33129, "id": "DENVER_2020_20242023388906", "x": -105.05191802978516, "y": 39.727081298828125, "robbery": 1 }, "geometry": { "type": "Point", "coordinates": [ -105.051918029999968, 39.727081299000076 ] } },
{ "type": "Feature", "properties": { "OBJECTID": 33130, "id": "DENVER_2020_20242023389626", "x": -104.91130828857422, "y": 39.699420928955078, "robbery": 1 }, "geometry": { "type": "Point", "coordinates": [ -104.911308288999976, 39.699420929000041 ] } },
{ "type": "Feature", "properties": { "OBJECTID": 33131, "id": "DENVER_2020_2024202338971", "x": -104.99408721923828, "y": 39.766078948974609, "robbery": 1 }, "geometry": { "type": "Point", "coordinates": [ -104.994087218999937, 39.766078949000075 ] } },
{ "type": "Feature", "properties": { "OBJECTID": 33132, "id": "DENVER_2020_20242023389860", "x": -105.02720642089844, "y": 39.742668151855469, "robbery": 1 }, "geometry": { "type": "Point", "coordinates": [ -105.02720642099996, 39.742668152000078 ] } },
{ "type": "Feature", "properties": { "OBJECTID": 33133, "id": "DENVER_2020_20242023389971", "x": -105.00594329833984, "y": 39.782341003417969, "robbery": 1 }, "geometry": { "type": "Point", "coordinates": [ -105.005943297999977, 39.782341003000056 ] } },
{ "type": "Feature", "properties": { "OBJECTID": 33134, "id": "DENVER_2020_20242023390392", "x": -104.91599273681641, "y": 39.738780975341797, "robbery": 1 }, "geometry": { "type": "Point", "coordinates": [ -104.915992736999954, 39.738780975000054 ] } },
{ "type": "Feature", "properties": { "OBJECTID": 33135, "id": "DENVER_2020_2024202339049", "x": -104.810791015625, "y": 39.784309387207031, "robbery": 1 }, "geometry": { "type": "Point", "coordinates": [ -104.810791015999939, 39.784309387000064 ] } },
{ "type": "Feature", "properties": { "OBJECTID": 33136, "id": "DENVER_2020_20242023390535", "x": -104.76413726806641, "y": 39.798480987548828, "robbery": 1 }, "geometry": { "type": "Point", "coordinates": [ -104.764137267999956, 39.798480988000051 ] } },
{ "type": "Feature", "properties": { "OBJECTID": 33137, "id": "DENVER_2020_20242023390536", "x": -104.8988037109375, "y": 39.754219055175781, "robbery": 1 }, "geometry": { "type": "Point", "coordinates": [ -104.898803710999971, 39.754219055000078 ] } },
{ "type": "Feature", "properties": { "OBJECTID": 33138, "id": "DENVER_2020_20242023390990", "x": -105.02542114257812, "y": 39.697498321533203, "robbery": 1 }, "geometry": { "type": "Point", "coordinates": [ -105.02542114299996, 39.697498322000058 ] } },
{ "type": "Feature", "properties": { "OBJECTID": 33139, "id": "DENVER_2020_20242023391383", "x": -104.96687316894531, "y": 39.739681243896484, "robbery": 1 }, "geometry": { "type": "Point", "coordinates": [ -104.966873168999939, 39.739681244000053 ] } },
{ "type": "Feature", "properties": { "OBJECTID": 33140, "id": "DENVER_2020_2024202339141", "x": -105.02189636230469, "y": 39.677581787109375, "robbery": 1 }, "geometry": { "type": "Point", "coordinates": [ -105.02189636199995, 39.677581787000065 ] } },
{ "type": "Feature", "properties": { "OBJECTID": 33141, "id": "DENVER_2020_20242023391777", "x": -104.75340270996094, "y": 39.777469635009766, "robbery": 1 }, "geometry": { "type": "Point", "coordinates": [ -104.753402709999989, 39.777469635000045 ] } },
{ "type": "Feature", "properties": { "OBJECTID": 33142, "id": "DENVER_2020_20242023392031", "x": -104.76782989501953, "y": 39.784530639648438, "robbery": 1 }, "geometry": { "type": "Point", "coordinates": [ -104.767829894999977, 39.784530640000071 ] } },
{ "type": "Feature", "properties": { "OBJECTID": 33143, "id": "DENVER_2020_20242023392385", "x": -105.04859924316406, "y": 39.710578918457031, "robbery": 1 }, "geometry": { "type": "Point", "coordinates": [ -105.048599242999956, 39.710578918000067 ] } },
{ "type": "Feature", "properties": { "OBJECTID": 33144, "id": "DENVER_2020_20242023392680", "x": -104.96739959716797, "y": 39.760089874267578, "robbery": 1 }, "geometry": { "type": "Point", "coordinates": [ -104.96739959699994, 39.760089874000073 ] } },
{ "type": "Feature", "properties": { "OBJECTID": 33145, "id": "DENVER_2020_20242023392849", "x": -104.99131011962891, "y": 39.744319915771484, "robbery": 1 }, "geometry": { "type": "Point", "coordinates": [ -104.99131011999998, 39.744319916000052 ] } },
{ "type": "Feature", "properties": { "OBJECTID": 33146, "id": "DENVER_2020_2024202339316", "x": -104.87799835205078, "y": 39.773788452148438, "robbery": 1 }, "geometry": { "type": "Point", "coordinates": [ -104.877998351999963, 39.773788452000076 ] } },
{ "type": "Feature", "properties": { "OBJECTID": 33147, "id": "DENVER_2020_20242023393582", "x": -105.01246643066406, "y": 39.748920440673828, "robbery": 1 }, "geometry": { "type": "Point", "coordinates": [ -105.01246643099995, 39.748920441000053 ] } },
{ "type": "Feature", "properties": { "OBJECTID": 33148, "id": "DENVER_2020_20242023393882", "x": -104.99918365478516, "y": 39.75054931640625, "robbery": 1 }, "geometry": { "type": "Point", "coordinates": [ -104.999183654999968, 39.750549316000047 ] } },
{ "type": "Feature", "properties": { "OBJECTID": 33149, "id": "DENVER_2020_20242023394087", "x": -104.75240325927734, "y": 39.773078918457031, "robbery": 1 }, "geometry": { "type": "Point", "coordinates": [ -104.752403258999948, 39.773078918000067 ] } },
{ "type": "Feature", "properties": { "OBJECTID": 33150, "id": "DENVER_2020_20242023394253", "x": -104.94096374511719, "y": 39.765289306640625, "robbery": 1 }, "geometry": { "type": "Point", "coordinates": [ -104.940963744999976, 39.765289307000046 ] } },
{ "type": "Feature", "properties": { "OBJECTID": 33151, "id": "DENVER_2020_20242023394304", "x": -105.03502655029297, "y": 39.684490203857422, "robbery": 1 }, "geometry": { "type": "Point", "coordinates": [ -105.035026549999941, 39.684490204000042 ] } },
{ "type": "Feature", "properties": { "OBJECTID": 33152, "id": "DENVER_2020_20242023395348", "x": -105.02366638183594, "y": 39.678230285644531, "robbery": 1 }, "geometry": { "type": "Point", "coordinates": [ -105.023666381999988, 39.67823028600003 ] } },
{ "type": "Feature", "properties": { "OBJECTID": 33153, "id": "DENVER_2020_20242023395541", "x": -105.05357360839844, "y": 39.733348846435547, "robbery": 1 }, "geometry": { "type": "Point", "coordinates": [ -105.053573607999965, 39.733348846000069 ] } },
{ "type": "Feature", "properties": { "OBJECTID": 33154, "id": "DENVER_2020_20242023395737", "x": -105.01244354248047, "y": 39.766571044921875, "robbery": 1 }, "geometry": { "type": "Point", "coordinates": [ -105.012443541999971, 39.766571045000035 ] } },
{ "type": "Feature", "properties": { "OBJECTID": 33155, "id": "DENVER_2020_20242023395747", "x": -104.97048187255859, "y": 39.732990264892578, "robbery": 1 }, "geometry": { "type": "Point", "coordinates": [ -104.970481872999983, 39.732990265000069 ] } },
{ "type": "Feature", "properties": { "OBJECTID": 33156, "id": "DENVER_2020_20242023395818", "x": -104.82958984375, "y": 39.796779632568359, "robbery": 1 }, "geometry": { "type": "Point", "coordinates": [ -104.829589843999941, 39.796779633000028 ] } },
{ "type": "Feature", "properties": { "OBJECTID": 33157, "id": "DENVER_2020_20242023395885", "x": -104.88754272460938, "y": 39.786128997802734, "robbery": 1 }, "geometry": { "type": "Point", "coordinates": [ -104.887542724999946, 39.786128998000038 ] } },
{ "type": "Feature", "properties": { "OBJECTID": 33158, "id": "DENVER_2020_20242023396251", "x": -104.88616943359375, "y": 39.740451812744141, "robbery": 1 }, "geometry": { "type": "Point", "coordinates": [ -104.886169433999953, 39.74045181300005 ] } },
{ "type": "Feature", "properties": { "OBJECTID": 33159, "id": "DENVER_2020_20242023396286", "x": -104.77115631103516, "y": 39.783210754394531, "robbery": 1 }, "geometry": { "type": "Point", "coordinates": [ -104.77115631099997, 39.783210754000038 ] } },
{ "type": "Feature", "properties": { "OBJECTID": 33160, "id": "DENVER_2020_20242023396535", "x": -104.8079833984375, "y": 39.784458160400391, "robbery": 1 }, "geometry": { "type": "Point", "coordinates": [ -104.807983397999976, 39.784458160000042 ] } },
{ "type": "Feature", "properties": { "OBJECTID": 33161, "id": "DENVER_2020_20242023396778", "x": -104.99999237060547, "y": 39.72760009765625, "robbery": 1 }, "geometry": { "type": "Point", "coordinates": [ -104.999992370999962, 39.727600098000039 ] } },
{ "type": "Feature", "properties": { "OBJECTID": 33162, "id": "DENVER_2020_20242023396850", "x": -104.99400329589844, "y": 39.737251281738281, "robbery": 1 }, "geometry": { "type": "Point", "coordinates": [ -104.99400329599996, 39.737251282000045 ] } },
{ "type": "Feature", "properties": { "OBJECTID": 33163, "id": "DENVER_2020_20242023397206", "x": -104.93531036376953, "y": 39.736068725585938, "robbery": 1 }, "geometry": { "type": "Point", "coordinates": [ -104.935310363999974, 39.736068726000042 ] } },
{ "type": "Feature", "properties": { "OBJECTID": 33164, "id": "DENVER_2020_20242023397516", "x": -104.98374938964844, "y": 39.751708984375, "robbery": 1 }, "geometry": { "type": "Point", "coordinates": [ -104.983749389999957, 39.751708984000061 ] } },
{ "type": "Feature", "properties": { "OBJECTID": 33165, "id": "DENVER_2020_20242023397822", "x": -104.88527679443359, "y": 39.653450012207031, "robbery": 1 }, "geometry": { "type": "Point", "coordinates": [ -104.885276794, 39.653450012000064 ] } },
{ "type": "Feature", "properties": { "OBJECTID": 33166, "id": "DENVER_2020_20242023398540", "x": -104.90379333496094, "y": 39.718170166015625, "robbery": 1 }, "geometry": { "type": "Point", "coordinates": [ -104.903793334999989, 39.71817016600005 ] } },
{ "type": "Feature", "properties": { "OBJECTID": 33167, "id": "DENVER_2020_20242023399648", "x": -105.02542877197266, "y": 39.755870819091797, "robbery": 1 }, "geometry": { "type": "Point", "coordinates": [ -105.025428771999941, 39.755870819000052 ] } },
{ "type": "Feature", "properties": { "OBJECTID": 33168, "id": "DENVER_2020_2024202340106", "x": -104.95571136474609, "y": 39.717529296875, "robbery": 1 }, "geometry": { "type": "Point", "coordinates": [ -104.955711364999956, 39.717529297000056 ] } },
{ "type": "Feature", "properties": { "OBJECTID": 33169, "id": "DENVER_2020_20242023402107", "x": -105.01410675048828, "y": 39.682521820068359, "robbery": 1 }, "geometry": { "type": "Point", "coordinates": [ -105.014106749999939, 39.682521820000034 ] } },
{ "type": "Feature", "properties": { "OBJECTID": 33170, "id": "DENVER_2020_20242023402210", "x": -104.98081970214844, "y": 39.740299224853516, "robbery": 1 }, "geometry": { "type": "Point", "coordinates": [ -104.980819701999962, 39.740299225000058 ] } },
{ "type": "Feature", "properties": { "OBJECTID": 33171, "id": "DENVER_2020_20242023402343", "x": -104.97960662841797, "y": 39.743019104003906, "robbery": 1 }, "geometry": { "type": "Point", "coordinates": [ -104.979606627999942, 39.743019104000041 ] } },
{ "type": "Feature", "properties": { "OBJECTID": 33172, "id": "DENVER_2020_20242023403540", "x": -105.04087066650391, "y": 39.708038330078125, "robbery": 1 }, "geometry": { "type": "Point", "coordinates": [ -105.040870666999979, 39.708038330000079 ] } },
{ "type": "Feature", "properties": { "OBJECTID": 33173, "id": "DENVER_2020_20242023404099", "x": -104.99163818359375, "y": 39.753890991210938, "robbery": 1 }, "geometry": { "type": "Point", "coordinates": [ -104.991638183999953, 39.753890991000048 ] } },
{ "type": "Feature", "properties": { "OBJECTID": 33174, "id": "DENVER_2020_20242023404255", "x": -104.99706268310547, "y": 39.759769439697266, "robbery": 1 }, "geometry": { "type": "Point", "coordinates": [ -104.997062682999967, 39.759769440000071 ] } },
{ "type": "Feature", "properties": { "OBJECTID": 33175, "id": "DENVER_2020_20242023406372", "x": -104.95899200439453, "y": 39.672779083251953, "robbery": 1 }, "geometry": { "type": "Point", "coordinates": [ -104.958992003999981, 39.67277908300008 ] } },
{ "type": "Feature", "properties": { "OBJECTID": 33176, "id": "DENVER_2020_20242023406601", "x": -105.02622985839844, "y": 39.689411163330078, "robbery": 1 }, "geometry": { "type": "Point", "coordinates": [ -105.026229857999965, 39.689411163000045 ] } },
{ "type": "Feature", "properties": { "OBJECTID": 33177, "id": "DENVER_2020_2024202340737", "x": -104.9652099609375, "y": 39.682098388671875, "robbery": 1 }, "geometry": { "type": "Point", "coordinates": [ -104.965209960999971, 39.682098389000032 ] } },
{ "type": "Feature", "properties": { "OBJECTID": 33178, "id": "DENVER_2020_20242023407534", "x": -104.97415161132812, "y": 39.740020751953125, "robbery": 1 }, "geometry": { "type": "Point", "coordinates": [ -104.974151610999968, 39.740020752000078 ] } },
{ "type": "Feature", "properties": { "OBJECTID": 33179, "id": "DENVER_2020_2024202340755", "x": -105.02349853515625, "y": 39.776878356933594, "robbery": 1 }, "geometry": { "type": "Point", "coordinates": [ -105.023498534999987, 39.776878357000044 ] } },
{ "type": "Feature", "properties": { "OBJECTID": 33180, "id": "DENVER_2020_20242023407791", "x": -104.98018646240234, "y": 39.740749359130859, "robbery": 1 }, "geometry": { "type": "Point", "coordinates": [ -104.980186461999949, 39.740749359000063 ] } },
{ "type": "Feature", "properties": { "OBJECTID": 33181, "id": "DENVER_2020_20242023408525", "x": -104.88784790039062, "y": 39.740760803222656, "robbery": 1 }, "geometry": { "type": "Point", "coordinates": [ -104.88784789999994, 39.740760803000057 ] } },
{ "type": "Feature", "properties": { "OBJECTID": 33182, "id": "DENVER_2020_20242023409186", "x": -104.88524627685547, "y": 39.740459442138672, "robbery": 1 }, "geometry": { "type": "Point", "coordinates": [ -104.885246276999965, 39.740459442000031 ] } },
{ "type": "Feature", "properties": { "OBJECTID": 33183, "id": "DENVER_2020_20242023409354", "x": -104.89436340332031, "y": 39.739608764648438, "robbery": 1 }, "geometry": { "type": "Point", "coordinates": [ -104.894363402999943, 39.739608765000071 ] } },
{ "type": "Feature", "properties": { "OBJECTID": 33184, "id": "DENVER_2020_20242023409673", "x": -104.97357940673828, "y": 39.749340057373047, "robbery": 1 }, "geometry": { "type": "Point", "coordinates": [ -104.973579406999988, 39.74934005700004 ] } },
{ "type": "Feature", "properties": { "OBJECTID": 33185, "id": "DENVER_2020_2024202340980", "x": -104.99880981445312, "y": 39.752170562744141, "robbery": 1 }, "geometry": { "type": "Point", "coordinates": [ -104.998809813999969, 39.75217056300005 ] } },
{ "type": "Feature", "properties": { "OBJECTID": 33186, "id": "DENVER_2020_20242023409834", "x": -104.94914245605469, "y": 39.740318298339844, "robbery": 1 }, "geometry": { "type": "Point", "coordinates": [ -104.949142455999947, 39.740318298000034 ] } },
{ "type": "Feature", "properties": { "OBJECTID": 33187, "id": "DENVER_2020_20242023409840", "x": -104.98738861083984, "y": 39.740058898925781, "robbery": 1 }, "geometry": { "type": "Point", "coordinates": [ -104.987388610999972, 39.740058899000076 ] } },
{ "type": "Feature", "properties": { "OBJECTID": 33188, "id": "DENVER_2020_20242023409991", "x": -104.89054870605469, "y": 39.740150451660156, "robbery": 1 }, "geometry": { "type": "Point", "coordinates": [ -104.890548705999947, 39.74015045200008 ] } },
{ "type": "Feature", "properties": { "OBJECTID": 33189, "id": "DENVER_2020_20242023410208", "x": -104.98787689208984, "y": 39.754379272460938, "robbery": 1 }, "geometry": { "type": "Point", "coordinates": [ -104.987876891999974, 39.754379272000051 ] } },
{ "type": "Feature", "properties": { "OBJECTID": 33190, "id": "DENVER_2020_20242023410473", "x": -105.05255889892578, "y": 39.682460784912109, "robbery": 1 }, "geometry": { "type": "Point", "coordinates": [ -105.052558898999962, 39.682460785000046 ] } },
{ "type": "Feature", "properties": { "OBJECTID": 33191, "id": "DENVER_2020_20242023411445", "x": -104.96312713623047, "y": 39.739429473876953, "robbery": 1 }, "geometry": { "type": "Point", "coordinates": [ -104.963127135999969, 39.739429474000076 ] } },
{ "type": "Feature", "properties": { "OBJECTID": 33192, "id": "DENVER_2020_20242023411886", "x": -104.96460723876953, "y": 39.735050201416016, "robbery": 1 }, "geometry": { "type": "Point", "coordinates": [ -104.964607238999974, 39.735050201000035 ] } },
{ "type": "Feature", "properties": { "OBJECTID": 33193, "id": "DENVER_2020_20242023413052", "x": -104.96347045898438, "y": 39.739990234375, "robbery": 1 }, "geometry": { "type": "Point", "coordinates": [ -104.96347045899995, 39.739990234000061 ] } },
{ "type": "Feature", "properties": { "OBJECTID": 33194, "id": "DENVER_2020_20242023413132", "x": -104.95269012451172, "y": 39.717529296875, "robbery": 1 }, "geometry": { "type": "Point", "coordinates": [ -104.952690124999947, 39.717529297000056 ] } },
{ "type": "Feature", "properties": { "OBJECTID": 33195, "id": "DENVER_2020_20242023413165", "x": -104.98731994628906, "y": 39.753189086914062, "robbery": 1 }, "geometry": { "type": "Point", "coordinates": [ -104.987319945999957, 39.753189087000067 ] } },
{ "type": "Feature", "properties": { "OBJECTID": 33196, "id": "DENVER_2020_20242023413903", "x": -104.99890899658203, "y": 39.733959197998047, "robbery": 1 }, "geometry": { "type": "Point", "coordinates": [ -104.998908996999944, 39.733959198000036 ] } },
{ "type": "Feature", "properties": { "OBJECTID": 33197, "id": "DENVER_2020_2024202341640", "x": -104.90178680419922, "y": 39.652259826660156, "robbery": 1 }, "geometry": { "type": "Point", "coordinates": [ -104.901786803999983, 39.65225982700008 ] } },
{ "type": "Feature", "properties": { "OBJECTID": 33198, "id": "DENVER_2020_20242023418484", "x": -104.91364288330078, "y": 39.738750457763672, "robbery": 1 }, "geometry": { "type": "Point", "coordinates": [ -104.913642882999966, 39.738750458000027 ] } },
{ "type": "Feature", "properties": { "OBJECTID": 33199, "id": "DENVER_2020_20242023418523", "x": -104.97511291503906, "y": 39.739860534667969, "robbery": 1 }, "geometry": { "type": "Point", "coordinates": [ -104.975112914999954, 39.739860535000048 ] } },
{ "type": "Feature", "properties": { "OBJECTID": 33200, "id": "DENVER_2020_20242023418751", "x": -105.02558135986328, "y": 39.737751007080078, "robbery": 1 }, "geometry": { "type": "Point", "coordinates": [ -105.02558136, 39.737751007000043 ] } },
{ "type": "Feature", "properties": { "OBJECTID": 33201, "id": "DENVER_2020_20242023420010", "x": -105.02665710449219, "y": 39.785289764404297, "robbery": 1 }, "geometry": { "type": "Point", "coordinates": [ -105.02665710399998, 39.785289764000026 ] } },
{ "type": "Feature", "properties": { "OBJECTID": 33202, "id": "DENVER_2020_20242023420964", "x": -104.90184783935547, "y": 39.756599426269531, "robbery": 1 }, "geometry": { "type": "Point", "coordinates": [ -104.90184783899997, 39.756599426000037 ] } },
{ "type": "Feature", "properties": { "OBJECTID": 33203, "id": "DENVER_2020_20242023421887", "x": -104.98413848876953, "y": 39.752220153808594, "robbery": 1 }, "geometry": { "type": "Point", "coordinates": [ -104.984138488999974, 39.752220154000042 ] } },
{ "type": "Feature", "properties": { "OBJECTID": 33204, "id": "DENVER_2020_2024202342202", "x": -104.95612335205078, "y": 39.719058990478516, "robbery": 1 }, "geometry": { "type": "Point", "coordinates": [ -104.956123351999963, 39.719058990000065 ] } },
{ "type": "Feature", "properties": { "OBJECTID": 33205, "id": "DENVER_2020_20242023422457", "x": -104.99347686767578, "y": 39.753368377685547, "robbery": 1 }, "geometry": { "type": "Point", "coordinates": [ -104.993476867999959, 39.753368378000062 ] } },
{ "type": "Feature", "properties": { "OBJECTID": 33206, "id": "DENVER_2020_20242023422604", "x": -105.02462768554688, "y": 39.733238220214844, "robbery": 1 }, "geometry": { "type": "Point", "coordinates": [ -105.024627685999974, 39.733238220000032 ] } },
{ "type": "Feature", "properties": { "OBJECTID": 33207, "id": "DENVER_2020_20242023422697", "x": -104.90541076660156, "y": 39.698020935058594, "robbery": 1 }, "geometry": { "type": "Point", "coordinates": [ -104.905410766999978, 39.698020935000045 ] } },
{ "type": "Feature", "properties": { "OBJECTID": 33208, "id": "DENVER_2020_20242023422830", "x": -105.04196929931641, "y": 39.710880279541016, "robbery": 1 }, "geometry": { "type": "Point", "coordinates": [ -105.041969298999959, 39.710880280000026 ] } },
{ "type": "Feature", "properties": { "OBJECTID": 33209, "id": "DENVER_2020_20242023422926", "x": -105.00656890869141, "y": 39.754539489746094, "robbery": 1 }, "geometry": { "type": "Point", "coordinates": [ -105.006568908999952, 39.75453949000007 ] } },
{ "type": "Feature", "properties": { "OBJECTID": 33210, "id": "DENVER_2020_20242023423717", "x": -104.98616027832031, "y": 39.750999450683594, "robbery": 1 }, "geometry": { "type": "Point", "coordinates": [ -104.986160277999943, 39.750999451000041 ] } },
{ "type": "Feature", "properties": { "OBJECTID": 33211, "id": "DENVER_2020_20242023424815", "x": -105.00064849853516, "y": 39.754531860351562, "robbery": 1 }, "geometry": { "type": "Point", "coordinates": [ -105.000648498999965, 39.754531860000043 ] } },
{ "type": "Feature", "properties": { "OBJECTID": 33212, "id": "DENVER_2020_20242023425016", "x": -104.98265838623047, "y": 39.741218566894531, "robbery": 1 }, "geometry": { "type": "Point", "coordinates": [ -104.982658385999969, 39.741218567000033 ] } },
{ "type": "Feature", "properties": { "OBJECTID": 33213, "id": "DENVER_2020_2024202342757", "x": -105.01093292236328, "y": 39.697269439697266, "robbery": 1 }, "geometry": { "type": "Point", "coordinates": [ -105.010932921999938, 39.697269440000071 ] } },
{ "type": "Feature", "properties": { "OBJECTID": 33214, "id": "DENVER_2020_20242023427813", "x": -104.98552703857422, "y": 39.750701904296875, "robbery": 1 }, "geometry": { "type": "Point", "coordinates": [ -104.985527038999976, 39.750701904000039 ] } },
{ "type": "Feature", "properties": { "OBJECTID": 33215, "id": "DENVER_2020_20242023428072", "x": -104.89839172363281, "y": 39.739879608154297, "robbery": 1 }, "geometry": { "type": "Point", "coordinates": [ -104.898391723999964, 39.739879608000081 ] } },
{ "type": "Feature", "properties": { "OBJECTID": 33216, "id": "DENVER_2020_20242023428441", "x": -105.03460693359375, "y": 39.776748657226562, "robbery": 1 }, "geometry": { "type": "Point", "coordinates": [ -105.034606933999953, 39.776748657000041 ] } },
{ "type": "Feature", "properties": { "OBJECTID": 33217, "id": "DENVER_2020_20242023428568", "x": -104.91500854492188, "y": 39.666908264160156, "robbery": 1 }, "geometry": { "type": "Point", "coordinates": [ -104.915008544999978, 39.666908264000028 ] } },
{ "type": "Feature", "properties": { "OBJECTID": 33218, "id": "DENVER_2020_20242023428807", "x": -104.96724700927734, "y": 39.680141448974609, "robbery": 1 }, "geometry": { "type": "Point", "coordinates": [ -104.967247008999948, 39.680141449000075 ] } },
{ "type": "Feature", "properties": { "OBJECTID": 33219, "id": "DENVER_2020_20242023429257", "x": -104.90280914306641, "y": 39.699211120605469, "robbery": 1 }, "geometry": { "type": "Point", "coordinates": [ -104.902809142999956, 39.699211121000076 ] } },
{ "type": "Feature", "properties": { "OBJECTID": 33220, "id": "DENVER_2020_20242023430991", "x": -105.00766754150391, "y": 39.696491241455078, "robbery": 1 }, "geometry": { "type": "Point", "coordinates": [ -105.007667541999979, 39.696491241000047 ] } },
{ "type": "Feature", "properties": { "OBJECTID": 33221, "id": "DENVER_2020_20242023431346", "x": -104.97548675537109, "y": 39.736209869384766, "robbery": 1 }, "geometry": { "type": "Point", "coordinates": [ -104.975486754999963, 39.736209869000049 ] } },
{ "type": "Feature", "properties": { "OBJECTID": 33222, "id": "DENVER_2020_2024202343156", "x": -104.89864349365234, "y": 39.640098571777344, "robbery": 1 }, "geometry": { "type": "Point", "coordinates": [ -104.898643493999941, 39.640098572000056 ] } },
{ "type": "Feature", "properties": { "OBJECTID": 33223, "id": "DENVER_2020_20242023431614", "x": -104.9775390625, "y": 39.748088836669922, "robbery": 1 }, "geometry": { "type": "Point", "coordinates": [ -104.977539062999938, 39.748088837000068 ] } },
{ "type": "Feature", "properties": { "OBJECTID": 33224, "id": "DENVER_2020_202420234327", "x": -105.05264282226562, "y": 39.740779876708984, "robbery": 1 }, "geometry": { "type": "Point", "coordinates": [ -105.052642821999939, 39.74077987700008 ] } },
{ "type": "Feature", "properties": { "OBJECTID": 33225, "id": "DENVER_2020_20242023433316", "x": -105.03008270263672, "y": 39.701419830322266, "robbery": 1 }, "geometry": { "type": "Point", "coordinates": [ -105.030082702999948, 39.701419830000077 ] } },
{ "type": "Feature", "properties": { "OBJECTID": 33226, "id": "DENVER_2020_20242023433449", "x": -104.9775390625, "y": 39.748088836669922, "robbery": 1 }, "geometry": { "type": "Point", "coordinates": [ -104.977539062999938, 39.748088837000068 ] } },
{ "type": "Feature", "properties": { "OBJECTID": 33227, "id": "DENVER_2020_20242023435081", "x": -104.86837005615234, "y": 39.654170989990234, "robbery": 1 }, "geometry": { "type": "Point", "coordinates": [ -104.868370055999947, 39.654170990000068 ] } },
{ "type": "Feature", "properties": { "OBJECTID": 33228, "id": "DENVER_2020_20242023435129", "x": -105.01230621337891, "y": 39.697090148925781, "robbery": 1 }, "geometry": { "type": "Point", "coordinates": [ -105.012306212999988, 39.697090149000076 ] } },
{ "type": "Feature", "properties": { "OBJECTID": 33229, "id": "DENVER_2020_2024202343517", "x": -105.04046630859375, "y": 39.733009338378906, "robbery": 1 }, "geometry": { "type": "Point", "coordinates": [ -105.040466308999953, 39.733009338000045 ] } },
{ "type": "Feature", "properties": { "OBJECTID": 33230, "id": "DENVER_2020_20242023436324", "x": -105.00218200683594, "y": 39.769710540771484, "robbery": 1 }, "geometry": { "type": "Point", "coordinates": [ -105.002182006999988, 39.769710541000052 ] } },
{ "type": "Feature", "properties": { "OBJECTID": 33231, "id": "DENVER_2020_20242023436871", "x": -104.89739227294922, "y": 39.628471374511719, "robbery": 1 }, "geometry": { "type": "Point", "coordinates": [ -104.89739227299998, 39.628471375000061 ] } },
{ "type": "Feature", "properties": { "OBJECTID": 33232, "id": "DENVER_2020_20242023438509", "x": -104.90630340576172, "y": 39.701080322265625, "robbery": 1 }, "geometry": { "type": "Point", "coordinates": [ -104.90630340599995, 39.701080322000053 ] } },
{ "type": "Feature", "properties": { "OBJECTID": 33233, "id": "DENVER_2020_20242023438627", "x": -104.98738861083984, "y": 39.740058898925781, "robbery": 1 }, "geometry": { "type": "Point", "coordinates": [ -104.987388610999972, 39.740058899000076 ] } },
{ "type": "Feature", "properties": { "OBJECTID": 33234, "id": "DENVER_2020_20242023439132", "x": -104.91570281982422, "y": 39.739608764648438, "robbery": 1 }, "geometry": { "type": "Point", "coordinates": [ -104.915702819999979, 39.739608765000071 ] } },
{ "type": "Feature", "properties": { "OBJECTID": 33235, "id": "DENVER_2020_20242023439601", "x": -104.91896057128906, "y": 39.740211486816406, "robbery": 1 }, "geometry": { "type": "Point", "coordinates": [ -104.918960570999957, 39.740211487000067 ] } },
{ "type": "Feature", "properties": { "OBJECTID": 33236, "id": "DENVER_2020_20242023441103", "x": -104.98615264892578, "y": 39.749851226806641, "robbery": 1 }, "geometry": { "type": "Point", "coordinates": [ -104.986152648999962, 39.749851227000079 ] } },
{ "type": "Feature", "properties": { "OBJECTID": 33237, "id": "DENVER_2020_20242023442026", "x": -105.03896331787109, "y": 39.740058898925781, "robbery": 1 }, "geometry": { "type": "Point", "coordinates": [ -105.038963317999958, 39.740058899000076 ] } },
{ "type": "Feature", "properties": { "OBJECTID": 33238, "id": "DENVER_2020_20242023442583", "x": -104.97081756591797, "y": 39.74530029296875, "robbery": 1 }, "geometry": { "type": "Point", "coordinates": [ -104.970817565999937, 39.745300293000071 ] } },
{ "type": "Feature", "properties": { "OBJECTID": 33239, "id": "DENVER_2020_20242023442607", "x": -104.98515319824219, "y": 39.754680633544922, "robbery": 1 }, "geometry": { "type": "Point", "coordinates": [ -104.985153197999978, 39.754680634000067 ] } },
{ "type": "Feature", "properties": { "OBJECTID": 33240, "id": "DENVER_2020_20242023444778", "x": -105.00254058837891, "y": 39.738609313964844, "robbery": 1 }, "geometry": { "type": "Point", "coordinates": [ -105.002540587999988, 39.73860931400003 ] } },
{ "type": "Feature", "properties": { "OBJECTID": 33241, "id": "DENVER_2020_20242023444794", "x": -104.97174835205078, "y": 39.74462890625, "robbery": 1 }, "geometry": { "type": "Point", "coordinates": [ -104.971748351999963, 39.744628906000059 ] } },
{ "type": "Feature", "properties": { "OBJECTID": 33242, "id": "DENVER_2020_20242023446110", "x": -105.02449798583984, "y": 39.665958404541016, "robbery": 1 }, "geometry": { "type": "Point", "coordinates": [ -105.024497985999972, 39.665958405000026 ] } },
{ "type": "Feature", "properties": { "OBJECTID": 33243, "id": "DENVER_2020_20242023446816", "x": -104.8453369140625, "y": 39.783668518066406, "robbery": 1 }, "geometry": { "type": "Point", "coordinates": [ -104.845336913999972, 39.78366851800007 ] } },
{ "type": "Feature", "properties": { "OBJECTID": 33244, "id": "DENVER_2020_2024202344720", "x": -104.90025329589844, "y": 39.655399322509766, "robbery": 1 }, "geometry": { "type": "Point", "coordinates": [ -104.90025329599996, 39.65539932300004 ] } },
{ "type": "Feature", "properties": { "OBJECTID": 33245, "id": "DENVER_2020_20242023447620", "x": -104.99037933349609, "y": 39.711490631103516, "robbery": 1 }, "geometry": { "type": "Point", "coordinates": [ -104.990379332999964, 39.711490631000061 ] } },
{ "type": "Feature", "properties": { "OBJECTID": 33246, "id": "DENVER_2020_20242023448154", "x": -105.00572967529297, "y": 39.784290313720703, "robbery": 1 }, "geometry": { "type": "Point", "coordinates": [ -105.005729674999941, 39.784290314000032 ] } },
{ "type": "Feature", "properties": { "OBJECTID": 33247, "id": "DENVER_2020_20242023448254", "x": -105.03909301757812, "y": 39.725879669189453, "robbery": 1 }, "geometry": { "type": "Point", "coordinates": [ -105.03909301799996, 39.725879669000051 ] } },
{ "type": "Feature", "properties": { "OBJECTID": 33248, "id": "DENVER_2020_2024202344847", "x": -105.00361633300781, "y": 39.739700317382812, "robbery": 1 }, "geometry": { "type": "Point", "coordinates": [ -105.003616332999968, 39.739700317000029 ] } },
{ "type": "Feature", "properties": { "OBJECTID": 33249, "id": "DENVER_2020_20242023448492", "x": -104.87049865722656, "y": 39.704219818115234, "robbery": 1 }, "geometry": { "type": "Point", "coordinates": [ -104.870498656999985, 39.70421981800007 ] } },
{ "type": "Feature", "properties": { "OBJECTID": 33250, "id": "DENVER_2020_20242023448957", "x": -104.90397644042969, "y": 39.767391204833984, "robbery": 1 }, "geometry": { "type": "Point", "coordinates": [ -104.903976439999951, 39.767391205000081 ] } },
{ "type": "Feature", "properties": { "OBJECTID": 33251, "id": "DENVER_2020_20242023449746", "x": -104.98760223388672, "y": 39.765609741210938, "robbery": 1 }, "geometry": { "type": "Point", "coordinates": [ -104.987602233999951, 39.765609741000048 ] } },
{ "type": "Feature", "properties": { "OBJECTID": 33252, "id": "DENVER_2020_20242023450047", "x": -105.02548217773438, "y": 39.734691619873047, "robbery": 1 }, "geometry": { "type": "Point", "coordinates": [ -105.025482177999947, 39.734691620000035 ] } },
{ "type": "Feature", "properties": { "OBJECTID": 33253, "id": "DENVER_2020_20242023450301", "x": -104.98477172851562, "y": 39.696891784667969, "robbery": 1 }, "geometry": { "type": "Point", "coordinates": [ -104.984771728999988, 39.696891785000048 ] } },
{ "type": "Feature", "properties": { "OBJECTID": 33254, "id": "DENVER_2020_20242023450515", "x": -105.02607727050781, "y": 39.671859741210938, "robbery": 1 }, "geometry": { "type": "Point", "coordinates": [ -105.026077270999963, 39.671859741000048 ] } },
{ "type": "Feature", "properties": { "OBJECTID": 33255, "id": "DENVER_2020_20242023452401", "x": -105.02366638183594, "y": 39.680980682373047, "robbery": 1 }, "geometry": { "type": "Point", "coordinates": [ -105.023666381999988, 39.68098068200004 ] } },
{ "type": "Feature", "properties": { "OBJECTID": 33256, "id": "DENVER_2020_20242023453693", "x": -105.03925323486328, "y": 39.726158142089844, "robbery": 1 }, "geometry": { "type": "Point", "coordinates": [ -105.039253235, 39.726158142000031 ] } },
{ "type": "Feature", "properties": { "OBJECTID": 33257, "id": "DENVER_2020_20242023456168", "x": -104.97309875488281, "y": 39.740028381347656, "robbery": 1 }, "geometry": { "type": "Point", "coordinates": [ -104.973098754999967, 39.740028381000059 ] } },
{ "type": "Feature", "properties": { "OBJECTID": 33258, "id": "DENVER_2020_20242023456917", "x": -104.96543121337891, "y": 39.757171630859375, "robbery": 1 }, "geometry": { "type": "Point", "coordinates": [ -104.965431212999988, 39.757171631000062 ] } },
{ "type": "Feature", "properties": { "OBJECTID": 33259, "id": "DENVER_2020_20242023457140", "x": -104.84751129150391, "y": 39.770740509033203, "robbery": 1 }, "geometry": { "type": "Point", "coordinates": [ -104.847511291999979, 39.770740509000063 ] } },
{ "type": "Feature", "properties": { "OBJECTID": 33260, "id": "DENVER_2020_20242023458785", "x": -104.98615264892578, "y": 39.729068756103516, "robbery": 1 }, "geometry": { "type": "Point", "coordinates": [ -104.986152648999962, 39.729068756000061 ] } },
{ "type": "Feature", "properties": { "OBJECTID": 33261, "id": "DENVER_2020_20242023459499", "x": -104.98610687255859, "y": 39.743278503417969, "robbery": 1 }, "geometry": { "type": "Point", "coordinates": [ -104.986106872999983, 39.743278503000056 ] } },
{ "type": "Feature", "properties": { "OBJECTID": 33262, "id": "DENVER_2020_20242023460029", "x": -105.02480316162109, "y": 39.776908874511719, "robbery": 1 }, "geometry": { "type": "Point", "coordinates": [ -105.024803161999955, 39.776908875000061 ] } },
{ "type": "Feature", "properties": { "OBJECTID": 33263, "id": "DENVER_2020_20242023460030", "x": -104.88738250732422, "y": 39.758090972900391, "robbery": 1 }, "geometry": { "type": "Point", "coordinates": [ -104.887382506999984, 39.758090973000037 ] } },
{ "type": "Feature", "properties": { "OBJECTID": 33264, "id": "DENVER_2020_2024202346019", "x": -105.05532836914062, "y": 39.734439849853516, "robbery": 1 }, "geometry": { "type": "Point", "coordinates": [ -105.055328368999938, 39.734439850000058 ] } },
{ "type": "Feature", "properties": { "OBJECTID": 33265, "id": "DENVER_2020_20242023462054", "x": -104.89727783203125, "y": 39.73876953125, "robbery": 1 }, "geometry": { "type": "Point", "coordinates": [ -104.897277831999986, 39.738769531000059 ] } },
{ "type": "Feature", "properties": { "OBJECTID": 33266, "id": "DENVER_2020_20242023462291", "x": -104.91265869140625, "y": 39.702861785888672, "robbery": 1 }, "geometry": { "type": "Point", "coordinates": [ -104.912658691, 39.702861786000028 ] } },
{ "type": "Feature", "properties": { "OBJECTID": 33267, "id": "DENVER_2020_20242023465970", "x": -104.80975341796875, "y": 39.790351867675781, "robbery": 1 }, "geometry": { "type": "Point", "coordinates": [ -104.809753417999957, 39.790351868000073 ] } },
{ "type": "Feature", "properties": { "OBJECTID": 33268, "id": "DENVER_2020_20242023466057", "x": -104.99923706054688, "y": 39.756999969482422, "robbery": 1 }, "geometry": { "type": "Point", "coordinates": [ -104.999237060999974, 39.756999969000049 ] } },
{ "type": "Feature", "properties": { "OBJECTID": 33269, "id": "DENVER_2020_20242023466604", "x": -104.94286346435547, "y": 39.704990386962891, "robbery": 1 }, "geometry": { "type": "Point", "coordinates": [ -104.94286346399997, 39.704990387000066 ] } },
{ "type": "Feature", "properties": { "OBJECTID": 33270, "id": "DENVER_2020_20242023466959", "x": -104.94117736816406, "y": 39.784248352050781, "robbery": 1 }, "geometry": { "type": "Point", "coordinates": [ -104.941177367999956, 39.784248352000077 ] } },
{ "type": "Feature", "properties": { "OBJECTID": 33271, "id": "DENVER_2020_20242023467106", "x": -104.80594635009766, "y": 39.792510986328125, "robbery": 1 }, "geometry": { "type": "Point", "coordinates": [ -104.805946349999942, 39.792510986000025 ] } },
{ "type": "Feature", "properties": { "OBJECTID": 33272, "id": "DENVER_2020_2024202346804", "x": -104.74610137939453, "y": 39.795310974121094, "robbery": 1 }, "geometry": { "type": "Point", "coordinates": [ -104.746101378999981, 39.795310974000074 ] } },
{ "type": "Feature", "properties": { "OBJECTID": 33273, "id": "DENVER_2020_2024202346817", "x": -104.95092010498047, "y": 39.779159545898438, "robbery": 1 }, "geometry": { "type": "Point", "coordinates": [ -104.950920104999966, 39.779159546000074 ] } },
{ "type": "Feature", "properties": { "OBJECTID": 33274, "id": "DENVER_2020_20242023468181", "x": -104.97267913818359, "y": 39.763938903808594, "robbery": 1 }, "geometry": { "type": "Point", "coordinates": [ -104.972679138, 39.763938904000042 ] } },
{ "type": "Feature", "properties": { "OBJECTID": 33275, "id": "DENVER_2020_2024202346856", "x": -105.01230621337891, "y": 39.697090148925781, "robbery": 1 }, "geometry": { "type": "Point", "coordinates": [ -105.012306212999988, 39.697090149000076 ] } },
{ "type": "Feature", "properties": { "OBJECTID": 33276, "id": "DENVER_2020_20242023468681", "x": -104.77195739746094, "y": 39.798759460449219, "robbery": 1 }, "geometry": { "type": "Point", "coordinates": [ -104.771957396999937, 39.798759460000042 ] } },
{ "type": "Feature", "properties": { "OBJECTID": 33277, "id": "DENVER_2020_20242023468932", "x": -105.02454376220703, "y": 39.687519073486328, "robbery": 1 }, "geometry": { "type": "Point", "coordinates": [ -105.024543761999951, 39.687519073000033 ] } },
{ "type": "Feature", "properties": { "OBJECTID": 33278, "id": "DENVER_2020_20242023468958", "x": -104.99918365478516, "y": 39.75054931640625, "robbery": 1 }, "geometry": { "type": "Point", "coordinates": [ -104.999183654999968, 39.750549316000047 ] } },
{ "type": "Feature", "properties": { "OBJECTID": 33279, "id": "DENVER_2020_20242023469114", "x": -104.89756011962891, "y": 39.747440338134766, "robbery": 1 }, "geometry": { "type": "Point", "coordinates": [ -104.89756011999998, 39.747440338000047 ] } },
{ "type": "Feature", "properties": { "OBJECTID": 33280, "id": "DENVER_2020_20242023470780", "x": -105.01979064941406, "y": 39.685619354248047, "robbery": 1 }, "geometry": { "type": "Point", "coordinates": [ -105.019790648999958, 39.685619354000039 ] } },
{ "type": "Feature", "properties": { "OBJECTID": 33281, "id": "DENVER_2020_20242023470938", "x": -105.01979064941406, "y": 39.685619354248047, "robbery": 1 }, "geometry": { "type": "Point", "coordinates": [ -105.019790648999958, 39.685619354000039 ] } },
{ "type": "Feature", "properties": { "OBJECTID": 33282, "id": "DENVER_2020_20242023473032", "x": -104.89505767822266, "y": 39.637660980224609, "robbery": 1 }, "geometry": { "type": "Point", "coordinates": [ -104.895057677999944, 39.637660980000078 ] } },
{ "type": "Feature", "properties": { "OBJECTID": 33283, "id": "DENVER_2020_20242023473798", "x": -104.98352813720703, "y": 39.73699951171875, "robbery": 1 }, "geometry": { "type": "Point", "coordinates": [ -104.983528136999951, 39.736999512000068 ] } },
{ "type": "Feature", "properties": { "OBJECTID": 33284, "id": "DENVER_2020_20242023474990", "x": -105.03555297851562, "y": 39.777000427246094, "robbery": 1 }, "geometry": { "type": "Point", "coordinates": [ -105.035552978999988, 39.777000427000075 ] } },
{ "type": "Feature", "properties": { "OBJECTID": 33285, "id": "DENVER_2020_20242023475532", "x": -105.04898834228516, "y": 39.727039337158203, "robbery": 1 }, "geometry": { "type": "Point", "coordinates": [ -105.048988341999973, 39.727039337000065 ] } },
{ "type": "Feature", "properties": { "OBJECTID": 33286, "id": "DENVER_2020_20242023477165", "x": -104.77648162841797, "y": 39.783870697021484, "robbery": 1 }, "geometry": { "type": "Point", "coordinates": [ -104.776481627999942, 39.783870697000054 ] } },
{ "type": "Feature", "properties": { "OBJECTID": 33287, "id": "DENVER_2020_20242023478000", "x": -104.86807250976562, "y": 39.782920837402344, "robbery": 1 }, "geometry": { "type": "Point", "coordinates": [ -104.86807251, 39.782920837000063 ] } },
{ "type": "Feature", "properties": { "OBJECTID": 33288, "id": "DENVER_2020_20242023478286", "x": -104.97991180419922, "y": 39.740020751953125, "robbery": 1 }, "geometry": { "type": "Point", "coordinates": [ -104.979911803999983, 39.740020752000078 ] } },
{ "type": "Feature", "properties": { "OBJECTID": 33289, "id": "DENVER_2020_20242023478429", "x": -104.9775390625, "y": 39.748088836669922, "robbery": 1 }, "geometry": { "type": "Point", "coordinates": [ -104.977539062999938, 39.748088837000068 ] } },
{ "type": "Feature", "properties": { "OBJECTID": 33290, "id": "DENVER_2020_20242023478574", "x": -104.98393249511719, "y": 39.747360229492188, "robbery": 1 }, "geometry": { "type": "Point", "coordinates": [ -104.983932494999976, 39.747360229000037 ] } },
{ "type": "Feature", "properties": { "OBJECTID": 33291, "id": "DENVER_2020_20242023478734", "x": -104.98911285400391, "y": 39.750259399414062, "robbery": 1 }, "geometry": { "type": "Point", "coordinates": [ -104.989112853999984, 39.750259399000072 ] } },
{ "type": "Feature", "properties": { "OBJECTID": 33292, "id": "DENVER_2020_20242023479197", "x": -104.94017791748047, "y": 39.765308380126953, "robbery": 1 }, "geometry": { "type": "Point", "coordinates": [ -104.940177916999971, 39.765308380000079 ] } },
{ "type": "Feature", "properties": { "OBJECTID": 33293, "id": "DENVER_2020_20242023480848", "x": -104.89794921875, "y": 39.769691467285156, "robbery": 1 }, "geometry": { "type": "Point", "coordinates": [ -104.897949218999941, 39.76969146700003 ] } },
{ "type": "Feature", "properties": { "OBJECTID": 33294, "id": "DENVER_2020_20242023481491", "x": -104.89840698242188, "y": 39.720600128173828, "robbery": 1 }, "geometry": { "type": "Point", "coordinates": [ -104.898406981999983, 39.720600128000058 ] } },
{ "type": "Feature", "properties": { "OBJECTID": 33295, "id": "DENVER_2020_20242023481806", "x": -104.99890899658203, "y": 39.733959197998047, "robbery": 1 }, "geometry": { "type": "Point", "coordinates": [ -104.998908996999944, 39.733959198000036 ] } },
{ "type": "Feature", "properties": { "OBJECTID": 33296, "id": "DENVER_2020_20242023482629", "x": -104.92192077636719, "y": 39.689071655273438, "robbery": 1 }, "geometry": { "type": "Point", "coordinates": [ -104.921920775999979, 39.689071655000077 ] } },
{ "type": "Feature", "properties": { "OBJECTID": 33297, "id": "DENVER_2020_20242023482717", "x": -104.90397644042969, "y": 39.767391204833984, "robbery": 1 }, "geometry": { "type": "Point", "coordinates": [ -104.903976439999951, 39.767391205000081 ] } },
{ "type": "Feature", "properties": { "OBJECTID": 33298, "id": "DENVER_2020_20242023483077", "x": -104.98892974853516, "y": 39.751079559326172, "robbery": 1 }, "geometry": { "type": "Point", "coordinates": [ -104.988929748999965, 39.751079559000061 ] } },
{ "type": "Feature", "properties": { "OBJECTID": 33299, "id": "DENVER_2020_20242023483585", "x": -104.89530944824219, "y": 39.720989227294922, "robbery": 1 }, "geometry": { "type": "Point", "coordinates": [ -104.895309447999978, 39.720989227000075 ] } },
{ "type": "Feature", "properties": { "OBJECTID": 33300, "id": "DENVER_2020_20242023483786", "x": -104.99391937255859, "y": 39.746139526367188, "robbery": 1 }, "geometry": { "type": "Point", "coordinates": [ -104.993919372999983, 39.746139526000036 ] } },
{ "type": "Feature", "properties": { "OBJECTID": 33301, "id": "DENVER_2020_20242023483933", "x": -105.02752685546875, "y": 39.700389862060547, "robbery": 1 }, "geometry": { "type": "Point", "coordinates": [ -105.027526854999962, 39.700389862000065 ] } },
{ "type": "Feature", "properties": { "OBJECTID": 33302, "id": "DENVER_2020_20242023485174", "x": -104.88926696777344, "y": 39.780200958251953, "robbery": 1 }, "geometry": { "type": "Point", "coordinates": [ -104.889266967999959, 39.78020095800008 ] } },
{ "type": "Feature", "properties": { "OBJECTID": 33303, "id": "DENVER_2020_20242023485374", "x": -104.88800811767578, "y": 39.782371520996094, "robbery": 1 }, "geometry": { "type": "Point", "coordinates": [ -104.888008117999959, 39.782371521000073 ] } },
{ "type": "Feature", "properties": { "OBJECTID": 33304, "id": "DENVER_2020_20242023486974", "x": -104.98358917236328, "y": 39.743270874023438, "robbery": 1 }, "geometry": { "type": "Point", "coordinates": [ -104.983589171999938, 39.743270874000075 ] } },
{ "type": "Feature", "properties": { "OBJECTID": 33305, "id": "DENVER_2020_20242023487432", "x": -104.94093322753906, "y": 39.766609191894531, "robbery": 1 }, "geometry": { "type": "Point", "coordinates": [ -104.940933227999949, 39.766609192000033 ] } },
{ "type": "Feature", "properties": { "OBJECTID": 33306, "id": "DENVER_2020_20242023487548", "x": -105.01390075683594, "y": 39.729549407958984, "robbery": 1 }, "geometry": { "type": "Point", "coordinates": [ -105.013900756999988, 39.729549408000025 ] } },
{ "type": "Feature", "properties": { "OBJECTID": 33307, "id": "DENVER_2020_20242023487624", "x": -104.94291687011719, "y": 39.783779144287109, "robbery": 1 }, "geometry": { "type": "Point", "coordinates": [ -104.942916869999976, 39.78377914400005 ] } },
{ "type": "Feature", "properties": { "OBJECTID": 33308, "id": "DENVER_2020_20242023487667", "x": -104.97299957275391, "y": 39.739540100097656, "robbery": 1 }, "geometry": { "type": "Point", "coordinates": [ -104.972999572999981, 39.739540100000056 ] } },
{ "type": "Feature", "properties": { "OBJECTID": 33309, "id": "DENVER_2020_20242023488290", "x": -104.76824188232422, "y": 39.785060882568359, "robbery": 1 }, "geometry": { "type": "Point", "coordinates": [ -104.768241881999984, 39.785060883000028 ] } },
{ "type": "Feature", "properties": { "OBJECTID": 33310, "id": "DENVER_2020_20242023488300", "x": -104.94078063964844, "y": 39.680931091308594, "robbery": 1 }, "geometry": { "type": "Point", "coordinates": [ -104.940780639999957, 39.680931091000048 ] } },
{ "type": "Feature", "properties": { "OBJECTID": 33311, "id": "DENVER_2020_20242023488377", "x": -104.98050689697266, "y": 39.762279510498047, "robbery": 1 }, "geometry": { "type": "Point", "coordinates": [ -104.980506896999941, 39.762279510000042 ] } },
{ "type": "Feature", "properties": { "OBJECTID": 33312, "id": "DENVER_2020_20242023490201", "x": -104.8160400390625, "y": 39.796520233154297, "robbery": 1 }, "geometry": { "type": "Point", "coordinates": [ -104.816040038999972, 39.796520233000081 ] } },
{ "type": "Feature", "properties": { "OBJECTID": 33313, "id": "DENVER_2020_20242023490506", "x": -104.92543029785156, "y": 39.740470886230469, "robbery": 1 }, "geometry": { "type": "Point", "coordinates": [ -104.925430297999981, 39.740470886000026 ] } },
{ "type": "Feature", "properties": { "OBJECTID": 33314, "id": "DENVER_2020_20242023491149", "x": -104.98767852783203, "y": 39.741539001464844, "robbery": 1 }, "geometry": { "type": "Point", "coordinates": [ -104.987678527999947, 39.741539001000035 ] } },
{ "type": "Feature", "properties": { "OBJECTID": 33315, "id": "DENVER_2020_2024202349126", "x": -104.93904876708984, "y": 39.67913818359375, "robbery": 1 }, "geometry": { "type": "Point", "coordinates": [ -104.939048766999974, 39.679138184000067 ] } },
{ "type": "Feature", "properties": { "OBJECTID": 33316, "id": "DENVER_2020_20242023491824", "x": -104.98805236816406, "y": 39.754730224609375, "robbery": 1 }, "geometry": { "type": "Point", "coordinates": [ -104.988052367999956, 39.75473022500006 ] } },
{ "type": "Feature", "properties": { "OBJECTID": 33317, "id": "DENVER_2020_20242023491949", "x": -104.97511291503906, "y": 39.739860534667969, "robbery": 1 }, "geometry": { "type": "Point", "coordinates": [ -104.975112914999954, 39.739860535000048 ] } },
{ "type": "Feature", "properties": { "OBJECTID": 33318, "id": "DENVER_2020_2024202349394", "x": -104.86196136474609, "y": 39.658409118652344, "robbery": 1 }, "geometry": { "type": "Point", "coordinates": [ -104.861961364999956, 39.658409119000055 ] } },
{ "type": "Feature", "properties": { "OBJECTID": 33319, "id": "DENVER_2020_20242023494609", "x": -104.95269012451172, "y": 39.717529296875, "robbery": 1 }, "geometry": { "type": "Point", "coordinates": [ -104.952690124999947, 39.717529297000056 ] } },
{ "type": "Feature", "properties": { "OBJECTID": 33320, "id": "DENVER_2020_20242023494670", "x": -105.05534362792969, "y": 39.675529479980469, "robbery": 1 }, "geometry": { "type": "Point", "coordinates": [ -105.055343627999946, 39.67552948000008 ] } },
{ "type": "Feature", "properties": { "OBJECTID": 33321, "id": "DENVER_2020_20242023495264", "x": -104.99709320068359, "y": 39.710330963134766, "robbery": 1 }, "geometry": { "type": "Point", "coordinates": [ -104.997093200999984, 39.710330963000047 ] } },
{ "type": "Feature", "properties": { "OBJECTID": 33322, "id": "DENVER_2020_2024202349787", "x": -104.96324157714844, "y": 39.781070709228516, "robbery": 1 }, "geometry": { "type": "Point", "coordinates": [ -104.963241576999962, 39.781070709000062 ] } },
{ "type": "Feature", "properties": { "OBJECTID": 33323, "id": "DENVER_2020_20242023498210", "x": -104.89794921875, "y": 39.769691467285156, "robbery": 1 }, "geometry": { "type": "Point", "coordinates": [ -104.897949218999941, 39.76969146700003 ] } },
{ "type": "Feature", "properties": { "OBJECTID": 33324, "id": "DENVER_2020_20242023499050", "x": -104.89502716064453, "y": 39.783611297607422, "robbery": 1 }, "geometry": { "type": "Point", "coordinates": [ -104.895027160999973, 39.783611298000039 ] } },
{ "type": "Feature", "properties": { "OBJECTID": 33325, "id": "DENVER_2020_2024202349934", "x": -104.91755676269531, "y": 39.745658874511719, "robbery": 1 }, "geometry": { "type": "Point", "coordinates": [ -104.917556763, 39.745658875000061 ] } },
{ "type": "Feature", "properties": { "OBJECTID": 33326, "id": "DENVER_2020_20242023499945", "x": -105.04385375976562, "y": 39.653469085693359, "robbery": 1 }, "geometry": { "type": "Point", "coordinates": [ -105.04385376, 39.65346908600003 ] } },
{ "type": "Feature", "properties": { "OBJECTID": 33327, "id": "DENVER_2020_20242023499987", "x": -104.76528930664062, "y": 39.804691314697266, "robbery": 1 }, "geometry": { "type": "Point", "coordinates": [ -104.765289306999989, 39.804691315000071 ] } },
{ "type": "Feature", "properties": { "OBJECTID": 33328, "id": "DENVER_2020_20242023501584", "x": -104.98293304443359, "y": 39.760429382324219, "robbery": 1 }, "geometry": { "type": "Point", "coordinates": [ -104.982933044, 39.760429382000041 ] } },
{ "type": "Feature", "properties": { "OBJECTID": 33329, "id": "DENVER_2020_20242023502823", "x": -105.02030944824219, "y": 39.739658355712891, "robbery": 1 }, "geometry": { "type": "Point", "coordinates": [ -105.020309447999978, 39.739658356000064 ] } },
{ "type": "Feature", "properties": { "OBJECTID": 33330, "id": "DENVER_2020_20242023502904", "x": -104.94219970703125, "y": 39.687049865722656, "robbery": 1 }, "geometry": { "type": "Point", "coordinates": [ -104.942199706999986, 39.687049866000052 ] } },
{ "type": "Feature", "properties": { "OBJECTID": 33331, "id": "DENVER_2020_20242023503995", "x": -104.98500061035156, "y": 39.778640747070312, "robbery": 1 }, "geometry": { "type": "Point", "coordinates": [ -104.985000609999986, 39.778640747000054 ] } },
{ "type": "Feature", "properties": { "OBJECTID": 33332, "id": "DENVER_2020_20242023504473", "x": -104.99565887451172, "y": 39.752010345458984, "robbery": 1 }, "geometry": { "type": "Point", "coordinates": [ -104.995658874999947, 39.752010345000031 ] } },
{ "type": "Feature", "properties": { "OBJECTID": 33333, "id": "DENVER_2020_20242023505170", "x": -104.98798370361328, "y": 39.721290588378906, "robbery": 1 }, "geometry": { "type": "Point", "coordinates": [ -104.987983703999987, 39.721290588000045 ] } },
{ "type": "Feature", "properties": { "OBJECTID": 33334, "id": "DENVER_2020_20242023505803", "x": -104.94093322753906, "y": 39.766609191894531, "robbery": 1 }, "geometry": { "type": "Point", "coordinates": [ -104.940933227999949, 39.766609192000033 ] } },
{ "type": "Feature", "properties": { "OBJECTID": 33335, "id": "DENVER_2020_20242023507215", "x": -104.90397644042969, "y": 39.767391204833984, "robbery": 1 }, "geometry": { "type": "Point", "coordinates": [ -104.903976439999951, 39.767391205000081 ] } },
{ "type": "Feature", "properties": { "OBJECTID": 33336, "id": "DENVER_2020_20242023508200", "x": -104.77115631103516, "y": 39.783210754394531, "robbery": 1 }, "geometry": { "type": "Point", "coordinates": [ -104.77115631099997, 39.783210754000038 ] } },
{ "type": "Feature", "properties": { "OBJECTID": 33337, "id": "DENVER_2020_20242023509446", "x": -105.05438232421875, "y": 39.733741760253906, "robbery": 1 }, "geometry": { "type": "Point", "coordinates": [ -105.05438232399996, 39.733741760000044 ] } },
{ "type": "Feature", "properties": { "OBJECTID": 33338, "id": "DENVER_2020_20242023510949", "x": -104.97991180419922, "y": 39.740020751953125, "robbery": 1 }, "geometry": { "type": "Point", "coordinates": [ -104.979911803999983, 39.740020752000078 ] } },
{ "type": "Feature", "properties": { "OBJECTID": 33339, "id": "DENVER_2020_20242023511363", "x": -105.0517578125, "y": 39.740730285644531, "robbery": 1 }, "geometry": { "type": "Point", "coordinates": [ -105.051757812999938, 39.74073028600003 ] } },
{ "type": "Feature", "properties": { "OBJECTID": 33340, "id": "DENVER_2020_20242023511555", "x": -104.89909362792969, "y": 39.740470886230469, "robbery": 1 }, "geometry": { "type": "Point", "coordinates": [ -104.899093627999946, 39.740470886000026 ] } },
{ "type": "Feature", "properties": { "OBJECTID": 33341, "id": "DENVER_2020_20242023511857", "x": -104.89726257324219, "y": 39.739669799804688, "robbery": 1 }, "geometry": { "type": "Point", "coordinates": [ -104.897262572999978, 39.739669800000058 ] } },
{ "type": "Feature", "properties": { "OBJECTID": 33342, "id": "DENVER_2020_20242023512005", "x": -105.00572204589844, "y": 39.761631011962891, "robbery": 1 }, "geometry": { "type": "Point", "coordinates": [ -105.00572204599996, 39.761631012000066 ] } },
{ "type": "Feature", "properties": { "OBJECTID": 33343, "id": "DENVER_2020_20242023512422", "x": -104.99228668212891, "y": 39.759738922119141, "robbery": 1 }, "geometry": { "type": "Point", "coordinates": [ -104.992286681999985, 39.759738922000054 ] } },
{ "type": "Feature", "properties": { "OBJECTID": 33344, "id": "DENVER_2020_20242023512560", "x": -104.90025329589844, "y": 39.655399322509766, "robbery": 1 }, "geometry": { "type": "Point", "coordinates": [ -104.90025329599996, 39.65539932300004 ] } },
{ "type": "Feature", "properties": { "OBJECTID": 33345, "id": "DENVER_2020_20242023512655", "x": -104.90025329589844, "y": 39.655399322509766, "robbery": 1 }, "geometry": { "type": "Point", "coordinates": [ -104.90025329599996, 39.65539932300004 ] } },
{ "type": "Feature", "properties": { "OBJECTID": 33346, "id": "DENVER_2020_20242023513548", "x": -105.02462005615234, "y": 39.785251617431641, "robbery": 1 }, "geometry": { "type": "Point", "coordinates": [ -105.024620055999947, 39.785251617000029 ] } },
{ "type": "Feature", "properties": { "OBJECTID": 33347, "id": "DENVER_2020_2024202351374", "x": -105.00348663330078, "y": 39.780021667480469, "robbery": 1 }, "geometry": { "type": "Point", "coordinates": [ -105.003486632999966, 39.780021667000028 ] } },
{ "type": "Feature", "properties": { "OBJECTID": 33348, "id": "DENVER_2020_20242023513772", "x": -104.90078735351562, "y": 39.656349182128906, "robbery": 1 }, "geometry": { "type": "Point", "coordinates": [ -104.900787353999988, 39.656349182000042 ] } },
{ "type": "Feature", "properties": { "OBJECTID": 33349, "id": "DENVER_2020_20242023514525", "x": -104.95269012451172, "y": 39.717529296875, "robbery": 1 }, "geometry": { "type": "Point", "coordinates": [ -104.952690124999947, 39.717529297000056 ] } },
{ "type": "Feature", "properties": { "OBJECTID": 33350, "id": "DENVER_2020_20242023514571", "x": -104.99051666259766, "y": 39.746990203857422, "robbery": 1 }, "geometry": { "type": "Point", "coordinates": [ -104.990516662999937, 39.746990204000042 ] } },
{ "type": "Feature", "properties": { "OBJECTID": 33351, "id": "DENVER_2020_20242023514668", "x": -104.98075103759766, "y": 39.743499755859375, "robbery": 1 }, "geometry": { "type": "Point", "coordinates": [ -104.980751037999937, 39.743499756000062 ] } },
{ "type": "Feature", "properties": { "OBJECTID": 33352, "id": "DENVER_2020_20242023515052", "x": -105.00277709960938, "y": 39.759578704833984, "robbery": 1 }, "geometry": { "type": "Point", "coordinates": [ -105.002777099999946, 39.759578705000081 ] } },
{ "type": "Feature", "properties": { "OBJECTID": 33353, "id": "DENVER_2020_20242023515283", "x": -104.99398040771484, "y": 39.753120422363281, "robbery": 1 }, "geometry": { "type": "Point", "coordinates": [ -104.99398040799997, 39.753120422000052 ] } },
{ "type": "Feature", "properties": { "OBJECTID": 33354, "id": "DENVER_2020_20242023516037", "x": -105.02469635009766, "y": 39.672939300537109, "robbery": 1 }, "geometry": { "type": "Point", "coordinates": [ -105.024696349999942, 39.672939301000042 ] } },
{ "type": "Feature", "properties": { "OBJECTID": 33355, "id": "DENVER_2020_20242023516670", "x": -104.99310302734375, "y": 39.745410919189453, "robbery": 1 }, "geometry": { "type": "Point", "coordinates": [ -104.993103026999961, 39.745410919000051 ] } },
{ "type": "Feature", "properties": { "OBJECTID": 33356, "id": "DENVER_2020_20242023516876", "x": -104.98227691650391, "y": 39.728168487548828, "robbery": 1 }, "geometry": { "type": "Point", "coordinates": [ -104.982276916999979, 39.728168488000051 ] } },
{ "type": "Feature", "properties": { "OBJECTID": 33357, "id": "DENVER_2020_202420235174", "x": -104.88532257080078, "y": 39.651348114013672, "robbery": 1 }, "geometry": { "type": "Point", "coordinates": [ -104.885322570999961, 39.651348114000029 ] } },
{ "type": "Feature", "properties": { "OBJECTID": 33358, "id": "DENVER_2020_20242023517413", "x": -104.95131683349609, "y": 39.717411041259766, "robbery": 1 }, "geometry": { "type": "Point", "coordinates": [ -104.951316832999964, 39.717411041000048 ] } },
{ "type": "Feature", "properties": { "OBJECTID": 33359, "id": "DENVER_2020_20242023517450", "x": -104.99761199951172, "y": 39.748489379882812, "robbery": 1 }, "geometry": { "type": "Point", "coordinates": [ -104.997612, 39.74848938000008 ] } },
{ "type": "Feature", "properties": { "OBJECTID": 33360, "id": "DENVER_2020_20242023519333", "x": -105.04409790039062, "y": 39.690570831298828, "robbery": 1 }, "geometry": { "type": "Point", "coordinates": [ -105.04409789999994, 39.690570831000059 ] } },
{ "type": "Feature", "properties": { "OBJECTID": 33361, "id": "DENVER_2020_20242023521243", "x": -104.97873687744141, "y": 39.777858734130859, "robbery": 1 }, "geometry": { "type": "Point", "coordinates": [ -104.97873687699996, 39.777858734000063 ] } },
{ "type": "Feature", "properties": { "OBJECTID": 33362, "id": "DENVER_2020_20242023522181", "x": -105.01780700683594, "y": 39.769039154052734, "robbery": 1 }, "geometry": { "type": "Point", "coordinates": [ -105.017807006999988, 39.769039154000041 ] } },
{ "type": "Feature", "properties": { "OBJECTID": 33363, "id": "DENVER_2020_20242023522801", "x": -105.02519226074219, "y": 39.771141052246094, "robbery": 1 }, "geometry": { "type": "Point", "coordinates": [ -105.025192260999972, 39.771141052000075 ] } },
{ "type": "Feature", "properties": { "OBJECTID": 33364, "id": "DENVER_2020_20242023522821", "x": -104.98719024658203, "y": 39.718521118164062, "robbery": 1 }, "geometry": { "type": "Point", "coordinates": [ -104.987190246999944, 39.718521118000069 ] } },
{ "type": "Feature", "properties": { "OBJECTID": 33365, "id": "DENVER_2020_20242023523330", "x": -105.03460693359375, "y": 39.745861053466797, "robbery": 1 }, "geometry": { "type": "Point", "coordinates": [ -105.034606933999953, 39.745861053000056 ] } },
{ "type": "Feature", "properties": { "OBJECTID": 33366, "id": "DENVER_2020_2024202352363", "x": -105.02454376220703, "y": 39.687519073486328, "robbery": 1 }, "geometry": { "type": "Point", "coordinates": [ -105.024543761999951, 39.687519073000033 ] } },
{ "type": "Feature", "properties": { "OBJECTID": 33367, "id": "DENVER_2020_20242023523743", "x": -104.81314849853516, "y": 39.777301788330078, "robbery": 1 }, "geometry": { "type": "Point", "coordinates": [ -104.813148498999965, 39.777301788000045 ] } },
{ "type": "Feature", "properties": { "OBJECTID": 33368, "id": "DENVER_2020_20242023523776", "x": -104.89833831787109, "y": 39.735790252685547, "robbery": 1 }, "geometry": { "type": "Point", "coordinates": [ -104.898338317999958, 39.735790253000062 ] } },
{ "type": "Feature", "properties": { "OBJECTID": 33369, "id": "DENVER_2020_20242023523880", "x": -105.03727722167969, "y": 39.761920928955078, "robbery": 1 }, "geometry": { "type": "Point", "coordinates": [ -105.037277221999943, 39.761920929000041 ] } },
{ "type": "Feature", "properties": { "OBJECTID": 33370, "id": "DENVER_2020_2024202352396", "x": -105.00060272216797, "y": 39.727790832519531, "robbery": 1 }, "geometry": { "type": "Point", "coordinates": [ -105.00060272199994, 39.727790833000029 ] } },
{ "type": "Feature", "properties": { "OBJECTID": 33371, "id": "DENVER_2020_20242023524630", "x": -104.87323760986328, "y": 39.673130035400391, "robbery": 1 }, "geometry": { "type": "Point", "coordinates": [ -104.87323761, 39.673130035000042 ] } },
{ "type": "Feature", "properties": { "OBJECTID": 33372, "id": "DENVER_2020_20242023524909", "x": -104.97888946533203, "y": 39.749069213867188, "robbery": 1 }, "geometry": { "type": "Point", "coordinates": [ -104.978889464999952, 39.749069214000031 ] } },
{ "type": "Feature", "properties": { "OBJECTID": 33373, "id": "DENVER_2020_20242023526245", "x": -104.89214324951172, "y": 39.740219116210938, "robbery": 1 }, "geometry": { "type": "Point", "coordinates": [ -104.892143249999947, 39.740219116000048 ] } },
{ "type": "Feature", "properties": { "OBJECTID": 33374, "id": "DENVER_2020_20242023526536", "x": -104.90589904785156, "y": 39.718589782714844, "robbery": 1 }, "geometry": { "type": "Point", "coordinates": [ -104.905899047999981, 39.718589783000027 ] } },
{ "type": "Feature", "properties": { "OBJECTID": 33375, "id": "DENVER_2020_20242023526904", "x": -104.76712036132812, "y": 39.776199340820312, "robbery": 1 }, "geometry": { "type": "Point", "coordinates": [ -104.767120360999968, 39.776199341000051 ] } },
{ "type": "Feature", "properties": { "OBJECTID": 33376, "id": "DENVER_2020_20242023526974", "x": -104.98919677734375, "y": 39.733791351318359, "robbery": 1 }, "geometry": { "type": "Point", "coordinates": [ -104.989196776999961, 39.733791351000036 ] } },
{ "type": "Feature", "properties": { "OBJECTID": 33377, "id": "DENVER_2020_20242023528292", "x": -105.0257568359375, "y": 39.689071655273438, "robbery": 1 }, "geometry": { "type": "Point", "coordinates": [ -105.025756835999971, 39.689071655000077 ] } },
{ "type": "Feature", "properties": { "OBJECTID": 33378, "id": "DENVER_2020_20242023529008", "x": -104.99727630615234, "y": 39.75469970703125, "robbery": 1 }, "geometry": { "type": "Point", "coordinates": [ -104.997276305999947, 39.754699707000043 ] } },
{ "type": "Feature", "properties": { "OBJECTID": 33379, "id": "DENVER_2020_2024202352951", "x": -104.95892333984375, "y": 39.738079071044922, "robbery": 1 }, "geometry": { "type": "Point", "coordinates": [ -104.958923339999956, 39.738079071000072 ] } },
{ "type": "Feature", "properties": { "OBJECTID": 33380, "id": "DENVER_2020_20242023529587", "x": -104.98787689208984, "y": 39.751300811767578, "robbery": 1 }, "geometry": { "type": "Point", "coordinates": [ -104.987876891999974, 39.751300812000068 ] } },
{ "type": "Feature", "properties": { "OBJECTID": 33381, "id": "DENVER_2020_20242023529855", "x": -104.91271209716797, "y": 39.672660827636719, "robbery": 1 }, "geometry": { "type": "Point", "coordinates": [ -104.91271209699994, 39.672660828000062 ] } },
{ "type": "Feature", "properties": { "OBJECTID": 33382, "id": "DENVER_2020_20242023529858", "x": -105.05264282226562, "y": 39.740779876708984, "robbery": 1 }, "geometry": { "type": "Point", "coordinates": [ -105.052642821999939, 39.74077987700008 ] } },
{ "type": "Feature", "properties": { "OBJECTID": 33383, "id": "DENVER_2020_20242023530178", "x": -104.98930358886719, "y": 39.754138946533203, "robbery": 1 }, "geometry": { "type": "Point", "coordinates": [ -104.989303588999974, 39.754138947000058 ] } },
{ "type": "Feature", "properties": { "OBJECTID": 33384, "id": "DENVER_2020_20242023530958", "x": -104.98906707763672, "y": 39.68389892578125, "robbery": 1 }, "geometry": { "type": "Point", "coordinates": [ -104.989067077999948, 39.68389892600004 ] } },
{ "type": "Feature", "properties": { "OBJECTID": 33385, "id": "DENVER_2020_20242023532308", "x": -104.98848724365234, "y": 39.731319427490234, "robbery": 1 }, "geometry": { "type": "Point", "coordinates": [ -104.988487243999941, 39.731319427000074 ] } },
{ "type": "Feature", "properties": { "OBJECTID": 33386, "id": "DENVER_2020_20242023532438", "x": -104.95128631591797, "y": 39.716209411621094, "robbery": 1 }, "geometry": { "type": "Point", "coordinates": [ -104.951286315999937, 39.716209412000069 ] } },
{ "type": "Feature", "properties": { "OBJECTID": 33387, "id": "DENVER_2020_20242023533897", "x": -104.84561920166016, "y": 39.783870697021484, "robbery": 1 }, "geometry": { "type": "Point", "coordinates": [ -104.845619201999966, 39.783870697000054 ] } },
{ "type": "Feature", "properties": { "OBJECTID": 33388, "id": "DENVER_2020_20242023533989", "x": -104.98486328125, "y": 39.741680145263672, "robbery": 1 }, "geometry": { "type": "Point", "coordinates": [ -104.984863280999946, 39.741680145000032 ] } },
{ "type": "Feature", "properties": { "OBJECTID": 33389, "id": "DENVER_2020_20242023534756", "x": -105.05104827880859, "y": 39.711330413818359, "robbery": 1 }, "geometry": { "type": "Point", "coordinates": [ -105.051048278999986, 39.711330414000031 ] } },
{ "type": "Feature", "properties": { "OBJECTID": 33390, "id": "DENVER_2020_20242023536019", "x": -104.9169921875, "y": 39.738071441650391, "robbery": 1 }, "geometry": { "type": "Point", "coordinates": [ -104.916992187999938, 39.738071442000034 ] } },
{ "type": "Feature", "properties": { "OBJECTID": 33391, "id": "DENVER_2020_20242023536178", "x": -104.95333862304688, "y": 39.778228759765625, "robbery": 1 }, "geometry": { "type": "Point", "coordinates": [ -104.953338622999979, 39.778228760000047 ] } },
{ "type": "Feature", "properties": { "OBJECTID": 33392, "id": "DENVER_2020_20242023536708", "x": -104.86196136474609, "y": 39.658409118652344, "robbery": 1 }, "geometry": { "type": "Point", "coordinates": [ -104.861961364999956, 39.658409119000055 ] } },
{ "type": "Feature", "properties": { "OBJECTID": 33393, "id": "DENVER_2020_20242023536839", "x": -104.88503265380859, "y": 39.733058929443359, "robbery": 1 }, "geometry": { "type": "Point", "coordinates": [ -104.885032653999986, 39.733058929000038 ] } },
{ "type": "Feature", "properties": { "OBJECTID": 33394, "id": "DENVER_2020_20242023536875", "x": -104.99722290039062, "y": 39.752300262451172, "robbery": 1 }, "geometry": { "type": "Point", "coordinates": [ -104.99722289999994, 39.752300262000063 ] } },
{ "type": "Feature", "properties": { "OBJECTID": 33395, "id": "DENVER_2020_20242023537796", "x": -104.99405670166016, "y": 39.706989288330078, "robbery": 1 }, "geometry": { "type": "Point", "coordinates": [ -104.994056701999966, 39.706989288000045 ] } },
{ "type": "Feature", "properties": { "OBJECTID": 33396, "id": "DENVER_2020_2024202353844", "x": -105.01093292236328, "y": 39.697269439697266, "robbery": 1 }, "geometry": { "type": "Point", "coordinates": [ -105.010932921999938, 39.697269440000071 ] } },
{ "type": "Feature", "properties": { "OBJECTID": 33397, "id": "DENVER_2020_20242023538811", "x": -104.80594635009766, "y": 39.792510986328125, "robbery": 1 }, "geometry": { "type": "Point", "coordinates": [ -104.805946349999942, 39.792510986000025 ] } },
{ "type": "Feature", "properties": { "OBJECTID": 33398, "id": "DENVER_2020_202420235394", "x": -104.90180206298828, "y": 39.656940460205078, "robbery": 1 }, "geometry": { "type": "Point", "coordinates": [ -104.901802063, 39.656940460000044 ] } },
{ "type": "Feature", "properties": { "OBJECTID": 33399, "id": "DENVER_2020_20242023541022", "x": -104.998291015625, "y": 39.727558135986328, "robbery": 1 }, "geometry": { "type": "Point", "coordinates": [ -104.998291015999939, 39.727558136000027 ] } },
{ "type": "Feature", "properties": { "OBJECTID": 33400, "id": "DENVER_2020_20242023541209", "x": -104.93473815917969, "y": 39.676708221435547, "robbery": 1 }, "geometry": { "type": "Point", "coordinates": [ -104.934738158999949, 39.676708221000069 ] } },
{ "type": "Feature", "properties": { "OBJECTID": 33401, "id": "DENVER_2020_20242023543242", "x": -104.80903625488281, "y": 39.775508880615234, "robbery": 1 }, "geometry": { "type": "Point", "coordinates": [ -104.809036254999967, 39.775508881000064 ] } },
{ "type": "Feature", "properties": { "OBJECTID": 33402, "id": "DENVER_2020_20242023543299", "x": -105.02581024169922, "y": 39.6710205078125, "robbery": 1 }, "geometry": { "type": "Point", "coordinates": [ -105.025810241999977, 39.671020508000026 ] } },
{ "type": "Feature", "properties": { "OBJECTID": 33403, "id": "DENVER_2020_20242023543845", "x": -104.94869995117188, "y": 39.7611083984375, "robbery": 1 }, "geometry": { "type": "Point", "coordinates": [ -104.948699950999981, 39.761108398000033 ] } },
{ "type": "Feature", "properties": { "OBJECTID": 33404, "id": "DENVER_2020_20242023544420", "x": -105.00218200683594, "y": 39.769710540771484, "robbery": 1 }, "geometry": { "type": "Point", "coordinates": [ -105.002182006999988, 39.769710541000052 ] } },
{ "type": "Feature", "properties": { "OBJECTID": 33405, "id": "DENVER_2020_20242023544757", "x": -104.915771484375, "y": 39.664920806884766, "robbery": 1 }, "geometry": { "type": "Point", "coordinates": [ -104.915771483999947, 39.664920807000044 ] } },
{ "type": "Feature", "properties": { "OBJECTID": 33406, "id": "DENVER_2020_20242023544850", "x": -104.98013305664062, "y": 39.733898162841797, "robbery": 1 }, "geometry": { "type": "Point", "coordinates": [ -104.980133056999989, 39.733898163000049 ] } },
{ "type": "Feature", "properties": { "OBJECTID": 33407, "id": "DENVER_2020_20242023544918", "x": -104.91239929199219, "y": 39.703071594238281, "robbery": 1 }, "geometry": { "type": "Point", "coordinates": [ -104.912399291999975, 39.70307159400005 ] } },
{ "type": "Feature", "properties": { "OBJECTID": 33408, "id": "DENVER_2020_20242023545819", "x": -104.90628814697266, "y": 39.716770172119141, "robbery": 1 }, "geometry": { "type": "Point", "coordinates": [ -104.906288146999941, 39.716770172000054 ] } },
{ "type": "Feature", "properties": { "OBJECTID": 33409, "id": "DENVER_2020_20242023546523", "x": -104.97817993164062, "y": 39.747501373291016, "robbery": 1 }, "geometry": { "type": "Point", "coordinates": [ -104.978179931999989, 39.747501373000034 ] } },
{ "type": "Feature", "properties": { "OBJECTID": 33410, "id": "DENVER_2020_20242023547143", "x": -105.05174255371094, "y": 39.757358551025391, "robbery": 1 }, "geometry": { "type": "Point", "coordinates": [ -105.051742553999986, 39.757358551000038 ] } },
{ "type": "Feature", "properties": { "OBJECTID": 33411, "id": "DENVER_2020_20242023547412", "x": -104.92086791992188, "y": 39.7718505859375, "robbery": 1 }, "geometry": { "type": "Point", "coordinates": [ -104.920867919999978, 39.771850586000028 ] } },
{ "type": "Feature", "properties": { "OBJECTID": 33412, "id": "DENVER_2020_20242023549035", "x": -104.87238311767578, "y": 39.668159484863281, "robbery": 1 }, "geometry": { "type": "Point", "coordinates": [ -104.872383117999959, 39.668159485000047 ] } },
{ "type": "Feature", "properties": { "OBJECTID": 33413, "id": "DENVER_2020_20242023551021", "x": -104.93402862548828, "y": 39.732318878173828, "robbery": 1 }, "geometry": { "type": "Point", "coordinates": [ -104.934028624999939, 39.732318878000058 ] } },
{ "type": "Feature", "properties": { "OBJECTID": 33414, "id": "DENVER_2020_2024202355171", "x": -104.98773956298828, "y": 39.717639923095703, "robbery": 1 }, "geometry": { "type": "Point", "coordinates": [ -104.987739563, 39.717639923000036 ] } },
{ "type": "Feature", "properties": { "OBJECTID": 33415, "id": "DENVER_2020_2024202355301", "x": -104.94039916992188, "y": 39.757701873779297, "robbery": 1 }, "geometry": { "type": "Point", "coordinates": [ -104.940399169999978, 39.757701874000077 ] } },
{ "type": "Feature", "properties": { "OBJECTID": 33416, "id": "DENVER_2020_20242023553229", "x": -104.89674377441406, "y": 39.6893310546875, "robbery": 1 }, "geometry": { "type": "Point", "coordinates": [ -104.896743773999958, 39.689331055000025 ] } },
{ "type": "Feature", "properties": { "OBJECTID": 33417, "id": "DENVER_2020_20242023553238", "x": -104.98271179199219, "y": 39.760440826416016, "robbery": 1 }, "geometry": { "type": "Point", "coordinates": [ -104.982711791999975, 39.760440826000035 ] } },
{ "type": "Feature", "properties": { "OBJECTID": 33418, "id": "DENVER_2020_20242023553369", "x": -104.90373229980469, "y": 39.764308929443359, "robbery": 1 }, "geometry": { "type": "Point", "coordinates": [ -104.903732299999945, 39.764308929000038 ] } },
{ "type": "Feature", "properties": { "OBJECTID": 33419, "id": "DENVER_2020_20242023553386", "x": -104.95758819580078, "y": 39.679389953613281, "robbery": 1 }, "geometry": { "type": "Point", "coordinates": [ -104.957588195999961, 39.679389954000044 ] } },
{ "type": "Feature", "properties": { "OBJECTID": 33420, "id": "DENVER_2020_20242023553408", "x": -104.86515045166016, "y": 39.772480010986328, "robbery": 1 }, "geometry": { "type": "Point", "coordinates": [ -104.865150451999966, 39.772480011000027 ] } },
{ "type": "Feature", "properties": { "OBJECTID": 33421, "id": "DENVER_2020_20242023553418", "x": -104.94358062744141, "y": 39.680438995361328, "robbery": 1 }, "geometry": { "type": "Point", "coordinates": [ -104.94358062699996, 39.680438995000031 ] } },
{ "type": "Feature", "properties": { "OBJECTID": 33422, "id": "DENVER_2020_2024202355354", "x": -105.02464294433594, "y": 39.736858367919922, "robbery": 1 }, "geometry": { "type": "Point", "coordinates": [ -105.024642944, 39.736858368000071 ] } },
{ "type": "Feature", "properties": { "OBJECTID": 33423, "id": "DENVER_2020_20242023553655", "x": -104.97837829589844, "y": 39.764278411865234, "robbery": 1 }, "geometry": { "type": "Point", "coordinates": [ -104.97837829599996, 39.764278412000067 ] } },
{ "type": "Feature", "properties": { "OBJECTID": 33424, "id": "DENVER_2020_2024202355420", "x": -104.77213287353516, "y": 39.783699035644531, "robbery": 1 }, "geometry": { "type": "Point", "coordinates": [ -104.772132873999965, 39.78369903600003 ] } },
{ "type": "Feature", "properties": { "OBJECTID": 33425, "id": "DENVER_2020_20242023555179", "x": -104.98446655273438, "y": 39.732578277587891, "robbery": 1 }, "geometry": { "type": "Point", "coordinates": [ -104.984466552999947, 39.732578278000062 ] } },
{ "type": "Feature", "properties": { "OBJECTID": 33426, "id": "DENVER_2020_20242023555228", "x": -104.82621765136719, "y": 39.7783203125, "robbery": 1 }, "geometry": { "type": "Point", "coordinates": [ -104.826217650999979, 39.778320312000062 ] } },
{ "type": "Feature", "properties": { "OBJECTID": 33427, "id": "DENVER_2020_20242023555821", "x": -105.01162719726562, "y": 39.697330474853516, "robbery": 1 }, "geometry": { "type": "Point", "coordinates": [ -105.011627196999939, 39.697330475000058 ] } },
{ "type": "Feature", "properties": { "OBJECTID": 33428, "id": "DENVER_2020_20242023557141", "x": -104.99078369140625, "y": 39.761989593505859, "robbery": 1 }, "geometry": { "type": "Point", "coordinates": [ -104.990783691, 39.761989594000056 ] } },
{ "type": "Feature", "properties": { "OBJECTID": 33429, "id": "DENVER_2020_20242023557273", "x": -104.9752197265625, "y": 39.738979339599609, "robbery": 1 }, "geometry": { "type": "Point", "coordinates": [ -104.975219726999967, 39.738979340000071 ] } },
{ "type": "Feature", "properties": { "OBJECTID": 33430, "id": "DENVER_2020_20242023557683", "x": -105.03827667236328, "y": 39.682209014892578, "robbery": 1 }, "geometry": { "type": "Point", "coordinates": [ -105.038276671999938, 39.682209015000069 ] } },
{ "type": "Feature", "properties": { "OBJECTID": 33431, "id": "DENVER_2020_20242023558039", "x": -105.02774810791016, "y": 39.700031280517578, "robbery": 1 }, "geometry": { "type": "Point", "coordinates": [ -105.027748107999969, 39.700031281000065 ] } },
{ "type": "Feature", "properties": { "OBJECTID": 33432, "id": "DENVER_2020_20242023558174", "x": -104.84562683105469, "y": 39.777481079101562, "robbery": 1 }, "geometry": { "type": "Point", "coordinates": [ -104.845626830999947, 39.77748107900004 ] } },
{ "type": "Feature", "properties": { "OBJECTID": 33433, "id": "DENVER_2020_2024202355874", "x": -105.03127288818359, "y": 39.724529266357422, "robbery": 1 }, "geometry": { "type": "Point", "coordinates": [ -105.031272888, 39.724529266000047 ] } },
{ "type": "Feature", "properties": { "OBJECTID": 33434, "id": "DENVER_2020_2024202355893", "x": -105.00623321533203, "y": 39.685779571533203, "robbery": 1 }, "geometry": { "type": "Point", "coordinates": [ -105.006233214999952, 39.685779572000058 ] } },
{ "type": "Feature", "properties": { "OBJECTID": 33435, "id": "DENVER_2020_20242023558980", "x": -104.97828674316406, "y": 39.784111022949219, "robbery": 1 }, "geometry": { "type": "Point", "coordinates": [ -104.978286742999956, 39.784111023000037 ] } },
{ "type": "Feature", "properties": { "OBJECTID": 33436, "id": "DENVER_2020_20242023559273", "x": -104.88880157470703, "y": 39.721748352050781, "robbery": 1 }, "geometry": { "type": "Point", "coordinates": [ -104.888801574999945, 39.721748352000077 ] } },
{ "type": "Feature", "properties": { "OBJECTID": 33437, "id": "DENVER_2020_20242023559872", "x": -104.93006896972656, "y": 39.782810211181641, "robbery": 1 }, "geometry": { "type": "Point", "coordinates": [ -104.930068969999979, 39.782810211000026 ] } },
{ "type": "Feature", "properties": { "OBJECTID": 33438, "id": "DENVER_2020_20242023559909", "x": -104.86196136474609, "y": 39.658409118652344, "robbery": 1 }, "geometry": { "type": "Point", "coordinates": [ -104.861961364999956, 39.658409119000055 ] } },
{ "type": "Feature", "properties": { "OBJECTID": 33439, "id": "DENVER_2020_20242023560281", "x": -104.98863983154297, "y": 39.754558563232422, "robbery": 1 }, "geometry": { "type": "Point", "coordinates": [ -104.988639832, 39.754558563000046 ] } },
{ "type": "Feature", "properties": { "OBJECTID": 33440, "id": "DENVER_2020_20242023560909", "x": -104.98195648193359, "y": 39.738670349121094, "robbery": 1 }, "geometry": { "type": "Point", "coordinates": [ -104.981956481999987, 39.738670349000074 ] } },
{ "type": "Feature", "properties": { "OBJECTID": 33441, "id": "DENVER_2020_20242023561651", "x": -104.90467071533203, "y": 39.782089233398438, "robbery": 1 }, "geometry": { "type": "Point", "coordinates": [ -104.904670714999952, 39.782089233000079 ] } },
{ "type": "Feature", "properties": { "OBJECTID": 33442, "id": "DENVER_2020_20242023562354", "x": -104.94819641113281, "y": 39.764198303222656, "robbery": 1 }, "geometry": { "type": "Point", "coordinates": [ -104.948196410999969, 39.764198303000057 ] } },
{ "type": "Feature", "properties": { "OBJECTID": 33443, "id": "DENVER_2020_20242023562449", "x": -105.0184326171875, "y": 39.749771118164062, "robbery": 1 }, "geometry": { "type": "Point", "coordinates": [ -105.018432616999974, 39.749771118000069 ] } },
{ "type": "Feature", "properties": { "OBJECTID": 33444, "id": "DENVER_2020_20242023563368", "x": -104.93917083740234, "y": 39.685508728027344, "robbery": 1 }, "geometry": { "type": "Point", "coordinates": [ -104.939170836999949, 39.685508728000059 ] } },
{ "type": "Feature", "properties": { "OBJECTID": 33445, "id": "DENVER_2020_20242023563858", "x": -104.99497222900391, "y": 39.768020629882812, "robbery": 1 }, "geometry": { "type": "Point", "coordinates": [ -104.994972228999984, 39.76802063000008 ] } },
{ "type": "Feature", "properties": { "OBJECTID": 33446, "id": "DENVER_2020_20242023564150", "x": -105.00273132324219, "y": 39.7376708984375, "robbery": 1 }, "geometry": { "type": "Point", "coordinates": [ -105.002731322999978, 39.737670898000033 ] } },
{ "type": "Feature", "properties": { "OBJECTID": 33447, "id": "DENVER_2020_20242023564210", "x": -104.83487701416016, "y": 39.773880004882812, "robbery": 1 }, "geometry": { "type": "Point", "coordinates": [ -104.834877013999971, 39.77388000500008 ] } },
{ "type": "Feature", "properties": { "OBJECTID": 33448, "id": "DENVER_2020_20242023564346", "x": -104.82420349121094, "y": 39.790599822998047, "robbery": 1 }, "geometry": { "type": "Point", "coordinates": [ -104.824203491, 39.790599823000036 ] } },
{ "type": "Feature", "properties": { "OBJECTID": 33449, "id": "DENVER_2020_20242023564920", "x": -104.76640319824219, "y": 39.782871246337891, "robbery": 1 }, "geometry": { "type": "Point", "coordinates": [ -104.766403197999978, 39.78287124600007 ] } },
{ "type": "Feature", "properties": { "OBJECTID": 33450, "id": "DENVER_2020_20242023566620", "x": -104.86972808837891, "y": 39.707698822021484, "robbery": 1 }, "geometry": { "type": "Point", "coordinates": [ -104.869728087999988, 39.707698822000054 ] } },
{ "type": "Feature", "properties": { "OBJECTID": 33451, "id": "DENVER_2020_20242023566668", "x": -104.98729705810547, "y": 39.740459442138672, "robbery": 1 }, "geometry": { "type": "Point", "coordinates": [ -104.987297057999967, 39.740459442000031 ] } },
{ "type": "Feature", "properties": { "OBJECTID": 33452, "id": "DENVER_2020_20242023566672", "x": -104.87525939941406, "y": 39.704559326171875, "robbery": 1 }, "geometry": { "type": "Point", "coordinates": [ -104.875259398999958, 39.704559326000037 ] } },
{ "type": "Feature", "properties": { "OBJECTID": 33453, "id": "DENVER_2020_20242023567152", "x": -104.88527679443359, "y": 39.653450012207031, "robbery": 1 }, "geometry": { "type": "Point", "coordinates": [ -104.885276794, 39.653450012000064 ] } },
{ "type": "Feature", "properties": { "OBJECTID": 33454, "id": "DENVER_2020_20242023567963", "x": -104.98515319824219, "y": 39.685760498046875, "robbery": 1 }, "geometry": { "type": "Point", "coordinates": [ -104.985153197999978, 39.685760498000036 ] } },
{ "type": "Feature", "properties": { "OBJECTID": 33455, "id": "DENVER_2020_20242023568716", "x": -104.98018646240234, "y": 39.711261749267578, "robbery": 1 }, "geometry": { "type": "Point", "coordinates": [ -104.980186461999949, 39.711261749000073 ] } },
{ "type": "Feature", "properties": { "OBJECTID": 33456, "id": "DENVER_2020_20242023569466", "x": -104.97804260253906, "y": 39.716529846191406, "robbery": 1 }, "geometry": { "type": "Point", "coordinates": [ -104.978042602999949, 39.716529846000071 ] } },
{ "type": "Feature", "properties": { "OBJECTID": 33457, "id": "DENVER_2020_20242023570961", "x": -104.89399719238281, "y": 39.770549774169922, "robbery": 1 }, "geometry": { "type": "Point", "coordinates": [ -104.893997191999972, 39.770549774000074 ] } },
{ "type": "Feature", "properties": { "OBJECTID": 33458, "id": "DENVER_2020_20242023570996", "x": -105.03453826904297, "y": 39.757598876953125, "robbery": 1 }, "geometry": { "type": "Point", "coordinates": [ -105.034538268999938, 39.757598877000078 ] } },
{ "type": "Feature", "properties": { "OBJECTID": 33459, "id": "DENVER_2020_2024202357120", "x": -104.97514343261719, "y": 39.741409301757812, "robbery": 1 }, "geometry": { "type": "Point", "coordinates": [ -104.975143432999971, 39.741409302000079 ] } },
{ "type": "Feature", "properties": { "OBJECTID": 33460, "id": "DENVER_2020_20242023571709", "x": -104.84668731689453, "y": 39.780479431152344, "robbery": 1 }, "geometry": { "type": "Point", "coordinates": [ -104.846687316999976, 39.78047943100006 ] } },
{ "type": "Feature", "properties": { "OBJECTID": 33461, "id": "DENVER_2020_20242023571753", "x": -104.90899658203125, "y": 39.709869384765625, "robbery": 1 }, "geometry": { "type": "Point", "coordinates": [ -104.908996581999986, 39.709869385000047 ] } },
{ "type": "Feature", "properties": { "OBJECTID": 33462, "id": "DENVER_2020_20242023572007", "x": -104.99273681640625, "y": 39.7127685546875, "robbery": 1 }, "geometry": { "type": "Point", "coordinates": [ -104.992736816, 39.712768555000025 ] } },
{ "type": "Feature", "properties": { "OBJECTID": 33463, "id": "DENVER_2020_20242023572116", "x": -104.94934844970703, "y": 39.778770446777344, "robbery": 1 }, "geometry": { "type": "Point", "coordinates": [ -104.949348449999945, 39.778770447000056 ] } },
{ "type": "Feature", "properties": { "OBJECTID": 33464, "id": "DENVER_2020_20242023572287", "x": -104.94854736328125, "y": 39.739971160888672, "robbery": 1 }, "geometry": { "type": "Point", "coordinates": [ -104.948547362999989, 39.739971161000028 ] } },
{ "type": "Feature", "properties": { "OBJECTID": 33465, "id": "DENVER_2020_20242023572289", "x": -104.94104766845703, "y": 39.734638214111328, "robbery": 1 }, "geometry": { "type": "Point", "coordinates": [ -104.941047667999953, 39.734638214000029 ] } },
{ "type": "Feature", "properties": { "OBJECTID": 33466, "id": "DENVER_2020_20242023572311", "x": -104.98027801513672, "y": 39.762290954589844, "robbery": 1 }, "geometry": { "type": "Point", "coordinates": [ -104.980278014999953, 39.762290955000026 ] } },
{ "type": "Feature", "properties": { "OBJECTID": 33467, "id": "DENVER_2020_20242023572339", "x": -104.95899200439453, "y": 39.672779083251953, "robbery": 1 }, "geometry": { "type": "Point", "coordinates": [ -104.958992003999981, 39.67277908300008 ] } },
{ "type": "Feature", "properties": { "OBJECTID": 33468, "id": "DENVER_2020_2024202357278", "x": -104.98358917236328, "y": 39.740039825439453, "robbery": 1 }, "geometry": { "type": "Point", "coordinates": [ -104.983589171999938, 39.740039825000053 ] } },
{ "type": "Feature", "properties": { "OBJECTID": 33469, "id": "DENVER_2020_20242023573707", "x": -104.96578216552734, "y": 39.727481842041016, "robbery": 1 }, "geometry": { "type": "Point", "coordinates": [ -104.96578216599994, 39.727481842000032 ] } },
{ "type": "Feature", "properties": { "OBJECTID": 33470, "id": "DENVER_2020_20242023573932", "x": -104.98668670654297, "y": 39.752128601074219, "robbery": 1 }, "geometry": { "type": "Point", "coordinates": [ -104.986686707, 39.752128601000038 ] } },
{ "type": "Feature", "properties": { "OBJECTID": 33471, "id": "DENVER_2020_20242023574241", "x": -105.02284240722656, "y": 39.791168212890625, "robbery": 1 }, "geometry": { "type": "Point", "coordinates": [ -105.022842406999985, 39.791168213000049 ] } },
{ "type": "Feature", "properties": { "OBJECTID": 33472, "id": "DENVER_2020_20242023574978", "x": -105.02496337890625, "y": 39.683170318603516, "robbery": 1 }, "geometry": { "type": "Point", "coordinates": [ -105.024963378999985, 39.683170319000055 ] } },
{ "type": "Feature", "properties": { "OBJECTID": 33473, "id": "DENVER_2020_20242023575732", "x": -105.00218200683594, "y": 39.769710540771484, "robbery": 1 }, "geometry": { "type": "Point", "coordinates": [ -105.002182006999988, 39.769710541000052 ] } },
{ "type": "Feature", "properties": { "OBJECTID": 33474, "id": "DENVER_2020_20242023575981", "x": -104.90541076660156, "y": 39.698020935058594, "robbery": 1 }, "geometry": { "type": "Point", "coordinates": [ -104.905410766999978, 39.698020935000045 ] } },
{ "type": "Feature", "properties": { "OBJECTID": 33475, "id": "DENVER_2020_20242023576479", "x": -104.90280914306641, "y": 39.699211120605469, "robbery": 1 }, "geometry": { "type": "Point", "coordinates": [ -104.902809142999956, 39.699211121000076 ] } },
{ "type": "Feature", "properties": { "OBJECTID": 33476, "id": "DENVER_2020_20242023578946", "x": -104.89980316162109, "y": 39.761669158935547, "robbery": 1 }, "geometry": { "type": "Point", "coordinates": [ -104.899803161999955, 39.761669159000064 ] } },
{ "type": "Feature", "properties": { "OBJECTID": 33477, "id": "DENVER_2020_20242023579056", "x": -104.98623657226562, "y": 39.754051208496094, "robbery": 1 }, "geometry": { "type": "Point", "coordinates": [ -104.986236571999939, 39.754051208000078 ] } },
{ "type": "Feature", "properties": { "OBJECTID": 33478, "id": "DENVER_2020_20242023579193", "x": -104.87014007568359, "y": 39.670970916748047, "robbery": 1 }, "geometry": { "type": "Point", "coordinates": [ -104.870140075999984, 39.670970917000034 ] } },
{ "type": "Feature", "properties": { "OBJECTID": 33479, "id": "DENVER_2020_20242023579314", "x": -104.99105072021484, "y": 39.755489349365234, "robbery": 1 }, "geometry": { "type": "Point", "coordinates": [ -104.991050719999976, 39.755489349000072 ] } },
{ "type": "Feature", "properties": { "OBJECTID": 33480, "id": "DENVER_2020_20242023579379", "x": -104.9405517578125, "y": 39.772880554199219, "robbery": 1 }, "geometry": { "type": "Point", "coordinates": [ -104.94055175799997, 39.772880554000039 ] } },
{ "type": "Feature", "properties": { "OBJECTID": 33481, "id": "DENVER_2020_20242023579559", "x": -104.99826049804688, "y": 39.716419219970703, "robbery": 1 }, "geometry": { "type": "Point", "coordinates": [ -104.998260497999979, 39.716419220000034 ] } },
{ "type": "Feature", "properties": { "OBJECTID": 33482, "id": "DENVER_2020_20242023579615", "x": -104.90902709960938, "y": 39.696819305419922, "robbery": 1 }, "geometry": { "type": "Point", "coordinates": [ -104.909027099999946, 39.696819305000076 ] } },
{ "type": "Feature", "properties": { "OBJECTID": 33483, "id": "DENVER_2020_20242023580117", "x": -104.98834228515625, "y": 39.729801177978516, "robbery": 1 }, "geometry": { "type": "Point", "coordinates": [ -104.988342284999987, 39.729801178000059 ] } },
{ "type": "Feature", "properties": { "OBJECTID": 33484, "id": "DENVER_2020_2024202358017", "x": -104.91726684570312, "y": 39.654621124267578, "robbery": 1 }, "geometry": { "type": "Point", "coordinates": [ -104.917266845999961, 39.654621124000073 ] } },
{ "type": "Feature", "properties": { "OBJECTID": 33485, "id": "DENVER_2020_20242023581716", "x": -104.94097137451172, "y": 39.758010864257812, "robbery": 1 }, "geometry": { "type": "Point", "coordinates": [ -104.940971374999947, 39.758010864000028 ] } },
{ "type": "Feature", "properties": { "OBJECTID": 33486, "id": "DENVER_2020_20242023582035", "x": -104.90477752685547, "y": 39.767658233642578, "robbery": 1 }, "geometry": { "type": "Point", "coordinates": [ -104.904777526999965, 39.767658234000066 ] } },
{ "type": "Feature", "properties": { "OBJECTID": 33487, "id": "DENVER_2020_20242023582308", "x": -104.77271270751953, "y": 39.781970977783203, "robbery": 1 }, "geometry": { "type": "Point", "coordinates": [ -104.772712707999972, 39.781970978000061 ] } },
{ "type": "Feature", "properties": { "OBJECTID": 33488, "id": "DENVER_2020_20242023583007", "x": -104.94017028808594, "y": 39.762321472167969, "robbery": 1 }, "geometry": { "type": "Point", "coordinates": [ -104.940170288, 39.762321472000053 ] } },
{ "type": "Feature", "properties": { "OBJECTID": 33489, "id": "DENVER_2020_20242023583207", "x": -104.98715209960938, "y": 39.734531402587891, "robbery": 1 }, "geometry": { "type": "Point", "coordinates": [ -104.987152099999946, 39.734531403000062 ] } },
{ "type": "Feature", "properties": { "OBJECTID": 33490, "id": "DENVER_2020_20242023583232", "x": -104.90025329589844, "y": 39.655399322509766, "robbery": 1 }, "geometry": { "type": "Point", "coordinates": [ -104.90025329599996, 39.65539932300004 ] } },
{ "type": "Feature", "properties": { "OBJECTID": 33491, "id": "DENVER_2020_20242023583553", "x": -105.04720306396484, "y": 39.697349548339844, "robbery": 1 }, "geometry": { "type": "Point", "coordinates": [ -105.047203063999973, 39.697349548000034 ] } },
{ "type": "Feature", "properties": { "OBJECTID": 33492, "id": "DENVER_2020_20242023584767", "x": -104.97303771972656, "y": 39.741458892822266, "robbery": 1 }, "geometry": { "type": "Point", "coordinates": [ -104.973037719999979, 39.741458893000072 ] } },
{ "type": "Feature", "properties": { "OBJECTID": 33493, "id": "DENVER_2020_20242023586181", "x": -104.90541076660156, "y": 39.698020935058594, "robbery": 1 }, "geometry": { "type": "Point", "coordinates": [ -104.905410766999978, 39.698020935000045 ] } },
{ "type": "Feature", "properties": { "OBJECTID": 33494, "id": "DENVER_2020_20242023586251", "x": -104.93163299560547, "y": 39.783428192138672, "robbery": 1 }, "geometry": { "type": "Point", "coordinates": [ -104.931632995999962, 39.783428192000031 ] } },
{ "type": "Feature", "properties": { "OBJECTID": 33495, "id": "DENVER_2020_2024202358676", "x": -104.98715209960938, "y": 39.678810119628906, "robbery": 1 }, "geometry": { "type": "Point", "coordinates": [ -104.987152099999946, 39.678810120000037 ] } },
{ "type": "Feature", "properties": { "OBJECTID": 33496, "id": "DENVER_2020_20242023586819", "x": -104.94017028808594, "y": 39.762321472167969, "robbery": 1 }, "geometry": { "type": "Point", "coordinates": [ -104.940170288, 39.762321472000053 ] } },
{ "type": "Feature", "properties": { "OBJECTID": 33497, "id": "DENVER_2020_20242023587269", "x": -104.94837188720703, "y": 39.738361358642578, "robbery": 1 }, "geometry": { "type": "Point", "coordinates": [ -104.948371886999951, 39.738361359000066 ] } },
{ "type": "Feature", "properties": { "OBJECTID": 33498, "id": "DENVER_2020_20242023588361", "x": -105.02886199951172, "y": 39.738681793212891, "robbery": 1 }, "geometry": { "type": "Point", "coordinates": [ -105.028862, 39.738681793000069 ] } },
{ "type": "Feature", "properties": { "OBJECTID": 33499, "id": "DENVER_2020_20242023588402", "x": -104.90267944335938, "y": 39.757221221923828, "robbery": 1 }, "geometry": { "type": "Point", "coordinates": [ -104.902679442999954, 39.757221222000055 ] } },
{ "type": "Feature", "properties": { "OBJECTID": 33500, "id": "DENVER_2020_20242023588692", "x": -104.91082000732422, "y": 39.739730834960938, "robbery": 1 }, "geometry": { "type": "Point", "coordinates": [ -104.910820006999984, 39.739730835000046 ] } },
{ "type": "Feature", "properties": { "OBJECTID": 33501, "id": "DENVER_2020_202420235888", "x": -105.02522277832031, "y": 39.776641845703125, "robbery": 1 }, "geometry": { "type": "Point", "coordinates": [ -105.025222777999943, 39.776641846000075 ] } },
{ "type": "Feature", "properties": { "OBJECTID": 33502, "id": "DENVER_2020_20242023589156", "x": -104.91510772705078, "y": 39.650020599365234, "robbery": 1 }, "geometry": { "type": "Point", "coordinates": [ -104.915107726999963, 39.650020599000072 ] } },
{ "type": "Feature", "properties": { "OBJECTID": 33503, "id": "DENVER_2020_20242023589175", "x": -104.93656921386719, "y": 39.711330413818359, "robbery": 1 }, "geometry": { "type": "Point", "coordinates": [ -104.936569213999974, 39.711330414000031 ] } },
{ "type": "Feature", "properties": { "OBJECTID": 33504, "id": "DENVER_2020_20242023589210", "x": -104.92938232421875, "y": 39.652729034423828, "robbery": 1 }, "geometry": { "type": "Point", "coordinates": [ -104.92938232399996, 39.65272903400006 ] } },
{ "type": "Feature", "properties": { "OBJECTID": 33505, "id": "DENVER_2020_20242023589233", "x": -104.93968200683594, "y": 39.728958129882812, "robbery": 1 }, "geometry": { "type": "Point", "coordinates": [ -104.939682006999988, 39.72895813000008 ] } },
{ "type": "Feature", "properties": { "OBJECTID": 33506, "id": "DENVER_2020_20242023591577", "x": -104.94142913818359, "y": 39.708118438720703, "robbery": 1 }, "geometry": { "type": "Point", "coordinates": [ -104.941429138, 39.708118439000032 ] } },
{ "type": "Feature", "properties": { "OBJECTID": 33507, "id": "DENVER_2020_20242023592312", "x": -104.96865081787109, "y": 39.764659881591797, "robbery": 1 }, "geometry": { "type": "Point", "coordinates": [ -104.968650817999958, 39.764659882000046 ] } },
{ "type": "Feature", "properties": { "OBJECTID": 33508, "id": "DENVER_2020_2024202359660", "x": -105.05293273925781, "y": 39.754001617431641, "robbery": 1 }, "geometry": { "type": "Point", "coordinates": [ -105.052932738999971, 39.754001617000029 ] } },
{ "type": "Feature", "properties": { "OBJECTID": 33509, "id": "DENVER_2020_20242023597227", "x": -104.89054870605469, "y": 39.740150451660156, "robbery": 1 }, "geometry": { "type": "Point", "coordinates": [ -104.890548705999947, 39.74015045200008 ] } },
{ "type": "Feature", "properties": { "OBJECTID": 33510, "id": "DENVER_2020_2024202359754", "x": -104.90339660644531, "y": 39.758010864257812, "robbery": 1 }, "geometry": { "type": "Point", "coordinates": [ -104.903396605999944, 39.758010864000028 ] } },
{ "type": "Feature", "properties": { "OBJECTID": 33511, "id": "DENVER_2020_20242023597666", "x": -104.88838958740234, "y": 39.783580780029297, "robbery": 1 }, "geometry": { "type": "Point", "coordinates": [ -104.888389586999949, 39.783580780000079 ] } },
{ "type": "Feature", "properties": { "OBJECTID": 33512, "id": "DENVER_2020_20242023597821", "x": -105.00418090820312, "y": 39.70867919921875, "robbery": 1 }, "geometry": { "type": "Point", "coordinates": [ -105.004180907999967, 39.708679199000073 ] } },
{ "type": "Feature", "properties": { "OBJECTID": 33513, "id": "DENVER_2020_20242023597863", "x": -104.93775939941406, "y": 39.763240814208984, "robbery": 1 }, "geometry": { "type": "Point", "coordinates": [ -104.937759398999958, 39.763240814000028 ] } },
{ "type": "Feature", "properties": { "OBJECTID": 33514, "id": "DENVER_2020_20242023598451", "x": -105.02468109130859, "y": 39.673641204833984, "robbery": 1 }, "geometry": { "type": "Point", "coordinates": [ -105.024681091, 39.673641205000024 ] } },
{ "type": "Feature", "properties": { "OBJECTID": 33515, "id": "DENVER_2020_20242023599695", "x": -104.99302673339844, "y": 39.689899444580078, "robbery": 1 }, "geometry": { "type": "Point", "coordinates": [ -104.993026732999965, 39.689899445000037 ] } },
{ "type": "Feature", "properties": { "OBJECTID": 33516, "id": "DENVER_2020_20242023600792", "x": -105.02503967285156, "y": 39.682270050048828, "robbery": 1 }, "geometry": { "type": "Point", "coordinates": [ -105.025039672999981, 39.682270050000056 ] } },
{ "type": "Feature", "properties": { "OBJECTID": 33517, "id": "DENVER_2020_20242023601472", "x": -104.89909362792969, "y": 39.740470886230469, "robbery": 1 }, "geometry": { "type": "Point", "coordinates": [ -104.899093627999946, 39.740470886000026 ] } },
{ "type": "Feature", "properties": { "OBJECTID": 33518, "id": "DENVER_2020_20242023601525", "x": -104.98995208740234, "y": 39.742321014404297, "robbery": 1 }, "geometry": { "type": "Point", "coordinates": [ -104.989952086999949, 39.742321014000026 ] } },
{ "type": "Feature", "properties": { "OBJECTID": 33519, "id": "DENVER_2020_20242023601773", "x": -104.90630340576172, "y": 39.701080322265625, "robbery": 1 }, "geometry": { "type": "Point", "coordinates": [ -104.90630340599995, 39.701080322000053 ] } },
{ "type": "Feature", "properties": { "OBJECTID": 33520, "id": "DENVER_2020_20242023601843", "x": -104.97360992431641, "y": 39.757408142089844, "robbery": 1 }, "geometry": { "type": "Point", "coordinates": [ -104.973609923999959, 39.757408142000031 ] } },
{ "type": "Feature", "properties": { "OBJECTID": 33521, "id": "DENVER_2020_20242023602101", "x": -104.87657928466797, "y": 39.708309173583984, "robbery": 1 }, "geometry": { "type": "Point", "coordinates": [ -104.876579285, 39.708309174000078 ] } },
{ "type": "Feature", "properties": { "OBJECTID": 33522, "id": "DENVER_2020_20242023603584", "x": -104.94209289550781, "y": 39.686649322509766, "robbery": 1 }, "geometry": { "type": "Point", "coordinates": [ -104.942092895999963, 39.68664932300004 ] } },
{ "type": "Feature", "properties": { "OBJECTID": 33523, "id": "DENVER_2020_20242023603718", "x": -104.99994659423828, "y": 39.753059387207031, "robbery": 1 }, "geometry": { "type": "Point", "coordinates": [ -104.999946593999937, 39.753059387000064 ] } },
{ "type": "Feature", "properties": { "OBJECTID": 33524, "id": "DENVER_2020_20242023604451", "x": -104.98996734619141, "y": 39.750938415527344, "robbery": 1 }, "geometry": { "type": "Point", "coordinates": [ -104.989967345999958, 39.750938416000054 ] } },
{ "type": "Feature", "properties": { "OBJECTID": 33525, "id": "DENVER_2020_20242023606103", "x": -104.98832702636719, "y": 39.754329681396484, "robbery": 1 }, "geometry": { "type": "Point", "coordinates": [ -104.988327025999979, 39.754329681000058 ] } },
{ "type": "Feature", "properties": { "OBJECTID": 33526, "id": "DENVER_2020_20242023606595", "x": -104.90045928955078, "y": 39.755348205566406, "robbery": 1 }, "geometry": { "type": "Point", "coordinates": [ -104.900459289999958, 39.755348206000065 ] } },
{ "type": "Feature", "properties": { "OBJECTID": 33527, "id": "DENVER_2020_20242023606795", "x": -105.02509307861328, "y": 39.711170196533203, "robbery": 1 }, "geometry": { "type": "Point", "coordinates": [ -105.025093078999987, 39.711170197000058 ] } },
{ "type": "Feature", "properties": { "OBJECTID": 33528, "id": "DENVER_2020_20242023606843", "x": -104.99890899658203, "y": 39.733959197998047, "robbery": 1 }, "geometry": { "type": "Point", "coordinates": [ -104.998908996999944, 39.733959198000036 ] } },
{ "type": "Feature", "properties": { "OBJECTID": 33529, "id": "DENVER_2020_20242023607548", "x": -104.90025329589844, "y": 39.655399322509766, "robbery": 1 }, "geometry": { "type": "Point", "coordinates": [ -104.90025329599996, 39.65539932300004 ] } },
{ "type": "Feature", "properties": { "OBJECTID": 33530, "id": "DENVER_2020_20242023608147", "x": -104.99767303466797, "y": 39.732170104980469, "robbery": 1 }, "geometry": { "type": "Point", "coordinates": [ -104.997673035, 39.73217010500008 ] } },
{ "type": "Feature", "properties": { "OBJECTID": 33531, "id": "DENVER_2020_20242023609912", "x": -104.84824371337891, "y": 39.776050567626953, "robbery": 1 }, "geometry": { "type": "Point", "coordinates": [ -104.848243712999988, 39.776050568000073 ] } },
{ "type": "Feature", "properties": { "OBJECTID": 33532, "id": "DENVER_2020_20242023609922", "x": -104.84771728515625, "y": 39.772491455078125, "robbery": 1 }, "geometry": { "type": "Point", "coordinates": [ -104.847717284999987, 39.772491455000079 ] } },
{ "type": "Feature", "properties": { "OBJECTID": 33533, "id": "DENVER_2020_20242023609946", "x": -105.05277252197266, "y": 39.697498321533203, "robbery": 1 }, "geometry": { "type": "Point", "coordinates": [ -105.052772521999941, 39.697498322000058 ] } },
{ "type": "Feature", "properties": { "OBJECTID": 33534, "id": "DENVER_2020_20242023610144", "x": -104.90598297119141, "y": 39.693458557128906, "robbery": 1 }, "geometry": { "type": "Point", "coordinates": [ -104.905982970999958, 39.693458557000042 ] } },
{ "type": "Feature", "properties": { "OBJECTID": 33535, "id": "DENVER_2020_20242023610447", "x": -104.98001861572266, "y": 39.740268707275391, "robbery": 1 }, "geometry": { "type": "Point", "coordinates": [ -104.980018615999938, 39.740268707000041 ] } },
{ "type": "Feature", "properties": { "OBJECTID": 33536, "id": "DENVER_2020_20242023610584", "x": -105.01835632324219, "y": 39.684261322021484, "robbery": 1 }, "geometry": { "type": "Point", "coordinates": [ -105.018356322999978, 39.684261322000054 ] } },
{ "type": "Feature", "properties": { "OBJECTID": 33537, "id": "DENVER_2020_20242023611004", "x": -105.02559661865234, "y": 39.678989410400391, "robbery": 1 }, "geometry": { "type": "Point", "coordinates": [ -105.025596618999941, 39.678989410000042 ] } },
{ "type": "Feature", "properties": { "OBJECTID": 33538, "id": "DENVER_2020_20242023611081", "x": -104.95752716064453, "y": 39.680061340332031, "robbery": 1 }, "geometry": { "type": "Point", "coordinates": [ -104.957527160999973, 39.680061340000066 ] } },
{ "type": "Feature", "properties": { "OBJECTID": 33539, "id": "DENVER_2020_20242023611265", "x": -104.88583374023438, "y": 39.747470855712891, "robbery": 1 }, "geometry": { "type": "Point", "coordinates": [ -104.885833739999953, 39.747470856000064 ] } },
{ "type": "Feature", "properties": { "OBJECTID": 33540, "id": "DENVER_2020_20242023611869", "x": -104.89520263671875, "y": 39.745620727539062, "robbery": 1 }, "geometry": { "type": "Point", "coordinates": [ -104.895202636999954, 39.745620728000063 ] } },
{ "type": "Feature", "properties": { "OBJECTID": 33541, "id": "DENVER_2020_20242023611968", "x": -104.77448272705078, "y": 39.783718109130859, "robbery": 1 }, "geometry": { "type": "Point", "coordinates": [ -104.774482726999963, 39.783718109000063 ] } },
{ "type": "Feature", "properties": { "OBJECTID": 33542, "id": "DENVER_2020_20242023612713", "x": -104.86682891845703, "y": 39.759449005126953, "robbery": 1 }, "geometry": { "type": "Point", "coordinates": [ -104.866828917999953, 39.759449005000079 ] } },
{ "type": "Feature", "properties": { "OBJECTID": 33543, "id": "DENVER_2020_20242023612914", "x": -105.02562713623047, "y": 39.776359558105469, "robbery": 1 }, "geometry": { "type": "Point", "coordinates": [ -105.025627135999969, 39.776359558000024 ] } },
{ "type": "Feature", "properties": { "OBJECTID": 33544, "id": "DENVER_2020_20242023613757", "x": -105.02913665771484, "y": 39.671009063720703, "robbery": 1 }, "geometry": { "type": "Point", "coordinates": [ -105.02913665799997, 39.671009064000032 ] } },
{ "type": "Feature", "properties": { "OBJECTID": 33545, "id": "DENVER_2020_20242023614563", "x": -104.93984222412109, "y": 39.740680694580078, "robbery": 1 }, "geometry": { "type": "Point", "coordinates": [ -104.93984222399996, 39.740680695000037 ] } },
{ "type": "Feature", "properties": { "OBJECTID": 33546, "id": "DENVER_2020_20242023614748", "x": -105.03471374511719, "y": 39.709239959716797, "robbery": 1 }, "geometry": { "type": "Point", "coordinates": [ -105.034713744999976, 39.709239960000048 ] } },
{ "type": "Feature", "properties": { "OBJECTID": 33547, "id": "DENVER_2020_20242023614761", "x": -104.91153717041016, "y": 39.701530456542969, "robbery": 1 }, "geometry": { "type": "Point", "coordinates": [ -104.911537169999974, 39.701530457000047 ] } },
{ "type": "Feature", "properties": { "OBJECTID": 33548, "id": "DENVER_2020_20242023615338", "x": -104.94096374511719, "y": 39.765289306640625, "robbery": 1 }, "geometry": { "type": "Point", "coordinates": [ -104.940963744999976, 39.765289307000046 ] } },
{ "type": "Feature", "properties": { "OBJECTID": 33549, "id": "DENVER_2020_20242023616182", "x": -104.98715972900391, "y": 39.729278564453125, "robbery": 1 }, "geometry": { "type": "Point", "coordinates": [ -104.987159728999984, 39.729278564000026 ] } },
{ "type": "Feature", "properties": { "OBJECTID": 33550, "id": "DENVER_2020_20242023616316", "x": -104.89803314208984, "y": 39.766220092773438, "robbery": 1 }, "geometry": { "type": "Point", "coordinates": [ -104.898033141999974, 39.766220093000072 ] } },
{ "type": "Feature", "properties": { "OBJECTID": 33551, "id": "DENVER_2020_20242023616988", "x": -104.901123046875, "y": 39.758258819580078, "robbery": 1 }, "geometry": { "type": "Point", "coordinates": [ -104.901123046999942, 39.758258820000037 ] } },
{ "type": "Feature", "properties": { "OBJECTID": 33552, "id": "DENVER_2020_20242023617124", "x": -104.97511291503906, "y": 39.739860534667969, "robbery": 1 }, "geometry": { "type": "Point", "coordinates": [ -104.975112914999954, 39.739860535000048 ] } },
{ "type": "Feature", "properties": { "OBJECTID": 33553, "id": "DENVER_2020_20242023617373", "x": -104.86869049072266, "y": 39.656879425048828, "robbery": 1 }, "geometry": { "type": "Point", "coordinates": [ -104.868690490999938, 39.656879425000056 ] } },
{ "type": "Feature", "properties": { "OBJECTID": 33554, "id": "DENVER_2020_20242023617447", "x": -104.87254333496094, "y": 39.655788421630859, "robbery": 1 }, "geometry": { "type": "Point", "coordinates": [ -104.872543334999989, 39.655788422000057 ] } },
{ "type": "Feature", "properties": { "OBJECTID": 33555, "id": "DENVER_2020_20242023617866", "x": -104.82598876953125, "y": 39.797798156738281, "robbery": 1 }, "geometry": { "type": "Point", "coordinates": [ -104.825988769999981, 39.797798157000045 ] } },
{ "type": "Feature", "properties": { "OBJECTID": 33556, "id": "DENVER_2020_20242023618626", "x": -104.90397644042969, "y": 39.767391204833984, "robbery": 1 }, "geometry": { "type": "Point", "coordinates": [ -104.903976439999951, 39.767391205000081 ] } },
{ "type": "Feature", "properties": { "OBJECTID": 33557, "id": "DENVER_2020_20242023619282", "x": -104.94410705566406, "y": 39.742870330810547, "robbery": 1 }, "geometry": { "type": "Point", "coordinates": [ -104.94410705599995, 39.742870331000063 ] } },
{ "type": "Feature", "properties": { "OBJECTID": 33558, "id": "DENVER_2020_20242023620438", "x": -104.98645782470703, "y": 39.747749328613281, "robbery": 1 }, "geometry": { "type": "Point", "coordinates": [ -104.986457824999945, 39.747749329000044 ] } },
{ "type": "Feature", "properties": { "OBJECTID": 33559, "id": "DENVER_2020_20242023620684", "x": -104.98738861083984, "y": 39.740058898925781, "robbery": 1 }, "geometry": { "type": "Point", "coordinates": [ -104.987388610999972, 39.740058899000076 ] } },
{ "type": "Feature", "properties": { "OBJECTID": 33560, "id": "DENVER_2020_20242023621412", "x": -104.98928070068359, "y": 39.754539489746094, "robbery": 1 }, "geometry": { "type": "Point", "coordinates": [ -104.989280700999984, 39.75453949000007 ] } },
{ "type": "Feature", "properties": { "OBJECTID": 33561, "id": "DENVER_2020_20242023621572", "x": -104.93417358398438, "y": 39.739349365234375, "robbery": 1 }, "geometry": { "type": "Point", "coordinates": [ -104.93417358399995, 39.739349365000066 ] } },
{ "type": "Feature", "properties": { "OBJECTID": 33562, "id": "DENVER_2020_20242023622136", "x": -104.83149719238281, "y": 39.776580810546875, "robbery": 1 }, "geometry": { "type": "Point", "coordinates": [ -104.831497191999972, 39.776580811000031 ] } },
{ "type": "Feature", "properties": { "OBJECTID": 33563, "id": "DENVER_2020_2024202362233", "x": -104.88754272460938, "y": 39.786128997802734, "robbery": 1 }, "geometry": { "type": "Point", "coordinates": [ -104.887542724999946, 39.786128998000038 ] } },
{ "type": "Feature", "properties": { "OBJECTID": 33564, "id": "DENVER_2020_20242023622350", "x": -104.97309875488281, "y": 39.740028381347656, "robbery": 1 }, "geometry": { "type": "Point", "coordinates": [ -104.973098754999967, 39.740028381000059 ] } },
{ "type": "Feature", "properties": { "OBJECTID": 33565, "id": "DENVER_2020_20242023623648", "x": -105.044189453125, "y": 39.704090118408203, "robbery": 1 }, "geometry": { "type": "Point", "coordinates": [ -105.044189452999944, 39.704090118000067 ] } },
{ "type": "Feature", "properties": { "OBJECTID": 33566, "id": "DENVER_2020_20242023624155", "x": -104.75691223144531, "y": 39.787338256835938, "robbery": 1 }, "geometry": { "type": "Point", "coordinates": [ -104.756912230999944, 39.787338257000044 ] } },
{ "type": "Feature", "properties": { "OBJECTID": 33567, "id": "DENVER_2020_20242023624356", "x": -104.89502716064453, "y": 39.783611297607422, "robbery": 1 }, "geometry": { "type": "Point", "coordinates": [ -104.895027160999973, 39.783611298000039 ] } },
{ "type": "Feature", "properties": { "OBJECTID": 33568, "id": "DENVER_2020_20242023624381", "x": -104.97801208496094, "y": 39.739810943603516, "robbery": 1 }, "geometry": { "type": "Point", "coordinates": [ -104.978012084999989, 39.739810944000055 ] } },
{ "type": "Feature", "properties": { "OBJECTID": 33569, "id": "DENVER_2020_20242023625122", "x": -104.92841339111328, "y": 39.756961822509766, "robbery": 1 }, "geometry": { "type": "Point", "coordinates": [ -104.928413391, 39.75696182300004 ] } },
{ "type": "Feature", "properties": { "OBJECTID": 33570, "id": "DENVER_2020_20242023626535", "x": -104.97926330566406, "y": 39.753860473632812, "robbery": 1 }, "geometry": { "type": "Point", "coordinates": [ -104.97926330599995, 39.753860474000078 ] } },
{ "type": "Feature", "properties": { "OBJECTID": 33571, "id": "DENVER_2020_20242023626788", "x": -104.98703002929688, "y": 39.750518798828125, "robbery": 1 }, "geometry": { "type": "Point", "coordinates": [ -104.987030028999982, 39.750518799000076 ] } },
{ "type": "Feature", "properties": { "OBJECTID": 33572, "id": "DENVER_2020_20242023627159", "x": -104.97633361816406, "y": 39.7398681640625, "robbery": 1 }, "geometry": { "type": "Point", "coordinates": [ -104.976333617999956, 39.739868164000029 ] } },
{ "type": "Feature", "properties": { "OBJECTID": 33573, "id": "DENVER_2020_20242023627858", "x": -104.99709320068359, "y": 39.710330963134766, "robbery": 1 }, "geometry": { "type": "Point", "coordinates": [ -104.997093200999984, 39.710330963000047 ] } },
{ "type": "Feature", "properties": { "OBJECTID": 33574, "id": "DENVER_2020_20242023628433", "x": -105.00733184814453, "y": 39.784019470214844, "robbery": 1 }, "geometry": { "type": "Point", "coordinates": [ -105.007331847999978, 39.784019470000032 ] } },
{ "type": "Feature", "properties": { "OBJECTID": 33575, "id": "DENVER_2020_20242023629160", "x": -105.01040649414062, "y": 39.746921539306641, "robbery": 1 }, "geometry": { "type": "Point", "coordinates": [ -105.010406493999938, 39.746921539000027 ] } },
{ "type": "Feature", "properties": { "OBJECTID": 33576, "id": "DENVER_2020_20242023629808", "x": -104.89991760253906, "y": 39.766139984130859, "robbery": 1 }, "geometry": { "type": "Point", "coordinates": [ -104.899917602999949, 39.766139984000063 ] } },
{ "type": "Feature", "properties": { "OBJECTID": 33577, "id": "DENVER_2020_20242023630088", "x": -104.84435272216797, "y": 39.7864990234375, "robbery": 1 }, "geometry": { "type": "Point", "coordinates": [ -104.84435272199994, 39.786499023000033 ] } },
{ "type": "Feature", "properties": { "OBJECTID": 33578, "id": "DENVER_2020_20242023630111", "x": -104.92122650146484, "y": 39.739879608154297, "robbery": 1 }, "geometry": { "type": "Point", "coordinates": [ -104.921226500999978, 39.739879608000081 ] } },
{ "type": "Feature", "properties": { "OBJECTID": 33579, "id": "DENVER_2020_20242023630376", "x": -104.97135925292969, "y": 39.770111083984375, "robbery": 1 }, "geometry": { "type": "Point", "coordinates": [ -104.971359252999946, 39.770111084000064 ] } },
{ "type": "Feature", "properties": { "OBJECTID": 33580, "id": "DENVER_2020_20242023630845", "x": -104.89502716064453, "y": 39.783611297607422, "robbery": 1 }, "geometry": { "type": "Point", "coordinates": [ -104.895027160999973, 39.783611298000039 ] } },
{ "type": "Feature", "properties": { "OBJECTID": 33581, "id": "DENVER_2020_20242023630904", "x": -105.05220794677734, "y": 39.694171905517578, "robbery": 1 }, "geometry": { "type": "Point", "coordinates": [ -105.052207946999943, 39.694171906000065 ] } },
{ "type": "Feature", "properties": { "OBJECTID": 33582, "id": "DENVER_2020_20242023631429", "x": -104.92769622802734, "y": 39.707408905029297, "robbery": 1 }, "geometry": { "type": "Point", "coordinates": [ -104.927696227999945, 39.707408905000079 ] } },
{ "type": "Feature", "properties": { "OBJECTID": 33583, "id": "DENVER_2020_20242023631859", "x": -104.92749786376953, "y": 39.680278778076172, "robbery": 1 }, "geometry": { "type": "Point", "coordinates": [ -104.927497863999974, 39.680278778000059 ] } },
{ "type": "Feature", "properties": { "OBJECTID": 33584, "id": "DENVER_2020_20242023632328", "x": -104.90345001220703, "y": 39.747440338134766, "robbery": 1 }, "geometry": { "type": "Point", "coordinates": [ -104.903450011999951, 39.747440338000047 ] } },
{ "type": "Feature", "properties": { "OBJECTID": 33585, "id": "DENVER_2020_20242023633155", "x": -104.77271270751953, "y": 39.781970977783203, "robbery": 1 }, "geometry": { "type": "Point", "coordinates": [ -104.772712707999972, 39.781970978000061 ] } },
{ "type": "Feature", "properties": { "OBJECTID": 33586, "id": "DENVER_2020_20242023633160", "x": -104.79759979248047, "y": 39.783851623535156, "robbery": 1 }, "geometry": { "type": "Point", "coordinates": [ -104.797599791999971, 39.783851624000079 ] } },
{ "type": "Feature", "properties": { "OBJECTID": 33587, "id": "DENVER_2020_20242023633569", "x": -104.8927001953125, "y": 39.781120300292969, "robbery": 1 }, "geometry": { "type": "Point", "coordinates": [ -104.892700194999975, 39.781120300000055 ] } },
{ "type": "Feature", "properties": { "OBJECTID": 33588, "id": "DENVER_2020_20242023633975", "x": -104.84780120849609, "y": 39.783111572265625, "robbery": 1 }, "geometry": { "type": "Point", "coordinates": [ -104.847801207999964, 39.783111572000053 ] } },
{ "type": "Feature", "properties": { "OBJECTID": 33589, "id": "DENVER_2020_20242023634096", "x": -104.95942687988281, "y": 39.764759063720703, "robbery": 1 }, "geometry": { "type": "Point", "coordinates": [ -104.959426879999967, 39.764759064000032 ] } },
{ "type": "Feature", "properties": { "OBJECTID": 33590, "id": "DENVER_2020_20242023634776", "x": -104.90025329589844, "y": 39.655399322509766, "robbery": 1 }, "geometry": { "type": "Point", "coordinates": [ -104.90025329599996, 39.65539932300004 ] } },
{ "type": "Feature", "properties": { "OBJECTID": 33591, "id": "DENVER_2020_20242023634860", "x": -104.84562683105469, "y": 39.782890319824219, "robbery": 1 }, "geometry": { "type": "Point", "coordinates": [ -104.845626830999947, 39.782890320000035 ] } },
{ "type": "Feature", "properties": { "OBJECTID": 33592, "id": "DENVER_2020_20242023634961", "x": -104.99120330810547, "y": 39.752498626708984, "robbery": 1 }, "geometry": { "type": "Point", "coordinates": [ -104.991203307999967, 39.75249862700008 ] } },
{ "type": "Feature", "properties": { "OBJECTID": 33593, "id": "DENVER_2020_20242023635539", "x": -105.01981353759766, "y": 39.73583984375, "robbery": 1 }, "geometry": { "type": "Point", "coordinates": [ -105.019813537999937, 39.735839844000054 ] } },
{ "type": "Feature", "properties": { "OBJECTID": 33594, "id": "DENVER_2020_20242023637236", "x": -104.90972900390625, "y": 39.714370727539062, "robbery": 1 }, "geometry": { "type": "Point", "coordinates": [ -104.909729003999985, 39.714370728000063 ] } },
{ "type": "Feature", "properties": { "OBJECTID": 33595, "id": "DENVER_2020_2024202363788", "x": -104.89698791503906, "y": 39.655799865722656, "robbery": 1 }, "geometry": { "type": "Point", "coordinates": [ -104.896987914999954, 39.655799866000052 ] } },
{ "type": "Feature", "properties": { "OBJECTID": 33596, "id": "DENVER_2020_20242023638346", "x": -105.02458953857422, "y": 39.693328857421875, "robbery": 1 }, "geometry": { "type": "Point", "coordinates": [ -105.024589538999976, 39.69332885700004 ] } },
{ "type": "Feature", "properties": { "OBJECTID": 33597, "id": "DENVER_2020_20242023638696", "x": -104.99906158447266, "y": 39.737331390380859, "robbery": 1 }, "geometry": { "type": "Point", "coordinates": [ -104.999061583999946, 39.737331390000065 ] } },
{ "type": "Feature", "properties": { "OBJECTID": 33598, "id": "DENVER_2020_2024202363895", "x": -104.97902679443359, "y": 39.740150451660156, "robbery": 1 }, "geometry": { "type": "Point", "coordinates": [ -104.979026794, 39.74015045200008 ] } },
{ "type": "Feature", "properties": { "OBJECTID": 33599, "id": "DENVER_2020_20242023639297", "x": -104.98677062988281, "y": 39.741340637207031, "robbery": 1 }, "geometry": { "type": "Point", "coordinates": [ -104.986770629999967, 39.741340637000064 ] } },
{ "type": "Feature", "properties": { "OBJECTID": 33600, "id": "DENVER_2020_20242023639374", "x": -104.98636627197266, "y": 39.764118194580078, "robbery": 1 }, "geometry": { "type": "Point", "coordinates": [ -104.986366271999941, 39.764118195000037 ] } },
{ "type": "Feature", "properties": { "OBJECTID": 33601, "id": "DENVER_2020_20242023639463", "x": -104.88114166259766, "y": 39.722099304199219, "robbery": 1 }, "geometry": { "type": "Point", "coordinates": [ -104.881141662999937, 39.722099304000039 ] } },
{ "type": "Feature", "properties": { "OBJECTID": 33602, "id": "DENVER_2020_20242023639505", "x": -104.91072082519531, "y": 39.714218139648438, "robbery": 1 }, "geometry": { "type": "Point", "coordinates": [ -104.910720824999942, 39.714218140000071 ] } },
{ "type": "Feature", "properties": { "OBJECTID": 33603, "id": "DENVER_2020_20242023639539", "x": -104.97297668457031, "y": 39.745010375976562, "robbery": 1 }, "geometry": { "type": "Point", "coordinates": [ -104.972976685, 39.745010376000039 ] } },
{ "type": "Feature", "properties": { "OBJECTID": 33604, "id": "DENVER_2020_20242023639830", "x": -105.02189636230469, "y": 39.677581787109375, "robbery": 1 }, "geometry": { "type": "Point", "coordinates": [ -105.02189636199995, 39.677581787000065 ] } },
{ "type": "Feature", "properties": { "OBJECTID": 33605, "id": "DENVER_2020_20242023640130", "x": -104.99476623535156, "y": 39.737579345703125, "robbery": 1 }, "geometry": { "type": "Point", "coordinates": [ -104.994766234999986, 39.737579346000075 ] } },
{ "type": "Feature", "properties": { "OBJECTID": 33606, "id": "DENVER_2020_20242023641077", "x": -104.99568176269531, "y": 39.750900268554688, "robbery": 1 }, "geometry": { "type": "Point", "coordinates": [ -104.995681763, 39.750900269000056 ] } },
{ "type": "Feature", "properties": { "OBJECTID": 33607, "id": "DENVER_2020_20242023642285", "x": -104.91287994384766, "y": 39.703861236572266, "robbery": 1 }, "geometry": { "type": "Point", "coordinates": [ -104.91287994399994, 39.703861237000069 ] } },
{ "type": "Feature", "properties": { "OBJECTID": 33608, "id": "DENVER_2020_20242023643022", "x": -105.03949737548828, "y": 39.769279479980469, "robbery": 1 }, "geometry": { "type": "Point", "coordinates": [ -105.039497374999939, 39.76927948000008 ] } },
{ "type": "Feature", "properties": { "OBJECTID": 33609, "id": "DENVER_2020_2024202364321", "x": -104.94991302490234, "y": 39.760730743408203, "robbery": 1 }, "geometry": { "type": "Point", "coordinates": [ -104.949913024999944, 39.760730743000067 ] } },
{ "type": "Feature", "properties": { "OBJECTID": 33610, "id": "DENVER_2020_20242023643811", "x": -104.98464965820312, "y": 39.752689361572266, "robbery": 1 }, "geometry": { "type": "Point", "coordinates": [ -104.984649657999967, 39.752689362000069 ] } },
{ "type": "Feature", "properties": { "OBJECTID": 33611, "id": "DENVER_2020_20242023645933", "x": -105.02568817138672, "y": 39.760089874267578, "robbery": 1 }, "geometry": { "type": "Point", "coordinates": [ -105.025688170999956, 39.760089874000073 ] } },
{ "type": "Feature", "properties": { "OBJECTID": 33612, "id": "DENVER_2020_20242023646177", "x": -105.03276824951172, "y": 39.740619659423828, "robbery": 1 }, "geometry": { "type": "Point", "coordinates": [ -105.032768249999947, 39.74061965900006 ] } },
{ "type": "Feature", "properties": { "OBJECTID": 33613, "id": "DENVER_2020_20242023646201", "x": -104.9276123046875, "y": 39.666618347167969, "robbery": 1 }, "geometry": { "type": "Point", "coordinates": [ -104.927612304999968, 39.666618347000053 ] } },
{ "type": "Feature", "properties": { "OBJECTID": 33614, "id": "DENVER_2020_20242023646345", "x": -104.87412261962891, "y": 39.704578399658203, "robbery": 1 }, "geometry": { "type": "Point", "coordinates": [ -104.87412261999998, 39.704578400000059 ] } },
{ "type": "Feature", "properties": { "OBJECTID": 33615, "id": "DENVER_2020_20242023646748", "x": -104.76853942871094, "y": 39.800941467285156, "robbery": 1 }, "geometry": { "type": "Point", "coordinates": [ -104.768539428999986, 39.80094146700003 ] } },
{ "type": "Feature", "properties": { "OBJECTID": 33616, "id": "DENVER_2020_20242023646967", "x": -105.02483367919922, "y": 39.773159027099609, "robbery": 1 }, "geometry": { "type": "Point", "coordinates": [ -105.024833678999983, 39.773159027000077 ] } },
{ "type": "Feature", "properties": { "OBJECTID": 33617, "id": "DENVER_2020_20242023648053", "x": -104.96382141113281, "y": 39.740280151367188, "robbery": 1 }, "geometry": { "type": "Point", "coordinates": [ -104.963821410999969, 39.740280151000036 ] } },
{ "type": "Feature", "properties": { "OBJECTID": 33618, "id": "DENVER_2020_20242023648180", "x": -104.90541076660156, "y": 39.698020935058594, "robbery": 1 }, "geometry": { "type": "Point", "coordinates": [ -104.905410766999978, 39.698020935000045 ] } },
{ "type": "Feature", "properties": { "OBJECTID": 33619, "id": "DENVER_2020_20242023648197", "x": -105.05207824707031, "y": 39.740360260009766, "robbery": 1 }, "geometry": { "type": "Point", "coordinates": [ -105.05207824699994, 39.740360260000045 ] } },
{ "type": "Feature", "properties": { "OBJECTID": 33620, "id": "DENVER_2020_20242023648225", "x": -105.03661346435547, "y": 39.766918182373047, "robbery": 1 }, "geometry": { "type": "Point", "coordinates": [ -105.03661346399997, 39.76691818200004 ] } },
{ "type": "Feature", "properties": { "OBJECTID": 33621, "id": "DENVER_2020_20242023649407", "x": -104.94049835205078, "y": 39.677219390869141, "robbery": 1 }, "geometry": { "type": "Point", "coordinates": [ -104.940498351999963, 39.677219391000051 ] } },
{ "type": "Feature", "properties": { "OBJECTID": 33622, "id": "DENVER_2020_20242023649448", "x": -104.77220916748047, "y": 39.817340850830078, "robbery": 1 }, "geometry": { "type": "Point", "coordinates": [ -104.772209166999971, 39.81734085100004 ] } },
{ "type": "Feature", "properties": { "OBJECTID": 33623, "id": "DENVER_2020_20242023649579", "x": -105.04515075683594, "y": 39.769378662109375, "robbery": 1 }, "geometry": { "type": "Point", "coordinates": [ -105.045150756999988, 39.769378662000065 ] } },
{ "type": "Feature", "properties": { "OBJECTID": 33624, "id": "DENVER_2020_2024202364961", "x": -105.03929138183594, "y": 39.734809875488281, "robbery": 1 }, "geometry": { "type": "Point", "coordinates": [ -105.039291381999988, 39.734809875000053 ] } },
{ "type": "Feature", "properties": { "OBJECTID": 33625, "id": "DENVER_2020_20242023651110", "x": -104.99334716796875, "y": 39.745868682861328, "robbery": 1 }, "geometry": { "type": "Point", "coordinates": [ -104.993347167999957, 39.745868683000026 ] } },
{ "type": "Feature", "properties": { "OBJECTID": 33626, "id": "DENVER_2020_20242023651432", "x": -105.04812622070312, "y": 39.700420379638672, "robbery": 1 }, "geometry": { "type": "Point", "coordinates": [ -105.048126220999961, 39.700420380000025 ] } },
{ "type": "Feature", "properties": { "OBJECTID": 33627, "id": "DENVER_2020_20242023651441", "x": -104.98705291748047, "y": 39.759540557861328, "robbery": 1 }, "geometry": { "type": "Point", "coordinates": [ -104.987052916999971, 39.759540558000026 ] } },
{ "type": "Feature", "properties": { "OBJECTID": 33628, "id": "DENVER_2020_20242023651727", "x": -105.00060272216797, "y": 39.727790832519531, "robbery": 1 }, "geometry": { "type": "Point", "coordinates": [ -105.00060272199994, 39.727790833000029 ] } },
{ "type": "Feature", "properties": { "OBJECTID": 33629, "id": "DENVER_2020_20242023652647", "x": -104.96312713623047, "y": 39.739429473876953, "robbery": 1 }, "geometry": { "type": "Point", "coordinates": [ -104.963127135999969, 39.739429474000076 ] } },
{ "type": "Feature", "properties": { "OBJECTID": 33630, "id": "DENVER_2020_20242023652712", "x": -104.90397644042969, "y": 39.767391204833984, "robbery": 1 }, "geometry": { "type": "Point", "coordinates": [ -104.903976439999951, 39.767391205000081 ] } },
{ "type": "Feature", "properties": { "OBJECTID": 33631, "id": "DENVER_2020_2024202365424", "x": -105.02028656005859, "y": 39.685009002685547, "robbery": 1 }, "geometry": { "type": "Point", "coordinates": [ -105.020286559999988, 39.685009003000062 ] } },
{ "type": "Feature", "properties": { "OBJECTID": 33632, "id": "DENVER_2020_20242023654514", "x": -104.98692321777344, "y": 39.743579864501953, "robbery": 1 }, "geometry": { "type": "Point", "coordinates": [ -104.986923217999959, 39.743579865000072 ] } },
{ "type": "Feature", "properties": { "OBJECTID": 33633, "id": "DENVER_2020_20242023655579", "x": -105.02838134765625, "y": 39.746368408203125, "robbery": 1 }, "geometry": { "type": "Point", "coordinates": [ -105.028381347999982, 39.74636840800008 ] } },
{ "type": "Feature", "properties": { "OBJECTID": 33634, "id": "DENVER_2020_2024202365560", "x": -104.76528930664062, "y": 39.804691314697266, "robbery": 1 }, "geometry": { "type": "Point", "coordinates": [ -104.765289306999989, 39.804691315000071 ] } },
{ "type": "Feature", "properties": { "OBJECTID": 33635, "id": "DENVER_2020_20242023655642", "x": -104.97312164306641, "y": 39.761749267578125, "robbery": 1 }, "geometry": { "type": "Point", "coordinates": [ -104.973121642999956, 39.761749268000074 ] } },
{ "type": "Feature", "properties": { "OBJECTID": 33636, "id": "DENVER_2020_20242023655648", "x": -105.00060272216797, "y": 39.727790832519531, "robbery": 1 }, "geometry": { "type": "Point", "coordinates": [ -105.00060272199994, 39.727790833000029 ] } },
{ "type": "Feature", "properties": { "OBJECTID": 33637, "id": "DENVER_2020_20242023657395", "x": -104.86515045166016, "y": 39.772480010986328, "robbery": 1 }, "geometry": { "type": "Point", "coordinates": [ -104.865150451999966, 39.772480011000027 ] } },
{ "type": "Feature", "properties": { "OBJECTID": 33638, "id": "DENVER_2020_20242023658068", "x": -104.88574981689453, "y": 39.737991333007812, "robbery": 1 }, "geometry": { "type": "Point", "coordinates": [ -104.885749816999976, 39.737991333000025 ] } },
{ "type": "Feature", "properties": { "OBJECTID": 33639, "id": "DENVER_2020_20242023658931", "x": -104.94956970214844, "y": 39.769359588623047, "robbery": 1 }, "geometry": { "type": "Point", "coordinates": [ -104.949569701999962, 39.769359589000032 ] } },
{ "type": "Feature", "properties": { "OBJECTID": 33640, "id": "DENVER_2020_20242023661576", "x": -104.98529815673828, "y": 39.753578186035156, "robbery": 1 }, "geometry": { "type": "Point", "coordinates": [ -104.985298156999988, 39.753578186000027 ] } },
{ "type": "Feature", "properties": { "OBJECTID": 33641, "id": "DENVER_2020_20242023662108", "x": -104.92735290527344, "y": 39.69744873046875, "robbery": 1 }, "geometry": { "type": "Point", "coordinates": [ -104.927352904999964, 39.697448730000076 ] } },
{ "type": "Feature", "properties": { "OBJECTID": 33642, "id": "DENVER_2020_20242023662291", "x": -104.8453369140625, "y": 39.776149749755859, "robbery": 1 }, "geometry": { "type": "Point", "coordinates": [ -104.845336913999972, 39.776149750000059 ] } },
{ "type": "Feature", "properties": { "OBJECTID": 33643, "id": "DENVER_2020_20242023662378", "x": -104.93791198730469, "y": 39.6798095703125, "robbery": 1 }, "geometry": { "type": "Point", "coordinates": [ -104.93791198699995, 39.679809570000032 ] } },
{ "type": "Feature", "properties": { "OBJECTID": 33644, "id": "DENVER_2020_20242023662869", "x": -105.02458953857422, "y": 39.693328857421875, "robbery": 1 }, "geometry": { "type": "Point", "coordinates": [ -105.024589538999976, 39.69332885700004 ] } },
{ "type": "Feature", "properties": { "OBJECTID": 33645, "id": "DENVER_2020_20242023663356", "x": -104.84780120849609, "y": 39.783111572265625, "robbery": 1 }, "geometry": { "type": "Point", "coordinates": [ -104.847801207999964, 39.783111572000053 ] } },
{ "type": "Feature", "properties": { "OBJECTID": 33646, "id": "DENVER_2020_20242023663467", "x": -104.91570281982422, "y": 39.739608764648438, "robbery": 1 }, "geometry": { "type": "Point", "coordinates": [ -104.915702819999979, 39.739608765000071 ] } },
{ "type": "Feature", "properties": { "OBJECTID": 33647, "id": "DENVER_2020_20242023663687", "x": -104.90397644042969, "y": 39.767391204833984, "robbery": 1 }, "geometry": { "type": "Point", "coordinates": [ -104.903976439999951, 39.767391205000081 ] } },
{ "type": "Feature", "properties": { "OBJECTID": 33648, "id": "DENVER_2020_20242023663915", "x": -104.83621215820312, "y": 39.787830352783203, "robbery": 1 }, "geometry": { "type": "Point", "coordinates": [ -104.836212157999967, 39.787830353000061 ] } },
{ "type": "Feature", "properties": { "OBJECTID": 33649, "id": "DENVER_2020_20242023664181", "x": -104.989990234375, "y": 39.748138427734375, "robbery": 1 }, "geometry": { "type": "Point", "coordinates": [ -104.989990233999947, 39.748138428000061 ] } },
{ "type": "Feature", "properties": { "OBJECTID": 33650, "id": "DENVER_2020_202420236646", "x": -104.98738861083984, "y": 39.740058898925781, "robbery": 1 }, "geometry": { "type": "Point", "coordinates": [ -104.987388610999972, 39.740058899000076 ] } },
{ "type": "Feature", "properties": { "OBJECTID": 33651, "id": "DENVER_2020_20242023667511", "x": -104.80229949951172, "y": 39.789020538330078, "robbery": 1 }, "geometry": { "type": "Point", "coordinates": [ -104.802299499999947, 39.789020538000045 ] } },
{ "type": "Feature", "properties": { "OBJECTID": 33652, "id": "DENVER_2020_2024202366776", "x": -105.025146484375, "y": 39.662120819091797, "robbery": 1 }, "geometry": { "type": "Point", "coordinates": [ -105.025146483999947, 39.662120819000052 ] } },
{ "type": "Feature", "properties": { "OBJECTID": 33653, "id": "DENVER_2020_20242023667948", "x": -104.90541076660156, "y": 39.698020935058594, "robbery": 1 }, "geometry": { "type": "Point", "coordinates": [ -104.905410766999978, 39.698020935000045 ] } },
{ "type": "Feature", "properties": { "OBJECTID": 33654, "id": "DENVER_2020_20242023668062", "x": -105.02200317382812, "y": 39.781288146972656, "robbery": 1 }, "geometry": { "type": "Point", "coordinates": [ -105.022003173999963, 39.781288147000055 ] } },
{ "type": "Feature", "properties": { "OBJECTID": 33655, "id": "DENVER_2020_20242023668915", "x": -104.96830749511719, "y": 39.740909576416016, "robbery": 1 }, "geometry": { "type": "Point", "coordinates": [ -104.968307494999976, 39.740909576000035 ] } },
{ "type": "Feature", "properties": { "OBJECTID": 33656, "id": "DENVER_2020_2024202366949", "x": -104.89726257324219, "y": 39.739669799804688, "robbery": 1 }, "geometry": { "type": "Point", "coordinates": [ -104.897262572999978, 39.739669800000058 ] } },
{ "type": "Feature", "properties": { "OBJECTID": 33657, "id": "DENVER_2020_20242023670359", "x": -104.94049835205078, "y": 39.677219390869141, "robbery": 1 }, "geometry": { "type": "Point", "coordinates": [ -104.940498351999963, 39.677219391000051 ] } },
{ "type": "Feature", "properties": { "OBJECTID": 33658, "id": "DENVER_2020_20242023671351", "x": -105.08289337158203, "y": 39.631599426269531, "robbery": 1 }, "geometry": { "type": "Point", "coordinates": [ -105.082893371999944, 39.631599426000037 ] } },
{ "type": "Feature", "properties": { "OBJECTID": 33659, "id": "DENVER_2020_20242023671446", "x": -105.04987335205078, "y": 39.769241333007812, "robbery": 1 }, "geometry": { "type": "Point", "coordinates": [ -105.049873351999963, 39.769241333000025 ] } },
{ "type": "Feature", "properties": { "OBJECTID": 33660, "id": "DENVER_2020_20242023671576", "x": -104.96933746337891, "y": 39.742908477783203, "robbery": 1 }, "geometry": { "type": "Point", "coordinates": [ -104.969337462999988, 39.742908478000061 ] } },
{ "type": "Feature", "properties": { "OBJECTID": 33661, "id": "DENVER_2020_20242023673186", "x": -104.95269012451172, "y": 39.717529296875, "robbery": 1 }, "geometry": { "type": "Point", "coordinates": [ -104.952690124999947, 39.717529297000056 ] } },
{ "type": "Feature", "properties": { "OBJECTID": 33662, "id": "DENVER_2020_20242023673207", "x": -104.91570281982422, "y": 39.739608764648438, "robbery": 1 }, "geometry": { "type": "Point", "coordinates": [ -104.915702819999979, 39.739608765000071 ] } },
{ "type": "Feature", "properties": { "OBJECTID": 33663, "id": "DENVER_2020_20242023673538", "x": -105.02568817138672, "y": 39.681991577148438, "robbery": 1 }, "geometry": { "type": "Point", "coordinates": [ -105.025688170999956, 39.681991577000076 ] } },
{ "type": "Feature", "properties": { "OBJECTID": 33664, "id": "DENVER_2020_20242023673865", "x": -105.00628662109375, "y": 39.689399719238281, "robbery": 1 }, "geometry": { "type": "Point", "coordinates": [ -105.006286620999958, 39.68939971900005 ] } },
{ "type": "Feature", "properties": { "OBJECTID": 33665, "id": "DENVER_2020_20242023674373", "x": -104.94207000732422, "y": 39.688678741455078, "robbery": 1 }, "geometry": { "type": "Point", "coordinates": [ -104.942070006999984, 39.688678741000047 ] } },
{ "type": "Feature", "properties": { "OBJECTID": 33666, "id": "DENVER_2020_20242023674720", "x": -104.91500854492188, "y": 39.666908264160156, "robbery": 1 }, "geometry": { "type": "Point", "coordinates": [ -104.915008544999978, 39.666908264000028 ] } },
{ "type": "Feature", "properties": { "OBJECTID": 33667, "id": "DENVER_2020_20242023676188", "x": -105.005126953125, "y": 39.732250213623047, "robbery": 1 }, "geometry": { "type": "Point", "coordinates": [ -105.005126952999944, 39.732250214000032 ] } },
{ "type": "Feature", "properties": { "OBJECTID": 33668, "id": "DENVER_2020_20242023677295", "x": -104.96598815917969, "y": 39.746078491210938, "robbery": 1 }, "geometry": { "type": "Point", "coordinates": [ -104.965988158999949, 39.746078491000048 ] } },
{ "type": "Feature", "properties": { "OBJECTID": 33669, "id": "DENVER_2020_20242023677409", "x": -104.93580627441406, "y": 39.729118347167969, "robbery": 1 }, "geometry": { "type": "Point", "coordinates": [ -104.935806273999958, 39.729118347000053 ] } },
{ "type": "Feature", "properties": { "OBJECTID": 33670, "id": "DENVER_2020_2024202367833", "x": -104.99408721923828, "y": 39.766078948974609, "robbery": 1 }, "geometry": { "type": "Point", "coordinates": [ -104.994087218999937, 39.766078949000075 ] } },
{ "type": "Feature", "properties": { "OBJECTID": 33671, "id": "DENVER_2020_20242023678385", "x": -105.05254364013672, "y": 39.655971527099609, "robbery": 1 }, "geometry": { "type": "Point", "coordinates": [ -105.052543639999953, 39.655971527000077 ] } },
{ "type": "Feature", "properties": { "OBJECTID": 33672, "id": "DENVER_2020_20242023678705", "x": -105.00955200195312, "y": 39.755378723144531, "robbery": 1 }, "geometry": { "type": "Point", "coordinates": [ -105.009552001999964, 39.755378723000035 ] } },
{ "type": "Feature", "properties": { "OBJECTID": 33673, "id": "DENVER_2020_20242023678913", "x": -105.00485229492188, "y": 39.769821166992188, "robbery": 1 }, "geometry": { "type": "Point", "coordinates": [ -105.004852294999978, 39.769821167000032 ] } },
{ "type": "Feature", "properties": { "OBJECTID": 33674, "id": "DENVER_2020_20242023678950", "x": -104.98081970214844, "y": 39.740299224853516, "robbery": 1 }, "geometry": { "type": "Point", "coordinates": [ -104.980819701999962, 39.740299225000058 ] } },
{ "type": "Feature", "properties": { "OBJECTID": 33675, "id": "DENVER_2020_20242023679445", "x": -104.94452667236328, "y": 39.692100524902344, "robbery": 1 }, "geometry": { "type": "Point", "coordinates": [ -104.944526671999938, 39.692100525000058 ] } },
{ "type": "Feature", "properties": { "OBJECTID": 33676, "id": "DENVER_2020_20242023680810", "x": -104.90252685546875, "y": 39.759689331054688, "robbery": 1 }, "geometry": { "type": "Point", "coordinates": [ -104.902526854999962, 39.759689331000061 ] } },
{ "type": "Feature", "properties": { "OBJECTID": 33677, "id": "DENVER_2020_20242023681069", "x": -105.02474975585938, "y": 39.723148345947266, "robbery": 1 }, "geometry": { "type": "Point", "coordinates": [ -105.024749755999949, 39.723148346000073 ] } },
{ "type": "Feature", "properties": { "OBJECTID": 33678, "id": "DENVER_2020_20242023681097", "x": -104.89790344238281, "y": 39.739849090576172, "robbery": 1 }, "geometry": { "type": "Point", "coordinates": [ -104.897903441999972, 39.739849091000053 ] } },
{ "type": "Feature", "properties": { "OBJECTID": 33679, "id": "DENVER_2020_202420236811", "x": -104.99899291992188, "y": 39.757640838623047, "robbery": 1 }, "geometry": { "type": "Point", "coordinates": [ -104.998992919999978, 39.757640839000032 ] } },
{ "type": "Feature", "properties": { "OBJECTID": 33680, "id": "DENVER_2020_20242023681379", "x": -105.02561950683594, "y": 39.783561706542969, "robbery": 1 }, "geometry": { "type": "Point", "coordinates": [ -105.025619506999988, 39.783561707000047 ] } },
{ "type": "Feature", "properties": { "OBJECTID": 33681, "id": "DENVER_2020_20242023682495", "x": -105.05275726318359, "y": 39.728759765625, "robbery": 1 }, "geometry": { "type": "Point", "coordinates": [ -105.052757263, 39.728759766000053 ] } },
{ "type": "Feature", "properties": { "OBJECTID": 33682, "id": "DENVER_2020_20242023682682", "x": -104.97844696044922, "y": 39.781269073486328, "robbery": 1 }, "geometry": { "type": "Point", "coordinates": [ -104.978446959999985, 39.781269073000033 ] } },
{ "type": "Feature", "properties": { "OBJECTID": 33683, "id": "DENVER_2020_2024202368286", "x": -104.77245330810547, "y": 39.783161163330078, "robbery": 1 }, "geometry": { "type": "Point", "coordinates": [ -104.772453307999967, 39.783161163000045 ] } },
{ "type": "Feature", "properties": { "OBJECTID": 33684, "id": "DENVER_2020_20242023682883", "x": -104.76640319824219, "y": 39.782871246337891, "robbery": 1 }, "geometry": { "type": "Point", "coordinates": [ -104.766403197999978, 39.78287124600007 ] } },
{ "type": "Feature", "properties": { "OBJECTID": 33685, "id": "DENVER_2020_20242023683022", "x": -104.98837280273438, "y": 39.75469970703125, "robbery": 1 }, "geometry": { "type": "Point", "coordinates": [ -104.988372802999947, 39.754699707000043 ] } },
{ "type": "Feature", "properties": { "OBJECTID": 33686, "id": "DENVER_2020_20242023683177", "x": -104.84824371337891, "y": 39.776050567626953, "robbery": 1 }, "geometry": { "type": "Point", "coordinates": [ -104.848243712999988, 39.776050568000073 ] } },
{ "type": "Feature", "properties": { "OBJECTID": 33687, "id": "DENVER_2020_20242023684588", "x": -104.79659271240234, "y": 39.786178588867188, "robbery": 1 }, "geometry": { "type": "Point", "coordinates": [ -104.796592711999949, 39.786178589000031 ] } },
{ "type": "Feature", "properties": { "OBJECTID": 33688, "id": "DENVER_2020_20242023684918", "x": -104.98573303222656, "y": 39.735851287841797, "robbery": 1 }, "geometry": { "type": "Point", "coordinates": [ -104.985733031999985, 39.735851288000049 ] } },
{ "type": "Feature", "properties": { "OBJECTID": 33689, "id": "DENVER_2020_20242023684937", "x": -105.01416778564453, "y": 39.711521148681641, "robbery": 1 }, "geometry": { "type": "Point", "coordinates": [ -105.014167785999973, 39.711521149000077 ] } },
{ "type": "Feature", "properties": { "OBJECTID": 33690, "id": "DENVER_2020_20242023685394", "x": -104.89894866943359, "y": 39.697231292724609, "robbery": 1 }, "geometry": { "type": "Point", "coordinates": [ -104.898948669, 39.697231293000073 ] } },
{ "type": "Feature", "properties": { "OBJECTID": 33691, "id": "DENVER_2020_20242023686254", "x": -104.96382141113281, "y": 39.740280151367188, "robbery": 1 }, "geometry": { "type": "Point", "coordinates": [ -104.963821410999969, 39.740280151000036 ] } },
{ "type": "Feature", "properties": { "OBJECTID": 33692, "id": "DENVER_2020_20242023686295", "x": -104.89042663574219, "y": 39.710781097412109, "robbery": 1 }, "geometry": { "type": "Point", "coordinates": [ -104.890426635999972, 39.710781097000051 ] } },
{ "type": "Feature", "properties": { "OBJECTID": 33693, "id": "DENVER_2020_20242023686302", "x": -104.89344787597656, "y": 39.635540008544922, "robbery": 1 }, "geometry": { "type": "Point", "coordinates": [ -104.893447875999982, 39.635540009000067 ] } },
{ "type": "Feature", "properties": { "OBJECTID": 33694, "id": "DENVER_2020_20242023686555", "x": -105.03453063964844, "y": 39.704570770263672, "robbery": 1 }, "geometry": { "type": "Point", "coordinates": [ -105.034530639999957, 39.704570770000032 ] } },
{ "type": "Feature", "properties": { "OBJECTID": 33695, "id": "DENVER_2020_20242023686905", "x": -104.89894866943359, "y": 39.697231292724609, "robbery": 1 }, "geometry": { "type": "Point", "coordinates": [ -104.898948669, 39.697231293000073 ] } },
{ "type": "Feature", "properties": { "OBJECTID": 33696, "id": "DENVER_2020_20242023686922", "x": -104.90397644042969, "y": 39.767391204833984, "robbery": 1 }, "geometry": { "type": "Point", "coordinates": [ -104.903976439999951, 39.767391205000081 ] } },
{ "type": "Feature", "properties": { "OBJECTID": 33697, "id": "DENVER_2020_20242023687705", "x": -104.99163818359375, "y": 39.745231628417969, "robbery": 1 }, "geometry": { "type": "Point", "coordinates": [ -104.991638183999953, 39.745231628000056 ] } },
{ "type": "Feature", "properties": { "OBJECTID": 33698, "id": "DENVER_2020_20242023688121", "x": -105.00504302978516, "y": 39.769039154052734, "robbery": 1 }, "geometry": { "type": "Point", "coordinates": [ -105.005043029999968, 39.769039154000041 ] } },
{ "type": "Feature", "properties": { "OBJECTID": 33699, "id": "DENVER_2020_20242023688554", "x": -104.86515045166016, "y": 39.772480010986328, "robbery": 1 }, "geometry": { "type": "Point", "coordinates": [ -104.865150451999966, 39.772480011000027 ] } },
{ "type": "Feature", "properties": { "OBJECTID": 33700, "id": "DENVER_2020_20242023689095", "x": -105.03732299804688, "y": 39.740589141845703, "robbery": 1 }, "geometry": { "type": "Point", "coordinates": [ -105.037322997999979, 39.740589142000033 ] } },
{ "type": "Feature", "properties": { "OBJECTID": 33701, "id": "DENVER_2020_20242023689337", "x": -105.02467346191406, "y": 39.712699890136719, "robbery": 1 }, "geometry": { "type": "Point", "coordinates": [ -105.024673461999953, 39.712699890000067 ] } },
{ "type": "Feature", "properties": { "OBJECTID": 33702, "id": "DENVER_2020_20242023689657", "x": -104.99533081054688, "y": 39.751979827880859, "robbery": 1 }, "geometry": { "type": "Point", "coordinates": [ -104.995330810999974, 39.75197982800006 ] } },
{ "type": "Feature", "properties": { "OBJECTID": 33703, "id": "DENVER_2020_20242023689775", "x": -105.00662994384766, "y": 39.771629333496094, "robbery": 1 }, "geometry": { "type": "Point", "coordinates": [ -105.00662994399994, 39.771629333000078 ] } },
{ "type": "Feature", "properties": { "OBJECTID": 33704, "id": "DENVER_2020_20242023690165", "x": -105.02474975585938, "y": 39.723148345947266, "robbery": 1 }, "geometry": { "type": "Point", "coordinates": [ -105.024749755999949, 39.723148346000073 ] } },
{ "type": "Feature", "properties": { "OBJECTID": 33705, "id": "DENVER_2020_20242023690459", "x": -104.89128875732422, "y": 39.707191467285156, "robbery": 1 }, "geometry": { "type": "Point", "coordinates": [ -104.891288756999984, 39.70719146700003 ] } },
{ "type": "Feature", "properties": { "OBJECTID": 33706, "id": "DENVER_2020_20242023691476", "x": -104.89058685302734, "y": 39.717300415039062, "robbery": 1 }, "geometry": { "type": "Point", "coordinates": [ -104.890586852999945, 39.717300415000068 ] } },
{ "type": "Feature", "properties": { "OBJECTID": 33707, "id": "DENVER_2020_20242023691911", "x": -105.00520324707031, "y": 39.762619018554688, "robbery": 1 }, "geometry": { "type": "Point", "coordinates": [ -105.00520324699994, 39.762619019000056 ] } },
{ "type": "Feature", "properties": { "OBJECTID": 33708, "id": "DENVER_2020_20242023692098", "x": -104.99430847167969, "y": 39.740470886230469, "robbery": 1 }, "geometry": { "type": "Point", "coordinates": [ -104.994308471999943, 39.740470886000026 ] } },
{ "type": "Feature", "properties": { "OBJECTID": 33709, "id": "DENVER_2020_20242023693136", "x": -104.99343109130859, "y": 39.748989105224609, "robbery": 1 }, "geometry": { "type": "Point", "coordinates": [ -104.993431091, 39.748989105000078 ] } },
{ "type": "Feature", "properties": { "OBJECTID": 33710, "id": "DENVER_2020_20242023694013", "x": -105.03341674804688, "y": 39.740329742431641, "robbery": 1 }, "geometry": { "type": "Point", "coordinates": [ -105.033416747999979, 39.740329742000029 ] } },
{ "type": "Feature", "properties": { "OBJECTID": 33711, "id": "DENVER_2020_20242023695049", "x": -105.04329681396484, "y": 39.769618988037109, "robbery": 1 }, "geometry": { "type": "Point", "coordinates": [ -105.043296813999973, 39.769618988000047 ] } },
{ "type": "Feature", "properties": { "OBJECTID": 33712, "id": "DENVER_2020_20242023695072", "x": -104.90300750732422, "y": 39.740478515625, "robbery": 1 }, "geometry": { "type": "Point", "coordinates": [ -104.903007506999984, 39.740478516000053 ] } },
{ "type": "Feature", "properties": { "OBJECTID": 33713, "id": "DENVER_2020_20242023695693", "x": -104.92865753173828, "y": 39.740139007568359, "robbery": 1 }, "geometry": { "type": "Point", "coordinates": [ -104.928657531999988, 39.740139008000028 ] } },
{ "type": "Feature", "properties": { "OBJECTID": 33714, "id": "DENVER_2020_20242023695835", "x": -104.97206115722656, "y": 39.758159637451172, "robbery": 1 }, "geometry": { "type": "Point", "coordinates": [ -104.972061156999985, 39.758159637000063 ] } },
{ "type": "Feature", "properties": { "OBJECTID": 33715, "id": "DENVER_2020_20242023696249", "x": -104.84812164306641, "y": 39.772628784179688, "robbery": 1 }, "geometry": { "type": "Point", "coordinates": [ -104.848121642999956, 39.772628784000062 ] } },
{ "type": "Feature", "properties": { "OBJECTID": 33716, "id": "DENVER_2020_20242023696285", "x": -104.89608764648438, "y": 39.741909027099609, "robbery": 1 }, "geometry": { "type": "Point", "coordinates": [ -104.896087645999955, 39.741909027000077 ] } },
{ "type": "Feature", "properties": { "OBJECTID": 33717, "id": "DENVER_2020_2024202371014", "x": -104.81246185302734, "y": 39.793869018554688, "robbery": 1 }, "geometry": { "type": "Point", "coordinates": [ -104.812461852999945, 39.793869019000056 ] } },
{ "type": "Feature", "properties": { "OBJECTID": 33718, "id": "DENVER_2020_2024202371051", "x": -105.02554321289062, "y": 39.776771545410156, "robbery": 1 }, "geometry": { "type": "Point", "coordinates": [ -105.025543213, 39.776771545000031 ] } },
{ "type": "Feature", "properties": { "OBJECTID": 33719, "id": "DENVER_2020_2024202371804", "x": -104.91162109375, "y": 39.701580047607422, "robbery": 1 }, "geometry": { "type": "Point", "coordinates": [ -104.911621093999941, 39.701580048000039 ] } },
{ "type": "Feature", "properties": { "OBJECTID": 33720, "id": "DENVER_2020_2024202372630", "x": -104.91015625, "y": 39.740528106689453, "robbery": 1 }, "geometry": { "type": "Point", "coordinates": [ -104.910156249999943, 39.740528107000046 ] } },
{ "type": "Feature", "properties": { "OBJECTID": 33721, "id": "DENVER_2020_202420237438", "x": -104.94117736816406, "y": 39.784248352050781, "robbery": 1 }, "geometry": { "type": "Point", "coordinates": [ -104.941177367999956, 39.784248352000077 ] } },
{ "type": "Feature", "properties": { "OBJECTID": 33722, "id": "DENVER_2020_2024202374520", "x": -104.97863006591797, "y": 39.789020538330078, "robbery": 1 }, "geometry": { "type": "Point", "coordinates": [ -104.978630065999937, 39.789020538000045 ] } },
{ "type": "Feature", "properties": { "OBJECTID": 33723, "id": "DENVER_2020_2024202374584", "x": -104.949462890625, "y": 39.716560363769531, "robbery": 1 }, "geometry": { "type": "Point", "coordinates": [ -104.949462890999939, 39.716560364000031 ] } },
{ "type": "Feature", "properties": { "OBJECTID": 33724, "id": "DENVER_2020_2024202374773", "x": -104.82465362548828, "y": 39.790660858154297, "robbery": 1 }, "geometry": { "type": "Point", "coordinates": [ -104.824653624999939, 39.790660858000081 ] } },
{ "type": "Feature", "properties": { "OBJECTID": 33725, "id": "DENVER_2020_2024202375293", "x": -104.75544738769531, "y": 39.784679412841797, "robbery": 1 }, "geometry": { "type": "Point", "coordinates": [ -104.755447388, 39.784679413000049 ] } },
{ "type": "Feature", "properties": { "OBJECTID": 33726, "id": "DENVER_2020_202420237616", "x": -104.90379333496094, "y": 39.717849731445312, "robbery": 1 }, "geometry": { "type": "Point", "coordinates": [ -104.903793334999989, 39.717849731000058 ] } },
{ "type": "Feature", "properties": { "OBJECTID": 33727, "id": "DENVER_2020_2024202377479", "x": -104.77214813232422, "y": 39.776538848876953, "robbery": 1 }, "geometry": { "type": "Point", "coordinates": [ -104.772148131999984, 39.776538849000076 ] } },
{ "type": "Feature", "properties": { "OBJECTID": 33728, "id": "DENVER_2020_2024202378861", "x": -104.90373229980469, "y": 39.768650054931641, "robbery": 1 }, "geometry": { "type": "Point", "coordinates": [ -104.903732299999945, 39.76865005500008 ] } },
{ "type": "Feature", "properties": { "OBJECTID": 33729, "id": "DENVER_2020_202420237928", "x": -104.84693908691406, "y": 39.772739410400391, "robbery": 1 }, "geometry": { "type": "Point", "coordinates": [ -104.846939086999953, 39.772739410000042 ] } },
{ "type": "Feature", "properties": { "OBJECTID": 33730, "id": "DENVER_2020_2024202379685", "x": -104.99833679199219, "y": 39.751579284667969, "robbery": 1 }, "geometry": { "type": "Point", "coordinates": [ -104.998336791999975, 39.751579285000048 ] } },
{ "type": "Feature", "properties": { "OBJECTID": 33731, "id": "DENVER_2020_2024202380487", "x": -104.96687316894531, "y": 39.739681243896484, "robbery": 1 }, "geometry": { "type": "Point", "coordinates": [ -104.966873168999939, 39.739681244000053 ] } },
{ "type": "Feature", "properties": { "OBJECTID": 33732, "id": "DENVER_2020_2024202381373", "x": -104.98610687255859, "y": 39.741680145263672, "robbery": 1 }, "geometry": { "type": "Point", "coordinates": [ -104.986106872999983, 39.741680145000032 ] } },
{ "type": "Feature", "properties": { "OBJECTID": 33733, "id": "DENVER_2020_2024202381427", "x": -104.94066619873047, "y": 39.740131378173828, "robbery": 1 }, "geometry": { "type": "Point", "coordinates": [ -104.940666198999963, 39.740131378000058 ] } },
{ "type": "Feature", "properties": { "OBJECTID": 33734, "id": "DENVER_2020_2024202382356", "x": -105.0257568359375, "y": 39.690158843994141, "robbery": 1 }, "geometry": { "type": "Point", "coordinates": [ -105.025756835999971, 39.690158844000052 ] } },
{ "type": "Feature", "properties": { "OBJECTID": 33735, "id": "DENVER_2020_2024202382932", "x": -104.89909362792969, "y": 39.740470886230469, "robbery": 1 }, "geometry": { "type": "Point", "coordinates": [ -104.899093627999946, 39.740470886000026 ] } },
{ "type": "Feature", "properties": { "OBJECTID": 33736, "id": "DENVER_2020_2024202383775", "x": -105.00572967529297, "y": 39.784290313720703, "robbery": 1 }, "geometry": { "type": "Point", "coordinates": [ -105.005729674999941, 39.784290314000032 ] } },
{ "type": "Feature", "properties": { "OBJECTID": 33737, "id": "DENVER_2020_2024202384105", "x": -104.87174224853516, "y": 39.654411315917969, "robbery": 1 }, "geometry": { "type": "Point", "coordinates": [ -104.871742248999965, 39.654411316000051 ] } },
{ "type": "Feature", "properties": { "OBJECTID": 33738, "id": "DENVER_2020_202420238436", "x": -104.8875732421875, "y": 39.739849090576172, "robbery": 1 }, "geometry": { "type": "Point", "coordinates": [ -104.887573241999974, 39.739849091000053 ] } },
{ "type": "Feature", "properties": { "OBJECTID": 33739, "id": "DENVER_2020_202420238482", "x": -104.99717712402344, "y": 39.745319366455078, "robbery": 1 }, "geometry": { "type": "Point", "coordinates": [ -104.997177123999961, 39.745319366000047 ] } },
{ "type": "Feature", "properties": { "OBJECTID": 33740, "id": "DENVER_2020_2024202385297", "x": -104.94468688964844, "y": 39.717929840087891, "robbery": 1 }, "geometry": { "type": "Point", "coordinates": [ -104.944686889999957, 39.717929840000068 ] } },
{ "type": "Feature", "properties": { "OBJECTID": 33741, "id": "DENVER_2020_2024202386088", "x": -105.02462005615234, "y": 39.785251617431641, "robbery": 1 }, "geometry": { "type": "Point", "coordinates": [ -105.024620055999947, 39.785251617000029 ] } },
{ "type": "Feature", "properties": { "OBJECTID": 33742, "id": "DENVER_2020_202420238707", "x": -104.98594665527344, "y": 39.713760375976562, "robbery": 1 }, "geometry": { "type": "Point", "coordinates": [ -104.985946654999964, 39.713760376000039 ] } },
{ "type": "Feature", "properties": { "OBJECTID": 33743, "id": "DENVER_2020_2024202387180", "x": -104.88258361816406, "y": 39.791328430175781, "robbery": 1 }, "geometry": { "type": "Point", "coordinates": [ -104.882583617999956, 39.791328430000078 ] } },
{ "type": "Feature", "properties": { "OBJECTID": 33744, "id": "DENVER_2020_2024202387346", "x": -104.97267913818359, "y": 39.763938903808594, "robbery": 1 }, "geometry": { "type": "Point", "coordinates": [ -104.972679138, 39.763938904000042 ] } },
{ "type": "Feature", "properties": { "OBJECTID": 33745, "id": "DENVER_2020_2024202387440", "x": -104.91500854492188, "y": 39.666908264160156, "robbery": 1 }, "geometry": { "type": "Point", "coordinates": [ -104.915008544999978, 39.666908264000028 ] } },
{ "type": "Feature", "properties": { "OBJECTID": 33746, "id": "DENVER_2020_2024202387891", "x": -104.97659301757812, "y": 39.746879577636719, "robbery": 1 }, "geometry": { "type": "Point", "coordinates": [ -104.97659301799996, 39.746879578000062 ] } },
{ "type": "Feature", "properties": { "OBJECTID": 33747, "id": "DENVER_2020_2024202387941", "x": -104.97637939453125, "y": 39.738658905029297, "robbery": 1 }, "geometry": { "type": "Point", "coordinates": [ -104.976379394999981, 39.738658905000079 ] } },
{ "type": "Feature", "properties": { "OBJECTID": 33748, "id": "DENVER_2020_2024202389415", "x": -104.94096374511719, "y": 39.765289306640625, "robbery": 1 }, "geometry": { "type": "Point", "coordinates": [ -104.940963744999976, 39.765289307000046 ] } },
{ "type": "Feature", "properties": { "OBJECTID": 33749, "id": "DENVER_2020_2024202389788", "x": -104.98792266845703, "y": 39.687808990478516, "robbery": 1 }, "geometry": { "type": "Point", "coordinates": [ -104.987922667999953, 39.687808990000065 ] } },
{ "type": "Feature", "properties": { "OBJECTID": 33750, "id": "DENVER_2020_2024202390105", "x": -104.80812835693359, "y": 39.773689270019531, "robbery": 1 }, "geometry": { "type": "Point", "coordinates": [ -104.808128356999987, 39.773689270000034 ] } },
{ "type": "Feature", "properties": { "OBJECTID": 33751, "id": "DENVER_2020_2024202391146", "x": -105.04248809814453, "y": 39.740119934082031, "robbery": 1 }, "geometry": { "type": "Point", "coordinates": [ -105.042488097999978, 39.740119934000063 ] } },
{ "type": "Feature", "properties": { "OBJECTID": 33752, "id": "DENVER_2020_202420239149", "x": -105.00691223144531, "y": 39.769569396972656, "robbery": 1 }, "geometry": { "type": "Point", "coordinates": [ -105.006912230999944, 39.769569397000055 ] } },
{ "type": "Feature", "properties": { "OBJECTID": 33753, "id": "DENVER_2020_2024202391627", "x": -104.95208740234375, "y": 39.717609405517578, "robbery": 1 }, "geometry": { "type": "Point", "coordinates": [ -104.952087401999961, 39.717609406000065 ] } },
{ "type": "Feature", "properties": { "OBJECTID": 33754, "id": "DENVER_2020_2024202392792", "x": -104.99797058105469, "y": 39.751468658447266, "robbery": 1 }, "geometry": { "type": "Point", "coordinates": [ -104.997970580999947, 39.751468658000078 ] } },
{ "type": "Feature", "properties": { "OBJECTID": 33755, "id": "DENVER_2020_2024202394080", "x": -105.05264282226562, "y": 39.740779876708984, "robbery": 1 }, "geometry": { "type": "Point", "coordinates": [ -105.052642821999939, 39.74077987700008 ] } },
{ "type": "Feature", "properties": { "OBJECTID": 33756, "id": "DENVER_2020_2024202394338", "x": -104.93955230712891, "y": 39.667510986328125, "robbery": 1 }, "geometry": { "type": "Point", "coordinates": [ -104.939552306999985, 39.667510986000025 ] } },
{ "type": "Feature", "properties": { "OBJECTID": 33757, "id": "DENVER_2020_2024202394340", "x": -104.9871826171875, "y": 39.710700988769531, "robbery": 1 }, "geometry": { "type": "Point", "coordinates": [ -104.987182616999974, 39.710700989000031 ] } },
{ "type": "Feature", "properties": { "OBJECTID": 33758, "id": "DENVER_2020_2024202394422", "x": -104.99371337890625, "y": 39.750461578369141, "robbery": 1 }, "geometry": { "type": "Point", "coordinates": [ -104.993713378999985, 39.750461578000056 ] } },
{ "type": "Feature", "properties": { "OBJECTID": 33759, "id": "DENVER_2020_2024202394908", "x": -104.84995269775391, "y": 39.657779693603516, "robbery": 1 }, "geometry": { "type": "Point", "coordinates": [ -104.849952697999981, 39.657779694000055 ] } },
{ "type": "Feature", "properties": { "OBJECTID": 33760, "id": "DENVER_2020_2024202396505", "x": -104.90025329589844, "y": 39.655399322509766, "robbery": 1 }, "geometry": { "type": "Point", "coordinates": [ -104.90025329599996, 39.65539932300004 ] } },
{ "type": "Feature", "properties": { "OBJECTID": 33761, "id": "DENVER_2020_2024202397393", "x": -104.98001861572266, "y": 39.740268707275391, "robbery": 1 }, "geometry": { "type": "Point", "coordinates": [ -104.980018615999938, 39.740268707000041 ] } },
{ "type": "Feature", "properties": { "OBJECTID": 33762, "id": "DENVER_2020_202420239821", "x": -104.90254974365234, "y": 39.759170532226562, "robbery": 1 }, "geometry": { "type": "Point", "coordinates": [ -104.902549743999941, 39.759170532000041 ] } },
{ "type": "Feature", "properties": { "OBJECTID": 33763, "id": "DENVER_2020_2024202399011", "x": -104.86196136474609, "y": 39.658409118652344, "robbery": 1 }, "geometry": { "type": "Point", "coordinates": [ -104.861961364999956, 39.658409119000055 ] } },
{ "type": "Feature", "properties": { "OBJECTID": 33764, "id": "DENVER_2020_2024202399155", "x": -104.9775390625, "y": 39.748088836669922, "robbery": 1 }, "geometry": { "type": "Point", "coordinates": [ -104.977539062999938, 39.748088837000068 ] } },
{ "type": "Feature", "properties": { "OBJECTID": 33765, "id": "DENVER_2020_2024202399416", "x": -104.90025329589844, "y": 39.655399322509766, "robbery": 1 }, "geometry": { "type": "Point", "coordinates": [ -104.90025329599996, 39.65539932300004 ] } },
{ "type": "Feature", "properties": { "OBJECTID": 33766, "id": "DENVER_2020_2024202399908", "x": -104.90025329589844, "y": 39.655399322509766, "robbery": 1 }, "geometry": { "type": "Point", "coordinates": [ -104.90025329599996, 39.65539932300004 ] } },
{ "type": "Feature", "properties": { "OBJECTID": 33767, "id": "DENVER_2020_20242024194385", "x": -104.99276733398438, "y": 39.698299407958984, "robbery": 1 }, "geometry": { "type": "Point", "coordinates": [ -104.99276733399995, 39.698299408000025 ] } },
{ "type": "Feature", "properties": { "OBJECTID": 33768, "id": "DENVER_2020_2024202426284", "x": -104.9752197265625, "y": 39.738979339599609, "robbery": 1 }, "geometry": { "type": "Point", "coordinates": [ -104.975219726999967, 39.738979340000071 ] } },
{ "type": "Feature", "properties": { "OBJECTID": 33769, "id": "DENVER_2020_2024202429209", "x": -105.03515625, "y": 39.709381103515625, "robbery": 1 }, "geometry": { "type": "Point", "coordinates": [ -105.035156249999943, 39.709381104000045 ] } },
{ "type": "Feature", "properties": { "OBJECTID": 33770, "id": "DENVER_2020_20242024335793", "x": -104.99191284179688, "y": 39.756160736083984, "robbery": 1 }, "geometry": { "type": "Point", "coordinates": [ -104.991912841999977, 39.756160736000027 ] } }
]
}
