{"type":"FeatureCollection","features":[{"type":"Feature","id":1,"geometry":{"type":"MultiPolygon","coordinates":[[[[-88.06349029098584,43.184112654986713],[-88.063856824457432,43.169691154389071],[-88.064054738116809,43.16245903824403],[-88.064740249441186,43.140751353423425],[-88.0652434638247,43.125421458521849],[-88.070237939951426,43.12548496800941],[-88.070320200022195,43.122760660478022],[-88.070749067250333,43.122387737612755],[-88.071015837951435,43.121532418466153],[-88.065455991478871,43.120656171791062],[-88.065599870781483,43.116969665126938],[-88.065736088499179,43.113487069165387],[-88.065794681093593,43.111988835753593],[-88.066015243853158,43.104728337360946],[-88.066024531436256,43.1042188220638],[-88.047650571379407,43.104329857330427],[-88.040780907750602,43.104374417619773],[-88.040781833657377,43.104240907265002],[-88.038193679270563,43.104258370067221],[-88.03819553787892,43.104419394599667],[-88.036905641810051,43.104406973723741],[-88.036907759327732,43.104240246395683],[-88.032636211857366,43.10425545176637],[-88.032634740570714,43.104423223160687],[-88.027519379977875,43.104442020032543],[-88.027636563913774,43.097339001062117],[-88.027642482171743,43.096980246475077],[-88.027695949574976,43.091622627721733],[-88.027710222741106,43.090192195592643],[-88.029645597706619,43.090196033349876],[-88.029639455769967,43.090666598245306],[-88.03086666249726,43.090670335445239],[-88.030858161841223,43.091545379697187],[-88.031471833683284,43.09154260573105],[-88.031472573454735,43.090638539444775],[-88.031591861828772,43.090638980465407],[-88.031595793658084,43.089843567486461],[-88.033024841960184,43.089846133410283],[-88.033020971152851,43.090179444094602],[-88.032716601124719,43.090178667074333],[-88.03270493551932,43.091404312247612],[-88.033374880333042,43.091403574851739],[-88.033374944290927,43.091354107052425],[-88.034046229764712,43.091353705707249],[-88.034046535492664,43.091309730480063],[-88.0341005893019,43.091309698524135],[-88.034101615550995,43.091191929273919],[-88.034715373043838,43.091192566183885],[-88.03471779405082,43.090957526806534],[-88.035436571690695,43.090957483857892],[-88.035439429507491,43.090193534507137],[-88.03580057982488,43.090201629018843],[-88.035797516125641,43.090725778472432],[-88.036676181605046,43.09073860787273],[-88.037070950614321,43.090824633283994],[-88.037101402219733,43.090845406109501],[-88.037101251007044,43.091411592561599],[-88.037527876521992,43.091413658214876],[-88.037523329480209,43.091856774735461],[-88.037096384534692,43.091855985249737],[-88.037087331897382,43.09275013664859],[-88.036548935628545,43.093051864398731],[-88.037409678426869,43.093880953015642],[-88.036996329543555,43.094114457539234],[-88.036988103478492,43.095177076247488],[-88.037493402081893,43.095176194861224],[-88.037492616372219,43.095380091359381],[-88.036990039933386,43.095378769803084],[-88.036984151929872,43.096121199180601],[-88.037490133139841,43.096121569588128],[-88.037489365726074,43.096349399845963],[-88.036982655995843,43.096353663626168],[-88.036979267491006,43.096846276053149],[-88.036349813284076,43.096846571554266],[-88.036367717628309,43.095169591401358],[-88.035359987991114,43.095163747481571],[-88.03483359308585,43.094666926310758],[-88.030997444008051,43.096814839986237],[-88.030877017073351,43.096883921468716],[-88.030653596922917,43.096948924796074],[-88.030996568479821,43.097645000255319],[-88.030991892872464,43.098001800509145],[-88.037641056419332,43.097997096229854],[-88.037640384604217,43.09806718965558],[-88.042660310702502,43.098062387155679],[-88.04264600836963,43.096965479154321],[-88.04270281411884,43.09066187835591],[-88.043310508012198,43.090213845373412],[-88.047703350094068,43.090229639603798],[-88.047703002633511,43.0896698295495],[-88.039474800150558,43.08968237465033],[-88.038231686195743,43.089193212931292],[-88.038253154048533,43.087724897168933],[-88.037727128136481,43.08772435884481],[-88.037732274288288,43.086795447325862],[-88.038376492994843,43.086798228703444],[-88.038382699181611,43.085923039363777],[-88.03773712122036,43.085920706170867],[-88.03773835647047,43.085698191334401],[-88.03838426817326,43.085700928514278],[-88.038387403174852,43.085259075093909],[-88.03774080099717,43.085256352291808],[-88.037741388760566,43.085149620522685],[-88.038388158116447,43.085152342706373],[-88.038395517201721,43.084114840933807],[-88.03774713528864,43.084112156814101],[-88.037748999899136,43.083775690544428],[-88.038397901427743,43.083778363639567],[-88.0384086240865,43.082266559600107],[-88.038921099125304,43.082263503385057],[-88.038905060869226,43.079561002049417],[-88.038739290710268,43.078913730897838],[-88.037911294543875,43.078859637552462],[-88.037909236740305,43.078690283721585],[-88.036878915383625,43.078687301553394],[-88.036872050441232,43.078411840103605],[-88.035861278536785,43.078153319738227],[-88.035229825838783,43.077768175415343],[-88.034814006395465,43.078089367188518],[-88.034998543823704,43.078214487584397],[-88.035129450418168,43.078296619160774],[-88.035274491341113,43.078382898215665],[-88.035372076419819,43.078439559960117],[-88.035415894225167,43.078461306434335],[-88.035462438428652,43.078497088416825],[-88.035491280843559,43.078539562702346],[-88.03549932320314,43.078584999611799],[-88.035499641888691,43.078695611591222],[-88.034789084497859,43.078699886534196],[-88.034791068129323,43.078459943862072],[-88.034488077979645,43.078295108353068],[-88.034264405645303,43.078295910125775],[-88.034185677761045,43.078126468450428],[-88.034555790565847,43.077892671120125],[-88.034625589374912,43.077947978259559],[-88.03505450068819,43.077637777143863],[-88.034939377946969,43.07754468876805],[-88.03483331444167,43.077452078448665],[-88.034754521635961,43.077382095587403],[-88.034613038800117,43.077240184930119],[-88.034390188577575,43.076993010666975],[-88.034234204644505,43.076797242828739],[-88.034107051610562,43.076601973330035],[-88.034019325670272,43.076441491606587],[-88.033864549096833,43.076130342847904],[-88.034318687253261,43.076026009123865],[-88.034390794843802,43.076188988390719],[-88.034465497908215,43.076333100554258],[-88.034544483708302,43.076456126864706],[-88.034602032954396,43.076547297713766],[-88.035887220922405,43.076084774897247],[-88.03579693064458,43.075943440483016],[-88.03572749147186,43.075806870841078],[-88.035671038438309,43.075676329440569],[-88.035618478905462,43.075516501351451],[-88.037748727110042,43.075503752732395],[-88.038294051844574,43.075316244688771],[-88.038387411862374,43.075152065382234],[-88.03837297359901,43.074753406720362],[-88.035542073068015,43.074795628062432],[-88.035549577211626,43.074305086416473],[-88.035542471906766,43.074036318369217],[-88.035528216870077,43.073806738482148],[-88.035504088045826,43.073578432077987],[-88.035460825825425,43.073296353306446],[-88.035415136602538,43.073105525741866],[-88.035360151050767,43.072881600207758],[-88.03528433175461,43.072553424600194],[-88.035251886214311,43.072380563412644],[-88.035227242830942,43.072179964145867],[-88.035227007729247,43.071972186880537],[-88.035286018991627,43.071584985427684],[-88.035369091319367,43.071338374565023],[-88.035483216305835,43.071127738969025],[-88.03562327899462,43.070945108702119],[-88.03583958685212,43.07072836108248],[-88.036032663647802,43.070566331709145],[-88.036221739371797,43.070405636742713],[-88.036434766693546,43.070178345063468],[-88.036588256684084,43.069974659233552],[-88.036710053959453,43.06971191728023],[-88.036766041272671,43.069537347520814],[-88.036850124092595,43.06915154964009],[-88.036880380917324,43.068830858443867],[-88.038839267680956,43.06878911772003],[-88.038825598943234,43.067582068242459],[-88.03740982252053,43.067602489147433],[-88.037407758639247,43.067569761606279],[-88.037400058166384,43.067537593941751],[-88.037377452717507,43.067503340797991],[-88.037333821268575,43.067463232381577],[-88.037278820593201,43.067427502527117],[-88.037226400390736,43.067389075706025],[-88.037190373554211,43.067345437726203],[-88.037162410594391,43.067283632234982],[-88.037152391549427,43.067245934057233],[-88.03714186007771,43.06718534650993],[-88.037149919096777,43.067125884465042],[-88.034986636925836,43.06715654831256],[-88.032471886961787,43.067192140406519],[-88.027524298511864,43.067262001838344],[-88.027523849696848,43.067283733753392],[-88.01745209414554,43.06742198240353],[-88.008024624556526,43.067573076146758],[-88.008025534741151,43.067616700410127],[-88.00744117923702,43.06762712256284],[-88.007426923493625,43.069476447342204],[-88.002420329194791,43.069463107683774],[-88.002442138367954,43.068037131498357],[-87.997165737512631,43.068035209954772],[-87.996267424611204,43.068035716273897],[-87.993534484797081,43.068037307643706],[-87.993555515935924,43.066200917032056],[-87.992125107053596,43.066195941188383],[-87.992110533704576,43.067590642477121],[-87.98932661715321,43.067593763006869],[-87.989326628613327,43.067622424575063],[-87.989179519998061,43.067622847178811],[-87.989212302329577,43.064366789650279],[-87.98750587464508,43.064362376790143],[-87.987536409008086,43.061389270311352],[-87.987548603389627,43.060256500630182],[-87.987565636264975,43.054098273087781],[-87.987566523895296,43.053077029080967],[-87.987546038156864,43.048673961801391],[-87.987534022925516,43.046090740600128],[-87.987516268344251,43.04026409081407],[-87.984023129841816,43.040257458022403],[-87.984018777448,43.03965612432394],[-87.984121236537248,43.039645513422904],[-87.984380605047932,43.039645913885863],[-87.984378609579423,43.039230532497847],[-87.984569044858574,43.039231183285509],[-87.984569475065669,43.038786772502917],[-87.984158554798839,43.038787229261686],[-87.984239413277791,43.038410955966889],[-87.98478882982522,43.038407575527664],[-87.984790555380201,43.037695153992736],[-87.984977932461334,43.037694705706691],[-87.984979761681331,43.03715090156772],[-87.985346883051506,43.037149086455145],[-87.985346856840138,43.037011891040585],[-87.98750858596496,43.037001187154289],[-87.987507600673709,43.036471881765706],[-87.988049735938546,43.036439571527566],[-87.988050922035967,43.037027999796905],[-87.988721858683078,43.037028505737908],[-87.988719503653712,43.036404143469504],[-87.989932026235735,43.03633998895473],[-87.989934360329713,43.0368918039891],[-87.99106185600958,43.036892550272967],[-87.991061296146668,43.036754870523765],[-87.991735778070947,43.036755257852775],[-87.991733671557412,43.036244642987477],[-87.993370454447515,43.036157997455781],[-87.993372726370026,43.036646445191067],[-87.994514682848049,43.036647006712933],[-87.994512900923127,43.036305983598901],[-87.994994134750726,43.036306127328515],[-87.994994927879404,43.036509286233581],[-87.995175719958496,43.03650935666726],[-87.995173938520523,43.036062473305329],[-87.995540877132498,43.036043020625613],[-87.995539577831337,43.035415482261982],[-87.99599133388044,43.035416337493174],[-87.995991605953265,43.035493194980297],[-87.996525756906394,43.035494225150238],[-87.996525860590182,43.03553787838927],[-87.9968010618975,43.035538418112317],[-87.996800366391142,43.035151606213205],[-87.996766626126686,43.035151549807424],[-87.996764728321892,43.034091903715378],[-87.997391776939466,43.034093099512454],[-88.001328529199426,43.034121451930211],[-88.001329763529782,43.035249534870353],[-88.001694924225973,43.03525062638488],[-88.001695546091369,43.035365605895819],[-88.001671273579419,43.035365682380672],[-88.001673163521673,43.035720726928702],[-88.00414060314607,43.035584134980525],[-88.00729842697362,43.035233535168445],[-88.00962558864471,43.03494763755436],[-88.010391131200805,43.034988127200414],[-88.01138004929085,43.035192413262649],[-88.012341341164785,43.035437595139356],[-88.01434610022622,43.03600767974531],[-88.016155301402605,43.035980447663356],[-88.016587626705899,43.034770115974489],[-88.017340834500075,43.032666225696431],[-88.017326834011385,43.031736623448026],[-88.016250465870584,43.031754701189548],[-88.016245803540173,43.031345605801818],[-88.017315263157641,43.031315087967229],[-88.023580608362991,43.031175089368197],[-88.023630042286982,43.035907689526908],[-88.021856156693403,43.03593137192334],[-88.021930220049924,43.038923281404188],[-88.027424570186795,43.038784646427374],[-88.031494774851424,43.038785079229626],[-88.031467060750572,43.03646113263305],[-88.031456719439333,43.03545547228078],[-88.033806092354652,43.035161858028161],[-88.035952612230375,43.035044014561606],[-88.038017759820008,43.034942001747197],[-88.04225977585206,43.034714441673422],[-88.04479897037848,43.034906337561516],[-88.047049214577058,43.035076350313226],[-88.047214748469884,43.033863457279757],[-88.04717324433058,43.031007313704372],[-88.045918358628697,43.03101156420712],[-88.044900122528063,43.026645817965054],[-88.043414822894476,43.026130394457397],[-88.041990442781653,43.025742253629844],[-88.040709284027201,43.025523829888968],[-88.039054317167626,43.025298079505561],[-88.038153236265387,43.025204469920574],[-88.0374857439338,43.025166656522302],[-88.02730888595616,43.0249730083926],[-88.02517861682233,43.02493513104281],[-88.025185446715454,43.024284917886241],[-88.024304567646524,43.024298404028421],[-88.024303861504322,43.023837989015156],[-88.018140355397222,43.023934372088945],[-88.017690207898227,43.023941396287903],[-88.017272844930304,43.023947910275979],[-88.008581161632279,43.024183971617283],[-88.008575028692448,43.024050233665626],[-88.007239580019359,43.024092310483589],[-88.007237844063994,43.024220418532053],[-87.997412573330948,43.024149949668626],[-87.997411957628273,43.024276041526178],[-87.990420880287402,43.024126131162276],[-87.987491242542049,43.024063260642997],[-87.984738016240954,43.024007903974059],[-87.984086614875494,43.024011108350322],[-87.983533456783945,43.024038158132882],[-87.982972614592981,43.024080868732398],[-87.982591141655817,43.024121491860129],[-87.982408476164721,43.024126423431895],[-87.982329074578757,43.018499702708446],[-87.969614474157694,43.020757173423583],[-87.969504083457011,43.02309185331579],[-87.969513960107847,43.02415424801071],[-87.962407182661963,43.024164946076034],[-87.962393369789922,43.021353068388976],[-87.961695103455554,43.021394037833446],[-87.961841198715916,43.016877649455907],[-87.967472611560652,43.016849466678678],[-87.967511293557422,43.014312376130682],[-87.966703649942218,43.014317942213289],[-87.966549930585145,43.013229015118064],[-87.962697444399438,43.013250941047787],[-87.962710273325911,43.012313724485033],[-87.966412910737816,43.012258899678464],[-87.966322585264209,43.011145519313004],[-87.966328407089819,43.010163560551995],[-87.962730692487625,43.010213516998618],[-87.962729521261465,43.009793894584831],[-87.961019361541688,43.009812973001623],[-87.961084987731866,43.006595708961257],[-87.961066333605487,43.00659592954689],[-87.961139857850725,43.002992142629999],[-87.965421997261174,43.002939972690044],[-87.966952940878514,43.002921284030428],[-87.966950076317048,43.003010401845017],[-87.968507301824232,43.003002421304501],[-87.968524652554791,43.000775437211878],[-87.977566350985086,43.003855586462969],[-87.977569645941358,43.003556107244869],[-87.975785729679131,43.002952170280039],[-87.977576270558572,43.002953071005727],[-87.977641258644226,42.999282377955211],[-87.984574195875069,42.999294129569392],[-87.98471517443501,42.999114434031959],[-87.984867086467105,42.998829326286661],[-87.984970384303068,42.998629325125314],[-87.9851462546021,42.998389493237987],[-87.985304650290615,42.998216629502281],[-87.98553227326309,42.998040014084118],[-87.985859553490869,42.997836980914158],[-87.986289193579609,42.997666136492114],[-87.986727291154565,42.997552396579117],[-87.986998507078354,42.997517274339316],[-87.987374973910207,42.997505056295232],[-87.987581699530935,42.99750553558551],[-87.987575989287961,42.997753523084889],[-87.98824993563349,42.997751641675897],[-87.988306801635161,42.997761494669277],[-87.988286923119304,42.9987429093757],[-87.988808307049695,42.998740586906209],[-87.989032660464503,42.998770298172467],[-87.989526696661486,42.998767400110658],[-87.989524371299709,42.998877987162309],[-87.990126939643361,42.998874450645637],[-87.990126584355451,42.998900075634666],[-87.990327068874819,42.998899181162983],[-87.992576279802151,42.998889131835064],[-87.994366199975843,42.998881099949735],[-87.994457375283332,42.998880692258844],[-87.994457198204216,42.998889718603728],[-87.995008007166589,42.998886467441586],[-87.995008685228811,42.998851016084629],[-87.995755471045527,42.998847653015865],[-87.995756184764943,42.99879939444056],[-87.997517231574093,42.998798918856743],[-87.997516109836837,42.999032918915383],[-87.998132011680156,42.999027065529297],[-87.998134975612956,42.99884767009641],[-88.000050969950934,42.998838108391482],[-88.000048991244029,42.999012172405934],[-88.001895348253157,42.999000146398387],[-88.001915952793809,42.997229297655579],[-88.001943502205691,42.995571577713299],[-88.002056815008572,42.989172482792569],[-88.002071057323107,42.988317610720003],[-88.006011947503552,42.988286671822415],[-88.007201336591336,42.988277307764598],[-88.007644812279224,42.98827381298802],[-88.007986314741103,42.988272541076327],[-88.01617198034937,42.988241703559346],[-88.025795260084848,42.98820518469298],[-88.027464595873766,42.988198781467325],[-88.035935977777285,42.988118855962831],[-88.037294139449003,42.988105982717691],[-88.037492661694657,42.980885762053674],[-88.037680708040497,42.973629432448298],[-88.036574741790659,42.973636807675916],[-88.027491894803504,42.973696224528517],[-88.018498208168054,42.973727900802302],[-88.014769356998755,42.973738981564864],[-88.014801247976791,42.972377329970556],[-88.01464591907272,42.972378063220425],[-88.014640638535411,42.971959448079566],[-88.014699468468237,42.971959198487191],[-88.014687873343831,42.970316992957102],[-88.014776360404156,42.970316909040505],[-88.014767832401731,42.969858620251024],[-88.008080507611083,42.969932612371629],[-87.998957326098889,42.970031668060791],[-87.99287067388687,42.973860788715932],[-87.990060372003583,42.973880558528386],[-87.990124557152001,42.972105812239327],[-87.992699311710638,42.972085829305655],[-87.992772940340004,42.970240078199488],[-87.991386895874442,42.970245316820943],[-87.991388444453776,42.970114602458771],[-87.990722807729483,42.970121914098662],[-87.990313844493926,42.969983481682249],[-87.990238344764563,42.969957326005769],[-87.990116439093683,42.969909413028404],[-87.990019700762232,42.969864296217182],[-87.989906679799617,42.96980492289169],[-87.989831977595074,42.969760649110171],[-87.989755487814861,42.969709887297014],[-87.989690310011355,42.969661629174936],[-87.989594841709504,42.969583098621058],[-87.988237856419801,42.969597133914583],[-87.988216961912698,42.97014940077149],[-87.988161832763438,42.970150006420369],[-87.988148178901227,42.970488132088491],[-87.985578551168558,42.970494821029504],[-87.985576239714959,42.970563402609663],[-87.985042025545312,42.970565273861361],[-87.985044580317478,42.970496687495618],[-87.98439289418296,42.970498963324879],[-87.984386180614635,42.970712264928075],[-87.98381909332987,42.97071342444319],[-87.983734599358428,42.973399418033864],[-87.983970865652509,42.973399100744949],[-87.983957843666175,42.973903157919217],[-87.98502848295692,42.973901545338649],[-87.984960541756905,42.978699022170296],[-87.986029168095101,42.978052332332169],[-87.986022532634834,42.978890545099489],[-87.985443441618713,42.978894143075323],[-87.985440608283156,42.979077277500068],[-87.984707706945272,42.979514641675316],[-87.984381495172883,42.979515795385112],[-87.984378414072296,42.97977100362931],[-87.984193209930979,42.9797677768805],[-87.984192055225975,42.979824021399274],[-87.983977225587765,42.979822156668298],[-87.983970420707251,42.980183814699949],[-87.984184648963833,42.980185651294619],[-87.984176186396283,42.980598549555971],[-87.982460207210522,42.980614553067326],[-87.982592261404818,42.980759813237562],[-87.982244285394231,42.980966665798825],[-87.981874915661976,42.98056619121121],[-87.983590296939724,42.979528204981705],[-87.983662254639228,42.973903599624315],[-87.983065906416272,42.973904488230637],[-87.983183808566849,42.970357958632981],[-87.984318706895209,42.970294704263587],[-87.984566559803142,42.970280888414848],[-87.988119806065612,42.97027292875466],[-87.988257631921556,42.966630106575664],[-87.983294623505643,42.966640931192721],[-87.983258229041212,42.967546387864466],[-87.978461589719529,42.967559897841952],[-87.978487986550022,42.966651207912498],[-87.97769447118057,42.966653155908652],[-87.977566460049303,42.97083045947015],[-87.974072108186107,42.970833835168897],[-87.974016644021063,42.973005298185456],[-87.974843999279983,42.97300583030222],[-87.974824581585608,42.973757663329053],[-87.973326922838297,42.973756175907731],[-87.973345537306344,42.972999143227845],[-87.973196377390863,42.972999121191521],[-87.973186722739442,42.97339139613355],[-87.972383134029613,42.973392771715417],[-87.972381910167186,42.973906154838126],[-87.970395528419488,42.973904137997316],[-87.970393617397832,42.974484600922679],[-87.970176500500074,42.97448472156173],[-87.970157769469722,42.974996943655817],[-87.970683720257739,42.974996792306179],[-87.970666978966804,42.97587429672496],[-87.970985148059341,42.975838094711136],[-87.971348357067583,42.975825919526294],[-87.971634629859977,42.975836365932096],[-87.971931073430454,42.975868325630245],[-87.972133241281441,42.975898599053103],[-87.972414123384084,42.975962278432412],[-87.972622487022377,42.976024660730815],[-87.972786753445746,42.976074862636246],[-87.972967038838945,42.975879721941737],[-87.973177335883406,42.975692732880724],[-87.973580043020462,42.976021680272154],[-87.973458269663524,42.976126704381741],[-87.973506602699118,42.976166282843636],[-87.973315995480391,42.976330618585003],[-87.97346704722608,42.976449743851518],[-87.973600877701998,42.976594774307415],[-87.973695220723386,42.976736185530719],[-87.973761757021094,42.976880014271352],[-87.973800872958861,42.977014618285779],[-87.973825215354637,42.977116940673284],[-87.973825550628888,42.977229807798636],[-87.973828947092997,42.978130977261763],[-87.97381729624243,42.978235274506332],[-87.973799839944732,42.978319785761087],[-87.973773178367637,42.978405482949924],[-87.973743079726461,42.978484384460565],[-87.973703775722853,42.978564470094348],[-87.973671261893088,42.978628981381213],[-87.975560790519111,42.978633357927698],[-87.975608921270293,42.975719186709149],[-87.978074650987537,42.975724758405619],[-87.978041646569324,42.977624125245391],[-87.979899294389426,42.977626244246252],[-87.9799105148617,42.976807696197888],[-87.979947846549123,42.97680794388878],[-87.979953939129246,42.97645369679443],[-87.980445070585816,42.976451552825182],[-87.980432299554067,42.977028341765966],[-87.981143332407669,42.977027274420799],[-87.981090378222419,42.980679048599114],[-87.980153454566093,42.980672768003089],[-87.980151071778977,42.981601243428514],[-87.977395556487551,42.983271909694551],[-87.977032242382535,42.982965853099444],[-87.976024397471448,42.983590394882192],[-87.975999971911449,42.983569897928277],[-87.975914571885596,42.983622821963301],[-87.975938992547611,42.983643319877551],[-87.9757651346698,42.98375105249788],[-87.976117944114165,42.984047249417962],[-87.971432743695942,42.986890253973563],[-87.971412475041973,42.987501821677078],[-87.971665636049593,42.987499199009363],[-87.971681645010662,42.987013644027364],[-87.972281793036416,42.987014876871527],[-87.972260884518406,42.987870920128564],[-87.971653433624212,42.987869384482039],[-87.971664964171353,42.987519619987673],[-87.971113241464067,42.98752532743562],[-87.971128256490545,42.98707499958585],[-87.970823446765991,42.987259943429635],[-87.97080361793445,42.987876696855238],[-87.970396510937277,42.98787405652596],[-87.970408258912343,42.987511851675265],[-87.970494523372381,42.987459515170599],[-87.970259764718236,42.987454930115014],[-87.96989350167101,42.987124800241297],[-87.971834136122283,42.985946176695528],[-87.971431552311117,42.985588455305241],[-87.970636823648093,42.986070500926651],[-87.969170132433575,42.986063302858554],[-87.969168391525685,42.986179214905292],[-87.968583310960994,42.986176300151293],[-87.968591029979819,42.985708377207679],[-87.967941055952863,42.985704285670742],[-87.968194811561588,42.978616124930248],[-87.97061456976698,42.978621838170817],[-87.970662666747458,42.976100460529516],[-87.970550904380175,42.976100155708735],[-87.970570363191456,42.975079142946953],[-87.969944510346735,42.975079318280493],[-87.969966231373874,42.974484832383588],[-87.968877760841977,42.974485409512063],[-87.968879588296389,42.974416370428798],[-87.968305525641398,42.974415749869294],[-87.968343017233479,42.972700259086686],[-87.967329646193562,42.972708774154398],[-87.967315665135445,42.973425391836386],[-87.967758563434572,42.973425030118733],[-87.967751773383284,42.973812699534967],[-87.96483374202451,42.973818298552516],[-87.964799918054609,42.975186394071557],[-87.960138139512694,42.975194640979907],[-87.960120965477785,42.976389047498152],[-87.958180124008905,42.976397692981038],[-87.958149365933821,42.977835964610591],[-87.957643386394267,42.977836916054848],[-87.957601852456321,42.979809557617834],[-87.957084856847061,42.979813210240373],[-87.957085996461728,42.97975835286352],[-87.956917495391863,42.979759546563393],[-87.956902764816874,42.980470912302415],[-87.95634133472231,42.98047479528767],[-87.956335413170024,42.980763365045433],[-87.955776908252417,42.98076718750422],[-87.955780990575576,42.980560424925777],[-87.955107646127317,42.980565062586109],[-87.955109247431352,42.980482791867601],[-87.954554019757666,42.980486622429311],[-87.954556909124889,42.980322112431033],[-87.953883895051092,42.980326777052603],[-87.953877457359511,42.980698529577623],[-87.953264943482708,42.980702720545914],[-87.953304093659455,42.978531161315971],[-87.953915048059585,42.978526416745297],[-87.953924478374773,42.977981585780299],[-87.954135917828225,42.977825182561951],[-87.953205648795404,42.977153823599153],[-87.955963433295821,42.975117833110623],[-87.956078432414287,42.974992260810751],[-87.953873868604546,42.975027227896156],[-87.953891677181616,42.973926660830479],[-87.948452763068317,42.973935552237421],[-87.948577769046082,42.967436252634101],[-87.948723755571891,42.959404936693112],[-87.948886335191915,42.95161980322937],[-87.9490642038255,42.944378305625037],[-87.949082434433905,42.943686542985155],[-87.957187096635778,42.943693542062448],[-87.957177700409119,42.944228366097903],[-87.958059861682756,42.944228405070007],[-87.958046578479738,42.94487086251489],[-87.960172647053923,42.944874947188573],[-87.960218974843414,42.943279016722386],[-87.961468432974868,42.943282210676735],[-87.961472704509958,42.943151222821427],[-87.961607898833805,42.943151564866703],[-87.961689235104672,42.943094997761108],[-87.961931412750801,42.943283392468636],[-87.96203183574579,42.943283646205536],[-87.962292040490425,42.94309484114288],[-87.962370709180163,42.943153491754231],[-87.962764101809313,42.943154484388508],[-87.962760512496999,42.943285499868864],[-87.963328318196858,42.943286939708258],[-87.963275190374247,42.944882544033788],[-87.964500837843289,42.944885522498616],[-87.964677094373741,42.938364279018089],[-87.964052613424442,42.9383660129796],[-87.964068428399912,42.937637834999727],[-87.960381174258913,42.93763207504113],[-87.958789190522083,42.937629643175548],[-87.949242371108937,42.937616734800365],[-87.94938094241148,42.930372031597706],[-87.94014942060474,42.930309771206659],[-87.940364568059564,42.924283071073148],[-87.940496310782208,42.920899442208487],[-87.93059731525436,42.920832645867598],[-87.93045028594382,42.925014227699442],[-87.930252754079831,42.930266208927733],[-87.91932201660174,42.930175181795676],[-87.909883209418709,42.930131752270704],[-87.898750372656281,42.930069868211682],[-87.890321795958812,42.930033725920097],[-87.890677418216782,42.922694796444304],[-87.889132628315949,42.922688112040383],[-87.887885363958361,42.93003448692938],[-87.887845588258131,42.930033670706656],[-87.886565261409658,42.937309704838697],[-87.885654557581802,42.942302189700854],[-87.885710327497506,42.942308521009195],[-87.885310106967538,42.944576806132524],[-87.884076546845279,42.951836658206616],[-87.883270272936855,42.956405739421186],[-87.883250340662528,42.959127666690925],[-87.889681722395494,42.959157819765849],[-87.889615475904549,42.964277377655712],[-87.894055212301566,42.966149225243385],[-87.894050695541139,42.966454561012036],[-87.894006969748702,42.973282995411083],[-87.891821483932219,42.973287257939113],[-87.891834418257091,42.971442725561673],[-87.892909054278334,42.971445129752766],[-87.892913101908462,42.97082191402572],[-87.890737114347559,42.970740662365365],[-87.890736716292153,42.970790404899688],[-87.889552813635547,42.970748714726057],[-87.889549557940057,42.971152791564393],[-87.890733268956225,42.971155173474884],[-87.890728514651499,42.971770202715966],[-87.88929867782818,42.97176671036469],[-87.889286545290815,42.973276563387891],[-87.888386618508335,42.973272244304098],[-87.888388938197394,42.971907395794219],[-87.886510654176988,42.971898861208679],[-87.886509946929408,42.972806337703808],[-87.886331562568444,42.972805610232257],[-87.886317391671227,42.973712420915703],[-87.886490796327493,42.97371325271191],[-87.886459034157895,42.976614139341038],[-87.887095781364962,42.976617248380592],[-87.887072998403596,42.978732808832632],[-87.888833026924004,42.97874101413904],[-87.888806758028892,42.980584364316577],[-87.886876916943777,42.980574594813703],[-87.886877761941975,42.980541655922003],[-87.886720210364359,42.980540860406947],[-87.886719543139407,42.980573800621833],[-87.882745772726011,42.980553579828147],[-87.882445024228062,42.980212054876191],[-87.881969834213322,42.980429980021704],[-87.882035401116767,42.980505472827382],[-87.880222376820839,42.98049473042245],[-87.880221945144896,42.980536257803848],[-87.874632308843857,42.980502440645033],[-87.87462211085888,42.98093505971373],[-87.874600156844267,42.980934969931774],[-87.874504526616036,42.985043474712157],[-87.871391317004722,42.986761455112813],[-87.870897033140253,42.986505284188418],[-87.870130066080691,42.985858023653471],[-87.869811567606604,42.986075195828292],[-87.869755085074317,42.986027629112492],[-87.869086081612508,42.986484650467595],[-87.868770411619963,42.986701176003692],[-87.868784757047095,42.986709740764077],[-87.868830959982077,42.986753605673101],[-87.868919684239842,42.98681715784555],[-87.869034111843902,42.986859365558892],[-87.869068104667917,42.986888281967509],[-87.86918603436375,42.986946240660629],[-87.869304728581383,42.987000813834413],[-87.869405707326095,42.987048780284958],[-87.869451419522989,42.987088063303339],[-87.869506090010745,42.98710248378022],[-87.869570886374959,42.987146072054621],[-87.869658146780836,42.987211059367155],[-87.869780796237777,42.987281272553751],[-87.869854857616986,42.987326258077154],[-87.869897193005656,42.987351852809965],[-87.869928019878714,42.987370973931505],[-87.869958840676603,42.987390097792364],[-87.869989658951695,42.987409215360479],[-87.870018114907083,42.987426601198983],[-87.870053674065531,42.987443979859478],[-87.87008212636276,42.987461364809235],[-87.870112949625607,42.987482222078782],[-87.870146141533695,42.987501343171225],[-87.870172225274587,42.987518726294525],[-87.870198306566536,42.98753436965756],[-87.87022675277808,42.98754827417109],[-87.870250463070946,42.987563918440031],[-87.870281290197155,42.987583042165056],[-87.870312107465892,42.987600422581799],[-87.870354783626212,42.987623018577146],[-87.870383238549849,42.987643881175977],[-87.870418805336712,42.987668216954312],[-87.87045199748249,42.98768907952919],[-87.87048755935993,42.98770819600486],[-87.870513645730213,42.987723840157216],[-87.870546831692906,42.987739479830992],[-87.870572914433254,42.987756863770095],[-87.870598995983826,42.98777598748503],[-87.870632189393078,42.987791629778719],[-87.870660642000246,42.987809013680383],[-87.870696206526361,42.987831610516501],[-87.870724661585001,42.987850729653651],[-87.870750738261648,42.987862897881719],[-87.870776819857852,42.987878542009831],[-87.870802895309382,42.98789418437768],[-87.870831352946382,42.987913307970928],[-87.870855065972648,42.987928951191982],[-87.870893000472805,42.987949810872422],[-87.870921449508543,42.987967192034247],[-87.870957012980895,42.987986312853131],[-87.87098783303216,42.987998476448503],[-87.871028131235832,42.988021067774213],[-87.871056592750548,42.98804367082672],[-87.871092469543356,42.988066471377216],[-87.871183374703719,42.988126855215548],[-87.871269675145797,42.988193567652665],[-87.871375558790049,42.988254546008655],[-87.871589239863553,42.988321611172928],[-87.871759990064561,42.988428557549973],[-87.871899862561321,42.988467791417577],[-87.872032578766735,42.988553683389298],[-87.872166282647385,42.988611110872739],[-87.872261222573556,42.98866791962017],[-87.872302276521765,42.988703727724847],[-87.872320608768007,42.988721610677899],[-87.872349915635368,42.988745125475489],[-87.872376287354655,42.988766396971236],[-87.872411437486264,42.988791613290402],[-87.872446606318121,42.98882291956],[-87.872469335995874,42.988847470513747],[-87.872488381262684,42.988864243986981],[-87.872504495960939,42.988879879949295],[-87.872520615522475,42.988895512270197],[-87.872533812010445,42.988910016930213],[-87.872551383165231,42.988924554874963],[-87.87257039630822,42.988936886396459],[-87.872593808319152,42.98895312948256],[-87.872614280416116,42.988964366568084],[-87.872632575320551,42.988978904385149],[-87.872660341306855,42.988992415452699],[-87.872683740520131,42.989008097604227],[-87.872707126842556,42.989021567312662],[-87.87272908003321,42.989040555422271],[-87.872746614983754,42.989050101222553],[-87.872759780587984,42.989060163008396],[-87.872777311405812,42.989069155926416],[-87.872799219105019,42.989079291521684],[-87.872818211888159,42.98908939711275],[-87.872832102246178,42.98910057088775],[-87.872851112024364,42.989116210836734],[-87.872875964316734,42.989134105209423],[-87.872897865510524,42.989145338548724],[-87.8729183122433,42.98915711517423],[-87.87294021557112,42.989169451605569],[-87.872965058707436,42.98918955586349],[-87.872979678669083,42.989201835276432],[-87.872995748678363,42.989214125239215],[-87.873013269288379,42.989224211409571],[-87.873030075981063,42.989238716389245],[-87.873060737590691,42.989258851885687],[-87.873078257489198,42.989269492761395],[-87.873100148202553,42.989282926070956],[-87.873117671980168,42.989295226538424],[-87.873143930884297,42.98930979266779],[-87.873168755821609,42.989328775893206],[-87.873190656331403,42.9893466242778],[-87.873211818000755,42.9893611509357],[-87.87323513420381,42.989370169882726],[-87.87324392455173,42.989384047107272],[-87.873261430114042,42.989395230166927],[-87.873286204640451,42.989405362705114],[-87.873306619755184,42.989417667196655],[-87.873322688472271,42.989434362384465],[-87.873347479521186,42.989451117984245],[-87.873375180478419,42.989467893697089],[-87.873403615685049,42.989486884440886],[-87.873428417243375,42.989507497698398],[-87.873459011274079,42.989523188718884],[-87.87348667929551,42.989534429262754],[-87.873505624742435,42.989546717919623],[-87.873539150973883,42.989570150678254],[-87.873568304988652,42.98959355106156],[-87.873604025692956,42.9896241683753],[-87.873627349726732,42.989644208440282],[-87.873644835876931,42.989658687430364],[-87.87366378704202,42.98967648439487],[-87.873678352159402,42.989686519181511],[-87.873695829370078,42.989697680778299],[-87.873716215851701,42.989711068719814],[-87.873733692435252,42.989724436548258],[-87.873752614291249,42.989735052208957],[-87.873775184361349,42.989752864751409],[-87.873792658772089,42.98976512496845],[-87.873813042193177,42.989780718248056],[-87.873830517450614,42.98979407616612],[-87.873852353004807,42.989810777677164],[-87.873875635188782,42.989826381231296],[-87.873900376948541,42.989843099265023],[-87.87392655081949,42.989855963010797],[-87.873956368245786,42.989874913344728],[-87.873994188221559,42.989901642341366],[-87.87403052872601,42.989919530677888],[-87.874052342752009,42.989934013475043],[-87.874075600502607,42.989946847227074],[-87.874091585231085,42.989955773405605],[-87.874109034713726,42.989969122472402],[-87.874123581006003,42.989980242451715],[-87.874154830586178,42.990001393431008],[-87.874175180114463,42.990014756357972],[-87.874192611179524,42.990023687684328],[-87.874210049938057,42.990035930999625],[-87.874230403619691,42.99005148931149],[-87.87425365611449,42.990069831444529],[-87.87427981329283,42.99009093844154],[-87.874295800373361,42.990104266232358],[-87.874313234464154,42.990115398346575],[-87.874326305550355,42.990124296321326],[-87.874343000521122,42.990133217038668],[-87.874358968037384,42.990142134305927],[-87.874376403312937,42.990153261898833],[-87.874392368944527,42.990164381806302],[-87.874411252829987,42.990178271876232],[-87.874422872639713,42.990187158414933],[-87.874440292862403,42.990199385627257],[-87.874459171358978,42.990212721020448],[-87.874482396558818,42.990229388379213],[-87.874498376807168,42.99024491071944],[-87.87451506953667,42.990257129971255],[-87.874538294717283,42.990273793716618],[-87.874548471718882,42.990287072214308],[-87.874564441519908,42.99030038479048],[-87.874580421485462,42.990318652754972],[-87.874600741664651,42.990335295461634],[-87.874616691945718,42.990344202018179],[-87.874634120777813,42.990364123933226],[-87.874650090211333,42.990378532412244],[-87.874669665833977,42.990390762928506],[-87.874695756748565,42.990403025594617],[-87.874718949126574,42.99041416856943],[-87.874737792124165,42.990424732439017],[-87.874762428153787,42.990436989099678],[-87.874789963803437,42.990450353723752],[-87.874802999908766,42.990457034872314],[-87.874833432185042,42.990473717311495],[-87.874855170173291,42.990487049692135],[-87.874882693561545,42.990500411685936],[-87.874772182676594,42.990625890504425],[-87.874764315357382,42.990635962427255],[-87.874773419872483,42.990647476911136],[-87.874893510401591,42.990707966981155],[-87.874904898190437,42.990712418465357],[-87.875142759528941,42.990844060783388],[-87.875585199493614,42.991068562648302],[-87.875760642645233,42.991169359875485],[-87.875942587740681,42.991249077626129],[-87.876044949667403,42.991293387750261],[-87.876118616771734,42.991332924153312],[-87.876289171071079,42.991408187308451],[-87.876465055136833,42.991496269474041],[-87.876556324021507,42.991527657224289],[-87.877078504561041,42.991783321281432],[-87.877385452551323,42.991920488934284],[-87.877515776880117,42.991990759186194],[-87.877595509322063,42.992070554629834],[-87.877671543752868,42.992120285375172],[-87.877726885244584,42.992163046385237],[-87.877790963721566,42.99221255356337],[-87.877817177116697,42.992232806534346],[-87.877881484704147,42.992275733731702],[-87.877939582897028,42.992325130908903],[-87.878000822416013,42.99237019415213],[-87.878085062573362,42.992442039249418],[-87.878173398964719,42.992545764866342],[-87.878254268210014,42.992628525479155],[-87.878337596031272,42.992726706282767],[-87.878426518733704,42.99283596709067],[-87.878544571796354,42.992967732907417],[-87.878645632255257,42.993063465770597],[-87.878789520647302,42.993226457824136],[-87.87893562080022,42.993408847539733],[-87.878972118159624,42.993477605174355],[-87.879014441688653,42.993550862886181],[-87.879054306755165,42.993608701249634],[-87.879123680947572,42.993678072598492],[-87.879203087348827,42.993716883930368],[-87.879316812388126,42.99371461537244],[-87.879390063530238,42.993672063040748],[-87.879491126653889,42.993603678552624],[-87.879591655453154,42.993550657051095],[-87.879678102276316,42.99355885719644],[-87.879733750544446,42.993592835865961],[-87.87986820268452,42.993667818230968],[-87.880050960143379,42.993799275028898],[-87.880214023205113,42.993939848398767],[-87.880373042555632,42.99410406110723],[-87.88059034519496,42.994357097369424],[-87.880690859659836,42.994532072297424],[-87.880811815901481,42.994739673498991],[-87.880999638346083,42.994911534027963],[-87.88118300054451,42.995118882254658],[-87.881267575878411,42.99525683725529],[-87.881387542461908,42.995429804922722],[-87.881509425292236,42.995640746281246],[-87.88160489965702,42.995765581404655],[-87.881797364165507,42.99599943321229],[-87.881896156672227,42.995944364535454],[-87.882052677968915,42.996095951942699],[-87.882085067423418,42.996271599176524],[-87.882210928518163,42.996442707805301],[-87.882496421176967,42.996569902635287],[-87.8826082733611,42.996783733286101],[-87.882585893476815,42.996904370512439],[-87.882406559572757,42.997233952018334],[-87.882344514111068,42.997328355411703],[-87.882333775444749,42.997395972234692],[-87.882650503107584,42.997707056850977],[-87.882764430932383,42.997690683239135],[-87.882963443935409,42.997641990585969],[-87.883229061812912,42.997609946270103],[-87.883434229446664,42.997626101762904],[-87.883712603070805,42.997671337079012],[-87.883933171876876,42.997727849410339],[-87.88410285906393,42.9977988274171],[-87.884313229418424,42.997907555942447],[-87.884610051946865,42.998091454353514],[-87.885208762795486,42.998576913324165],[-87.885721447940696,42.999026370072158],[-87.885776865588625,42.999106999827113],[-87.885785739618058,42.999190458062863],[-87.885766268672313,42.999308674405441],[-87.885809642108413,42.999480384019797],[-87.887106433110404,43.000806033651195],[-87.88751525212777,43.000521794285817],[-87.887605390638427,43.000464900377786],[-87.887707265125499,43.000432885370337],[-87.887804815109476,43.000525632246365],[-87.887726340686655,43.000601453524453],[-87.887361502460422,43.00084830693249],[-87.886831528521611,43.001203762403563],[-87.886638242105448,43.001340452193318],[-87.887885069376196,43.002300519590968],[-87.88572161131296,43.003899637801801],[-87.88437084739796,43.004790420139024],[-87.884375756320736,43.004909981297608],[-87.884485986124417,43.004954374219679],[-87.887649687410473,43.008126899854616],[-87.887802879267326,43.008139147963469],[-87.891595672817076,43.007179533137162],[-87.891743169709017,43.007583464049588],[-87.891961889033666,43.008145081846138],[-87.892627236412224,43.009563805352045],[-87.892985241858213,43.010361013762029],[-87.893762542087771,43.012110165516901],[-87.891171221726594,43.014417430267528],[-87.891216779520093,43.014472421078025],[-87.891324509972691,43.014485865819118],[-87.893836609067591,43.01230997068474],[-87.895535126355711,43.015872755074803],[-87.893057511696654,43.018025906522652],[-87.893042781643629,43.018049293047639],[-87.893041835461446,43.01807672871314],[-87.893764638188927,43.019504312136554],[-87.893829655095388,43.019541443385805],[-87.893905592083954,43.019518002839028],[-87.896278045621912,43.017401495201469],[-87.896703188130232,43.018350893114494],[-87.894276362442469,43.020477117365722],[-87.894269004696767,43.020488935364178],[-87.894264481674327,43.020501496635006],[-87.894264369003821,43.020527387734781],[-87.894643081226391,43.021307856593538],[-87.894670423855132,43.021337354773095],[-87.894681534865711,43.021349047324819],[-87.894737197293566,43.021350079072917],[-87.894768619130559,43.02133214402739],[-87.897027105443314,43.019353167552239],[-87.897360524329386,43.020113367444743],[-87.894202001647045,43.022902466310185],[-87.894643926542159,43.024907874764452],[-87.894674330226195,43.024923572284386],[-87.894701215192654,43.02494172684704],[-87.895210663305619,43.02492714405092],[-87.898382300182448,43.024528718256519],[-87.90111858927223,43.024187646941172],[-87.901178718509087,43.024183833525555],[-87.901238537865581,43.024177966683176],[-87.901297922293466,43.024170056404316],[-87.901356735857973,43.024160123571228],[-87.901414854896586,43.024148188969747],[-87.901472152118203,43.024134277016564],[-87.901528502791905,43.024118419312373],[-87.901583784667906,43.02410064923955],[-87.901637873174309,43.024081009203975],[-87.901690654705405,43.024059536122266],[-87.901742015866859,43.024036281317599],[-87.901791839556978,43.024011294341435],[-87.901840022226565,43.023984628240626],[-87.901886454283314,43.023956342413186],[-87.901931039647863,43.023926497051313],[-87.901973676197827,43.023895158698267],[-87.902014276577319,43.023862396482542],[-87.903480425620913,43.022334017945049],[-87.903496665678006,43.022311615927357],[-87.903494103376531,43.022235896202012],[-87.903482233401192,43.022183620571191],[-87.903474109378976,43.022139059645944],[-87.903593584154308,43.022032683423596],[-87.903201492023314,43.021831889652539],[-87.902799935473325,43.02153178215498],[-87.902708324757725,43.021388462979196],[-87.902730079562687,43.02112921366431],[-87.903306146465667,43.021031259569135],[-87.90073309359687,43.016751420537616],[-87.901597274897981,43.016750056586368],[-87.89924768387506,43.013514614500153],[-87.899270089918616,43.013503593734448],[-87.899054775950617,43.013023951516892],[-87.897091314297583,43.008539236209998],[-87.897268316349582,43.008443371804056],[-87.903101083443985,43.013775438290438],[-87.903567927973228,43.013910160106349],[-87.904435164214149,43.014150119466372],[-87.904065220671313,43.014866138439416],[-87.902930308284425,43.016939747794247],[-87.902806153551651,43.01718294873632],[-87.902915035386343,43.017760910299678],[-87.903022090953712,43.017828980766147],[-87.907587778035278,43.017804241117979],[-87.9075986840013,43.01804993210866],[-87.903650015566882,43.018062081943697],[-87.903512710143104,43.018125641689586],[-87.903399030145437,43.018251011381352],[-87.904459631390949,43.019338015552421],[-87.907399425221016,43.01936386115721],[-87.90739184189475,43.019585604975042],[-87.904728072694411,43.019579012886261],[-87.904836079765232,43.019700325054927],[-87.904941626484671,43.019822797504247],[-87.905044694027595,43.019946402474446],[-87.905145256205557,43.020071112263842],[-87.905243291751134,43.020196900032261],[-87.905338779396288,43.020323738939467],[-87.905431699086279,43.020451601234988],[-87.905522029525386,43.020580458277628],[-87.905609751898041,43.020710283207407],[-87.905694844880884,43.020841045582088],[-87.906012568321543,43.021370090932677],[-87.905825219076007,43.022192776491487],[-87.905920866451581,43.022192962218206],[-87.905622215795717,43.023016733644177],[-87.90462033888258,43.024098514961246],[-87.904069422834738,43.024588779421173],[-87.903968732060818,43.024834324553794],[-87.903824065139844,43.025149360678611],[-87.903827491338816,43.025218169423738],[-87.903837681284131,43.025422816070964],[-87.904040925521898,43.026104204427455],[-87.90531209338333,43.027633743348744],[-87.905935275147741,43.028269346874652],[-87.906827478472749,43.029005798112316],[-87.907665832673686,43.029730651354811],[-87.907311843819514,43.030051719924749],[-87.907051171904428,43.03028762807368],[-87.906696053903019,43.030081407241269],[-87.904599234517903,43.028584530846338],[-87.90252149528483,43.026264214526449],[-87.90207160531817,43.025732823108513],[-87.901913820641084,43.025666584354973],[-87.901497453429442,43.025648910392192],[-87.895271231289257,43.025890895719634],[-87.895276561317829,43.025989590839124],[-87.895845321097951,43.025962016187819],[-87.895919633565839,43.028738798522021],[-87.895725146411067,43.028783724863132],[-87.89568988332104,43.028790968001907],[-87.895658668622957,43.028797136670619],[-87.895612513617337,43.028805415052766],[-87.89558289977586,43.028809240687039],[-87.895566256220036,43.028811548333813],[-87.895546263926221,43.028817127573518],[-87.89552497248269,43.028823261776303],[-87.895504374537651,43.028831591362575],[-87.89548523088358,43.02884395909944],[-87.895473183302528,43.028858542361426],[-87.895457537088006,43.028879978644675],[-87.895446718539716,43.028898556796101],[-87.895438512187908,43.028916390508257],[-87.895430951426164,43.028937768026069],[-87.895421990531219,43.028992016524249],[-87.895415414143315,43.029005624957541],[-87.895404608973379,43.029021410559643],[-87.895377023276595,43.02906403078007],[-87.8953530093019,43.029095076880928],[-87.895312047252631,43.029139662162656],[-87.8952678019578,43.029174888137483],[-87.895240309403647,43.029192258568635],[-87.895208282067571,43.029208911650869],[-87.895187041651525,43.029220342112943],[-87.895167134145197,43.029231091274973],[-87.895153257598295,43.029236895458553],[-87.895113352155477,43.029249723592045],[-87.895052528450208,43.029264817975779],[-87.894992763177669,43.029275716740088],[-87.894948584464643,43.029283273409249],[-87.894915915138128,43.029289372205852],[-87.894889081457023,43.029295075968136],[-87.894868545858387,43.029300025387982],[-87.894847764105762,43.029305520628881],[-87.894826844569607,43.029311670703919],[-87.894805962918952,43.029318316652606],[-87.894789255766824,43.02932411590924],[-87.894747255005072,43.02934066584158],[-87.894737065097218,43.029345081401097],[-87.894696538590964,43.029364513084481],[-87.894664923533455,43.029381679676327],[-87.894624858327219,43.029406592653196],[-87.894594888574687,43.029428362309694],[-87.8945724287301,43.02944661174557],[-87.894525116152678,43.029489326525876],[-87.894458442861577,43.029554937352884],[-87.894409965522371,43.029604685062395],[-87.894353907797282,43.029663759902903],[-87.894280737987842,43.029743455634474],[-87.894209725608704,43.029824910240244],[-87.894161450257712,43.029882596843464],[-87.894104727716396,43.029958987000128],[-87.894075097758858,43.029998869154142],[-87.894041066903412,43.030046839722502],[-87.89400246087466,43.030108737081342],[-87.89396495003075,43.030182415172519],[-87.89394964962969,43.030216488814617],[-87.893932687243009,43.03025732916084],[-87.893899672508809,43.030347167538828],[-87.893870385441488,43.030441316283039],[-87.89385370598913,43.030499884282136],[-87.893839980783156,43.030549893397854],[-87.893812029711256,43.030657115903388],[-87.893794718268978,43.030729489836929],[-87.893777264404221,43.030810914868837],[-87.893756607809465,43.03091651802545],[-87.89374713475911,43.030967566409636],[-87.893732426654282,43.031051023119915],[-87.893716151326004,43.031152349810718],[-87.89370828119506,43.031207874646483],[-87.893706817441512,43.031221452956288],[-87.893697752393621,43.031305447310764],[-87.893694063040883,43.031372477555571],[-87.893694045829776,43.031462653397185],[-87.893697097761603,43.031522827746024],[-87.893711522643017,43.031656193870944],[-87.893725814268521,43.031740529907275],[-87.893740053547646,43.03180459167482],[-87.893764499053034,43.031891295054223],[-87.893792455794539,43.031973298328843],[-87.893849890391792,43.032094170908387],[-87.893894588328806,43.032202501776297],[-87.893932466994769,43.032267909709148],[-87.893979632437663,43.032335307219732],[-87.894003836096559,43.032377912427314],[-87.894280430915515,43.032936904551867],[-87.894358403150065,43.033095436299909],[-87.894389979539355,43.033162870811857],[-87.894419971994651,43.033230693200487],[-87.894448372833139,43.03329888191513],[-87.89449359706903,43.033558085622857],[-87.89450699707983,43.033606450983818],[-87.894525292866192,43.033687125692907],[-87.894540874138471,43.033768104372079],[-87.894553729198833,43.033849342989562],[-87.894563853582824,43.033930788451926],[-87.894571235513894,43.034012391324637],[-87.894575876755837,43.03409410476872],[-87.894577766706988,43.034175875738079],[-87.89457691326804,43.034257657345336],[-87.894576040597698,43.034280397186549],[-87.894628659102523,43.034523929296789],[-87.894614869110086,43.034593745384548],[-87.894541205173766,43.034950873444892],[-87.894513138062166,43.035059616985805],[-87.894495570083606,43.035117478785374],[-87.894478923072782,43.035170377054492],[-87.894463895986718,43.035235754336846],[-87.89446407309255,43.035254539995925],[-87.894467204153685,43.035273187303325],[-87.894473247460837,43.035291444445988],[-87.894482118462491,43.035309068049983],[-87.894493704506758,43.035325823965763],[-87.894507847644391,43.035341486502169],[-87.894524358274026,43.035355848225279],[-87.894543019986571,43.035368715418109],[-87.894563579902609,43.035379918962136],[-87.894585764537467,43.035389307909902],[-87.894609277437866,43.035396755807071],[-87.894633806598975,43.035402164236388],[-87.894659018301155,43.03540546106499],[-87.894684582912262,43.035406602043679],[-87.894710155262061,43.035405571860913],[-87.894735396749084,43.035402384870444],[-87.894759967950208,43.035397083348123],[-87.894783538413904,43.035389735614274],[-87.894805797825043,43.035380444050929],[-87.894826448418073,43.035369329852522],[-87.89484521125803,43.03535654288234],[-87.894861838423367,43.035342255273598],[-87.894876109179691,43.035326651553909],[-87.89487787976779,43.035323725505329],[-87.894887723366338,43.035305126234533],[-87.894895106758398,43.035285923958533],[-87.894899968671695,43.035266294753605],[-87.89490821581883,43.035129643963721],[-87.894928914252105,43.034996894902875],[-87.894992172832673,43.034690214509091],[-87.895001633062734,43.034660787060673],[-87.89501348400222,43.03463182898286],[-87.895027684219841,43.034603445957003],[-87.895044179918841,43.03457573745753],[-87.895062912445567,43.034548806598686],[-87.895083814424126,43.034522747557972],[-87.895106808672779,43.034497655489957],[-87.895127126315757,43.034473877465189],[-87.895149641124789,43.034451188960006],[-87.895174240507586,43.03442969801285],[-87.895200810566365,43.034409507269416],[-87.895229220128755,43.034390713207024],[-87.895259336730092,43.034373407810619],[-87.895291010565558,43.034357672394989],[-87.895324095421529,43.034343581943418],[-87.89536910902045,43.03432819148918],[-87.895415232682666,43.034314685174152],[-87.895462322219799,43.034303108249517],[-87.895510223454565,43.034293494338399],[-87.895558789574409,43.034285877006546],[-87.895607862563367,43.034280279101623],[-87.895657286821262,43.034276720751201],[-87.895706907805192,43.034275210368342],[-87.895756567250984,43.034275753694089],[-87.895806103120506,43.034278350195741],[-87.895855360596002,43.034282989378973],[-87.895904183579731,43.0342896571577],[-87.895952419590571,43.034298334915334],[-87.895999911040946,43.034308990568078],[-87.896046507720541,43.034321592875102],[-87.896071249227759,43.034325671103552],[-87.896096393701797,43.034328084756396],[-87.896121733395418,43.034328813848248],[-87.896147059556625,43.03432785371016],[-87.896172159947724,43.034325213208135],[-87.896196833521856,43.034320911026185],[-87.896222929110152,43.034314704860257],[-87.896248052181761,43.034306622467348],[-87.896271951017169,43.034296743262097],[-87.896294391382412,43.034285167233882],[-87.896315142935904,43.034272008749561],[-87.896334007445674,43.034257395432128],[-87.896350790716383,43.034241479186349],[-87.896365328024004,43.034224412586624],[-87.896377474571793,43.034206367862183],[-87.896387109028254,43.034187526963827],[-87.896394134649697,43.034168074351122],[-87.896398483080134,43.034148205067076],[-87.896400110564258,43.034128117563817],[-87.896399000349604,43.034108010081773],[-87.896395163953201,43.034088083341253],[-87.896388694061258,43.034075464041209],[-87.896379654220368,43.034063723043104],[-87.896368265795687,43.034053141368176],[-87.896354796320978,43.034043967258143],[-87.896339563246372,43.034036420648391],[-87.896322932514266,43.034030679671766],[-87.896305295278381,43.034026883542474],[-87.896294480392413,43.034024838572016],[-87.896284209483312,43.03402162499895],[-87.896274713109648,43.034017312156877],[-87.896266208747832,43.034011998297835],[-87.896258894615684,43.034005807939117],[-87.896252933532935,43.033998879382636],[-87.896217603147349,43.033957666621134],[-87.896184786717356,43.033915351765465],[-87.896154549216959,43.033872013552575],[-87.896126944717167,43.033827740710258],[-87.896102033372983,43.033782618316422],[-87.896079860623288,43.033736732464682],[-87.896060467049324,43.033690172888434],[-87.89604389572601,43.033643032002935],[-87.896030174959847,43.033595399637363],[-87.896019334336884,43.03354736921267],[-87.896011392422565,43.033499036036886],[-87.896006366502363,43.033450491825882],[-87.896004265309202,43.03340183106377],[-87.896005093959261,43.033353152765208],[-87.896008848846037,43.03330454700798],[-87.896015522759512,43.033256109300865],[-87.896025106048114,43.033207936071975],[-87.896037577961579,43.033160120234164],[-87.896052914067809,43.033112754728919],[-87.89607108253135,43.033065929853969],[-87.89609205159573,43.033019741309246],[-87.896115777086976,43.032974274986252],[-87.896142217351851,43.032929621259079],[-87.896171315956707,43.032885867015395],[-87.896203016429098,43.032843096441624],[-87.896237262323396,43.032801395524785],[-87.896273982348191,43.03276084226362],[-87.896313106479369,43.032721517348399],[-87.896354554835256,43.032683498844975],[-87.89639825111216,43.032646857587274],[-87.896444111668984,43.032611666267584],[-87.896492041779823,43.03257799496361],[-87.896541950336044,43.032545909222236],[-87.896593741202253,43.032515466525339],[-87.896647313465408,43.032486733397292],[-87.896702563522467,43.032459760174646],[-87.896759379245083,43.032434601763413],[-87.896817652122095,43.032411308538933],[-87.896845481290157,43.032399537986393],[-87.896871711317061,43.032385933942386],[-87.896896119233332,43.032370610717471],[-87.896918495872754,43.032353703225567],[-87.896938649357821,43.032335353449099],[-87.896956411288969,43.032315713992482],[-87.896971627096093,43.032294959864039],[-87.896984166743891,43.032273264979267],[-87.896993924889031,43.032250812965465],[-87.897000819626527,43.032227795370503],[-87.897004786313488,43.032204409009708],[-87.897005799648284,43.032180854892395],[-87.897003844148259,43.032157333950607],[-87.896998939871708,43.032134043235658],[-87.896991124138424,43.032111185066292],[-87.896980470983678,43.032088954269319],[-87.896967065357501,43.03206753658084],[-87.896951024133685,43.032047118387098],[-87.896932483652733,43.032027874215174],[-87.896825874844623,43.031979260764018],[-87.89673692253065,43.031957966792916],[-87.896596413398939,43.031922190586464],[-87.896508198408952,43.031894617803609],[-87.896341211663994,43.031833730347422],[-87.896308561488922,43.031820816312234],[-87.896264419727586,43.031801756329912],[-87.896226841421864,43.031783458078124],[-87.896192198497843,43.031764767623386],[-87.896167894334468,43.031742843559975],[-87.896130147046577,43.031721616384509],[-87.89610377379752,43.03170545817806],[-87.896083978875254,43.031693026038688],[-87.89603954348965,43.031663897117518],[-87.896008067188788,43.031641971543401],[-87.895976882881911,43.031618768571697],[-87.895961513820026,43.031606723192311],[-87.895946089920287,43.031594282922292],[-87.895930443019608,43.03158136353094],[-87.895914401338587,43.031567885318303],[-87.895880468428032,43.031538920850259],[-87.895862239712272,43.031523270644392],[-87.895822525706208,43.031489010570326],[-87.895800871626548,43.031469935565092],[-87.895777918594803,43.031449237222766],[-87.895753583274882,43.03142667125983],[-87.895748863954779,43.031413107102061],[-87.895727900351361,43.031392637212384],[-87.89570244958901,43.031366968753957],[-87.89568196905887,43.031346289761601],[-87.895659721831208,43.031323897440316],[-87.895636552992926,43.031300591119546],[-87.895613100557156,43.031276436044308],[-87.895589944844303,43.031251328618374],[-87.895571774531717,43.031229975965189],[-87.895567669685761,43.031225153512082],[-87.895557028588584,43.031211641089989],[-87.895536670411147,43.031183921032778],[-87.895526869979662,43.031169805900696],[-87.895507805113837,43.031141293186302],[-87.895489170144913,43.031112714069941],[-87.895470764688838,43.031084385293497],[-87.895452980648173,43.031056414551678],[-87.89543634913403,43.031028859823415],[-87.895421408568225,43.031001775428685],[-87.895414712451966,43.030988418528771],[-87.895407251856795,43.030971616007072],[-87.89538623438844,43.030920656566018],[-87.895374481771398,43.030889023128047],[-87.895362304573737,43.030855539788838],[-87.895345680625127,43.030805278068883],[-87.895335640598489,43.030768171517607],[-87.895330927878234,43.030747367297785],[-87.895319227157358,43.030682989594865],[-87.895315734541043,43.030660580149025],[-87.895310922063871,43.030628774442548],[-87.895307142343356,43.03060316417637],[-87.895303910274791,43.03057866534067],[-87.895300517454274,43.030545133981633],[-87.895299132824718,43.030512197448459],[-87.895300150685856,43.030483759910787],[-87.895303167215502,43.030456360317814],[-87.895308401803248,43.030425923106868],[-87.895314805521835,43.030395273236806],[-87.895321667532528,43.030363810234469],[-87.895328804266754,43.030331403162918],[-87.895336561984308,43.030298397805254],[-87.89534345783818,43.030271966510924],[-87.895350144415062,43.030249209078221],[-87.895364228522851,43.030189020460973],[-87.895381146404702,43.030129226600096],[-87.895400880676945,43.030069898769618],[-87.895423404137631,43.030011108320167],[-87.895448694494448,43.029952926563773],[-87.895476718383449,43.029895423097905],[-87.89550744242797,43.029838666619526],[-87.895540830797202,43.029782725844619],[-87.895576839030355,43.029727666855038],[-87.895615428829927,43.029673557485346],[-87.895656553255392,43.02962046203556],[-87.895682728023544,43.029598562415821],[-87.895710769925657,43.029577943090537],[-87.895740562423356,43.029558693219158],[-87.895781410081327,43.029516794864101],[-87.895819836681042,43.029473681765296],[-87.895855774570222,43.029429428295451],[-87.895889163513445,43.029384112371126],[-87.895919940847449,43.029337813728816],[-87.89594805616953,43.029290611108401],[-87.895961062694894,43.029264659624012],[-87.895972953424632,43.029236426910664],[-87.895982734030113,43.029207762269138],[-87.895990382413473,43.02917874961917],[-87.89599848639611,43.029173800976437],[-87.896007716807659,43.029170093403273],[-87.89601773314449,43.029167761037918],[-87.896028173344874,43.029166890461113],[-87.896074606632652,43.029166589033721],[-87.896089492428658,43.029165030782281],[-87.896103822094744,43.029161693900107],[-87.896117206567141,43.029156665180068],[-87.89612927597787,43.029150085294745],[-87.896139699082028,43.029142134236203],[-87.896148189381236,43.029133030367568],[-87.896154514824119,43.029123022242473],[-87.896158502689204,43.02911238676576],[-87.896160040589422,43.029101413877186],[-87.896159091160229,43.02909040373487],[-87.897291879410346,43.029058242555898],[-87.897322496177225,43.029074560830786],[-87.897378380228574,43.029105824622867],[-87.897440183471161,43.029142846571361],[-87.897500177075855,43.029181436935339],[-87.897558286710591,43.029221548574263],[-87.897614439256856,43.029263133437681],[-87.897668566465342,43.029306140735464],[-87.897720601260829,43.029350516066323],[-87.897770475313976,43.029396203237802],[-87.897818137503208,43.029443147723505],[-87.897863518257466,43.029491292440184],[-87.897906566348937,43.029540575658196],[-87.897947230614875,43.029590940149824],[-87.897985456078729,43.02964231971221],[-87.898021201316297,43.029694651638088],[-87.89805441508436,43.02974787329709],[-87.898085062041673,43.029801918332041],[-87.898113101924153,43.0298567195237],[-87.898138501831127,43.029912209594947],[-87.898161226367478,43.029968318586576],[-87.898181252476462,43.030024980944908],[-87.898198553287813,43.030082122141017],[-87.898213108198789,43.030139676601586],[-87.898224896461969,43.03019756884882],[-87.898233907213879,43.030255727829591],[-87.898240125948305,43.030314085220695],[-87.898243549112905,43.030372566309289],[-87.898244168285331,43.030431099121977],[-87.898241984861741,43.030489611608182],[-87.89823700146566,43.030548031707397],[-87.898229223175306,43.030606287339751],[-87.898218659978269,43.030664306386562],[-87.898205328012068,43.030722017581184],[-87.898099397618694,43.031240664967619],[-87.897505638510424,43.034183751741992],[-87.897218709161947,43.034325076028196],[-87.897206939386962,43.034332314638512],[-87.897195320268196,43.034338014019546],[-87.897183327430767,43.034344518671077],[-87.897169184734139,43.034352257645878],[-87.897152376009856,43.034361948182337],[-87.897132266097515,43.034371953654556],[-87.897115934171126,43.034381680069693],[-87.897098564848079,43.034390387148889],[-87.897080275080654,43.034398013641677],[-87.897057463336949,43.034405491876647],[-87.897033660272484,43.034411068826273],[-87.897009161976399,43.034414677333402],[-87.896984268535093,43.034416271821726],[-87.896959289007313,43.03441583275923],[-87.896934529123712,43.0344133649536],[-87.896910293767789,43.034408899333876],[-87.896886882039837,43.034402491187997],[-87.89686458480206,43.034394220182122],[-87.8968436711245,43.03438418686477],[-87.896824404254417,43.034372513442158],[-87.896807019588437,43.034359348453251],[-87.89679159560643,43.034346287863059],[-87.896778947503222,43.034337132580923],[-87.896764741401171,43.034329308732453],[-87.896749228494514,43.034322953925596],[-87.896732691614204,43.034318186610058],[-87.896715433997699,43.034315093558433],[-87.896657943925163,43.03430923154049],[-87.896600260625647,43.03430451463727],[-87.896572925982994,43.034303603171573],[-87.896545611176691,43.034304813112243],[-87.89651862292304,43.034308133051525],[-87.896492262609456,43.034313522807871],[-87.896466828959134,43.034320927812907],[-87.896442599318661,43.034330258546603],[-87.896419852105367,43.034341414674792],[-87.896398833444579,43.034354270002055],[-87.89637978798595,43.034368681235193],[-87.896362919626483,43.034384488290897],[-87.896348419727786,43.034401513174096],[-87.896336456174225,43.03441956726757],[-87.896327154883124,43.034438446073835],[-87.896320622029009,43.034457938045939],[-87.89631693304932,43.034477828275485],[-87.896313173387611,43.034501971199859],[-87.89630807993106,43.034525983192601],[-87.896305765674555,43.034541563687384],[-87.896305562913199,43.034557236604691],[-87.896307480428177,43.034572846089972],[-87.896311496341696,43.034588238329704],[-87.896317568001663,43.034603265976386],[-87.896325642871091,43.034617777257374],[-87.896437529854026,43.034735654662747],[-87.896471665619657,43.034773353968653],[-87.896503515210568,43.034812113947694],[-87.896533022289518,43.034851859401506],[-87.896560125596054,43.03489251426965],[-87.896584774902792,43.034934001504702],[-87.896606922410484,43.034976242239111],[-87.896626525163569,43.035019153064731],[-87.896643428475201,43.035062480354583],[-87.896657627671317,43.035106325001969],[-87.896669095672848,43.035150598070999],[-87.896677806601659,43.035195208815161],[-87.89668374804171,43.03524006368086],[-87.896686900225319,43.03528507007232],[-87.896687260542393,43.035330133458189],[-87.896684831358044,43.035375163770375],[-87.896679611289542,43.03542006646753],[-87.896671617391831,43.03546474866458],[-87.896660861810219,43.035509117514721],[-87.896623732226132,43.035630564718204],[-87.896588407543234,43.035752300333222],[-87.896579111203494,43.035794123746321],[-87.896571865588996,43.035836163419994],[-87.896566682244085,43.03587836883645],[-87.896563567698578,43.035920682313062],[-87.896562522397673,43.035963049816779],[-87.896561944469596,43.036005563140897],[-87.896563125521752,43.036048067186705],[-87.896566062578572,43.03609052595764],[-87.896569685558291,43.036129591689942],[-87.896575969762822,43.036168477184866],[-87.896584896544752,43.036207081732584],[-87.896596446133927,43.036245311835806],[-87.896605270074147,43.036263783006476],[-87.896616165983062,43.036281650819788],[-87.896629055925459,43.036298789816406],[-87.896643854653533,43.036315078196147],[-87.896660454943202,43.036330402435496],[-87.896672377834946,43.036338538645467],[-87.896685061013741,43.036346028644637],[-87.896694502882184,43.036350786722366],[-87.896704505810149,43.036354874036348],[-87.896722828641856,43.036361361713816],[-87.896739768581909,43.036366119566665],[-87.896756087305221,43.036369524337559],[-87.896768472293374,43.036370445747984],[-87.896780437182713,43.036370927405244],[-87.897036234743481,43.036381558375773],[-87.896987410279053,43.036602371577722],[-87.895203891082957,43.036700461331996],[-87.895193832822713,43.036700671484546],[-87.895183972186302,43.036702147087567],[-87.895174606880431,43.036704847091059],[-87.895166014357557,43.036708688280271],[-87.895158453239716,43.036713558771957],[-87.895152146016599,43.036719310045193],[-87.895147284164622,43.036725771309349],[-87.89514400977454,43.03673275234906],[-87.895142422876802,43.036740040765622],[-87.895005854643671,43.037344436388935],[-87.8946688614366,43.03734675536581],[-87.894645947807376,43.0373501042423],[-87.894623762112772,43.037355478941301],[-87.894602637082485,43.037362798519183],[-87.894582885388758,43.037371953373331],[-87.894399202236684,43.037464532737019],[-87.894372974005336,43.037476501792369],[-87.894345370533884,43.037486674294847],[-87.894316618850922,43.037494960220791],[-87.894286958639583,43.037501295562151],[-87.894256637118062,43.037505627958616],[-87.894225904208341,43.037507922138495],[-87.894195014912384,43.037508154497054],[-87.894164224598384,43.037506326640823],[-87.894133788830601,43.037502453682556],[-87.894103958498633,43.03749656698065],[-87.894074979817248,43.037488714139258],[-87.894047095619229,43.037478963500554],[-87.894020535352325,43.037467391615941],[-87.893995518957865,43.037454096723167],[-87.893972253070487,43.037439190671456],[-87.89395093338166,43.0374227925996],[-87.893931732560944,43.037405042537692],[-87.89391481229552,43.037386085104082],[-87.893900309879484,43.037366075913532],[-87.89388834932646,43.037345185992926],[-87.893883720025585,43.037313218543574],[-87.893881182008371,43.037281128500517],[-87.893880736277978,43.037248985194203],[-87.893882383863684,43.037216859755773],[-87.893886124698042,43.03718483232975],[-87.893891945041631,43.037152971460934],[-87.89407211422872,43.036318941511546],[-87.894074377035295,43.036294616754944],[-87.894078160341422,43.03602075097568],[-87.89408112954267,43.035989531006592],[-87.89413325428859,43.035721992616821],[-87.894216841729801,43.035308840420761],[-87.894233677924092,43.035204619656923],[-87.894273865565822,43.03502624158525],[-87.894276370058236,43.035008170675233],[-87.89427610381405,43.034990005252681],[-87.894273073891341,43.034971977590345],[-87.894267320318249,43.034954307996699],[-87.894258908976909,43.034937221980975],[-87.89424795099346,43.034920932992236],[-87.894234583073114,43.034905640772095],[-87.894218967670128,43.034891543059906],[-87.894201303668254,43.034878810295481],[-87.894181813153864,43.034867604632808],[-87.894160735108798,43.03485806828305],[-87.894138341262291,43.034850316186748],[-87.894114903120752,43.034844447977903],[-87.894090721268995,43.034840536949162],[-87.894066094698005,43.034838631191938],[-87.894041331878,43.034838755310957],[-87.894016740913173,43.034840908700197],[-87.893992633158632,43.034845061012149],[-87.893969308674698,43.034851164878326],[-87.893947059686965,43.034859140573865],[-87.893926164645492,43.034868889571257],[-87.893906885678561,43.034880288256836],[-87.893889457676721,43.034893197020757],[-87.89387411024245,43.03490745018027],[-87.893861026219582,43.034922874313331],[-87.89383155833724,43.034975955475801],[-87.89380605984293,43.035064611233011],[-87.893773413898558,43.035189007652257],[-87.893688578833363,43.035555294874115],[-87.893625475509481,43.035820983634537],[-87.89353725676186,43.03623227778651],[-87.893389141263896,43.036900011615948],[-87.893339250968282,43.037157189083935],[-87.893335187328319,43.037177900684554],[-87.893334060447671,43.037220891031517],[-87.893334362617637,43.037263890033657],[-87.893336103216811,43.037306867000908],[-87.893350872771975,43.037362903902277],[-87.893366937119282,43.03741874699238],[-87.893390433988074,43.037462191667103],[-87.893413095875729,43.037505873382052],[-87.893482175844355,43.037594045471288],[-87.893530205566691,43.037637673180008],[-87.8935792685282,43.037680675960956],[-87.893640984999536,43.037719904990055],[-87.893704282346832,43.037757755588288],[-87.89375137770385,43.037779193287982],[-87.89379987063954,43.037798891101595],[-87.893849635190861,43.037816797782519],[-87.893900551649295,43.037832870139866],[-87.893952489297789,43.037847067770471],[-87.894005326089584,43.03785935560655],[-87.894058932704255,43.037869704940874],[-87.894236813966216,43.03788172978382],[-87.894414896403731,43.037892049040586],[-87.894593145606692,43.037900661178249],[-87.89477153207477,43.037907564625698],[-87.894950027535131,43.037912757802431],[-87.896718609658905,43.037817996592239],[-87.896628282034257,43.038468759284157],[-87.896593254209122,43.038638218764149],[-87.896555411438882,43.038807354491851],[-87.896514756976927,43.038976138523694],[-87.896471297837977,43.0391445482894],[-87.89642504215962,43.039312554005747],[-87.896375995742702,43.039480134012095],[-87.89632416433588,43.039647263046021],[-87.89626955858499,43.039813914906091],[-87.896212185506073,43.039980067021055],[-87.896152052063059,43.040145693217951],[-87.896089167701433,43.040310769105133],[-87.896023545536465,43.040475269361629],[-87.895955187649164,43.040639169653147],[-87.89588411210498,43.040802447321028],[-87.895810323401392,43.040965075310233],[-87.895733734725198,43.041127247901507],[-87.895650801798411,43.041296901874581],[-87.895566659407464,43.041466235667023],[-87.895481306211281,43.041635242082741],[-87.895394745857629,43.041803919289528],[-87.895306983169505,43.041972261843988],[-87.895218015591666,43.042140263459935],[-87.895127851669244,43.042307921366238],[-87.895036426650037,43.042475342324956],[-87.892121656436061,43.042473711198198],[-87.890560852898844,43.042560673937736],[-87.888924962634476,43.04281680459615],[-87.888485090932861,43.042956480708838],[-87.887384626880817,43.043305915958612],[-87.886025319174337,43.044207850635608],[-87.884902526259253,43.045281561162916],[-87.884591746195653,43.045584734405885],[-87.883933984279423,43.046226378178993],[-87.881786813382305,43.046152101266976],[-87.881778358083494,43.046301100070529],[-87.886299403870836,43.04646904335948],[-87.887176351461036,43.045604562538394],[-87.887970064723646,43.04482210656122],[-87.889879185175303,43.045863674755068],[-87.888544327262878,43.047179624802467],[-87.888636260411701,43.047658327653885],[-87.889393738692576,43.048073259226648],[-87.888277065255224,43.049208530373065],[-87.887038153820868,43.050407671719569],[-87.887694080562213,43.050841377092475],[-87.887496166484098,43.050986923581519],[-87.887673318645255,43.051101054957051],[-87.887484429272035,43.051242219853428],[-87.887311196183632,43.051121938947787],[-87.886645906116428,43.051618030122761],[-87.88714636606835,43.052895763233309],[-87.887084230983845,43.052981444170825],[-87.886806784677788,43.053035607932628],[-87.886700053651495,43.052996184739683],[-87.886102645128517,43.051544860400703],[-87.885818319439664,43.051604298802928],[-87.885810854531869,43.051586171122239],[-87.885510416601448,43.051648977054946],[-87.885517887632531,43.051667109210207],[-87.88545438073352,43.051680384019697],[-87.88536237679493,43.051440387674333],[-87.885387286800622,43.051435177399988],[-87.885274350357221,43.051133952682591],[-87.883752386588341,43.051441829291612],[-87.883541224287924,43.050908033599022],[-87.882742211773362,43.051068779458099],[-87.882785776034751,43.051192687195474],[-87.88224180389436,43.051304035546018],[-87.882185615873155,43.0511564167712],[-87.881985669629742,43.051197720168318],[-87.879779704710927,43.047774398316221],[-87.87975756668321,43.047737758110983],[-87.879737887135761,43.047700371402385],[-87.879720711547876,43.047662327891487],[-87.879706081663954,43.047623713705931],[-87.879694030763076,43.047584624043239],[-87.879684590857693,43.047545151409061],[-87.879677780442847,43.04750538751226],[-87.879673615609491,43.047465427681978],[-87.879672111207924,43.047425366356272],[-87.879673263699061,43.047385299915284],[-87.879677074415923,43.047345322000126],[-87.879683537351255,43.047305528109078],[-87.879692629259139,43.047266010270818],[-87.880136021242976,43.045589101698162],[-87.880380157833912,43.044704586110583],[-87.880227473859904,43.044682436008259],[-87.879554213634279,43.04720476811088],[-87.879545102527544,43.047249220794306],[-87.879538836342519,43.047293939769474],[-87.879535435729608,43.047338823122217],[-87.879534900546119,43.047383774501043],[-87.879537231851415,43.04742869574396],[-87.879542429438473,43.047473485997038],[-87.879550478458313,43.047518050822163],[-87.879561362744013,43.047562289487594],[-87.87957505883962,43.047606106720458],[-87.87959153465664,43.047649404612521],[-87.879610756942839,43.047692089766791],[-87.8796326801818,43.047734069780873],[-87.879657260071468,43.047775251342365],[-87.881872576868162,43.051264886076787],[-87.881896162160913,43.05129772001483],[-87.881925135078163,43.05133070153078],[-87.881949152940962,43.051371097169685],[-87.881968491169559,43.05140436634435],[-87.881983049814593,43.051434245975152],[-87.882007847344838,43.051472062881984],[-87.882041888788038,43.051516417255684],[-87.882060870958867,43.051560477069998],[-87.882085377365215,43.051605561384314],[-87.882105231474625,43.051635833317647],[-87.882134602628099,43.051673021515519],[-87.882153957685858,43.051706337352826],[-87.882188143477251,43.051754663545275],[-87.882207296111943,43.05179141451498],[-87.882217071242877,43.051810167573564],[-87.882251390536396,43.05186634321857],[-87.882282217425455,43.051932688035841],[-87.882293759502303,43.051989297714591],[-87.882292899250757,43.052044151598857],[-87.882285456536962,43.052079067980962],[-87.8822785173315,43.052099514054234],[-87.882263196355112,43.052122091380291],[-87.882230566386966,43.052181036199535],[-87.882214094417975,43.05219484708428],[-87.882179957865205,43.0522150804874],[-87.882128258714104,43.052254593751606],[-87.882071867481415,43.052290151271841],[-87.882015054313655,43.052329601246996],[-87.881969064078021,43.052361530606326],[-87.881913863794693,43.052392808730055],[-87.881861783004041,43.052423020016484],[-87.881816338574367,43.052452946012785],[-87.881768367798728,43.05248463661345],[-87.881707565575383,43.052530569206709],[-87.881631781712727,43.052581653648403],[-87.881542981224143,43.052652406932481],[-87.881477967827138,43.05270731734349],[-87.881458777824207,43.052737735241188],[-87.881474043721568,43.052787926411789],[-87.881521860112713,43.052834844786197],[-87.881568391401771,43.052844761865856],[-87.881593549490532,43.052830749085246],[-87.881651194679819,43.05280467064],[-87.881694239291946,43.052772887473083],[-87.881749083727968,43.052727025107828],[-87.881837592938496,43.052795349695799],[-87.881917339602168,43.052914805115783],[-87.881927227805548,43.053032957371286],[-87.881873534025814,43.053170442442315],[-87.881763242792658,43.05332738741982],[-87.881640752807897,43.0534328172049],[-87.881425849148215,43.053582683045612],[-87.881305488130707,43.053626603193379],[-87.881178674375775,43.053655014181196],[-87.881045940586048,43.053652541368599],[-87.880962285637622,43.053645852685968],[-87.880906932675472,43.053629434172215],[-87.880865602667129,43.053588480012749],[-87.880865300679645,43.053557515277305],[-87.880915644719579,43.053499805049626],[-87.880947589557081,43.053469122466758],[-87.880976775811334,43.053433763238644],[-87.880977840972974,43.053403006797659],[-87.880947747748735,43.053386670290458],[-87.880893974624669,43.053379637154684],[-87.88085128026357,43.053391766759432],[-87.880793131958953,43.053443240779792],[-87.880762950613118,43.05347299754731],[-87.880679456975258,43.053541060957869],[-87.880621616673011,43.053596401938925],[-87.880578280375289,43.053636627266201],[-87.880529201494682,43.053640841016843],[-87.880479764604729,43.053655306914344],[-87.880457741433332,43.053685669896851],[-87.880449511291317,43.053721421563743],[-87.880448445811098,43.053752174398916],[-87.880412627123462,43.053777152304598],[-87.880376810875219,43.053802131080701],[-87.880319323188218,43.053847220681824],[-87.880154515014738,43.053976167505127],[-87.880130209023733,43.053992118479137],[-87.88010146112731,43.054015164376445],[-87.880061507688893,43.054039025842172],[-87.880032904976602,43.054057973361921],[-87.880022204867373,43.054084430190386],[-87.880032345739892,43.054114353934523],[-87.880051151339387,43.054136233574589],[-87.880074465385889,43.054148972752749],[-87.880112099238929,43.054151723385495],[-87.880141779752591,43.054142024625833],[-87.880157427199194,43.05413411501241],[-87.880166846049164,43.05414454411946],[-87.880185383332602,43.054163199334205],[-87.880197486515343,43.05420299448371],[-87.880181596981188,43.054277430791949],[-87.880121040543273,43.054338951778071],[-87.880010961592916,43.054462594077279],[-87.879902913310218,43.05459843764357],[-87.879776090329813,43.054733929274484],[-87.879668997962725,43.054842220085206],[-87.879406863903981,43.055025443726379],[-87.878960636490234,43.055320604708648],[-87.878755273859042,43.0554398078745],[-87.878572438125744,43.055515278179108],[-87.878529141907336,43.055532607380002],[-87.878513365927162,43.055533961267315],[-87.878491137936422,43.055526951377807],[-87.878498616782707,43.05550565673925],[-87.878510932667226,43.055474562722821],[-87.878505053441117,43.055449721834492],[-87.878483452098081,43.055424586513375],[-87.878463585778078,43.055414325718843],[-87.878423619305096,43.055400390318717],[-87.8783784792424,43.055406141570941],[-87.878342147857282,43.055417004830502],[-87.878307719049857,43.055437795818492],[-87.878276338972242,43.055453662914921],[-87.878245719338636,43.055474889303518],[-87.878196407138944,43.055512861523603],[-87.878185208543599,43.055528209017169],[-87.878168544270721,43.055547342702575],[-87.878146704850352,43.055571088801443],[-87.878118709947188,43.05559425538727],[-87.878091371528683,43.055619799633043],[-87.878074979489227,43.055631165364815],[-87.878036453739526,43.055665451876827],[-87.878019656971333,43.055688473084174],[-87.878013921566151,43.055700036194921],[-87.878008405025881,43.055732447638626],[-87.878003066704025,43.055754198580175],[-87.87798874264935,43.05577073797329],[-87.877958214377017,43.055792016712203],[-87.877946414345672,43.055801882092929],[-87.877934557191679,43.055813424628425],[-87.877920523445567,43.055821566490508],[-87.877917475835162,43.055843358385964],[-87.877905386660686,43.055869367315445],[-87.877849258929061,43.055901932882271],[-87.877830646051336,43.055909989194355],[-87.877825833680731,43.055916621319682],[-87.877823222414818,43.055968746569228],[-87.877827871393578,43.055988278617029],[-87.87784305065135,43.056029014835801],[-87.877864097983021,43.056068601132026],[-87.877877082138085,43.056090691470793],[-87.877882728670428,43.056126090651524],[-87.877857903831611,43.056181091388567],[-87.877809419083093,43.05625749912911],[-87.877754592832176,43.056318662420502],[-87.877751835493299,43.056332055888397],[-87.877744497818568,43.056345365623507],[-87.877710806070098,43.056391795910429],[-87.877665836458817,43.056432972761641],[-87.877656324600892,43.056442880895268],[-87.877644234004791,43.056461142866212],[-87.877623274271741,43.056470836228897],[-87.877606134268319,43.056502449805798],[-87.877605260669512,43.056527643288533],[-87.877549305949771,43.056555171822993],[-87.877542027726648,43.056566799868776],[-87.877518485513619,43.056584847976936],[-87.87751303152406,43.0566099577172],[-87.877475282788595,43.056641187207788],[-87.877435066975622,43.056677410824726],[-87.877432433383419,43.056686226130665],[-87.877395320196385,43.056700198180771],[-87.877376415386166,43.05671665285093],[-87.877361528190235,43.056735666532489],[-87.87733173960828,43.056763312217576],[-87.877298158715604,43.056789475941223],[-87.877266840884218,43.056805813238704],[-87.8772551196476,43.056811234911542],[-87.877244071553577,43.05681787699357],[-87.877227257284773,43.056840918926241],[-87.877205384360536,43.056856083402167],[-87.877166971813253,43.056886510136536],[-87.877150568306405,43.056897882125341],[-87.877133888906286,43.056917036483647],[-87.877111329160897,43.056951648744281],[-87.877089732074595,43.056959031727047],[-87.877072916533379,43.056982077248307],[-87.877056374434034,43.056997341314727],[-87.877034364050431,43.057016395138731],[-87.877023013017251,43.057035647319445],[-87.877006610761839,43.057047025581241],[-87.876990066121635,43.057062286055448],[-87.876978853672341,43.057077649742602],[-87.87696203437406,43.057100695275949],[-87.876956292605314,43.057112265583974],[-87.876923890191335,43.057123345917717],[-87.876907346827906,43.057138612673462],[-87.876868653150353,43.057176823518716],[-87.876851692765399,43.057203761145544],[-87.87681860595157,43.057234294634092],[-87.876786063640466,43.057249266128977],[-87.876593249642625,43.057461859288559],[-87.876507283003363,43.05753503265003],[-87.876425196704758,43.057585619787808],[-87.876245655618348,43.057684237102869],[-87.876154145773725,43.057739178945525],[-87.876049497122921,43.0578165355058],[-87.875882569875671,43.057930059690833],[-87.875767202410117,43.058045550147369],[-87.875605492388402,43.058201051880729],[-87.875511510818029,43.058388848275342],[-87.875481518416464,43.058451738508388],[-87.875476858158308,43.058496971681912],[-87.875483916393804,43.058560550985867],[-87.87550918872067,43.05863353705962],[-87.875525749860103,43.058690497074394],[-87.875559104693764,43.058797624702031],[-87.875553815629843,43.058860975192324],[-87.875542662329323,43.05891515130773],[-87.875519397661961,43.058962302592136],[-87.875483385403285,43.059020548211564],[-87.875451575926235,43.059074600491407],[-87.875433408905096,43.059107523699787],[-87.875418294881115,43.059131650952764],[-87.875401692319173,43.059155767978893],[-87.875386596016313,43.059177689786033],[-87.875374500680905,43.059197429254226],[-87.87535642502867,43.059218221217719],[-87.875344332157212,43.059237962464742],[-87.875332253367063,43.059255500097827],[-87.875315677510471,43.059275197290091],[-87.875303604818882,43.059292733072418],[-87.875294506154091,43.059312493734495],[-87.875285411154437,43.059332253467254],[-87.875273323098654,43.059351991067643],[-87.875256706137733,43.059378298179539],[-87.875244551210386,43.059409048409471],[-87.875235430426287,43.059433213543848],[-87.875220350418033,43.059452922693794],[-87.875205276462893,43.059472626392441],[-87.875188682327845,43.059495621308514],[-87.875173601663576,43.059517531260447],[-87.87516449114483,43.059539485601533],[-87.875146433849707,43.059559162580904],[-87.875131359819662,43.059578864469096],[-87.875111770973049,43.059602934050616],[-87.875096672320836,43.059627036828495],[-87.875084566773097,43.05965116534248],[-87.875066524669464,43.059668633285057],[-87.875051410669727,43.05969494057932],[-87.875037816751458,43.059717950351462],[-87.875022710043893,43.059744253984007],[-87.875001623167961,43.059770502485812],[-87.874986558748631,43.059790196176408],[-87.87497447878421,43.059809911169694],[-87.874957934943467,43.059827387449715],[-87.874945847038092,43.059849308706767],[-87.874927804696682,43.059866766723374],[-87.874918684034213,43.059893112822287],[-87.874900641672397,43.059910570834667],[-87.874890052391379,43.059931400037108],[-87.874880972828777,43.059951138006035],[-87.87486892223815,43.059966445753865],[-87.874859810679084,43.059990584671461],[-87.874850715713208,43.060012522658234],[-87.874835685411853,43.060027800053263],[-87.874826222787931,43.060060416184662],[-87.874703578702082,43.060223029891979],[-87.874679285516535,43.060258207808594],[-87.874643017820048,43.060298678487385],[-87.874612674268718,43.060341310983176],[-87.87459299410412,43.060365812506973],[-87.87456284961732,43.060394547972095],[-87.874535586461263,43.06042969992874],[-87.874494709310582,43.060481897777152],[-87.874463071538955,43.060511680193137],[-87.874434384232089,43.060542547660077],[-87.874405858182044,43.060562728646943],[-87.874372786954652,43.060589298228756],[-87.874345651308658,43.060615893588505],[-87.874323001569564,43.060641438011899],[-87.874289918334213,43.06066906934155],[-87.874269509452546,43.060693553863771],[-87.874268049520865,43.060691410139746],[-87.874240704136525,43.060734019628697],[-87.874208874438082,43.060778748007891],[-87.874177068250631,43.060821331225995],[-87.874146816377916,43.060859652238719],[-87.874110652364138,43.060895800491465],[-87.874077493995415,43.060929829428964],[-87.874045865706037,43.060960655325772],[-87.874018707612777,43.060990965308179],[-87.873985491756883,43.061029253985495],[-87.873950858067403,43.061063264437138],[-87.873901106056081,43.061116422235038],[-87.873867912856909,43.061153635516938],[-87.873821303542115,43.061195046673966],[-87.873791164967997,43.061226932709346],[-87.87375950788271,43.061260940184248],[-87.873719622968181,43.061300246832893],[-87.8736700427377,43.061342697266433],[-87.873634017226621,43.061371341408602],[-87.873599425331975,43.061404257335326],[-87.873573799778526,43.06143294543088],[-87.873552722919982,43.061454187747444],[-87.873521145964787,43.06148390910186],[-87.873498533007123,43.06150940895413],[-87.873478919564562,43.061532785058404],[-87.873465152286286,43.061562597377474],[-87.873445480265872,43.061590240454372],[-87.873433313603798,43.061611520096292],[-87.873410630054678,43.06164234778057],[-87.873389376479594,43.061677449987933],[-87.873365314421463,43.061700798791684],[-87.87333074150159,43.061733690177604],[-87.873290279473778,43.061763353206693],[-87.873269220568901,43.061784577323209],[-87.873249601042218,43.061809007909879],[-87.873218046822728,43.06183871009538],[-87.873202933116133,43.061858900092595],[-87.873198344726035,43.061869007108228],[-87.87318703593624,43.061882815098123],[-87.873168867583928,43.061909383171383],[-87.873152294302216,43.061928494703416],[-87.873125177716133,43.06195928051325],[-87.873099621308214,43.06198473790797],[-87.873069557773903,43.06201443588219],[-87.873047040341902,43.062034577887587],[-87.87302301045905,43.062056837677915],[-87.87298705437145,43.062084366274931],[-87.872979349245,43.062105654154102],[-87.872964218780993,43.06212796220403],[-87.872937214493319,43.062151268525831],[-87.872913191906008,43.062173529137588],[-87.872881743920971,43.062196807209219],[-87.872854735048946,43.06222117972883],[-87.872826255534491,43.062244472062844],[-87.872787330901772,43.06227303719254],[-87.872766397619884,43.062286778969629],[-87.872742485029192,43.062301564622885],[-87.872718546184757,43.062318482836318],[-87.872694521242991,43.062341799696711],[-87.87267053804095,43.062361913183771],[-87.872633214484921,43.062383016280826],[-87.872586940024419,43.062408328981583],[-87.872563050239691,43.062422044638787],[-87.872540600979519,43.062438962262462],[-87.872512908900077,43.062460120651316],[-87.872466479052335,43.062498212468604],[-87.872435013202391,43.062524671090252],[-87.872411056350757,43.062543709134204],[-87.872378137062526,43.062569090125933],[-87.872345206834396,43.062595000680751],[-87.872315276104842,43.062618260725735],[-87.872291255878352,43.062642622035249],[-87.872285217282112,43.062651111077727],[-87.872267309962623,43.062661658164473],[-87.872252372049701,43.062671155153311],[-87.872223916641033,43.062695485419539],[-87.872202916282703,43.062715603086858],[-87.872178947619489,43.062736763631229],[-87.872159448874612,43.062755818071025],[-87.872141455221069,43.062772753885547],[-87.872110057740755,43.06279599804023],[-87.872033937865766,43.062841890885366],[-87.872002474450639,43.062870452917416],[-87.871963457688821,43.062910682538117],[-87.871918597602559,43.062945545612578],[-87.871857256296408,43.062996275737838],[-87.871816900923335,43.063026900054439],[-87.871778814207701,43.063054343645625],[-87.871750452138215,43.063073325961128],[-87.871713120332103,43.063099706601967],[-87.871659372072486,43.063137689047515],[-87.871635454883318,43.063156699610722],[-87.871602596582306,43.063180969606393],[-87.871581682547301,43.063196803761713],[-87.871556248174514,43.063218992893667],[-87.871533822971415,43.063237475189744],[-87.871514331258226,43.063257571333892],[-87.871482945845187,43.063282915170177],[-87.871449998780619,43.063314626561649],[-87.871430502430073,43.063335786207489],[-87.871403622733197,43.063355827832609],[-87.871378242386641,43.063374817065693],[-87.871348370472106,43.063398033183994],[-87.871319882625556,43.063428706534509],[-87.871304776820253,43.063453080801928],[-87.871262906707358,43.063490043310196],[-87.871225472943536,43.063527035061789],[-87.871185112672734,43.063561869890449],[-87.871153790795205,43.063584001997974],[-87.871117997739063,43.06360928833768],[-87.871082983685511,43.063631393602165],[-87.87104421148527,43.063658786334294],[-87.870996636300745,43.063681860661504],[-87.87097729092784,43.063692363560669],[-87.870953385833729,43.063713472934261],[-87.870922063947361,43.063736656752432],[-87.870908589314865,43.063750391848636],[-87.870892152402519,43.063765166142865],[-87.870868284330754,43.063783082072902],[-87.870839978850412,43.063802027710707],[-87.870808648519429,43.063826269639662],[-87.870771457163514,43.063847275667669],[-87.870747600000229,43.063865186086403],[-87.870717803598382,43.063885180405052],[-87.870692438880454,43.063905738022477],[-87.870655185056478,43.063932055588168],[-87.870600072072861,43.063969942558089],[-87.870565833456766,43.063992022853576],[-87.870502016207467,43.064019207914278],[-87.870458957979196,43.064039095935037],[-87.870402539291916,43.064065265637552],[-87.870371303921971,43.064084174912153],[-87.870340103516924,43.064100956050282],[-87.870307439903826,43.064116661414637],[-87.870271771910865,43.064136596715528],[-87.870228710337955,43.06415860353188],[-87.870182598511207,43.064188023862577],[-87.870152921323793,43.064201622735148],[-87.870125391313138,43.064220546990228],[-87.870074826490296,43.064253116838181],[-87.870042098014238,43.064275188195609],[-87.869994500278807,43.064306715191748],[-87.869973641485558,43.064323558982679],[-87.869945316814224,43.064347785027223],[-87.869918504483252,43.064368834339582],[-87.869900695876794,43.064378261892742],[-87.869879882680763,43.06439138538861],[-87.869857553543127,43.064408215121446],[-87.869815943016675,43.064434458371025],[-87.869781715360205,43.064459697272255],[-87.869751978031616,43.064479655769837],[-87.86972227197974,43.064497484359109],[-87.86970140833013,43.064515384413667],[-87.869658376837521,43.064538422749301],[-87.869633164874486,43.064550977200398],[-87.869593018664304,43.064579345206646],[-87.869566294195863,43.064595070061465],[-87.869530678056037,43.064614974119543],[-87.869481615989258,43.06464963943548],[-87.869451929361219,43.064667463304168],[-87.86942210163906,43.064695900531284],[-87.869396848772695,43.064712694755578],[-87.869373215485851,43.06471781980553],[-87.869361433808947,43.064717729214607],[-87.869333589632674,43.064706893515172],[-87.869317439107107,43.064702520953226],[-87.869289531181352,43.064696994125619],[-87.8690435359281,43.064647631790201],[-87.868804165604743,43.064600089848796],[-87.868739553984213,43.064592081537469],[-87.868686731135554,43.06459240779877],[-87.86866909868634,43.064590149042836],[-87.868608719341495,43.064589538486914],[-87.868591066523706,43.064589403232937],[-87.868537294444863,43.064602004028494],[-87.868513175842097,43.06461503349847],[-87.86844120528113,43.064640874522475],[-87.868400188445619,43.064665031715144],[-87.86836627196891,43.064695399733331],[-87.868358539413464,43.064726103943485],[-87.86834651185977,43.064747226195074],[-87.868338004974504,43.064781108711522],[-87.868331688317014,43.064816066903845],[-87.868339913690036,43.064863867420648],[-87.868352594556427,43.064908517525311],[-87.868371379783042,43.064935187114251],[-87.868394511925118,43.064967196946256],[-87.868413137875436,43.06500659348437],[-87.868427354306348,43.065045956846511],[-87.86843719485806,43.065082102640744],[-87.868442683857509,43.065113970804994],[-87.868440815327318,43.065145776841533],[-87.868447879553841,43.065169170230611],[-87.868446211334472,43.065185063960755],[-87.868429562874468,43.06522311451031],[-87.868414530599566,43.065249503132584],[-87.86840110981143,43.065264244271901],[-87.868401823535891,43.065284701626361],[-87.86839001049762,43.065306149131139],[-87.868385309969881,43.065329440897123],[-87.868390816042236,43.065333894367548],[-87.868385366498472,43.065358241790598],[-87.868380057065593,43.065377202309996],[-87.868376103156706,43.065402053463885],[-87.868363039918265,43.065422202938898],[-87.868353061375814,43.065442408248018],[-87.868344361796218,43.065465951878728],[-87.868333916554732,43.065478588494003],[-87.868326608295149,43.065496028839831],[-87.868317603073791,43.06551079769644],[-87.868313295572463,43.065524696150547],[-87.868258429079901,43.065591648882375],[-87.868232462058245,43.065627419822114],[-87.868202944506706,43.065682083891673],[-87.868124557120154,43.065758350495074],[-87.868110704626929,43.065769057070348],[-87.868065971095604,43.065811274677543],[-87.868033745912584,43.065849191189351],[-87.868023141009218,43.065887513705633],[-87.867984423393281,43.065934378107833],[-87.867961306284244,43.065976999017842],[-87.867928451027566,43.066033030962679],[-87.867875569465099,43.066131746794774],[-87.867825611651014,43.066235050043794],[-87.867813540662198,43.066280289525565],[-87.867802489714265,43.066307554665158],[-87.867778156194134,43.066362346797625],[-87.86775342865252,43.066425167992328],[-87.867704534043796,43.066524120051362],[-87.867699278813177,43.066561921106235],[-87.86768861316888,43.066595089635065],[-87.867657987044026,43.066634615696749],[-87.867632808143114,43.066700544278802],[-87.867587584105252,43.06675412060855],[-87.867533942589887,43.066797638311343],[-87.867460816441081,43.066856707499667],[-87.867382091790446,43.06693248176866],[-87.867314461809571,43.067025632420695],[-87.867300670110183,43.06708545573462],[-87.867287220282904,43.067114386901679],[-87.867166919301326,43.067289041196922],[-87.867134608265928,43.067328366466342],[-87.86710424584021,43.067355283499445],[-87.867059425005806,43.067384292058655],[-87.867008090138086,43.067419776760822],[-87.866970476021763,43.067456956670085],[-87.866927070722909,43.067496826984133],[-87.866890887402505,43.06754106848561],[-87.866861212066823,43.06757884467536],[-87.866807651557409,43.067631684205097],[-87.866769283719904,43.067674314126499],[-87.86674175262246,43.067718622415207],[-87.866698291447008,43.067776953134413],[-87.866674368803089,43.067825624871304],[-87.866639597921491,43.067866666954487],[-87.866623639557986,43.067902917320495],[-87.866586698771073,43.067937450861109],[-87.866557705651203,43.067980698591072],[-87.866528700031736,43.068028293079031],[-87.866505499631486,43.068061813948432],[-87.866459824225089,43.068120194658938],[-87.866427916673189,43.068166166796345],[-87.866385155032589,43.068202875805902],[-87.866343107784928,43.068238511408261],[-87.866309732631123,43.06828720600172],[-87.866265489362902,43.068335322798568],[-87.866217623481035,43.068375291441129],[-87.86618713572426,43.068420760193646],[-87.866161725615839,43.068458656094769],[-87.866102201991851,43.068532258923469],[-87.866046286716568,43.068607516529156],[-87.866021568166119,43.068657380093931],[-87.865986689545835,43.068712643344568],[-87.865943849474192,43.068753772390259],[-87.865881394149909,43.068812761604576],[-87.865838525927259,43.068863680061739],[-87.865800737616638,43.0689091895389],[-87.865748416934835,43.068965529296563],[-87.865677930554554,43.069027802015199],[-87.865613979509206,43.069079778566376],[-87.865573990701236,43.069116616675302],[-87.865520184527554,43.069169190904049],[-87.865476538075441,43.069215817065675],[-87.865435056315732,43.069267898222442],[-87.865373951068037,43.06932156314781],[-87.86532595636227,43.069348628350184],[-87.865251051743471,43.0693886794785],[-87.865201585038392,43.069419554029736],[-87.865143381913526,43.069450961064383],[-87.865101156790786,43.069485675446487],[-87.865066935543325,43.06951170530435],[-87.865036365508558,43.069529589624786],[-87.86500431758418,43.069558894329255],[-87.864948979940607,43.069594683905315],[-87.864897996675637,43.069628311782672],[-87.864856501629603,43.069647269167682],[-87.864793873147946,43.069676521276733],[-87.864745768195107,43.069715614025085],[-87.864712229868914,43.069746033011263],[-87.864647389626626,43.06977584384866],[-87.864600731880302,43.069808418652904],[-87.864558492646708,43.069818138012735],[-87.864497249945344,43.069852328587196],[-87.86444108186214,43.069894702276443],[-87.864401659817034,43.069933850852593],[-87.864379735623032,43.069965410277973],[-87.864353440016572,43.069994782107685],[-87.864304525332855,43.070039921278301],[-87.864284036850449,43.070075848928205],[-87.864257700931446,43.07011940377167],[-87.864205197462908,43.070132398165299],[-87.864159212062731,43.070158486877396],[-87.864121232759189,43.070189496629517],[-87.86407301821626,43.070229765060681],[-87.864051077083772,43.070256990487067],[-87.864022522355953,43.070303844318332],[-87.864007869885469,43.070331084940776],[-87.86399315163041,43.07038232323908],[-87.86398353566301,43.070435755328646],[-87.863973132036179,43.070511548949689],[-87.863976940224433,43.070576295205086],[-87.863951040432028,43.070589456917247],[-87.863926795395628,43.070604213506741],[-87.863904381626071,43.070620451981149],[-87.863883969392987,43.070638052191349],[-87.863865711595622,43.070656881512448],[-87.863849743813475,43.070676798445426],[-87.863836190484861,43.070697655271822],[-87.863825147611749,43.070719290980456],[-87.863816701434644,43.070741549136073],[-87.863810914644887,43.070764258172765],[-87.863807829106264,43.07078725028363],[-87.863807471831279,43.070810349669252],[-87.863811942599924,43.074118448949072],[-87.863814169715965,43.074142158255249],[-87.863819125532672,43.074165645252954],[-87.863826768360127,43.07418874006391],[-87.86383704308642,43.074211279214381],[-87.863849879898837,43.074233102042911],[-87.863865188167878,43.074254052547523],[-87.863882857650196,43.074273977575693],[-87.863902757424711,43.074292738538709],[-87.86392474923845,43.074310199604689],[-87.863948676566409,43.074326235885579],[-87.863974365801965,43.074340730726682],[-87.864001633765085,43.074353585555535],[-87.864030285018387,43.074364703693242],[-87.864060115792142,43.074374007434301],[-87.864090913883089,43.074381430843431],[-87.864122454957283,43.074386918883008],[-87.864154517389878,43.074390434505013],[-87.864186869881962,43.074391951540633],[-87.866905868590109,43.074374428854867],[-87.866950082990641,43.074404508842875],[-87.866981976952744,43.074426209447694],[-87.867018220341393,43.074452255272142],[-87.867054463088067,43.074477207894745],[-87.867077653395512,43.074494574625852],[-87.86710736350156,43.074518456521425],[-87.867129096436912,43.074545103030665],[-87.867160978273105,43.074573338533945],[-87.867189962965284,43.07458958794733],[-87.867211707452839,43.074600411840294],[-87.867225410108475,43.074618823872605],[-87.867241826622916,43.074684302866153],[-87.86723052721014,43.074718284751299],[-87.867245304305513,43.07491784383889],[-87.867347557337098,43.075163627528006],[-87.867341627949941,43.07533362556196],[-87.867319306407097,43.075399310802752],[-87.867327070992516,43.075439643431693],[-87.867365658310405,43.075490820260249],[-87.86739411287806,43.075507856162915],[-87.867535501533013,43.075516411472954],[-87.867631053635876,43.075500488549146],[-87.867721567868401,43.07549037678919],[-87.867767170599819,43.075494798170084],[-87.867815666113728,43.075560846041107],[-87.867862136745458,43.075607612647751],[-87.867898337367663,43.075653268481787],[-87.867930118726193,43.075699993386756],[-87.867970610930968,43.075754320782309],[-87.868037035930257,43.075850984288891],[-87.868088296586379,43.075934574219886],[-87.868104690077971,43.075966048046695],[-87.868124789561762,43.076004568004372],[-87.868155225350947,43.076037136544258],[-87.86819120536309,43.076096801976632],[-87.868229807705248,43.076182458151166],[-87.868268538854309,43.076256175539491],[-87.868288416706577,43.076311434553439],[-87.86831578674655,43.076352618785691],[-87.868355058767847,43.076440353565737],[-87.868389210605613,43.076525885867909],[-87.868423627374668,43.076588680580585],[-87.86846229587664,43.076662275906457],[-87.868508163773356,43.076745592293385],[-87.868562455917896,43.076856986825071],[-87.868592406339317,43.076921848689963],[-87.868652006593351,43.077074194077923],[-87.868673380851618,43.077120642071307],[-87.868694712257138,43.077170315039368],[-87.868724520918008,43.077243728992528],[-87.868759982093678,43.077332225548503],[-87.868786732888907,43.077414209246534],[-87.868821994597752,43.077516656780674],[-87.868860298714822,43.077608290633421],[-87.868884221320485,43.077680491247385],[-87.868919707448867,43.077762373460764],[-87.868953789370167,43.077838849879974],[-87.868981762942184,43.077934655759812],[-87.869026948002883,43.078054110150042],[-87.869070842384204,43.078158456002633],[-87.869122452943657,43.078285334712447],[-87.869657355318282,43.079061705172599],[-87.869719539227376,43.079196706692329],[-87.869538759533668,43.079197460127645],[-87.869537579619205,43.079279853068762],[-87.87018678180074,43.0805924833139],[-87.870421479868796,43.081093685410757],[-87.87063455586825,43.0816441839752],[-87.870703236375718,43.081918442012167],[-87.873669685806036,43.081920401266942],[-87.876332712492157,43.081922096260612],[-87.87843929090289,43.081923752032189],[-87.882071472131642,43.081924330386641],[-87.886107210679356,43.081932018398533],[-87.887659931849981,43.081933630840169],[-87.891473855537285,43.081947637020242],[-87.891498503852347,43.082080894701754],[-87.891476955232562,43.082165815669462],[-87.891506104518811,43.082265330289573],[-87.891566402861699,43.082406378572401],[-87.891607625198077,43.082560720790568],[-87.891625353137343,43.082721456730091],[-87.891663807688275,43.08282114192464],[-87.891737473621021,43.082979499582891],[-87.891749666742214,43.083030919704925],[-87.891839169554501,43.083134964278734],[-87.891873914361526,43.083207280047439],[-87.891967430774201,43.083464979588975],[-87.892013069725309,43.083626232670127],[-87.892034917188141,43.083667591980195],[-87.892118163035789,43.083769078185817],[-87.892198720722675,43.083869435364967],[-87.892210557978558,43.083931086850832],[-87.892242828341736,43.084075025017214],[-87.892295711364667,43.084161328773305],[-87.892383455636676,43.084316532542843],[-87.89244982015569,43.084416736378486],[-87.892461894157179,43.084471567488904],[-87.892489872943514,43.084605186129963],[-87.8925156645399,43.08466709613586],[-87.892638039256425,43.084898027176614],[-87.892732379515266,43.085131851246985],[-87.892814653373733,43.085310845007641],[-87.89288273240075,43.085496401464027],[-87.892916890838478,43.085585768598428],[-87.892960354597392,43.085675308938413],[-87.893034850189224,43.085809792667675],[-87.893105748758813,43.085913488820474],[-87.893177707876774,43.085986494322249],[-87.893243372797912,43.086107159511144],[-87.893283123728907,43.086169327755037],[-87.893360207293114,43.086228775008877],[-87.893490642755566,43.086360880224674],[-87.893740038302141,43.086553204733875],[-87.893902925337756,43.086689324312943],[-87.894057326362315,43.086801393995927],[-87.894313372696033,43.086935823337861],[-87.894459649191091,43.087013614066329],[-87.894651392469839,43.087122963318457],[-87.894784300084268,43.087183440018023],[-87.895000947196763,43.087245468711018],[-87.895101407459833,43.087301934116127],[-87.895298628604422,43.08738749176289],[-87.895463634530131,43.0874622134723],[-87.895627646840097,43.087539206545522],[-87.895792115367257,43.087655991963025],[-87.895952938171149,43.08771698715843],[-87.896112942153934,43.087801855964344],[-87.896314342274152,43.087901141274742],[-87.89657329071953,43.088086812051522],[-87.896808976688419,43.08827205042229],[-87.896936650705442,43.088349492987049],[-87.897100723968308,43.088451502599725],[-87.897209908395951,43.088525188000432],[-87.897338524345116,43.088575346959992],[-87.897502363019612,43.088684174521198],[-87.897817255047755,43.08886746219153],[-87.897931329771765,43.08893441700387],[-87.897998882231491,43.089000507644869],[-87.898313077571913,43.089204259378569],[-87.898514367354636,43.08930695179474],[-87.898729853373936,43.089403079462052],[-87.898862304726762,43.089477195556093],[-87.899095104353322,43.089611179885765],[-87.899271847943609,43.089750957691464],[-87.899406259535752,43.089903605448093],[-87.899403680173435,43.089978640813591],[-87.899415528392836,43.090040292294141],[-87.899474600543456,43.090082336358265],[-87.899593446971281,43.090145963406044],[-87.899701818469339,43.090243524707354],[-87.899718080756656,43.090312084202921],[-87.89975702325026,43.090398123911569],[-87.899797604989317,43.090436415890082],[-87.899763631870442,43.090476743008622],[-87.899752921124943,43.090517499533853],[-87.899787561130552,43.090593223761246],[-87.899857776183964,43.090717381868956],[-87.899883345972071,43.090786111270958],[-87.899936124743263,43.090875821441344],[-87.899966820003044,43.090930993299857],[-87.899943870643128,43.09105684577429],[-87.899933828324663,43.091213654529717],[-87.899976603426353,43.091323655682821],[-87.900102294989992,43.091459076405208],[-87.900202768744762,43.091527245302686],[-87.900233816554845,43.091560478445949],[-87.900286246302116,43.091660418918643],[-87.900315646410391,43.091753110650153],[-87.900395408004186,43.091870618831351],[-87.90044493848248,43.09191931191512],[-87.900495645363506,43.09196434694595],[-87.900549006217986,43.091979440587558],[-87.900663431465091,43.092009765267335],[-87.900746400674421,43.092059262989238],[-87.900801865538668,43.092125181440565],[-87.900851453180195,43.092250247790425],[-87.90087172495825,43.09233244492092],[-87.90089325341269,43.092377988640841],[-87.900906798045,43.09243184727729],[-87.900893319522055,43.092488030315174],[-87.900888089632758,43.092640298789995],[-87.90090729639509,43.092753515258124],[-87.900901486369406,43.092922701236908],[-87.900895482566654,43.093097529385197],[-87.900871504312605,43.093235341358401],[-87.900891577809773,43.093323181581454],[-87.900899630347595,43.093424905597367],[-87.900886057809799,43.093483909689631],[-87.900857487490271,43.093531348942605],[-87.900832182683942,43.093595778076015],[-87.900814472980741,43.0936631685435],[-87.900808012820505,43.093739233081919],[-87.900774818897531,43.09380915784353],[-87.900722198723471,43.093884367387922],[-87.900686613096951,43.09391192504382],[-87.900639005109625,43.093953371871805],[-87.900609950430294,43.094014908388012],[-87.900603681337529,43.094085332559693],[-87.900605688876468,43.094138979456815],[-87.900600001193254,43.09419248250974],[-87.900562864789563,43.094265159505312],[-87.900561701826405,43.094298995436326],[-87.900551973343184,43.094358071882141],[-87.900526764169683,43.094419679863094],[-87.900508861320091,43.094492710641234],[-87.900521727090663,43.094566307007547],[-87.900553830465512,43.094640261643264],[-87.900573227452099,43.09474783958612],[-87.900580505621363,43.094872121478218],[-87.900578374768159,43.094934154752764],[-87.900559791638173,43.095026925947934],[-87.900564285749823,43.095120119740947],[-87.90058782010594,43.095219310396502],[-87.900622896905077,43.09531871185974],[-87.900655387177792,43.09538138481944],[-87.900718839256527,43.09543898744343],[-87.900827189784138,43.095534098419691],[-87.900897852433275,43.095605940297311],[-87.90094543521873,43.095677355127968],[-87.900973593896325,43.095754059258198],[-87.901017522349107,43.09581976313099],[-87.901102897549393,43.095911627501096],[-87.901238950552894,43.095984675018002],[-87.901409041674,43.096075282059836],[-87.901519526741922,43.096108356361157],[-87.901635767647889,43.096197969056362],[-87.901790085253552,43.09629956958684],[-87.901895370327864,43.096372049260403],[-87.902039314463053,43.09643959828427],[-87.902255469985121,43.096533873286781],[-87.902372582399266,43.096598107154442],[-87.90243257997119,43.096644358412675],[-87.902446899132372,43.096675659841161],[-87.902487567382039,43.096724377765163],[-87.90255525940816,43.096770767277214],[-87.902581315005278,43.096796643433798],[-87.902638795642517,43.096916208604256],[-87.902727631006883,43.097019421186005],[-87.902866471308272,43.097123557453799],[-87.903013100145756,43.097225014372263],[-87.903047235193469,43.097239750679776],[-87.903146180484924,43.09727261280991],[-87.90325570440973,43.09733388362703],[-87.903369650320357,43.09737830735272],[-87.903437534841146,43.097419056873115],[-87.903514082939651,43.097431756240795],[-87.903590338825055,43.097452909826686],[-87.903754774540303,43.09748415384702],[-87.903831998261026,43.097477112613689],[-87.903921340427942,43.09745336613139],[-87.903986505238521,43.097438765023867],[-87.904122619501834,43.097420388558049],[-87.904215422905082,43.097407992138024],[-87.904265815953906,43.097397633628717],[-87.904390450424231,43.097354783207329],[-87.904519130290183,43.097306364483174],[-87.904657998577449,43.097297636830014],[-87.904880903616927,43.097307385196011],[-87.905038714522348,43.09730746801484],[-87.905156798326914,43.097343501620649],[-87.905212755651547,43.097395319560242],[-87.905241404544398,43.097457921623914],[-87.905293131763429,43.097520948920192],[-87.905372558089638,43.097561911238053],[-87.905483433454648,43.097583703624103],[-87.905628157806945,43.097628691966747],[-87.905741818975883,43.097681572042198],[-87.90583336008298,43.097705826876748],[-87.905922029377166,43.097701815608524],[-87.905983093364668,43.097717045613436],[-87.906088574238538,43.097783885511099],[-87.906183483873562,43.097822310451541],[-87.906351095618675,43.097873362387119],[-87.906427931647684,43.097877595655895],[-87.906500244647248,43.097901500701852],[-87.906578611104663,43.097973481508433],[-87.906648895511893,43.098056599574477],[-87.906756683719635,43.098168624058658],[-87.906871388863109,43.098303346194257],[-87.906918304970631,43.098394498828611],[-87.90697359145274,43.098466053557672],[-87.907051090262343,43.098563412997606],[-87.907087722890566,43.098617696541943],[-87.907095764456102,43.098696616202034],[-87.90706722017471,43.099441213700793],[-87.907041759053755,43.100634264466137],[-87.906991978871474,43.10277853001611],[-87.907116522875143,43.10286269800531],[-87.907090422052264,43.104008882913035],[-87.908850776354811,43.104030935236501],[-87.909580468828665,43.104519488785471],[-87.916949052627658,43.104614483369438],[-87.916960456104803,43.104134728076062],[-87.916852209343261,43.104133346987275],[-87.916875809778588,43.103344829324492],[-87.916068858422847,43.103170514002052],[-87.914832743855797,43.102699116082185],[-87.913872406943057,43.101918013828417],[-87.912807466508227,43.101366660173433],[-87.909943300684887,43.100848892020238],[-87.908769380307305,43.100088937696931],[-87.908129257886486,43.099532714784175],[-87.907702511843837,43.098957620778997],[-87.907765253892777,43.096595533898089],[-87.907787377199995,43.094273237511523],[-87.907846680426701,43.091298711646296],[-87.907877626065641,43.089746501941313],[-87.914478557497418,43.089790738053722],[-87.916564286713196,43.089804641448147],[-87.916550899917851,43.090476348044845],[-87.916522274048006,43.09191219638884],[-87.916997832301178,43.092414680373231],[-87.91698794785394,43.092875376464185],[-87.917946982885582,43.09388096548912],[-87.918263944161609,43.094185598886789],[-87.918508959056794,43.094396720732639],[-87.918797714515264,43.094630393793558],[-87.91901017098148,43.094789654936449],[-87.917078353282804,43.094772865475278],[-87.91706870981622,43.095252391322582],[-87.919734191216364,43.095270941171172],[-87.91943138840773,43.095082452713449],[-87.919253737845395,43.094962290106317],[-87.919047075922109,43.094816488372409],[-87.919364546986486,43.094820057733457],[-87.91895387443904,43.094521434408563],[-87.925024618022007,43.094557526278216],[-87.925022061096357,43.095165031958039],[-87.925564633508628,43.095174303004278],[-87.926649684052876,43.097130243324798],[-87.925473161898012,43.097126128285666],[-87.926914882317391,43.097577940141704],[-87.928562798941769,43.100388481239314],[-87.926761764161768,43.100340358618382],[-87.925066136505563,43.100302867313687],[-87.92501394386116,43.101963516342074],[-87.92528653461342,43.102104797412167],[-87.925537440673409,43.10228085526618],[-87.925728847092998,43.102460083706312],[-87.925876834271804,43.102654921881495],[-87.925999021878738,43.102887537779161],[-87.926051400999569,43.103135255063599],[-87.926055715299043,43.103398641653364],[-87.926034646839497,43.103661825740943],[-87.926018121132756,43.104346160322599],[-87.926024173707191,43.104650263508177],[-87.92606839947679,43.104955062670854],[-87.926188710615378,43.105269246730153],[-87.926297137478599,43.105451218680692],[-87.926491468465059,43.105674752903745],[-87.926731464128665,43.105839120719587],[-87.927041418407939,43.106032760591354],[-87.927367867008883,43.106222703615892],[-87.927678905535288,43.106384362162821],[-87.927940790778223,43.106488303944694],[-87.928239740579286,43.106582565901554],[-87.928499767377986,43.106639297382401],[-87.928797974985343,43.106696722389749],[-87.92915098964302,43.106747147849887],[-87.929471552423692,43.106788976875947],[-87.929786933411052,43.106822713937568],[-87.930058688380655,43.106855658430376],[-87.930254080188462,43.106887211460901],[-87.930426442753429,43.106954343151457],[-87.930537997849328,43.107044368660866],[-87.930686917495962,43.107159074978085],[-87.930739697773831,43.107212030855337],[-87.930760026634204,43.10725639983135],[-87.930837774204534,43.107377809067998],[-87.930895060697452,43.10745884942785],[-87.930933817710468,43.107603550752621],[-87.93095675648118,43.107731960437377],[-87.930957067972543,43.107883961398336],[-87.930943046623071,43.107975704223449],[-87.93090189179452,43.108062952866803],[-87.930797758327856,43.108237056734843],[-87.930633497870204,43.108414061955017],[-87.930425876235958,43.108582285932521],[-87.930240336975544,43.108742904612185],[-87.930059979272428,43.108911620343072],[-87.929917804879395,43.109081030408937],[-87.929865332494103,43.109180073332197],[-87.929711396779808,43.109213267085146],[-87.929507561274505,43.109269559100021],[-87.929279738737861,43.109389409008145],[-87.929056964017391,43.109521352393521],[-87.928726897177896,43.109759340058631],[-87.928435692483845,43.109978031939384],[-87.928161654146194,43.11017303887715],[-87.927960692259717,43.110305376779387],[-87.92778195399265,43.110426119597044],[-87.927591900194145,43.110558657453545],[-87.927398015120957,43.110643124913508],[-87.927133770067144,43.11071031099835],[-87.926832697426832,43.110736824589331],[-87.926756202762732,43.110739430657077],[-87.926631160873853,43.11072515316522],[-87.926548936200845,43.110735655014203],[-87.926439305729616,43.110749658268453],[-87.926222221600057,43.110713705301137],[-87.92600554066415,43.110665756017532],[-87.925826230632026,43.110642487861917],[-87.925624146479436,43.110646805379695],[-87.925425488073898,43.110711184105554],[-87.92515415574006,43.110826235019054],[-87.925053534098637,43.110896397503588],[-87.924897073197656,43.111003542098686],[-87.924741910647725,43.111072712498242],[-87.924537658519341,43.111140986256849],[-87.924344443612341,43.111205459593926],[-87.924156147078079,43.111286025042347],[-87.924050068607698,43.111356086637571],[-87.923937285746021,43.111488927253092],[-87.923909126037017,43.111615390720964],[-87.923964264556233,43.111763384780915],[-87.924014646799776,43.111903946809527],[-87.924066399040285,43.112004109264774],[-87.92413906788525,43.112078930644905],[-87.924178428802023,43.112248687934056],[-87.924219412937219,43.112370703772349],[-87.924223820058259,43.112536148202445],[-87.924230492884774,43.112782478250949],[-87.924238787565869,43.112981068673193],[-87.924241946813538,43.113183235867695],[-87.92425124366379,43.113352446218101],[-87.92424224010405,43.113469872621494],[-87.924213315615162,43.113583264581898],[-87.924163974491066,43.113707306665731],[-87.924130911423362,43.113794897166152],[-87.924105244463988,43.113959794732281],[-87.924082952648163,43.114025531742811],[-87.924014812511587,43.114112485198397],[-87.923965971036168,43.114221835371659],[-87.923941057250588,43.114364695588485],[-87.923899366789755,43.11455870002743],[-87.923843388382139,43.114730393279899],[-87.923798555237596,43.11486921533276],[-87.923734425298406,43.114985638757034],[-87.923706249408568,43.115076995102655],[-87.923580608238893,43.115232716811832],[-87.923449713956458,43.115395694545171],[-87.923360023700582,43.115526347259554],[-87.92330566792026,43.115650298833906],[-87.923273353003069,43.11571585451],[-87.923179901556665,43.115809692369233],[-87.923076679122374,43.115896005301671],[-87.922963806192229,43.115971115637784],[-87.922884764561061,43.116083590470254],[-87.922800084904296,43.116214338290909],[-87.922735766055411,43.116306300140188],[-87.922610807548949,43.116471789092074],[-87.922453969301372,43.116660014576787],[-87.922328450995309,43.116812063517919],[-87.922146180263269,43.117010847330228],[-87.922026669101868,43.11713360974629],[-87.921926953884508,43.117264080949127],[-87.921868204953896,43.117369574894731],[-87.921777263995509,43.11753695538868],[-87.92166001362763,43.117740600357862],[-87.921518454123273,43.117921755129871],[-87.921355479218562,43.118142940230854],[-87.921158038351336,43.118345119643422],[-87.92096047555718,43.118550975460678],[-87.920902723791471,43.118627089827378],[-87.920888364706855,43.118670249359312],[-87.920885888397351,43.118717907513769],[-87.922208012569385,43.118734763204621],[-87.923807352817121,43.118755135111122],[-87.926287220724234,43.118786677229636],[-87.927708447535437,43.118811468318953],[-87.927768231746953,43.116678397884492],[-87.927286232886587,43.116355114789464],[-87.927333157601822,43.115175499118891],[-87.927793039821665,43.115182401182487],[-87.933135665296021,43.115262455730438],[-87.933734447435185,43.117894613344077],[-87.934173217586718,43.118927908360277],[-87.93660585840496,43.118971325827438],[-87.940055615537929,43.119029809627214],[-87.940042107136009,43.11857269180841],[-87.940071518387853,43.118366486480035],[-87.939979795740811,43.117888589619668],[-87.940103098089494,43.117743854212556],[-87.939916602110003,43.117480894018144],[-87.940066095861653,43.117012685619187],[-87.938512839204947,43.115378339760646],[-87.938875991503437,43.115384746179963],[-87.939028145207828,43.115550959422634],[-87.93943574815853,43.11539462061819],[-87.940201982040691,43.115408128495758],[-87.943411875068236,43.11546467397249],[-87.943464377449956,43.113609503300331],[-87.94357942264142,43.113611690997054],[-87.943595742242294,43.112966714298786],[-87.943967452645211,43.112978562061457],[-87.943983008853309,43.112361913534123],[-87.944546575492865,43.112367682095858],[-87.944660014074501,43.112351388751783],[-87.944824351538713,43.112340097714942],[-87.945036389421091,43.112315414002097],[-87.945176005156767,43.112295530726179],[-87.945315692737523,43.112273613395637],[-87.945499334572403,43.112266746257063],[-87.945784234185027,43.11225556331118],[-87.945753291138843,43.113350025623724],[-87.944555500143537,43.113331796047746],[-87.944558718620911,43.113216441032264],[-87.943961709931585,43.11320604441341],[-87.943904584892778,43.115470313087265],[-87.946022896179159,43.115511062420495],[-87.945974736065693,43.117140285585648],[-87.945658635069734,43.117133972996747],[-87.945653270602932,43.117315059293553],[-87.945040959957481,43.117303372068172],[-87.945016457826782,43.118236610869324],[-87.943816847471112,43.118217607096071],[-87.943806935394136,43.118543349119008],[-87.944666974713016,43.118559580404259],[-87.944666491733557,43.119110159820764],[-87.945432772553559,43.119120759671759],[-87.945412848637645,43.119640842763232],[-87.945562185923194,43.119643080974853],[-87.945521953641915,43.120877360777527],[-87.946208906224442,43.120890601890828],[-87.946190201949634,43.12153424525652],[-87.946047396239692,43.126448102277195],[-87.945999994439973,43.128173613545137],[-87.948418820679734,43.133788648362533],[-87.951882207320125,43.141788831182815],[-87.954349174399653,43.147558866118537],[-87.954746456040638,43.148488005751794],[-87.952740933215964,43.14846292668858],[-87.946077981027514,43.148379357848498],[-87.945433678620532,43.148371254152977],[-87.945223800562786,43.155677740867546],[-87.945137942508595,43.158719938887494],[-87.949584528554865,43.16210525448092],[-87.950804151899476,43.163033693948684],[-87.953640815799588,43.163054295533918],[-87.955778317112504,43.163070152317616],[-87.958109795779379,43.163088021475936],[-87.958141565052244,43.162264750019801],[-87.960323024703811,43.162274418629153],[-87.957530543227065,43.15580554732194],[-87.965198601043269,43.155868235162714],[-87.965449350843585,43.149427300197459],[-87.965476122087054,43.148583884694453],[-87.975467797528111,43.148573138615312],[-87.975149962118351,43.156063544021926],[-87.974885592456616,43.162511208319223],[-87.974860122171293,43.163132332413319],[-87.98483372697109,43.163090494119182],[-87.994759203134535,43.163199995829892],[-87.994615454733051,43.170486297374737],[-87.994478015498515,43.177773610064889],[-87.994347162302105,43.185078625341511],[-87.994172006621056,43.192552737478643],[-88.001686886706707,43.192556748932411],[-88.005068775972731,43.192555107509698],[-88.013892352013883,43.192531073308174],[-88.023749749366985,43.19248133425085],[-88.024477145330266,43.19247534112516],[-88.033403309986753,43.192401423713967],[-88.033748715897218,43.19239855062294],[-88.034633339912475,43.192389096386343],[-88.041600885094596,43.192314391051269],[-88.043766309797334,43.192291086490172],[-88.05369320480871,43.192177048408823],[-88.061533923349273,43.192135899190433],[-88.06335248896734,43.192126569009346],[-88.06349029098584,43.184112654986713]]],[[[-88.064571586577969,43.192121248492434],[-88.06335248896734,43.192126569009346],[-88.063383897763742,43.194772743924354],[-88.067372783432774,43.194755289402281],[-88.064571586577969,43.192121248492434]]]]},"properties":{"fid":1,"FID_1":1,"OBJECTID":1,"Shape__Are":469058320.82421899,"Shape__Len":260609.93471941}}]}