{
"type": "FeatureCollection",
"name": "neworleans_rob",
"crs": { "type": "name", "properties": { "name": "urn:ogc:def:crs:OGC:1.3:CRS84" } },
"features": [
{ "type": "Feature", "properties": { "OBJECTID": 91366, "id": "NEWORLEANS_2011_20222021A-00651-21", "x": -90.066566467285156, "y": 29.967121124267578, "robbery": 1 }, "geometry": { "type": "Point", "coordinates": [ -90.066566466999973, 29.967121124000073 ] } },
{ "type": "Feature", "properties": { "OBJECTID": 91367, "id": "NEWORLEANS_2011_20222021A-00902-22", "x": -90.056900024414062, "y": 29.967544555664062, "robbery": 1 }, "geometry": { "type": "Point", "coordinates": [ -90.056900023999958, 29.967544556000064 ] } },
{ "type": "Feature", "properties": { "OBJECTID": 91368, "id": "NEWORLEANS_2011_20222021A-01058-21", "x": -90.0107421875, "y": 30.010898590087891, "robbery": 1 }, "geometry": { "type": "Point", "coordinates": [ -90.010742187999938, 30.010898590000068 ] } },
{ "type": "Feature", "properties": { "OBJECTID": 91369, "id": "NEWORLEANS_2011_20222021A-01323-21", "x": -90.019271850585938, "y": 29.930416107177734, "robbery": 1 }, "geometry": { "type": "Point", "coordinates": [ -90.019271850999985, 29.930416107000042 ] } },
{ "type": "Feature", "properties": { "OBJECTID": 91370, "id": "NEWORLEANS_2011_20222021A-01491-21", "x": -90.106979370117188, "y": 29.952665328979492, "robbery": 1 }, "geometry": { "type": "Point", "coordinates": [ -90.106979369999976, 29.95266532900007 ] } },
{ "type": "Feature", "properties": { "OBJECTID": 91371, "id": "NEWORLEANS_2011_20222021A-01609-22", "x": -90.077171325683594, "y": 29.945505142211914, "robbery": 1 }, "geometry": { "type": "Point", "coordinates": [ -90.077171325999984, 29.945505142000059 ] } },
{ "type": "Feature", "properties": { "OBJECTID": 91372, "id": "NEWORLEANS_2011_20222021A-03377-20", "x": -90.011344909667969, "y": 30.027141571044922, "robbery": 1 }, "geometry": { "type": "Point", "coordinates": [ -90.01134491, 30.027141571000072 ] } },
{ "type": "Feature", "properties": { "OBJECTID": 91373, "id": "NEWORLEANS_2011_20222021A-03377-21", "x": -90.011482238769531, "y": 30.027042388916016, "robbery": 1 }, "geometry": { "type": "Point", "coordinates": [ -90.011482238999974, 30.02704238900003 ] } },
{ "type": "Feature", "properties": { "OBJECTID": 91374, "id": "NEWORLEANS_2011_20222021A-03524-21", "x": -90.073081970214844, "y": 29.979196548461914, "robbery": 1 }, "geometry": { "type": "Point", "coordinates": [ -90.073081969999976, 29.979196548000061 ] } },
{ "type": "Feature", "properties": { "OBJECTID": 91375, "id": "NEWORLEANS_2011_20222021A-03570-21", "x": -90.09765625, "y": 29.977073669433594, "robbery": 1 }, "geometry": { "type": "Point", "coordinates": [ -90.097656249999943, 29.977073669000049 ] } },
{ "type": "Feature", "properties": { "OBJECTID": 91376, "id": "NEWORLEANS_2011_20222021A-03735-21", "x": -90.07989501953125, "y": 29.933233261108398, "robbery": 1 }, "geometry": { "type": "Point", "coordinates": [ -90.079895019999981, 29.933233261000055 ] } },
{ "type": "Feature", "properties": { "OBJECTID": 91377, "id": "NEWORLEANS_2011_20222021A-04059-21", "x": -89.958915710449219, "y": 30.048210144042969, "robbery": 1 }, "geometry": { "type": "Point", "coordinates": [ -89.958915709999985, 30.048210144000052 ] } },
{ "type": "Feature", "properties": { "OBJECTID": 91378, "id": "NEWORLEANS_2011_20222021A-04242-21", "x": -89.948074340820312, "y": 30.065708160400391, "robbery": 1 }, "geometry": { "type": "Point", "coordinates": [ -89.948074340999938, 30.065708160000042 ] } },
{ "type": "Feature", "properties": { "OBJECTID": 91379, "id": "NEWORLEANS_2011_20222021A-04614-22", "x": -90.009872436523438, "y": 29.957973480224609, "robbery": 1 }, "geometry": { "type": "Point", "coordinates": [ -90.009872436999956, 29.957973480000078 ] } },
{ "type": "Feature", "properties": { "OBJECTID": 91380, "id": "NEWORLEANS_2011_20222021A-04657-21", "x": -90.078056335449219, "y": 29.952447891235352, "robbery": 1 }, "geometry": { "type": "Point", "coordinates": [ -90.078056334999985, 29.952447891000077 ] } },
{ "type": "Feature", "properties": { "OBJECTID": 91381, "id": "NEWORLEANS_2011_20222021A-06175-21", "x": -90.072967529296875, "y": 29.985296249389648, "robbery": 1 }, "geometry": { "type": "Point", "coordinates": [ -90.072967528999982, 29.985296249000044 ] } },
{ "type": "Feature", "properties": { "OBJECTID": 91382, "id": "NEWORLEANS_2011_20222021A-06252-21", "x": -90.064926147460938, "y": 29.948465347290039, "robbery": 1 }, "geometry": { "type": "Point", "coordinates": [ -90.064926146999937, 29.948465347000024 ] } },
{ "type": "Feature", "properties": { "OBJECTID": 91383, "id": "NEWORLEANS_2011_20222021A-06392-21", "x": -90.103263854980469, "y": 29.916912078857422, "robbery": 1 }, "geometry": { "type": "Point", "coordinates": [ -90.103263854999966, 29.916912079000042 ] } },
{ "type": "Feature", "properties": { "OBJECTID": 91384, "id": "NEWORLEANS_2011_20222021A-06413-21", "x": -90.06585693359375, "y": 29.965322494506836, "robbery": 1 }, "geometry": { "type": "Point", "coordinates": [ -90.065856933999953, 29.965322495000066 ] } },
{ "type": "Feature", "properties": { "OBJECTID": 91385, "id": "NEWORLEANS_2011_20222021A-06935-21", "x": -90.00115966796875, "y": 30.030540466308594, "robbery": 1 }, "geometry": { "type": "Point", "coordinates": [ -90.001159667999957, 30.030540466000048 ] } },
{ "type": "Feature", "properties": { "OBJECTID": 91386, "id": "NEWORLEANS_2011_20222021A-06947-21", "x": -89.998252868652344, "y": 30.029565811157227, "robbery": 1 }, "geometry": { "type": "Point", "coordinates": [ -89.998252868999941, 30.029565811000055 ] } },
{ "type": "Feature", "properties": { "OBJECTID": 91387, "id": "NEWORLEANS_2011_20222021A-07541-21", "x": -90.038887023925781, "y": 30.00450325012207, "robbery": 1 }, "geometry": { "type": "Point", "coordinates": [ -90.038887023999962, 30.004503250000027 ] } },
{ "type": "Feature", "properties": { "OBJECTID": 91388, "id": "NEWORLEANS_2011_20222021A-07594-21", "x": -89.994651794433594, "y": 30.031488418579102, "robbery": 1 }, "geometry": { "type": "Point", "coordinates": [ -89.994651793999935, 30.031488419000027 ] } },
{ "type": "Feature", "properties": { "OBJECTID": 91389, "id": "NEWORLEANS_2011_20222021A-07726-21", "x": -89.927360534667969, "y": 30.063302993774414, "robbery": 1 }, "geometry": { "type": "Point", "coordinates": [ -89.927360535, 30.063302994000026 ] } },
{ "type": "Feature", "properties": { "OBJECTID": 91390, "id": "NEWORLEANS_2011_20222021A-08068-21", "x": -90.06903076171875, "y": 29.964824676513672, "robbery": 1 }, "geometry": { "type": "Point", "coordinates": [ -90.069030761999954, 29.964824677000024 ] } },
{ "type": "Feature", "properties": { "OBJECTID": 91391, "id": "NEWORLEANS_2011_20222021A-09829-21", "x": -90.096588134765625, "y": 29.937046051025391, "robbery": 1 }, "geometry": { "type": "Point", "coordinates": [ -90.096588135, 29.937046051000038 ] } },
{ "type": "Feature", "properties": { "OBJECTID": 91392, "id": "NEWORLEANS_2011_20222021A-10168-21", "x": -90.065437316894531, "y": 29.965816497802734, "robbery": 1 }, "geometry": { "type": "Point", "coordinates": [ -90.065437316999976, 29.965816498000038 ] } },
{ "type": "Feature", "properties": { "OBJECTID": 91393, "id": "NEWORLEANS_2011_20222021A-10221-21", "x": -90.073020935058594, "y": 29.988248825073242, "robbery": 1 }, "geometry": { "type": "Point", "coordinates": [ -90.073020934999988, 29.988248825000028 ] } },
{ "type": "Feature", "properties": { "OBJECTID": 91394, "id": "NEWORLEANS_2011_20222021A-10380-21", "x": -90.037162780761719, "y": 29.940811157226562, "robbery": 1 }, "geometry": { "type": "Point", "coordinates": [ -90.03716278099995, 29.940811157000041 ] } },
{ "type": "Feature", "properties": { "OBJECTID": 91395, "id": "NEWORLEANS_2011_20222021A-11437-21", "x": -90.102645874023438, "y": 29.930313110351562, "robbery": 1 }, "geometry": { "type": "Point", "coordinates": [ -90.102645873999961, 29.930313110000043 ] } },
{ "type": "Feature", "properties": { "OBJECTID": 91396, "id": "NEWORLEANS_2011_20222021A-11959-21", "x": -90.010078430175781, "y": 30.014228820800781, "robbery": 1 }, "geometry": { "type": "Point", "coordinates": [ -90.010078429999965, 30.014228821000074 ] } },
{ "type": "Feature", "properties": { "OBJECTID": 91397, "id": "NEWORLEANS_2011_20222021A-13047-21", "x": -90.049545288085938, "y": 29.968734741210938, "robbery": 1 }, "geometry": { "type": "Point", "coordinates": [ -90.049545288, 29.968734741000048 ] } },
{ "type": "Feature", "properties": { "OBJECTID": 91398, "id": "NEWORLEANS_2011_20222021A-13613-21", "x": -89.959480285644531, "y": 30.046398162841797, "robbery": 1 }, "geometry": { "type": "Point", "coordinates": [ -89.959480285999973, 30.046398163000049 ] } },
{ "type": "Feature", "properties": { "OBJECTID": 91399, "id": "NEWORLEANS_2011_20222021A-14061-21", "x": -90.087074279785156, "y": 29.979923248291016, "robbery": 1 }, "geometry": { "type": "Point", "coordinates": [ -90.087074279999968, 29.979923248000034 ] } },
{ "type": "Feature", "properties": { "OBJECTID": 91400, "id": "NEWORLEANS_2011_20222021A-14368-21", "x": -90.003158569335938, "y": 30.028430938720703, "robbery": 1 }, "geometry": { "type": "Point", "coordinates": [ -90.003158568999936, 30.028430939000032 ] } },
{ "type": "Feature", "properties": { "OBJECTID": 91401, "id": "NEWORLEANS_2011_20222021A-16483-22", "x": -90.126335144042969, "y": 29.944852828979492, "robbery": 1 }, "geometry": { "type": "Point", "coordinates": [ -90.126335143999938, 29.94485282900007 ] } },
{ "type": "Feature", "properties": { "OBJECTID": 91402, "id": "NEWORLEANS_2011_20222021A-16800-21", "x": -90.104637145996094, "y": 29.928995132446289, "robbery": 1 }, "geometry": { "type": "Point", "coordinates": [ -90.104637145999959, 29.928995132000068 ] } },
{ "type": "Feature", "properties": { "OBJECTID": 91403, "id": "NEWORLEANS_2011_20222021A-16805-21", "x": -90.088104248046875, "y": 29.946470260620117, "robbery": 1 }, "geometry": { "type": "Point", "coordinates": [ -90.088104247999979, 29.946470261000059 ] } },
{ "type": "Feature", "properties": { "OBJECTID": 91404, "id": "NEWORLEANS_2011_20222021A-17192-21", "x": -89.998825073242188, "y": 30.015443801879883, "robbery": 1 }, "geometry": { "type": "Point", "coordinates": [ -89.998825072999978, 30.01544380200005 ] } },
{ "type": "Feature", "properties": { "OBJECTID": 91405, "id": "NEWORLEANS_2011_20222021A-18445-21", "x": -89.993545532226562, "y": 29.906818389892578, "robbery": 1 }, "geometry": { "type": "Point", "coordinates": [ -89.993545531999985, 29.906818390000069 ] } },
{ "type": "Feature", "properties": { "OBJECTID": 91406, "id": "NEWORLEANS_2011_20222021A-19267-21", "x": -89.977058410644531, "y": 30.052961349487305, "robbery": 1 }, "geometry": { "type": "Point", "coordinates": [ -89.977058410999973, 30.052961349000043 ] } },
{ "type": "Feature", "properties": { "OBJECTID": 91407, "id": "NEWORLEANS_2011_20222021A-20803-21", "x": -90.070938110351562, "y": 29.955924987792969, "robbery": 1 }, "geometry": { "type": "Point", "coordinates": [ -90.070938109999986, 29.955924988000049 ] } },
{ "type": "Feature", "properties": { "OBJECTID": 91408, "id": "NEWORLEANS_2011_20222021A-21623-21", "x": -90.029296875, "y": 29.93174934387207, "robbery": 1 }, "geometry": { "type": "Point", "coordinates": [ -90.029296874999943, 29.931749344000025 ] } },
{ "type": "Feature", "properties": { "OBJECTID": 91409, "id": "NEWORLEANS_2011_20222021A-21894-21", "x": -89.911117553710938, "y": 30.039789199829102, "robbery": 1 }, "geometry": { "type": "Point", "coordinates": [ -89.911117553999986, 30.03978920000003 ] } },
{ "type": "Feature", "properties": { "OBJECTID": 91410, "id": "NEWORLEANS_2011_20222021A-22243-21", "x": -90.130218505859375, "y": 29.95026969909668, "robbery": 1 }, "geometry": { "type": "Point", "coordinates": [ -90.130218505999949, 29.950269699000046 ] } },
{ "type": "Feature", "properties": { "OBJECTID": 91411, "id": "NEWORLEANS_2011_20222021A-22369-21", "x": -90.077178955078125, "y": 29.930273056030273, "robbery": 1 }, "geometry": { "type": "Point", "coordinates": [ -90.077178954999965, 29.930273056000033 ] } },
{ "type": "Feature", "properties": { "OBJECTID": 91412, "id": "NEWORLEANS_2011_20222021A-23576-21", "x": -89.986198425292969, "y": 30.035423278808594, "robbery": 1 }, "geometry": { "type": "Point", "coordinates": [ -89.986198424999941, 30.035423279000042 ] } },
{ "type": "Feature", "properties": { "OBJECTID": 91413, "id": "NEWORLEANS_2011_20222021A-23973-21", "x": -90.070152282714844, "y": 29.97450065612793, "robbery": 1 }, "geometry": { "type": "Point", "coordinates": [ -90.07015228299997, 29.974500656000032 ] } },
{ "type": "Feature", "properties": { "OBJECTID": 91414, "id": "NEWORLEANS_2011_20222021A-24261-21", "x": -90.088340759277344, "y": 29.987899780273438, "robbery": 1 }, "geometry": { "type": "Point", "coordinates": [ -90.088340758999948, 29.987899780000077 ] } },
{ "type": "Feature", "properties": { "OBJECTID": 91415, "id": "NEWORLEANS_2011_20222021A-26648-21", "x": -89.984024047851562, "y": 30.031669616699219, "robbery": 1 }, "geometry": { "type": "Point", "coordinates": [ -89.984024047999981, 30.031669617000034 ] } },
{ "type": "Feature", "properties": { "OBJECTID": 91416, "id": "NEWORLEANS_2011_20222021A-27654-21", "x": -90.091041564941406, "y": 29.980249404907227, "robbery": 1 }, "geometry": { "type": "Point", "coordinates": [ -90.091041564999955, 29.980249405000052 ] } },
{ "type": "Feature", "properties": { "OBJECTID": 91417, "id": "NEWORLEANS_2011_20222021A-27714-21", "x": -90.04986572265625, "y": 29.969650268554688, "robbery": 1 }, "geometry": { "type": "Point", "coordinates": [ -90.049865722999982, 29.969650269000056 ] } },
{ "type": "Feature", "properties": { "OBJECTID": 91418, "id": "NEWORLEANS_2011_20222021A-27861-21", "x": -89.998603820800781, "y": 30.042638778686523, "robbery": 1 }, "geometry": { "type": "Point", "coordinates": [ -89.998603820999961, 30.042638779000072 ] } },
{ "type": "Feature", "properties": { "OBJECTID": 91419, "id": "NEWORLEANS_2011_20222021A-28162-21", "x": -90.018447875976562, "y": 29.931148529052734, "robbery": 1 }, "geometry": { "type": "Point", "coordinates": [ -90.018447875999982, 29.931148529000041 ] } },
{ "type": "Feature", "properties": { "OBJECTID": 91420, "id": "NEWORLEANS_2011_20222021A-28305-21", "x": -90.057121276855469, "y": 29.969455718994141, "robbery": 1 }, "geometry": { "type": "Point", "coordinates": [ -90.057121276999965, 29.969455719000052 ] } },
{ "type": "Feature", "properties": { "OBJECTID": 91421, "id": "NEWORLEANS_2011_20222021A-28949-21", "x": -90.10601806640625, "y": 29.954292297363281, "robbery": 1 }, "geometry": { "type": "Point", "coordinates": [ -90.106018066, 29.954292297000052 ] } },
{ "type": "Feature", "properties": { "OBJECTID": 91422, "id": "NEWORLEANS_2011_20222021A-29456-21", "x": -89.994400024414062, "y": 30.013269424438477, "robbery": 1 }, "geometry": { "type": "Point", "coordinates": [ -89.994400023999958, 30.013269424000043 ] } },
{ "type": "Feature", "properties": { "OBJECTID": 91423, "id": "NEWORLEANS_2011_20222021A-30116-21", "x": -90.116966247558594, "y": 29.972427368164062, "robbery": 1 }, "geometry": { "type": "Point", "coordinates": [ -90.116966247999983, 29.972427368000069 ] } },
{ "type": "Feature", "properties": { "OBJECTID": 91424, "id": "NEWORLEANS_2011_20222021A-30575-21", "x": -90.023101806640625, "y": 29.928949356079102, "robbery": 1 }, "geometry": { "type": "Point", "coordinates": [ -90.023101806999989, 29.928949356000032 ] } },
{ "type": "Feature", "properties": { "OBJECTID": 91425, "id": "NEWORLEANS_2011_20222021A-30828-21", "x": -90.043220520019531, "y": 29.973932266235352, "robbery": 1 }, "geometry": { "type": "Point", "coordinates": [ -90.043220519999977, 29.973932266000077 ] } },
{ "type": "Feature", "properties": { "OBJECTID": 91426, "id": "NEWORLEANS_2011_20222021A-31205-21", "x": -90.088279724121094, "y": 29.96086311340332, "robbery": 1 }, "geometry": { "type": "Point", "coordinates": [ -90.08827972399996, 29.960863113000073 ] } },
{ "type": "Feature", "properties": { "OBJECTID": 91427, "id": "NEWORLEANS_2011_20222021A-31431-21", "x": -89.908302307128906, "y": 30.037530899047852, "robbery": 1 }, "geometry": { "type": "Point", "coordinates": [ -89.908302306999985, 30.037530899000046 ] } },
{ "type": "Feature", "properties": { "OBJECTID": 91428, "id": "NEWORLEANS_2011_20222021A-31666-21", "x": -89.98126220703125, "y": 30.046621322631836, "robbery": 1 }, "geometry": { "type": "Point", "coordinates": [ -89.981262206999986, 30.046621323000068 ] } },
{ "type": "Feature", "properties": { "OBJECTID": 91429, "id": "NEWORLEANS_2011_20222021A-31697-21", "x": -90.089523315429688, "y": 29.969856262207031, "robbery": 1 }, "geometry": { "type": "Point", "coordinates": [ -90.089523314999951, 29.969856262000064 ] } },
{ "type": "Feature", "properties": { "OBJECTID": 91430, "id": "NEWORLEANS_2011_20222021A-31985-21", "x": -90.065887451171875, "y": 29.958686828613281, "robbery": 1 }, "geometry": { "type": "Point", "coordinates": [ -90.065887450999981, 29.958686829000044 ] } },
{ "type": "Feature", "properties": { "OBJECTID": 91431, "id": "NEWORLEANS_2011_20222021A-32088-21", "x": -90.070304870605469, "y": 29.953336715698242, "robbery": 1 }, "geometry": { "type": "Point", "coordinates": [ -90.070304870999962, 29.953336716000024 ] } },
{ "type": "Feature", "properties": { "OBJECTID": 91432, "id": "NEWORLEANS_2011_20222021A-32280-21", "x": -90.095474243164062, "y": 29.975013732910156, "robbery": 1 }, "geometry": { "type": "Point", "coordinates": [ -90.095474242999956, 29.975013733000026 ] } },
{ "type": "Feature", "properties": { "OBJECTID": 91433, "id": "NEWORLEANS_2011_20222021A-32569-21", "x": -90.027503967285156, "y": 29.930732727050781, "robbery": 1 }, "geometry": { "type": "Point", "coordinates": [ -90.027503966999973, 29.930732727000077 ] } },
{ "type": "Feature", "properties": { "OBJECTID": 91434, "id": "NEWORLEANS_2011_20222021A-32581-21", "x": -89.981101989746094, "y": 30.046707153320312, "robbery": 1 }, "geometry": { "type": "Point", "coordinates": [ -89.981101989999956, 30.046707153000057 ] } },
{ "type": "Feature", "properties": { "OBJECTID": 91435, "id": "NEWORLEANS_2011_20222021A-33021-21", "x": -90.010978698730469, "y": 30.037897109985352, "robbery": 1 }, "geometry": { "type": "Point", "coordinates": [ -90.010978698999963, 30.037897110000074 ] } },
{ "type": "Feature", "properties": { "OBJECTID": 91436, "id": "NEWORLEANS_2011_20222021A-35125-21", "x": -90.086463928222656, "y": 29.948619842529297, "robbery": 1 }, "geometry": { "type": "Point", "coordinates": [ -90.086463927999944, 29.948619843000074 ] } },
{ "type": "Feature", "properties": { "OBJECTID": 91437, "id": "NEWORLEANS_2011_20222021A-35349-21", "x": -90.044960021972656, "y": 29.990324020385742, "robbery": 1 }, "geometry": { "type": "Point", "coordinates": [ -90.044960021999941, 29.99032402000006 ] } },
{ "type": "Feature", "properties": { "OBJECTID": 91438, "id": "NEWORLEANS_2011_20222021A-37942-21", "x": -90.058746337890625, "y": 29.990085601806641, "robbery": 1 }, "geometry": { "type": "Point", "coordinates": [ -90.058746337999935, 29.990085602000079 ] } },
{ "type": "Feature", "properties": { "OBJECTID": 91439, "id": "NEWORLEANS_2011_20222021B-00031-21", "x": -90.059165954589844, "y": 29.967802047729492, "robbery": 1 }, "geometry": { "type": "Point", "coordinates": [ -90.059165954999969, 29.967802048000067 ] } },
{ "type": "Feature", "properties": { "OBJECTID": 91440, "id": "NEWORLEANS_2011_20222021B-00960-21", "x": -90.065650939941406, "y": 29.948326110839844, "robbery": 1 }, "geometry": { "type": "Point", "coordinates": [ -90.065650939999955, 29.948326111000029 ] } },
{ "type": "Feature", "properties": { "OBJECTID": 91441, "id": "NEWORLEANS_2011_20222021B-01527-21", "x": -89.969627380371094, "y": 30.048854827880859, "robbery": 1 }, "geometry": { "type": "Point", "coordinates": [ -89.969627379999963, 30.04885482800006 ] } },
{ "type": "Feature", "properties": { "OBJECTID": 91442, "id": "NEWORLEANS_2011_20222021B-02621-21", "x": -90.064353942871094, "y": 29.974912643432617, "robbery": 1 }, "geometry": { "type": "Point", "coordinates": [ -90.064353942999958, 29.974912643000039 ] } },
{ "type": "Feature", "properties": { "OBJECTID": 91443, "id": "NEWORLEANS_2011_20222021B-02664-21", "x": -89.981864929199219, "y": 30.04570198059082, "robbery": 1 }, "geometry": { "type": "Point", "coordinates": [ -89.981864928999983, 30.045701981000036 ] } },
{ "type": "Feature", "properties": { "OBJECTID": 91444, "id": "NEWORLEANS_2011_20222021B-03875-21", "x": -89.980781555175781, "y": 30.046802520751953, "robbery": 1 }, "geometry": { "type": "Point", "coordinates": [ -89.980781554999965, 30.046802521000075 ] } },
{ "type": "Feature", "properties": { "OBJECTID": 91445, "id": "NEWORLEANS_2011_20222021B-04319-21", "x": -89.911468505859375, "y": 30.039451599121094, "robbery": 1 }, "geometry": { "type": "Point", "coordinates": [ -89.911468505999949, 30.039451599000074 ] } },
{ "type": "Feature", "properties": { "OBJECTID": 91446, "id": "NEWORLEANS_2011_20222021B-05344-21", "x": -90.071372985839844, "y": 29.951202392578125, "robbery": 1 }, "geometry": { "type": "Point", "coordinates": [ -90.071372985999972, 29.951202393000074 ] } },
{ "type": "Feature", "properties": { "OBJECTID": 91447, "id": "NEWORLEANS_2011_20222021B-06062-22", "x": -90.0771484375, "y": 29.944023132324219, "robbery": 1 }, "geometry": { "type": "Point", "coordinates": [ -90.077148437999938, 29.944023132000041 ] } },
{ "type": "Feature", "properties": { "OBJECTID": 91448, "id": "NEWORLEANS_2011_20222021B-06110-21", "x": -89.98638916015625, "y": 29.907854080200195, "robbery": 1 }, "geometry": { "type": "Point", "coordinates": [ -89.986389159999987, 29.90785408000005 ] } },
{ "type": "Feature", "properties": { "OBJECTID": 91449, "id": "NEWORLEANS_2011_20222021B-06145-21", "x": -89.92596435546875, "y": 30.056535720825195, "robbery": 1 }, "geometry": { "type": "Point", "coordinates": [ -89.925964354999962, 30.056535721000046 ] } },
{ "type": "Feature", "properties": { "OBJECTID": 91450, "id": "NEWORLEANS_2011_20222021B-06215-21", "x": -90.062881469726562, "y": 29.96058464050293, "robbery": 1 }, "geometry": { "type": "Point", "coordinates": [ -90.062881469999979, 29.960584641000025 ] } },
{ "type": "Feature", "properties": { "OBJECTID": 91451, "id": "NEWORLEANS_2011_20222021B-06383-21", "x": -90.092948913574219, "y": 29.958877563476562, "robbery": 1 }, "geometry": { "type": "Point", "coordinates": [ -90.092948913999976, 29.958877563000044 ] } },
{ "type": "Feature", "properties": { "OBJECTID": 91452, "id": "NEWORLEANS_2011_20222021B-06436-21", "x": -89.993240356445312, "y": 30.013477325439453, "robbery": 1 }, "geometry": { "type": "Point", "coordinates": [ -89.993240355999944, 30.013477325000053 ] } },
{ "type": "Feature", "properties": { "OBJECTID": 91453, "id": "NEWORLEANS_2011_20222021B-06939-21", "x": -90.123252868652344, "y": 29.944696426391602, "robbery": 1 }, "geometry": { "type": "Point", "coordinates": [ -90.123252868999941, 29.944696426000064 ] } },
{ "type": "Feature", "properties": { "OBJECTID": 91454, "id": "NEWORLEANS_2011_20222021B-06942-21", "x": -90.12451171875, "y": 29.943099975585938, "robbery": 1 }, "geometry": { "type": "Point", "coordinates": [ -90.124511718999941, 29.943099976000042 ] } },
{ "type": "Feature", "properties": { "OBJECTID": 91455, "id": "NEWORLEANS_2011_20222021B-07578-21", "x": -90.033699035644531, "y": 29.974061965942383, "robbery": 1 }, "geometry": { "type": "Point", "coordinates": [ -90.033699035999973, 29.974061966000079 ] } },
{ "type": "Feature", "properties": { "OBJECTID": 91456, "id": "NEWORLEANS_2011_20222021B-08399-21", "x": -90.039459228515625, "y": 29.981897354125977, "robbery": 1 }, "geometry": { "type": "Point", "coordinates": [ -90.039459228999988, 29.981897354000068 ] } },
{ "type": "Feature", "properties": { "OBJECTID": 91457, "id": "NEWORLEANS_2011_20222021B-08797-21", "x": -90.090850830078125, "y": 29.927358627319336, "robbery": 1 }, "geometry": { "type": "Point", "coordinates": [ -90.090850829999965, 29.927358627000046 ] } },
{ "type": "Feature", "properties": { "OBJECTID": 91458, "id": "NEWORLEANS_2011_20222021B-08847-21", "x": -90.119178771972656, "y": 29.945758819580078, "robbery": 1 }, "geometry": { "type": "Point", "coordinates": [ -90.119178771999941, 29.945758820000037 ] } },
{ "type": "Feature", "properties": { "OBJECTID": 91459, "id": "NEWORLEANS_2011_20222021B-08892-21", "x": -90.118598937988281, "y": 29.947916030883789, "robbery": 1 }, "geometry": { "type": "Point", "coordinates": [ -90.118598938, 29.947916031000034 ] } },
{ "type": "Feature", "properties": { "OBJECTID": 91460, "id": "NEWORLEANS_2011_20222021B-08991-21", "x": -90.118392944335938, "y": 29.946552276611328, "robbery": 1 }, "geometry": { "type": "Point", "coordinates": [ -90.118392943999936, 29.946552277000023 ] } },
{ "type": "Feature", "properties": { "OBJECTID": 91461, "id": "NEWORLEANS_2011_20222021B-09245-21", "x": -90.049369812011719, "y": 29.96900749206543, "robbery": 1 }, "geometry": { "type": "Point", "coordinates": [ -90.049369811999952, 29.96900749200006 ] } },
{ "type": "Feature", "properties": { "OBJECTID": 91462, "id": "NEWORLEANS_2011_20222021B-09315-21", "x": -90.118377685546875, "y": 29.948192596435547, "robbery": 1 }, "geometry": { "type": "Point", "coordinates": [ -90.118377685999974, 29.948192596000069 ] } },
{ "type": "Feature", "properties": { "OBJECTID": 91463, "id": "NEWORLEANS_2011_20222021B-09517-21", "x": -90.071037292480469, "y": 29.931962966918945, "robbery": 1 }, "geometry": { "type": "Point", "coordinates": [ -90.071037291999971, 29.931962967000061 ] } },
{ "type": "Feature", "properties": { "OBJECTID": 91464, "id": "NEWORLEANS_2011_20222021B-09959-21", "x": -90.0269775390625, "y": 30.032808303833008, "robbery": 1 }, "geometry": { "type": "Point", "coordinates": [ -90.026977538999972, 30.032808304000071 ] } },
{ "type": "Feature", "properties": { "OBJECTID": 91465, "id": "NEWORLEANS_2011_20222021B-11428-21", "x": -90.12640380859375, "y": 29.9512939453125, "robbery": 1 }, "geometry": { "type": "Point", "coordinates": [ -90.126403808999953, 29.951293945000032 ] } },
{ "type": "Feature", "properties": { "OBJECTID": 91466, "id": "NEWORLEANS_2011_20222021B-11437-21", "x": -90.119316101074219, "y": 29.948282241821289, "robbery": 1 }, "geometry": { "type": "Point", "coordinates": [ -90.119316100999981, 29.948282242000062 ] } },
{ "type": "Feature", "properties": { "OBJECTID": 91467, "id": "NEWORLEANS_2011_20222021B-11505-22", "x": -90.058731079101562, "y": 29.989875793457031, "robbery": 1 }, "geometry": { "type": "Point", "coordinates": [ -90.058731078999983, 29.989875793000067 ] } },
{ "type": "Feature", "properties": { "OBJECTID": 91468, "id": "NEWORLEANS_2011_20222021B-12370-21", "x": -90.023330688476562, "y": 30.032875061035156, "robbery": 1 }, "geometry": { "type": "Point", "coordinates": [ -90.023330687999987, 30.032875061000027 ] } },
{ "type": "Feature", "properties": { "OBJECTID": 91469, "id": "NEWORLEANS_2011_20222021B-12521-21", "x": -90.073524475097656, "y": 29.97477912902832, "robbery": 1 }, "geometry": { "type": "Point", "coordinates": [ -90.073524474999942, 29.974779129000069 ] } },
{ "type": "Feature", "properties": { "OBJECTID": 91470, "id": "NEWORLEANS_2011_20222021B-12530-21", "x": -90.108009338378906, "y": 29.991268157958984, "robbery": 1 }, "geometry": { "type": "Point", "coordinates": [ -90.108009337999988, 29.991268158000025 ] } },
{ "type": "Feature", "properties": { "OBJECTID": 91471, "id": "NEWORLEANS_2011_20222021B-12545-21", "x": -90.067764282226562, "y": 29.967180252075195, "robbery": 1 }, "geometry": { "type": "Point", "coordinates": [ -90.067764281999985, 29.967180252000048 ] } },
{ "type": "Feature", "properties": { "OBJECTID": 91472, "id": "NEWORLEANS_2011_20222021B-12571-21", "x": -90.056541442871094, "y": 30.008508682250977, "robbery": 1 }, "geometry": { "type": "Point", "coordinates": [ -90.056541442999958, 30.00850868200007 ] } },
{ "type": "Feature", "properties": { "OBJECTID": 91473, "id": "NEWORLEANS_2011_20222021B-12680-21", "x": -89.986984252929688, "y": 30.045164108276367, "robbery": 1 }, "geometry": { "type": "Point", "coordinates": [ -89.986984252999946, 30.045164108000051 ] } },
{ "type": "Feature", "properties": { "OBJECTID": 91474, "id": "NEWORLEANS_2011_20222021B-13794-21", "x": -90.120864868164062, "y": 29.918296813964844, "robbery": 1 }, "geometry": { "type": "Point", "coordinates": [ -90.120864867999956, 29.91829681400003 ] } },
{ "type": "Feature", "properties": { "OBJECTID": 91475, "id": "NEWORLEANS_2011_20222021B-14740-21", "x": -89.956626892089844, "y": 30.041032791137695, "robbery": 1 }, "geometry": { "type": "Point", "coordinates": [ -89.956626891999974, 30.041032791000077 ] } },
{ "type": "Feature", "properties": { "OBJECTID": 91476, "id": "NEWORLEANS_2011_20222021B-14834-21", "x": -90.033454895019531, "y": 30.00629997253418, "robbery": 1 }, "geometry": { "type": "Point", "coordinates": [ -90.033454894999977, 30.006299973000068 ] } },
{ "type": "Feature", "properties": { "OBJECTID": 91477, "id": "NEWORLEANS_2011_20222021B-15830-21", "x": -90.064826965332031, "y": 29.947256088256836, "robbery": 1 }, "geometry": { "type": "Point", "coordinates": [ -90.064826964999952, 29.947256088000074 ] } },
{ "type": "Feature", "properties": { "OBJECTID": 91478, "id": "NEWORLEANS_2011_20222021B-16609-21", "x": -90.062850952148438, "y": 29.970706939697266, "robbery": 1 }, "geometry": { "type": "Point", "coordinates": [ -90.062850951999962, 29.970706940000071 ] } },
{ "type": "Feature", "properties": { "OBJECTID": 91479, "id": "NEWORLEANS_2011_20222021B-16918-21", "x": -90.11102294921875, "y": 29.949607849121094, "robbery": 1 }, "geometry": { "type": "Point", "coordinates": [ -90.11102294899996, 29.949607849000074 ] } },
{ "type": "Feature", "properties": { "OBJECTID": 91480, "id": "NEWORLEANS_2011_20222021B-17263-21", "x": -90.06329345703125, "y": 29.96772575378418, "robbery": 1 }, "geometry": { "type": "Point", "coordinates": [ -90.063293456999986, 29.967725754000071 ] } },
{ "type": "Feature", "properties": { "OBJECTID": 91481, "id": "NEWORLEANS_2011_20222021B-17414-21", "x": -90.061546325683594, "y": 29.958221435546875, "robbery": 1 }, "geometry": { "type": "Point", "coordinates": [ -90.061546325999984, 29.958221436000031 ] } },
{ "type": "Feature", "properties": { "OBJECTID": 91482, "id": "NEWORLEANS_2011_20222021B-17477-21", "x": -90.102813720703125, "y": 29.980060577392578, "robbery": 1 }, "geometry": { "type": "Point", "coordinates": [ -90.102813720999961, 29.980060577000074 ] } },
{ "type": "Feature", "properties": { "OBJECTID": 91483, "id": "NEWORLEANS_2011_20222021B-17860-21", "x": -90.022186279296875, "y": 29.923614501953125, "robbery": 1 }, "geometry": { "type": "Point", "coordinates": [ -90.022186278999982, 29.923614502000078 ] } },
{ "type": "Feature", "properties": { "OBJECTID": 91484, "id": "NEWORLEANS_2011_20222021B-18173-21", "x": -90.058212280273438, "y": 29.988969802856445, "robbery": 1 }, "geometry": { "type": "Point", "coordinates": [ -90.058212279999964, 29.988969803000032 ] } },
{ "type": "Feature", "properties": { "OBJECTID": 91485, "id": "NEWORLEANS_2011_20222021B-20625-21", "x": -90.055198669433594, "y": 29.99516487121582, "robbery": 1 }, "geometry": { "type": "Point", "coordinates": [ -90.055198668999935, 29.995164871000043 ] } },
{ "type": "Feature", "properties": { "OBJECTID": 91486, "id": "NEWORLEANS_2011_20222021B-20640-21", "x": -90.06494140625, "y": 29.980724334716797, "robbery": 1 }, "geometry": { "type": "Point", "coordinates": [ -90.064941405999946, 29.980724335000048 ] } },
{ "type": "Feature", "properties": { "OBJECTID": 91487, "id": "NEWORLEANS_2011_20222021B-20746-21", "x": -90.059616088867188, "y": 30.011695861816406, "robbery": 1 }, "geometry": { "type": "Point", "coordinates": [ -90.059616088999974, 30.011695862000067 ] } },
{ "type": "Feature", "properties": { "OBJECTID": 91488, "id": "NEWORLEANS_2011_20222021B-21455-21", "x": -90.015029907226562, "y": 29.966482162475586, "robbery": 1 }, "geometry": { "type": "Point", "coordinates": [ -90.015029906999985, 29.966482162000034 ] } },
{ "type": "Feature", "properties": { "OBJECTID": 91489, "id": "NEWORLEANS_2011_20222021B-22446-21", "x": -90.081619262695312, "y": 29.994604110717773, "robbery": 1 }, "geometry": { "type": "Point", "coordinates": [ -90.081619262999936, 29.994604111000058 ] } },
{ "type": "Feature", "properties": { "OBJECTID": 91490, "id": "NEWORLEANS_2011_20222021B-22561-21", "x": -90.073402404785156, "y": 29.984369277954102, "robbery": 1 }, "geometry": { "type": "Point", "coordinates": [ -90.073402404999968, 29.984369278000031 ] } },
{ "type": "Feature", "properties": { "OBJECTID": 91491, "id": "NEWORLEANS_2011_20222021B-22731-21", "x": -90.111892700195312, "y": 29.925239562988281, "robbery": 1 }, "geometry": { "type": "Point", "coordinates": [ -90.111892699999942, 29.925239563000048 ] } },
{ "type": "Feature", "properties": { "OBJECTID": 91492, "id": "NEWORLEANS_2011_20222021B-23942-21", "x": -90.096870422363281, "y": 29.977813720703125, "robbery": 1 }, "geometry": { "type": "Point", "coordinates": [ -90.096870421999938, 29.977813721000075 ] } },
{ "type": "Feature", "properties": { "OBJECTID": 91493, "id": "NEWORLEANS_2011_20222021B-24182-21", "x": -90.066612243652344, "y": 29.974109649658203, "robbery": 1 }, "geometry": { "type": "Point", "coordinates": [ -90.066612243999941, 29.974109650000059 ] } },
{ "type": "Feature", "properties": { "OBJECTID": 91494, "id": "NEWORLEANS_2011_20222021B-24372-21", "x": -90.09588623046875, "y": 29.971134185791016, "robbery": 1 }, "geometry": { "type": "Point", "coordinates": [ -90.095886229999962, 29.971134186000029 ] } },
{ "type": "Feature", "properties": { "OBJECTID": 91495, "id": "NEWORLEANS_2011_20222021B-25369-21", "x": -90.071189880371094, "y": 29.952787399291992, "robbery": 1 }, "geometry": { "type": "Point", "coordinates": [ -90.071189879999963, 29.952787399000044 ] } },
{ "type": "Feature", "properties": { "OBJECTID": 91496, "id": "NEWORLEANS_2011_20222021B-25867-21", "x": -90.068794250488281, "y": 29.955644607543945, "robbery": 1 }, "geometry": { "type": "Point", "coordinates": [ -90.068794249999939, 29.955644608000057 ] } },
{ "type": "Feature", "properties": { "OBJECTID": 91497, "id": "NEWORLEANS_2011_20222021B-25954-21", "x": -90.036972045898438, "y": 29.928428649902344, "robbery": 1 }, "geometry": { "type": "Point", "coordinates": [ -90.03697204599996, 29.928428650000058 ] } },
{ "type": "Feature", "properties": { "OBJECTID": 91498, "id": "NEWORLEANS_2011_20222021B-25980-21", "x": -90.0748291015625, "y": 29.966142654418945, "robbery": 1 }, "geometry": { "type": "Point", "coordinates": [ -90.074829101999967, 29.966142654000066 ] } },
{ "type": "Feature", "properties": { "OBJECTID": 91499, "id": "NEWORLEANS_2011_20222021B-26586-21", "x": -90.076225280761719, "y": 29.971920013427734, "robbery": 1 }, "geometry": { "type": "Point", "coordinates": [ -90.07622528099995, 29.971920013000044 ] } },
{ "type": "Feature", "properties": { "OBJECTID": 91500, "id": "NEWORLEANS_2011_20222021B-27174-21", "x": -90.066947937011719, "y": 29.955476760864258, "robbery": 1 }, "geometry": { "type": "Point", "coordinates": [ -90.066947936999952, 29.955476761000057 ] } },
{ "type": "Feature", "properties": { "OBJECTID": 91501, "id": "NEWORLEANS_2011_20222021B-27270-21", "x": -90.055198669433594, "y": 30.028959274291992, "robbery": 1 }, "geometry": { "type": "Point", "coordinates": [ -90.055198668999935, 30.028959274000044 ] } },
{ "type": "Feature", "properties": { "OBJECTID": 91502, "id": "NEWORLEANS_2011_20222021B-27769-21", "x": -90.041038513183594, "y": 29.968618392944336, "robbery": 1 }, "geometry": { "type": "Point", "coordinates": [ -90.041038513, 29.968618393000042 ] } },
{ "type": "Feature", "properties": { "OBJECTID": 91503, "id": "NEWORLEANS_2011_20222021B-27951-21", "x": -90.019264221191406, "y": 29.930578231811523, "robbery": 1 }, "geometry": { "type": "Point", "coordinates": [ -90.019264220999958, 29.930578232000073 ] } },
{ "type": "Feature", "properties": { "OBJECTID": 91504, "id": "NEWORLEANS_2011_20222021B-30162-21", "x": -89.977127075195312, "y": 30.038724899291992, "robbery": 1 }, "geometry": { "type": "Point", "coordinates": [ -89.977127074999942, 30.038724899000044 ] } },
{ "type": "Feature", "properties": { "OBJECTID": 91505, "id": "NEWORLEANS_2011_20222021B-30172-21", "x": -89.957405090332031, "y": 30.041971206665039, "robbery": 1 }, "geometry": { "type": "Point", "coordinates": [ -89.957405089999952, 30.041971207000074 ] } },
{ "type": "Feature", "properties": { "OBJECTID": 91506, "id": "NEWORLEANS_2011_20222021B-31688-21", "x": -90.074104309082031, "y": 29.951198577880859, "robbery": 1 }, "geometry": { "type": "Point", "coordinates": [ -90.074104308999949, 29.95119857800006 ] } },
{ "type": "Feature", "properties": { "OBJECTID": 91507, "id": "NEWORLEANS_2011_20222021B-31725-21", "x": -90.062393188476562, "y": 30.022588729858398, "robbery": 1 }, "geometry": { "type": "Point", "coordinates": [ -90.062393187999987, 30.022588730000052 ] } },
{ "type": "Feature", "properties": { "OBJECTID": 91508, "id": "NEWORLEANS_2011_20222021B-32362-21", "x": -90.089134216308594, "y": 29.945987701416016, "robbery": 1 }, "geometry": { "type": "Point", "coordinates": [ -90.089134216, 29.945987701000035 ] } },
{ "type": "Feature", "properties": { "OBJECTID": 91509, "id": "NEWORLEANS_2011_20222021B-33212-21", "x": -90.053375244140625, "y": 29.970884323120117, "robbery": 1 }, "geometry": { "type": "Point", "coordinates": [ -90.053375243999938, 29.970884323000064 ] } },
{ "type": "Feature", "properties": { "OBJECTID": 91510, "id": "NEWORLEANS_2011_20222021B-33994-21", "x": -90.024436950683594, "y": 30.025671005249023, "robbery": 1 }, "geometry": { "type": "Point", "coordinates": [ -90.024436950999984, 30.025671005000049 ] } },
{ "type": "Feature", "properties": { "OBJECTID": 91511, "id": "NEWORLEANS_2011_20222021B-34376-21", "x": -90.073455810546875, "y": 29.948894500732422, "robbery": 1 }, "geometry": { "type": "Point", "coordinates": [ -90.073455810999974, 29.948894501000041 ] } },
{ "type": "Feature", "properties": { "OBJECTID": 91512, "id": "NEWORLEANS_2011_20222021B-34564-21", "x": -90.086257934570312, "y": 29.932010650634766, "robbery": 1 }, "geometry": { "type": "Point", "coordinates": [ -90.086257934999935, 29.932010651000041 ] } },
{ "type": "Feature", "properties": { "OBJECTID": 91513, "id": "NEWORLEANS_2011_20222021C-00064-21", "x": -90.046684265136719, "y": 29.976940155029297, "robbery": 1 }, "geometry": { "type": "Point", "coordinates": [ -90.046684264999953, 29.976940155000079 ] } },
{ "type": "Feature", "properties": { "OBJECTID": 91514, "id": "NEWORLEANS_2011_20222021C-00685-21", "x": -90.068534851074219, "y": 29.966503143310547, "robbery": 1 }, "geometry": { "type": "Point", "coordinates": [ -90.068534850999981, 29.966503143000068 ] } },
{ "type": "Feature", "properties": { "OBJECTID": 91515, "id": "NEWORLEANS_2011_20222021C-01202-21", "x": -90.098861694335938, "y": 29.965681076049805, "robbery": 1 }, "geometry": { "type": "Point", "coordinates": [ -90.098861693999936, 29.965681076000067 ] } },
{ "type": "Feature", "properties": { "OBJECTID": 91516, "id": "NEWORLEANS_2011_20222021C-02593-21", "x": -90.075019836425781, "y": 29.9534912109375, "robbery": 1 }, "geometry": { "type": "Point", "coordinates": [ -90.075019835999967, 29.953491211000028 ] } },
{ "type": "Feature", "properties": { "OBJECTID": 91517, "id": "NEWORLEANS_2011_20222021C-03282-21", "x": -90.059974670410156, "y": 29.95991325378418, "robbery": 1 }, "geometry": { "type": "Point", "coordinates": [ -90.059974669999974, 29.959913254000071 ] } },
{ "type": "Feature", "properties": { "OBJECTID": 91518, "id": "NEWORLEANS_2011_20222021C-03616-21", "x": -89.915336608886719, "y": 30.035017013549805, "robbery": 1 }, "geometry": { "type": "Point", "coordinates": [ -89.915336608999951, 30.035017014000061 ] } },
{ "type": "Feature", "properties": { "OBJECTID": 91519, "id": "NEWORLEANS_2011_20222021C-03836-21", "x": -90.051986694335938, "y": 29.966852188110352, "robbery": 1 }, "geometry": { "type": "Point", "coordinates": [ -90.051986693999936, 29.966852188000075 ] } },
{ "type": "Feature", "properties": { "OBJECTID": 91520, "id": "NEWORLEANS_2011_20222021C-04225-21", "x": -90.056831359863281, "y": 29.971767425537109, "robbery": 1 }, "geometry": { "type": "Point", "coordinates": [ -90.05683136, 29.971767426000042 ] } },
{ "type": "Feature", "properties": { "OBJECTID": 91521, "id": "NEWORLEANS_2011_20222021C-05056-21", "x": -89.994461059570312, "y": 30.031826019287109, "robbery": 1 }, "geometry": { "type": "Point", "coordinates": [ -89.994461059999935, 30.03182601900005 ] } },
{ "type": "Feature", "properties": { "OBJECTID": 91522, "id": "NEWORLEANS_2011_20222021C-05196-21", "x": -90.010704040527344, "y": 30.038114547729492, "robbery": 1 }, "geometry": { "type": "Point", "coordinates": [ -90.01070404099994, 30.038114548000067 ] } },
{ "type": "Feature", "properties": { "OBJECTID": 91523, "id": "NEWORLEANS_2011_20222021C-05880-21", "x": -90.061294555664062, "y": 29.998891830444336, "robbery": 1 }, "geometry": { "type": "Point", "coordinates": [ -90.06129455599995, 29.998891830000048 ] } },
{ "type": "Feature", "properties": { "OBJECTID": 91524, "id": "NEWORLEANS_2011_20222021C-08167-21", "x": -89.990623474121094, "y": 30.04597282409668, "robbery": 1 }, "geometry": { "type": "Point", "coordinates": [ -89.99062347399996, 30.045972824000046 ] } },
{ "type": "Feature", "properties": { "OBJECTID": 91525, "id": "NEWORLEANS_2011_20222021C-08753-21", "x": -90.049728393554688, "y": 29.965547561645508, "robbery": 1 }, "geometry": { "type": "Point", "coordinates": [ -90.049728393999942, 29.96554756200004 ] } },
{ "type": "Feature", "properties": { "OBJECTID": 91526, "id": "NEWORLEANS_2011_20222021C-08779-21", "x": -89.930191040039062, "y": 30.037639617919922, "robbery": 1 }, "geometry": { "type": "Point", "coordinates": [ -89.930191039999954, 30.037639618000071 ] } },
{ "type": "Feature", "properties": { "OBJECTID": 91527, "id": "NEWORLEANS_2011_20222021C-10169-21", "x": -89.926704406738281, "y": 30.031320571899414, "robbery": 1 }, "geometry": { "type": "Point", "coordinates": [ -89.926704406999988, 30.031320572000027 ] } },
{ "type": "Feature", "properties": { "OBJECTID": 91528, "id": "NEWORLEANS_2011_20222021C-10321-21", "x": -90.076805114746094, "y": 29.958614349365234, "robbery": 1 }, "geometry": { "type": "Point", "coordinates": [ -90.076805114999956, 29.958614349000072 ] } },
{ "type": "Feature", "properties": { "OBJECTID": 91529, "id": "NEWORLEANS_2011_20222021C-11023-21", "x": -90.08740234375, "y": 29.944465637207031, "robbery": 1 }, "geometry": { "type": "Point", "coordinates": [ -90.087402343999941, 29.944465637000064 ] } },
{ "type": "Feature", "properties": { "OBJECTID": 91530, "id": "NEWORLEANS_2011_20222021C-11292-21", "x": -90.100173950195312, "y": 29.951860427856445, "robbery": 1 }, "geometry": { "type": "Point", "coordinates": [ -90.100173949999942, 29.951860428000032 ] } },
{ "type": "Feature", "properties": { "OBJECTID": 91531, "id": "NEWORLEANS_2011_20222021C-11418-21", "x": -90.113250732421875, "y": 29.919576644897461, "robbery": 1 }, "geometry": { "type": "Point", "coordinates": [ -90.113250731999983, 29.919576645000063 ] } },
{ "type": "Feature", "properties": { "OBJECTID": 91532, "id": "NEWORLEANS_2011_20222021C-12551-21", "x": -89.958473205566406, "y": 30.048427581787109, "robbery": 1 }, "geometry": { "type": "Point", "coordinates": [ -89.958473205999951, 30.048427582000045 ] } },
{ "type": "Feature", "properties": { "OBJECTID": 91533, "id": "NEWORLEANS_2011_20222021C-12556-21", "x": -90.067916870117188, "y": 29.953947067260742, "robbery": 1 }, "geometry": { "type": "Point", "coordinates": [ -90.067916869999976, 29.953947067000058 ] } },
{ "type": "Feature", "properties": { "OBJECTID": 91534, "id": "NEWORLEANS_2011_20222021C-12569-21", "x": -90.060539245605469, "y": 29.998018264770508, "robbery": 1 }, "geometry": { "type": "Point", "coordinates": [ -90.060539245999962, 29.998018265000042 ] } },
{ "type": "Feature", "properties": { "OBJECTID": 91535, "id": "NEWORLEANS_2011_20222021C-13004-21", "x": -90.091972351074219, "y": 29.975028991699219, "robbery": 1 }, "geometry": { "type": "Point", "coordinates": [ -90.091972350999981, 29.975028992000034 ] } },
{ "type": "Feature", "properties": { "OBJECTID": 91536, "id": "NEWORLEANS_2011_20222021C-13917-21", "x": -90.097412109375, "y": 29.977304458618164, "robbery": 1 }, "geometry": { "type": "Point", "coordinates": [ -90.097412108999947, 29.977304459000038 ] } },
{ "type": "Feature", "properties": { "OBJECTID": 91537, "id": "NEWORLEANS_2011_20222021C-15386-21", "x": -90.074714660644531, "y": 29.978731155395508, "robbery": 1 }, "geometry": { "type": "Point", "coordinates": [ -90.074714660999973, 29.978731155000048 ] } },
{ "type": "Feature", "properties": { "OBJECTID": 91538, "id": "NEWORLEANS_2011_20222021C-15839-21", "x": -89.944122314453125, "y": 30.069751739501953, "robbery": 1 }, "geometry": { "type": "Point", "coordinates": [ -89.944122313999969, 30.069751740000072 ] } },
{ "type": "Feature", "properties": { "OBJECTID": 91539, "id": "NEWORLEANS_2011_20222021C-16256-21", "x": -90.069717407226562, "y": 29.979312896728516, "robbery": 1 }, "geometry": { "type": "Point", "coordinates": [ -90.069717406999985, 29.979312897000057 ] } },
{ "type": "Feature", "properties": { "OBJECTID": 91540, "id": "NEWORLEANS_2011_20222021C-16915-21", "x": -89.985191345214844, "y": 30.033008575439453, "robbery": 1 }, "geometry": { "type": "Point", "coordinates": [ -89.985191344999976, 30.033008575000053 ] } },
{ "type": "Feature", "properties": { "OBJECTID": 91541, "id": "NEWORLEANS_2011_20222021C-16969-21", "x": -90.023468017578125, "y": 30.023685455322266, "robbery": 1 }, "geometry": { "type": "Point", "coordinates": [ -90.02346801799996, 30.023685455000077 ] } },
{ "type": "Feature", "properties": { "OBJECTID": 91542, "id": "NEWORLEANS_2011_20222021C-17093-21", "x": -90.067070007324219, "y": 29.957040786743164, "robbery": 1 }, "geometry": { "type": "Point", "coordinates": [ -90.067070006999984, 29.957040787000039 ] } },
{ "type": "Feature", "properties": { "OBJECTID": 91543, "id": "NEWORLEANS_2011_20222021C-17141-21", "x": -90.065666198730469, "y": 29.958610534667969, "robbery": 1 }, "geometry": { "type": "Point", "coordinates": [ -90.065666198999963, 29.958610535000048 ] } },
{ "type": "Feature", "properties": { "OBJECTID": 91544, "id": "NEWORLEANS_2011_20222021C-17217-21", "x": -90.055313110351562, "y": 29.973672866821289, "robbery": 1 }, "geometry": { "type": "Point", "coordinates": [ -90.055313109999986, 29.973672867000062 ] } },
{ "type": "Feature", "properties": { "OBJECTID": 91545, "id": "NEWORLEANS_2011_20222021C-17246-21", "x": -90.071319580078125, "y": 29.958713531494141, "robbery": 1 }, "geometry": { "type": "Point", "coordinates": [ -90.071319579999965, 29.958713531000058 ] } },
{ "type": "Feature", "properties": { "OBJECTID": 91546, "id": "NEWORLEANS_2011_20222021C-17258-21", "x": -90.077644348144531, "y": 29.967060089111328, "robbery": 1 }, "geometry": { "type": "Point", "coordinates": [ -90.077644347999978, 29.967060089000029 ] } },
{ "type": "Feature", "properties": { "OBJECTID": 91547, "id": "NEWORLEANS_2011_20222021C-17368-21", "x": -90.101493835449219, "y": 29.965200424194336, "robbery": 1 }, "geometry": { "type": "Point", "coordinates": [ -90.101493834999985, 29.965200424000045 ] } },
{ "type": "Feature", "properties": { "OBJECTID": 91548, "id": "NEWORLEANS_2011_20222021C-17449-21", "x": -89.959007263183594, "y": 30.048166275024414, "robbery": 1 }, "geometry": { "type": "Point", "coordinates": [ -89.959007263, 30.048166275000028 ] } },
{ "type": "Feature", "properties": { "OBJECTID": 91549, "id": "NEWORLEANS_2011_20222021C-17942-21", "x": -90.098854064941406, "y": 29.982492446899414, "robbery": 1 }, "geometry": { "type": "Point", "coordinates": [ -90.098854064999955, 29.982492447000027 ] } },
{ "type": "Feature", "properties": { "OBJECTID": 91550, "id": "NEWORLEANS_2011_20222021C-19440-21", "x": -89.994522094726562, "y": 30.031925201416016, "robbery": 1 }, "geometry": { "type": "Point", "coordinates": [ -89.994522094999979, 30.031925201000035 ] } },
{ "type": "Feature", "properties": { "OBJECTID": 91551, "id": "NEWORLEANS_2011_20222021C-19868-21", "x": -90.067481994628906, "y": 29.963905334472656, "robbery": 1 }, "geometry": { "type": "Point", "coordinates": [ -90.06748199499998, 29.96390533400006 ] } },
{ "type": "Feature", "properties": { "OBJECTID": 91552, "id": "NEWORLEANS_2011_20222021C-21315-21", "x": -90.087379455566406, "y": 29.965717315673828, "robbery": 1 }, "geometry": { "type": "Point", "coordinates": [ -90.087379455999951, 29.965717316000053 ] } },
{ "type": "Feature", "properties": { "OBJECTID": 91553, "id": "NEWORLEANS_2011_20222021C-22326-21", "x": -90.071792602539062, "y": 29.978656768798828, "robbery": 1 }, "geometry": { "type": "Point", "coordinates": [ -90.071792602999949, 29.978656769000054 ] } },
{ "type": "Feature", "properties": { "OBJECTID": 91554, "id": "NEWORLEANS_2011_20222021C-22599-21", "x": -90.070541381835938, "y": 29.954383850097656, "robbery": 1 }, "geometry": { "type": "Point", "coordinates": [ -90.070541381999988, 29.954383850000056 ] } },
{ "type": "Feature", "properties": { "OBJECTID": 91555, "id": "NEWORLEANS_2011_20222021C-23814-21", "x": -90.071121215820312, "y": 29.952041625976562, "robbery": 1 }, "geometry": { "type": "Point", "coordinates": [ -90.071121215999938, 29.952041626000039 ] } },
{ "type": "Feature", "properties": { "OBJECTID": 91556, "id": "NEWORLEANS_2011_20222021C-24269-21", "x": -89.980674743652344, "y": 30.015682220458984, "robbery": 1 }, "geometry": { "type": "Point", "coordinates": [ -89.980674743999941, 30.015682220000031 ] } },
{ "type": "Feature", "properties": { "OBJECTID": 91557, "id": "NEWORLEANS_2011_20222021C-24878-21", "x": -89.942214965820312, "y": 30.072139739990234, "robbery": 1 }, "geometry": { "type": "Point", "coordinates": [ -89.942214965999938, 30.072139740000068 ] } },
{ "type": "Feature", "properties": { "OBJECTID": 91558, "id": "NEWORLEANS_2011_20222021C-25262-21", "x": -90.059761047363281, "y": 29.974475860595703, "robbery": 1 }, "geometry": { "type": "Point", "coordinates": [ -90.059761046999938, 29.97447586100003 ] } },
{ "type": "Feature", "properties": { "OBJECTID": 91559, "id": "NEWORLEANS_2011_20222021C-25281-21", "x": -90.061355590820312, "y": 29.958337783813477, "robbery": 1 }, "geometry": { "type": "Point", "coordinates": [ -90.061355590999938, 29.958337784000037 ] } },
{ "type": "Feature", "properties": { "OBJECTID": 91560, "id": "NEWORLEANS_2011_20222021C-25926-21", "x": -90.052299499511719, "y": 29.97319221496582, "robbery": 1 }, "geometry": { "type": "Point", "coordinates": [ -90.052299499999947, 29.97319221500004 ] } },
{ "type": "Feature", "properties": { "OBJECTID": 91561, "id": "NEWORLEANS_2011_20222021C-26450-21", "x": -90.090507507324219, "y": 29.936923980712891, "robbery": 1 }, "geometry": { "type": "Point", "coordinates": [ -90.090507506999984, 29.936923981000064 ] } },
{ "type": "Feature", "properties": { "OBJECTID": 91562, "id": "NEWORLEANS_2011_20222021C-26515-21", "x": -90.071426391601562, "y": 29.966558456420898, "robbery": 1 }, "geometry": { "type": "Point", "coordinates": [ -90.071426391999978, 29.96655845600003 ] } },
{ "type": "Feature", "properties": { "OBJECTID": 91563, "id": "NEWORLEANS_2011_20222021C-26913-21", "x": -90.020599365234375, "y": 29.933780670166016, "robbery": 1 }, "geometry": { "type": "Point", "coordinates": [ -90.020599364999953, 29.933780670000033 ] } },
{ "type": "Feature", "properties": { "OBJECTID": 91564, "id": "NEWORLEANS_2011_20222021C-27562-21", "x": -90.097114562988281, "y": 29.940324783325195, "robbery": 1 }, "geometry": { "type": "Point", "coordinates": [ -90.097114563, 29.940324783000051 ] } },
{ "type": "Feature", "properties": { "OBJECTID": 91565, "id": "NEWORLEANS_2011_20222021C-28259-21", "x": -90.095970153808594, "y": 29.972883224487305, "robbery": 1 }, "geometry": { "type": "Point", "coordinates": [ -90.095970153999986, 29.972883224000043 ] } },
{ "type": "Feature", "properties": { "OBJECTID": 91566, "id": "NEWORLEANS_2011_20222021C-28515-21", "x": -90.069694519042969, "y": 29.953384399414062, "robbery": 1 }, "geometry": { "type": "Point", "coordinates": [ -90.069694518999938, 29.953384399000072 ] } },
{ "type": "Feature", "properties": { "OBJECTID": 91567, "id": "NEWORLEANS_2011_20222021C-29029-21", "x": -90.060890197753906, "y": 30.01679801940918, "robbery": 1 }, "geometry": { "type": "Point", "coordinates": [ -90.060890197999981, 30.016798019000078 ] } },
{ "type": "Feature", "properties": { "OBJECTID": 91568, "id": "NEWORLEANS_2011_20222021C-29456-21", "x": -90.014152526855469, "y": 29.923862457275391, "robbery": 1 }, "geometry": { "type": "Point", "coordinates": [ -90.014152526999965, 29.923862457000041 ] } },
{ "type": "Feature", "properties": { "OBJECTID": 91569, "id": "NEWORLEANS_2011_20222021C-29508-21", "x": -90.086311340332031, "y": 29.924007415771484, "robbery": 1 }, "geometry": { "type": "Point", "coordinates": [ -90.086311339999952, 29.924007416000052 ] } },
{ "type": "Feature", "properties": { "OBJECTID": 91570, "id": "NEWORLEANS_2011_20222021C-29993-21", "x": -89.994766235351562, "y": 30.021968841552734, "robbery": 1 }, "geometry": { "type": "Point", "coordinates": [ -89.994766234999986, 30.021968842000035 ] } },
{ "type": "Feature", "properties": { "OBJECTID": 91571, "id": "NEWORLEANS_2011_20222021C-30746-21", "x": -90.094413757324219, "y": 29.945343017578125, "robbery": 1 }, "geometry": { "type": "Point", "coordinates": [ -90.094413756999984, 29.945343018000074 ] } },
{ "type": "Feature", "properties": { "OBJECTID": 91572, "id": "NEWORLEANS_2011_20222021C-31193-21", "x": -90.037971496582031, "y": 29.988269805908203, "robbery": 1 }, "geometry": { "type": "Point", "coordinates": [ -90.037971496999944, 29.988269806000062 ] } },
{ "type": "Feature", "properties": { "OBJECTID": 91573, "id": "NEWORLEANS_2011_20222021C-31704-21", "x": -90.096435546875, "y": 29.94511604309082, "robbery": 1 }, "geometry": { "type": "Point", "coordinates": [ -90.096435546999942, 29.945116043000041 ] } },
{ "type": "Feature", "properties": { "OBJECTID": 91574, "id": "NEWORLEANS_2011_20222021C-32392-21", "x": -90.016586303710938, "y": 30.013778686523438, "robbery": 1 }, "geometry": { "type": "Point", "coordinates": [ -90.016586303999986, 30.01377868700007 ] } },
{ "type": "Feature", "properties": { "OBJECTID": 91575, "id": "NEWORLEANS_2011_20222021C-32570-21", "x": -90.017898559570312, "y": 29.968137741088867, "robbery": 1 }, "geometry": { "type": "Point", "coordinates": [ -90.017898559999935, 29.968137741000078 ] } },
{ "type": "Feature", "properties": { "OBJECTID": 91576, "id": "NEWORLEANS_2011_20222021C-32944-21", "x": -89.978431701660156, "y": 30.040531158447266, "robbery": 1 }, "geometry": { "type": "Point", "coordinates": [ -89.978431701999966, 30.040531158000078 ] } },
{ "type": "Feature", "properties": { "OBJECTID": 91577, "id": "NEWORLEANS_2011_20222021C-33506-21", "x": -90.010612487792969, "y": 30.037958145141602, "robbery": 1 }, "geometry": { "type": "Point", "coordinates": [ -90.010612487999936, 30.037958145000061 ] } },
{ "type": "Feature", "properties": { "OBJECTID": 91578, "id": "NEWORLEANS_2011_20222021C-35545-21", "x": -90.020614624023438, "y": 30.009273529052734, "robbery": 1 }, "geometry": { "type": "Point", "coordinates": [ -90.020614623999961, 30.009273529000041 ] } },
{ "type": "Feature", "properties": { "OBJECTID": 91579, "id": "NEWORLEANS_2011_20222021C-35825-21", "x": -90.084480285644531, "y": 29.964439392089844, "robbery": 1 }, "geometry": { "type": "Point", "coordinates": [ -90.084480285999973, 29.964439392000031 ] } },
{ "type": "Feature", "properties": { "OBJECTID": 91580, "id": "NEWORLEANS_2011_20222021C-35851-21", "x": -90.066871643066406, "y": 29.962478637695312, "robbery": 1 }, "geometry": { "type": "Point", "coordinates": [ -90.066871642999956, 29.96247863800005 ] } },
{ "type": "Feature", "properties": { "OBJECTID": 91581, "id": "NEWORLEANS_2011_20222021C-36211-21", "x": -90.058662414550781, "y": 29.989048004150391, "robbery": 1 }, "geometry": { "type": "Point", "coordinates": [ -90.058662414999958, 29.98904800400004 ] } },
{ "type": "Feature", "properties": { "OBJECTID": 91582, "id": "NEWORLEANS_2011_20222021C-36407-21", "x": -89.971717834472656, "y": 30.022357940673828, "robbery": 1 }, "geometry": { "type": "Point", "coordinates": [ -89.971717833999946, 30.022357941000053 ] } },
{ "type": "Feature", "properties": { "OBJECTID": 91583, "id": "NEWORLEANS_2011_20222021C-37356-21", "x": -90.06903076171875, "y": 29.950222015380859, "robbery": 1 }, "geometry": { "type": "Point", "coordinates": [ -90.069030761999954, 29.950222015000065 ] } },
{ "type": "Feature", "properties": { "OBJECTID": 91584, "id": "NEWORLEANS_2011_20222021C-38035-21", "x": -90.010276794433594, "y": 29.918540954589844, "robbery": 1 }, "geometry": { "type": "Point", "coordinates": [ -90.010276793999935, 29.918540955000026 ] } },
{ "type": "Feature", "properties": { "OBJECTID": 91585, "id": "NEWORLEANS_2011_20222021C-39685-21", "x": -90.050308227539062, "y": 29.969139099121094, "robbery": 1 }, "geometry": { "type": "Point", "coordinates": [ -90.050308227999949, 29.969139099000074 ] } },
{ "type": "Feature", "properties": { "OBJECTID": 91586, "id": "NEWORLEANS_2011_20222021C-40229-21", "x": -90.080268859863281, "y": 29.977882385253906, "robbery": 1 }, "geometry": { "type": "Point", "coordinates": [ -90.08026886, 29.977882385000044 ] } },
{ "type": "Feature", "properties": { "OBJECTID": 91587, "id": "NEWORLEANS_2011_20222021D-00051-21", "x": -90.091545104980469, "y": 29.928310394287109, "robbery": 1 }, "geometry": { "type": "Point", "coordinates": [ -90.091545104999966, 29.92831039400005 ] } },
{ "type": "Feature", "properties": { "OBJECTID": 91588, "id": "NEWORLEANS_2011_20222021D-00327-21", "x": -90.016006469726562, "y": 30.028816223144531, "robbery": 1 }, "geometry": { "type": "Point", "coordinates": [ -90.016006469999979, 30.028816223000035 ] } },
{ "type": "Feature", "properties": { "OBJECTID": 91589, "id": "NEWORLEANS_2011_20222021D-00873-21", "x": -90.100639343261719, "y": 29.955270767211914, "robbery": 1 }, "geometry": { "type": "Point", "coordinates": [ -90.100639342999955, 29.955270767000059 ] } },
{ "type": "Feature", "properties": { "OBJECTID": 91590, "id": "NEWORLEANS_2011_20222021D-01378-21", "x": -90.018150329589844, "y": 29.909828186035156, "robbery": 1 }, "geometry": { "type": "Point", "coordinates": [ -90.018150329999969, 29.909828186000027 ] } },
{ "type": "Feature", "properties": { "OBJECTID": 91591, "id": "NEWORLEANS_2011_20222021D-03489-21", "x": -90.093643188476562, "y": 29.943315505981445, "robbery": 1 }, "geometry": { "type": "Point", "coordinates": [ -90.093643187999987, 29.943315506000033 ] } },
{ "type": "Feature", "properties": { "OBJECTID": 91592, "id": "NEWORLEANS_2011_20222021D-04029-21", "x": -90.069786071777344, "y": 29.966787338256836, "robbery": 1 }, "geometry": { "type": "Point", "coordinates": [ -90.069786071999943, 29.966787338000074 ] } },
{ "type": "Feature", "properties": { "OBJECTID": 91593, "id": "NEWORLEANS_2011_20222021D-04074-21", "x": -90.088630676269531, "y": 29.941394805908203, "robbery": 1 }, "geometry": { "type": "Point", "coordinates": [ -90.08863067599998, 29.941394806000062 ] } },
{ "type": "Feature", "properties": { "OBJECTID": 91594, "id": "NEWORLEANS_2011_20222021D-05104-21", "x": -90.100776672363281, "y": 29.926937103271484, "robbery": 1 }, "geometry": { "type": "Point", "coordinates": [ -90.100776671999938, 29.926937103000057 ] } },
{ "type": "Feature", "properties": { "OBJECTID": 91595, "id": "NEWORLEANS_2011_20222021D-05340-21", "x": -90.080131530761719, "y": 29.93425178527832, "robbery": 1 }, "geometry": { "type": "Point", "coordinates": [ -90.08013153099995, 29.934251785000072 ] } },
{ "type": "Feature", "properties": { "OBJECTID": 91596, "id": "NEWORLEANS_2011_20222021D-05681-21", "x": -90.040672302246094, "y": 29.979166030883789, "robbery": 1 }, "geometry": { "type": "Point", "coordinates": [ -90.040672301999962, 29.979166031000034 ] } },
{ "type": "Feature", "properties": { "OBJECTID": 91597, "id": "NEWORLEANS_2011_20222021D-05844-21", "x": -90.103294372558594, "y": 29.97784423828125, "robbery": 1 }, "geometry": { "type": "Point", "coordinates": [ -90.103294372999983, 29.977844238000046 ] } },
{ "type": "Feature", "properties": { "OBJECTID": 91598, "id": "NEWORLEANS_2011_20222021D-06068-21", "x": -90.08465576171875, "y": 29.925010681152344, "robbery": 1 }, "geometry": { "type": "Point", "coordinates": [ -90.084655761999954, 29.92501068100006 ] } },
{ "type": "Feature", "properties": { "OBJECTID": 91599, "id": "NEWORLEANS_2011_20222021D-06204-21", "x": -90.02203369140625, "y": 30.019092559814453, "robbery": 1 }, "geometry": { "type": "Point", "coordinates": [ -90.022033691, 30.019092560000047 ] } },
{ "type": "Feature", "properties": { "OBJECTID": 91600, "id": "NEWORLEANS_2011_20222021D-06409-21", "x": -90.034286499023438, "y": 29.96192741394043, "robbery": 1 }, "geometry": { "type": "Point", "coordinates": [ -90.034286498999961, 29.961927414000058 ] } },
{ "type": "Feature", "properties": { "OBJECTID": 91601, "id": "NEWORLEANS_2011_20222021D-08522-21", "x": -90.067543029785156, "y": 29.970104217529297, "robbery": 1 }, "geometry": { "type": "Point", "coordinates": [ -90.067543029999968, 29.970104218000074 ] } },
{ "type": "Feature", "properties": { "OBJECTID": 91602, "id": "NEWORLEANS_2011_20222021D-08712-21", "x": -90.113632202148438, "y": 29.94482421875, "robbery": 1 }, "geometry": { "type": "Point", "coordinates": [ -90.113632201999962, 29.944824219000054 ] } },
{ "type": "Feature", "properties": { "OBJECTID": 91603, "id": "NEWORLEANS_2011_20222021D-08727-21", "x": -90.085098266601562, "y": 29.963830947875977, "robbery": 1 }, "geometry": { "type": "Point", "coordinates": [ -90.085098266999978, 29.963830948000066 ] } },
{ "type": "Feature", "properties": { "OBJECTID": 91604, "id": "NEWORLEANS_2011_20222021D-09149-21", "x": -90.107826232910156, "y": 29.979223251342773, "robbery": 1 }, "geometry": { "type": "Point", "coordinates": [ -90.107826232999969, 29.979223251000064 ] } },
{ "type": "Feature", "properties": { "OBJECTID": 91605, "id": "NEWORLEANS_2011_20222021D-09207-21", "x": -90.041389465332031, "y": 30.003240585327148, "robbery": 1 }, "geometry": { "type": "Point", "coordinates": [ -90.041389464999952, 30.003240585000071 ] } },
{ "type": "Feature", "properties": { "OBJECTID": 91606, "id": "NEWORLEANS_2011_20222021D-09266-21", "x": -90.041740417480469, "y": 30.003410339355469, "robbery": 1 }, "geometry": { "type": "Point", "coordinates": [ -90.041740416999971, 30.003410339000027 ] } },
{ "type": "Feature", "properties": { "OBJECTID": 91607, "id": "NEWORLEANS_2011_20222021D-09941-21", "x": -90.024093627929688, "y": 30.025411605834961, "robbery": 1 }, "geometry": { "type": "Point", "coordinates": [ -90.024093627999946, 30.025411606000034 ] } },
{ "type": "Feature", "properties": { "OBJECTID": 91608, "id": "NEWORLEANS_2011_20222021D-10356-21", "x": -90.108314514160156, "y": 29.973962783813477, "robbery": 1 }, "geometry": { "type": "Point", "coordinates": [ -90.108314513999971, 29.973962784000037 ] } },
{ "type": "Feature", "properties": { "OBJECTID": 91609, "id": "NEWORLEANS_2011_20222021D-10404-21", "x": -90.10540771484375, "y": 29.934053421020508, "robbery": 1 }, "geometry": { "type": "Point", "coordinates": [ -90.105407714999956, 29.934053421000044 ] } },
{ "type": "Feature", "properties": { "OBJECTID": 91610, "id": "NEWORLEANS_2011_20222021D-10654-21", "x": -90.023941040039062, "y": 29.961774826049805, "robbery": 1 }, "geometry": { "type": "Point", "coordinates": [ -90.023941039999954, 29.961774826000067 ] } },
{ "type": "Feature", "properties": { "OBJECTID": 91611, "id": "NEWORLEANS_2011_20222021D-10968-21", "x": -89.979087829589844, "y": 30.041444778442383, "robbery": 1 }, "geometry": { "type": "Point", "coordinates": [ -89.979087829999969, 30.041444778000027 ] } },
{ "type": "Feature", "properties": { "OBJECTID": 91612, "id": "NEWORLEANS_2011_20222021D-12033-21", "x": -90.078361511230469, "y": 29.971414566040039, "robbery": 1 }, "geometry": { "type": "Point", "coordinates": [ -90.078361510999969, 29.971414566000078 ] } },
{ "type": "Feature", "properties": { "OBJECTID": 91613, "id": "NEWORLEANS_2011_20222021D-13366-21", "x": -90.017898559570312, "y": 30.010395050048828, "robbery": 1 }, "geometry": { "type": "Point", "coordinates": [ -90.017898559999935, 30.010395050000056 ] } },
{ "type": "Feature", "properties": { "OBJECTID": 91614, "id": "NEWORLEANS_2011_20222021D-13395-21", "x": -89.992401123046875, "y": 30.027959823608398, "robbery": 1 }, "geometry": { "type": "Point", "coordinates": [ -89.992401122999979, 30.02795982400005 ] } },
{ "type": "Feature", "properties": { "OBJECTID": 91615, "id": "NEWORLEANS_2011_20222021D-14092-21", "x": -90.0390625, "y": 29.971824645996094, "robbery": 1 }, "geometry": { "type": "Point", "coordinates": [ -90.039062499999943, 29.971824646000073 ] } },
{ "type": "Feature", "properties": { "OBJECTID": 91616, "id": "NEWORLEANS_2011_20222021D-14164-21", "x": -90.019248962402344, "y": 30.028247833251953, "robbery": 1 }, "geometry": { "type": "Point", "coordinates": [ -90.019248961999949, 30.028247833000023 ] } },
{ "type": "Feature", "properties": { "OBJECTID": 91617, "id": "NEWORLEANS_2011_20222021D-14407-21", "x": -90.005073547363281, "y": 30.016857147216797, "robbery": 1 }, "geometry": { "type": "Point", "coordinates": [ -90.005073546999938, 30.016857147000053 ] } },
{ "type": "Feature", "properties": { "OBJECTID": 91618, "id": "NEWORLEANS_2011_20222021D-15112-21", "x": -90.020942687988281, "y": 30.010007858276367, "robbery": 1 }, "geometry": { "type": "Point", "coordinates": [ -90.020942688, 30.010007858000051 ] } },
{ "type": "Feature", "properties": { "OBJECTID": 91619, "id": "NEWORLEANS_2011_20222021D-15733-21", "x": -90.068267822265625, "y": 29.955615997314453, "robbery": 1 }, "geometry": { "type": "Point", "coordinates": [ -90.068267821999939, 29.955615997000052 ] } },
{ "type": "Feature", "properties": { "OBJECTID": 91620, "id": "NEWORLEANS_2011_20222021D-15827-21", "x": -89.99102783203125, "y": 29.922355651855469, "robbery": 1 }, "geometry": { "type": "Point", "coordinates": [ -89.991027831999986, 29.922355652000078 ] } },
{ "type": "Feature", "properties": { "OBJECTID": 91621, "id": "NEWORLEANS_2011_20222021D-16118-21", "x": -90.088836669921875, "y": 29.931705474853516, "robbery": 1 }, "geometry": { "type": "Point", "coordinates": [ -90.088836669999978, 29.931705475000058 ] } },
{ "type": "Feature", "properties": { "OBJECTID": 91622, "id": "NEWORLEANS_2011_20222021D-17142-21", "x": -90.073760986328125, "y": 29.942020416259766, "robbery": 1 }, "geometry": { "type": "Point", "coordinates": [ -90.073760985999968, 29.942020416000048 ] } },
{ "type": "Feature", "properties": { "OBJECTID": 91623, "id": "NEWORLEANS_2011_20222021D-18315-21", "x": -90.056427001953125, "y": 30.0086669921875, "robbery": 1 }, "geometry": { "type": "Point", "coordinates": [ -90.056427001999964, 30.00866699200003 ] } },
{ "type": "Feature", "properties": { "OBJECTID": 91624, "id": "NEWORLEANS_2011_20222021D-18878-21", "x": -90.058265686035156, "y": 29.989656448364258, "robbery": 1 }, "geometry": { "type": "Point", "coordinates": [ -90.05826568599997, 29.989656448000062 ] } },
{ "type": "Feature", "properties": { "OBJECTID": 91625, "id": "NEWORLEANS_2011_20222021D-18893-21", "x": -90.054069519042969, "y": 29.978900909423828, "robbery": 1 }, "geometry": { "type": "Point", "coordinates": [ -90.054069518999938, 29.97890090900006 ] } },
{ "type": "Feature", "properties": { "OBJECTID": 91626, "id": "NEWORLEANS_2011_20222021D-18897-21", "x": -90.074134826660156, "y": 29.965824127197266, "robbery": 1 }, "geometry": { "type": "Point", "coordinates": [ -90.074134826999966, 29.965824127000076 ] } },
{ "type": "Feature", "properties": { "OBJECTID": 91627, "id": "NEWORLEANS_2011_20222021D-19434-21", "x": -90.114540100097656, "y": 29.961690902709961, "robbery": 1 }, "geometry": { "type": "Point", "coordinates": [ -90.114540099999942, 29.961690903000033 ] } },
{ "type": "Feature", "properties": { "OBJECTID": 91628, "id": "NEWORLEANS_2011_20222021D-20209-21", "x": -90.036811828613281, "y": 30.006118774414062, "robbery": 1 }, "geometry": { "type": "Point", "coordinates": [ -90.036811828999987, 30.006118774000072 ] } },
{ "type": "Feature", "properties": { "OBJECTID": 91629, "id": "NEWORLEANS_2011_20222021D-20217-21", "x": -90.059898376464844, "y": 29.999183654785156, "robbery": 1 }, "geometry": { "type": "Point", "coordinates": [ -90.059898375999978, 29.999183655000024 ] } },
{ "type": "Feature", "properties": { "OBJECTID": 91630, "id": "NEWORLEANS_2011_20222021D-20230-21", "x": -90.01080322265625, "y": 30.010890960693359, "robbery": 1 }, "geometry": { "type": "Point", "coordinates": [ -90.010803222999982, 30.01089096100003 ] } },
{ "type": "Feature", "properties": { "OBJECTID": 91631, "id": "NEWORLEANS_2011_20222021D-20242-21", "x": -90.082023620605469, "y": 29.978763580322266, "robbery": 1 }, "geometry": { "type": "Point", "coordinates": [ -90.082023620999962, 29.978763580000077 ] } },
{ "type": "Feature", "properties": { "OBJECTID": 91632, "id": "NEWORLEANS_2011_20222021D-21616-21", "x": -90.086395263671875, "y": 29.924097061157227, "robbery": 1 }, "geometry": { "type": "Point", "coordinates": [ -90.086395263999975, 29.924097061000055 ] } },
{ "type": "Feature", "properties": { "OBJECTID": 91633, "id": "NEWORLEANS_2011_20222021D-21957-21", "x": -90.085906982421875, "y": 29.924373626708984, "robbery": 1 }, "geometry": { "type": "Point", "coordinates": [ -90.085906981999983, 29.92437362700008 ] } },
{ "type": "Feature", "properties": { "OBJECTID": 91634, "id": "NEWORLEANS_2011_20222021D-22099-21", "x": -90.019271850585938, "y": 30.028293609619141, "robbery": 1 }, "geometry": { "type": "Point", "coordinates": [ -90.019271850999985, 30.028293610000048 ] } },
{ "type": "Feature", "properties": { "OBJECTID": 91635, "id": "NEWORLEANS_2011_20222021D-22436-21", "x": -90.041641235351562, "y": 29.967254638671875, "robbery": 1 }, "geometry": { "type": "Point", "coordinates": [ -90.041641234999986, 29.967254639000032 ] } },
{ "type": "Feature", "properties": { "OBJECTID": 91636, "id": "NEWORLEANS_2011_20222021D-24202-21", "x": -90.091285705566406, "y": 29.971189498901367, "robbery": 1 }, "geometry": { "type": "Point", "coordinates": [ -90.091285705999951, 29.971189499000047 ] } },
{ "type": "Feature", "properties": { "OBJECTID": 91637, "id": "NEWORLEANS_2011_20222021D-24273-21", "x": -90.075302124023438, "y": 29.977983474731445, "robbery": 1 }, "geometry": { "type": "Point", "coordinates": [ -90.075302123999961, 29.97798347500003 ] } },
{ "type": "Feature", "properties": { "OBJECTID": 91638, "id": "NEWORLEANS_2011_20222021D-24283-21", "x": -90.082748413085938, "y": 29.926473617553711, "robbery": 1 }, "geometry": { "type": "Point", "coordinates": [ -90.082748413, 29.926473618000045 ] } },
{ "type": "Feature", "properties": { "OBJECTID": 91639, "id": "NEWORLEANS_2011_20222021D-25181-21", "x": -90.001022338867188, "y": 30.01194953918457, "robbery": 1 }, "geometry": { "type": "Point", "coordinates": [ -90.001022338999974, 30.011949539000057 ] } },
{ "type": "Feature", "properties": { "OBJECTID": 91640, "id": "NEWORLEANS_2011_20222021D-25469-21", "x": -90.123336791992188, "y": 29.934761047363281, "robbery": 1 }, "geometry": { "type": "Point", "coordinates": [ -90.123336791999975, 29.934761047000052 ] } },
{ "type": "Feature", "properties": { "OBJECTID": 91641, "id": "NEWORLEANS_2011_20222021D-25587-21", "x": -90.1143798828125, "y": 29.974672317504883, "robbery": 1 }, "geometry": { "type": "Point", "coordinates": [ -90.11437988299997, 29.974672318000046 ] } },
{ "type": "Feature", "properties": { "OBJECTID": 91642, "id": "NEWORLEANS_2011_20222021D-25703-21", "x": -89.998001098632812, "y": 30.029415130615234, "robbery": 1 }, "geometry": { "type": "Point", "coordinates": [ -89.998001098999964, 30.029415131000064 ] } },
{ "type": "Feature", "properties": { "OBJECTID": 91643, "id": "NEWORLEANS_2011_20222021D-26011-21", "x": -90.120979309082031, "y": 29.971923828125, "robbery": 1 }, "geometry": { "type": "Point", "coordinates": [ -90.120979308999949, 29.971923828000058 ] } },
{ "type": "Feature", "properties": { "OBJECTID": 91644, "id": "NEWORLEANS_2011_20222021D-27787-21", "x": -90.082191467285156, "y": 29.956472396850586, "robbery": 1 }, "geometry": { "type": "Point", "coordinates": [ -90.082191466999973, 29.956472397000027 ] } },
{ "type": "Feature", "properties": { "OBJECTID": 91645, "id": "NEWORLEANS_2011_20222021D-27907-21", "x": -90.097579956054688, "y": 29.946554183959961, "robbery": 1 }, "geometry": { "type": "Point", "coordinates": [ -90.097579955999947, 29.946554184000036 ] } },
{ "type": "Feature", "properties": { "OBJECTID": 91646, "id": "NEWORLEANS_2011_20222021D-28600-21", "x": -90.063507080078125, "y": 29.979019165039062, "robbery": 1 }, "geometry": { "type": "Point", "coordinates": [ -90.063507079999965, 29.979019165000068 ] } },
{ "type": "Feature", "properties": { "OBJECTID": 91647, "id": "NEWORLEANS_2011_20222021D-29898-21", "x": -90.064682006835938, "y": 29.97825813293457, "robbery": 1 }, "geometry": { "type": "Point", "coordinates": [ -90.064682006999988, 29.978258133000054 ] } },
{ "type": "Feature", "properties": { "OBJECTID": 91648, "id": "NEWORLEANS_2011_20222021D-30392-21", "x": -90.035919189453125, "y": 30.005355834960938, "robbery": 1 }, "geometry": { "type": "Point", "coordinates": [ -90.035919188999969, 30.005355835000046 ] } },
{ "type": "Feature", "properties": { "OBJECTID": 91649, "id": "NEWORLEANS_2011_20222021D-31465-21", "x": -90.067863464355469, "y": 29.953836441040039, "robbery": 1 }, "geometry": { "type": "Point", "coordinates": [ -90.06786346399997, 29.953836441000078 ] } },
{ "type": "Feature", "properties": { "OBJECTID": 91650, "id": "NEWORLEANS_2011_20222021D-32733-21", "x": -90.058303833007812, "y": 29.99018669128418, "robbery": 1 }, "geometry": { "type": "Point", "coordinates": [ -90.058303832999968, 29.990186691000076 ] } },
{ "type": "Feature", "properties": { "OBJECTID": 91651, "id": "NEWORLEANS_2011_20222021D-34108-21", "x": -90.021133422851562, "y": 30.009204864501953, "robbery": 1 }, "geometry": { "type": "Point", "coordinates": [ -90.021133422999981, 30.009204865000072 ] } },
{ "type": "Feature", "properties": { "OBJECTID": 91652, "id": "NEWORLEANS_2011_20222021D-34134-21", "x": -89.986793518066406, "y": 30.04566764831543, "robbery": 1 }, "geometry": { "type": "Point", "coordinates": [ -89.986793517999956, 30.045667648000062 ] } },
{ "type": "Feature", "properties": { "OBJECTID": 91653, "id": "NEWORLEANS_2011_20222021D-35181-21", "x": -90.076179504394531, "y": 29.973548889160156, "robbery": 1 }, "geometry": { "type": "Point", "coordinates": [ -90.076179503999981, 29.973548889000028 ] } },
{ "type": "Feature", "properties": { "OBJECTID": 91654, "id": "NEWORLEANS_2011_20222021D-35740-21", "x": -90.059883117675781, "y": 29.968404769897461, "robbery": 1 }, "geometry": { "type": "Point", "coordinates": [ -90.059883117999959, 29.968404770000063 ] } },
{ "type": "Feature", "properties": { "OBJECTID": 91655, "id": "NEWORLEANS_2011_20222021D-36262-21", "x": -90.075347900390625, "y": 29.953912734985352, "robbery": 1 }, "geometry": { "type": "Point", "coordinates": [ -90.07534789999994, 29.953912735000074 ] } },
{ "type": "Feature", "properties": { "OBJECTID": 91656, "id": "NEWORLEANS_2011_20222021D-37750-21", "x": -90.069908142089844, "y": 29.953954696655273, "robbery": 1 }, "geometry": { "type": "Point", "coordinates": [ -90.069908141999974, 29.953954697000029 ] } },
{ "type": "Feature", "properties": { "OBJECTID": 91657, "id": "NEWORLEANS_2011_20222021D-38401-21", "x": -90.0177001953125, "y": 30.017194747924805, "robbery": 1 }, "geometry": { "type": "Point", "coordinates": [ -90.017700194999975, 30.017194748000065 ] } },
{ "type": "Feature", "properties": { "OBJECTID": 91658, "id": "NEWORLEANS_2011_20222021D-39638-21", "x": -90.076728820800781, "y": 29.977518081665039, "robbery": 1 }, "geometry": { "type": "Point", "coordinates": [ -90.076728820999961, 29.977518082000074 ] } },
{ "type": "Feature", "properties": { "OBJECTID": 91659, "id": "NEWORLEANS_2011_20222021D-39831-21", "x": -90.0555419921875, "y": 29.968818664550781, "robbery": 1 }, "geometry": { "type": "Point", "coordinates": [ -90.055541991999974, 29.968818665000072 ] } },
{ "type": "Feature", "properties": { "OBJECTID": 91660, "id": "NEWORLEANS_2011_20222021E-00103-21", "x": -90.038398742675781, "y": 30.006650924682617, "robbery": 1 }, "geometry": { "type": "Point", "coordinates": [ -90.038398742999959, 30.006650925000031 ] } },
{ "type": "Feature", "properties": { "OBJECTID": 91661, "id": "NEWORLEANS_2011_20222021E-00134-21", "x": -90.060409545898438, "y": 29.968317031860352, "robbery": 1 }, "geometry": { "type": "Point", "coordinates": [ -90.06040954599996, 29.968317032000073 ] } },
{ "type": "Feature", "properties": { "OBJECTID": 91662, "id": "NEWORLEANS_2011_20222021E-00206-21", "x": -89.913185119628906, "y": 30.035703659057617, "robbery": 1 }, "geometry": { "type": "Point", "coordinates": [ -89.91318511999998, 30.035703659000035 ] } },
{ "type": "Feature", "properties": { "OBJECTID": 91663, "id": "NEWORLEANS_2011_20222021E-00958-21", "x": -90.1031494140625, "y": 29.925271987915039, "robbery": 1 }, "geometry": { "type": "Point", "coordinates": [ -90.103149413999972, 29.925271988000077 ] } },
{ "type": "Feature", "properties": { "OBJECTID": 91664, "id": "NEWORLEANS_2011_20222021E-01258-21", "x": -90.089164733886719, "y": 29.961015701293945, "robbery": 1 }, "geometry": { "type": "Point", "coordinates": [ -90.089164733999951, 29.961015701000065 ] } },
{ "type": "Feature", "properties": { "OBJECTID": 91665, "id": "NEWORLEANS_2011_20222021E-01372-21", "x": -89.985893249511719, "y": 30.018804550170898, "robbery": 1 }, "geometry": { "type": "Point", "coordinates": [ -89.985893249999947, 30.018804550000027 ] } },
{ "type": "Feature", "properties": { "OBJECTID": 91666, "id": "NEWORLEANS_2011_20222021E-01491-21", "x": -90.097419738769531, "y": 29.972173690795898, "robbery": 1 }, "geometry": { "type": "Point", "coordinates": [ -90.097419738999974, 29.972173691000023 ] } },
{ "type": "Feature", "properties": { "OBJECTID": 91667, "id": "NEWORLEANS_2011_20222021E-02437-21", "x": -90.083259582519531, "y": 29.920806884765625, "robbery": 1 }, "geometry": { "type": "Point", "coordinates": [ -90.083259582999972, 29.920806885000047 ] } },
{ "type": "Feature", "properties": { "OBJECTID": 91668, "id": "NEWORLEANS_2011_20222021E-03033-21", "x": -89.915374755859375, "y": 30.038702011108398, "robbery": 1 }, "geometry": { "type": "Point", "coordinates": [ -89.915374755999949, 30.038702011000055 ] } },
{ "type": "Feature", "properties": { "OBJECTID": 91669, "id": "NEWORLEANS_2011_20222021E-04309-21", "x": -89.928352355957031, "y": 30.034551620483398, "robbery": 1 }, "geometry": { "type": "Point", "coordinates": [ -89.928352355999948, 30.034551620000059 ] } },
{ "type": "Feature", "properties": { "OBJECTID": 91670, "id": "NEWORLEANS_2011_20222021E-05118-21", "x": -89.964385986328125, "y": 30.047174453735352, "robbery": 1 }, "geometry": { "type": "Point", "coordinates": [ -89.964385985999968, 30.047174454000071 ] } },
{ "type": "Feature", "properties": { "OBJECTID": 91671, "id": "NEWORLEANS_2011_20222021E-06952-21", "x": -90.047920227050781, "y": 30.002904891967773, "robbery": 1 }, "geometry": { "type": "Point", "coordinates": [ -90.047920226999963, 30.00290489200006 ] } },
{ "type": "Feature", "properties": { "OBJECTID": 91672, "id": "NEWORLEANS_2011_20222021E-07893-21", "x": -89.99273681640625, "y": 30.028608322143555, "robbery": 1 }, "geometry": { "type": "Point", "coordinates": [ -89.992736816, 30.028608322000025 ] } },
{ "type": "Feature", "properties": { "OBJECTID": 91673, "id": "NEWORLEANS_2011_20222021E-07897-21", "x": -90.067474365234375, "y": 30.020597457885742, "robbery": 1 }, "geometry": { "type": "Point", "coordinates": [ -90.067474364999953, 30.020597458000054 ] } },
{ "type": "Feature", "properties": { "OBJECTID": 91674, "id": "NEWORLEANS_2011_20222021E-08109-21", "x": -90.090385437011719, "y": 29.936763763427734, "robbery": 1 }, "geometry": { "type": "Point", "coordinates": [ -90.090385436999952, 29.936763763000044 ] } },
{ "type": "Feature", "properties": { "OBJECTID": 91675, "id": "NEWORLEANS_2011_20222021E-08545-21", "x": -90.047149658203125, "y": 29.985485076904297, "robbery": 1 }, "geometry": { "type": "Point", "coordinates": [ -90.047149657999967, 29.985485077000078 ] } },
{ "type": "Feature", "properties": { "OBJECTID": 91676, "id": "NEWORLEANS_2011_20222021E-09032-21", "x": -90.074958801269531, "y": 29.976522445678711, "robbery": 1 }, "geometry": { "type": "Point", "coordinates": [ -90.07495880099998, 29.976522446000047 ] } },
{ "type": "Feature", "properties": { "OBJECTID": 91677, "id": "NEWORLEANS_2011_20222021E-09126-21", "x": -90.0771484375, "y": 29.969034194946289, "robbery": 1 }, "geometry": { "type": "Point", "coordinates": [ -90.077148437999938, 29.969034195000063 ] } },
{ "type": "Feature", "properties": { "OBJECTID": 91678, "id": "NEWORLEANS_2011_20222021E-09307-21", "x": -90.022743225097656, "y": 29.922201156616211, "robbery": 1 }, "geometry": { "type": "Point", "coordinates": [ -90.022743224999942, 29.922201157000075 ] } },
{ "type": "Feature", "properties": { "OBJECTID": 91679, "id": "NEWORLEANS_2011_20222021E-10343-21", "x": -90.04400634765625, "y": 29.967479705810547, "robbery": 1 }, "geometry": { "type": "Point", "coordinates": [ -90.044006347999982, 29.967479706000063 ] } },
{ "type": "Feature", "properties": { "OBJECTID": 91680, "id": "NEWORLEANS_2011_20222021E-11659-21", "x": -90.015708923339844, "y": 30.027179718017578, "robbery": 1 }, "geometry": { "type": "Point", "coordinates": [ -90.015708922999977, 30.02717971800007 ] } },
{ "type": "Feature", "properties": { "OBJECTID": 91681, "id": "NEWORLEANS_2011_20222021E-11794-21", "x": -90.014846801757812, "y": 30.035106658935547, "robbery": 1 }, "geometry": { "type": "Point", "coordinates": [ -90.014846801999965, 30.035106659000064 ] } },
{ "type": "Feature", "properties": { "OBJECTID": 91682, "id": "NEWORLEANS_2011_20222021E-12435-21", "x": -90.130279541015625, "y": 29.947677612304688, "robbery": 1 }, "geometry": { "type": "Point", "coordinates": [ -90.130279540999936, 29.947677612000064 ] } },
{ "type": "Feature", "properties": { "OBJECTID": 91683, "id": "NEWORLEANS_2011_20222021E-12785-21", "x": -90.075492858886719, "y": 30.028606414794922, "robbery": 1 }, "geometry": { "type": "Point", "coordinates": [ -90.075492858999951, 30.02860641500007 ] } },
{ "type": "Feature", "properties": { "OBJECTID": 91684, "id": "NEWORLEANS_2011_20222021E-12999-21", "x": -90.048812866210938, "y": 29.974115371704102, "robbery": 1 }, "geometry": { "type": "Point", "coordinates": [ -90.048812865999935, 29.974115372000028 ] } },
{ "type": "Feature", "properties": { "OBJECTID": 91685, "id": "NEWORLEANS_2011_20222021E-13990-21", "x": -90.01068115234375, "y": 30.011114120483398, "robbery": 1 }, "geometry": { "type": "Point", "coordinates": [ -90.010681151999961, 30.011114120000059 ] } },
{ "type": "Feature", "properties": { "OBJECTID": 91686, "id": "NEWORLEANS_2011_20222021E-14607-21", "x": -90.065788269042969, "y": 29.941835403442383, "robbery": 1 }, "geometry": { "type": "Point", "coordinates": [ -90.065788268999938, 29.941835403000027 ] } },
{ "type": "Feature", "properties": { "OBJECTID": 91687, "id": "NEWORLEANS_2011_20222021E-15533-21", "x": -90.090461730957031, "y": 29.947359085083008, "robbery": 1 }, "geometry": { "type": "Point", "coordinates": [ -90.090461730999948, 29.947359085000073 ] } },
{ "type": "Feature", "properties": { "OBJECTID": 91688, "id": "NEWORLEANS_2011_20222021E-15893-21", "x": -90.095222473144531, "y": 29.925844192504883, "robbery": 1 }, "geometry": { "type": "Point", "coordinates": [ -90.095222472999978, 29.925844193000046 ] } },
{ "type": "Feature", "properties": { "OBJECTID": 91689, "id": "NEWORLEANS_2011_20222021E-16508-21", "x": -90.06878662109375, "y": 29.955215454101562, "robbery": 1 }, "geometry": { "type": "Point", "coordinates": [ -90.068786620999958, 29.95521545400004 ] } },
{ "type": "Feature", "properties": { "OBJECTID": 91690, "id": "NEWORLEANS_2011_20222021E-17251-21", "x": -90.073783874511719, "y": 29.995979309082031, "robbery": 1 }, "geometry": { "type": "Point", "coordinates": [ -90.073783874999947, 29.995979309000063 ] } },
{ "type": "Feature", "properties": { "OBJECTID": 91691, "id": "NEWORLEANS_2011_20222021E-19320-21", "x": -90.038154602050781, "y": 29.939598083496094, "robbery": 1 }, "geometry": { "type": "Point", "coordinates": [ -90.038154601999963, 29.939598083000078 ] } },
{ "type": "Feature", "properties": { "OBJECTID": 91692, "id": "NEWORLEANS_2011_20222021E-19623-21", "x": -90.069679260253906, "y": 29.939697265625, "robbery": 1 }, "geometry": { "type": "Point", "coordinates": [ -90.069679259999987, 29.939697266000053 ] } },
{ "type": "Feature", "properties": { "OBJECTID": 91693, "id": "NEWORLEANS_2011_20222021E-19976-21", "x": -90.030372619628906, "y": 29.943553924560547, "robbery": 1 }, "geometry": { "type": "Point", "coordinates": [ -90.03037261999998, 29.94355392500006 ] } },
{ "type": "Feature", "properties": { "OBJECTID": 91694, "id": "NEWORLEANS_2011_20222021E-20801-21", "x": -90.129570007324219, "y": 29.940517425537109, "robbery": 1 }, "geometry": { "type": "Point", "coordinates": [ -90.129570006999984, 29.940517426000042 ] } },
{ "type": "Feature", "properties": { "OBJECTID": 91695, "id": "NEWORLEANS_2011_20222021E-21131-21", "x": -90.070327758789062, "y": 29.945827484130859, "robbery": 1 }, "geometry": { "type": "Point", "coordinates": [ -90.070327758999952, 29.945827484000063 ] } },
{ "type": "Feature", "properties": { "OBJECTID": 91696, "id": "NEWORLEANS_2011_20222021E-21442-21", "x": -90.060134887695312, "y": 29.959651947021484, "robbery": 1 }, "geometry": { "type": "Point", "coordinates": [ -90.060134887999936, 29.959651947000054 ] } },
{ "type": "Feature", "properties": { "OBJECTID": 91697, "id": "NEWORLEANS_2011_20222021E-22042-21", "x": -90.067543029785156, "y": 29.952360153198242, "robbery": 1 }, "geometry": { "type": "Point", "coordinates": [ -90.067543029999968, 29.952360153000029 ] } },
{ "type": "Feature", "properties": { "OBJECTID": 91698, "id": "NEWORLEANS_2011_20222021E-22131-21", "x": -89.972381591796875, "y": 30.019308090209961, "robbery": 1 }, "geometry": { "type": "Point", "coordinates": [ -89.972381591999977, 30.019308090000038 ] } },
{ "type": "Feature", "properties": { "OBJECTID": 91699, "id": "NEWORLEANS_2011_20222021E-22255-21", "x": -90.0870361328125, "y": 29.975944519042969, "robbery": 1 }, "geometry": { "type": "Point", "coordinates": [ -90.08703613299997, 29.975944519000052 ] } },
{ "type": "Feature", "properties": { "OBJECTID": 91700, "id": "NEWORLEANS_2011_20222021E-22454-21", "x": -89.988433837890625, "y": 30.033145904541016, "robbery": 1 }, "geometry": { "type": "Point", "coordinates": [ -89.988433837999935, 30.033145905000026 ] } },
{ "type": "Feature", "properties": { "OBJECTID": 91701, "id": "NEWORLEANS_2011_20222021E-25723-21", "x": -90.066726684570312, "y": 29.933090209960938, "robbery": 1 }, "geometry": { "type": "Point", "coordinates": [ -90.066726684999935, 29.933090210000046 ] } },
{ "type": "Feature", "properties": { "OBJECTID": 91702, "id": "NEWORLEANS_2011_20222021E-25956-21", "x": -90.063316345214844, "y": 29.956457138061523, "robbery": 1 }, "geometry": { "type": "Point", "coordinates": [ -90.063316344999976, 29.956457138000076 ] } },
{ "type": "Feature", "properties": { "OBJECTID": 91703, "id": "NEWORLEANS_2011_20222021E-27127-21", "x": -90.082176208496094, "y": 29.933208465576172, "robbery": 1 }, "geometry": { "type": "Point", "coordinates": [ -90.082176207999964, 29.933208466000053 ] } },
{ "type": "Feature", "properties": { "OBJECTID": 91704, "id": "NEWORLEANS_2011_20222021E-27453-21", "x": -90.011062622070312, "y": 30.037868499755859, "robbery": 1 }, "geometry": { "type": "Point", "coordinates": [ -90.01106262199994, 30.037868500000059 ] } },
{ "type": "Feature", "properties": { "OBJECTID": 91705, "id": "NEWORLEANS_2011_20222021E-28037-21", "x": -90.022529602050781, "y": 29.922378540039062, "robbery": 1 }, "geometry": { "type": "Point", "coordinates": [ -90.022529601999963, 29.922378540000068 ] } },
{ "type": "Feature", "properties": { "OBJECTID": 91706, "id": "NEWORLEANS_2011_20222021E-28635-21", "x": -90.102210998535156, "y": 29.9298095703125, "robbery": 1 }, "geometry": { "type": "Point", "coordinates": [ -90.102210998999965, 29.929809570000032 ] } },
{ "type": "Feature", "properties": { "OBJECTID": 91707, "id": "NEWORLEANS_2011_20222021E-28818-21", "x": -90.065902709960938, "y": 29.959512710571289, "robbery": 1 }, "geometry": { "type": "Point", "coordinates": [ -90.065902709999989, 29.959512711000059 ] } },
{ "type": "Feature", "properties": { "OBJECTID": 91708, "id": "NEWORLEANS_2011_20222021E-29196-21", "x": -90.022964477539062, "y": 30.022308349609375, "robbery": 1 }, "geometry": { "type": "Point", "coordinates": [ -90.022964477999949, 30.02230835000006 ] } },
{ "type": "Feature", "properties": { "OBJECTID": 91709, "id": "NEWORLEANS_2011_20222021E-29336-21", "x": -89.982582092285156, "y": 29.916604995727539, "robbery": 1 }, "geometry": { "type": "Point", "coordinates": [ -89.982582091999973, 29.916604996000046 ] } },
{ "type": "Feature", "properties": { "OBJECTID": 91710, "id": "NEWORLEANS_2011_20222021E-29989-21", "x": -90.06793212890625, "y": 29.970569610595703, "robbery": 1 }, "geometry": { "type": "Point", "coordinates": [ -90.067932128999985, 29.97056961100003 ] } },
{ "type": "Feature", "properties": { "OBJECTID": 91711, "id": "NEWORLEANS_2011_20222021E-30205-21", "x": -90.0750732421875, "y": 29.988336563110352, "robbery": 1 }, "geometry": { "type": "Point", "coordinates": [ -90.075073241999974, 29.988336563000075 ] } },
{ "type": "Feature", "properties": { "OBJECTID": 91712, "id": "NEWORLEANS_2011_20222021E-30312-21", "x": -90.06500244140625, "y": 29.962051391601562, "robbery": 1 }, "geometry": { "type": "Point", "coordinates": [ -90.065002441, 29.962051392000035 ] } },
{ "type": "Feature", "properties": { "OBJECTID": 91713, "id": "NEWORLEANS_2011_20222021E-30531-21", "x": -90.075759887695312, "y": 29.9761962890625, "robbery": 1 }, "geometry": { "type": "Point", "coordinates": [ -90.075759887999936, 29.976196289000029 ] } },
{ "type": "Feature", "properties": { "OBJECTID": 91714, "id": "NEWORLEANS_2011_20222021E-30550-21", "x": -90.064369201660156, "y": 29.966619491577148, "robbery": 1 }, "geometry": { "type": "Point", "coordinates": [ -90.064369201999966, 29.966619492000063 ] } },
{ "type": "Feature", "properties": { "OBJECTID": 91715, "id": "NEWORLEANS_2011_20222021E-31094-21", "x": -90.073745727539062, "y": 29.947925567626953, "robbery": 1 }, "geometry": { "type": "Point", "coordinates": [ -90.073745727999949, 29.947925568000073 ] } },
{ "type": "Feature", "properties": { "OBJECTID": 91716, "id": "NEWORLEANS_2011_20222021E-31125-21", "x": -90.074203491210938, "y": 29.946155548095703, "robbery": 1 }, "geometry": { "type": "Point", "coordinates": [ -90.074203490999935, 29.946155548000036 ] } },
{ "type": "Feature", "properties": { "OBJECTID": 91717, "id": "NEWORLEANS_2011_20222021E-31163-21", "x": -90.091064453125, "y": 29.929670333862305, "robbery": 1 }, "geometry": { "type": "Point", "coordinates": [ -90.091064452999944, 29.929670334000036 ] } },
{ "type": "Feature", "properties": { "OBJECTID": 91718, "id": "NEWORLEANS_2011_20222021E-31183-21", "x": -90.090721130371094, "y": 29.928377151489258, "robbery": 1 }, "geometry": { "type": "Point", "coordinates": [ -90.090721129999963, 29.928377151000063 ] } },
{ "type": "Feature", "properties": { "OBJECTID": 91719, "id": "NEWORLEANS_2011_20222021E-31288-21", "x": -90.066116333007812, "y": 29.950935363769531, "robbery": 1 }, "geometry": { "type": "Point", "coordinates": [ -90.066116332999968, 29.950935364000031 ] } },
{ "type": "Feature", "properties": { "OBJECTID": 91720, "id": "NEWORLEANS_2011_20222021E-31422-21", "x": -90.067764282226562, "y": 29.950483322143555, "robbery": 1 }, "geometry": { "type": "Point", "coordinates": [ -90.067764281999985, 29.950483322000025 ] } },
{ "type": "Feature", "properties": { "OBJECTID": 91721, "id": "NEWORLEANS_2011_20222021E-31465-21", "x": -90.060028076171875, "y": 30.01202392578125, "robbery": 1 }, "geometry": { "type": "Point", "coordinates": [ -90.060028075999981, 30.01202392600004 ] } },
{ "type": "Feature", "properties": { "OBJECTID": 91722, "id": "NEWORLEANS_2011_20222021E-32220-21", "x": -90.069503784179688, "y": 29.959514617919922, "robbery": 1 }, "geometry": { "type": "Point", "coordinates": [ -90.069503783999949, 29.959514618000071 ] } },
{ "type": "Feature", "properties": { "OBJECTID": 91723, "id": "NEWORLEANS_2011_20222021E-32394-21", "x": -90.009773254394531, "y": 30.011209487915039, "robbery": 1 }, "geometry": { "type": "Point", "coordinates": [ -90.009773253999981, 30.011209488000077 ] } },
{ "type": "Feature", "properties": { "OBJECTID": 91724, "id": "NEWORLEANS_2011_20222021E-32412-21", "x": -90.101051330566406, "y": 29.964931488037109, "robbery": 1 }, "geometry": { "type": "Point", "coordinates": [ -90.101051330999951, 29.964931488000047 ] } },
{ "type": "Feature", "properties": { "OBJECTID": 91725, "id": "NEWORLEANS_2011_20222021E-32430-21", "x": -89.939361572265625, "y": 30.043172836303711, "robbery": 1 }, "geometry": { "type": "Point", "coordinates": [ -89.939361571999939, 30.043172836000053 ] } },
{ "type": "Feature", "properties": { "OBJECTID": 91726, "id": "NEWORLEANS_2011_20222021E-32472-21", "x": -90.077041625976562, "y": 29.929500579833984, "robbery": 1 }, "geometry": { "type": "Point", "coordinates": [ -90.077041625999982, 29.929500580000024 ] } },
{ "type": "Feature", "properties": { "OBJECTID": 91727, "id": "NEWORLEANS_2011_20222021E-32507-21", "x": -90.049507141113281, "y": 30.007644653320312, "robbery": 1 }, "geometry": { "type": "Point", "coordinates": [ -90.049507140999935, 30.007644653000057 ] } },
{ "type": "Feature", "properties": { "OBJECTID": 91728, "id": "NEWORLEANS_2011_20222021E-34031-21", "x": -89.988685607910156, "y": 30.020837783813477, "robbery": 1 }, "geometry": { "type": "Point", "coordinates": [ -89.988685607999969, 30.020837784000037 ] } },
{ "type": "Feature", "properties": { "OBJECTID": 91729, "id": "NEWORLEANS_2011_20222021E-35393-21", "x": -90.105308532714844, "y": 29.957069396972656, "robbery": 1 }, "geometry": { "type": "Point", "coordinates": [ -90.10530853299997, 29.957069397000055 ] } },
{ "type": "Feature", "properties": { "OBJECTID": 91730, "id": "NEWORLEANS_2011_20222021E-35655-21", "x": -90.065811157226562, "y": 29.963239669799805, "robbery": 1 }, "geometry": { "type": "Point", "coordinates": [ -90.065811156999985, 29.963239670000064 ] } },
{ "type": "Feature", "properties": { "OBJECTID": 91731, "id": "NEWORLEANS_2011_20222021E-36324-21", "x": -90.056648254394531, "y": 29.969297409057617, "robbery": 1 }, "geometry": { "type": "Point", "coordinates": [ -90.056648253999981, 29.969297409000035 ] } },
{ "type": "Feature", "properties": { "OBJECTID": 91732, "id": "NEWORLEANS_2011_20222021E-36911-21", "x": -90.049644470214844, "y": 29.993719100952148, "robbery": 1 }, "geometry": { "type": "Point", "coordinates": [ -90.049644469999976, 29.993719101000067 ] } },
{ "type": "Feature", "properties": { "OBJECTID": 91733, "id": "NEWORLEANS_2011_20222021E-37107-21", "x": -89.954185485839844, "y": 30.059886932373047, "robbery": 1 }, "geometry": { "type": "Point", "coordinates": [ -89.954185485999972, 30.05988693200004 ] } },
{ "type": "Feature", "properties": { "OBJECTID": 91734, "id": "NEWORLEANS_2011_20222021E-37340-21", "x": -89.968864440917969, "y": 30.018455505371094, "robbery": 1 }, "geometry": { "type": "Point", "coordinates": [ -89.968864440999937, 30.018455505000077 ] } },
{ "type": "Feature", "properties": { "OBJECTID": 91735, "id": "NEWORLEANS_2011_20222021E-38015-21", "x": -90.015914916992188, "y": 30.022737503051758, "robbery": 1 }, "geometry": { "type": "Point", "coordinates": [ -90.015914916999975, 30.02273750300003 ] } },
{ "type": "Feature", "properties": { "OBJECTID": 91736, "id": "NEWORLEANS_2011_20222021E-38097-21", "x": -90.042510986328125, "y": 29.967451095581055, "robbery": 1 }, "geometry": { "type": "Point", "coordinates": [ -90.042510985999968, 29.967451096000048 ] } },
{ "type": "Feature", "properties": { "OBJECTID": 91737, "id": "NEWORLEANS_2011_20222021E-38284-21", "x": -90.064453125, "y": 29.955366134643555, "robbery": 1 }, "geometry": { "type": "Point", "coordinates": [ -90.064453124999943, 29.955366135000077 ] } },
{ "type": "Feature", "properties": { "OBJECTID": 91738, "id": "NEWORLEANS_2011_20222021E-39070-21", "x": -90.068641662597656, "y": 29.953094482421875, "robbery": 1 }, "geometry": { "type": "Point", "coordinates": [ -90.068641662999937, 29.95309448200004 ] } },
{ "type": "Feature", "properties": { "OBJECTID": 91739, "id": "NEWORLEANS_2011_20222021E-40667-21", "x": -89.9703369140625, "y": 30.056705474853516, "robbery": 1 }, "geometry": { "type": "Point", "coordinates": [ -89.970336913999972, 30.056705475000058 ] } },
{ "type": "Feature", "properties": { "OBJECTID": 91740, "id": "NEWORLEANS_2011_20222021E-40738-21", "x": -90.068031311035156, "y": 29.970367431640625, "robbery": 1 }, "geometry": { "type": "Point", "coordinates": [ -90.06803131099997, 29.970367432000046 ] } },
{ "type": "Feature", "properties": { "OBJECTID": 91741, "id": "NEWORLEANS_2011_20222021E-41025-21", "x": -90.098915100097656, "y": 29.942777633666992, "robbery": 1 }, "geometry": { "type": "Point", "coordinates": [ -90.098915099999942, 29.942777634000038 ] } },
{ "type": "Feature", "properties": { "OBJECTID": 91742, "id": "NEWORLEANS_2011_20222021E-41103-21", "x": -90.09814453125, "y": 29.975179672241211, "robbery": 1 }, "geometry": { "type": "Point", "coordinates": [ -90.098144530999946, 29.975179672000024 ] } },
{ "type": "Feature", "properties": { "OBJECTID": 91743, "id": "NEWORLEANS_2011_20222021E-41999-21", "x": -90.056480407714844, "y": 29.975757598876953, "robbery": 1 }, "geometry": { "type": "Point", "coordinates": [ -90.05648040799997, 29.975757599000076 ] } },
{ "type": "Feature", "properties": { "OBJECTID": 91744, "id": "NEWORLEANS_2011_20222021F-00509-21", "x": -90.058174133300781, "y": 29.962007522583008, "robbery": 1 }, "geometry": { "type": "Point", "coordinates": [ -90.058174132999966, 29.962007523000068 ] } },
{ "type": "Feature", "properties": { "OBJECTID": 91745, "id": "NEWORLEANS_2011_20222021F-01878-21", "x": -90.043220520019531, "y": 29.966144561767578, "robbery": 1 }, "geometry": { "type": "Point", "coordinates": [ -90.043220519999977, 29.966144562000068 ] } },
{ "type": "Feature", "properties": { "OBJECTID": 91746, "id": "NEWORLEANS_2011_20222021F-02096-21", "x": -89.993904113769531, "y": 30.013092041015625, "robbery": 1 }, "geometry": { "type": "Point", "coordinates": [ -89.993904113999974, 30.01309204100005 ] } },
{ "type": "Feature", "properties": { "OBJECTID": 91747, "id": "NEWORLEANS_2011_20222021F-02201-21", "x": -90.082206726074219, "y": 29.9453125, "robbery": 1 }, "geometry": { "type": "Point", "coordinates": [ -90.082206725999981, 29.945312500000057 ] } },
{ "type": "Feature", "properties": { "OBJECTID": 91748, "id": "NEWORLEANS_2011_20222021F-03411-21", "x": -89.947120666503906, "y": 30.057863235473633, "robbery": 1 }, "geometry": { "type": "Point", "coordinates": [ -89.947120666999979, 30.05786323500007 ] } },
{ "type": "Feature", "properties": { "OBJECTID": 91749, "id": "NEWORLEANS_2011_20222021F-03472-21", "x": -90.073493957519531, "y": 30.018585205078125, "robbery": 1 }, "geometry": { "type": "Point", "coordinates": [ -90.073493957999972, 30.018585205000079 ] } },
{ "type": "Feature", "properties": { "OBJECTID": 91750, "id": "NEWORLEANS_2011_20222021F-03553-21", "x": -90.073707580566406, "y": 29.95652961730957, "robbery": 1 }, "geometry": { "type": "Point", "coordinates": [ -90.073707580999951, 29.956529617000058 ] } },
{ "type": "Feature", "properties": { "OBJECTID": 91751, "id": "NEWORLEANS_2011_20222021F-03822-21", "x": -90.021957397460938, "y": 29.918613433837891, "robbery": 1 }, "geometry": { "type": "Point", "coordinates": [ -90.021957396999937, 29.918613434000065 ] } },
{ "type": "Feature", "properties": { "OBJECTID": 91752, "id": "NEWORLEANS_2011_20222021F-03841-21", "x": -90.075790405273438, "y": 29.966300964355469, "robbery": 1 }, "geometry": { "type": "Point", "coordinates": [ -90.075790404999964, 29.966300964000027 ] } },
{ "type": "Feature", "properties": { "OBJECTID": 91753, "id": "NEWORLEANS_2011_20222021F-04053-21", "x": -89.993309020996094, "y": 30.028945922851562, "robbery": 1 }, "geometry": { "type": "Point", "coordinates": [ -89.993309020999959, 30.028945923000038 ] } },
{ "type": "Feature", "properties": { "OBJECTID": 91754, "id": "NEWORLEANS_2011_20222021F-04489-21", "x": -89.998031616210938, "y": 30.029462814331055, "robbery": 1 }, "geometry": { "type": "Point", "coordinates": [ -89.998031615999935, 30.029462814000055 ] } },
{ "type": "Feature", "properties": { "OBJECTID": 91755, "id": "NEWORLEANS_2011_20222021F-04832-21", "x": -90.052528381347656, "y": 30.000677108764648, "robbery": 1 }, "geometry": { "type": "Point", "coordinates": [ -90.052528380999945, 30.000677109000037 ] } },
{ "type": "Feature", "properties": { "OBJECTID": 91756, "id": "NEWORLEANS_2011_20222021F-05129-21", "x": -90.049819946289062, "y": 29.969791412353516, "robbery": 1 }, "geometry": { "type": "Point", "coordinates": [ -90.049819945999957, 29.969791412000063 ] } },
{ "type": "Feature", "properties": { "OBJECTID": 91757, "id": "NEWORLEANS_2011_20222021F-05145-21", "x": -90.020431518554688, "y": 30.026382446289062, "robbery": 1 }, "geometry": { "type": "Point", "coordinates": [ -90.020431518999942, 30.026382446000071 ] } },
{ "type": "Feature", "properties": { "OBJECTID": 91758, "id": "NEWORLEANS_2011_20222021F-05685-21", "x": -90.0777587890625, "y": 29.926544189453125, "robbery": 1 }, "geometry": { "type": "Point", "coordinates": [ -90.077758788999972, 29.926544189000026 ] } },
{ "type": "Feature", "properties": { "OBJECTID": 91759, "id": "NEWORLEANS_2011_20222021F-06380-21", "x": -89.92742919921875, "y": 30.030441284179688, "robbery": 1 }, "geometry": { "type": "Point", "coordinates": [ -89.92742919899996, 30.030441284000062 ] } },
{ "type": "Feature", "properties": { "OBJECTID": 91760, "id": "NEWORLEANS_2011_20222021F-06460-21", "x": -90.013092041015625, "y": 29.925207138061523, "robbery": 1 }, "geometry": { "type": "Point", "coordinates": [ -90.013092040999936, 29.925207138000076 ] } },
{ "type": "Feature", "properties": { "OBJECTID": 91761, "id": "NEWORLEANS_2011_20222021F-06848-21", "x": -90.07257080078125, "y": 29.986413955688477, "robbery": 1 }, "geometry": { "type": "Point", "coordinates": [ -90.072570800999983, 29.986413956000035 ] } },
{ "type": "Feature", "properties": { "OBJECTID": 91762, "id": "NEWORLEANS_2011_20222021F-06881-21", "x": -89.974899291992188, "y": 30.035079956054688, "robbery": 1 }, "geometry": { "type": "Point", "coordinates": [ -89.974899291999975, 30.035079956000061 ] } },
{ "type": "Feature", "properties": { "OBJECTID": 91763, "id": "NEWORLEANS_2011_20222021F-06953-21", "x": -89.973678588867188, "y": 30.046466827392578, "robbery": 1 }, "geometry": { "type": "Point", "coordinates": [ -89.973678588999974, 30.046466827000074 ] } },
{ "type": "Feature", "properties": { "OBJECTID": 91764, "id": "NEWORLEANS_2011_20222021F-07019-21", "x": -89.911468505859375, "y": 30.036645889282227, "robbery": 1 }, "geometry": { "type": "Point", "coordinates": [ -89.911468505999949, 30.036645889000056 ] } },
{ "type": "Feature", "properties": { "OBJECTID": 91765, "id": "NEWORLEANS_2011_20222021F-07043-21", "x": -90.053871154785156, "y": 29.961990356445312, "robbery": 1 }, "geometry": { "type": "Point", "coordinates": [ -90.053871154999968, 29.961990356000058 ] } },
{ "type": "Feature", "properties": { "OBJECTID": 91766, "id": "NEWORLEANS_2011_20222021F-07298-21", "x": -90.101943969726562, "y": 29.96943473815918, "robbery": 1 }, "geometry": { "type": "Point", "coordinates": [ -90.101943969999979, 29.969434738000075 ] } },
{ "type": "Feature", "properties": { "OBJECTID": 91767, "id": "NEWORLEANS_2011_20222021F-07595-21", "x": -90.068168640136719, "y": 29.959035873413086, "robbery": 1 }, "geometry": { "type": "Point", "coordinates": [ -90.068168639999953, 29.959035873000062 ] } },
{ "type": "Feature", "properties": { "OBJECTID": 91768, "id": "NEWORLEANS_2011_20222021F-08333-21", "x": -90.021430969238281, "y": 29.925355911254883, "robbery": 1 }, "geometry": { "type": "Point", "coordinates": [ -90.021430968999937, 29.925355911000054 ] } },
{ "type": "Feature", "properties": { "OBJECTID": 91769, "id": "NEWORLEANS_2011_20222021F-09225-21", "x": -90.068565368652344, "y": 29.953140258789062, "robbery": 1 }, "geometry": { "type": "Point", "coordinates": [ -90.068565368999941, 29.953140259000065 ] } },
{ "type": "Feature", "properties": { "OBJECTID": 91770, "id": "NEWORLEANS_2011_20222021F-11070-21", "x": -90.009574890136719, "y": 29.920406341552734, "robbery": 1 }, "geometry": { "type": "Point", "coordinates": [ -90.009574889999953, 29.920406342000035 ] } },
{ "type": "Feature", "properties": { "OBJECTID": 91771, "id": "NEWORLEANS_2011_20222021F-11079-21", "x": -90.024383544921875, "y": 30.025522232055664, "robbery": 1 }, "geometry": { "type": "Point", "coordinates": [ -90.024383544999978, 30.025522232000071 ] } },
{ "type": "Feature", "properties": { "OBJECTID": 91772, "id": "NEWORLEANS_2011_20222021F-11702-21", "x": -90.075119018554688, "y": 29.962417602539062, "robbery": 1 }, "geometry": { "type": "Point", "coordinates": [ -90.075119018999942, 29.962417603000063 ] } },
{ "type": "Feature", "properties": { "OBJECTID": 91773, "id": "NEWORLEANS_2011_20222021F-11946-21", "x": -90.102645874023438, "y": 29.955598831176758, "robbery": 1 }, "geometry": { "type": "Point", "coordinates": [ -90.102645873999961, 29.955598831000032 ] } },
{ "type": "Feature", "properties": { "OBJECTID": 91774, "id": "NEWORLEANS_2011_20222021F-12195-21", "x": -89.958549499511719, "y": 30.048391342163086, "robbery": 1 }, "geometry": { "type": "Point", "coordinates": [ -89.958549499999947, 30.048391342000059 ] } },
{ "type": "Feature", "properties": { "OBJECTID": 91775, "id": "NEWORLEANS_2011_20222021F-12545-21", "x": -90.119247436523438, "y": 29.965574264526367, "robbery": 1 }, "geometry": { "type": "Point", "coordinates": [ -90.119247436999956, 29.965574265000043 ] } },
{ "type": "Feature", "properties": { "OBJECTID": 91776, "id": "NEWORLEANS_2011_20222021F-13832-21", "x": -89.92596435546875, "y": 30.056535720825195, "robbery": 1 }, "geometry": { "type": "Point", "coordinates": [ -89.925964354999962, 30.056535721000046 ] } },
{ "type": "Feature", "properties": { "OBJECTID": 91777, "id": "NEWORLEANS_2011_20222021F-14539-21", "x": -90.071220397949219, "y": 29.951959609985352, "robbery": 1 }, "geometry": { "type": "Point", "coordinates": [ -90.07122039799998, 29.951959610000074 ] } },
{ "type": "Feature", "properties": { "OBJECTID": 91778, "id": "NEWORLEANS_2011_20222021F-15359-21", "x": -90.075965881347656, "y": 29.969257354736328, "robbery": 1 }, "geometry": { "type": "Point", "coordinates": [ -90.075965880999945, 29.969257355000025 ] } },
{ "type": "Feature", "properties": { "OBJECTID": 91779, "id": "NEWORLEANS_2011_20222021F-15361-21", "x": -90.07574462890625, "y": 29.969314575195312, "robbery": 1 }, "geometry": { "type": "Point", "coordinates": [ -90.075744628999985, 29.969314575000055 ] } },
{ "type": "Feature", "properties": { "OBJECTID": 91780, "id": "NEWORLEANS_2011_20222021F-15432-21", "x": -90.099349975585938, "y": 29.936458587646484, "robbery": 1 }, "geometry": { "type": "Point", "coordinates": [ -90.099349975999985, 29.93645858800005 ] } },
{ "type": "Feature", "properties": { "OBJECTID": 91781, "id": "NEWORLEANS_2011_20222021F-15688-21", "x": -90.080917358398438, "y": 29.9371337890625, "robbery": 1 }, "geometry": { "type": "Point", "coordinates": [ -90.080917357999965, 29.937133789000029 ] } },
{ "type": "Feature", "properties": { "OBJECTID": 91782, "id": "NEWORLEANS_2011_20222021F-15874-21", "x": -90.081314086914062, "y": 30.01133918762207, "robbery": 1 }, "geometry": { "type": "Point", "coordinates": [ -90.081314086999953, 30.011339188000079 ] } },
{ "type": "Feature", "properties": { "OBJECTID": 91783, "id": "NEWORLEANS_2011_20222021F-16122-21", "x": -90.080909729003906, "y": 29.934579849243164, "robbery": 1 }, "geometry": { "type": "Point", "coordinates": [ -90.080909728999984, 29.934579849000045 ] } },
{ "type": "Feature", "properties": { "OBJECTID": 91784, "id": "NEWORLEANS_2011_20222021F-16278-21", "x": -90.0924072265625, "y": 29.969194412231445, "robbery": 1 }, "geometry": { "type": "Point", "coordinates": [ -90.092407226999967, 29.969194412000036 ] } },
{ "type": "Feature", "properties": { "OBJECTID": 91785, "id": "NEWORLEANS_2011_20222021F-16849-21", "x": -90.014404296875, "y": 29.971839904785156, "robbery": 1 }, "geometry": { "type": "Point", "coordinates": [ -90.014404296999942, 29.971839905000024 ] } },
{ "type": "Feature", "properties": { "OBJECTID": 91786, "id": "NEWORLEANS_2011_20222021F-16925-21", "x": -90.063117980957031, "y": 29.956470489501953, "robbery": 1 }, "geometry": { "type": "Point", "coordinates": [ -90.063117980999948, 29.956470490000072 ] } },
{ "type": "Feature", "properties": { "OBJECTID": 91787, "id": "NEWORLEANS_2011_20222021F-17844-21", "x": -90.068679809570312, "y": 29.955568313598633, "robbery": 1 }, "geometry": { "type": "Point", "coordinates": [ -90.068679809999935, 29.955568314000061 ] } },
{ "type": "Feature", "properties": { "OBJECTID": 91788, "id": "NEWORLEANS_2011_20222021F-18096-21", "x": -90.105743408203125, "y": 29.969491958618164, "robbery": 1 }, "geometry": { "type": "Point", "coordinates": [ -90.105743407999967, 29.969491959000038 ] } },
{ "type": "Feature", "properties": { "OBJECTID": 91789, "id": "NEWORLEANS_2011_20222021F-18257-21", "x": -90.023353576660156, "y": 30.022710800170898, "robbery": 1 }, "geometry": { "type": "Point", "coordinates": [ -90.023353576999966, 30.022710800000027 ] } },
{ "type": "Feature", "properties": { "OBJECTID": 91790, "id": "NEWORLEANS_2011_20222021F-19434-21", "x": -90.038902282714844, "y": 29.963672637939453, "robbery": 1 }, "geometry": { "type": "Point", "coordinates": [ -90.03890228299997, 29.963672638000048 ] } },
{ "type": "Feature", "properties": { "OBJECTID": 91791, "id": "NEWORLEANS_2011_20222021F-19727-21", "x": -90.049713134765625, "y": 29.969905853271484, "robbery": 1 }, "geometry": { "type": "Point", "coordinates": [ -90.049713135, 29.969905853000057 ] } },
{ "type": "Feature", "properties": { "OBJECTID": 91792, "id": "NEWORLEANS_2011_20222021F-20152-21", "x": -89.996063232421875, "y": 30.02522087097168, "robbery": 1 }, "geometry": { "type": "Point", "coordinates": [ -89.996063231999983, 30.025220871000045 ] } },
{ "type": "Feature", "properties": { "OBJECTID": 91793, "id": "NEWORLEANS_2011_20222021F-20613-21", "x": -89.952568054199219, "y": 30.06884765625, "robbery": 1 }, "geometry": { "type": "Point", "coordinates": [ -89.952568053999983, 30.068847656000059 ] } },
{ "type": "Feature", "properties": { "OBJECTID": 91794, "id": "NEWORLEANS_2011_20222021F-20733-21", "x": -90.076568603515625, "y": 29.948612213134766, "robbery": 1 }, "geometry": { "type": "Point", "coordinates": [ -90.076568603999988, 29.948612213000047 ] } },
{ "type": "Feature", "properties": { "OBJECTID": 91795, "id": "NEWORLEANS_2011_20222021F-22058-21", "x": -90.053466796875, "y": 29.946426391601562, "robbery": 1 }, "geometry": { "type": "Point", "coordinates": [ -90.053466796999942, 29.946426392000035 ] } },
{ "type": "Feature", "properties": { "OBJECTID": 91796, "id": "NEWORLEANS_2011_20222021F-22263-21", "x": -90.068260192871094, "y": 29.954105377197266, "robbery": 1 }, "geometry": { "type": "Point", "coordinates": [ -90.068260192999958, 29.954105377000076 ] } },
{ "type": "Feature", "properties": { "OBJECTID": 91797, "id": "NEWORLEANS_2011_20222021F-22327-21", "x": -90.0784912109375, "y": 29.923530578613281, "robbery": 1 }, "geometry": { "type": "Point", "coordinates": [ -90.078491210999971, 29.923530579000044 ] } },
{ "type": "Feature", "properties": { "OBJECTID": 91798, "id": "NEWORLEANS_2011_20222021F-22594-21", "x": -90.066978454589844, "y": 29.987344741821289, "robbery": 1 }, "geometry": { "type": "Point", "coordinates": [ -90.066978454999969, 29.987344742000062 ] } },
{ "type": "Feature", "properties": { "OBJECTID": 91799, "id": "NEWORLEANS_2011_20222021F-23421-21", "x": -90.061805725097656, "y": 29.958717346191406, "robbery": 1 }, "geometry": { "type": "Point", "coordinates": [ -90.061805724999942, 29.958717346000071 ] } },
{ "type": "Feature", "properties": { "OBJECTID": 91800, "id": "NEWORLEANS_2011_20222021F-25128-21", "x": -90.025222778320312, "y": 29.938392639160156, "robbery": 1 }, "geometry": { "type": "Point", "coordinates": [ -90.025222777999943, 29.938392639000028 ] } },
{ "type": "Feature", "properties": { "OBJECTID": 91801, "id": "NEWORLEANS_2011_20222021F-26802-21", "x": -90.100746154785156, "y": 29.940238952636719, "robbery": 1 }, "geometry": { "type": "Point", "coordinates": [ -90.100746154999968, 29.940238953000062 ] } },
{ "type": "Feature", "properties": { "OBJECTID": 91802, "id": "NEWORLEANS_2011_20222021F-26818-21", "x": -90.044387817382812, "y": 30.002716064453125, "robbery": 1 }, "geometry": { "type": "Point", "coordinates": [ -90.044387816999972, 30.002716064000026 ] } },
{ "type": "Feature", "properties": { "OBJECTID": 91803, "id": "NEWORLEANS_2011_20222021F-26938-21", "x": -90.09161376953125, "y": 29.935945510864258, "robbery": 1 }, "geometry": { "type": "Point", "coordinates": [ -90.091613769999981, 29.935945511000057 ] } },
{ "type": "Feature", "properties": { "OBJECTID": 91804, "id": "NEWORLEANS_2011_20222021F-27071-21", "x": -90.049980163574219, "y": 29.944803237915039, "robbery": 1 }, "geometry": { "type": "Point", "coordinates": [ -90.049980163999976, 29.944803238000077 ] } },
{ "type": "Feature", "properties": { "OBJECTID": 91805, "id": "NEWORLEANS_2011_20222021F-27416-21", "x": -90.100608825683594, "y": 29.940250396728516, "robbery": 1 }, "geometry": { "type": "Point", "coordinates": [ -90.100608825999984, 29.940250397000057 ] } },
{ "type": "Feature", "properties": { "OBJECTID": 91806, "id": "NEWORLEANS_2011_20222021F-27814-21", "x": -90.001029968261719, "y": 30.037818908691406, "robbery": 1 }, "geometry": { "type": "Point", "coordinates": [ -90.001029967999955, 30.037818909000066 ] } },
{ "type": "Feature", "properties": { "OBJECTID": 91807, "id": "NEWORLEANS_2011_20222021F-28030-21", "x": -89.992691040039062, "y": 30.028509140014648, "robbery": 1 }, "geometry": { "type": "Point", "coordinates": [ -89.992691039999954, 30.02850914000004 ] } },
{ "type": "Feature", "properties": { "OBJECTID": 91808, "id": "NEWORLEANS_2011_20222021F-28120-21", "x": -90.089134216308594, "y": 29.945446014404297, "robbery": 1 }, "geometry": { "type": "Point", "coordinates": [ -90.089134216, 29.945446014000026 ] } },
{ "type": "Feature", "properties": { "OBJECTID": 91809, "id": "NEWORLEANS_2011_20222021F-29332-21", "x": -90.077896118164062, "y": 29.959300994873047, "robbery": 1 }, "geometry": { "type": "Point", "coordinates": [ -90.077896117999956, 29.959300995000035 ] } },
{ "type": "Feature", "properties": { "OBJECTID": 91810, "id": "NEWORLEANS_2011_20222021F-30025-21", "x": -90.0689697265625, "y": 29.950420379638672, "robbery": 1 }, "geometry": { "type": "Point", "coordinates": [ -90.068969726999967, 29.950420380000025 ] } },
{ "type": "Feature", "properties": { "OBJECTID": 91811, "id": "NEWORLEANS_2011_20222021F-30740-21", "x": -90.091171264648438, "y": 29.971126556396484, "robbery": 1 }, "geometry": { "type": "Point", "coordinates": [ -90.091171264999957, 29.971126556000058 ] } },
{ "type": "Feature", "properties": { "OBJECTID": 91812, "id": "NEWORLEANS_2011_20222021F-31165-21", "x": -90.067291259765625, "y": 29.952184677124023, "robbery": 1 }, "geometry": { "type": "Point", "coordinates": [ -90.06729126, 29.952184677000048 ] } },
{ "type": "Feature", "properties": { "OBJECTID": 91813, "id": "NEWORLEANS_2011_20222021F-31425-21", "x": -90.065963745117188, "y": 29.980445861816406, "robbery": 1 }, "geometry": { "type": "Point", "coordinates": [ -90.065963744999976, 29.980445862000067 ] } },
{ "type": "Feature", "properties": { "OBJECTID": 91814, "id": "NEWORLEANS_2011_20222021F-31533-21", "x": -90.089286804199219, "y": 29.931587219238281, "robbery": 1 }, "geometry": { "type": "Point", "coordinates": [ -90.089286803999983, 29.93158721900005 ] } },
{ "type": "Feature", "properties": { "OBJECTID": 91815, "id": "NEWORLEANS_2011_20222021F-32902-21", "x": -89.993980407714844, "y": 30.022012710571289, "robbery": 1 }, "geometry": { "type": "Point", "coordinates": [ -89.99398040799997, 30.022012711000059 ] } },
{ "type": "Feature", "properties": { "OBJECTID": 91816, "id": "NEWORLEANS_2011_20222021F-33513-21", "x": -90.071868896484375, "y": 29.969293594360352, "robbery": 1 }, "geometry": { "type": "Point", "coordinates": [ -90.071868895999955, 29.969293594000078 ] } },
{ "type": "Feature", "properties": { "OBJECTID": 91817, "id": "NEWORLEANS_2011_20222021F-34183-21", "x": -90.094963073730469, "y": 29.94257926940918, "robbery": 1 }, "geometry": { "type": "Point", "coordinates": [ -90.094963073999963, 29.942579269000078 ] } },
{ "type": "Feature", "properties": { "OBJECTID": 91818, "id": "NEWORLEANS_2011_20222021F-34406-21", "x": -90.064964294433594, "y": 29.971548080444336, "robbery": 1 }, "geometry": { "type": "Point", "coordinates": [ -90.064964293999935, 29.971548080000048 ] } },
{ "type": "Feature", "properties": { "OBJECTID": 91819, "id": "NEWORLEANS_2011_20222021F-35266-21", "x": -90.011329650878906, "y": 29.959829330444336, "robbery": 1 }, "geometry": { "type": "Point", "coordinates": [ -90.011329650999983, 29.959829330000048 ] } },
{ "type": "Feature", "properties": { "OBJECTID": 91820, "id": "NEWORLEANS_2011_20222021F-35494-21", "x": -90.102325439453125, "y": 29.949884414672852, "robbery": 1 }, "geometry": { "type": "Point", "coordinates": [ -90.102325438999969, 29.949884415000042 ] } },
{ "type": "Feature", "properties": { "OBJECTID": 91821, "id": "NEWORLEANS_2011_20222021F-37550-21", "x": -90.018867492675781, "y": 29.931861877441406, "robbery": 1 }, "geometry": { "type": "Point", "coordinates": [ -90.018867492999959, 29.931861877000074 ] } },
{ "type": "Feature", "properties": { "OBJECTID": 91822, "id": "NEWORLEANS_2011_20222021F-38018-21", "x": -90.032585144042969, "y": 29.929391860961914, "robbery": 1 }, "geometry": { "type": "Point", "coordinates": [ -90.032585143999938, 29.929391861000056 ] } },
{ "type": "Feature", "properties": { "OBJECTID": 91823, "id": "NEWORLEANS_2011_20222021F-38149-21", "x": -90.067825317382812, "y": 29.957891464233398, "robbery": 1 }, "geometry": { "type": "Point", "coordinates": [ -90.067825316999972, 29.957891464000056 ] } },
{ "type": "Feature", "properties": { "OBJECTID": 91824, "id": "NEWORLEANS_2011_20222021F-38175-21", "x": -90.043411254882812, "y": 30.000238418579102, "robbery": 1 }, "geometry": { "type": "Point", "coordinates": [ -90.043411254999967, 30.000238419000027 ] } },
{ "type": "Feature", "properties": { "OBJECTID": 91825, "id": "NEWORLEANS_2011_20222021F-38214-21", "x": -90.090652465820312, "y": 29.931468963623047, "robbery": 1 }, "geometry": { "type": "Point", "coordinates": [ -90.090652465999938, 29.931468964000032 ] } },
{ "type": "Feature", "properties": { "OBJECTID": 91826, "id": "NEWORLEANS_2011_20222021G-00430-21", "x": -90.019378662109375, "y": 29.92939567565918, "robbery": 1 }, "geometry": { "type": "Point", "coordinates": [ -90.019378661999951, 29.92939567600007 ] } },
{ "type": "Feature", "properties": { "OBJECTID": 91827, "id": "NEWORLEANS_2011_20222021G-00517-21", "x": -90.068778991699219, "y": 29.951505661010742, "robbery": 1 }, "geometry": { "type": "Point", "coordinates": [ -90.068778991999977, 29.951505661000056 ] } },
{ "type": "Feature", "properties": { "OBJECTID": 91828, "id": "NEWORLEANS_2011_20222021G-01277-21", "x": -90.033378601074219, "y": 29.965383529663086, "robbery": 1 }, "geometry": { "type": "Point", "coordinates": [ -90.033378600999981, 29.965383530000054 ] } },
{ "type": "Feature", "properties": { "OBJECTID": 91829, "id": "NEWORLEANS_2011_20222021G-01278-21", "x": -90.073699951171875, "y": 29.965768814086914, "robbery": 1 }, "geometry": { "type": "Point", "coordinates": [ -90.073699950999981, 29.965768814000057 ] } },
{ "type": "Feature", "properties": { "OBJECTID": 91830, "id": "NEWORLEANS_2011_20222021G-01556-21", "x": -90.032249450683594, "y": 29.962564468383789, "robbery": 1 }, "geometry": { "type": "Point", "coordinates": [ -90.032249450999984, 29.962564468000039 ] } },
{ "type": "Feature", "properties": { "OBJECTID": 91831, "id": "NEWORLEANS_2011_20222021G-01573-21", "x": -89.994590759277344, "y": 30.013235092163086, "robbery": 1 }, "geometry": { "type": "Point", "coordinates": [ -89.994590758999948, 30.013235092000059 ] } },
{ "type": "Feature", "properties": { "OBJECTID": 91832, "id": "NEWORLEANS_2011_20222021G-02050-21", "x": -90.065574645996094, "y": 29.952369689941406, "robbery": 1 }, "geometry": { "type": "Point", "coordinates": [ -90.065574645999959, 29.952369690000069 ] } },
{ "type": "Feature", "properties": { "OBJECTID": 91833, "id": "NEWORLEANS_2011_20222021G-03358-21", "x": -90.068412780761719, "y": 29.957239151000977, "robbery": 1 }, "geometry": { "type": "Point", "coordinates": [ -90.06841278099995, 29.957239151000067 ] } },
{ "type": "Feature", "properties": { "OBJECTID": 91834, "id": "NEWORLEANS_2011_20222021G-03485-21", "x": -90.068389892578125, "y": 29.987331390380859, "robbery": 1 }, "geometry": { "type": "Point", "coordinates": [ -90.06838989299996, 29.987331390000065 ] } },
{ "type": "Feature", "properties": { "OBJECTID": 91835, "id": "NEWORLEANS_2011_20222021G-04006-21", "x": -90.051292419433594, "y": 29.964746475219727, "robbery": 1 }, "geometry": { "type": "Point", "coordinates": [ -90.051292418999935, 29.964746475000027 ] } },
{ "type": "Feature", "properties": { "OBJECTID": 91836, "id": "NEWORLEANS_2011_20222021G-04026-21", "x": -89.956649780273438, "y": 30.037605285644531, "robbery": 1 }, "geometry": { "type": "Point", "coordinates": [ -89.956649779999964, 30.03760528600003 ] } },
{ "type": "Feature", "properties": { "OBJECTID": 91837, "id": "NEWORLEANS_2011_20222021G-04126-21", "x": -90.086357116699219, "y": 29.978002548217773, "robbery": 1 }, "geometry": { "type": "Point", "coordinates": [ -90.086357116999977, 29.978002548000063 ] } },
{ "type": "Feature", "properties": { "OBJECTID": 91838, "id": "NEWORLEANS_2011_20222021G-04393-21", "x": -90.068458557128906, "y": 29.95549201965332, "robbery": 1 }, "geometry": { "type": "Point", "coordinates": [ -90.068458556999985, 29.955492020000065 ] } },
{ "type": "Feature", "properties": { "OBJECTID": 91839, "id": "NEWORLEANS_2011_20222021G-06896-21", "x": -90.06256103515625, "y": 29.958951950073242, "robbery": 1 }, "geometry": { "type": "Point", "coordinates": [ -90.062561034999987, 29.958951950000028 ] } },
{ "type": "Feature", "properties": { "OBJECTID": 91840, "id": "NEWORLEANS_2011_20222021G-06936-21", "x": -90.05694580078125, "y": 29.962650299072266, "robbery": 1 }, "geometry": { "type": "Point", "coordinates": [ -90.056945800999983, 29.962650299000074 ] } },
{ "type": "Feature", "properties": { "OBJECTID": 91841, "id": "NEWORLEANS_2011_20222021G-07743-21", "x": -89.958786010742188, "y": 30.025676727294922, "robbery": 1 }, "geometry": { "type": "Point", "coordinates": [ -89.958786010999972, 30.025676727000075 ] } },
{ "type": "Feature", "properties": { "OBJECTID": 91842, "id": "NEWORLEANS_2011_20222021G-07830-21", "x": -90.070625305175781, "y": 29.949495315551758, "robbery": 1 }, "geometry": { "type": "Point", "coordinates": [ -90.070625304999965, 29.949495316000025 ] } },
{ "type": "Feature", "properties": { "OBJECTID": 91843, "id": "NEWORLEANS_2011_20222021G-07858-21", "x": -90.016204833984375, "y": 30.019943237304688, "robbery": 1 }, "geometry": { "type": "Point", "coordinates": [ -90.01620483399995, 30.019943237000064 ] } },
{ "type": "Feature", "properties": { "OBJECTID": 91844, "id": "NEWORLEANS_2011_20222021G-08121-21", "x": -90.058555603027344, "y": 29.972742080688477, "robbery": 1 }, "geometry": { "type": "Point", "coordinates": [ -90.058555602999945, 29.972742081000035 ] } },
{ "type": "Feature", "properties": { "OBJECTID": 91845, "id": "NEWORLEANS_2011_20222021G-08683-21", "x": -90.126937866210938, "y": 29.917978286743164, "robbery": 1 }, "geometry": { "type": "Point", "coordinates": [ -90.126937865999935, 29.917978287000039 ] } },
{ "type": "Feature", "properties": { "OBJECTID": 91846, "id": "NEWORLEANS_2011_20222021G-09162-21", "x": -89.940299987792969, "y": 30.068199157714844, "robbery": 1 }, "geometry": { "type": "Point", "coordinates": [ -89.940299987999936, 30.068199158000027 ] } },
{ "type": "Feature", "properties": { "OBJECTID": 91847, "id": "NEWORLEANS_2011_20222021G-10193-21", "x": -90.0550537109375, "y": 29.976800918579102, "robbery": 1 }, "geometry": { "type": "Point", "coordinates": [ -90.055053710999971, 29.976800919000027 ] } },
{ "type": "Feature", "properties": { "OBJECTID": 91848, "id": "NEWORLEANS_2011_20222021G-11027-21", "x": -90.065444946289062, "y": 29.958534240722656, "robbery": 1 }, "geometry": { "type": "Point", "coordinates": [ -90.065444945999957, 29.958534241000052 ] } },
{ "type": "Feature", "properties": { "OBJECTID": 91849, "id": "NEWORLEANS_2011_20222021G-11148-21", "x": -90.069229125976562, "y": 29.959737777709961, "robbery": 1 }, "geometry": { "type": "Point", "coordinates": [ -90.069229125999982, 29.959737778000033 ] } },
{ "type": "Feature", "properties": { "OBJECTID": 91850, "id": "NEWORLEANS_2011_20222021G-11747-21", "x": -90.066184997558594, "y": 29.959632873535156, "robbery": 1 }, "geometry": { "type": "Point", "coordinates": [ -90.066184997999983, 29.959632874000079 ] } },
{ "type": "Feature", "properties": { "OBJECTID": 91851, "id": "NEWORLEANS_2011_20222021G-11762-21", "x": -90.056648254394531, "y": 29.969125747680664, "robbery": 1 }, "geometry": { "type": "Point", "coordinates": [ -90.056648253999981, 29.969125748000067 ] } },
{ "type": "Feature", "properties": { "OBJECTID": 91852, "id": "NEWORLEANS_2011_20222021G-12209-21", "x": -90.045661926269531, "y": 30.00035285949707, "robbery": 1 }, "geometry": { "type": "Point", "coordinates": [ -90.04566192599998, 30.000352859000031 ] } },
{ "type": "Feature", "properties": { "OBJECTID": 91853, "id": "NEWORLEANS_2011_20222021G-12589-21", "x": -90.070228576660156, "y": 29.950639724731445, "robbery": 1 }, "geometry": { "type": "Point", "coordinates": [ -90.070228576999966, 29.95063972500003 ] } },
{ "type": "Feature", "properties": { "OBJECTID": 91854, "id": "NEWORLEANS_2011_20222021G-13381-21", "x": -90.077812194824219, "y": 29.924491882324219, "robbery": 1 }, "geometry": { "type": "Point", "coordinates": [ -90.077812194999979, 29.924491882000041 ] } },
{ "type": "Feature", "properties": { "OBJECTID": 91855, "id": "NEWORLEANS_2011_20222021G-13409-21", "x": -90.069435119628906, "y": 29.954488754272461, "robbery": 1 }, "geometry": { "type": "Point", "coordinates": [ -90.06943511999998, 29.954488754000067 ] } },
{ "type": "Feature", "properties": { "OBJECTID": 91856, "id": "NEWORLEANS_2011_20222021G-13785-21", "x": -90.093894958496094, "y": 29.963157653808594, "robbery": 1 }, "geometry": { "type": "Point", "coordinates": [ -90.093894957999964, 29.963157654000042 ] } },
{ "type": "Feature", "properties": { "OBJECTID": 91857, "id": "NEWORLEANS_2011_20222021G-13907-21", "x": -90.064888000488281, "y": 29.959484100341797, "robbery": 1 }, "geometry": { "type": "Point", "coordinates": [ -90.064888, 29.959484100000054 ] } },
{ "type": "Feature", "properties": { "OBJECTID": 91858, "id": "NEWORLEANS_2011_20222021G-14520-21", "x": -89.998626708984375, "y": 30.012313842773438, "robbery": 1 }, "geometry": { "type": "Point", "coordinates": [ -89.99862670899995, 30.012313843000072 ] } },
{ "type": "Feature", "properties": { "OBJECTID": 91859, "id": "NEWORLEANS_2011_20222021G-14643-21", "x": -90.094940185546875, "y": 29.942033767700195, "robbery": 1 }, "geometry": { "type": "Point", "coordinates": [ -90.094940185999974, 29.942033768000044 ] } },
{ "type": "Feature", "properties": { "OBJECTID": 91860, "id": "NEWORLEANS_2011_20222021G-15162-21", "x": -89.922683715820312, "y": 30.036623001098633, "robbery": 1 }, "geometry": { "type": "Point", "coordinates": [ -89.922683715999938, 30.036623001000066 ] } },
{ "type": "Feature", "properties": { "OBJECTID": 91861, "id": "NEWORLEANS_2011_20222021G-15307-21", "x": -90.01324462890625, "y": 30.023088455200195, "robbery": 1 }, "geometry": { "type": "Point", "coordinates": [ -90.013244628999985, 30.02308845500005 ] } },
{ "type": "Feature", "properties": { "OBJECTID": 91862, "id": "NEWORLEANS_2011_20222021G-17393-21", "x": -90.063201904296875, "y": 29.956380844116211, "robbery": 1 }, "geometry": { "type": "Point", "coordinates": [ -90.063201903999982, 29.956380844000023 ] } },
{ "type": "Feature", "properties": { "OBJECTID": 91863, "id": "NEWORLEANS_2011_20222021G-17606-21", "x": -90.0582275390625, "y": 29.981561660766602, "robbery": 1 }, "geometry": { "type": "Point", "coordinates": [ -90.058227538999972, 29.981561661000057 ] } },
{ "type": "Feature", "properties": { "OBJECTID": 91864, "id": "NEWORLEANS_2011_20222021G-17626-21", "x": -90.082740783691406, "y": 29.978141784667969, "robbery": 1 }, "geometry": { "type": "Point", "coordinates": [ -90.082740783999952, 29.978141785000048 ] } },
{ "type": "Feature", "properties": { "OBJECTID": 91865, "id": "NEWORLEANS_2011_20222021G-18679-21", "x": -90.066680908203125, "y": 29.960699081420898, "robbery": 1 }, "geometry": { "type": "Point", "coordinates": [ -90.066680907999967, 29.96069908100003 ] } },
{ "type": "Feature", "properties": { "OBJECTID": 91866, "id": "NEWORLEANS_2011_20222021G-18973-21", "x": -89.94122314453125, "y": 29.917577743530273, "robbery": 1 }, "geometry": { "type": "Point", "coordinates": [ -89.941223144999981, 29.917577744000027 ] } },
{ "type": "Feature", "properties": { "OBJECTID": 91867, "id": "NEWORLEANS_2011_20222021G-18979-21", "x": -90.060676574707031, "y": 29.966266632080078, "robbery": 1 }, "geometry": { "type": "Point", "coordinates": [ -90.060676574999945, 29.966266632000043 ] } },
{ "type": "Feature", "properties": { "OBJECTID": 91868, "id": "NEWORLEANS_2011_20222021G-19260-21", "x": -90.057815551757812, "y": 29.982425689697266, "robbery": 1 }, "geometry": { "type": "Point", "coordinates": [ -90.057815551999965, 29.982425690000071 ] } },
{ "type": "Feature", "properties": { "OBJECTID": 91869, "id": "NEWORLEANS_2011_20222021G-19345-21", "x": -89.9337158203125, "y": 30.028852462768555, "robbery": 1 }, "geometry": { "type": "Point", "coordinates": [ -89.933715819999975, 30.028852463000078 ] } },
{ "type": "Feature", "properties": { "OBJECTID": 91870, "id": "NEWORLEANS_2011_20222021G-20044-21", "x": -90.071311950683594, "y": 29.984052658081055, "robbery": 1 }, "geometry": { "type": "Point", "coordinates": [ -90.071311950999984, 29.984052658000053 ] } },
{ "type": "Feature", "properties": { "OBJECTID": 91871, "id": "NEWORLEANS_2011_20222021G-20461-21", "x": -89.990402221679688, "y": 30.016111373901367, "robbery": 1 }, "geometry": { "type": "Point", "coordinates": [ -89.990402221999943, 30.016111374000047 ] } },
{ "type": "Feature", "properties": { "OBJECTID": 91872, "id": "NEWORLEANS_2011_20222021G-20886-21", "x": -90.014068603515625, "y": 30.020500183105469, "robbery": 1 }, "geometry": { "type": "Point", "coordinates": [ -90.014068603999988, 30.020500183000024 ] } },
{ "type": "Feature", "properties": { "OBJECTID": 91873, "id": "NEWORLEANS_2011_20222021G-22084-21", "x": -90.07916259765625, "y": 30.007133483886719, "robbery": 1 }, "geometry": { "type": "Point", "coordinates": [ -90.079162597999982, 30.007133484000065 ] } },
{ "type": "Feature", "properties": { "OBJECTID": 91874, "id": "NEWORLEANS_2011_20222021G-22196-21", "x": -90.067375183105469, "y": 29.945602416992188, "robbery": 1 }, "geometry": { "type": "Point", "coordinates": [ -90.067375182999967, 29.945602417000032 ] } },
{ "type": "Feature", "properties": { "OBJECTID": 91875, "id": "NEWORLEANS_2011_20222021G-25313-21", "x": -89.992576599121094, "y": 30.020017623901367, "robbery": 1 }, "geometry": { "type": "Point", "coordinates": [ -89.99257659899996, 30.020017624000047 ] } },
{ "type": "Feature", "properties": { "OBJECTID": 91876, "id": "NEWORLEANS_2011_20222021G-25578-21", "x": -90.064590454101562, "y": 29.959722518920898, "robbery": 1 }, "geometry": { "type": "Point", "coordinates": [ -90.064590453999983, 29.959722519000024 ] } },
{ "type": "Feature", "properties": { "OBJECTID": 91877, "id": "NEWORLEANS_2011_20222021G-26534-21", "x": -90.020744323730469, "y": 29.964405059814453, "robbery": 1 }, "geometry": { "type": "Point", "coordinates": [ -90.020744323999963, 29.964405060000047 ] } },
{ "type": "Feature", "properties": { "OBJECTID": 91878, "id": "NEWORLEANS_2011_20222021G-27092-21", "x": -90.094314575195312, "y": 29.963415145874023, "robbery": 1 }, "geometry": { "type": "Point", "coordinates": [ -90.094314574999942, 29.963415146000045 ] } },
{ "type": "Feature", "properties": { "OBJECTID": 91879, "id": "NEWORLEANS_2011_20222021G-27627-21", "x": -90.053009033203125, "y": 30.021726608276367, "robbery": 1 }, "geometry": { "type": "Point", "coordinates": [ -90.053009032999967, 30.021726608000051 ] } },
{ "type": "Feature", "properties": { "OBJECTID": 91880, "id": "NEWORLEANS_2011_20222021G-27628-21", "x": -90.074844360351562, "y": 29.966297149658203, "robbery": 1 }, "geometry": { "type": "Point", "coordinates": [ -90.074844359999986, 29.966297150000059 ] } },
{ "type": "Feature", "properties": { "OBJECTID": 91881, "id": "NEWORLEANS_2011_20222021G-27971-21", "x": -90.127944946289062, "y": 29.948671340942383, "robbery": 1 }, "geometry": { "type": "Point", "coordinates": [ -90.127944945999957, 29.948671341000079 ] } },
{ "type": "Feature", "properties": { "OBJECTID": 91882, "id": "NEWORLEANS_2011_20222021G-28711-21", "x": -90.073333740234375, "y": 30.020181655883789, "robbery": 1 }, "geometry": { "type": "Point", "coordinates": [ -90.073333739999953, 30.020181656000034 ] } },
{ "type": "Feature", "properties": { "OBJECTID": 91883, "id": "NEWORLEANS_2011_20222021G-29050-21", "x": -90.041107177734375, "y": 30.034391403198242, "robbery": 1 }, "geometry": { "type": "Point", "coordinates": [ -90.041107177999947, 30.034391403000029 ] } },
{ "type": "Feature", "properties": { "OBJECTID": 91884, "id": "NEWORLEANS_2011_20222021G-29473-21", "x": -90.079940795898438, "y": 29.970935821533203, "robbery": 1 }, "geometry": { "type": "Point", "coordinates": [ -90.07994079599996, 29.970935822000058 ] } },
{ "type": "Feature", "properties": { "OBJECTID": 91885, "id": "NEWORLEANS_2011_20222021G-29493-21", "x": -90.064064025878906, "y": 29.958005905151367, "robbery": 1 }, "geometry": { "type": "Point", "coordinates": [ -90.064064025999983, 29.95800590500005 ] } },
{ "type": "Feature", "properties": { "OBJECTID": 91886, "id": "NEWORLEANS_2011_20222021G-30264-21", "x": -90.087409973144531, "y": 29.936006546020508, "robbery": 1 }, "geometry": { "type": "Point", "coordinates": [ -90.087409972999978, 29.936006546000044 ] } },
{ "type": "Feature", "properties": { "OBJECTID": 91887, "id": "NEWORLEANS_2011_20222021G-30283-21", "x": -90.037437438964844, "y": 29.97706413269043, "robbery": 1 }, "geometry": { "type": "Point", "coordinates": [ -90.037437438999973, 29.977064133000056 ] } },
{ "type": "Feature", "properties": { "OBJECTID": 91888, "id": "NEWORLEANS_2011_20222021G-30684-21", "x": -90.114639282226562, "y": 29.961166381835938, "robbery": 1 }, "geometry": { "type": "Point", "coordinates": [ -90.114639281999985, 29.961166382000044 ] } },
{ "type": "Feature", "properties": { "OBJECTID": 91889, "id": "NEWORLEANS_2011_20222021G-30760-21", "x": -90.065780639648438, "y": 29.960088729858398, "robbery": 1 }, "geometry": { "type": "Point", "coordinates": [ -90.065780639999957, 29.960088730000052 ] } },
{ "type": "Feature", "properties": { "OBJECTID": 91890, "id": "NEWORLEANS_2011_20222021G-31042-21", "x": -90.057052612304688, "y": 29.974512100219727, "robbery": 1 }, "geometry": { "type": "Point", "coordinates": [ -90.05705261199995, 29.974512100000027 ] } },
{ "type": "Feature", "properties": { "OBJECTID": 91891, "id": "NEWORLEANS_2011_20222021G-31329-21", "x": -90.066055297851562, "y": 29.95128059387207, "robbery": 1 }, "geometry": { "type": "Point", "coordinates": [ -90.066055297999981, 29.951280594000025 ] } },
{ "type": "Feature", "properties": { "OBJECTID": 91892, "id": "NEWORLEANS_2011_20222021G-31565-21", "x": -90.037528991699219, "y": 30.003147125244141, "robbery": 1 }, "geometry": { "type": "Point", "coordinates": [ -90.037528991999977, 30.003147125000055 ] } },
{ "type": "Feature", "properties": { "OBJECTID": 91893, "id": "NEWORLEANS_2011_20222021G-31817-21", "x": -90.057815551757812, "y": 29.960668563842773, "robbery": 1 }, "geometry": { "type": "Point", "coordinates": [ -90.057815551999965, 29.960668564000059 ] } },
{ "type": "Feature", "properties": { "OBJECTID": 91894, "id": "NEWORLEANS_2011_20222021G-32154-21", "x": -90.082687377929688, "y": 29.962612152099609, "robbery": 1 }, "geometry": { "type": "Point", "coordinates": [ -90.082687377999946, 29.962612152000077 ] } },
{ "type": "Feature", "properties": { "OBJECTID": 91895, "id": "NEWORLEANS_2011_20222021G-32377-21", "x": -90.076850891113281, "y": 29.977380752563477, "robbery": 1 }, "geometry": { "type": "Point", "coordinates": [ -90.076850890999935, 29.977380753000034 ] } },
{ "type": "Feature", "properties": { "OBJECTID": 91896, "id": "NEWORLEANS_2011_20222021G-32437-21", "x": -90.0653076171875, "y": 29.958911895751953, "robbery": 1 }, "geometry": { "type": "Point", "coordinates": [ -90.065307616999974, 29.958911896000075 ] } },
{ "type": "Feature", "properties": { "OBJECTID": 91897, "id": "NEWORLEANS_2011_20222021G-32796-21", "x": -89.992691040039062, "y": 30.028732299804688, "robbery": 1 }, "geometry": { "type": "Point", "coordinates": [ -89.992691039999954, 30.028732300000058 ] } },
{ "type": "Feature", "properties": { "OBJECTID": 91898, "id": "NEWORLEANS_2011_20222021G-32860-21", "x": -89.958953857421875, "y": 30.048192977905273, "robbery": 1 }, "geometry": { "type": "Point", "coordinates": [ -89.958953856999983, 30.048192978000031 ] } },
{ "type": "Feature", "properties": { "OBJECTID": 91899, "id": "NEWORLEANS_2011_20222021G-32904-21", "x": -90.087493896484375, "y": 29.95599365234375, "robbery": 1 }, "geometry": { "type": "Point", "coordinates": [ -90.087493895999955, 29.955993652000075 ] } },
{ "type": "Feature", "properties": { "OBJECTID": 91900, "id": "NEWORLEANS_2011_20222021G-33717-21", "x": -89.958427429199219, "y": 30.042652130126953, "robbery": 1 }, "geometry": { "type": "Point", "coordinates": [ -89.958427428999983, 30.042652130000079 ] } },
{ "type": "Feature", "properties": { "OBJECTID": 91901, "id": "NEWORLEANS_2011_20222021G-33898-21", "x": -90.100738525390625, "y": 30.028093338012695, "robbery": 1 }, "geometry": { "type": "Point", "coordinates": [ -90.10073852499994, 30.028093338000076 ] } },
{ "type": "Feature", "properties": { "OBJECTID": 91902, "id": "NEWORLEANS_2011_20222021G-34695-21", "x": -89.986083984375, "y": 30.014675140380859, "robbery": 1 }, "geometry": { "type": "Point", "coordinates": [ -89.986083983999947, 30.014675140000065 ] } },
{ "type": "Feature", "properties": { "OBJECTID": 91903, "id": "NEWORLEANS_2011_20222021G-34969-21", "x": -90.0677490234375, "y": 29.956279754638672, "robbery": 1 }, "geometry": { "type": "Point", "coordinates": [ -90.067749022999976, 29.956279755000025 ] } },
{ "type": "Feature", "properties": { "OBJECTID": 91904, "id": "NEWORLEANS_2011_20222021G-35151-21", "x": -90.077407836914062, "y": 29.958606719970703, "robbery": 1 }, "geometry": { "type": "Point", "coordinates": [ -90.077407836999953, 29.958606720000034 ] } },
{ "type": "Feature", "properties": { "OBJECTID": 91905, "id": "NEWORLEANS_2011_20222021G-35712-21", "x": -90.087806701660156, "y": 29.949188232421875, "robbery": 1 }, "geometry": { "type": "Point", "coordinates": [ -90.087806701999966, 29.94918823200004 ] } },
{ "type": "Feature", "properties": { "OBJECTID": 91906, "id": "NEWORLEANS_2011_20222021G-35751-21", "x": -90.055534362792969, "y": 29.967775344848633, "robbery": 1 }, "geometry": { "type": "Point", "coordinates": [ -90.055534362999936, 29.967775345000064 ] } },
{ "type": "Feature", "properties": { "OBJECTID": 91907, "id": "NEWORLEANS_2011_20222021G-36878-21", "x": -90.067070007324219, "y": 29.957040786743164, "robbery": 1 }, "geometry": { "type": "Point", "coordinates": [ -90.067070006999984, 29.957040787000039 ] } },
{ "type": "Feature", "properties": { "OBJECTID": 91908, "id": "NEWORLEANS_2011_20222021G-37003-21", "x": -90.077720642089844, "y": 29.935972213745117, "robbery": 1 }, "geometry": { "type": "Point", "coordinates": [ -90.077720641999974, 29.93597221400006 ] } },
{ "type": "Feature", "properties": { "OBJECTID": 91909, "id": "NEWORLEANS_2011_20222021G-39245-21", "x": -89.985877990722656, "y": 30.009187698364258, "robbery": 1 }, "geometry": { "type": "Point", "coordinates": [ -89.985877990999938, 30.009187698000062 ] } },
{ "type": "Feature", "properties": { "OBJECTID": 91910, "id": "NEWORLEANS_2011_20222021G-39322-21", "x": -89.983230590820312, "y": 29.918113708496094, "robbery": 1 }, "geometry": { "type": "Point", "coordinates": [ -89.983230590999938, 29.918113708000078 ] } },
{ "type": "Feature", "properties": { "OBJECTID": 91911, "id": "NEWORLEANS_2011_20222021H-00046-21", "x": -90.073760986328125, "y": 29.951887130737305, "robbery": 1 }, "geometry": { "type": "Point", "coordinates": [ -90.073760985999968, 29.951887131000035 ] } },
{ "type": "Feature", "properties": { "OBJECTID": 91912, "id": "NEWORLEANS_2011_20222021H-00070-21", "x": -90.000442504882812, "y": 30.026494979858398, "robbery": 1 }, "geometry": { "type": "Point", "coordinates": [ -90.000442504999967, 30.026494980000052 ] } },
{ "type": "Feature", "properties": { "OBJECTID": 91913, "id": "NEWORLEANS_2011_20222021H-00108-21", "x": -90.067184448242188, "y": 29.977327346801758, "robbery": 1 }, "geometry": { "type": "Point", "coordinates": [ -90.067184447999978, 29.977327347000028 ] } },
{ "type": "Feature", "properties": { "OBJECTID": 91914, "id": "NEWORLEANS_2011_20222021H-00872-21", "x": -90.072563171386719, "y": 29.956758499145508, "robbery": 1 }, "geometry": { "type": "Point", "coordinates": [ -90.072563170999956, 29.956758499000046 ] } },
{ "type": "Feature", "properties": { "OBJECTID": 91915, "id": "NEWORLEANS_2011_20222021H-01012-21", "x": -90.065872192382812, "y": 29.941795349121094, "robbery": 1 }, "geometry": { "type": "Point", "coordinates": [ -90.065872191999972, 29.941795349000074 ] } },
{ "type": "Feature", "properties": { "OBJECTID": 91916, "id": "NEWORLEANS_2011_20222021H-01083-21", "x": -90.073760986328125, "y": 29.942020416259766, "robbery": 1 }, "geometry": { "type": "Point", "coordinates": [ -90.073760985999968, 29.942020416000048 ] } },
{ "type": "Feature", "properties": { "OBJECTID": 91917, "id": "NEWORLEANS_2011_20222021H-01290-21", "x": -90.071075439453125, "y": 29.981538772583008, "robbery": 1 }, "geometry": { "type": "Point", "coordinates": [ -90.071075438999969, 29.981538773000068 ] } },
{ "type": "Feature", "properties": { "OBJECTID": 91918, "id": "NEWORLEANS_2011_20222021H-01422-21", "x": -90.088874816894531, "y": 29.9696044921875, "robbery": 1 }, "geometry": { "type": "Point", "coordinates": [ -90.088874816999976, 29.96960449200003 ] } },
{ "type": "Feature", "properties": { "OBJECTID": 91919, "id": "NEWORLEANS_2011_20222021H-01780-21", "x": -90.067413330078125, "y": 29.94694709777832, "robbery": 1 }, "geometry": { "type": "Point", "coordinates": [ -90.067413329999965, 29.946947098000066 ] } },
{ "type": "Feature", "properties": { "OBJECTID": 91920, "id": "NEWORLEANS_2011_20222021H-02244-21", "x": -90.063423156738281, "y": 29.96562385559082, "robbery": 1 }, "geometry": { "type": "Point", "coordinates": [ -90.063423156999988, 29.965623856000036 ] } },
{ "type": "Feature", "properties": { "OBJECTID": 91921, "id": "NEWORLEANS_2011_20222021H-02850-21", "x": -90.075942993164062, "y": 29.943202972412109, "robbery": 1 }, "geometry": { "type": "Point", "coordinates": [ -90.075942992999956, 29.943202972000051 ] } },
{ "type": "Feature", "properties": { "OBJECTID": 91922, "id": "NEWORLEANS_2011_20222021H-03356-21", "x": -90.021797180175781, "y": 30.019144058227539, "robbery": 1 }, "geometry": { "type": "Point", "coordinates": [ -90.021797179999965, 30.019144058000052 ] } },
{ "type": "Feature", "properties": { "OBJECTID": 91923, "id": "NEWORLEANS_2011_20222021H-03483-21", "x": -90.068214416503906, "y": 29.969276428222656, "robbery": 1 }, "geometry": { "type": "Point", "coordinates": [ -90.068214416999979, 29.969276428000057 ] } },
{ "type": "Feature", "properties": { "OBJECTID": 91924, "id": "NEWORLEANS_2011_20222021H-03520-21", "x": -90.064605712890625, "y": 29.966447830200195, "robbery": 1 }, "geometry": { "type": "Point", "coordinates": [ -90.064605712999935, 29.96644783000005 ] } },
{ "type": "Feature", "properties": { "OBJECTID": 91925, "id": "NEWORLEANS_2011_20222021H-03618-21", "x": -90.068275451660156, "y": 29.966606140136719, "robbery": 1 }, "geometry": { "type": "Point", "coordinates": [ -90.068275451999966, 29.966606140000067 ] } },
{ "type": "Feature", "properties": { "OBJECTID": 91926, "id": "NEWORLEANS_2011_20222021H-03625-21", "x": -90.10760498046875, "y": 29.979488372802734, "robbery": 1 }, "geometry": { "type": "Point", "coordinates": [ -90.107604979999962, 29.979488373000038 ] } },
{ "type": "Feature", "properties": { "OBJECTID": 91927, "id": "NEWORLEANS_2011_20222021H-04034-21", "x": -90.0692138671875, "y": 29.956073760986328, "robbery": 1 }, "geometry": { "type": "Point", "coordinates": [ -90.069213866999974, 29.956073761000027 ] } },
{ "type": "Feature", "properties": { "OBJECTID": 91928, "id": "NEWORLEANS_2011_20222021H-06390-21", "x": -90.071144104003906, "y": 29.962533950805664, "robbery": 1 }, "geometry": { "type": "Point", "coordinates": [ -90.071144103999984, 29.962533951000069 ] } },
{ "type": "Feature", "properties": { "OBJECTID": 91929, "id": "NEWORLEANS_2011_20222021H-06517-21", "x": -89.982322692871094, "y": 30.021450042724609, "robbery": 1 }, "geometry": { "type": "Point", "coordinates": [ -89.982322692999958, 30.021450043000073 ] } },
{ "type": "Feature", "properties": { "OBJECTID": 91930, "id": "NEWORLEANS_2011_20222021H-06947-21", "x": -90.0675048828125, "y": 29.952335357666016, "robbery": 1 }, "geometry": { "type": "Point", "coordinates": [ -90.06750488299997, 29.952335358000028 ] } },
{ "type": "Feature", "properties": { "OBJECTID": 91931, "id": "NEWORLEANS_2011_20222021H-07670-21", "x": -89.908935546875, "y": 30.042243957519531, "robbery": 1 }, "geometry": { "type": "Point", "coordinates": [ -89.908935546999942, 30.042243958000029 ] } },
{ "type": "Feature", "properties": { "OBJECTID": 91932, "id": "NEWORLEANS_2011_20222021H-07938-21", "x": -90.067031860351562, "y": 29.96220588684082, "robbery": 1 }, "geometry": { "type": "Point", "coordinates": [ -90.067031859999986, 29.962205887000039 ] } },
{ "type": "Feature", "properties": { "OBJECTID": 91933, "id": "NEWORLEANS_2011_20222021H-07998-21", "x": -90.066802978515625, "y": 29.957433700561523, "robbery": 1 }, "geometry": { "type": "Point", "coordinates": [ -90.066802978999988, 29.95743370100007 ] } },
{ "type": "Feature", "properties": { "OBJECTID": 91934, "id": "NEWORLEANS_2011_20222021H-08898-21", "x": -90.069923400878906, "y": 29.958961486816406, "robbery": 1 }, "geometry": { "type": "Point", "coordinates": [ -90.069923400999983, 29.958961487000067 ] } },
{ "type": "Feature", "properties": { "OBJECTID": 91935, "id": "NEWORLEANS_2011_20222021H-09762-21", "x": -90.0123291015625, "y": 29.920278549194336, "robbery": 1 }, "geometry": { "type": "Point", "coordinates": [ -90.012329101999967, 29.920278549000045 ] } },
{ "type": "Feature", "properties": { "OBJECTID": 91936, "id": "NEWORLEANS_2011_20222021H-10329-21", "x": -90.072456359863281, "y": 29.940711975097656, "robbery": 1 }, "geometry": { "type": "Point", "coordinates": [ -90.07245636, 29.940711975000056 ] } },
{ "type": "Feature", "properties": { "OBJECTID": 91937, "id": "NEWORLEANS_2011_20222021H-11224-21", "x": -90.063484191894531, "y": 29.967170715332031, "robbery": 1 }, "geometry": { "type": "Point", "coordinates": [ -90.063484191999976, 29.967170715000066 ] } },
{ "type": "Feature", "properties": { "OBJECTID": 91938, "id": "NEWORLEANS_2011_20222021H-12059-21", "x": -90.079765319824219, "y": 29.945322036743164, "robbery": 1 }, "geometry": { "type": "Point", "coordinates": [ -90.079765319999979, 29.945322037000039 ] } },
{ "type": "Feature", "properties": { "OBJECTID": 91939, "id": "NEWORLEANS_2011_20222021H-12197-21", "x": -90.027412414550781, "y": 29.93214225769043, "robbery": 1 }, "geometry": { "type": "Point", "coordinates": [ -90.027412414999958, 29.932142258000056 ] } },
{ "type": "Feature", "properties": { "OBJECTID": 91940, "id": "NEWORLEANS_2011_20222021H-12933-21", "x": -89.924095153808594, "y": 30.032482147216797, "robbery": 1 }, "geometry": { "type": "Point", "coordinates": [ -89.924095153999986, 30.032482147000053 ] } },
{ "type": "Feature", "properties": { "OBJECTID": 91941, "id": "NEWORLEANS_2011_20222021H-13071-21", "x": -90.079971313476562, "y": 29.964414596557617, "robbery": 1 }, "geometry": { "type": "Point", "coordinates": [ -90.079971312999987, 29.96441459700003 ] } },
{ "type": "Feature", "properties": { "OBJECTID": 91942, "id": "NEWORLEANS_2011_20222021H-13538-21", "x": -90.015754699707031, "y": 29.906097412109375, "robbery": 1 }, "geometry": { "type": "Point", "coordinates": [ -90.015754699999945, 29.906097412000065 ] } },
{ "type": "Feature", "properties": { "OBJECTID": 91943, "id": "NEWORLEANS_2011_20222021H-13819-21", "x": -90.069816589355469, "y": 29.955482482910156, "robbery": 1 }, "geometry": { "type": "Point", "coordinates": [ -90.06981658899997, 29.955482483000026 ] } },
{ "type": "Feature", "properties": { "OBJECTID": 91944, "id": "NEWORLEANS_2011_20222021H-13827-21", "x": -90.088249206542969, "y": 29.962066650390625, "robbery": 1 }, "geometry": { "type": "Point", "coordinates": [ -90.088249207, 29.962066650000054 ] } },
{ "type": "Feature", "properties": { "OBJECTID": 91945, "id": "NEWORLEANS_2011_20222021H-14843-21", "x": -90.060745239257812, "y": 29.963783264160156, "robbery": 1 }, "geometry": { "type": "Point", "coordinates": [ -90.060745238999971, 29.963783264000028 ] } },
{ "type": "Feature", "properties": { "OBJECTID": 91946, "id": "NEWORLEANS_2011_20222021H-14882-21", "x": -89.961753845214844, "y": 30.020664215087891, "robbery": 1 }, "geometry": { "type": "Point", "coordinates": [ -89.961753844999976, 30.020664215000068 ] } },
{ "type": "Feature", "properties": { "OBJECTID": 91947, "id": "NEWORLEANS_2011_20222021H-14985-21", "x": -90.0789794921875, "y": 29.944908142089844, "robbery": 1 }, "geometry": { "type": "Point", "coordinates": [ -90.078979491999974, 29.944908142000031 ] } },
{ "type": "Feature", "properties": { "OBJECTID": 91948, "id": "NEWORLEANS_2011_20222021H-15273-21", "x": -90.096687316894531, "y": 29.942960739135742, "robbery": 1 }, "geometry": { "type": "Point", "coordinates": [ -90.096687316999976, 29.942960739000057 ] } },
{ "type": "Feature", "properties": { "OBJECTID": 91949, "id": "NEWORLEANS_2011_20222021H-15866-21", "x": -90.057159423828125, "y": 29.969980239868164, "robbery": 1 }, "geometry": { "type": "Point", "coordinates": [ -90.057159423999963, 29.969980240000041 ] } },
{ "type": "Feature", "properties": { "OBJECTID": 91950, "id": "NEWORLEANS_2011_20222021H-16394-21", "x": -90.050994873046875, "y": 29.941324234008789, "robbery": 1 }, "geometry": { "type": "Point", "coordinates": [ -90.050994872999979, 29.941324234000035 ] } },
{ "type": "Feature", "properties": { "OBJECTID": 91951, "id": "NEWORLEANS_2011_20222021H-16442-21", "x": -89.987159729003906, "y": 30.036937713623047, "robbery": 1 }, "geometry": { "type": "Point", "coordinates": [ -89.987159728999984, 30.036937714000032 ] } },
{ "type": "Feature", "properties": { "OBJECTID": 91952, "id": "NEWORLEANS_2011_20222021H-16897-21", "x": -90.081222534179688, "y": 29.968076705932617, "robbery": 1 }, "geometry": { "type": "Point", "coordinates": [ -90.081222533999949, 29.968076706000033 ] } },
{ "type": "Feature", "properties": { "OBJECTID": 91953, "id": "NEWORLEANS_2011_20222021H-17608-21", "x": -90.093856811523438, "y": 29.94525146484375, "robbery": 1 }, "geometry": { "type": "Point", "coordinates": [ -90.093856811999956, 29.945251465000069 ] } },
{ "type": "Feature", "properties": { "OBJECTID": 91954, "id": "NEWORLEANS_2011_20222021H-18749-21", "x": -90.071868896484375, "y": 29.949777603149414, "robbery": 1 }, "geometry": { "type": "Point", "coordinates": [ -90.071868895999955, 29.94977760300003 ] } },
{ "type": "Feature", "properties": { "OBJECTID": 91955, "id": "NEWORLEANS_2011_20222021H-19187-21", "x": -90.061050415039062, "y": 29.96044921875, "robbery": 1 }, "geometry": { "type": "Point", "coordinates": [ -90.061050414999954, 29.960449219000054 ] } },
{ "type": "Feature", "properties": { "OBJECTID": 91956, "id": "NEWORLEANS_2011_20222021H-19286-21", "x": -90.112602233886719, "y": 29.963502883911133, "robbery": 1 }, "geometry": { "type": "Point", "coordinates": [ -90.112602233999951, 29.963502884000036 ] } },
{ "type": "Feature", "properties": { "OBJECTID": 91957, "id": "NEWORLEANS_2011_20222021H-19632-21", "x": -90.075103759765625, "y": 29.981410980224609, "robbery": 1 }, "geometry": { "type": "Point", "coordinates": [ -90.07510376, 29.981410980000078 ] } },
{ "type": "Feature", "properties": { "OBJECTID": 91958, "id": "NEWORLEANS_2011_20222021H-20367-21", "x": -90.077239990234375, "y": 29.945415496826172, "robbery": 1 }, "geometry": { "type": "Point", "coordinates": [ -90.077239989999953, 29.945415497000056 ] } },
{ "type": "Feature", "properties": { "OBJECTID": 91959, "id": "NEWORLEANS_2011_20222021H-21003-21", "x": -90.085647583007812, "y": 29.975700378417969, "robbery": 1 }, "geometry": { "type": "Point", "coordinates": [ -90.085647582999968, 29.975700378000056 ] } },
{ "type": "Feature", "properties": { "OBJECTID": 91960, "id": "NEWORLEANS_2011_20222021H-22398-21", "x": -90.040924072265625, "y": 29.945167541503906, "robbery": 1 }, "geometry": { "type": "Point", "coordinates": [ -90.040924071999939, 29.945167542000036 ] } },
{ "type": "Feature", "properties": { "OBJECTID": 91961, "id": "NEWORLEANS_2011_20222021H-22945-21", "x": -90.047889709472656, "y": 29.970613479614258, "robbery": 1 }, "geometry": { "type": "Point", "coordinates": [ -90.047889708999946, 29.970613480000054 ] } },
{ "type": "Feature", "properties": { "OBJECTID": 91962, "id": "NEWORLEANS_2011_20222021H-23268-21", "x": -90.100997924804688, "y": 29.951787948608398, "robbery": 1 }, "geometry": { "type": "Point", "coordinates": [ -90.100997924999945, 29.95178794900005 ] } },
{ "type": "Feature", "properties": { "OBJECTID": 91963, "id": "NEWORLEANS_2011_20222021H-23592-21", "x": -90.079544067382812, "y": 29.92236328125, "robbery": 1 }, "geometry": { "type": "Point", "coordinates": [ -90.079544066999972, 29.922363281000059 ] } },
{ "type": "Feature", "properties": { "OBJECTID": 91964, "id": "NEWORLEANS_2011_20222021H-23843-21", "x": -90.073829650878906, "y": 29.954015731811523, "robbery": 1 }, "geometry": { "type": "Point", "coordinates": [ -90.073829650999983, 29.954015732000073 ] } },
{ "type": "Feature", "properties": { "OBJECTID": 91965, "id": "NEWORLEANS_2011_20222021H-23977-21", "x": -90.033790588378906, "y": 29.963886260986328, "robbery": 1 }, "geometry": { "type": "Point", "coordinates": [ -90.033790587999988, 29.963886261000027 ] } },
{ "type": "Feature", "properties": { "OBJECTID": 91966, "id": "NEWORLEANS_2011_20222021H-24267-21", "x": -90.076385498046875, "y": 29.947797775268555, "robbery": 1 }, "geometry": { "type": "Point", "coordinates": [ -90.076385497999979, 29.947797775000026 ] } },
{ "type": "Feature", "properties": { "OBJECTID": 91967, "id": "NEWORLEANS_2011_20222021H-24366-21", "x": -90.07012939453125, "y": 29.975702285766602, "robbery": 1 }, "geometry": { "type": "Point", "coordinates": [ -90.070129394999981, 29.975702286000057 ] } },
{ "type": "Feature", "properties": { "OBJECTID": 91968, "id": "NEWORLEANS_2011_20222021H-25209-21", "x": -89.923294067382812, "y": 30.041238784790039, "robbery": 1 }, "geometry": { "type": "Point", "coordinates": [ -89.923294066999972, 30.041238785000075 ] } },
{ "type": "Feature", "properties": { "OBJECTID": 91969, "id": "NEWORLEANS_2011_20222021H-25364-21", "x": -90.067070007324219, "y": 29.957040786743164, "robbery": 1 }, "geometry": { "type": "Point", "coordinates": [ -90.067070006999984, 29.957040787000039 ] } },
{ "type": "Feature", "properties": { "OBJECTID": 91970, "id": "NEWORLEANS_2011_20222021H-25919-21", "x": -90.004447937011719, "y": 29.932582855224609, "robbery": 1 }, "geometry": { "type": "Point", "coordinates": [ -90.004447936999952, 29.932582855000078 ] } },
{ "type": "Feature", "properties": { "OBJECTID": 91971, "id": "NEWORLEANS_2011_20222021H-26032-21", "x": -89.959854125976562, "y": 30.04435920715332, "robbery": 1 }, "geometry": { "type": "Point", "coordinates": [ -89.959854125999982, 30.04435920700007 ] } },
{ "type": "Feature", "properties": { "OBJECTID": 91972, "id": "NEWORLEANS_2011_20222021H-26160-21", "x": -90.043533325195312, "y": 29.963424682617188, "robbery": 1 }, "geometry": { "type": "Point", "coordinates": [ -90.043533324999942, 29.963424683000028 ] } },
{ "type": "Feature", "properties": { "OBJECTID": 91973, "id": "NEWORLEANS_2011_20222021H-26396-21", "x": -90.048698425292969, "y": 29.974720001220703, "robbery": 1 }, "geometry": { "type": "Point", "coordinates": [ -90.048698424999941, 29.974720001000037 ] } },
{ "type": "Feature", "properties": { "OBJECTID": 91974, "id": "NEWORLEANS_2011_20222021H-26565-21", "x": -90.085960388183594, "y": 29.954729080200195, "robbery": 1 }, "geometry": { "type": "Point", "coordinates": [ -90.085960388, 29.95472908000005 ] } },
{ "type": "Feature", "properties": { "OBJECTID": 91975, "id": "NEWORLEANS_2011_20222021H-26947-21", "x": -89.928535461425781, "y": 30.032520294189453, "robbery": 1 }, "geometry": { "type": "Point", "coordinates": [ -89.928535460999967, 30.032520294000051 ] } },
{ "type": "Feature", "properties": { "OBJECTID": 91976, "id": "NEWORLEANS_2011_20222021H-27163-21", "x": -90.105918884277344, "y": 29.950246810913086, "robbery": 1 }, "geometry": { "type": "Point", "coordinates": [ -90.105918883999948, 29.950246811000056 ] } },
{ "type": "Feature", "properties": { "OBJECTID": 91977, "id": "NEWORLEANS_2011_20222021H-28562-21", "x": -90.0858154296875, "y": 29.919305801391602, "robbery": 1 }, "geometry": { "type": "Point", "coordinates": [ -90.085815429999968, 29.919305801000064 ] } },
{ "type": "Feature", "properties": { "OBJECTID": 91978, "id": "NEWORLEANS_2011_20222021H-28732-21", "x": -90.068038940429688, "y": 29.956056594848633, "robbery": 1 }, "geometry": { "type": "Point", "coordinates": [ -90.068038939999951, 29.956056595000064 ] } },
{ "type": "Feature", "properties": { "OBJECTID": 91979, "id": "NEWORLEANS_2011_20222021H-29866-21", "x": -90.039161682128906, "y": 29.962789535522461, "robbery": 1 }, "geometry": { "type": "Point", "coordinates": [ -90.039161681999985, 29.962789536000059 ] } },
{ "type": "Feature", "properties": { "OBJECTID": 91980, "id": "NEWORLEANS_2011_20222021H-29925-21", "x": -90.045600891113281, "y": 29.967842102050781, "robbery": 1 }, "geometry": { "type": "Point", "coordinates": [ -90.045600890999935, 29.967842102000077 ] } },
{ "type": "Feature", "properties": { "OBJECTID": 91981, "id": "NEWORLEANS_2011_20222021H-29995-22", "x": -90.11114501953125, "y": 29.951333999633789, "robbery": 1 }, "geometry": { "type": "Point", "coordinates": [ -90.111145019999981, 29.951334 ] } },
{ "type": "Feature", "properties": { "OBJECTID": 91982, "id": "NEWORLEANS_2011_20222021H-30787-21", "x": -90.051689147949219, "y": 30.009273529052734, "robbery": 1 }, "geometry": { "type": "Point", "coordinates": [ -90.05168914799998, 30.009273529000041 ] } },
{ "type": "Feature", "properties": { "OBJECTID": 91983, "id": "NEWORLEANS_2011_20222021H-30948-21", "x": -90.053337097167969, "y": 29.981668472290039, "robbery": 1 }, "geometry": { "type": "Point", "coordinates": [ -90.05333709699994, 29.981668472000024 ] } },
{ "type": "Feature", "properties": { "OBJECTID": 91984, "id": "NEWORLEANS_2011_20222021H-30982-21", "x": -90.03729248046875, "y": 29.945045471191406, "robbery": 1 }, "geometry": { "type": "Point", "coordinates": [ -90.037292479999962, 29.945045471000071 ] } },
{ "type": "Feature", "properties": { "OBJECTID": 91985, "id": "NEWORLEANS_2011_20222021H-31150-21", "x": -90.093925476074219, "y": 29.965276718139648, "robbery": 1 }, "geometry": { "type": "Point", "coordinates": [ -90.093925475999981, 29.965276718000041 ] } },
{ "type": "Feature", "properties": { "OBJECTID": 91986, "id": "NEWORLEANS_2011_20222021H-32449-21", "x": -89.960502624511719, "y": 30.047483444213867, "robbery": 1 }, "geometry": { "type": "Point", "coordinates": [ -89.960502624999947, 30.047483444000079 ] } },
{ "type": "Feature", "properties": { "OBJECTID": 91987, "id": "NEWORLEANS_2011_20222021H-32489-21", "x": -89.985847473144531, "y": 30.031530380249023, "robbery": 1 }, "geometry": { "type": "Point", "coordinates": [ -89.985847472999978, 30.031530380000049 ] } },
{ "type": "Feature", "properties": { "OBJECTID": 91988, "id": "NEWORLEANS_2011_20222021H-33183-21", "x": -90.09326171875, "y": 29.931692123413086, "robbery": 1 }, "geometry": { "type": "Point", "coordinates": [ -90.093261718999941, 29.931692123000062 ] } },
{ "type": "Feature", "properties": { "OBJECTID": 91989, "id": "NEWORLEANS_2011_20222021H-33259-21", "x": -90.076164245605469, "y": 29.999465942382812, "robbery": 1 }, "geometry": { "type": "Point", "coordinates": [ -90.076164245999962, 29.999465942000029 ] } },
{ "type": "Feature", "properties": { "OBJECTID": 91990, "id": "NEWORLEANS_2011_20222021H-33919-21", "x": -89.970359802246094, "y": 30.056695938110352, "robbery": 1 }, "geometry": { "type": "Point", "coordinates": [ -89.970359801999962, 30.056695938000075 ] } },
{ "type": "Feature", "properties": { "OBJECTID": 91991, "id": "NEWORLEANS_2011_20222021H-34059-21", "x": -89.9993896484375, "y": 30.025632858276367, "robbery": 1 }, "geometry": { "type": "Point", "coordinates": [ -89.999389647999976, 30.025632858000051 ] } },
{ "type": "Feature", "properties": { "OBJECTID": 91992, "id": "NEWORLEANS_2011_20222021I-00150-21", "x": -89.948432922363281, "y": 30.06395149230957, "robbery": 1 }, "geometry": { "type": "Point", "coordinates": [ -89.948432921999938, 30.063951492000058 ] } },
{ "type": "Feature", "properties": { "OBJECTID": 91993, "id": "NEWORLEANS_2011_20222021I-00254-21", "x": -90.012031555175781, "y": 30.010978698730469, "robbery": 1 }, "geometry": { "type": "Point", "coordinates": [ -90.012031554999965, 30.010978699000077 ] } },
{ "type": "Feature", "properties": { "OBJECTID": 91994, "id": "NEWORLEANS_2011_20222021I-00971-21", "x": -89.973579406738281, "y": 30.046588897705078, "robbery": 1 }, "geometry": { "type": "Point", "coordinates": [ -89.973579406999988, 30.046588898000039 ] } },
{ "type": "Feature", "properties": { "OBJECTID": 91995, "id": "NEWORLEANS_2011_20222021I-01000-21", "x": -90.0789794921875, "y": 29.944908142089844, "robbery": 1 }, "geometry": { "type": "Point", "coordinates": [ -90.078979491999974, 29.944908142000031 ] } },
{ "type": "Feature", "properties": { "OBJECTID": 91996, "id": "NEWORLEANS_2011_20222021I-01581-21", "x": -90.076522827148438, "y": 29.948762893676758, "robbery": 1 }, "geometry": { "type": "Point", "coordinates": [ -90.076522826999962, 29.948762894000026 ] } },
{ "type": "Feature", "properties": { "OBJECTID": 91997, "id": "NEWORLEANS_2011_20222021I-02589-21", "x": -90.107040405273438, "y": 29.939924240112305, "robbery": 1 }, "geometry": { "type": "Point", "coordinates": [ -90.107040404999964, 29.939924240000039 ] } },
{ "type": "Feature", "properties": { "OBJECTID": 91998, "id": "NEWORLEANS_2011_20222021I-03682-21", "x": -90.058479309082031, "y": 30.020866394042969, "robbery": 1 }, "geometry": { "type": "Point", "coordinates": [ -90.058479308999949, 30.020866394000052 ] } },
{ "type": "Feature", "properties": { "OBJECTID": 91999, "id": "NEWORLEANS_2011_20222021I-03800-21", "x": -90.073760986328125, "y": 29.942020416259766, "robbery": 1 }, "geometry": { "type": "Point", "coordinates": [ -90.073760985999968, 29.942020416000048 ] } },
{ "type": "Feature", "properties": { "OBJECTID": 92000, "id": "NEWORLEANS_2011_20222021I-03819-21", "x": -90.077407836914062, "y": 29.945196151733398, "robbery": 1 }, "geometry": { "type": "Point", "coordinates": [ -90.077407836999953, 29.945196152000051 ] } },
{ "type": "Feature", "properties": { "OBJECTID": 92001, "id": "NEWORLEANS_2011_20222021I-04070-21", "x": -90.050643920898438, "y": 29.969175338745117, "robbery": 1 }, "geometry": { "type": "Point", "coordinates": [ -90.05064392099996, 29.96917533900006 ] } },
{ "type": "Feature", "properties": { "OBJECTID": 92002, "id": "NEWORLEANS_2011_20222021I-04678-21", "x": -90.068656921386719, "y": 29.951694488525391, "robbery": 1 }, "geometry": { "type": "Point", "coordinates": [ -90.068656920999956, 29.951694489000033 ] } },
{ "type": "Feature", "properties": { "OBJECTID": 92003, "id": "NEWORLEANS_2011_20222021I-05195-21", "x": -90.063201904296875, "y": 29.984512329101562, "robbery": 1 }, "geometry": { "type": "Point", "coordinates": [ -90.063201903999982, 29.98451232900004 ] } },
{ "type": "Feature", "properties": { "OBJECTID": 92004, "id": "NEWORLEANS_2011_20222021I-07462-21", "x": -90.065719604492188, "y": 29.971292495727539, "robbery": 1 }, "geometry": { "type": "Point", "coordinates": [ -90.06571960399998, 29.971292496000046 ] } },
{ "type": "Feature", "properties": { "OBJECTID": 92005, "id": "NEWORLEANS_2011_20222021I-07545-21", "x": -90.063270568847656, "y": 29.971153259277344, "robbery": 1 }, "geometry": { "type": "Point", "coordinates": [ -90.06327056899994, 29.971153259000062 ] } },
{ "type": "Feature", "properties": { "OBJECTID": 92006, "id": "NEWORLEANS_2011_20222021I-07814-21", "x": -90.019950866699219, "y": 29.929973602294922, "robbery": 1 }, "geometry": { "type": "Point", "coordinates": [ -90.019950866999977, 29.929973602000075 ] } },
{ "type": "Feature", "properties": { "OBJECTID": 92007, "id": "NEWORLEANS_2011_20222021I-08781-21", "x": -90.115699768066406, "y": 29.963716506958008, "robbery": 1 }, "geometry": { "type": "Point", "coordinates": [ -90.115699767999956, 29.963716507000072 ] } },
{ "type": "Feature", "properties": { "OBJECTID": 92008, "id": "NEWORLEANS_2011_20222021I-10263-21", "x": -90.107070922851562, "y": 29.968677520751953, "robbery": 1 }, "geometry": { "type": "Point", "coordinates": [ -90.107070922999981, 29.968677521000075 ] } },
{ "type": "Feature", "properties": { "OBJECTID": 92009, "id": "NEWORLEANS_2011_20222021I-12801-21", "x": -90.106773376464844, "y": 29.928239822387695, "robbery": 1 }, "geometry": { "type": "Point", "coordinates": [ -90.106773375999978, 29.928239822000023 ] } },
{ "type": "Feature", "properties": { "OBJECTID": 92010, "id": "NEWORLEANS_2011_20222021I-12878-21", "x": -90.094207763671875, "y": 29.978214263916016, "robbery": 1 }, "geometry": { "type": "Point", "coordinates": [ -90.094207763999975, 29.97821426400003 ] } },
{ "type": "Feature", "properties": { "OBJECTID": 92011, "id": "NEWORLEANS_2011_20222021I-12949-21", "x": -89.992210388183594, "y": 30.015779495239258, "robbery": 1 }, "geometry": { "type": "Point", "coordinates": [ -89.992210388, 30.015779495000061 ] } },
{ "type": "Feature", "properties": { "OBJECTID": 92012, "id": "NEWORLEANS_2011_20222021I-13389-21", "x": -90.081527709960938, "y": 29.963102340698242, "robbery": 1 }, "geometry": { "type": "Point", "coordinates": [ -90.081527709999989, 29.963102341000024 ] } },
{ "type": "Feature", "properties": { "OBJECTID": 92013, "id": "NEWORLEANS_2011_20222021I-13398-21", "x": -90.087142944335938, "y": 29.944808959960938, "robbery": 1 }, "geometry": { "type": "Point", "coordinates": [ -90.087142943999936, 29.944808960000046 ] } },
{ "type": "Feature", "properties": { "OBJECTID": 92014, "id": "NEWORLEANS_2011_20222021I-13577-21", "x": -90.101211547851562, "y": 29.930553436279297, "robbery": 1 }, "geometry": { "type": "Point", "coordinates": [ -90.101211547999981, 29.930553436000025 ] } },
{ "type": "Feature", "properties": { "OBJECTID": 92015, "id": "NEWORLEANS_2011_20222021I-14800-21", "x": -89.997573852539062, "y": 29.900711059570312, "robbery": 1 }, "geometry": { "type": "Point", "coordinates": [ -89.997573852999949, 29.900711060000049 ] } },
{ "type": "Feature", "properties": { "OBJECTID": 92016, "id": "NEWORLEANS_2011_20222021I-14931-21", "x": -90.106925964355469, "y": 30.022903442382812, "robbery": 1 }, "geometry": { "type": "Point", "coordinates": [ -90.10692596399997, 30.022903442000029 ] } },
{ "type": "Feature", "properties": { "OBJECTID": 92017, "id": "NEWORLEANS_2011_20222021I-15070-21", "x": -90.025856018066406, "y": 29.958126068115234, "robbery": 1 }, "geometry": { "type": "Point", "coordinates": [ -90.025856017999956, 29.95812606800007 ] } },
{ "type": "Feature", "properties": { "OBJECTID": 92018, "id": "NEWORLEANS_2011_20222021I-15372-21", "x": -90.043052673339844, "y": 29.965482711791992, "robbery": 1 }, "geometry": { "type": "Point", "coordinates": [ -90.043052672999977, 29.965482712000039 ] } },
{ "type": "Feature", "properties": { "OBJECTID": 92019, "id": "NEWORLEANS_2011_20222021I-15464-21", "x": -89.958213806152344, "y": 30.047475814819336, "robbery": 1 }, "geometry": { "type": "Point", "coordinates": [ -89.958213805999947, 30.047475815000041 ] } },
{ "type": "Feature", "properties": { "OBJECTID": 92020, "id": "NEWORLEANS_2011_20222021I-16321-21", "x": -89.994590759277344, "y": 30.031345367431641, "robbery": 1 }, "geometry": { "type": "Point", "coordinates": [ -89.994590758999948, 30.031345367000029 ] } },
{ "type": "Feature", "properties": { "OBJECTID": 92021, "id": "NEWORLEANS_2011_20222021I-17547-21", "x": -89.925872802734375, "y": 30.059173583984375, "robbery": 1 }, "geometry": { "type": "Point", "coordinates": [ -89.925872802999947, 30.059173584000064 ] } },
{ "type": "Feature", "properties": { "OBJECTID": 92022, "id": "NEWORLEANS_2011_20222021I-17680-21", "x": -90.0421142578125, "y": 29.965530395507812, "robbery": 1 }, "geometry": { "type": "Point", "coordinates": [ -90.04211425799997, 29.965530396000077 ] } },
{ "type": "Feature", "properties": { "OBJECTID": 92023, "id": "NEWORLEANS_2011_20222021I-18361-21", "x": -89.962547302246094, "y": 30.048177719116211, "robbery": 1 }, "geometry": { "type": "Point", "coordinates": [ -89.962547301999962, 30.048177719000023 ] } },
{ "type": "Feature", "properties": { "OBJECTID": 92024, "id": "NEWORLEANS_2011_20222021I-18387-21", "x": -90.043586730957031, "y": 29.961973190307617, "robbery": 1 }, "geometry": { "type": "Point", "coordinates": [ -90.043586730999948, 29.961973190000037 ] } },
{ "type": "Feature", "properties": { "OBJECTID": 92025, "id": "NEWORLEANS_2011_20222021I-18726-21", "x": -89.967453002929688, "y": 30.020841598510742, "robbery": 1 }, "geometry": { "type": "Point", "coordinates": [ -89.967453002999946, 30.02084159900005 ] } },
{ "type": "Feature", "properties": { "OBJECTID": 92026, "id": "NEWORLEANS_2011_20222021I-18887-21", "x": -90.101448059082031, "y": 29.940183639526367, "robbery": 1 }, "geometry": { "type": "Point", "coordinates": [ -90.101448058999949, 29.940183640000043 ] } },
{ "type": "Feature", "properties": { "OBJECTID": 92027, "id": "NEWORLEANS_2011_20222021I-20823-21", "x": -90.089080810546875, "y": 29.946033477783203, "robbery": 1 }, "geometry": { "type": "Point", "coordinates": [ -90.089080810999974, 29.946033478000061 ] } },
{ "type": "Feature", "properties": { "OBJECTID": 92028, "id": "NEWORLEANS_2011_20222021I-21867-21", "x": -90.041282653808594, "y": 29.991182327270508, "robbery": 1 }, "geometry": { "type": "Point", "coordinates": [ -90.041282653999986, 29.991182327000047 ] } },
{ "type": "Feature", "properties": { "OBJECTID": 92029, "id": "NEWORLEANS_2011_20222021I-22948-21", "x": -89.922935485839844, "y": 30.037012100219727, "robbery": 1 }, "geometry": { "type": "Point", "coordinates": [ -89.922935485999972, 30.037012100000027 ] } },
{ "type": "Feature", "properties": { "OBJECTID": 92030, "id": "NEWORLEANS_2011_20222021I-22956-21", "x": -89.930435180664062, "y": 30.040088653564453, "robbery": 1 }, "geometry": { "type": "Point", "coordinates": [ -89.93043518099995, 30.040088654000044 ] } },
{ "type": "Feature", "properties": { "OBJECTID": 92031, "id": "NEWORLEANS_2011_20222021I-24468-21", "x": -90.018302917480469, "y": 29.931362152099609, "robbery": 1 }, "geometry": { "type": "Point", "coordinates": [ -90.018302916999971, 29.931362152000077 ] } },
{ "type": "Feature", "properties": { "OBJECTID": 92032, "id": "NEWORLEANS_2011_20222021I-25433-21", "x": -90.083297729492188, "y": 29.942165374755859, "robbery": 1 }, "geometry": { "type": "Point", "coordinates": [ -90.08329772899998, 29.942165375000059 ] } },
{ "type": "Feature", "properties": { "OBJECTID": 92033, "id": "NEWORLEANS_2011_20222021I-25512-21", "x": -90.055915832519531, "y": 29.97254753112793, "robbery": 1 }, "geometry": { "type": "Point", "coordinates": [ -90.055915832999972, 29.972547531000032 ] } },
{ "type": "Feature", "properties": { "OBJECTID": 92034, "id": "NEWORLEANS_2011_20222021I-26778-21", "x": -90.062568664550781, "y": 29.966499328613281, "robbery": 1 }, "geometry": { "type": "Point", "coordinates": [ -90.062568664999958, 29.966499329000044 ] } },
{ "type": "Feature", "properties": { "OBJECTID": 92035, "id": "NEWORLEANS_2011_20222021I-27336-21", "x": -90.0335693359375, "y": 29.971750259399414, "robbery": 1 }, "geometry": { "type": "Point", "coordinates": [ -90.033569335999971, 29.971750259000032 ] } },
{ "type": "Feature", "properties": { "OBJECTID": 92036, "id": "NEWORLEANS_2011_20222021I-27970-21", "x": -90.042854309082031, "y": 29.965681076049805, "robbery": 1 }, "geometry": { "type": "Point", "coordinates": [ -90.042854308999949, 29.965681076000067 ] } },
{ "type": "Feature", "properties": { "OBJECTID": 92037, "id": "NEWORLEANS_2011_20222021I-29805-21", "x": -90.013259887695312, "y": 30.023021697998047, "robbery": 1 }, "geometry": { "type": "Point", "coordinates": [ -90.013259887999936, 30.023021698000036 ] } },
{ "type": "Feature", "properties": { "OBJECTID": 92038, "id": "NEWORLEANS_2011_20222021I-30192-21", "x": -90.055168151855469, "y": 29.964845657348633, "robbery": 1 }, "geometry": { "type": "Point", "coordinates": [ -90.055168151999965, 29.964845657000069 ] } },
{ "type": "Feature", "properties": { "OBJECTID": 92039, "id": "NEWORLEANS_2011_20222021I-30933-21", "x": -90.115089416503906, "y": 29.968526840209961, "robbery": 1 }, "geometry": { "type": "Point", "coordinates": [ -90.115089416999979, 29.968526840000038 ] } },
{ "type": "Feature", "properties": { "OBJECTID": 92040, "id": "NEWORLEANS_2011_20222021I-31240-21", "x": -90.075469970703125, "y": 29.952163696289062, "robbery": 1 }, "geometry": { "type": "Point", "coordinates": [ -90.075469970999961, 29.952163696000071 ] } },
{ "type": "Feature", "properties": { "OBJECTID": 92041, "id": "NEWORLEANS_2011_20222021I-31736-21", "x": -90.068504333496094, "y": 29.95875358581543, "robbery": 1 }, "geometry": { "type": "Point", "coordinates": [ -90.068504332999964, 29.958753586000057 ] } },
{ "type": "Feature", "properties": { "OBJECTID": 92042, "id": "NEWORLEANS_2011_20222021I-32470-21", "x": -90.054985046386719, "y": 29.968910217285156, "robbery": 1 }, "geometry": { "type": "Point", "coordinates": [ -90.054985045999956, 29.96891021700003 ] } },
{ "type": "Feature", "properties": { "OBJECTID": 92043, "id": "NEWORLEANS_2011_20222021I-33002-21", "x": -90.070060729980469, "y": 29.953701019287109, "robbery": 1 }, "geometry": { "type": "Point", "coordinates": [ -90.070060729999966, 29.95370101900005 ] } },
{ "type": "Feature", "properties": { "OBJECTID": 92044, "id": "NEWORLEANS_2011_20222021I-33752-21", "x": -90.066307067871094, "y": 29.957992553710938, "robbery": 1 }, "geometry": { "type": "Point", "coordinates": [ -90.066307067999958, 29.957992554000043 ] } },
{ "type": "Feature", "properties": { "OBJECTID": 92045, "id": "NEWORLEANS_2011_20222021I-34069-21", "x": -90.067352294921875, "y": 29.955022811889648, "robbery": 1 }, "geometry": { "type": "Point", "coordinates": [ -90.067352294999978, 29.955022812000038 ] } },
{ "type": "Feature", "properties": { "OBJECTID": 92046, "id": "NEWORLEANS_2011_20222021I-34783-21", "x": -90.056922912597656, "y": 29.972864151000977, "robbery": 1 }, "geometry": { "type": "Point", "coordinates": [ -90.056922912999937, 29.972864151000067 ] } },
{ "type": "Feature", "properties": { "OBJECTID": 92047, "id": "NEWORLEANS_2011_20222021I-35056-21", "x": -90.087890625, "y": 29.961828231811523, "robbery": 1 }, "geometry": { "type": "Point", "coordinates": [ -90.087890624999943, 29.961828232000073 ] } },
{ "type": "Feature", "properties": { "OBJECTID": 92048, "id": "NEWORLEANS_2011_20222021I-35088-21", "x": -90.022560119628906, "y": 29.920886993408203, "robbery": 1 }, "geometry": { "type": "Point", "coordinates": [ -90.02256011999998, 29.920886993000067 ] } },
{ "type": "Feature", "properties": { "OBJECTID": 92049, "id": "NEWORLEANS_2011_20222021J-01455-21", "x": -90.069114685058594, "y": 29.957883834838867, "robbery": 1 }, "geometry": { "type": "Point", "coordinates": [ -90.069114684999988, 29.957883835000075 ] } },
{ "type": "Feature", "properties": { "OBJECTID": 92050, "id": "NEWORLEANS_2011_20222021J-01465-21", "x": -90.069419860839844, "y": 29.957725524902344, "robbery": 1 }, "geometry": { "type": "Point", "coordinates": [ -90.069419860999972, 29.957725525000058 ] } },
{ "type": "Feature", "properties": { "OBJECTID": 92051, "id": "NEWORLEANS_2011_20222021J-01745-21", "x": -89.980979919433594, "y": 30.044170379638672, "robbery": 1 }, "geometry": { "type": "Point", "coordinates": [ -89.980979918999935, 30.044170380000025 ] } },
{ "type": "Feature", "properties": { "OBJECTID": 92052, "id": "NEWORLEANS_2011_20222021J-02286-21", "x": -90.042953491210938, "y": 29.965349197387695, "robbery": 1 }, "geometry": { "type": "Point", "coordinates": [ -90.042953490999935, 29.965349197000023 ] } },
{ "type": "Feature", "properties": { "OBJECTID": 92053, "id": "NEWORLEANS_2011_20222021J-02475-21", "x": -90.065505981445312, "y": 29.962112426757812, "robbery": 1 }, "geometry": { "type": "Point", "coordinates": [ -90.065505980999944, 29.962112427000079 ] } },
{ "type": "Feature", "properties": { "OBJECTID": 92054, "id": "NEWORLEANS_2011_20222021J-05482-21", "x": -90.10882568359375, "y": 30.017210006713867, "robbery": 1 }, "geometry": { "type": "Point", "coordinates": [ -90.108825683999953, 30.017210007000074 ] } },
{ "type": "Feature", "properties": { "OBJECTID": 92055, "id": "NEWORLEANS_2011_20222021J-05506-21", "x": -90.094612121582031, "y": 29.945606231689453, "robbery": 1 }, "geometry": { "type": "Point", "coordinates": [ -90.094612121999944, 29.945606232000046 ] } },
{ "type": "Feature", "properties": { "OBJECTID": 92056, "id": "NEWORLEANS_2011_20222021J-06404-21", "x": -90.0672607421875, "y": 29.958427429199219, "robbery": 1 }, "geometry": { "type": "Point", "coordinates": [ -90.067260741999974, 29.958427429000039 ] } },
{ "type": "Feature", "properties": { "OBJECTID": 92057, "id": "NEWORLEANS_2011_20222021J-06906-21", "x": -90.099388122558594, "y": 29.969615936279297, "robbery": 1 }, "geometry": { "type": "Point", "coordinates": [ -90.099388122999983, 29.969615936000025 ] } },
{ "type": "Feature", "properties": { "OBJECTID": 92058, "id": "NEWORLEANS_2011_20222021J-07013-21", "x": -90.106544494628906, "y": 29.935049057006836, "robbery": 1 }, "geometry": { "type": "Point", "coordinates": [ -90.10654449499998, 29.935049057000072 ] } },
{ "type": "Feature", "properties": { "OBJECTID": 92059, "id": "NEWORLEANS_2011_20222021J-07033-21", "x": -90.087669372558594, "y": 29.923526763916016, "robbery": 1 }, "geometry": { "type": "Point", "coordinates": [ -90.087669372999983, 29.92352676400003 ] } },
{ "type": "Feature", "properties": { "OBJECTID": 92060, "id": "NEWORLEANS_2011_20222021J-07677-21", "x": -90.0771484375, "y": 29.944023132324219, "robbery": 1 }, "geometry": { "type": "Point", "coordinates": [ -90.077148437999938, 29.944023132000041 ] } },
{ "type": "Feature", "properties": { "OBJECTID": 92061, "id": "NEWORLEANS_2011_20222021J-08749-21", "x": -90.087455749511719, "y": 29.923620223999023, "robbery": 1 }, "geometry": { "type": "Point", "coordinates": [ -90.087455749999947, 29.923620224000047 ] } },
{ "type": "Feature", "properties": { "OBJECTID": 92062, "id": "NEWORLEANS_2011_20222021J-09368-21", "x": -90.067451477050781, "y": 29.961408615112305, "robbery": 1 }, "geometry": { "type": "Point", "coordinates": [ -90.067451476999963, 29.961408615000039 ] } },
{ "type": "Feature", "properties": { "OBJECTID": 92063, "id": "NEWORLEANS_2011_20222021J-10027-21", "x": -90.064483642578125, "y": 29.966360092163086, "robbery": 1 }, "geometry": { "type": "Point", "coordinates": [ -90.06448364299996, 29.966360092000059 ] } },
{ "type": "Feature", "properties": { "OBJECTID": 92064, "id": "NEWORLEANS_2011_20222021J-10470-21", "x": -90.064888000488281, "y": 29.959484100341797, "robbery": 1 }, "geometry": { "type": "Point", "coordinates": [ -90.064888, 29.959484100000054 ] } },
{ "type": "Feature", "properties": { "OBJECTID": 92065, "id": "NEWORLEANS_2011_20222021J-10835-21", "x": -90.046646118164062, "y": 29.977312088012695, "robbery": 1 }, "geometry": { "type": "Point", "coordinates": [ -90.046646117999956, 29.977312088000076 ] } },
{ "type": "Feature", "properties": { "OBJECTID": 92066, "id": "NEWORLEANS_2011_20222021J-12410-21", "x": -89.972389221191406, "y": 30.017578125, "robbery": 1 }, "geometry": { "type": "Point", "coordinates": [ -89.972389220999958, 30.017578125000057 ] } },
{ "type": "Feature", "properties": { "OBJECTID": 92067, "id": "NEWORLEANS_2011_20222021J-12825-21", "x": -90.009796142578125, "y": 30.010746002197266, "robbery": 1 }, "geometry": { "type": "Point", "coordinates": [ -90.00979614299996, 30.010746002000076 ] } },
{ "type": "Feature", "properties": { "OBJECTID": 92068, "id": "NEWORLEANS_2011_20222021J-13275-21", "x": -90.074729919433594, "y": 29.937536239624023, "robbery": 1 }, "geometry": { "type": "Point", "coordinates": [ -90.074729918999935, 29.937536240000043 ] } },
{ "type": "Feature", "properties": { "OBJECTID": 92069, "id": "NEWORLEANS_2011_20222021J-13358-21", "x": -90.02276611328125, "y": 29.921878814697266, "robbery": 1 }, "geometry": { "type": "Point", "coordinates": [ -90.022766112999989, 29.921878815000071 ] } },
{ "type": "Feature", "properties": { "OBJECTID": 92070, "id": "NEWORLEANS_2011_20222021J-13631-21", "x": -90.073760986328125, "y": 29.942020416259766, "robbery": 1 }, "geometry": { "type": "Point", "coordinates": [ -90.073760985999968, 29.942020416000048 ] } },
{ "type": "Feature", "properties": { "OBJECTID": 92071, "id": "NEWORLEANS_2011_20222021J-13742-21", "x": -90.069862365722656, "y": 29.968399047851562, "robbery": 1 }, "geometry": { "type": "Point", "coordinates": [ -90.069862365999938, 29.968399048000038 ] } },
{ "type": "Feature", "properties": { "OBJECTID": 92072, "id": "NEWORLEANS_2011_20222021J-15993-21", "x": -89.979019165039062, "y": 30.045940399169922, "robbery": 1 }, "geometry": { "type": "Point", "coordinates": [ -89.979019164999954, 30.045940399000074 ] } },
{ "type": "Feature", "properties": { "OBJECTID": 92073, "id": "NEWORLEANS_2011_20222021J-17300-21", "x": -89.9935302734375, "y": 30.031082153320312, "robbery": 1 }, "geometry": { "type": "Point", "coordinates": [ -89.993530272999976, 30.031082153000057 ] } },
{ "type": "Feature", "properties": { "OBJECTID": 92074, "id": "NEWORLEANS_2011_20222021J-17524-21", "x": -90.021202087402344, "y": 30.012073516845703, "robbery": 1 }, "geometry": { "type": "Point", "coordinates": [ -90.021202086999949, 30.012073517000033 ] } },
{ "type": "Feature", "properties": { "OBJECTID": 92075, "id": "NEWORLEANS_2011_20222021J-18123-21", "x": -90.007781982421875, "y": 29.92369270324707, "robbery": 1 }, "geometry": { "type": "Point", "coordinates": [ -90.007781981999983, 29.923692703000029 ] } },
{ "type": "Feature", "properties": { "OBJECTID": 92076, "id": "NEWORLEANS_2011_20222021J-18181-21", "x": -90.080398559570312, "y": 29.96696662902832, "robbery": 1 }, "geometry": { "type": "Point", "coordinates": [ -90.080398559999935, 29.966966629000069 ] } },
{ "type": "Feature", "properties": { "OBJECTID": 92077, "id": "NEWORLEANS_2011_20222021J-18605-21", "x": -90.043220520019531, "y": 29.964916229248047, "robbery": 1 }, "geometry": { "type": "Point", "coordinates": [ -90.043220519999977, 29.964916229000039 ] } },
{ "type": "Feature", "properties": { "OBJECTID": 92078, "id": "NEWORLEANS_2011_20222021J-18980-21", "x": -90.0413818359375, "y": 29.93798828125, "robbery": 1 }, "geometry": { "type": "Point", "coordinates": [ -90.041381835999971, 29.937988281000059 ] } },
{ "type": "Feature", "properties": { "OBJECTID": 92079, "id": "NEWORLEANS_2011_20222021J-19031-21", "x": -90.071701049804688, "y": 29.952081680297852, "robbery": 1 }, "geometry": { "type": "Point", "coordinates": [ -90.071701049999945, 29.952081680000049 ] } },
{ "type": "Feature", "properties": { "OBJECTID": 92080, "id": "NEWORLEANS_2011_20222021J-19319-21", "x": -90.049713134765625, "y": 29.964508056640625, "robbery": 1 }, "geometry": { "type": "Point", "coordinates": [ -90.049713135, 29.964508057000046 ] } },
{ "type": "Feature", "properties": { "OBJECTID": 92081, "id": "NEWORLEANS_2011_20222021J-20050-21", "x": -90.063491821289062, "y": 29.956432342529297, "robbery": 1 }, "geometry": { "type": "Point", "coordinates": [ -90.063491820999957, 29.956432343000074 ] } },
{ "type": "Feature", "properties": { "OBJECTID": 92082, "id": "NEWORLEANS_2011_20222021J-20064-21", "x": -90.052658081054688, "y": 29.973892211914062, "robbery": 1 }, "geometry": { "type": "Point", "coordinates": [ -90.052658080999947, 29.973892212000067 ] } },
{ "type": "Feature", "properties": { "OBJECTID": 92083, "id": "NEWORLEANS_2011_20222021J-20546-21", "x": -90.096702575683594, "y": 29.927989959716797, "robbery": 1 }, "geometry": { "type": "Point", "coordinates": [ -90.096702575999984, 29.927989960000048 ] } },
{ "type": "Feature", "properties": { "OBJECTID": 92084, "id": "NEWORLEANS_2011_20222021J-23282-21", "x": -90.092933654785156, "y": 29.934144973754883, "robbery": 1 }, "geometry": { "type": "Point", "coordinates": [ -90.092933654999968, 29.934144974000048 ] } },
{ "type": "Feature", "properties": { "OBJECTID": 92085, "id": "NEWORLEANS_2011_20222021J-24554-21", "x": -90.057762145996094, "y": 29.97868537902832, "robbery": 1 }, "geometry": { "type": "Point", "coordinates": [ -90.057762145999959, 29.978685379000069 ] } },
{ "type": "Feature", "properties": { "OBJECTID": 92086, "id": "NEWORLEANS_2011_20222021J-24773-21", "x": -90.070625305175781, "y": 29.974679946899414, "robbery": 1 }, "geometry": { "type": "Point", "coordinates": [ -90.070625304999965, 29.974679947000027 ] } },
{ "type": "Feature", "properties": { "OBJECTID": 92087, "id": "NEWORLEANS_2011_20222021J-24809-21", "x": -90.086585998535156, "y": 29.999382019042969, "robbery": 1 }, "geometry": { "type": "Point", "coordinates": [ -90.086585998999965, 29.999382019000052 ] } },
{ "type": "Feature", "properties": { "OBJECTID": 92088, "id": "NEWORLEANS_2011_20222021J-26667-21", "x": -90.065078735351562, "y": 29.96406364440918, "robbery": 1 }, "geometry": { "type": "Point", "coordinates": [ -90.065078734999986, 29.964063644000078 ] } },
{ "type": "Feature", "properties": { "OBJECTID": 92089, "id": "NEWORLEANS_2011_20222021J-27620-21", "x": -90.010597229003906, "y": 30.023582458496094, "robbery": 1 }, "geometry": { "type": "Point", "coordinates": [ -90.010597228999984, 30.023582458000078 ] } },
{ "type": "Feature", "properties": { "OBJECTID": 92090, "id": "NEWORLEANS_2011_20222021J-28872-21", "x": -90.068809509277344, "y": 29.958408355712891, "robbery": 1 }, "geometry": { "type": "Point", "coordinates": [ -90.068809508999948, 29.958408356000064 ] } },
{ "type": "Feature", "properties": { "OBJECTID": 92091, "id": "NEWORLEANS_2011_20222021J-28983-21", "x": -90.0693359375, "y": 29.983011245727539, "robbery": 1 }, "geometry": { "type": "Point", "coordinates": [ -90.069335937999938, 29.983011246000046 ] } },
{ "type": "Feature", "properties": { "OBJECTID": 92092, "id": "NEWORLEANS_2011_20222021J-29088-21", "x": -90.048423767089844, "y": 29.976823806762695, "robbery": 1 }, "geometry": { "type": "Point", "coordinates": [ -90.048423766999974, 29.976823807000073 ] } },
{ "type": "Feature", "properties": { "OBJECTID": 92093, "id": "NEWORLEANS_2011_20222021J-29560-21", "x": -90.00238037109375, "y": 29.933437347412109, "robbery": 1 }, "geometry": { "type": "Point", "coordinates": [ -90.002380370999958, 29.933437347000051 ] } },
{ "type": "Feature", "properties": { "OBJECTID": 92094, "id": "NEWORLEANS_2011_20222021J-31351-21", "x": -89.962806701660156, "y": 30.059167861938477, "robbery": 1 }, "geometry": { "type": "Point", "coordinates": [ -89.962806701999966, 30.059167862000038 ] } },
{ "type": "Feature", "properties": { "OBJECTID": 92095, "id": "NEWORLEANS_2011_20222021J-31567-21", "x": -90.034675598144531, "y": 29.964204788208008, "robbery": 1 }, "geometry": { "type": "Point", "coordinates": [ -90.034675597999978, 29.964204788000075 ] } },
{ "type": "Feature", "properties": { "OBJECTID": 92096, "id": "NEWORLEANS_2011_20222021J-32461-21", "x": -90.049972534179688, "y": 30.000429153442383, "robbery": 1 }, "geometry": { "type": "Point", "coordinates": [ -90.049972533999949, 30.000429153000027 ] } },
{ "type": "Feature", "properties": { "OBJECTID": 92097, "id": "NEWORLEANS_2011_20222021J-32560-21", "x": -90.062324523925781, "y": 29.949869155883789, "robbery": 1 }, "geometry": { "type": "Point", "coordinates": [ -90.062324523999962, 29.949869156000034 ] } },
{ "type": "Feature", "properties": { "OBJECTID": 92098, "id": "NEWORLEANS_2011_20222021J-33221-21", "x": -90.041435241699219, "y": 29.967784881591797, "robbery": 1 }, "geometry": { "type": "Point", "coordinates": [ -90.041435241999977, 29.967784882000046 ] } },
{ "type": "Feature", "properties": { "OBJECTID": 92099, "id": "NEWORLEANS_2011_20222021J-33385-21", "x": -89.926551818847656, "y": 30.038681030273438, "robbery": 1 }, "geometry": { "type": "Point", "coordinates": [ -89.92655181899994, 30.038681030000077 ] } },
{ "type": "Feature", "properties": { "OBJECTID": 92100, "id": "NEWORLEANS_2011_20222021J-33569-21", "x": -89.95074462890625, "y": 30.065397262573242, "robbery": 1 }, "geometry": { "type": "Point", "coordinates": [ -89.950744628999985, 30.065397263000079 ] } },
{ "type": "Feature", "properties": { "OBJECTID": 92101, "id": "NEWORLEANS_2011_20222021J-33616-21", "x": -90.072120666503906, "y": 29.971982955932617, "robbery": 1 }, "geometry": { "type": "Point", "coordinates": [ -90.072120666999979, 29.971982956000033 ] } },
{ "type": "Feature", "properties": { "OBJECTID": 92102, "id": "NEWORLEANS_2011_20222021J-34489-21", "x": -90.083953857421875, "y": 29.935501098632812, "robbery": 1 }, "geometry": { "type": "Point", "coordinates": [ -90.083953856999983, 29.935501099000078 ] } },
{ "type": "Feature", "properties": { "OBJECTID": 92103, "id": "NEWORLEANS_2011_20222021J-35097-21", "x": -90.089225769042969, "y": 29.973495483398438, "robbery": 1 }, "geometry": { "type": "Point", "coordinates": [ -90.089225768999938, 29.973495483000079 ] } },
{ "type": "Feature", "properties": { "OBJECTID": 92104, "id": "NEWORLEANS_2011_20222021J-35429-21", "x": -90.0709228515625, "y": 29.952726364135742, "robbery": 1 }, "geometry": { "type": "Point", "coordinates": [ -90.070922851999967, 29.952726364000057 ] } },
{ "type": "Feature", "properties": { "OBJECTID": 92105, "id": "NEWORLEANS_2011_20222021J-36027-21", "x": -89.939659118652344, "y": 30.017856597900391, "robbery": 1 }, "geometry": { "type": "Point", "coordinates": [ -89.939659118999941, 30.017856598000037 ] } },
{ "type": "Feature", "properties": { "OBJECTID": 92106, "id": "NEWORLEANS_2011_20222021J-36352-21", "x": -90.066192626953125, "y": 29.964145660400391, "robbery": 1 }, "geometry": { "type": "Point", "coordinates": [ -90.066192626999964, 29.964145660000042 ] } },
{ "type": "Feature", "properties": { "OBJECTID": 92107, "id": "NEWORLEANS_2011_20222021J-36570-21", "x": -90.057777404785156, "y": 29.962955474853516, "robbery": 1 }, "geometry": { "type": "Point", "coordinates": [ -90.057777404999968, 29.962955475000058 ] } },
{ "type": "Feature", "properties": { "OBJECTID": 92108, "id": "NEWORLEANS_2011_20222021J-37086-21", "x": -90.099250793457031, "y": 29.965856552124023, "robbery": 1 }, "geometry": { "type": "Point", "coordinates": [ -90.099250792999953, 29.965856552000048 ] } },
{ "type": "Feature", "properties": { "OBJECTID": 92109, "id": "NEWORLEANS_2011_20222021J-37128-21", "x": -90.088691711425781, "y": 29.946376800537109, "robbery": 1 }, "geometry": { "type": "Point", "coordinates": [ -90.088691710999967, 29.946376801000042 ] } },
{ "type": "Feature", "properties": { "OBJECTID": 92110, "id": "NEWORLEANS_2011_20222021J-37349-21", "x": -90.059280395507812, "y": 29.960691452026367, "robbery": 1 }, "geometry": { "type": "Point", "coordinates": [ -90.059280395999963, 29.960691452000049 ] } },
{ "type": "Feature", "properties": { "OBJECTID": 92111, "id": "NEWORLEANS_2011_20222021J-37557-21", "x": -90.064567565917969, "y": 29.991498947143555, "robbery": 1 }, "geometry": { "type": "Point", "coordinates": [ -90.064567565999937, 29.991498947000025 ] } },
{ "type": "Feature", "properties": { "OBJECTID": 92112, "id": "NEWORLEANS_2011_20222021J-37726-21", "x": -90.107643127441406, "y": 29.969644546508789, "robbery": 1 }, "geometry": { "type": "Point", "coordinates": [ -90.10764312699996, 29.96964454700003 ] } },
{ "type": "Feature", "properties": { "OBJECTID": 92113, "id": "NEWORLEANS_2011_20222021J-38071-21", "x": -89.995399475097656, "y": 30.040246963500977, "robbery": 1 }, "geometry": { "type": "Point", "coordinates": [ -89.995399474999942, 30.040246964000062 ] } },
{ "type": "Feature", "properties": { "OBJECTID": 92114, "id": "NEWORLEANS_2011_20222021J-38075-21", "x": -89.980674743652344, "y": 30.043701171875, "robbery": 1 }, "geometry": { "type": "Point", "coordinates": [ -89.980674743999941, 30.043701172000056 ] } },
{ "type": "Feature", "properties": { "OBJECTID": 92115, "id": "NEWORLEANS_2011_20222021J-38083-21", "x": -89.968925476074219, "y": 30.041765213012695, "robbery": 1 }, "geometry": { "type": "Point", "coordinates": [ -89.968925475999981, 30.041765213000076 ] } },
{ "type": "Feature", "properties": { "OBJECTID": 92116, "id": "NEWORLEANS_2011_20222021J-38159-21", "x": -90.071304321289062, "y": 29.954900741577148, "robbery": 1 }, "geometry": { "type": "Point", "coordinates": [ -90.071304320999957, 29.954900742000063 ] } },
{ "type": "Feature", "properties": { "OBJECTID": 92117, "id": "NEWORLEANS_2011_20222021J-38247-21", "x": -90.037895202636719, "y": 29.969703674316406, "robbery": 1 }, "geometry": { "type": "Point", "coordinates": [ -90.037895202999948, 29.969703674000073 ] } },
{ "type": "Feature", "properties": { "OBJECTID": 92118, "id": "NEWORLEANS_2011_20222021J-38309-21", "x": -89.984405517578125, "y": 30.028947830200195, "robbery": 1 }, "geometry": { "type": "Point", "coordinates": [ -89.98440551799996, 30.02894783000005 ] } },
{ "type": "Feature", "properties": { "OBJECTID": 92119, "id": "NEWORLEANS_2011_20222021J-38562-21", "x": -90.043411254882812, "y": 29.967655181884766, "robbery": 1 }, "geometry": { "type": "Point", "coordinates": [ -90.043411254999967, 29.967655182000044 ] } },
{ "type": "Feature", "properties": { "OBJECTID": 92120, "id": "NEWORLEANS_2011_20222021K-00062-21", "x": -90.072021484375, "y": 29.941194534301758, "robbery": 1 }, "geometry": { "type": "Point", "coordinates": [ -90.072021483999947, 29.941194534000033 ] } },
{ "type": "Feature", "properties": { "OBJECTID": 92121, "id": "NEWORLEANS_2011_20222021K-00433-21", "x": -90.066558837890625, "y": 29.949893951416016, "robbery": 1 }, "geometry": { "type": "Point", "coordinates": [ -90.066558837999935, 29.949893951000035 ] } },
{ "type": "Feature", "properties": { "OBJECTID": 92122, "id": "NEWORLEANS_2011_20222021K-02515-21", "x": -90.042861938476562, "y": 29.967220306396484, "robbery": 1 }, "geometry": { "type": "Point", "coordinates": [ -90.042861937999987, 29.967220306000058 ] } },
{ "type": "Feature", "properties": { "OBJECTID": 92123, "id": "NEWORLEANS_2011_20222021K-02575-21", "x": -90.067604064941406, "y": 29.956539154052734, "robbery": 1 }, "geometry": { "type": "Point", "coordinates": [ -90.067604064999955, 29.956539154000041 ] } },
{ "type": "Feature", "properties": { "OBJECTID": 92124, "id": "NEWORLEANS_2011_20222021K-02579-21", "x": -90.065895080566406, "y": 29.969268798828125, "robbery": 1 }, "geometry": { "type": "Point", "coordinates": [ -90.065895080999951, 29.969268799000076 ] } },
{ "type": "Feature", "properties": { "OBJECTID": 92125, "id": "NEWORLEANS_2011_20222021K-05513-21", "x": -89.930343627929688, "y": 30.039209365844727, "robbery": 1 }, "geometry": { "type": "Point", "coordinates": [ -89.930343627999946, 30.03920936600008 ] } },
{ "type": "Feature", "properties": { "OBJECTID": 92126, "id": "NEWORLEANS_2011_20222021K-07765-21", "x": -90.084922790527344, "y": 29.929391860961914, "robbery": 1 }, "geometry": { "type": "Point", "coordinates": [ -90.08492279099994, 29.929391861000056 ] } },
{ "type": "Feature", "properties": { "OBJECTID": 92127, "id": "NEWORLEANS_2011_20222021K-09653-21", "x": -90.06048583984375, "y": 29.964309692382812, "robbery": 1 }, "geometry": { "type": "Point", "coordinates": [ -90.060485839999956, 29.964309692000029 ] } },
{ "type": "Feature", "properties": { "OBJECTID": 92128, "id": "NEWORLEANS_2011_20222021K-11038-21", "x": -90.055404663085938, "y": 29.967889785766602, "robbery": 1 }, "geometry": { "type": "Point", "coordinates": [ -90.055404663, 29.967889786000057 ] } },
{ "type": "Feature", "properties": { "OBJECTID": 92129, "id": "NEWORLEANS_2011_20222021K-12332-21", "x": -90.031097412109375, "y": 29.973411560058594, "robbery": 1 }, "geometry": { "type": "Point", "coordinates": [ -90.031097411999951, 29.973411560000045 ] } },
{ "type": "Feature", "properties": { "OBJECTID": 92130, "id": "NEWORLEANS_2011_20222021K-12977-21", "x": -90.067863464355469, "y": 29.953836441040039, "robbery": 1 }, "geometry": { "type": "Point", "coordinates": [ -90.06786346399997, 29.953836441000078 ] } },
{ "type": "Feature", "properties": { "OBJECTID": 92131, "id": "NEWORLEANS_2011_20222021K-13545-21", "x": -90.119598388671875, "y": 29.956525802612305, "robbery": 1 }, "geometry": { "type": "Point", "coordinates": [ -90.119598388999975, 29.956525803000034 ] } },
{ "type": "Feature", "properties": { "OBJECTID": 92132, "id": "NEWORLEANS_2011_20222021K-13674-21", "x": -90.095146179199219, "y": 29.942474365234375, "robbery": 1 }, "geometry": { "type": "Point", "coordinates": [ -90.095146178999983, 29.942474365000066 ] } },
{ "type": "Feature", "properties": { "OBJECTID": 92133, "id": "NEWORLEANS_2011_20222021K-14146-21", "x": -90.066123962402344, "y": 29.95318603515625, "robbery": 1 }, "geometry": { "type": "Point", "coordinates": [ -90.066123961999949, 29.953186035000044 ] } },
{ "type": "Feature", "properties": { "OBJECTID": 92134, "id": "NEWORLEANS_2011_20222021K-14759-21", "x": -90.108909606933594, "y": 29.963781356811523, "robbery": 1 }, "geometry": { "type": "Point", "coordinates": [ -90.108909606999987, 29.963781357000073 ] } },
{ "type": "Feature", "properties": { "OBJECTID": 92135, "id": "NEWORLEANS_2011_20222021K-14878-21", "x": -90.088829040527344, "y": 29.936367034912109, "robbery": 1 }, "geometry": { "type": "Point", "coordinates": [ -90.08882904099994, 29.936367035000046 ] } },
{ "type": "Feature", "properties": { "OBJECTID": 92136, "id": "NEWORLEANS_2011_20222021K-15059-21", "x": -90.109718322753906, "y": 29.967800140380859, "robbery": 1 }, "geometry": { "type": "Point", "coordinates": [ -90.109718322999981, 29.967800140000065 ] } },
{ "type": "Feature", "properties": { "OBJECTID": 92137, "id": "NEWORLEANS_2011_20222021K-15323-21", "x": -90.068130493164062, "y": 29.97784423828125, "robbery": 1 }, "geometry": { "type": "Point", "coordinates": [ -90.068130492999956, 29.977844238000046 ] } },
{ "type": "Feature", "properties": { "OBJECTID": 92138, "id": "NEWORLEANS_2011_20222021K-15476-21", "x": -90.078651428222656, "y": 29.933597564697266, "robbery": 1 }, "geometry": { "type": "Point", "coordinates": [ -90.078651427999944, 29.933597565000071 ] } },
{ "type": "Feature", "properties": { "OBJECTID": 92139, "id": "NEWORLEANS_2011_20222021K-16607-21", "x": -90.075973510742188, "y": 29.931478500366211, "robbery": 1 }, "geometry": { "type": "Point", "coordinates": [ -90.075973510999972, 29.931478500000026 ] } },
{ "type": "Feature", "properties": { "OBJECTID": 92140, "id": "NEWORLEANS_2011_20222021K-17188-21", "x": -90.070899963378906, "y": 29.954629898071289, "robbery": 1 }, "geometry": { "type": "Point", "coordinates": [ -90.070899962999988, 29.954629898000064 ] } },
{ "type": "Feature", "properties": { "OBJECTID": 92141, "id": "NEWORLEANS_2011_20222021K-17581-21", "x": -90.068138122558594, "y": 29.954095840454102, "robbery": 1 }, "geometry": { "type": "Point", "coordinates": [ -90.068138122999983, 29.954095840000036 ] } },
{ "type": "Feature", "properties": { "OBJECTID": 92142, "id": "NEWORLEANS_2011_20222021K-18171-21", "x": -90.115463256835938, "y": 29.960830688476562, "robbery": 1 }, "geometry": { "type": "Point", "coordinates": [ -90.115463256999988, 29.960830688000044 ] } },
{ "type": "Feature", "properties": { "OBJECTID": 92143, "id": "NEWORLEANS_2011_20222021K-18237-21", "x": -90.0675048828125, "y": 29.961767196655273, "robbery": 1 }, "geometry": { "type": "Point", "coordinates": [ -90.06750488299997, 29.961767197000029 ] } },
{ "type": "Feature", "properties": { "OBJECTID": 92144, "id": "NEWORLEANS_2011_20222021K-18614-21", "x": -89.995635986328125, "y": 30.02204704284668, "robbery": 1 }, "geometry": { "type": "Point", "coordinates": [ -89.995635985999968, 30.022047043000043 ] } },
{ "type": "Feature", "properties": { "OBJECTID": 92145, "id": "NEWORLEANS_2011_20222021K-18743-21", "x": -90.07025146484375, "y": 29.956703186035156, "robbery": 1 }, "geometry": { "type": "Point", "coordinates": [ -90.070251464999956, 29.956703186000027 ] } },
{ "type": "Feature", "properties": { "OBJECTID": 92146, "id": "NEWORLEANS_2011_20222021K-19518-21", "x": -90.09686279296875, "y": 29.941551208496094, "robbery": 1 }, "geometry": { "type": "Point", "coordinates": [ -90.096862792999957, 29.941551208000078 ] } },
{ "type": "Feature", "properties": { "OBJECTID": 92147, "id": "NEWORLEANS_2011_20222021K-19649-21", "x": -90.084892272949219, "y": 29.94175910949707, "robbery": 1 }, "geometry": { "type": "Point", "coordinates": [ -90.08489227299998, 29.941759109000031 ] } },
{ "type": "Feature", "properties": { "OBJECTID": 92148, "id": "NEWORLEANS_2011_20222021K-19748-21", "x": -90.087287902832031, "y": 29.922487258911133, "robbery": 1 }, "geometry": { "type": "Point", "coordinates": [ -90.087287902999947, 29.922487259000036 ] } },
{ "type": "Feature", "properties": { "OBJECTID": 92149, "id": "NEWORLEANS_2011_20222021K-19778-21", "x": -90.079063415527344, "y": 29.995786666870117, "robbery": 1 }, "geometry": { "type": "Point", "coordinates": [ -90.07906341599994, 29.995786667000061 ] } },
{ "type": "Feature", "properties": { "OBJECTID": 92150, "id": "NEWORLEANS_2011_20222021K-19884-21", "x": -90.066574096679688, "y": 29.956775665283203, "robbery": 1 }, "geometry": { "type": "Point", "coordinates": [ -90.066574096999943, 29.956775665000066 ] } },
{ "type": "Feature", "properties": { "OBJECTID": 92151, "id": "NEWORLEANS_2011_20222021K-20033-21", "x": -90.085845947265625, "y": 29.972036361694336, "robbery": 1 }, "geometry": { "type": "Point", "coordinates": [ -90.085845946999939, 29.97203636200004 ] } },
{ "type": "Feature", "properties": { "OBJECTID": 92152, "id": "NEWORLEANS_2011_20222021K-20062-21", "x": -90.069976806640625, "y": 29.951930999755859, "robbery": 1 }, "geometry": { "type": "Point", "coordinates": [ -90.069976806999989, 29.951931 ] } },
{ "type": "Feature", "properties": { "OBJECTID": 92153, "id": "NEWORLEANS_2011_20222021K-20081-21", "x": -90.069587707519531, "y": 29.94920539855957, "robbery": 1 }, "geometry": { "type": "Point", "coordinates": [ -90.069587707999972, 29.94920539900005 ] } },
{ "type": "Feature", "properties": { "OBJECTID": 92154, "id": "NEWORLEANS_2011_20222021K-20086-21", "x": -90.0709228515625, "y": 29.952726364135742, "robbery": 1 }, "geometry": { "type": "Point", "coordinates": [ -90.070922851999967, 29.952726364000057 ] } },
{ "type": "Feature", "properties": { "OBJECTID": 92155, "id": "NEWORLEANS_2011_20222021K-20751-21", "x": -90.070915222167969, "y": 29.970193862915039, "robbery": 1 }, "geometry": { "type": "Point", "coordinates": [ -90.07091522199994, 29.970193863000077 ] } },
{ "type": "Feature", "properties": { "OBJECTID": 92156, "id": "NEWORLEANS_2011_20222021K-21077-21", "x": -90.108245849609375, "y": 29.932956695556641, "robbery": 1 }, "geometry": { "type": "Point", "coordinates": [ -90.108245849999946, 29.932956696000076 ] } },
{ "type": "Feature", "properties": { "OBJECTID": 92157, "id": "NEWORLEANS_2011_20222021K-21126-21", "x": -90.07281494140625, "y": 29.972784042358398, "robbery": 1 }, "geometry": { "type": "Point", "coordinates": [ -90.072814941, 29.972784042000058 ] } },
{ "type": "Feature", "properties": { "OBJECTID": 92158, "id": "NEWORLEANS_2011_20222021K-21282-21", "x": -89.95965576171875, "y": 30.025609970092773, "robbery": 1 }, "geometry": { "type": "Point", "coordinates": [ -89.959655761999954, 30.025609970000062 ] } },
{ "type": "Feature", "properties": { "OBJECTID": 92159, "id": "NEWORLEANS_2011_20222021K-21351-21", "x": -90.046951293945312, "y": 30.016927719116211, "robbery": 1 }, "geometry": { "type": "Point", "coordinates": [ -90.046951293999939, 30.016927719000023 ] } },
{ "type": "Feature", "properties": { "OBJECTID": 92160, "id": "NEWORLEANS_2011_20222021K-22010-21", "x": -90.085121154785156, "y": 29.922418594360352, "robbery": 1 }, "geometry": { "type": "Point", "coordinates": [ -90.085121154999968, 29.922418594000078 ] } },
{ "type": "Feature", "properties": { "OBJECTID": 92161, "id": "NEWORLEANS_2011_20222021K-22060-21", "x": -90.099945068359375, "y": 29.967039108276367, "robbery": 1 }, "geometry": { "type": "Point", "coordinates": [ -90.099945067999954, 29.967039108000051 ] } },
{ "type": "Feature", "properties": { "OBJECTID": 92162, "id": "NEWORLEANS_2011_20222021K-22608-21", "x": -90.01080322265625, "y": 30.010890960693359, "robbery": 1 }, "geometry": { "type": "Point", "coordinates": [ -90.010803222999982, 30.01089096100003 ] } },
{ "type": "Feature", "properties": { "OBJECTID": 92163, "id": "NEWORLEANS_2011_20222021K-22826-21", "x": -90.082069396972656, "y": 29.941337585449219, "robbery": 1 }, "geometry": { "type": "Point", "coordinates": [ -90.082069396999941, 29.941337585000042 ] } },
{ "type": "Feature", "properties": { "OBJECTID": 92164, "id": "NEWORLEANS_2011_20222021K-22981-21", "x": -90.097282409667969, "y": 29.95850944519043, "robbery": 1 }, "geometry": { "type": "Point", "coordinates": [ -90.09728241, 29.958509445000061 ] } },
{ "type": "Feature", "properties": { "OBJECTID": 92165, "id": "NEWORLEANS_2011_20222021K-23559-21", "x": -90.071220397949219, "y": 29.951959609985352, "robbery": 1 }, "geometry": { "type": "Point", "coordinates": [ -90.07122039799998, 29.951959610000074 ] } },
{ "type": "Feature", "properties": { "OBJECTID": 92166, "id": "NEWORLEANS_2011_20222021K-24036-21", "x": -90.018424987792969, "y": 29.967252731323242, "robbery": 1 }, "geometry": { "type": "Point", "coordinates": [ -90.018424987999936, 29.967252731000031 ] } },
{ "type": "Feature", "properties": { "OBJECTID": 92167, "id": "NEWORLEANS_2011_20222021K-24467-21", "x": -90.100212097167969, "y": 29.951883316040039, "robbery": 1 }, "geometry": { "type": "Point", "coordinates": [ -90.10021209699994, 29.951883316000078 ] } },
{ "type": "Feature", "properties": { "OBJECTID": 92168, "id": "NEWORLEANS_2011_20222021K-24623-21", "x": -90.071884155273438, "y": 29.95494270324707, "robbery": 1 }, "geometry": { "type": "Point", "coordinates": [ -90.071884154999964, 29.954942703000029 ] } },
{ "type": "Feature", "properties": { "OBJECTID": 92169, "id": "NEWORLEANS_2011_20222021K-24809-21", "x": -90.090087890625, "y": 29.920907974243164, "robbery": 1 }, "geometry": { "type": "Point", "coordinates": [ -90.090087890999939, 29.920907974000045 ] } },
{ "type": "Feature", "properties": { "OBJECTID": 92170, "id": "NEWORLEANS_2011_20222021K-24993-21", "x": -90.07318115234375, "y": 29.946331024169922, "robbery": 1 }, "geometry": { "type": "Point", "coordinates": [ -90.073181151999961, 29.946331024000074 ] } },
{ "type": "Feature", "properties": { "OBJECTID": 92171, "id": "NEWORLEANS_2011_20222021K-25027-21", "x": -90.058700561523438, "y": 29.989522933959961, "robbery": 1 }, "geometry": { "type": "Point", "coordinates": [ -90.058700561999956, 29.989522934000036 ] } },
{ "type": "Feature", "properties": { "OBJECTID": 92172, "id": "NEWORLEANS_2011_20222021K-25040-21", "x": -90.039474487304688, "y": 29.96129035949707, "robbery": 1 }, "geometry": { "type": "Point", "coordinates": [ -90.03947448699995, 29.961290359000031 ] } },
{ "type": "Feature", "properties": { "OBJECTID": 92173, "id": "NEWORLEANS_2011_20222021K-25060-21", "x": -89.927894592285156, "y": 30.037282943725586, "robbery": 1 }, "geometry": { "type": "Point", "coordinates": [ -89.927894591999973, 30.037282944000026 ] } },
{ "type": "Feature", "properties": { "OBJECTID": 92174, "id": "NEWORLEANS_2011_20222021K-25422-21", "x": -90.069168090820312, "y": 29.95460319519043, "robbery": 1 }, "geometry": { "type": "Point", "coordinates": [ -90.069168090999938, 29.954603195000061 ] } },
{ "type": "Feature", "properties": { "OBJECTID": 92175, "id": "NEWORLEANS_2011_20222021K-25792-21", "x": -89.957084655761719, "y": 30.028438568115234, "robbery": 1 }, "geometry": { "type": "Point", "coordinates": [ -89.95708465599995, 30.02843856800007 ] } },
{ "type": "Feature", "properties": { "OBJECTID": 92176, "id": "NEWORLEANS_2011_20222021K-25841-21", "x": -90.087211608886719, "y": 29.933900833129883, "robbery": 1 }, "geometry": { "type": "Point", "coordinates": [ -90.087211608999951, 29.933900833000052 ] } },
{ "type": "Feature", "properties": { "OBJECTID": 92177, "id": "NEWORLEANS_2011_20222021K-25936-21", "x": -90.0869140625, "y": 29.924894332885742, "robbery": 1 }, "geometry": { "type": "Point", "coordinates": [ -90.086914062999938, 29.924894333000054 ] } },
{ "type": "Feature", "properties": { "OBJECTID": 92178, "id": "NEWORLEANS_2011_20222021K-26815-21", "x": -89.999229431152344, "y": 30.0242919921875, "robbery": 1 }, "geometry": { "type": "Point", "coordinates": [ -89.999229430999947, 30.02429199200003 ] } },
{ "type": "Feature", "properties": { "OBJECTID": 92179, "id": "NEWORLEANS_2011_20222021K-26976-21", "x": -90.109390258789062, "y": 29.935287475585938, "robbery": 1 }, "geometry": { "type": "Point", "coordinates": [ -90.109390258999952, 29.935287476000042 ] } },
{ "type": "Feature", "properties": { "OBJECTID": 92180, "id": "NEWORLEANS_2011_20222021K-28550-21", "x": -90.011444091796875, "y": 30.037736892700195, "robbery": 1 }, "geometry": { "type": "Point", "coordinates": [ -90.011444091999977, 30.037736893000044 ] } },
{ "type": "Feature", "properties": { "OBJECTID": 92181, "id": "NEWORLEANS_2011_20222021K-28675-21", "x": -90.042366027832031, "y": 29.964914321899414, "robbery": 1 }, "geometry": { "type": "Point", "coordinates": [ -90.042366027999947, 29.964914322000027 ] } },
{ "type": "Feature", "properties": { "OBJECTID": 92182, "id": "NEWORLEANS_2011_20222021K-28761-21", "x": -90.095306396484375, "y": 29.946645736694336, "robbery": 1 }, "geometry": { "type": "Point", "coordinates": [ -90.095306395999955, 29.94664573700004 ] } },
{ "type": "Feature", "properties": { "OBJECTID": 92183, "id": "NEWORLEANS_2011_20222021K-29061-21", "x": -90.068496704101562, "y": 29.955354690551758, "robbery": 1 }, "geometry": { "type": "Point", "coordinates": [ -90.068496703999983, 29.955354691000025 ] } },
{ "type": "Feature", "properties": { "OBJECTID": 92184, "id": "NEWORLEANS_2011_20222021K-29659-21", "x": -90.043014526367188, "y": 29.962093353271484, "robbery": 1 }, "geometry": { "type": "Point", "coordinates": [ -90.043014525999979, 29.962093353000057 ] } },
{ "type": "Feature", "properties": { "OBJECTID": 92185, "id": "NEWORLEANS_2011_20222021K-29717-21", "x": -90.101173400878906, "y": 29.983434677124023, "robbery": 1 }, "geometry": { "type": "Point", "coordinates": [ -90.101173400999983, 29.983434677000048 ] } },
{ "type": "Feature", "properties": { "OBJECTID": 92186, "id": "NEWORLEANS_2011_20222021K-30364-21", "x": -90.070632934570312, "y": 29.94920539855957, "robbery": 1 }, "geometry": { "type": "Point", "coordinates": [ -90.070632934999935, 29.94920539900005 ] } },
{ "type": "Feature", "properties": { "OBJECTID": 92187, "id": "NEWORLEANS_2011_20222021K-30416-21", "x": -90.089126586914062, "y": 29.974372863769531, "robbery": 1 }, "geometry": { "type": "Point", "coordinates": [ -90.089126586999953, 29.974372864000031 ] } },
{ "type": "Feature", "properties": { "OBJECTID": 92188, "id": "NEWORLEANS_2011_20222021K-30534-21", "x": -90.048187255859375, "y": 29.989721298217773, "robbery": 1 }, "geometry": { "type": "Point", "coordinates": [ -90.048187255999949, 29.989721298000063 ] } },
{ "type": "Feature", "properties": { "OBJECTID": 92189, "id": "NEWORLEANS_2011_20222021K-30854-21", "x": -90.049263000488281, "y": 29.965517044067383, "robbery": 1 }, "geometry": { "type": "Point", "coordinates": [ -90.049263, 29.965517044000023 ] } },
{ "type": "Feature", "properties": { "OBJECTID": 92190, "id": "NEWORLEANS_2011_20222021K-31001-21", "x": -90.039466857910156, "y": 29.964199066162109, "robbery": 1 }, "geometry": { "type": "Point", "coordinates": [ -90.039466857999969, 29.964199066000049 ] } },
{ "type": "Feature", "properties": { "OBJECTID": 92191, "id": "NEWORLEANS_2011_20222021K-32673-21", "x": -90.085113525390625, "y": 29.927165985107422, "robbery": 1 }, "geometry": { "type": "Point", "coordinates": [ -90.08511352499994, 29.927165985000045 ] } },
{ "type": "Feature", "properties": { "OBJECTID": 92192, "id": "NEWORLEANS_2011_20222021K-32732-21", "x": -90.092811584472656, "y": 30.00139045715332, "robbery": 1 }, "geometry": { "type": "Point", "coordinates": [ -90.092811583999946, 30.00139045700007 ] } },
{ "type": "Feature", "properties": { "OBJECTID": 92193, "id": "NEWORLEANS_2011_20222021K-32872-21", "x": -90.101364135742188, "y": 29.942222595214844, "robbery": 1 }, "geometry": { "type": "Point", "coordinates": [ -90.101364135999972, 29.942222595000032 ] } },
{ "type": "Feature", "properties": { "OBJECTID": 92194, "id": "NEWORLEANS_2011_20222021K-33468-21", "x": -90.071739196777344, "y": 29.952098846435547, "robbery": 1 }, "geometry": { "type": "Point", "coordinates": [ -90.071739196999943, 29.952098846000069 ] } },
{ "type": "Feature", "properties": { "OBJECTID": 92195, "id": "NEWORLEANS_2011_20222021K-33593-21", "x": -90.085441589355469, "y": 29.923427581787109, "robbery": 1 }, "geometry": { "type": "Point", "coordinates": [ -90.08544158899997, 29.923427582000045 ] } },
{ "type": "Feature", "properties": { "OBJECTID": 92196, "id": "NEWORLEANS_2011_20222021K-33806-21", "x": -90.049713134765625, "y": 29.997148513793945, "robbery": 1 }, "geometry": { "type": "Point", "coordinates": [ -90.049713135, 29.99714851400006 ] } },
{ "type": "Feature", "properties": { "OBJECTID": 92197, "id": "NEWORLEANS_2011_20222021K-34052-21", "x": -90.026725769042969, "y": 30.031951904296875, "robbery": 1 }, "geometry": { "type": "Point", "coordinates": [ -90.026725768999938, 30.031951904000039 ] } },
{ "type": "Feature", "properties": { "OBJECTID": 92198, "id": "NEWORLEANS_2011_20222021K-34058-21", "x": -90.067710876464844, "y": 29.961538314819336, "robbery": 1 }, "geometry": { "type": "Point", "coordinates": [ -90.067710875999978, 29.961538315000041 ] } },
{ "type": "Feature", "properties": { "OBJECTID": 92199, "id": "NEWORLEANS_2011_20222021K-34318-21", "x": -90.102012634277344, "y": 29.944101333618164, "robbery": 1 }, "geometry": { "type": "Point", "coordinates": [ -90.102012633999948, 29.944101334000038 ] } },
{ "type": "Feature", "properties": { "OBJECTID": 92200, "id": "NEWORLEANS_2011_20222021K-34714-21", "x": -90.11602783203125, "y": 29.916511535644531, "robbery": 1 }, "geometry": { "type": "Point", "coordinates": [ -90.116027831999986, 29.91651153600003 ] } },
{ "type": "Feature", "properties": { "OBJECTID": 92201, "id": "NEWORLEANS_2011_20222021K-35402-21", "x": -90.102493286132812, "y": 29.929487228393555, "robbery": 1 }, "geometry": { "type": "Point", "coordinates": [ -90.102493285999969, 29.929487228000028 ] } },
{ "type": "Feature", "properties": { "OBJECTID": 92202, "id": "NEWORLEANS_2011_20222021K-35992-21", "x": -90.104469299316406, "y": 29.936985015869141, "robbery": 1 }, "geometry": { "type": "Point", "coordinates": [ -90.104469298999959, 29.936985016000051 ] } },
{ "type": "Feature", "properties": { "OBJECTID": 92203, "id": "NEWORLEANS_2011_20222021K-36221-21", "x": -90.037460327148438, "y": 29.971158981323242, "robbery": 1 }, "geometry": { "type": "Point", "coordinates": [ -90.037460326999962, 29.971158981000031 ] } },
{ "type": "Feature", "properties": { "OBJECTID": 92204, "id": "NEWORLEANS_2011_20222021K-36367-21", "x": -90.071571350097656, "y": 29.930604934692383, "robbery": 1 }, "geometry": { "type": "Point", "coordinates": [ -90.071571349999942, 29.930604935000076 ] } },
{ "type": "Feature", "properties": { "OBJECTID": 92205, "id": "NEWORLEANS_2011_20222021L-00167-21", "x": -90.072586059570312, "y": 29.922891616821289, "robbery": 1 }, "geometry": { "type": "Point", "coordinates": [ -90.072586059999935, 29.922891617000062 ] } },
{ "type": "Feature", "properties": { "OBJECTID": 92206, "id": "NEWORLEANS_2011_20222021L-00571-21", "x": -90.121177673339844, "y": 29.94830322265625, "robbery": 1 }, "geometry": { "type": "Point", "coordinates": [ -90.121177672999977, 29.948303223000039 ] } },
{ "type": "Feature", "properties": { "OBJECTID": 92207, "id": "NEWORLEANS_2011_20222021L-01090-21", "x": -90.065841674804688, "y": 29.96405029296875, "robbery": 1 }, "geometry": { "type": "Point", "coordinates": [ -90.065841674999945, 29.964050293000071 ] } },
{ "type": "Feature", "properties": { "OBJECTID": 92208, "id": "NEWORLEANS_2011_20222021L-01270-21", "x": -89.925056457519531, "y": 30.041259765625, "robbery": 1 }, "geometry": { "type": "Point", "coordinates": [ -89.925056457999972, 30.041259766000053 ] } },
{ "type": "Feature", "properties": { "OBJECTID": 92209, "id": "NEWORLEANS_2011_20222021L-01275-21", "x": -89.920143127441406, "y": 30.041955947875977, "robbery": 1 }, "geometry": { "type": "Point", "coordinates": [ -89.92014312699996, 30.041955948000066 ] } },
{ "type": "Feature", "properties": { "OBJECTID": 92210, "id": "NEWORLEANS_2011_20222021L-02517-21", "x": -89.915023803710938, "y": 30.037988662719727, "robbery": 1 }, "geometry": { "type": "Point", "coordinates": [ -89.915023803999986, 30.037988663000078 ] } },
{ "type": "Feature", "properties": { "OBJECTID": 92211, "id": "NEWORLEANS_2011_20222021L-02791-21", "x": -90.094688415527344, "y": 29.942663192749023, "robbery": 1 }, "geometry": { "type": "Point", "coordinates": [ -90.09468841599994, 29.942663193000044 ] } },
{ "type": "Feature", "properties": { "OBJECTID": 92212, "id": "NEWORLEANS_2011_20222021L-02818-21", "x": -90.069427490234375, "y": 29.968055725097656, "robbery": 1 }, "geometry": { "type": "Point", "coordinates": [ -90.069427489999953, 29.968055725000056 ] } },
{ "type": "Feature", "properties": { "OBJECTID": 92213, "id": "NEWORLEANS_2011_20222021L-03603-21", "x": -89.953453063964844, "y": 30.068027496337891, "robbery": 1 }, "geometry": { "type": "Point", "coordinates": [ -89.953453063999973, 30.06802749600007 ] } },
{ "type": "Feature", "properties": { "OBJECTID": 92214, "id": "NEWORLEANS_2011_20222021L-03689-21", "x": -90.040084838867188, "y": 29.979938507080078, "robbery": 1 }, "geometry": { "type": "Point", "coordinates": [ -90.040084838999974, 29.979938507000043 ] } },
{ "type": "Feature", "properties": { "OBJECTID": 92215, "id": "NEWORLEANS_2011_20222021L-03754-21", "x": -90.037216186523438, "y": 29.962821960449219, "robbery": 1 }, "geometry": { "type": "Point", "coordinates": [ -90.037216186999956, 29.962821960000042 ] } },
{ "type": "Feature", "properties": { "OBJECTID": 92216, "id": "NEWORLEANS_2011_20222021L-05241-21", "x": -90.042755126953125, "y": 30.035013198852539, "robbery": 1 }, "geometry": { "type": "Point", "coordinates": [ -90.042755126999964, 30.035013199000048 ] } },
{ "type": "Feature", "properties": { "OBJECTID": 92217, "id": "NEWORLEANS_2011_20222021L-05704-21", "x": -90.071250915527344, "y": 29.947616577148438, "robbery": 1 }, "geometry": { "type": "Point", "coordinates": [ -90.07125091599994, 29.947616577000076 ] } },
{ "type": "Feature", "properties": { "OBJECTID": 92218, "id": "NEWORLEANS_2011_20222021L-05817-21", "x": -90.068130493164062, "y": 29.977321624755859, "robbery": 1 }, "geometry": { "type": "Point", "coordinates": [ -90.068130492999956, 29.977321625000059 ] } },
{ "type": "Feature", "properties": { "OBJECTID": 92219, "id": "NEWORLEANS_2011_20222021L-06101-21", "x": -89.980072021484375, "y": 30.015537261962891, "robbery": 1 }, "geometry": { "type": "Point", "coordinates": [ -89.980072020999955, 30.015537262000066 ] } },
{ "type": "Feature", "properties": { "OBJECTID": 92220, "id": "NEWORLEANS_2011_20222021L-06120-21", "x": -90.113418579101562, "y": 29.981069564819336, "robbery": 1 }, "geometry": { "type": "Point", "coordinates": [ -90.113418578999983, 29.981069565000041 ] } },
{ "type": "Feature", "properties": { "OBJECTID": 92221, "id": "NEWORLEANS_2011_20222021L-06596-21", "x": -90.04827880859375, "y": 29.971757888793945, "robbery": 1 }, "geometry": { "type": "Point", "coordinates": [ -90.048278808999953, 29.97175788900006 ] } },
{ "type": "Feature", "properties": { "OBJECTID": 92222, "id": "NEWORLEANS_2011_20222021L-06659-21", "x": -90.090400695800781, "y": 29.937990188598633, "robbery": 1 }, "geometry": { "type": "Point", "coordinates": [ -90.090400695999961, 29.937990189000061 ] } },
{ "type": "Feature", "properties": { "OBJECTID": 92223, "id": "NEWORLEANS_2011_20222021L-07202-21", "x": -89.994186401367188, "y": 30.013042449951172, "robbery": 1 }, "geometry": { "type": "Point", "coordinates": [ -89.994186400999979, 30.013042450000057 ] } },
{ "type": "Feature", "properties": { "OBJECTID": 92224, "id": "NEWORLEANS_2011_20222021L-07452-21", "x": -90.098655700683594, "y": 29.98509407043457, "robbery": 1 }, "geometry": { "type": "Point", "coordinates": [ -90.098655700999984, 29.985094070000059 ] } },
{ "type": "Feature", "properties": { "OBJECTID": 92225, "id": "NEWORLEANS_2011_20222021L-07461-21", "x": -90.076133728027344, "y": 29.948637008666992, "robbery": 1 }, "geometry": { "type": "Point", "coordinates": [ -90.076133727999945, 29.948637009000038 ] } },
{ "type": "Feature", "properties": { "OBJECTID": 92226, "id": "NEWORLEANS_2011_20222021L-07478-21", "x": -90.073074340820312, "y": 29.943534851074219, "robbery": 1 }, "geometry": { "type": "Point", "coordinates": [ -90.073074340999938, 29.943534851000038 ] } },
{ "type": "Feature", "properties": { "OBJECTID": 92227, "id": "NEWORLEANS_2011_20222021L-09134-21", "x": -89.993087768554688, "y": 30.028524398803711, "robbery": 1 }, "geometry": { "type": "Point", "coordinates": [ -89.993087768999942, 30.028524399000048 ] } },
{ "type": "Feature", "properties": { "OBJECTID": 92228, "id": "NEWORLEANS_2011_20222021L-09339-21", "x": -90.068351745605469, "y": 29.954095840454102, "robbery": 1 }, "geometry": { "type": "Point", "coordinates": [ -90.068351745999962, 29.954095840000036 ] } },
{ "type": "Feature", "properties": { "OBJECTID": 92229, "id": "NEWORLEANS_2011_20222021L-09606-21", "x": -90.119728088378906, "y": 30.023477554321289, "robbery": 1 }, "geometry": { "type": "Point", "coordinates": [ -90.119728087999988, 30.023477554000067 ] } },
{ "type": "Feature", "properties": { "OBJECTID": 92230, "id": "NEWORLEANS_2011_20222021L-10074-21", "x": -90.072883605957031, "y": 29.943782806396484, "robbery": 1 }, "geometry": { "type": "Point", "coordinates": [ -90.072883605999948, 29.943782806000058 ] } },
{ "type": "Feature", "properties": { "OBJECTID": 92231, "id": "NEWORLEANS_2011_20222021L-10418-21", "x": -90.031631469726562, "y": 29.964984893798828, "robbery": 1 }, "geometry": { "type": "Point", "coordinates": [ -90.031631469999979, 29.964984894000054 ] } },
{ "type": "Feature", "properties": { "OBJECTID": 92232, "id": "NEWORLEANS_2011_20222021L-10638-21", "x": -90.075851440429688, "y": 29.952041625976562, "robbery": 1 }, "geometry": { "type": "Point", "coordinates": [ -90.075851439999951, 29.952041626000039 ] } },
{ "type": "Feature", "properties": { "OBJECTID": 92233, "id": "NEWORLEANS_2011_20222021L-10802-21", "x": -89.974510192871094, "y": 30.03455924987793, "robbery": 1 }, "geometry": { "type": "Point", "coordinates": [ -89.974510192999958, 30.034559250000029 ] } },
{ "type": "Feature", "properties": { "OBJECTID": 92234, "id": "NEWORLEANS_2011_20222021L-11728-21", "x": -90.067672729492188, "y": 29.954666137695312, "robbery": 1 }, "geometry": { "type": "Point", "coordinates": [ -90.06767272899998, 29.95466613800005 ] } },
{ "type": "Feature", "properties": { "OBJECTID": 92235, "id": "NEWORLEANS_2011_20222021L-11749-21", "x": -90.053779602050781, "y": 29.974359512329102, "robbery": 1 }, "geometry": { "type": "Point", "coordinates": [ -90.053779601999963, 29.974359512000035 ] } },
{ "type": "Feature", "properties": { "OBJECTID": 92236, "id": "NEWORLEANS_2011_20222021L-12650-21", "x": -90.07281494140625, "y": 29.989879608154297, "robbery": 1 }, "geometry": { "type": "Point", "coordinates": [ -90.072814941, 29.989879608000024 ] } },
{ "type": "Feature", "properties": { "OBJECTID": 92237, "id": "NEWORLEANS_2011_20222021L-13610-21", "x": -90.103927612304688, "y": 29.932296752929688, "robbery": 1 }, "geometry": { "type": "Point", "coordinates": [ -90.10392761199995, 29.93229675300006 ] } },
{ "type": "Feature", "properties": { "OBJECTID": 92238, "id": "NEWORLEANS_2011_20222021L-13840-21", "x": -90.074485778808594, "y": 30.006155014038086, "robbery": 1 }, "geometry": { "type": "Point", "coordinates": [ -90.074485778999986, 30.006155014000058 ] } },
{ "type": "Feature", "properties": { "OBJECTID": 92239, "id": "NEWORLEANS_2011_20222021L-13870-21", "x": -90.091987609863281, "y": 29.945293426513672, "robbery": 1 }, "geometry": { "type": "Point", "coordinates": [ -90.09198761, 29.945293427000024 ] } },
{ "type": "Feature", "properties": { "OBJECTID": 92240, "id": "NEWORLEANS_2011_20222021L-13912-21", "x": -90.079826354980469, "y": 29.931247711181641, "robbery": 1 }, "geometry": { "type": "Point", "coordinates": [ -90.079826354999966, 29.931247711000026 ] } },
{ "type": "Feature", "properties": { "OBJECTID": 92241, "id": "NEWORLEANS_2011_20222021L-13942-21", "x": -90.079620361328125, "y": 29.974241256713867, "robbery": 1 }, "geometry": { "type": "Point", "coordinates": [ -90.079620360999968, 29.974241257000074 ] } },
{ "type": "Feature", "properties": { "OBJECTID": 92242, "id": "NEWORLEANS_2011_20222021L-13987-21", "x": -90.047447204589844, "y": 29.995500564575195, "robbery": 1 }, "geometry": { "type": "Point", "coordinates": [ -90.047447204999969, 29.995500565000043 ] } },
{ "type": "Feature", "properties": { "OBJECTID": 92243, "id": "NEWORLEANS_2011_20222021L-14316-21", "x": -89.995620727539062, "y": 30.012784957885742, "robbery": 1 }, "geometry": { "type": "Point", "coordinates": [ -89.995620727999949, 30.012784958000054 ] } },
{ "type": "Feature", "properties": { "OBJECTID": 92244, "id": "NEWORLEANS_2011_20222021L-14799-21", "x": -90.066230773925781, "y": 29.968893051147461, "robbery": 1 }, "geometry": { "type": "Point", "coordinates": [ -90.066230773999962, 29.968893051000066 ] } },
{ "type": "Feature", "properties": { "OBJECTID": 92245, "id": "NEWORLEANS_2011_20222021L-15609-21", "x": -90.118698120117188, "y": 29.934272766113281, "robbery": 1 }, "geometry": { "type": "Point", "coordinates": [ -90.118698119999976, 29.934272766000049 ] } },
{ "type": "Feature", "properties": { "OBJECTID": 92246, "id": "NEWORLEANS_2011_20222021L-17517-21", "x": -90.083595275878906, "y": 29.942691802978516, "robbery": 1 }, "geometry": { "type": "Point", "coordinates": [ -90.083595275999983, 29.942691803000059 ] } },
{ "type": "Feature", "properties": { "OBJECTID": 92247, "id": "NEWORLEANS_2011_20222021L-17803-21", "x": -90.065933227539062, "y": 29.993185043334961, "robbery": 1 }, "geometry": { "type": "Point", "coordinates": [ -90.065933227999949, 29.99318504300004 ] } },
{ "type": "Feature", "properties": { "OBJECTID": 92248, "id": "NEWORLEANS_2011_20222021L-18047-21", "x": -90.06591796875, "y": 29.958234786987305, "robbery": 1 }, "geometry": { "type": "Point", "coordinates": [ -90.065917968999941, 29.958234787000038 ] } },
{ "type": "Feature", "properties": { "OBJECTID": 92249, "id": "NEWORLEANS_2011_20222021L-18060-21", "x": -90.126174926757812, "y": 29.940620422363281, "robbery": 1 }, "geometry": { "type": "Point", "coordinates": [ -90.126174926999965, 29.940620422000052 ] } },
{ "type": "Feature", "properties": { "OBJECTID": 92250, "id": "NEWORLEANS_2011_20222021L-18618-21", "x": -90.0198974609375, "y": 29.945602416992188, "robbery": 1 }, "geometry": { "type": "Point", "coordinates": [ -90.019897460999971, 29.945602417000032 ] } },
{ "type": "Feature", "properties": { "OBJECTID": 92251, "id": "NEWORLEANS_2011_20222021L-19568-21", "x": -90.06591796875, "y": 29.958234786987305, "robbery": 1 }, "geometry": { "type": "Point", "coordinates": [ -90.065917968999941, 29.958234787000038 ] } },
{ "type": "Feature", "properties": { "OBJECTID": 92252, "id": "NEWORLEANS_2011_20222021L-19569-21", "x": -90.063865661621094, "y": 29.951238632202148, "robbery": 1 }, "geometry": { "type": "Point", "coordinates": [ -90.063865661999955, 29.95123863200007 ] } },
{ "type": "Feature", "properties": { "OBJECTID": 92253, "id": "NEWORLEANS_2011_20222021L-20714-21", "x": -89.923271179199219, "y": 30.040990829467773, "robbery": 1 }, "geometry": { "type": "Point", "coordinates": [ -89.923271178999983, 30.040990829000066 ] } },
{ "type": "Feature", "properties": { "OBJECTID": 92254, "id": "NEWORLEANS_2011_20222021L-21154-21", "x": -90.042755126953125, "y": 30.035013198852539, "robbery": 1 }, "geometry": { "type": "Point", "coordinates": [ -90.042755126999964, 30.035013199000048 ] } },
{ "type": "Feature", "properties": { "OBJECTID": 92255, "id": "NEWORLEANS_2011_20222021L-21897-21", "x": -90.052108764648438, "y": 29.965799331665039, "robbery": 1 }, "geometry": { "type": "Point", "coordinates": [ -90.052108764999957, 29.965799332000074 ] } },
{ "type": "Feature", "properties": { "OBJECTID": 92256, "id": "NEWORLEANS_2011_20222021L-21964-21", "x": -89.925102233886719, "y": 30.038440704345703, "robbery": 1 }, "geometry": { "type": "Point", "coordinates": [ -89.925102233999951, 30.038440704000038 ] } },
{ "type": "Feature", "properties": { "OBJECTID": 92257, "id": "NEWORLEANS_2011_20222021L-22052-21", "x": -90.040145874023438, "y": 29.965028762817383, "robbery": 1 }, "geometry": { "type": "Point", "coordinates": [ -90.040145873999961, 29.965028763000078 ] } },
{ "type": "Feature", "properties": { "OBJECTID": 92258, "id": "NEWORLEANS_2011_20222021L-22600-21", "x": -90.129600524902344, "y": 29.936744689941406, "robbery": 1 }, "geometry": { "type": "Point", "coordinates": [ -90.129600524999944, 29.936744690000069 ] } },
{ "type": "Feature", "properties": { "OBJECTID": 92259, "id": "NEWORLEANS_2011_20222021L-22608-21", "x": -90.073745727539062, "y": 29.952169418334961, "robbery": 1 }, "geometry": { "type": "Point", "coordinates": [ -90.073745727999949, 29.95216941800004 ] } },
{ "type": "Feature", "properties": { "OBJECTID": 92260, "id": "NEWORLEANS_2011_20222021L-24085-21", "x": -90.098464965820312, "y": 29.918216705322266, "robbery": 1 }, "geometry": { "type": "Point", "coordinates": [ -90.098464965999938, 29.918216705000077 ] } },
{ "type": "Feature", "properties": { "OBJECTID": 92261, "id": "NEWORLEANS_2011_20222021L-24369-21", "x": -90.124992370605469, "y": 29.942399978637695, "robbery": 1 }, "geometry": { "type": "Point", "coordinates": [ -90.124992370999962, 29.942399979000072 ] } },
{ "type": "Feature", "properties": { "OBJECTID": 92262, "id": "NEWORLEANS_2011_20222021L-24378-21", "x": -90.081001281738281, "y": 29.932857513427734, "robbery": 1 }, "geometry": { "type": "Point", "coordinates": [ -90.081001281999988, 29.932857513000044 ] } },
{ "type": "Feature", "properties": { "OBJECTID": 92263, "id": "NEWORLEANS_2011_20222021L-24434-21", "x": -90.066055297851562, "y": 29.95128059387207, "robbery": 1 }, "geometry": { "type": "Point", "coordinates": [ -90.066055297999981, 29.951280594000025 ] } },
{ "type": "Feature", "properties": { "OBJECTID": 92264, "id": "NEWORLEANS_2011_20222021L-24489-21", "x": -90.065666198730469, "y": 29.958610534667969, "robbery": 1 }, "geometry": { "type": "Point", "coordinates": [ -90.065666198999963, 29.958610535000048 ] } },
{ "type": "Feature", "properties": { "OBJECTID": 92265, "id": "NEWORLEANS_2011_20222021L-25184-21", "x": -90.074905395507812, "y": 29.957975387573242, "robbery": 1 }, "geometry": { "type": "Point", "coordinates": [ -90.074905395999963, 29.957975388000079 ] } },
{ "type": "Feature", "properties": { "OBJECTID": 92266, "id": "NEWORLEANS_2011_20222021L-25402-21", "x": -90.087791442871094, "y": 29.922239303588867, "robbery": 1 }, "geometry": { "type": "Point", "coordinates": [ -90.087791442999958, 29.922239304000072 ] } },
{ "type": "Feature", "properties": { "OBJECTID": 92267, "id": "NEWORLEANS_2011_20222021L-26455-21", "x": -90.09014892578125, "y": 29.975515365600586, "robbery": 1 }, "geometry": { "type": "Point", "coordinates": [ -90.090148925999983, 29.975515366000025 ] } },
{ "type": "Feature", "properties": { "OBJECTID": 92268, "id": "NEWORLEANS_2011_20222021L-27255-21", "x": -90.061691284179688, "y": 29.959835052490234, "robbery": 1 }, "geometry": { "type": "Point", "coordinates": [ -90.061691283999949, 29.959835052000074 ] } },
{ "type": "Feature", "properties": { "OBJECTID": 92269, "id": "NEWORLEANS_2011_20222021L-27433-21", "x": -90.078598022460938, "y": 29.999822616577148, "robbery": 1 }, "geometry": { "type": "Point", "coordinates": [ -90.078598021999937, 29.999822617000063 ] } },
{ "type": "Feature", "properties": { "OBJECTID": 92270, "id": "NEWORLEANS_2011_20222021L-27492-21", "x": -90.079620361328125, "y": 29.974241256713867, "robbery": 1 }, "geometry": { "type": "Point", "coordinates": [ -90.079620360999968, 29.974241257000074 ] } },
{ "type": "Feature", "properties": { "OBJECTID": 92271, "id": "NEWORLEANS_2011_20222021L-28149-21", "x": -90.07135009765625, "y": 29.951757431030273, "robbery": 1 }, "geometry": { "type": "Point", "coordinates": [ -90.071350097999982, 29.951757431000033 ] } },
{ "type": "Feature", "properties": { "OBJECTID": 92272, "id": "NEWORLEANS_2011_20222021L-29010-21", "x": -90.06646728515625, "y": 29.959074020385742, "robbery": 1 }, "geometry": { "type": "Point", "coordinates": [ -90.066467284999987, 29.95907402000006 ] } },
{ "type": "Feature", "properties": { "OBJECTID": 92273, "id": "NEWORLEANS_2011_20222021L-29691-21", "x": -89.959175109863281, "y": 30.048084259033203, "robbery": 1 }, "geometry": { "type": "Point", "coordinates": [ -89.95917511, 30.048084259000063 ] } },
{ "type": "Feature", "properties": { "OBJECTID": 92274, "id": "NEWORLEANS_2011_20222021L-30401-21", "x": -90.071342468261719, "y": 29.96893310546875, "robbery": 1 }, "geometry": { "type": "Point", "coordinates": [ -90.071342467999955, 29.968933105000076 ] } },
{ "type": "Feature", "properties": { "OBJECTID": 92275, "id": "NEWORLEANS_2011_20222021L-30414-21", "x": -90.037460327148438, "y": 29.980493545532227, "robbery": 1 }, "geometry": { "type": "Point", "coordinates": [ -90.037460326999962, 29.980493546000048 ] } },
{ "type": "Feature", "properties": { "OBJECTID": 92276, "id": "NEWORLEANS_2011_20222021L-31280-21", "x": -90.06671142578125, "y": 29.974929809570312, "robbery": 1 }, "geometry": { "type": "Point", "coordinates": [ -90.066711425999983, 29.974929810000049 ] } },
{ "type": "Feature", "properties": { "OBJECTID": 92277, "id": "NEWORLEANS_2011_20222021L-31786-21", "x": -90.011688232421875, "y": 29.919668197631836, "robbery": 1 }, "geometry": { "type": "Point", "coordinates": [ -90.011688231999983, 29.919668198000068 ] } },
{ "type": "Feature", "properties": { "OBJECTID": 92278, "id": "NEWORLEANS_2011_20222021L-33774-21", "x": -90.058769226074219, "y": 29.9903564453125, "robbery": 1 }, "geometry": { "type": "Point", "coordinates": [ -90.058769225999981, 29.990356445000032 ] } },
{ "type": "Feature", "properties": { "OBJECTID": 92279, "id": "NEWORLEANS_2011_20222021L-34747-21", "x": -89.9892578125, "y": 29.906333923339844, "robbery": 1 }, "geometry": { "type": "Point", "coordinates": [ -89.989257812999938, 29.906333923000034 ] } },
{ "type": "Feature", "properties": { "OBJECTID": 92280, "id": "NEWORLEANS_2011_20222021L-34858-21", "x": -90.049873352050781, "y": 29.966560363769531, "robbery": 1 }, "geometry": { "type": "Point", "coordinates": [ -90.049873351999963, 29.966560364000031 ] } },
{ "type": "Feature", "properties": { "OBJECTID": 92281, "id": "NEWORLEANS_2011_20222021L-35026-21", "x": -90.064361572265625, "y": 29.961681365966797, "robbery": 1 }, "geometry": { "type": "Point", "coordinates": [ -90.064361571999939, 29.96168136600005 ] } },
{ "type": "Feature", "properties": { "OBJECTID": 92282, "id": "NEWORLEANS_2011_20222021L-35051-21", "x": -90.018592834472656, "y": 29.923912048339844, "robbery": 1 }, "geometry": { "type": "Point", "coordinates": [ -90.018592833999946, 29.923912048000034 ] } },
{ "type": "Feature", "properties": { "OBJECTID": 92283, "id": "NEWORLEANS_2011_20222021L-35058-21", "x": -90.0914306640625, "y": 29.922245025634766, "robbery": 1 }, "geometry": { "type": "Point", "coordinates": [ -90.091430663999972, 29.922245026000041 ] } },
{ "type": "Feature", "properties": { "OBJECTID": 92284, "id": "NEWORLEANS_2011_20222021L-35373-21", "x": -90.060440063476562, "y": 30.027246475219727, "robbery": 1 }, "geometry": { "type": "Point", "coordinates": [ -90.060440062999987, 30.027246475000027 ] } },
{ "type": "Feature", "properties": { "OBJECTID": 92285, "id": "NEWORLEANS_2011_20222021L-35593-21", "x": -90.044502258300781, "y": 29.96759033203125, "robbery": 1 }, "geometry": { "type": "Point", "coordinates": [ -90.044502257999966, 29.967590332000043 ] } },
{ "type": "Feature", "properties": { "OBJECTID": 92286, "id": "NEWORLEANS_2011_20222021L-35598-21", "x": -90.106498718261719, "y": 29.920475006103516, "robbery": 1 }, "geometry": { "type": "Point", "coordinates": [ -90.106498717999955, 29.920475006000061 ] } },
{ "type": "Feature", "properties": { "OBJECTID": 92287, "id": "NEWORLEANS_2011_20222021L-35899-21", "x": -89.992408752441406, "y": 30.027973175048828, "robbery": 1 }, "geometry": { "type": "Point", "coordinates": [ -89.99240875199996, 30.027973175000056 ] } },
{ "type": "Feature", "properties": { "OBJECTID": 92288, "id": "NEWORLEANS_2011_20222021S-00006-21", "x": -90.067291259765625, "y": 29.946857452392578, "robbery": 1 }, "geometry": { "type": "Point", "coordinates": [ -90.06729126, 29.946857452000074 ] } },
{ "type": "Feature", "properties": { "OBJECTID": 92289, "id": "NEWORLEANS_2011_20222021X-00074-21", "x": -90.069061279296875, "y": 29.954906463623047, "robbery": 1 }, "geometry": { "type": "Point", "coordinates": [ -90.069061278999982, 29.954906464000032 ] } },
{ "type": "Feature", "properties": { "OBJECTID": 92290, "id": "NEWORLEANS_2011_20222022A-00212-22", "x": -90.036827087402344, "y": 29.944965362548828, "robbery": 1 }, "geometry": { "type": "Point", "coordinates": [ -90.036827086999949, 29.944965363000051 ] } },
{ "type": "Feature", "properties": { "OBJECTID": 92291, "id": "NEWORLEANS_2011_20222022A-00248-22", "x": -90.050514221191406, "y": 29.967746734619141, "robbery": 1 }, "geometry": { "type": "Point", "coordinates": [ -90.050514220999958, 29.967746735000048 ] } },
{ "type": "Feature", "properties": { "OBJECTID": 92292, "id": "NEWORLEANS_2011_20222022A-00284-22", "x": -90.050514221191406, "y": 29.967746734619141, "robbery": 1 }, "geometry": { "type": "Point", "coordinates": [ -90.050514220999958, 29.967746735000048 ] } },
{ "type": "Feature", "properties": { "OBJECTID": 92293, "id": "NEWORLEANS_2011_20222022A-00767-22", "x": -90.040863037109375, "y": 29.965555191040039, "robbery": 1 }, "geometry": { "type": "Point", "coordinates": [ -90.040863036999951, 29.965555191000078 ] } },
{ "type": "Feature", "properties": { "OBJECTID": 92294, "id": "NEWORLEANS_2011_20222022A-00895-22", "x": -90.085029602050781, "y": 29.977167129516602, "robbery": 1 }, "geometry": { "type": "Point", "coordinates": [ -90.085029601999963, 29.977167130000055 ] } },
{ "type": "Feature", "properties": { "OBJECTID": 92295, "id": "NEWORLEANS_2011_20222022A-01085-22", "x": -90.125679016113281, "y": 29.924671173095703, "robbery": 1 }, "geometry": { "type": "Point", "coordinates": [ -90.125679015999935, 29.924671173000036 ] } },
{ "type": "Feature", "properties": { "OBJECTID": 92296, "id": "NEWORLEANS_2011_20222022A-01099-22", "x": -90.105354309082031, "y": 29.9722900390625, "robbery": 1 }, "geometry": { "type": "Point", "coordinates": [ -90.105354308999949, 29.972290039000029 ] } },
{ "type": "Feature", "properties": { "OBJECTID": 92297, "id": "NEWORLEANS_2011_20222022A-01356-22", "x": -90.049896240234375, "y": 29.996898651123047, "robbery": 1 }, "geometry": { "type": "Point", "coordinates": [ -90.049896239999953, 29.996898651000038 ] } },
{ "type": "Feature", "properties": { "OBJECTID": 92298, "id": "NEWORLEANS_2011_20222022A-01572-22", "x": -90.067070007324219, "y": 29.957040786743164, "robbery": 1 }, "geometry": { "type": "Point", "coordinates": [ -90.067070006999984, 29.957040787000039 ] } },
{ "type": "Feature", "properties": { "OBJECTID": 92299, "id": "NEWORLEANS_2011_20222022A-01870-22", "x": -90.109367370605469, "y": 29.954545974731445, "robbery": 1 }, "geometry": { "type": "Point", "coordinates": [ -90.109367370999962, 29.95454597500003 ] } },
{ "type": "Feature", "properties": { "OBJECTID": 92300, "id": "NEWORLEANS_2011_20222022A-01909-22", "x": -90.074310302734375, "y": 29.943017959594727, "robbery": 1 }, "geometry": { "type": "Point", "coordinates": [ -90.074310302999947, 29.943017960000077 ] } },
{ "type": "Feature", "properties": { "OBJECTID": 92301, "id": "NEWORLEANS_2011_20222022A-01920-22", "x": -90.098304748535156, "y": 29.983697891235352, "robbery": 1 }, "geometry": { "type": "Point", "coordinates": [ -90.098304748999965, 29.983697891000077 ] } },
{ "type": "Feature", "properties": { "OBJECTID": 92302, "id": "NEWORLEANS_2011_20222022A-01966-22", "x": -90.065383911132812, "y": 29.968023300170898, "robbery": 1 }, "geometry": { "type": "Point", "coordinates": [ -90.065383910999969, 29.968023300000027 ] } },
{ "type": "Feature", "properties": { "OBJECTID": 92303, "id": "NEWORLEANS_2011_20222022A-02058-22", "x": -90.119247436523438, "y": 29.956508636474609, "robbery": 1 }, "geometry": { "type": "Point", "coordinates": [ -90.119247436999956, 29.956508636000024 ] } },
{ "type": "Feature", "properties": { "OBJECTID": 92304, "id": "NEWORLEANS_2011_20222022A-02696-22", "x": -90.084251403808594, "y": 29.935564041137695, "robbery": 1 }, "geometry": { "type": "Point", "coordinates": [ -90.084251403999986, 29.935564041000077 ] } },
{ "type": "Feature", "properties": { "OBJECTID": 92305, "id": "NEWORLEANS_2011_20222022A-03208-22", "x": -90.122917175292969, "y": 29.9581298828125, "robbery": 1 }, "geometry": { "type": "Point", "coordinates": [ -90.122917174999941, 29.958129883000026 ] } },
{ "type": "Feature", "properties": { "OBJECTID": 92306, "id": "NEWORLEANS_2011_20222022A-03258-22", "x": -90.059173583984375, "y": 29.980510711669922, "robbery": 1 }, "geometry": { "type": "Point", "coordinates": [ -90.05917358399995, 29.980510712000068 ] } },
{ "type": "Feature", "properties": { "OBJECTID": 92307, "id": "NEWORLEANS_2011_20222022A-03331-22", "x": -89.993476867675781, "y": 29.908430099487305, "robbery": 1 }, "geometry": { "type": "Point", "coordinates": [ -89.993476867999959, 29.908430099000043 ] } },
{ "type": "Feature", "properties": { "OBJECTID": 92308, "id": "NEWORLEANS_2011_20222022A-03549-22", "x": -89.9884033203125, "y": 29.90696907043457, "robbery": 1 }, "geometry": { "type": "Point", "coordinates": [ -89.988403319999975, 29.906969070000059 ] } },
{ "type": "Feature", "properties": { "OBJECTID": 92309, "id": "NEWORLEANS_2011_20222022A-04094-22", "x": -90.086265563964844, "y": 29.973850250244141, "robbery": 1 }, "geometry": { "type": "Point", "coordinates": [ -90.086265563999973, 29.973850250000055 ] } },
{ "type": "Feature", "properties": { "OBJECTID": 92310, "id": "NEWORLEANS_2011_20222022A-04382-22", "x": -90.094108581542969, "y": 29.974241256713867, "robbery": 1 }, "geometry": { "type": "Point", "coordinates": [ -90.094108582, 29.974241257000074 ] } },
{ "type": "Feature", "properties": { "OBJECTID": 92311, "id": "NEWORLEANS_2011_20222022A-04442-22", "x": -89.989707946777344, "y": 30.037530899047852, "robbery": 1 }, "geometry": { "type": "Point", "coordinates": [ -89.989707946999943, 30.037530899000046 ] } },
{ "type": "Feature", "properties": { "OBJECTID": 92312, "id": "NEWORLEANS_2011_20222022A-05444-22", "x": -90.082633972167969, "y": 29.962577819824219, "robbery": 1 }, "geometry": { "type": "Point", "coordinates": [ -90.08263397199994, 29.962577820000035 ] } },
{ "type": "Feature", "properties": { "OBJECTID": 92313, "id": "NEWORLEANS_2011_20222022A-05779-22", "x": -90.0584716796875, "y": 29.978580474853516, "robbery": 1 }, "geometry": { "type": "Point", "coordinates": [ -90.058471679999968, 29.978580475000058 ] } },
{ "type": "Feature", "properties": { "OBJECTID": 92314, "id": "NEWORLEANS_2011_20222022A-06768-22", "x": -90.121200561523438, "y": 29.921148300170898, "robbery": 1 }, "geometry": { "type": "Point", "coordinates": [ -90.121200561999956, 29.921148300000027 ] } },
{ "type": "Feature", "properties": { "OBJECTID": 92315, "id": "NEWORLEANS_2011_20222022A-07461-22", "x": -89.997467041015625, "y": 30.041534423828125, "robbery": 1 }, "geometry": { "type": "Point", "coordinates": [ -89.997467040999936, 30.041534424000076 ] } },
{ "type": "Feature", "properties": { "OBJECTID": 92316, "id": "NEWORLEANS_2011_20222022A-07683-22", "x": -90.073379516601562, "y": 29.935708999633789, "robbery": 1 }, "geometry": { "type": "Point", "coordinates": [ -90.073379516999978, 29.935709 ] } },
{ "type": "Feature", "properties": { "OBJECTID": 92317, "id": "NEWORLEANS_2011_20222022A-07992-22", "x": -90.015281677246094, "y": 29.924432754516602, "robbery": 1 }, "geometry": { "type": "Point", "coordinates": [ -90.015281676999962, 29.924432755000055 ] } },
{ "type": "Feature", "properties": { "OBJECTID": 92318, "id": "NEWORLEANS_2011_20222022A-08210-22", "x": -90.070060729980469, "y": 29.953701019287109, "robbery": 1 }, "geometry": { "type": "Point", "coordinates": [ -90.070060729999966, 29.95370101900005 ] } },
{ "type": "Feature", "properties": { "OBJECTID": 92319, "id": "NEWORLEANS_2011_20222022A-08984-22", "x": -90.06640625, "y": 29.929874420166016, "robbery": 1 }, "geometry": { "type": "Point", "coordinates": [ -90.066406249999943, 29.929874420000033 ] } },
{ "type": "Feature", "properties": { "OBJECTID": 92320, "id": "NEWORLEANS_2011_20222022A-09398-22", "x": -90.064826965332031, "y": 29.948204040527344, "robbery": 1 }, "geometry": { "type": "Point", "coordinates": [ -90.064826964999952, 29.948204041000054 ] } },
{ "type": "Feature", "properties": { "OBJECTID": 92321, "id": "NEWORLEANS_2011_20222022A-09687-22", "x": -90.092071533203125, "y": 29.932371139526367, "robbery": 1 }, "geometry": { "type": "Point", "coordinates": [ -90.092071532999967, 29.932371140000043 ] } },
{ "type": "Feature", "properties": { "OBJECTID": 92322, "id": "NEWORLEANS_2011_20222022A-09950-22", "x": -90.108474731445312, "y": 29.934909820556641, "robbery": 1 }, "geometry": { "type": "Point", "coordinates": [ -90.108474730999944, 29.934909821000076 ] } },
{ "type": "Feature", "properties": { "OBJECTID": 92323, "id": "NEWORLEANS_2011_20222022A-10142-22", "x": -90.067230224609375, "y": 29.948013305664062, "robbery": 1 }, "geometry": { "type": "Point", "coordinates": [ -90.067230224999946, 29.948013306000064 ] } },
{ "type": "Feature", "properties": { "OBJECTID": 92324, "id": "NEWORLEANS_2011_20222022A-10223-22", "x": -90.0560302734375, "y": 29.967538833618164, "robbery": 1 }, "geometry": { "type": "Point", "coordinates": [ -90.056030272999976, 29.967538834000038 ] } },
{ "type": "Feature", "properties": { "OBJECTID": 92325, "id": "NEWORLEANS_2011_20222022A-10842-22", "x": -90.043128967285156, "y": 29.961931228637695, "robbery": 1 }, "geometry": { "type": "Point", "coordinates": [ -90.043128966999973, 29.961931229000072 ] } },
{ "type": "Feature", "properties": { "OBJECTID": 92326, "id": "NEWORLEANS_2011_20222022A-10892-22", "x": -89.973121643066406, "y": 30.046335220336914, "robbery": 1 }, "geometry": { "type": "Point", "coordinates": [ -89.973121642999956, 30.04633522000006 ] } },
{ "type": "Feature", "properties": { "OBJECTID": 92327, "id": "NEWORLEANS_2011_20222022A-11241-22", "x": -90.102737426757812, "y": 29.943254470825195, "robbery": 1 }, "geometry": { "type": "Point", "coordinates": [ -90.102737426999965, 29.943254471000046 ] } },
{ "type": "Feature", "properties": { "OBJECTID": 92328, "id": "NEWORLEANS_2011_20222022A-11342-22", "x": -90.101486206054688, "y": 29.957443237304688, "robbery": 1 }, "geometry": { "type": "Point", "coordinates": [ -90.101486205999947, 29.957443237000064 ] } },
{ "type": "Feature", "properties": { "OBJECTID": 92329, "id": "NEWORLEANS_2011_20222022A-12434-22", "x": -89.958503723144531, "y": 30.047246932983398, "robbery": 1 }, "geometry": { "type": "Point", "coordinates": [ -89.958503722999978, 30.047246933000054 ] } },
{ "type": "Feature", "properties": { "OBJECTID": 92330, "id": "NEWORLEANS_2011_20222022A-12558-22", "x": -90.121002197265625, "y": 29.971925735473633, "robbery": 1 }, "geometry": { "type": "Point", "coordinates": [ -90.121002196999939, 29.97192573500007 ] } },
{ "type": "Feature", "properties": { "OBJECTID": 92331, "id": "NEWORLEANS_2011_20222022A-12890-22", "x": -90.059806823730469, "y": 29.975795745849609, "robbery": 1 }, "geometry": { "type": "Point", "coordinates": [ -90.059806823999963, 29.975795746000074 ] } },
{ "type": "Feature", "properties": { "OBJECTID": 92332, "id": "NEWORLEANS_2011_20222022A-12984-22", "x": -89.995567321777344, "y": 30.0130615234375, "robbery": 1 }, "geometry": { "type": "Point", "coordinates": [ -89.995567321999943, 30.013061523000033 ] } },
{ "type": "Feature", "properties": { "OBJECTID": 92333, "id": "NEWORLEANS_2011_20222022A-13097-22", "x": -90.049163818359375, "y": 29.972982406616211, "robbery": 1 }, "geometry": { "type": "Point", "coordinates": [ -90.049163817999954, 29.972982407000075 ] } },
{ "type": "Feature", "properties": { "OBJECTID": 92334, "id": "NEWORLEANS_2011_20222022A-13319-22", "x": -90.074821472167969, "y": 29.995620727539062, "robbery": 1 }, "geometry": { "type": "Point", "coordinates": [ -90.07482147199994, 29.995620728000063 ] } },
{ "type": "Feature", "properties": { "OBJECTID": 92335, "id": "NEWORLEANS_2011_20222022A-13339-22", "x": -90.086326599121094, "y": 29.924001693725586, "robbery": 1 }, "geometry": { "type": "Point", "coordinates": [ -90.08632659899996, 29.924001694000026 ] } },
{ "type": "Feature", "properties": { "OBJECTID": 92336, "id": "NEWORLEANS_2011_20222022A-14387-22", "x": -90.080482482910156, "y": 29.945146560668945, "robbery": 1 }, "geometry": { "type": "Point", "coordinates": [ -90.080482482999969, 29.945146561000058 ] } },
{ "type": "Feature", "properties": { "OBJECTID": 92337, "id": "NEWORLEANS_2011_20222022A-14692-22", "x": -89.958641052246094, "y": 30.048345565795898, "robbery": 1 }, "geometry": { "type": "Point", "coordinates": [ -89.958641051999962, 30.048345566000023 ] } },
{ "type": "Feature", "properties": { "OBJECTID": 92338, "id": "NEWORLEANS_2011_20222022A-14751-22", "x": -90.069992065429688, "y": 29.965642929077148, "robbery": 1 }, "geometry": { "type": "Point", "coordinates": [ -90.069992064999951, 29.965642929000069 ] } },
{ "type": "Feature", "properties": { "OBJECTID": 92339, "id": "NEWORLEANS_2011_20222022A-14823-22", "x": -89.989967346191406, "y": 30.046497344970703, "robbery": 1 }, "geometry": { "type": "Point", "coordinates": [ -89.989967345999958, 30.046497345000034 ] } },
{ "type": "Feature", "properties": { "OBJECTID": 92340, "id": "NEWORLEANS_2011_20222022A-14832-22", "x": -90.099044799804688, "y": 29.94706916809082, "robbery": 1 }, "geometry": { "type": "Point", "coordinates": [ -90.099044799999945, 29.947069168000041 ] } },
{ "type": "Feature", "properties": { "OBJECTID": 92341, "id": "NEWORLEANS_2011_20222022A-14985-22", "x": -90.071037292480469, "y": 29.955722808837891, "robbery": 1 }, "geometry": { "type": "Point", "coordinates": [ -90.071037291999971, 29.955722809000065 ] } },
{ "type": "Feature", "properties": { "OBJECTID": 92342, "id": "NEWORLEANS_2011_20222022A-15000-22", "x": -89.992721557617188, "y": 30.028568267822266, "robbery": 1 }, "geometry": { "type": "Point", "coordinates": [ -89.992721557999971, 30.028568268000072 ] } },
{ "type": "Feature", "properties": { "OBJECTID": 92343, "id": "NEWORLEANS_2011_20222022A-15037-22", "x": -89.964035034179688, "y": 30.019659042358398, "robbery": 1 }, "geometry": { "type": "Point", "coordinates": [ -89.964035033999949, 30.019659042000058 ] } },
{ "type": "Feature", "properties": { "OBJECTID": 92344, "id": "NEWORLEANS_2011_20222022A-15221-22", "x": -90.084953308105469, "y": 29.978839874267578, "robbery": 1 }, "geometry": { "type": "Point", "coordinates": [ -90.084953307999967, 29.978839874000073 ] } },
{ "type": "Feature", "properties": { "OBJECTID": 92345, "id": "NEWORLEANS_2011_20222022A-16128-22", "x": -90.062973022460938, "y": 30.006935119628906, "robbery": 1 }, "geometry": { "type": "Point", "coordinates": [ -90.062973021999937, 30.006935120000037 ] } },
{ "type": "Feature", "properties": { "OBJECTID": 92346, "id": "NEWORLEANS_2011_20222022A-16215-22", "x": -89.976043701171875, "y": 30.04218864440918, "robbery": 1 }, "geometry": { "type": "Point", "coordinates": [ -89.976043700999981, 30.042188644000078 ] } },
{ "type": "Feature", "properties": { "OBJECTID": 92347, "id": "NEWORLEANS_2011_20222022A-16506-22", "x": -90.0428466796875, "y": 29.962888717651367, "robbery": 1 }, "geometry": { "type": "Point", "coordinates": [ -90.042846679999968, 29.962888718000045 ] } },
{ "type": "Feature", "properties": { "OBJECTID": 92348, "id": "NEWORLEANS_2011_20222022A-16527-22", "x": -90.052406311035156, "y": 29.974498748779297, "robbery": 1 }, "geometry": { "type": "Point", "coordinates": [ -90.05240631099997, 29.974498749000077 ] } },
{ "type": "Feature", "properties": { "OBJECTID": 92349, "id": "NEWORLEANS_2011_20222022A-16575-22", "x": -90.115203857421875, "y": 29.950698852539062, "robbery": 1 }, "geometry": { "type": "Point", "coordinates": [ -90.115203856999983, 29.950698853000063 ] } },
{ "type": "Feature", "properties": { "OBJECTID": 92350, "id": "NEWORLEANS_2011_20222022A-16578-22", "x": -90.114418029785156, "y": 29.943023681640625, "robbery": 1 }, "geometry": { "type": "Point", "coordinates": [ -90.114418029999968, 29.943023682000046 ] } },
{ "type": "Feature", "properties": { "OBJECTID": 92351, "id": "NEWORLEANS_2011_20222022A-16668-22", "x": -90.059555053710938, "y": 30.000972747802734, "robbery": 1 }, "geometry": { "type": "Point", "coordinates": [ -90.059555053999986, 30.000972748000038 ] } },
{ "type": "Feature", "properties": { "OBJECTID": 92352, "id": "NEWORLEANS_2011_20222022A-16703-22", "x": -90.12799072265625, "y": 29.93446159362793, "robbery": 1 }, "geometry": { "type": "Point", "coordinates": [ -90.127990722999982, 29.934461594000027 ] } },
{ "type": "Feature", "properties": { "OBJECTID": 92353, "id": "NEWORLEANS_2011_20222022A-16706-22", "x": -90.12335205078125, "y": 29.917617797851562, "robbery": 1 }, "geometry": { "type": "Point", "coordinates": [ -90.123352050999983, 29.917617798000038 ] } },
{ "type": "Feature", "properties": { "OBJECTID": 92354, "id": "NEWORLEANS_2011_20222022A-16782-22", "x": -89.989990234375, "y": 29.910100936889648, "robbery": 1 }, "geometry": { "type": "Point", "coordinates": [ -89.989990233999947, 29.910100937000038 ] } },
{ "type": "Feature", "properties": { "OBJECTID": 92355, "id": "NEWORLEANS_2011_20222022A-16843-22", "x": -90.048225402832031, "y": 29.975015640258789, "robbery": 1 }, "geometry": { "type": "Point", "coordinates": [ -90.048225402999947, 29.975015640000038 ] } },
{ "type": "Feature", "properties": { "OBJECTID": 92356, "id": "NEWORLEANS_2011_20222022A-17182-22", "x": -89.939361572265625, "y": 30.043172836303711, "robbery": 1 }, "geometry": { "type": "Point", "coordinates": [ -89.939361571999939, 30.043172836000053 ] } },
{ "type": "Feature", "properties": { "OBJECTID": 92357, "id": "NEWORLEANS_2011_20222022A-17448-22", "x": -90.033233642578125, "y": 29.966064453125, "robbery": 1 }, "geometry": { "type": "Point", "coordinates": [ -90.03323364299996, 29.966064453000058 ] } },
{ "type": "Feature", "properties": { "OBJECTID": 92358, "id": "NEWORLEANS_2011_20222022A-17792-22", "x": -90.053825378417969, "y": 29.976524353027344, "robbery": 1 }, "geometry": { "type": "Point", "coordinates": [ -90.053825377999942, 29.976524353000059 ] } },
{ "type": "Feature", "properties": { "OBJECTID": 92359, "id": "NEWORLEANS_2011_20222022A-17895-22", "x": -90.024490356445312, "y": 30.025808334350586, "robbery": 1 }, "geometry": { "type": "Point", "coordinates": [ -90.024490355999944, 30.025808334000033 ] } },
{ "type": "Feature", "properties": { "OBJECTID": 92360, "id": "NEWORLEANS_2011_20222022A-18762-22", "x": -90.015586853027344, "y": 30.014331817626953, "robbery": 1 }, "geometry": { "type": "Point", "coordinates": [ -90.015586852999945, 30.014331818000073 ] } },
{ "type": "Feature", "properties": { "OBJECTID": 92361, "id": "NEWORLEANS_2011_20222022A-18985-22", "x": -90.02325439453125, "y": 30.025537490844727, "robbery": 1 }, "geometry": { "type": "Point", "coordinates": [ -90.023254394999981, 30.02553749100008 ] } },
{ "type": "Feature", "properties": { "OBJECTID": 92362, "id": "NEWORLEANS_2011_20222022A-19065-22", "x": -90.131561279296875, "y": 29.946075439453125, "robbery": 1 }, "geometry": { "type": "Point", "coordinates": [ -90.131561278999982, 29.946075439000026 ] } },
{ "type": "Feature", "properties": { "OBJECTID": 92363, "id": "NEWORLEANS_2011_20222022A-19147-22", "x": -90.080101013183594, "y": 29.934272766113281, "robbery": 1 }, "geometry": { "type": "Point", "coordinates": [ -90.080101013, 29.934272766000049 ] } },
{ "type": "Feature", "properties": { "OBJECTID": 92364, "id": "NEWORLEANS_2011_20222022A-19245-22", "x": -89.998237609863281, "y": 30.029542922973633, "robbery": 1 }, "geometry": { "type": "Point", "coordinates": [ -89.99823761, 30.029542923000065 ] } },
{ "type": "Feature", "properties": { "OBJECTID": 92365, "id": "NEWORLEANS_2011_20222022A-19509-22", "x": -90.072174072265625, "y": 29.928951263427734, "robbery": 1 }, "geometry": { "type": "Point", "coordinates": [ -90.072174071999939, 29.928951263000044 ] } },
{ "type": "Feature", "properties": { "OBJECTID": 92366, "id": "NEWORLEANS_2011_20222022A-20112-22", "x": -89.89593505859375, "y": 30.041984558105469, "robbery": 1 }, "geometry": { "type": "Point", "coordinates": [ -89.895935058999953, 30.041984558000024 ] } },
{ "type": "Feature", "properties": { "OBJECTID": 92367, "id": "NEWORLEANS_2011_20222022A-20122-22", "x": -90.090553283691406, "y": 29.947370529174805, "robbery": 1 }, "geometry": { "type": "Point", "coordinates": [ -90.090553283999952, 29.947370529000068 ] } },
{ "type": "Feature", "properties": { "OBJECTID": 92368, "id": "NEWORLEANS_2011_20222022A-20279-22", "x": -89.933952331542969, "y": 30.039970397949219, "robbery": 1 }, "geometry": { "type": "Point", "coordinates": [ -89.933952332, 30.039970398000037 ] } },
{ "type": "Feature", "properties": { "OBJECTID": 92369, "id": "NEWORLEANS_2011_20222022A-21118-22", "x": -90.072029113769531, "y": 30.014123916625977, "robbery": 1 }, "geometry": { "type": "Point", "coordinates": [ -90.072029113999974, 30.014123917000063 ] } },
{ "type": "Feature", "properties": { "OBJECTID": 92370, "id": "NEWORLEANS_2011_20222022A-21345-22", "x": -90.056671142578125, "y": 29.969751358032227, "robbery": 1 }, "geometry": { "type": "Point", "coordinates": [ -90.05667114299996, 29.969751358000053 ] } },
{ "type": "Feature", "properties": { "OBJECTID": 92371, "id": "NEWORLEANS_2011_20222022A-22344-22", "x": -90.103927612304688, "y": 30.003623962402344, "robbery": 1 }, "geometry": { "type": "Point", "coordinates": [ -90.10392761199995, 30.003623962000063 ] } },
{ "type": "Feature", "properties": { "OBJECTID": 92372, "id": "NEWORLEANS_2011_20222022A-22416-22", "x": -89.922576904296875, "y": 30.041864395141602, "robbery": 1 }, "geometry": { "type": "Point", "coordinates": [ -89.922576903999982, 30.041864395000061 ] } },
{ "type": "Feature", "properties": { "OBJECTID": 92373, "id": "NEWORLEANS_2011_20222022A-22555-22", "x": -89.991523742675781, "y": 30.030124664306641, "robbery": 1 }, "geometry": { "type": "Point", "coordinates": [ -89.991523742999959, 30.030124664000027 ] } },
{ "type": "Feature", "properties": { "OBJECTID": 92374, "id": "NEWORLEANS_2011_20222022A-23916-22", "x": -90.0771484375, "y": 29.944023132324219, "robbery": 1 }, "geometry": { "type": "Point", "coordinates": [ -90.077148437999938, 29.944023132000041 ] } },
{ "type": "Feature", "properties": { "OBJECTID": 92375, "id": "NEWORLEANS_2011_20222022A-24146-22", "x": -89.959342956542969, "y": 30.02082633972168, "robbery": 1 }, "geometry": { "type": "Point", "coordinates": [ -89.959342957, 30.020826340000042 ] } },
{ "type": "Feature", "properties": { "OBJECTID": 92376, "id": "NEWORLEANS_2011_20222022A-24226-22", "x": -90.059562683105469, "y": 29.999179840087891, "robbery": 1 }, "geometry": { "type": "Point", "coordinates": [ -90.059562682999967, 29.999179840000068 ] } },
{ "type": "Feature", "properties": { "OBJECTID": 92377, "id": "NEWORLEANS_2011_20222022A-24394-22", "x": -90.070198059082031, "y": 29.951198577880859, "robbery": 1 }, "geometry": { "type": "Point", "coordinates": [ -90.070198058999949, 29.95119857800006 ] } },
{ "type": "Feature", "properties": { "OBJECTID": 92378, "id": "NEWORLEANS_2011_20222022A-24549-22", "x": -90.022918701171875, "y": 29.931995391845703, "robbery": 1 }, "geometry": { "type": "Point", "coordinates": [ -90.022918700999981, 29.931995392000033 ] } },
{ "type": "Feature", "properties": { "OBJECTID": 92379, "id": "NEWORLEANS_2011_20222022A-25326-22", "x": -90.071151733398438, "y": 29.952358245849609, "robbery": 1 }, "geometry": { "type": "Point", "coordinates": [ -90.071151732999965, 29.952358246000074 ] } },
{ "type": "Feature", "properties": { "OBJECTID": 92380, "id": "NEWORLEANS_2011_20222022A-25557-22", "x": -90.111289978027344, "y": 29.938779830932617, "robbery": 1 }, "geometry": { "type": "Point", "coordinates": [ -90.111289977999945, 29.938779831000033 ] } },
{ "type": "Feature", "properties": { "OBJECTID": 92381, "id": "NEWORLEANS_2011_20222022A-25693-22", "x": -90.0709228515625, "y": 29.952726364135742, "robbery": 1 }, "geometry": { "type": "Point", "coordinates": [ -90.070922851999967, 29.952726364000057 ] } },
{ "type": "Feature", "properties": { "OBJECTID": 92382, "id": "NEWORLEANS_2011_20222022A-25923-22", "x": -90.06353759765625, "y": 29.967493057250977, "robbery": 1 }, "geometry": { "type": "Point", "coordinates": [ -90.063537597999982, 29.96749305700007 ] } },
{ "type": "Feature", "properties": { "OBJECTID": 92383, "id": "NEWORLEANS_2011_20222022A-26295-22", "x": -90.097915649414062, "y": 29.976831436157227, "robbery": 1 }, "geometry": { "type": "Point", "coordinates": [ -90.097915648999958, 29.976831436000055 ] } },
{ "type": "Feature", "properties": { "OBJECTID": 92384, "id": "NEWORLEANS_2011_20222022A-26705-22", "x": -90.093849182128906, "y": 29.932926177978516, "robbery": 1 }, "geometry": { "type": "Point", "coordinates": [ -90.093849181999985, 29.932926178000059 ] } },
{ "type": "Feature", "properties": { "OBJECTID": 92385, "id": "NEWORLEANS_2011_20222022A-27893-22", "x": -90.025871276855469, "y": 29.941877365112305, "robbery": 1 }, "geometry": { "type": "Point", "coordinates": [ -90.025871276999965, 29.941877365000039 ] } },
{ "type": "Feature", "properties": { "OBJECTID": 92386, "id": "NEWORLEANS_2011_20222022A-28125-22", "x": -89.985054016113281, "y": 30.017969131469727, "robbery": 1 }, "geometry": { "type": "Point", "coordinates": [ -89.985054015999935, 30.017969131000029 ] } },
{ "type": "Feature", "properties": { "OBJECTID": 92387, "id": "NEWORLEANS_2011_20222022A-28170-22", "x": -90.067398071289062, "y": 29.956769943237305, "robbery": 1 }, "geometry": { "type": "Point", "coordinates": [ -90.067398070999957, 29.95676994300004 ] } },
{ "type": "Feature", "properties": { "OBJECTID": 92388, "id": "NEWORLEANS_2011_20222022A-28716-22", "x": -90.025115966796875, "y": 30.030580520629883, "robbery": 1 }, "geometry": { "type": "Point", "coordinates": [ -90.025115966999977, 30.030580521000047 ] } },
{ "type": "Feature", "properties": { "OBJECTID": 92389, "id": "NEWORLEANS_2011_20222022A-29007-22", "x": -89.911430358886719, "y": 30.03656005859375, "robbery": 1 }, "geometry": { "type": "Point", "coordinates": [ -89.911430358999951, 30.036560059000067 ] } },
{ "type": "Feature", "properties": { "OBJECTID": 92390, "id": "NEWORLEANS_2011_20222022A-29052-22", "x": -90.075546264648438, "y": 29.98967170715332, "robbery": 1 }, "geometry": { "type": "Point", "coordinates": [ -90.075546264999957, 29.98967170700007 ] } },
{ "type": "Feature", "properties": { "OBJECTID": 92391, "id": "NEWORLEANS_2011_20222022A-29143-22", "x": -90.086578369140625, "y": 29.943683624267578, "robbery": 1 }, "geometry": { "type": "Point", "coordinates": [ -90.086578368999938, 29.943683624000073 ] } },
{ "type": "Feature", "properties": { "OBJECTID": 92392, "id": "NEWORLEANS_2011_20222022A-29463-22", "x": -90.040504455566406, "y": 29.966747283935547, "robbery": 1 }, "geometry": { "type": "Point", "coordinates": [ -90.040504455999951, 29.966747284000064 ] } },
{ "type": "Feature", "properties": { "OBJECTID": 92393, "id": "NEWORLEANS_2011_20222022A-31378-22", "x": -90.087806701660156, "y": 29.956155776977539, "robbery": 1 }, "geometry": { "type": "Point", "coordinates": [ -90.087806701999966, 29.956155777000049 ] } },
{ "type": "Feature", "properties": { "OBJECTID": 92394, "id": "NEWORLEANS_2011_20222022A-31562-22", "x": -90.04608154296875, "y": 29.967525482177734, "robbery": 1 }, "geometry": { "type": "Point", "coordinates": [ -90.046081542999957, 29.967525482000042 ] } },
{ "type": "Feature", "properties": { "OBJECTID": 92395, "id": "NEWORLEANS_2011_20222022A-31619-22", "x": -90.072486877441406, "y": 29.976112365722656, "robbery": 1 }, "geometry": { "type": "Point", "coordinates": [ -90.07248687699996, 29.976112366000052 ] } },
{ "type": "Feature", "properties": { "OBJECTID": 92396, "id": "NEWORLEANS_2011_20222022A-31805-22", "x": -90.094261169433594, "y": 29.963586807250977, "robbery": 1 }, "geometry": { "type": "Point", "coordinates": [ -90.094261168999935, 29.96358680700007 ] } },
{ "type": "Feature", "properties": { "OBJECTID": 92397, "id": "NEWORLEANS_2011_20222022A-32165-22", "x": -90.076644897460938, "y": 29.968833923339844, "robbery": 1 }, "geometry": { "type": "Point", "coordinates": [ -90.076644896999937, 29.968833923000034 ] } },
{ "type": "Feature", "properties": { "OBJECTID": 92398, "id": "NEWORLEANS_2011_20222022A-33056-22", "x": -89.929298400878906, "y": 30.035083770751953, "robbery": 1 }, "geometry": { "type": "Point", "coordinates": [ -89.929298400999983, 30.035083771000075 ] } },
{ "type": "Feature", "properties": { "OBJECTID": 92399, "id": "NEWORLEANS_2011_20222022A-33483-22", "x": -90.044784545898438, "y": 29.968524932861328, "robbery": 1 }, "geometry": { "type": "Point", "coordinates": [ -90.04478454599996, 29.968524933000026 ] } },
{ "type": "Feature", "properties": { "OBJECTID": 92400, "id": "NEWORLEANS_2011_20222022A-33898-22", "x": -90.088104248046875, "y": 29.963340759277344, "robbery": 1 }, "geometry": { "type": "Point", "coordinates": [ -90.088104247999979, 29.963340759000062 ] } },
{ "type": "Feature", "properties": { "OBJECTID": 92401, "id": "NEWORLEANS_2011_20222022A-34011-22", "x": -90.118492126464844, "y": 29.946544647216797, "robbery": 1 }, "geometry": { "type": "Point", "coordinates": [ -90.118492125999978, 29.946544647000053 ] } },
{ "type": "Feature", "properties": { "OBJECTID": 92402, "id": "NEWORLEANS_2011_20222022A-34503-22", "x": -90.056991577148438, "y": 29.968696594238281, "robbery": 1 }, "geometry": { "type": "Point", "coordinates": [ -90.056991576999962, 29.96869659400005 ] } },
{ "type": "Feature", "properties": { "OBJECTID": 92403, "id": "NEWORLEANS_2011_20222022A-34558-22", "x": -89.980224609375, "y": 30.024930953979492, "robbery": 1 }, "geometry": { "type": "Point", "coordinates": [ -89.980224608999947, 30.02493095400007 ] } },
{ "type": "Feature", "properties": { "OBJECTID": 92404, "id": "NEWORLEANS_2011_20222022A-34839-22", "x": -90.028419494628906, "y": 29.942804336547852, "robbery": 1 }, "geometry": { "type": "Point", "coordinates": [ -90.02841949499998, 29.942804337000041 ] } },
{ "type": "Feature", "properties": { "OBJECTID": 92405, "id": "NEWORLEANS_2011_20222022B-00054-22", "x": -90.03265380859375, "y": 30.006961822509766, "robbery": 1 }, "geometry": { "type": "Point", "coordinates": [ -90.032653808999953, 30.00696182300004 ] } },
{ "type": "Feature", "properties": { "OBJECTID": 92406, "id": "NEWORLEANS_2011_20222022B-00055-22", "x": -90.089950561523438, "y": 29.960102081298828, "robbery": 1 }, "geometry": { "type": "Point", "coordinates": [ -90.089950561999956, 29.960102081000059 ] } },
{ "type": "Feature", "properties": { "OBJECTID": 92407, "id": "NEWORLEANS_2011_20222022B-00731-22", "x": -90.109596252441406, "y": 29.965873718261719, "robbery": 1 }, "geometry": { "type": "Point", "coordinates": [ -90.10959625199996, 29.965873718000068 ] } },
{ "type": "Feature", "properties": { "OBJECTID": 92408, "id": "NEWORLEANS_2011_20222022B-00959-22", "x": -89.908943176269531, "y": 30.041301727294922, "robbery": 1 }, "geometry": { "type": "Point", "coordinates": [ -89.90894317599998, 30.041301727000075 ] } },
{ "type": "Feature", "properties": { "OBJECTID": 92409, "id": "NEWORLEANS_2011_20222022B-02400-22", "x": -90.071487426757812, "y": 29.937454223632812, "robbery": 1 }, "geometry": { "type": "Point", "coordinates": [ -90.071487426999965, 29.937454224000078 ] } },
{ "type": "Feature", "properties": { "OBJECTID": 92410, "id": "NEWORLEANS_2011_20222022B-02494-23", "x": -90.108100891113281, "y": 29.979408264160156, "robbery": 1 }, "geometry": { "type": "Point", "coordinates": [ -90.108100890999935, 29.979408264000028 ] } },
{ "type": "Feature", "properties": { "OBJECTID": 92411, "id": "NEWORLEANS_2011_20222022B-03757-22", "x": -90.039306640625, "y": 30.002662658691406, "robbery": 1 }, "geometry": { "type": "Point", "coordinates": [ -90.039306640999939, 30.002662659000066 ] } },
{ "type": "Feature", "properties": { "OBJECTID": 92412, "id": "NEWORLEANS_2011_20222022B-04184-22", "x": -90.049819946289062, "y": 29.983390808105469, "robbery": 1 }, "geometry": { "type": "Point", "coordinates": [ -90.049819945999957, 29.983390808000024 ] } },
{ "type": "Feature", "properties": { "OBJECTID": 92413, "id": "NEWORLEANS_2011_20222022B-04258-22", "x": -90.059799194335938, "y": 29.975687026977539, "robbery": 1 }, "geometry": { "type": "Point", "coordinates": [ -90.059799193999936, 29.975687027000049 ] } },
{ "type": "Feature", "properties": { "OBJECTID": 92414, "id": "NEWORLEANS_2011_20222022B-04424-22", "x": -90.048385620117188, "y": 29.997846603393555, "robbery": 1 }, "geometry": { "type": "Point", "coordinates": [ -90.048385619999976, 29.997846603000028 ] } },
{ "type": "Feature", "properties": { "OBJECTID": 92415, "id": "NEWORLEANS_2011_20222022B-04779-22", "x": -90.075897216796875, "y": 29.962942123413086, "robbery": 1 }, "geometry": { "type": "Point", "coordinates": [ -90.075897216999977, 29.962942123000062 ] } },
{ "type": "Feature", "properties": { "OBJECTID": 92416, "id": "NEWORLEANS_2011_20222022B-05205-22", "x": -90.066673278808594, "y": 29.957576751708984, "robbery": 1 }, "geometry": { "type": "Point", "coordinates": [ -90.066673278999986, 29.95757675200008 ] } },
{ "type": "Feature", "properties": { "OBJECTID": 92417, "id": "NEWORLEANS_2011_20222022B-05750-22", "x": -90.086021423339844, "y": 30.012958526611328, "robbery": 1 }, "geometry": { "type": "Point", "coordinates": [ -90.086021422999977, 30.012958527000023 ] } },
{ "type": "Feature", "properties": { "OBJECTID": 92418, "id": "NEWORLEANS_2011_20222022B-05756-22", "x": -90.052925109863281, "y": 29.963592529296875, "robbery": 1 }, "geometry": { "type": "Point", "coordinates": [ -90.05292511, 29.963592529000039 ] } },
{ "type": "Feature", "properties": { "OBJECTID": 92419, "id": "NEWORLEANS_2011_20222022B-06177-22", "x": -90.0040283203125, "y": 30.011625289916992, "robbery": 1 }, "geometry": { "type": "Point", "coordinates": [ -90.004028319999975, 30.01162529000004 ] } },
{ "type": "Feature", "properties": { "OBJECTID": 92420, "id": "NEWORLEANS_2011_20222022B-06535-22", "x": -90.07904052734375, "y": 29.975374221801758, "robbery": 1 }, "geometry": { "type": "Point", "coordinates": [ -90.079040526999961, 29.975374222000028 ] } },
{ "type": "Feature", "properties": { "OBJECTID": 92421, "id": "NEWORLEANS_2011_20222022B-07107-22", "x": -90.032745361328125, "y": 29.936599731445312, "robbery": 1 }, "geometry": { "type": "Point", "coordinates": [ -90.032745360999968, 29.936599731000058 ] } },
{ "type": "Feature", "properties": { "OBJECTID": 92422, "id": "NEWORLEANS_2011_20222022B-07564-22", "x": -90.000823974609375, "y": 30.011972427368164, "robbery": 1 }, "geometry": { "type": "Point", "coordinates": [ -90.000823974999946, 30.011972427000046 ] } },
{ "type": "Feature", "properties": { "OBJECTID": 92423, "id": "NEWORLEANS_2011_20222022B-07676-22", "x": -90.033470153808594, "y": 29.938453674316406, "robbery": 1 }, "geometry": { "type": "Point", "coordinates": [ -90.033470153999986, 29.938453674000073 ] } },
{ "type": "Feature", "properties": { "OBJECTID": 92424, "id": "NEWORLEANS_2011_20222022B-07977-22", "x": -90.079689025878906, "y": 29.943441390991211, "robbery": 1 }, "geometry": { "type": "Point", "coordinates": [ -90.079689025999983, 29.943441391000079 ] } },
{ "type": "Feature", "properties": { "OBJECTID": 92425, "id": "NEWORLEANS_2011_20222022B-08892-22", "x": -90.091407775878906, "y": 29.944501876831055, "robbery": 1 }, "geometry": { "type": "Point", "coordinates": [ -90.091407775999983, 29.94450187700005 ] } },
{ "type": "Feature", "properties": { "OBJECTID": 92426, "id": "NEWORLEANS_2011_20222022B-09110-22", "x": -90.067909240722656, "y": 29.956199645996094, "robbery": 1 }, "geometry": { "type": "Point", "coordinates": [ -90.067909240999938, 29.956199646000073 ] } },
{ "type": "Feature", "properties": { "OBJECTID": 92427, "id": "NEWORLEANS_2011_20222022B-10062-22", "x": -90.074348449707031, "y": 29.948003768920898, "robbery": 1 }, "geometry": { "type": "Point", "coordinates": [ -90.074348449999945, 29.948003769000024 ] } },
{ "type": "Feature", "properties": { "OBJECTID": 92428, "id": "NEWORLEANS_2011_20222022B-10079-22", "x": -90.066062927246094, "y": 29.976064682006836, "robbery": 1 }, "geometry": { "type": "Point", "coordinates": [ -90.066062926999962, 29.976064682000072 ] } },
{ "type": "Feature", "properties": { "OBJECTID": 92429, "id": "NEWORLEANS_2011_20222022B-10122-22", "x": -90.083343505859375, "y": 29.967504501342773, "robbery": 1 }, "geometry": { "type": "Point", "coordinates": [ -90.083343505999949, 29.967504501000064 ] } },
{ "type": "Feature", "properties": { "OBJECTID": 92430, "id": "NEWORLEANS_2011_20222022B-10123-22", "x": -90.06744384765625, "y": 29.968748092651367, "robbery": 1 }, "geometry": { "type": "Point", "coordinates": [ -90.067443847999982, 29.968748093000045 ] } },
{ "type": "Feature", "properties": { "OBJECTID": 92431, "id": "NEWORLEANS_2011_20222022B-10383-22", "x": -90.081634521484375, "y": 29.977794647216797, "robbery": 1 }, "geometry": { "type": "Point", "coordinates": [ -90.081634520999955, 29.977794647000053 ] } },
{ "type": "Feature", "properties": { "OBJECTID": 92432, "id": "NEWORLEANS_2011_20222022B-11169-22", "x": -90.042129516601562, "y": 29.961759567260742, "robbery": 1 }, "geometry": { "type": "Point", "coordinates": [ -90.042129516999978, 29.961759567000058 ] } },
{ "type": "Feature", "properties": { "OBJECTID": 92433, "id": "NEWORLEANS_2011_20222022B-11285-22", "x": -90.079437255859375, "y": 29.96379280090332, "robbery": 1 }, "geometry": { "type": "Point", "coordinates": [ -90.079437255999949, 29.963792801000068 ] } },
{ "type": "Feature", "properties": { "OBJECTID": 92434, "id": "NEWORLEANS_2011_20222022B-11318-22", "x": -90.091712951660156, "y": 29.982995986938477, "robbery": 1 }, "geometry": { "type": "Point", "coordinates": [ -90.091712951999966, 29.982995987000038 ] } },
{ "type": "Feature", "properties": { "OBJECTID": 92435, "id": "NEWORLEANS_2011_20222022B-12130-22", "x": -90.071029663085938, "y": 30.013607025146484, "robbery": 1 }, "geometry": { "type": "Point", "coordinates": [ -90.071029663, 30.013607025000056 ] } },
{ "type": "Feature", "properties": { "OBJECTID": 92436, "id": "NEWORLEANS_2011_20222022B-12265-22", "x": -89.933563232421875, "y": 30.035482406616211, "robbery": 1 }, "geometry": { "type": "Point", "coordinates": [ -89.933563231999983, 30.035482407000075 ] } },
{ "type": "Feature", "properties": { "OBJECTID": 92437, "id": "NEWORLEANS_2011_20222022B-12278-22", "x": -90.13519287109375, "y": 29.953956604003906, "robbery": 1 }, "geometry": { "type": "Point", "coordinates": [ -90.135192870999958, 29.953956604000041 ] } },
{ "type": "Feature", "properties": { "OBJECTID": 92438, "id": "NEWORLEANS_2011_20222022B-12830-22", "x": -90.014999389648438, "y": 30.017749786376953, "robbery": 1 }, "geometry": { "type": "Point", "coordinates": [ -90.014999389999957, 30.017749786000024 ] } },
{ "type": "Feature", "properties": { "OBJECTID": 92439, "id": "NEWORLEANS_2011_20222022B-12856-22", "x": -90.075927734375, "y": 29.928817749023438, "robbery": 1 }, "geometry": { "type": "Point", "coordinates": [ -90.075927733999947, 29.928817749000075 ] } },
{ "type": "Feature", "properties": { "OBJECTID": 92440, "id": "NEWORLEANS_2011_20222022B-12941-22", "x": -90.068191528320312, "y": 29.95427131652832, "robbery": 1 }, "geometry": { "type": "Point", "coordinates": [ -90.068191527999943, 29.954271317000064 ] } },
{ "type": "Feature", "properties": { "OBJECTID": 92441, "id": "NEWORLEANS_2011_20222022B-13047-22", "x": -90.056655883789062, "y": 29.969446182250977, "robbery": 1 }, "geometry": { "type": "Point", "coordinates": [ -90.056655883999952, 29.96944618200007 ] } },
{ "type": "Feature", "properties": { "OBJECTID": 92442, "id": "NEWORLEANS_2011_20222022B-14349-22", "x": -90.117027282714844, "y": 30.005718231201172, "robbery": 1 }, "geometry": { "type": "Point", "coordinates": [ -90.11702728299997, 30.00571823100006 ] } },
{ "type": "Feature", "properties": { "OBJECTID": 92443, "id": "NEWORLEANS_2011_20222022B-14485-22", "x": -90.105331420898438, "y": 29.973634719848633, "robbery": 1 }, "geometry": { "type": "Point", "coordinates": [ -90.10533142099996, 29.973634720000064 ] } },
{ "type": "Feature", "properties": { "OBJECTID": 92444, "id": "NEWORLEANS_2011_20222022B-14606-22", "x": -90.030448913574219, "y": 29.993722915649414, "robbery": 1 }, "geometry": { "type": "Point", "coordinates": [ -90.030448913999976, 29.993722916000024 ] } },
{ "type": "Feature", "properties": { "OBJECTID": 92445, "id": "NEWORLEANS_2011_20222022B-15284-22", "x": -90.129035949707031, "y": 29.942333221435547, "robbery": 1 }, "geometry": { "type": "Point", "coordinates": [ -90.129035949999945, 29.942333221000069 ] } },
{ "type": "Feature", "properties": { "OBJECTID": 92446, "id": "NEWORLEANS_2011_20222022B-15394-22", "x": -90.060234069824219, "y": 29.96519660949707, "robbery": 1 }, "geometry": { "type": "Point", "coordinates": [ -90.060234069999979, 29.965196609000031 ] } },
{ "type": "Feature", "properties": { "OBJECTID": 92447, "id": "NEWORLEANS_2011_20222022B-15645-22", "x": -90.094711303710938, "y": 29.964982986450195, "robbery": 1 }, "geometry": { "type": "Point", "coordinates": [ -90.094711303999986, 29.964982986000052 ] } },
{ "type": "Feature", "properties": { "OBJECTID": 92448, "id": "NEWORLEANS_2011_20222022B-15735-22", "x": -90.058708190917969, "y": 29.989568710327148, "robbery": 1 }, "geometry": { "type": "Point", "coordinates": [ -90.058708190999937, 29.989568710000071 ] } },
{ "type": "Feature", "properties": { "OBJECTID": 92449, "id": "NEWORLEANS_2011_20222022B-16044-22", "x": -90.046798706054688, "y": 30.006534576416016, "robbery": 1 }, "geometry": { "type": "Point", "coordinates": [ -90.046798705999947, 30.006534576000035 ] } },
{ "type": "Feature", "properties": { "OBJECTID": 92450, "id": "NEWORLEANS_2011_20222022B-16370-22", "x": -90.063392639160156, "y": 29.956367492675781, "robbery": 1 }, "geometry": { "type": "Point", "coordinates": [ -90.063392638999971, 29.956367493000073 ] } },
{ "type": "Feature", "properties": { "OBJECTID": 92451, "id": "NEWORLEANS_2011_20222022B-16383-22", "x": -90.0330810546875, "y": 29.937135696411133, "robbery": 1 }, "geometry": { "type": "Point", "coordinates": [ -90.033081054999968, 29.937135696000041 ] } },
{ "type": "Feature", "properties": { "OBJECTID": 92452, "id": "NEWORLEANS_2011_20222022B-16848-22", "x": -90.080329895019531, "y": 29.934122085571289, "robbery": 1 }, "geometry": { "type": "Point", "coordinates": [ -90.080329894999977, 29.934122086000059 ] } },
{ "type": "Feature", "properties": { "OBJECTID": 92453, "id": "NEWORLEANS_2011_20222022B-17145-22", "x": -90.063674926757812, "y": 30.012401580810547, "robbery": 1 }, "geometry": { "type": "Point", "coordinates": [ -90.063674926999965, 30.012401581000063 ] } },
{ "type": "Feature", "properties": { "OBJECTID": 92454, "id": "NEWORLEANS_2011_20222022B-17567-22", "x": -90.053337097167969, "y": 29.963861465454102, "robbery": 1 }, "geometry": { "type": "Point", "coordinates": [ -90.05333709699994, 29.963861465000036 ] } },
{ "type": "Feature", "properties": { "OBJECTID": 92455, "id": "NEWORLEANS_2011_20222022B-17631-22", "x": -90.018470764160156, "y": 29.929126739501953, "robbery": 1 }, "geometry": { "type": "Point", "coordinates": [ -90.018470763999971, 29.929126740000072 ] } },
{ "type": "Feature", "properties": { "OBJECTID": 92456, "id": "NEWORLEANS_2011_20222022B-18398-22", "x": -89.978958129882812, "y": 30.016002655029297, "robbery": 1 }, "geometry": { "type": "Point", "coordinates": [ -89.978958129999967, 30.016002655000079 ] } },
{ "type": "Feature", "properties": { "OBJECTID": 92457, "id": "NEWORLEANS_2011_20222022B-18462-22", "x": -90.069694519042969, "y": 29.954198837280273, "robbery": 1 }, "geometry": { "type": "Point", "coordinates": [ -90.069694518999938, 29.954198837000035 ] } },
{ "type": "Feature", "properties": { "OBJECTID": 92458, "id": "NEWORLEANS_2011_20222022B-18555-22", "x": -90.067855834960938, "y": 29.967071533203125, "robbery": 1 }, "geometry": { "type": "Point", "coordinates": [ -90.067855834999989, 29.967071533000023 ] } },
{ "type": "Feature", "properties": { "OBJECTID": 92459, "id": "NEWORLEANS_2011_20222022B-18746-22", "x": -90.048507690429688, "y": 29.997724533081055, "robbery": 1 }, "geometry": { "type": "Point", "coordinates": [ -90.048507689999951, 29.997724533000053 ] } },
{ "type": "Feature", "properties": { "OBJECTID": 92460, "id": "NEWORLEANS_2011_20222022B-19396-22", "x": -90.007568359375, "y": 29.96019172668457, "robbery": 1 }, "geometry": { "type": "Point", "coordinates": [ -90.007568358999947, 29.960191727000051 ] } },
{ "type": "Feature", "properties": { "OBJECTID": 92461, "id": "NEWORLEANS_2011_20222022B-19621-22", "x": -90.029441833496094, "y": 29.979684829711914, "robbery": 1 }, "geometry": { "type": "Point", "coordinates": [ -90.029441832999964, 29.979684830000053 ] } },
{ "type": "Feature", "properties": { "OBJECTID": 92462, "id": "NEWORLEANS_2011_20222022B-19650-22", "x": -90.034317016601562, "y": 29.972503662109375, "robbery": 1 }, "geometry": { "type": "Point", "coordinates": [ -90.034317016999978, 29.972503662000065 ] } },
{ "type": "Feature", "properties": { "OBJECTID": 92463, "id": "NEWORLEANS_2011_20222022B-19703-22", "x": -90.087738037109375, "y": 29.923437118530273, "robbery": 1 }, "geometry": { "type": "Point", "coordinates": [ -90.087738036999951, 29.923437119000027 ] } },
{ "type": "Feature", "properties": { "OBJECTID": 92464, "id": "NEWORLEANS_2011_20222022B-20133-22", "x": -89.949356079101562, "y": 30.05412483215332, "robbery": 1 }, "geometry": { "type": "Point", "coordinates": [ -89.949356078999983, 30.05412483200007 ] } },
{ "type": "Feature", "properties": { "OBJECTID": 92465, "id": "NEWORLEANS_2011_20222022B-20819-22", "x": -90.100547790527344, "y": 29.942720413208008, "robbery": 1 }, "geometry": { "type": "Point", "coordinates": [ -90.10054779099994, 29.942720413000075 ] } },
{ "type": "Feature", "properties": { "OBJECTID": 92466, "id": "NEWORLEANS_2011_20222022B-21064-22", "x": -89.996498107910156, "y": 30.034738540649414, "robbery": 1 }, "geometry": { "type": "Point", "coordinates": [ -89.996498107999969, 30.034738541000024 ] } },
{ "type": "Feature", "properties": { "OBJECTID": 92467, "id": "NEWORLEANS_2011_20222022B-22354-22", "x": -90.048812866210938, "y": 29.974115371704102, "robbery": 1 }, "geometry": { "type": "Point", "coordinates": [ -90.048812865999935, 29.974115372000028 ] } },
{ "type": "Feature", "properties": { "OBJECTID": 92468, "id": "NEWORLEANS_2011_20222022B-22710-22", "x": -90.050460815429688, "y": 29.981206893920898, "robbery": 1 }, "geometry": { "type": "Point", "coordinates": [ -90.050460814999951, 29.981206894000024 ] } },
{ "type": "Feature", "properties": { "OBJECTID": 92469, "id": "NEWORLEANS_2011_20222022B-22796-22", "x": -90.046592712402344, "y": 29.97703742980957, "robbery": 1 }, "geometry": { "type": "Point", "coordinates": [ -90.046592711999949, 29.977037430000053 ] } },
{ "type": "Feature", "properties": { "OBJECTID": 92470, "id": "NEWORLEANS_2011_20222022B-23160-22", "x": -90.095924377441406, "y": 29.947481155395508, "robbery": 1 }, "geometry": { "type": "Point", "coordinates": [ -90.09592437699996, 29.947481155000048 ] } },
{ "type": "Feature", "properties": { "OBJECTID": 92471, "id": "NEWORLEANS_2011_20222022B-23608-22", "x": -90.038002014160156, "y": 29.966663360595703, "robbery": 1 }, "geometry": { "type": "Point", "coordinates": [ -90.038002013999971, 29.96666336100003 ] } },
{ "type": "Feature", "properties": { "OBJECTID": 92472, "id": "NEWORLEANS_2011_20222022B-23751-22", "x": -90.068550109863281, "y": 29.955482482910156, "robbery": 1 }, "geometry": { "type": "Point", "coordinates": [ -90.06855011, 29.955482483000026 ] } },
{ "type": "Feature", "properties": { "OBJECTID": 92473, "id": "NEWORLEANS_2011_20222022B-24020-22", "x": -90.070320129394531, "y": 29.953514099121094, "robbery": 1 }, "geometry": { "type": "Point", "coordinates": [ -90.070320128999981, 29.953514099000074 ] } },
{ "type": "Feature", "properties": { "OBJECTID": 92474, "id": "NEWORLEANS_2011_20222022B-24086-22", "x": -90.092849731445312, "y": 29.98603630065918, "robbery": 1 }, "geometry": { "type": "Point", "coordinates": [ -90.092849730999944, 29.98603630100007 ] } },
{ "type": "Feature", "properties": { "OBJECTID": 92475, "id": "NEWORLEANS_2011_20222022B-24260-22", "x": -90.088905334472656, "y": 29.945596694946289, "robbery": 1 }, "geometry": { "type": "Point", "coordinates": [ -90.088905333999946, 29.945596695000063 ] } },
{ "type": "Feature", "properties": { "OBJECTID": 92476, "id": "NEWORLEANS_2011_20222022B-24285-22", "x": -90.057647705078125, "y": 30.012510299682617, "robbery": 1 }, "geometry": { "type": "Point", "coordinates": [ -90.057647704999965, 30.012510300000031 ] } },
{ "type": "Feature", "properties": { "OBJECTID": 92477, "id": "NEWORLEANS_2011_20222022B-26254-22", "x": -90.06585693359375, "y": 29.943025588989258, "robbery": 1 }, "geometry": { "type": "Point", "coordinates": [ -90.065856933999953, 29.943025589000058 ] } },
{ "type": "Feature", "properties": { "OBJECTID": 92478, "id": "NEWORLEANS_2011_20222022B-27174-22", "x": -90.106132507324219, "y": 29.969558715820312, "robbery": 1 }, "geometry": { "type": "Point", "coordinates": [ -90.106132506999984, 29.969558716000051 ] } },
{ "type": "Feature", "properties": { "OBJECTID": 92479, "id": "NEWORLEANS_2011_20222022B-29117-22", "x": -89.998268127441406, "y": 30.02958869934082, "robbery": 1 }, "geometry": { "type": "Point", "coordinates": [ -89.99826812699996, 30.029588699000044 ] } },
{ "type": "Feature", "properties": { "OBJECTID": 92480, "id": "NEWORLEANS_2011_20222022B-29508-22", "x": -89.955886840820312, "y": 30.038078308105469, "robbery": 1 }, "geometry": { "type": "Point", "coordinates": [ -89.955886840999938, 30.038078308000024 ] } },
{ "type": "Feature", "properties": { "OBJECTID": 92481, "id": "NEWORLEANS_2011_20222022B-29607-22", "x": -90.063377380371094, "y": 29.964498519897461, "robbery": 1 }, "geometry": { "type": "Point", "coordinates": [ -90.063377379999963, 29.964498520000063 ] } },
{ "type": "Feature", "properties": { "OBJECTID": 92482, "id": "NEWORLEANS_2011_20222022B-29946-22", "x": -89.919746398925781, "y": 30.040063858032227, "robbery": 1 }, "geometry": { "type": "Point", "coordinates": [ -89.919746398999962, 30.040063858000053 ] } },
{ "type": "Feature", "properties": { "OBJECTID": 92483, "id": "NEWORLEANS_2011_20222022B-30503-22", "x": -90.076850891113281, "y": 29.965017318725586, "robbery": 1 }, "geometry": { "type": "Point", "coordinates": [ -90.076850890999935, 29.965017319000026 ] } },
{ "type": "Feature", "properties": { "OBJECTID": 92484, "id": "NEWORLEANS_2011_20222022B-30692-22", "x": -90.062080383300781, "y": 29.965042114257812, "robbery": 1 }, "geometry": { "type": "Point", "coordinates": [ -90.062080382999966, 29.965042114000028 ] } },
{ "type": "Feature", "properties": { "OBJECTID": 92485, "id": "NEWORLEANS_2011_20222022B-31591-22", "x": -90.067489624023438, "y": 29.956661224365234, "robbery": 1 }, "geometry": { "type": "Point", "coordinates": [ -90.067489623999961, 29.956661224000072 ] } },
{ "type": "Feature", "properties": { "OBJECTID": 92486, "id": "NEWORLEANS_2011_20222022B-31628-22", "x": -90.065597534179688, "y": 29.963808059692383, "robbery": 1 }, "geometry": { "type": "Point", "coordinates": [ -90.065597533999949, 29.963808060000076 ] } },
{ "type": "Feature", "properties": { "OBJECTID": 92487, "id": "NEWORLEANS_2011_20222022B-32717-22", "x": -90.076522827148438, "y": 29.929695129394531, "robbery": 1 }, "geometry": { "type": "Point", "coordinates": [ -90.076522826999962, 29.929695129000038 ] } },
{ "type": "Feature", "properties": { "OBJECTID": 92488, "id": "NEWORLEANS_2011_20222022B-32904-22", "x": -90.073196411132812, "y": 29.957454681396484, "robbery": 1 }, "geometry": { "type": "Point", "coordinates": [ -90.073196410999969, 29.957454681000058 ] } },
{ "type": "Feature", "properties": { "OBJECTID": 92489, "id": "NEWORLEANS_2011_20222022B-33172-22", "x": -90.048812866210938, "y": 29.974115371704102, "robbery": 1 }, "geometry": { "type": "Point", "coordinates": [ -90.048812865999935, 29.974115372000028 ] } },
{ "type": "Feature", "properties": { "OBJECTID": 92490, "id": "NEWORLEANS_2011_20222022B-33254-22", "x": -90.032150268554688, "y": 29.970121383666992, "robbery": 1 }, "geometry": { "type": "Point", "coordinates": [ -90.032150268999942, 29.970121384000038 ] } },
{ "type": "Feature", "properties": { "OBJECTID": 92491, "id": "NEWORLEANS_2011_20222022B-33269-22", "x": -90.072090148925781, "y": 30.003631591796875, "robbery": 1 }, "geometry": { "type": "Point", "coordinates": [ -90.072090148999962, 30.003631592000033 ] } },
{ "type": "Feature", "properties": { "OBJECTID": 92492, "id": "NEWORLEANS_2011_20222022C-00769-22", "x": -89.962310791015625, "y": 30.047256469726562, "robbery": 1 }, "geometry": { "type": "Point", "coordinates": [ -89.962310790999936, 30.047256470000036 ] } },
{ "type": "Feature", "properties": { "OBJECTID": 92493, "id": "NEWORLEANS_2011_20222022C-01069-22", "x": -90.051406860351562, "y": 29.964832305908203, "robbery": 1 }, "geometry": { "type": "Point", "coordinates": [ -90.051406859999986, 29.964832306000062 ] } },
{ "type": "Feature", "properties": { "OBJECTID": 92494, "id": "NEWORLEANS_2011_20222022C-01199-22", "x": -90.057464599609375, "y": 29.979587554931641, "robbery": 1 }, "geometry": { "type": "Point", "coordinates": [ -90.057464599999946, 29.979587555000023 ] } },
{ "type": "Feature", "properties": { "OBJECTID": 92495, "id": "NEWORLEANS_2011_20222022C-03258-22", "x": -90.072341918945312, "y": 29.971542358398438, "robbery": 1 }, "geometry": { "type": "Point", "coordinates": [ -90.072341918999939, 29.971542358000079 ] } },
{ "type": "Feature", "properties": { "OBJECTID": 92496, "id": "NEWORLEANS_2011_20222022C-03270-22", "x": -90.079513549804688, "y": 29.974369049072266, "robbery": 1 }, "geometry": { "type": "Point", "coordinates": [ -90.079513549999945, 29.974369049000074 ] } },
{ "type": "Feature", "properties": { "OBJECTID": 92497, "id": "NEWORLEANS_2011_20222022C-03388-22", "x": -90.050498962402344, "y": 29.94227409362793, "robbery": 1 }, "geometry": { "type": "Point", "coordinates": [ -90.050498961999949, 29.942274094000027 ] } },
{ "type": "Feature", "properties": { "OBJECTID": 92498, "id": "NEWORLEANS_2011_20222022C-03716-22", "x": -90.099334716796875, "y": 29.97981071472168, "robbery": 1 }, "geometry": { "type": "Point", "coordinates": [ -90.099334716999977, 29.979810715000042 ] } },
{ "type": "Feature", "properties": { "OBJECTID": 92499, "id": "NEWORLEANS_2011_20222022C-04490-22", "x": -90.089363098144531, "y": 29.945911407470703, "robbery": 1 }, "geometry": { "type": "Point", "coordinates": [ -90.089363097999978, 29.94591140700004 ] } },
{ "type": "Feature", "properties": { "OBJECTID": 92500, "id": "NEWORLEANS_2011_20222022C-04554-22", "x": -90.064453125, "y": 29.966339111328125, "robbery": 1 }, "geometry": { "type": "Point", "coordinates": [ -90.064453124999943, 29.966339111000025 ] } },
{ "type": "Feature", "properties": { "OBJECTID": 92501, "id": "NEWORLEANS_2011_20222022C-04875-22", "x": -90.100311279296875, "y": 29.966346740722656, "robbery": 1 }, "geometry": { "type": "Point", "coordinates": [ -90.100311278999982, 29.966346741000052 ] } },
{ "type": "Feature", "properties": { "OBJECTID": 92502, "id": "NEWORLEANS_2011_20222022C-05464-22", "x": -90.060302734375, "y": 29.998298645019531, "robbery": 1 }, "geometry": { "type": "Point", "coordinates": [ -90.060302733999947, 29.998298645000034 ] } },
{ "type": "Feature", "properties": { "OBJECTID": 92503, "id": "NEWORLEANS_2011_20222022C-06420-22", "x": -89.958526611328125, "y": 30.04840087890625, "robbery": 1 }, "geometry": { "type": "Point", "coordinates": [ -89.958526610999968, 30.048400879000042 ] } },
{ "type": "Feature", "properties": { "OBJECTID": 92504, "id": "NEWORLEANS_2011_20222022C-06563-22", "x": -90.07598876953125, "y": 29.979825973510742, "robbery": 1 }, "geometry": { "type": "Point", "coordinates": [ -90.075988769999981, 29.97982597400005 ] } },
{ "type": "Feature", "properties": { "OBJECTID": 92505, "id": "NEWORLEANS_2011_20222022C-06778-22", "x": -90.087615966796875, "y": 29.964313507080078, "robbery": 1 }, "geometry": { "type": "Point", "coordinates": [ -90.087615966999977, 29.964313507000043 ] } },
{ "type": "Feature", "properties": { "OBJECTID": 92506, "id": "NEWORLEANS_2011_20222022C-07360-22", "x": -89.994186401367188, "y": 30.013042449951172, "robbery": 1 }, "geometry": { "type": "Point", "coordinates": [ -89.994186400999979, 30.013042450000057 ] } },
{ "type": "Feature", "properties": { "OBJECTID": 92507, "id": "NEWORLEANS_2011_20222022C-07399-22", "x": -90.075897216796875, "y": 29.980335235595703, "robbery": 1 }, "geometry": { "type": "Point", "coordinates": [ -90.075897216999977, 29.98033523600003 ] } },
{ "type": "Feature", "properties": { "OBJECTID": 92508, "id": "NEWORLEANS_2011_20222022C-07507-22", "x": -90.073997497558594, "y": 29.957921981811523, "robbery": 1 }, "geometry": { "type": "Point", "coordinates": [ -90.073997497999983, 29.957921982000073 ] } },
{ "type": "Feature", "properties": { "OBJECTID": 92509, "id": "NEWORLEANS_2011_20222022C-08876-22", "x": -90.015708923339844, "y": 30.027179718017578, "robbery": 1 }, "geometry": { "type": "Point", "coordinates": [ -90.015708922999977, 30.02717971800007 ] } },
{ "type": "Feature", "properties": { "OBJECTID": 92510, "id": "NEWORLEANS_2011_20222022C-08892-22", "x": -90.085197448730469, "y": 29.938810348510742, "robbery": 1 }, "geometry": { "type": "Point", "coordinates": [ -90.085197448999963, 29.93881034900005 ] } },
{ "type": "Feature", "properties": { "OBJECTID": 92511, "id": "NEWORLEANS_2011_20222022C-09629-22", "x": -90.050956726074219, "y": 29.963268280029297, "robbery": 1 }, "geometry": { "type": "Point", "coordinates": [ -90.050956725999981, 29.963268280000079 ] } },
{ "type": "Feature", "properties": { "OBJECTID": 92512, "id": "NEWORLEANS_2011_20222022C-09649-22", "x": -90.027549743652344, "y": 29.931076049804688, "robbery": 1 }, "geometry": { "type": "Point", "coordinates": [ -90.027549743999941, 29.931076050000058 ] } },
{ "type": "Feature", "properties": { "OBJECTID": 92513, "id": "NEWORLEANS_2011_20222022C-09733-22", "x": -89.983238220214844, "y": 29.917499542236328, "robbery": 1 }, "geometry": { "type": "Point", "coordinates": [ -89.983238219999976, 29.91749954200003 ] } },
{ "type": "Feature", "properties": { "OBJECTID": 92514, "id": "NEWORLEANS_2011_20222022C-10220-22", "x": -90.095283508300781, "y": 29.96385383605957, "robbery": 1 }, "geometry": { "type": "Point", "coordinates": [ -90.095283507999966, 29.963853836000055 ] } },
{ "type": "Feature", "properties": { "OBJECTID": 92515, "id": "NEWORLEANS_2011_20222022C-10666-22", "x": -90.080322265625, "y": 29.93412971496582, "robbery": 1 }, "geometry": { "type": "Point", "coordinates": [ -90.080322265999939, 29.93412971500004 ] } },
{ "type": "Feature", "properties": { "OBJECTID": 92516, "id": "NEWORLEANS_2011_20222022C-11813-22", "x": -90.0711669921875, "y": 29.956153869628906, "robbery": 1 }, "geometry": { "type": "Point", "coordinates": [ -90.071166991999974, 29.956153870000037 ] } },
{ "type": "Feature", "properties": { "OBJECTID": 92517, "id": "NEWORLEANS_2011_20222022C-12310-22", "x": -89.966140747070312, "y": 30.022323608398438, "robbery": 1 }, "geometry": { "type": "Point", "coordinates": [ -89.96614074699994, 30.022323608000079 ] } },
{ "type": "Feature", "properties": { "OBJECTID": 92518, "id": "NEWORLEANS_2011_20222022C-12470-22", "x": -90.072540283203125, "y": 29.939338684082031, "robbery": 1 }, "geometry": { "type": "Point", "coordinates": [ -90.072540282999967, 29.939338684000063 ] } },
{ "type": "Feature", "properties": { "OBJECTID": 92519, "id": "NEWORLEANS_2011_20222022C-13069-22", "x": -90.083847045898438, "y": 29.995540618896484, "robbery": 1 }, "geometry": { "type": "Point", "coordinates": [ -90.08384704599996, 29.995540619000053 ] } },
{ "type": "Feature", "properties": { "OBJECTID": 92520, "id": "NEWORLEANS_2011_20222022C-13421-22", "x": -90.082832336425781, "y": 29.977739334106445, "robbery": 1 }, "geometry": { "type": "Point", "coordinates": [ -90.082832335999967, 29.977739334000034 ] } },
{ "type": "Feature", "properties": { "OBJECTID": 92521, "id": "NEWORLEANS_2011_20222022C-13634-22", "x": -90.120552062988281, "y": 29.971891403198242, "robbery": 1 }, "geometry": { "type": "Point", "coordinates": [ -90.120552063, 29.971891403000029 ] } },
{ "type": "Feature", "properties": { "OBJECTID": 92522, "id": "NEWORLEANS_2011_20222022C-13801-22", "x": -90.050521850585938, "y": 29.977075576782227, "robbery": 1 }, "geometry": { "type": "Point", "coordinates": [ -90.050521850999985, 29.977075577000051 ] } },
{ "type": "Feature", "properties": { "OBJECTID": 92523, "id": "NEWORLEANS_2011_20222022C-14511-22", "x": -90.054649353027344, "y": 29.967624664306641, "robbery": 1 }, "geometry": { "type": "Point", "coordinates": [ -90.054649352999945, 29.967624664000027 ] } },
{ "type": "Feature", "properties": { "OBJECTID": 92524, "id": "NEWORLEANS_2011_20222022C-14941-22", "x": -89.939361572265625, "y": 30.043172836303711, "robbery": 1 }, "geometry": { "type": "Point", "coordinates": [ -89.939361571999939, 30.043172836000053 ] } },
{ "type": "Feature", "properties": { "OBJECTID": 92525, "id": "NEWORLEANS_2011_20222022C-16612-22", "x": -90.002830505371094, "y": 29.975151062011719, "robbery": 1 }, "geometry": { "type": "Point", "coordinates": [ -90.002830504999963, 29.975151062000066 ] } },
{ "type": "Feature", "properties": { "OBJECTID": 92526, "id": "NEWORLEANS_2011_20222022C-17177-22", "x": -90.058563232421875, "y": 29.972845077514648, "robbery": 1 }, "geometry": { "type": "Point", "coordinates": [ -90.058563231999983, 29.972845078000034 ] } },
{ "type": "Feature", "properties": { "OBJECTID": 92527, "id": "NEWORLEANS_2011_20222022C-18175-22", "x": -90.039566040039062, "y": 29.936233520507812, "robbery": 1 }, "geometry": { "type": "Point", "coordinates": [ -90.039566039999954, 29.936233521000077 ] } },
{ "type": "Feature", "properties": { "OBJECTID": 92528, "id": "NEWORLEANS_2011_20222022C-18188-22", "x": -89.992568969726562, "y": 30.028264999389648, "robbery": 1 }, "geometry": { "type": "Point", "coordinates": [ -89.992568969999979, 30.028264999000044 ] } },
{ "type": "Feature", "properties": { "OBJECTID": 92529, "id": "NEWORLEANS_2011_20222022C-18201-22", "x": -90.0789794921875, "y": 29.944908142089844, "robbery": 1 }, "geometry": { "type": "Point", "coordinates": [ -90.078979491999974, 29.944908142000031 ] } },
{ "type": "Feature", "properties": { "OBJECTID": 92530, "id": "NEWORLEANS_2011_20222022C-20033-22", "x": -89.993019104003906, "y": 29.910232543945312, "robbery": 1 }, "geometry": { "type": "Point", "coordinates": [ -89.993019103999984, 29.910232544000053 ] } },
{ "type": "Feature", "properties": { "OBJECTID": 92531, "id": "NEWORLEANS_2011_20222022C-20534-22", "x": -90.085037231445312, "y": 29.973209381103516, "robbery": 1 }, "geometry": { "type": "Point", "coordinates": [ -90.085037230999944, 29.973209381000061 ] } },
{ "type": "Feature", "properties": { "OBJECTID": 92532, "id": "NEWORLEANS_2011_20222022C-20768-22", "x": -90.036003112792969, "y": 30.00532341003418, "robbery": 1 }, "geometry": { "type": "Point", "coordinates": [ -90.036003112999936, 30.005323410000074 ] } },
{ "type": "Feature", "properties": { "OBJECTID": 92533, "id": "NEWORLEANS_2011_20222022C-21889-22", "x": -90.066749572753906, "y": 29.956897735595703, "robbery": 1 }, "geometry": { "type": "Point", "coordinates": [ -90.066749572999981, 29.95689773600003 ] } },
{ "type": "Feature", "properties": { "OBJECTID": 92534, "id": "NEWORLEANS_2011_20222022C-22713-22", "x": -90.087013244628906, "y": 29.979986190795898, "robbery": 1 }, "geometry": { "type": "Point", "coordinates": [ -90.08701324499998, 29.979986191000023 ] } },
{ "type": "Feature", "properties": { "OBJECTID": 92535, "id": "NEWORLEANS_2011_20222022C-23006-22", "x": -90.076469421386719, "y": 29.967401504516602, "robbery": 1 }, "geometry": { "type": "Point", "coordinates": [ -90.076469420999956, 29.967401505000055 ] } },
{ "type": "Feature", "properties": { "OBJECTID": 92536, "id": "NEWORLEANS_2011_20222022C-23121-22", "x": -90.0592041015625, "y": 29.967401504516602, "robbery": 1 }, "geometry": { "type": "Point", "coordinates": [ -90.059204101999967, 29.967401505000055 ] } },
{ "type": "Feature", "properties": { "OBJECTID": 92537, "id": "NEWORLEANS_2011_20222022C-23765-22", "x": -90.050521850585938, "y": 30.001729965209961, "robbery": 1 }, "geometry": { "type": "Point", "coordinates": [ -90.050521850999985, 30.001729965000038 ] } },
{ "type": "Feature", "properties": { "OBJECTID": 92538, "id": "NEWORLEANS_2011_20222022C-24544-22", "x": -89.991424560546875, "y": 30.013526916503906, "robbery": 1 }, "geometry": { "type": "Point", "coordinates": [ -89.991424560999974, 30.013526917000036 ] } },
{ "type": "Feature", "properties": { "OBJECTID": 92539, "id": "NEWORLEANS_2011_20222022C-24627-22", "x": -89.925003051757812, "y": 30.035446166992188, "robbery": 1 }, "geometry": { "type": "Point", "coordinates": [ -89.925003051999965, 30.035446167000032 ] } },
{ "type": "Feature", "properties": { "OBJECTID": 92540, "id": "NEWORLEANS_2011_20222022C-24801-22", "x": -90.089653015136719, "y": 29.942728042602539, "robbery": 1 }, "geometry": { "type": "Point", "coordinates": [ -90.089653014999953, 29.942728043000045 ] } },
{ "type": "Feature", "properties": { "OBJECTID": 92541, "id": "NEWORLEANS_2011_20222022C-25037-22", "x": -90.127754211425781, "y": 29.946359634399414, "robbery": 1 }, "geometry": { "type": "Point", "coordinates": [ -90.127754210999967, 29.946359634000032 ] } },
{ "type": "Feature", "properties": { "OBJECTID": 92542, "id": "NEWORLEANS_2011_20222022C-25284-22", "x": -90.038612365722656, "y": 29.949451446533203, "robbery": 1 }, "geometry": { "type": "Point", "coordinates": [ -90.038612365999938, 29.949451447000058 ] } },
{ "type": "Feature", "properties": { "OBJECTID": 92543, "id": "NEWORLEANS_2011_20222022C-27319-22", "x": -90.019737243652344, "y": 29.964761734008789, "robbery": 1 }, "geometry": { "type": "Point", "coordinates": [ -90.019737243999941, 29.964761734000035 ] } },
{ "type": "Feature", "properties": { "OBJECTID": 92544, "id": "NEWORLEANS_2011_20222022C-27357-22", "x": -90.047889709472656, "y": 30.015354156494141, "robbery": 1 }, "geometry": { "type": "Point", "coordinates": [ -90.047889708999946, 30.015354156000058 ] } },
{ "type": "Feature", "properties": { "OBJECTID": 92545, "id": "NEWORLEANS_2011_20222022C-27832-22", "x": -90.06317138671875, "y": 29.964635848999023, "robbery": 1 }, "geometry": { "type": "Point", "coordinates": [ -90.063171386999954, 29.964635849000047 ] } },
{ "type": "Feature", "properties": { "OBJECTID": 92546, "id": "NEWORLEANS_2011_20222022C-28880-22", "x": -89.994941711425781, "y": 30.008293151855469, "robbery": 1 }, "geometry": { "type": "Point", "coordinates": [ -89.994941710999967, 30.008293152000078 ] } },
{ "type": "Feature", "properties": { "OBJECTID": 92547, "id": "NEWORLEANS_2011_20222022C-28945-22", "x": -90.085334777832031, "y": 29.976228713989258, "robbery": 1 }, "geometry": { "type": "Point", "coordinates": [ -90.085334777999947, 29.976228714000058 ] } },
{ "type": "Feature", "properties": { "OBJECTID": 92548, "id": "NEWORLEANS_2011_20222022C-29090-22", "x": -89.923149108886719, "y": 30.04119873046875, "robbery": 1 }, "geometry": { "type": "Point", "coordinates": [ -89.923149108999951, 30.041198730000076 ] } },
{ "type": "Feature", "properties": { "OBJECTID": 92549, "id": "NEWORLEANS_2011_20222022C-30029-22", "x": -89.928642272949219, "y": 30.042285919189453, "robbery": 1 }, "geometry": { "type": "Point", "coordinates": [ -89.92864227299998, 30.042285919000051 ] } },
{ "type": "Feature", "properties": { "OBJECTID": 92550, "id": "NEWORLEANS_2011_20222022C-30133-22", "x": -90.018287658691406, "y": 29.931581497192383, "robbery": 1 }, "geometry": { "type": "Point", "coordinates": [ -90.018287658999952, 29.931581497000025 ] } },
{ "type": "Feature", "properties": { "OBJECTID": 92551, "id": "NEWORLEANS_2011_20222022C-30277-22", "x": -89.979049682617188, "y": 30.047744750976562, "robbery": 1 }, "geometry": { "type": "Point", "coordinates": [ -89.979049682999971, 30.047744751000039 ] } },
{ "type": "Feature", "properties": { "OBJECTID": 92552, "id": "NEWORLEANS_2011_20222022C-30988-22", "x": -89.984275817871094, "y": 30.031423568725586, "robbery": 1 }, "geometry": { "type": "Point", "coordinates": [ -89.984275817999958, 30.031423569000026 ] } },
{ "type": "Feature", "properties": { "OBJECTID": 92553, "id": "NEWORLEANS_2011_20222022C-31067-22", "x": -90.080970764160156, "y": 29.95585823059082, "robbery": 1 }, "geometry": { "type": "Point", "coordinates": [ -90.080970763999971, 29.955858231000036 ] } },
{ "type": "Feature", "properties": { "OBJECTID": 92554, "id": "NEWORLEANS_2011_20222022C-31747-22", "x": -90.01153564453125, "y": 30.020322799682617, "robbery": 1 }, "geometry": { "type": "Point", "coordinates": [ -90.011535644999981, 30.020322800000031 ] } },
{ "type": "Feature", "properties": { "OBJECTID": 92555, "id": "NEWORLEANS_2011_20222022C-32058-22", "x": -90.045364379882812, "y": 29.964046478271484, "robbery": 1 }, "geometry": { "type": "Point", "coordinates": [ -90.045364379999967, 29.964046478000057 ] } },
{ "type": "Feature", "properties": { "OBJECTID": 92556, "id": "NEWORLEANS_2011_20222022C-32102-22", "x": -90.086990356445312, "y": 29.977619171142578, "robbery": 1 }, "geometry": { "type": "Point", "coordinates": [ -90.086990355999944, 29.977619171000072 ] } },
{ "type": "Feature", "properties": { "OBJECTID": 92557, "id": "NEWORLEANS_2011_20222022C-32123-22", "x": -90.102523803710938, "y": 29.982011795043945, "robbery": 1 }, "geometry": { "type": "Point", "coordinates": [ -90.102523803999986, 29.982011795000062 ] } },
{ "type": "Feature", "properties": { "OBJECTID": 92558, "id": "NEWORLEANS_2011_20222022C-32211-22", "x": -89.987693786621094, "y": 30.040040969848633, "robbery": 1 }, "geometry": { "type": "Point", "coordinates": [ -89.987693786999955, 30.040040970000064 ] } },
{ "type": "Feature", "properties": { "OBJECTID": 92559, "id": "NEWORLEANS_2011_20222022C-32321-22", "x": -90.032356262207031, "y": 30.00712776184082, "robbery": 1 }, "geometry": { "type": "Point", "coordinates": [ -90.032356261999951, 30.007127762000039 ] } },
{ "type": "Feature", "properties": { "OBJECTID": 92560, "id": "NEWORLEANS_2011_20222022C-34787-22", "x": -89.994155883789062, "y": 30.013046264648438, "robbery": 1 }, "geometry": { "type": "Point", "coordinates": [ -89.994155883999952, 30.013046265000071 ] } },
{ "type": "Feature", "properties": { "OBJECTID": 92561, "id": "NEWORLEANS_2011_20222022C-35626-22", "x": -90.031997680664062, "y": 29.970188140869141, "robbery": 1 }, "geometry": { "type": "Point", "coordinates": [ -90.03199768099995, 29.970188141000051 ] } },
{ "type": "Feature", "properties": { "OBJECTID": 92562, "id": "NEWORLEANS_2011_20222022C-35635-22", "x": -90.042716979980469, "y": 29.963088989257812, "robbery": 1 }, "geometry": { "type": "Point", "coordinates": [ -90.042716979999966, 29.963088989000028 ] } },
{ "type": "Feature", "properties": { "OBJECTID": 92563, "id": "NEWORLEANS_2011_20222022D-00022-22", "x": -90.095550537109375, "y": 29.945436477661133, "robbery": 1 }, "geometry": { "type": "Point", "coordinates": [ -90.095550536999951, 29.945436478000033 ] } },
{ "type": "Feature", "properties": { "OBJECTID": 92564, "id": "NEWORLEANS_2011_20222022D-00510-22", "x": -89.986198425292969, "y": 30.035423278808594, "robbery": 1 }, "geometry": { "type": "Point", "coordinates": [ -89.986198424999941, 30.035423279000042 ] } },
{ "type": "Feature", "properties": { "OBJECTID": 92565, "id": "NEWORLEANS_2011_20222022D-00960-22", "x": -90.086479187011719, "y": 29.94267463684082, "robbery": 1 }, "geometry": { "type": "Point", "coordinates": [ -90.086479186999952, 29.942674637000039 ] } },
{ "type": "Feature", "properties": { "OBJECTID": 92566, "id": "NEWORLEANS_2011_20222022D-01053-22", "x": -89.972923278808594, "y": 30.032402038574219, "robbery": 1 }, "geometry": { "type": "Point", "coordinates": [ -89.972923278999986, 30.032402039000033 ] } },
{ "type": "Feature", "properties": { "OBJECTID": 92567, "id": "NEWORLEANS_2011_20222022D-01442-22", "x": -90.094993591308594, "y": 29.942564010620117, "robbery": 1 }, "geometry": { "type": "Point", "coordinates": [ -90.094993591, 29.942564011000059 ] } },
{ "type": "Feature", "properties": { "OBJECTID": 92568, "id": "NEWORLEANS_2011_20222022D-01464-22", "x": -89.971687316894531, "y": 30.033046722412109, "robbery": 1 }, "geometry": { "type": "Point", "coordinates": [ -89.971687316999976, 30.033046722000051 ] } },
{ "type": "Feature", "properties": { "OBJECTID": 92569, "id": "NEWORLEANS_2011_20222022D-01468-22", "x": -90.007026672363281, "y": 30.027128219604492, "robbery": 1 }, "geometry": { "type": "Point", "coordinates": [ -90.007026671999938, 30.027128220000066 ] } },
{ "type": "Feature", "properties": { "OBJECTID": 92570, "id": "NEWORLEANS_2011_20222022D-01515-22", "x": -90.070816040039062, "y": 29.952611923217773, "robbery": 1 }, "geometry": { "type": "Point", "coordinates": [ -90.070816039999954, 29.952611923000063 ] } },
{ "type": "Feature", "properties": { "OBJECTID": 92571, "id": "NEWORLEANS_2011_20222022D-01730-22", "x": -90.049179077148438, "y": 29.973138809204102, "robbery": 1 }, "geometry": { "type": "Point", "coordinates": [ -90.049179076999962, 29.973138809000034 ] } },
{ "type": "Feature", "properties": { "OBJECTID": 92572, "id": "NEWORLEANS_2011_20222022D-02310-22", "x": -90.104461669921875, "y": 29.983785629272461, "robbery": 1 }, "geometry": { "type": "Point", "coordinates": [ -90.104461669999978, 29.983785629000067 ] } },
{ "type": "Feature", "properties": { "OBJECTID": 92573, "id": "NEWORLEANS_2011_20222022D-02407-22", "x": -90.086738586425781, "y": 29.974662780761719, "robbery": 1 }, "geometry": { "type": "Point", "coordinates": [ -90.086738585999967, 29.974662781000063 ] } },
{ "type": "Feature", "properties": { "OBJECTID": 92574, "id": "NEWORLEANS_2011_20222022D-04336-22", "x": -90.015274047851562, "y": 30.028667449951172, "robbery": 1 }, "geometry": { "type": "Point", "coordinates": [ -90.015274047999981, 30.028667450000057 ] } },
{ "type": "Feature", "properties": { "OBJECTID": 92575, "id": "NEWORLEANS_2011_20222022D-04744-22", "x": -90.049774169921875, "y": 29.994436264038086, "robbery": 1 }, "geometry": { "type": "Point", "coordinates": [ -90.049774169999978, 29.994436264000058 ] } },
{ "type": "Feature", "properties": { "OBJECTID": 92576, "id": "NEWORLEANS_2011_20222022D-05721-22", "x": -90.050300598144531, "y": 29.964958190917969, "robbery": 1 }, "geometry": { "type": "Point", "coordinates": [ -90.050300597999978, 29.964958191000051 ] } },
{ "type": "Feature", "properties": { "OBJECTID": 92577, "id": "NEWORLEANS_2011_20222022D-05748-22", "x": -90.067863464355469, "y": 29.953836441040039, "robbery": 1 }, "geometry": { "type": "Point", "coordinates": [ -90.06786346399997, 29.953836441000078 ] } },
{ "type": "Feature", "properties": { "OBJECTID": 92578, "id": "NEWORLEANS_2011_20222022D-05761-22", "x": -90.060165405273438, "y": 29.97955322265625, "robbery": 1 }, "geometry": { "type": "Point", "coordinates": [ -90.060165404999964, 29.979553223000039 ] } },
{ "type": "Feature", "properties": { "OBJECTID": 92579, "id": "NEWORLEANS_2011_20222022D-05989-22", "x": -89.998977661132812, "y": 30.014612197875977, "robbery": 1 }, "geometry": { "type": "Point", "coordinates": [ -89.998977660999969, 30.014612198000066 ] } },
{ "type": "Feature", "properties": { "OBJECTID": 92580, "id": "NEWORLEANS_2011_20222022D-06160-22", "x": -90.032722473144531, "y": 29.960662841796875, "robbery": 1 }, "geometry": { "type": "Point", "coordinates": [ -90.032722472999978, 29.960662842000033 ] } },
{ "type": "Feature", "properties": { "OBJECTID": 92581, "id": "NEWORLEANS_2011_20222022D-06489-22", "x": -90.063995361328125, "y": 30.012479782104492, "robbery": 1 }, "geometry": { "type": "Point", "coordinates": [ -90.063995360999968, 30.012479782000071 ] } },
{ "type": "Feature", "properties": { "OBJECTID": 92582, "id": "NEWORLEANS_2011_20222022D-06797-22", "x": -90.040916442871094, "y": 29.946481704711914, "robbery": 1 }, "geometry": { "type": "Point", "coordinates": [ -90.040916442999958, 29.946481705000053 ] } },
{ "type": "Feature", "properties": { "OBJECTID": 92583, "id": "NEWORLEANS_2011_20222022D-07243-22", "x": -90.066596984863281, "y": 29.97197151184082, "robbery": 1 }, "geometry": { "type": "Point", "coordinates": [ -90.066596985, 29.971971512000039 ] } },
{ "type": "Feature", "properties": { "OBJECTID": 92584, "id": "NEWORLEANS_2011_20222022D-07422-22", "x": -89.9793701171875, "y": 30.022125244140625, "robbery": 1 }, "geometry": { "type": "Point", "coordinates": [ -89.979370116999974, 30.022125244000051 ] } },
{ "type": "Feature", "properties": { "OBJECTID": 92585, "id": "NEWORLEANS_2011_20222022D-08109-22", "x": -90.015151977539062, "y": 30.029075622558594, "robbery": 1 }, "geometry": { "type": "Point", "coordinates": [ -90.015151977999949, 30.02907562300004 ] } },
{ "type": "Feature", "properties": { "OBJECTID": 92586, "id": "NEWORLEANS_2011_20222022D-08247-22", "x": -90.070793151855469, "y": 29.964847564697266, "robbery": 1 }, "geometry": { "type": "Point", "coordinates": [ -90.070793151999965, 29.964847565000071 ] } },
{ "type": "Feature", "properties": { "OBJECTID": 92587, "id": "NEWORLEANS_2011_20222022D-08475-22", "x": -90.07122802734375, "y": 29.954416275024414, "robbery": 1 }, "geometry": { "type": "Point", "coordinates": [ -90.071228026999961, 29.954416275000028 ] } },
{ "type": "Feature", "properties": { "OBJECTID": 92588, "id": "NEWORLEANS_2011_20222022D-09522-22", "x": -89.993133544921875, "y": 29.913366317749023, "robbery": 1 }, "geometry": { "type": "Point", "coordinates": [ -89.993133544999978, 29.913366318000044 ] } },
{ "type": "Feature", "properties": { "OBJECTID": 92589, "id": "NEWORLEANS_2011_20222022D-09812-22", "x": -89.932174682617188, "y": 30.017370223999023, "robbery": 1 }, "geometry": { "type": "Point", "coordinates": [ -89.932174682999971, 30.017370224000047 ] } },
{ "type": "Feature", "properties": { "OBJECTID": 92590, "id": "NEWORLEANS_2011_20222022D-10463-22", "x": -90.11346435546875, "y": 29.960971832275391, "robbery": 1 }, "geometry": { "type": "Point", "coordinates": [ -90.113464354999962, 29.960971832000041 ] } },
{ "type": "Feature", "properties": { "OBJECTID": 92591, "id": "NEWORLEANS_2011_20222022D-10507-22", "x": -90.0765380859375, "y": 29.948711395263672, "robbery": 1 }, "geometry": { "type": "Point", "coordinates": [ -90.076538085999971, 29.948711395000032 ] } },
{ "type": "Feature", "properties": { "OBJECTID": 92592, "id": "NEWORLEANS_2011_20222022D-11307-22", "x": -90.076896667480469, "y": 29.965112686157227, "robbery": 1 }, "geometry": { "type": "Point", "coordinates": [ -90.076896666999971, 29.965112686000055 ] } },
{ "type": "Feature", "properties": { "OBJECTID": 92593, "id": "NEWORLEANS_2011_20222022D-12440-22", "x": -90.050872802734375, "y": 29.982233047485352, "robbery": 1 }, "geometry": { "type": "Point", "coordinates": [ -90.050872802999947, 29.982233047000079 ] } },
{ "type": "Feature", "properties": { "OBJECTID": 92594, "id": "NEWORLEANS_2011_20222022D-12610-22", "x": -90.05694580078125, "y": 29.973270416259766, "robbery": 1 }, "geometry": { "type": "Point", "coordinates": [ -90.056945800999983, 29.973270416000048 ] } },
{ "type": "Feature", "properties": { "OBJECTID": 92595, "id": "NEWORLEANS_2011_20222022D-12674-22", "x": -90.066177368164062, "y": 29.959552764892578, "robbery": 1 }, "geometry": { "type": "Point", "coordinates": [ -90.066177367999956, 29.959552765000069 ] } },
{ "type": "Feature", "properties": { "OBJECTID": 92596, "id": "NEWORLEANS_2011_20222022D-13059-22", "x": -90.063522338867188, "y": 30.024757385253906, "robbery": 1 }, "geometry": { "type": "Point", "coordinates": [ -90.063522338999974, 30.024757385000044 ] } },
{ "type": "Feature", "properties": { "OBJECTID": 92597, "id": "NEWORLEANS_2011_20222022D-13560-22", "x": -90.011795043945312, "y": 30.022212982177734, "robbery": 1 }, "geometry": { "type": "Point", "coordinates": [ -90.011795043999939, 30.022212982000042 ] } },
{ "type": "Feature", "properties": { "OBJECTID": 92598, "id": "NEWORLEANS_2011_20222022D-13983-22", "x": -90.0718994140625, "y": 29.955303192138672, "robbery": 1 }, "geometry": { "type": "Point", "coordinates": [ -90.071899413999972, 29.955303192000031 ] } },
{ "type": "Feature", "properties": { "OBJECTID": 92599, "id": "NEWORLEANS_2011_20222022D-14519-22", "x": -90.05352783203125, "y": 30.022346496582031, "robbery": 1 }, "geometry": { "type": "Point", "coordinates": [ -90.053527831999986, 30.022346497000058 ] } },
{ "type": "Feature", "properties": { "OBJECTID": 92600, "id": "NEWORLEANS_2011_20222022D-14551-22", "x": -90.098464965820312, "y": 29.969989776611328, "robbery": 1 }, "geometry": { "type": "Point", "coordinates": [ -90.098464965999938, 29.969989777000023 ] } },
{ "type": "Feature", "properties": { "OBJECTID": 92601, "id": "NEWORLEANS_2011_20222022D-14695-22", "x": -90.070060729980469, "y": 29.953701019287109, "robbery": 1 }, "geometry": { "type": "Point", "coordinates": [ -90.070060729999966, 29.95370101900005 ] } },
{ "type": "Feature", "properties": { "OBJECTID": 92602, "id": "NEWORLEANS_2011_20222022D-16148-22", "x": -89.958251953125, "y": 30.047443389892578, "robbery": 1 }, "geometry": { "type": "Point", "coordinates": [ -89.958251952999944, 30.047443390000069 ] } },
{ "type": "Feature", "properties": { "OBJECTID": 92603, "id": "NEWORLEANS_2011_20222022D-16233-22", "x": -89.994293212890625, "y": 30.024806976318359, "robbery": 1 }, "geometry": { "type": "Point", "coordinates": [ -89.994293212999935, 30.024806976000036 ] } },
{ "type": "Feature", "properties": { "OBJECTID": 92604, "id": "NEWORLEANS_2011_20222022D-18682-22", "x": -90.072196960449219, "y": 29.947633743286133, "robbery": 1 }, "geometry": { "type": "Point", "coordinates": [ -90.072196959999985, 29.94763374300004 ] } },
{ "type": "Feature", "properties": { "OBJECTID": 92605, "id": "NEWORLEANS_2011_20222022D-18879-22", "x": -90.058067321777344, "y": 29.967470169067383, "robbery": 1 }, "geometry": { "type": "Point", "coordinates": [ -90.058067321999943, 29.967470169000023 ] } },
{ "type": "Feature", "properties": { "OBJECTID": 92606, "id": "NEWORLEANS_2011_20222022D-19027-22", "x": -90.0362548828125, "y": 30.003726959228516, "robbery": 1 }, "geometry": { "type": "Point", "coordinates": [ -90.03625488299997, 30.003726959000062 ] } },
{ "type": "Feature", "properties": { "OBJECTID": 92607, "id": "NEWORLEANS_2011_20222022D-19306-22", "x": -90.0714111328125, "y": 29.955488204956055, "robbery": 1 }, "geometry": { "type": "Point", "coordinates": [ -90.07141113299997, 29.955488205000051 ] } },
{ "type": "Feature", "properties": { "OBJECTID": 92608, "id": "NEWORLEANS_2011_20222022D-19351-22", "x": -90.071121215820312, "y": 29.943624496459961, "robbery": 1 }, "geometry": { "type": "Point", "coordinates": [ -90.071121215999938, 29.943624496000041 ] } },
{ "type": "Feature", "properties": { "OBJECTID": 92609, "id": "NEWORLEANS_2011_20222022D-19365-22", "x": -89.990806579589844, "y": 30.035682678222656, "robbery": 1 }, "geometry": { "type": "Point", "coordinates": [ -89.990806579999969, 30.035682678000057 ] } },
{ "type": "Feature", "properties": { "OBJECTID": 92610, "id": "NEWORLEANS_2011_20222022D-19781-22", "x": -90.031768798828125, "y": 29.961450576782227, "robbery": 1 }, "geometry": { "type": "Point", "coordinates": [ -90.031768798999963, 29.961450577000051 ] } },
{ "type": "Feature", "properties": { "OBJECTID": 92611, "id": "NEWORLEANS_2011_20222022D-20159-22", "x": -90.009101867675781, "y": 30.011074066162109, "robbery": 1 }, "geometry": { "type": "Point", "coordinates": [ -90.009101867999959, 30.011074066000049 ] } },
{ "type": "Feature", "properties": { "OBJECTID": 92612, "id": "NEWORLEANS_2011_20222022D-20435-22", "x": -90.086570739746094, "y": 29.977081298828125, "robbery": 1 }, "geometry": { "type": "Point", "coordinates": [ -90.086570739999956, 29.977081299000076 ] } },
{ "type": "Feature", "properties": { "OBJECTID": 92613, "id": "NEWORLEANS_2011_20222022D-20797-22", "x": -90.022132873535156, "y": 29.937458038330078, "robbery": 1 }, "geometry": { "type": "Point", "coordinates": [ -90.022132873999965, 29.937458038000045 ] } },
{ "type": "Feature", "properties": { "OBJECTID": 92614, "id": "NEWORLEANS_2011_20222022D-21844-22", "x": -90.038284301757812, "y": 29.938779830932617, "robbery": 1 }, "geometry": { "type": "Point", "coordinates": [ -90.038284301999965, 29.938779831000033 ] } },
{ "type": "Feature", "properties": { "OBJECTID": 92615, "id": "NEWORLEANS_2011_20222022D-22858-22", "x": -90.074577331542969, "y": 29.965404510498047, "robbery": 1 }, "geometry": { "type": "Point", "coordinates": [ -90.074577332, 29.965404510000042 ] } },
{ "type": "Feature", "properties": { "OBJECTID": 92616, "id": "NEWORLEANS_2011_20222022D-23139-22", "x": -90.019767761230469, "y": 29.931371688842773, "robbery": 1 }, "geometry": { "type": "Point", "coordinates": [ -90.019767760999969, 29.931371689000059 ] } },
{ "type": "Feature", "properties": { "OBJECTID": 92617, "id": "NEWORLEANS_2011_20222022D-23793-22", "x": -90.025314331054688, "y": 29.934841156005859, "robbery": 1 }, "geometry": { "type": "Point", "coordinates": [ -90.025314330999947, 29.934841156000061 ] } },
{ "type": "Feature", "properties": { "OBJECTID": 92618, "id": "NEWORLEANS_2011_20222022D-24204-22", "x": -90.066680908203125, "y": 29.960699081420898, "robbery": 1 }, "geometry": { "type": "Point", "coordinates": [ -90.066680907999967, 29.96069908100003 ] } },
{ "type": "Feature", "properties": { "OBJECTID": 92619, "id": "NEWORLEANS_2011_20222022D-24783-22", "x": -90.050689697265625, "y": 29.995311737060547, "robbery": 1 }, "geometry": { "type": "Point", "coordinates": [ -90.050689696999939, 29.995311737000065 ] } },
{ "type": "Feature", "properties": { "OBJECTID": 92620, "id": "NEWORLEANS_2011_20222022D-24925-22", "x": -90.042243957519531, "y": 29.945287704467773, "robbery": 1 }, "geometry": { "type": "Point", "coordinates": [ -90.042243957999972, 29.945287704000066 ] } },
{ "type": "Feature", "properties": { "OBJECTID": 92621, "id": "NEWORLEANS_2011_20222022D-25087-22", "x": -90.062080383300781, "y": 29.962623596191406, "robbery": 1 }, "geometry": { "type": "Point", "coordinates": [ -90.062080382999966, 29.962623596000071 ] } },
{ "type": "Feature", "properties": { "OBJECTID": 92622, "id": "NEWORLEANS_2011_20222022D-26211-22", "x": -90.077972412109375, "y": 29.954608917236328, "robbery": 1 }, "geometry": { "type": "Point", "coordinates": [ -90.077972411999951, 29.95460891700003 ] } },
{ "type": "Feature", "properties": { "OBJECTID": 92623, "id": "NEWORLEANS_2011_20222022D-26237-22", "x": -90.010292053222656, "y": 29.961616516113281, "robbery": 1 }, "geometry": { "type": "Point", "coordinates": [ -90.010292052999944, 29.961616516000049 ] } },
{ "type": "Feature", "properties": { "OBJECTID": 92624, "id": "NEWORLEANS_2011_20222022D-26440-22", "x": -90.068748474121094, "y": 29.951620101928711, "robbery": 1 }, "geometry": { "type": "Point", "coordinates": [ -90.06874847399996, 29.951620102000049 ] } },
{ "type": "Feature", "properties": { "OBJECTID": 92625, "id": "NEWORLEANS_2011_20222022D-26460-22", "x": -90.06842041015625, "y": 29.955629348754883, "robbery": 1 }, "geometry": { "type": "Point", "coordinates": [ -90.068420409999987, 29.955629349000048 ] } },
{ "type": "Feature", "properties": { "OBJECTID": 92626, "id": "NEWORLEANS_2011_20222022D-26671-22", "x": -90.090400695800781, "y": 29.977418899536133, "robbery": 1 }, "geometry": { "type": "Point", "coordinates": [ -90.090400695999961, 29.977418900000032 ] } },
{ "type": "Feature", "properties": { "OBJECTID": 92627, "id": "NEWORLEANS_2011_20222022D-26718-22", "x": -90.074958801269531, "y": 29.954597473144531, "robbery": 1 }, "geometry": { "type": "Point", "coordinates": [ -90.07495880099998, 29.954597473000035 ] } },
{ "type": "Feature", "properties": { "OBJECTID": 92628, "id": "NEWORLEANS_2011_20222022D-26870-22", "x": -89.988533020019531, "y": 30.027984619140625, "robbery": 1 }, "geometry": { "type": "Point", "coordinates": [ -89.988533019999977, 30.027984619000051 ] } },
{ "type": "Feature", "properties": { "OBJECTID": 92629, "id": "NEWORLEANS_2011_20222022D-26946-22", "x": -90.042022705078125, "y": 29.961679458618164, "robbery": 1 }, "geometry": { "type": "Point", "coordinates": [ -90.042022704999965, 29.961679459000038 ] } },
{ "type": "Feature", "properties": { "OBJECTID": 92630, "id": "NEWORLEANS_2011_20222022D-26963-22", "x": -90.062049865722656, "y": 29.957561492919922, "robbery": 1 }, "geometry": { "type": "Point", "coordinates": [ -90.062049865999938, 29.957561493000071 ] } },
{ "type": "Feature", "properties": { "OBJECTID": 92631, "id": "NEWORLEANS_2011_20222022D-27326-22", "x": -90.049644470214844, "y": 29.96552848815918, "robbery": 1 }, "geometry": { "type": "Point", "coordinates": [ -90.049644469999976, 29.965528488000075 ] } },
{ "type": "Feature", "properties": { "OBJECTID": 92632, "id": "NEWORLEANS_2011_20222022D-27365-22", "x": -90.054061889648438, "y": 29.99083137512207, "robbery": 1 }, "geometry": { "type": "Point", "coordinates": [ -90.054061889999957, 29.990831375000027 ] } },
{ "type": "Feature", "properties": { "OBJECTID": 92633, "id": "NEWORLEANS_2011_20222022D-30111-22", "x": -90.074501037597656, "y": 29.958333969116211, "robbery": 1 }, "geometry": { "type": "Point", "coordinates": [ -90.074501037999937, 29.958333969000023 ] } },
{ "type": "Feature", "properties": { "OBJECTID": 92634, "id": "NEWORLEANS_2011_20222022D-30128-22", "x": -90.070335388183594, "y": 30.023168563842773, "robbery": 1 }, "geometry": { "type": "Point", "coordinates": [ -90.070335388, 30.023168564000059 ] } },
{ "type": "Feature", "properties": { "OBJECTID": 92635, "id": "NEWORLEANS_2011_20222022D-31324-22", "x": -90.080970764160156, "y": 29.95585823059082, "robbery": 1 }, "geometry": { "type": "Point", "coordinates": [ -90.080970763999971, 29.955858231000036 ] } },
{ "type": "Feature", "properties": { "OBJECTID": 92636, "id": "NEWORLEANS_2011_20222022D-32485-22", "x": -90.018623352050781, "y": 30.010049819946289, "robbery": 1 }, "geometry": { "type": "Point", "coordinates": [ -90.018623351999963, 30.010049820000063 ] } },
{ "type": "Feature", "properties": { "OBJECTID": 92637, "id": "NEWORLEANS_2011_20222022D-32558-22", "x": -90.076416015625, "y": 29.949125289916992, "robbery": 1 }, "geometry": { "type": "Point", "coordinates": [ -90.076416015999939, 29.94912529000004 ] } },
{ "type": "Feature", "properties": { "OBJECTID": 92638, "id": "NEWORLEANS_2011_20222022D-32875-22", "x": -90.096794128417969, "y": 29.945390701293945, "robbery": 1 }, "geometry": { "type": "Point", "coordinates": [ -90.096794127999942, 29.945390701000065 ] } },
{ "type": "Feature", "properties": { "OBJECTID": 92639, "id": "NEWORLEANS_2011_20222022D-33115-22", "x": -90.065887451171875, "y": 29.958459854125977, "robbery": 1 }, "geometry": { "type": "Point", "coordinates": [ -90.065887450999981, 29.958459854000068 ] } },
{ "type": "Feature", "properties": { "OBJECTID": 92640, "id": "NEWORLEANS_2011_20222022D-33388-22", "x": -90.0672607421875, "y": 29.957239151000977, "robbery": 1 }, "geometry": { "type": "Point", "coordinates": [ -90.067260741999974, 29.957239151000067 ] } },
{ "type": "Feature", "properties": { "OBJECTID": 92641, "id": "NEWORLEANS_2011_20222022D-33804-22", "x": -90.10992431640625, "y": 30.004817962646484, "robbery": 1 }, "geometry": { "type": "Point", "coordinates": [ -90.109924316, 30.00481796300005 ] } },
{ "type": "Feature", "properties": { "OBJECTID": 92642, "id": "NEWORLEANS_2011_20222022D-34097-22", "x": -89.979263305664062, "y": 30.047636032104492, "robbery": 1 }, "geometry": { "type": "Point", "coordinates": [ -89.97926330599995, 30.047636032000071 ] } },
{ "type": "Feature", "properties": { "OBJECTID": 92643, "id": "NEWORLEANS_2011_20222022D-34340-22", "x": -90.073677062988281, "y": 29.957962036132812, "robbery": 1 }, "geometry": { "type": "Point", "coordinates": [ -90.073677063, 29.957962036000026 ] } },
{ "type": "Feature", "properties": { "OBJECTID": 92644, "id": "NEWORLEANS_2011_20222022E-00057-22", "x": -90.0194091796875, "y": 29.928617477416992, "robbery": 1 }, "geometry": { "type": "Point", "coordinates": [ -90.019409179999968, 29.928617477000046 ] } },
{ "type": "Feature", "properties": { "OBJECTID": 92645, "id": "NEWORLEANS_2011_20222022E-00145-22", "x": -90.039360046386719, "y": 29.977497100830078, "robbery": 1 }, "geometry": { "type": "Point", "coordinates": [ -90.039360045999956, 29.97749710100004 ] } },
{ "type": "Feature", "properties": { "OBJECTID": 92646, "id": "NEWORLEANS_2011_20222022E-00182-22", "x": -90.120841979980469, "y": 29.972297668457031, "robbery": 1 }, "geometry": { "type": "Point", "coordinates": [ -90.120841979999966, 29.972297668000067 ] } },
{ "type": "Feature", "properties": { "OBJECTID": 92647, "id": "NEWORLEANS_2011_20222022E-01273-22", "x": -90.114921569824219, "y": 29.961334228515625, "robbery": 1 }, "geometry": { "type": "Point", "coordinates": [ -90.114921569999979, 29.961334229000045 ] } },
{ "type": "Feature", "properties": { "OBJECTID": 92648, "id": "NEWORLEANS_2011_20222022E-01296-22", "x": -90.112648010253906, "y": 29.96681022644043, "robbery": 1 }, "geometry": { "type": "Point", "coordinates": [ -90.112648009999987, 29.966810226000064 ] } },
{ "type": "Feature", "properties": { "OBJECTID": 92649, "id": "NEWORLEANS_2011_20222022E-02100-22", "x": -90.019287109375, "y": 29.921560287475586, "robbery": 1 }, "geometry": { "type": "Point", "coordinates": [ -90.019287108999947, 29.921560287000034 ] } },
{ "type": "Feature", "properties": { "OBJECTID": 92650, "id": "NEWORLEANS_2011_20222022E-02272-22", "x": -90.076515197753906, "y": 30.020933151245117, "robbery": 1 }, "geometry": { "type": "Point", "coordinates": [ -90.076515197999981, 30.020933151000065 ] } },
{ "type": "Feature", "properties": { "OBJECTID": 92651, "id": "NEWORLEANS_2011_20222022E-04113-22", "x": -90.04266357421875, "y": 29.968193054199219, "robbery": 1 }, "geometry": { "type": "Point", "coordinates": [ -90.04266357399996, 29.968193054000039 ] } },
{ "type": "Feature", "properties": { "OBJECTID": 92652, "id": "NEWORLEANS_2011_20222022E-04880-22", "x": -90.074760437011719, "y": 29.966243743896484, "robbery": 1 }, "geometry": { "type": "Point", "coordinates": [ -90.074760436999952, 29.966243744000053 ] } },
{ "type": "Feature", "properties": { "OBJECTID": 92653, "id": "NEWORLEANS_2011_20222022E-05161-22", "x": -90.059776306152344, "y": 29.998931884765625, "robbery": 1 }, "geometry": { "type": "Point", "coordinates": [ -90.059776305999947, 29.998931885000047 ] } },
{ "type": "Feature", "properties": { "OBJECTID": 92654, "id": "NEWORLEANS_2011_20222022E-05318-22", "x": -90.077857971191406, "y": 29.966367721557617, "robbery": 1 }, "geometry": { "type": "Point", "coordinates": [ -90.077857970999958, 29.96636772200003 ] } },
{ "type": "Feature", "properties": { "OBJECTID": 92655, "id": "NEWORLEANS_2011_20222022E-06851-22", "x": -90.087142944335938, "y": 29.944808959960938, "robbery": 1 }, "geometry": { "type": "Point", "coordinates": [ -90.087142943999936, 29.944808960000046 ] } },
{ "type": "Feature", "properties": { "OBJECTID": 92656, "id": "NEWORLEANS_2011_20222022E-07089-22", "x": -90.060478210449219, "y": 29.962779998779297, "robbery": 1 }, "geometry": { "type": "Point", "coordinates": [ -90.060478209999985, 29.962779999000077 ] } },
{ "type": "Feature", "properties": { "OBJECTID": 92657, "id": "NEWORLEANS_2011_20222022E-07387-22", "x": -90.059928894042969, "y": 29.999149322509766, "robbery": 1 }, "geometry": { "type": "Point", "coordinates": [ -90.059928893999938, 29.99914932300004 ] } },
{ "type": "Feature", "properties": { "OBJECTID": 92658, "id": "NEWORLEANS_2011_20222022E-07511-22", "x": -90.105522155761719, "y": 29.931249618530273, "robbery": 1 }, "geometry": { "type": "Point", "coordinates": [ -90.10552215599995, 29.931249619000027 ] } },
{ "type": "Feature", "properties": { "OBJECTID": 92659, "id": "NEWORLEANS_2011_20222022E-08588-22", "x": -90.005905151367188, "y": 29.974931716918945, "robbery": 1 }, "geometry": { "type": "Point", "coordinates": [ -90.005905150999979, 29.974931717000061 ] } },
{ "type": "Feature", "properties": { "OBJECTID": 92660, "id": "NEWORLEANS_2011_20222022E-08651-22", "x": -90.059654235839844, "y": 29.999465942382812, "robbery": 1 }, "geometry": { "type": "Point", "coordinates": [ -90.059654235999972, 29.999465942000029 ] } },
{ "type": "Feature", "properties": { "OBJECTID": 92661, "id": "NEWORLEANS_2011_20222022E-09269-22", "x": -90.0791015625, "y": 29.955060958862305, "robbery": 1 }, "geometry": { "type": "Point", "coordinates": [ -90.079101562999938, 29.955060959000036 ] } },
{ "type": "Feature", "properties": { "OBJECTID": 92662, "id": "NEWORLEANS_2011_20222022E-09373-22", "x": -90.06597900390625, "y": 29.959421157836914, "robbery": 1 }, "geometry": { "type": "Point", "coordinates": [ -90.065979003999985, 29.959421158000055 ] } },
{ "type": "Feature", "properties": { "OBJECTID": 92663, "id": "NEWORLEANS_2011_20222022E-09635-22", "x": -90.056785583496094, "y": 30.025554656982422, "robbery": 1 }, "geometry": { "type": "Point", "coordinates": [ -90.056785582999964, 30.025554657000043 ] } },
{ "type": "Feature", "properties": { "OBJECTID": 92664, "id": "NEWORLEANS_2011_20222022E-09730-22", "x": -90.075042724609375, "y": 29.954570770263672, "robbery": 1 }, "geometry": { "type": "Point", "coordinates": [ -90.075042724999946, 29.954570770000032 ] } },
{ "type": "Feature", "properties": { "OBJECTID": 92665, "id": "NEWORLEANS_2011_20222022E-10168-22", "x": -89.990196228027344, "y": 30.014019012451172, "robbery": 1 }, "geometry": { "type": "Point", "coordinates": [ -89.990196227999945, 30.014019012000063 ] } },
{ "type": "Feature", "properties": { "OBJECTID": 92666, "id": "NEWORLEANS_2011_20222022E-11643-22", "x": -90.077278137207031, "y": 29.998785018920898, "robbery": 1 }, "geometry": { "type": "Point", "coordinates": [ -90.077278136999951, 29.998785019000024 ] } },
{ "type": "Feature", "properties": { "OBJECTID": 92667, "id": "NEWORLEANS_2011_20222022E-11717-22", "x": -89.906501770019531, "y": 30.038106918334961, "robbery": 1 }, "geometry": { "type": "Point", "coordinates": [ -89.906501769999977, 30.03810691800004 ] } },
{ "type": "Feature", "properties": { "OBJECTID": 92668, "id": "NEWORLEANS_2011_20222022E-12120-22", "x": -90.090484619140625, "y": 29.928754806518555, "robbery": 1 }, "geometry": { "type": "Point", "coordinates": [ -90.090484618999938, 29.928754807000075 ] } },
{ "type": "Feature", "properties": { "OBJECTID": 92669, "id": "NEWORLEANS_2011_20222022E-12555-22", "x": -90.087852478027344, "y": 29.958986282348633, "robbery": 1 }, "geometry": { "type": "Point", "coordinates": [ -90.087852477999945, 29.958986282000069 ] } },
{ "type": "Feature", "properties": { "OBJECTID": 92670, "id": "NEWORLEANS_2011_20222022E-12602-22", "x": -90.080490112304688, "y": 29.961124420166016, "robbery": 1 }, "geometry": { "type": "Point", "coordinates": [ -90.08049011199995, 29.961124420000033 ] } },
{ "type": "Feature", "properties": { "OBJECTID": 92671, "id": "NEWORLEANS_2011_20222022E-12688-22", "x": -89.959266662597656, "y": 30.020786285400391, "robbery": 1 }, "geometry": { "type": "Point", "coordinates": [ -89.959266662999937, 30.020786285000042 ] } },
{ "type": "Feature", "properties": { "OBJECTID": 92672, "id": "NEWORLEANS_2011_20222022E-14646-22", "x": -90.022262573242188, "y": 29.926479339599609, "robbery": 1 }, "geometry": { "type": "Point", "coordinates": [ -90.022262572999978, 29.926479340000071 ] } },
{ "type": "Feature", "properties": { "OBJECTID": 92673, "id": "NEWORLEANS_2011_20222022E-15123-22", "x": -90.066909790039062, "y": 29.960927963256836, "robbery": 1 }, "geometry": { "type": "Point", "coordinates": [ -90.066909789999954, 29.960927963000074 ] } },
{ "type": "Feature", "properties": { "OBJECTID": 92674, "id": "NEWORLEANS_2011_20222022E-15508-22", "x": -90.073699951171875, "y": 29.960412979125977, "robbery": 1 }, "geometry": { "type": "Point", "coordinates": [ -90.073699950999981, 29.960412979000068 ] } },
{ "type": "Feature", "properties": { "OBJECTID": 92675, "id": "NEWORLEANS_2011_20222022E-16081-22", "x": -90.067909240722656, "y": 29.957527160644531, "robbery": 1 }, "geometry": { "type": "Point", "coordinates": [ -90.067909240999938, 29.95752716100003 ] } },
{ "type": "Feature", "properties": { "OBJECTID": 92676, "id": "NEWORLEANS_2011_20222022E-16284-22", "x": -90.071220397949219, "y": 29.951959609985352, "robbery": 1 }, "geometry": { "type": "Point", "coordinates": [ -90.07122039799998, 29.951959610000074 ] } },
{ "type": "Feature", "properties": { "OBJECTID": 92677, "id": "NEWORLEANS_2011_20222022E-16722-22", "x": -90.102668762207031, "y": 29.939210891723633, "robbery": 1 }, "geometry": { "type": "Point", "coordinates": [ -90.102668761999951, 29.939210892000062 ] } },
{ "type": "Feature", "properties": { "OBJECTID": 92678, "id": "NEWORLEANS_2011_20222022E-17193-22", "x": -90.092155456542969, "y": 29.962368011474609, "robbery": 1 }, "geometry": { "type": "Point", "coordinates": [ -90.092155457, 29.962368011000024 ] } },
{ "type": "Feature", "properties": { "OBJECTID": 92679, "id": "NEWORLEANS_2011_20222022E-17263-22", "x": -90.027389526367188, "y": 29.932516098022461, "robbery": 1 }, "geometry": { "type": "Point", "coordinates": [ -90.027389525999979, 29.932516098000065 ] } },
{ "type": "Feature", "properties": { "OBJECTID": 92680, "id": "NEWORLEANS_2011_20222022E-18323-22", "x": -90.058731079101562, "y": 29.990879058837891, "robbery": 1 }, "geometry": { "type": "Point", "coordinates": [ -90.058731078999983, 29.990879059000065 ] } },
{ "type": "Feature", "properties": { "OBJECTID": 92681, "id": "NEWORLEANS_2011_20222022E-18983-22", "x": -90.040687561035156, "y": 29.950307846069336, "robbery": 1 }, "geometry": { "type": "Point", "coordinates": [ -90.04068756099997, 29.950307846000044 ] } },
{ "type": "Feature", "properties": { "OBJECTID": 92682, "id": "NEWORLEANS_2011_20222022E-19081-22", "x": -90.06585693359375, "y": 29.965322494506836, "robbery": 1 }, "geometry": { "type": "Point", "coordinates": [ -90.065856933999953, 29.965322495000066 ] } },
{ "type": "Feature", "properties": { "OBJECTID": 92683, "id": "NEWORLEANS_2011_20222022E-19226-22", "x": -90.067230224609375, "y": 29.95458984375, "robbery": 1 }, "geometry": { "type": "Point", "coordinates": [ -90.067230224999946, 29.954589844000054 ] } },
{ "type": "Feature", "properties": { "OBJECTID": 92684, "id": "NEWORLEANS_2011_20222022E-19726-22", "x": -90.086006164550781, "y": 29.964859008789062, "robbery": 1 }, "geometry": { "type": "Point", "coordinates": [ -90.086006164999958, 29.964859009000065 ] } },
{ "type": "Feature", "properties": { "OBJECTID": 92685, "id": "NEWORLEANS_2011_20222022E-20079-22", "x": -90.064643859863281, "y": 29.963220596313477, "robbery": 1 }, "geometry": { "type": "Point", "coordinates": [ -90.06464386, 29.963220596000042 ] } },
{ "type": "Feature", "properties": { "OBJECTID": 92686, "id": "NEWORLEANS_2011_20222022E-20142-22", "x": -90.115982055664062, "y": 29.960441589355469, "robbery": 1 }, "geometry": { "type": "Point", "coordinates": [ -90.11598205599995, 29.960441589000027 ] } },
{ "type": "Feature", "properties": { "OBJECTID": 92687, "id": "NEWORLEANS_2011_20222022E-21404-22", "x": -90.050308227539062, "y": 29.969139099121094, "robbery": 1 }, "geometry": { "type": "Point", "coordinates": [ -90.050308227999949, 29.969139099000074 ] } },
{ "type": "Feature", "properties": { "OBJECTID": 92688, "id": "NEWORLEANS_2011_20222022E-21446-22", "x": -90.101699829101562, "y": 29.986423492431641, "robbery": 1 }, "geometry": { "type": "Point", "coordinates": [ -90.101699828999983, 29.986423492000029 ] } },
{ "type": "Feature", "properties": { "OBJECTID": 92689, "id": "NEWORLEANS_2011_20222022E-21463-22", "x": -90.08551025390625, "y": 29.942472457885742, "robbery": 1 }, "geometry": { "type": "Point", "coordinates": [ -90.085510253999985, 29.942472458000054 ] } },
{ "type": "Feature", "properties": { "OBJECTID": 92690, "id": "NEWORLEANS_2011_20222022E-22173-22", "x": -90.069328308105469, "y": 29.968147277832031, "robbery": 1 }, "geometry": { "type": "Point", "coordinates": [ -90.069328307999967, 29.96814727800006 ] } },
{ "type": "Feature", "properties": { "OBJECTID": 92691, "id": "NEWORLEANS_2011_20222022E-23235-22", "x": -90.070480346679688, "y": 29.950239181518555, "robbery": 1 }, "geometry": { "type": "Point", "coordinates": [ -90.070480346999943, 29.950239182000075 ] } },
{ "type": "Feature", "properties": { "OBJECTID": 92692, "id": "NEWORLEANS_2011_20222022E-23516-22", "x": -90.070060729980469, "y": 29.953701019287109, "robbery": 1 }, "geometry": { "type": "Point", "coordinates": [ -90.070060729999966, 29.95370101900005 ] } },
{ "type": "Feature", "properties": { "OBJECTID": 92693, "id": "NEWORLEANS_2011_20222022E-23808-22", "x": -90.064598083496094, "y": 29.961513519287109, "robbery": 1 }, "geometry": { "type": "Point", "coordinates": [ -90.064598082999964, 29.96151351900005 ] } },
{ "type": "Feature", "properties": { "OBJECTID": 92694, "id": "NEWORLEANS_2011_20222022E-24222-22", "x": -90.063796997070312, "y": 29.965141296386719, "robbery": 1 }, "geometry": { "type": "Point", "coordinates": [ -90.06379699699994, 29.96514129600007 ] } },
{ "type": "Feature", "properties": { "OBJECTID": 92695, "id": "NEWORLEANS_2011_20222022E-24702-22", "x": -90.071098327636719, "y": 29.947654724121094, "robbery": 1 }, "geometry": { "type": "Point", "coordinates": [ -90.071098327999948, 29.947654724000074 ] } },
{ "type": "Feature", "properties": { "OBJECTID": 92696, "id": "NEWORLEANS_2011_20222022E-24992-22", "x": -89.910133361816406, "y": 30.041881561279297, "robbery": 1 }, "geometry": { "type": "Point", "coordinates": [ -89.910133361999954, 30.041881561000025 ] } },
{ "type": "Feature", "properties": { "OBJECTID": 92697, "id": "NEWORLEANS_2011_20222022E-25148-22", "x": -90.040657043457031, "y": 29.950855255126953, "robbery": 1 }, "geometry": { "type": "Point", "coordinates": [ -90.040657042999953, 29.950855255000079 ] } },
{ "type": "Feature", "properties": { "OBJECTID": 92698, "id": "NEWORLEANS_2011_20222022E-25242-22", "x": -90.068031311035156, "y": 29.95587158203125, "robbery": 1 }, "geometry": { "type": "Point", "coordinates": [ -90.06803131099997, 29.955871582000043 ] } },
{ "type": "Feature", "properties": { "OBJECTID": 92699, "id": "NEWORLEANS_2011_20222022E-25523-22", "x": -90.072898864746094, "y": 29.974948883056641, "robbery": 1 }, "geometry": { "type": "Point", "coordinates": [ -90.072898864999956, 29.974948883000025 ] } },
{ "type": "Feature", "properties": { "OBJECTID": 92700, "id": "NEWORLEANS_2011_20222022E-26853-22", "x": -90.066543579101562, "y": 29.965856552124023, "robbery": 1 }, "geometry": { "type": "Point", "coordinates": [ -90.066543578999983, 29.965856552000048 ] } },
{ "type": "Feature", "properties": { "OBJECTID": 92701, "id": "NEWORLEANS_2011_20222022E-27006-22", "x": -90.066795349121094, "y": 29.956930160522461, "robbery": 1 }, "geometry": { "type": "Point", "coordinates": [ -90.06679534899996, 29.956930161000059 ] } },
{ "type": "Feature", "properties": { "OBJECTID": 92702, "id": "NEWORLEANS_2011_20222022E-28160-22", "x": -90.070068359375, "y": 29.954063415527344, "robbery": 1 }, "geometry": { "type": "Point", "coordinates": [ -90.070068358999947, 29.954063416000054 ] } },
{ "type": "Feature", "properties": { "OBJECTID": 92703, "id": "NEWORLEANS_2011_20222022E-28202-22", "x": -90.070907592773438, "y": 29.952844619750977, "robbery": 1 }, "geometry": { "type": "Point", "coordinates": [ -90.070907592999959, 29.952844620000064 ] } },
{ "type": "Feature", "properties": { "OBJECTID": 92704, "id": "NEWORLEANS_2011_20222022E-28397-22", "x": -89.955314636230469, "y": 30.038434982299805, "robbery": 1 }, "geometry": { "type": "Point", "coordinates": [ -89.955314635999969, 30.038434982000069 ] } },
{ "type": "Feature", "properties": { "OBJECTID": 92705, "id": "NEWORLEANS_2011_20222022E-28695-22", "x": -89.955894470214844, "y": 30.039587020874023, "robbery": 1 }, "geometry": { "type": "Point", "coordinates": [ -89.955894469999976, 30.039587021000045 ] } },
{ "type": "Feature", "properties": { "OBJECTID": 92706, "id": "NEWORLEANS_2011_20222022E-29309-22", "x": -90.111961364746094, "y": 29.961149215698242, "robbery": 1 }, "geometry": { "type": "Point", "coordinates": [ -90.111961364999956, 29.961149216000024 ] } },
{ "type": "Feature", "properties": { "OBJECTID": 92707, "id": "NEWORLEANS_2011_20222022E-30416-22", "x": -90.0677490234375, "y": 29.956279754638672, "robbery": 1 }, "geometry": { "type": "Point", "coordinates": [ -90.067749022999976, 29.956279755000025 ] } },
{ "type": "Feature", "properties": { "OBJECTID": 92708, "id": "NEWORLEANS_2011_20222022E-30698-22", "x": -90.0826416015625, "y": 29.919313430786133, "robbery": 1 }, "geometry": { "type": "Point", "coordinates": [ -90.082641601999967, 29.919313431000035 ] } },
{ "type": "Feature", "properties": { "OBJECTID": 92709, "id": "NEWORLEANS_2011_20222022E-31194-22", "x": -89.993064880371094, "y": 30.028623580932617, "robbery": 1 }, "geometry": { "type": "Point", "coordinates": [ -89.993064879999963, 30.028623581000033 ] } },
{ "type": "Feature", "properties": { "OBJECTID": 92710, "id": "NEWORLEANS_2011_20222022E-31365-22", "x": -90.066551208496094, "y": 29.946369171142578, "robbery": 1 }, "geometry": { "type": "Point", "coordinates": [ -90.066551207999964, 29.946369171000072 ] } },
{ "type": "Feature", "properties": { "OBJECTID": 92711, "id": "NEWORLEANS_2011_20222022E-31572-22", "x": -90.029258728027344, "y": 30.006053924560547, "robbery": 1 }, "geometry": { "type": "Point", "coordinates": [ -90.029258727999945, 30.00605392500006 ] } },
{ "type": "Feature", "properties": { "OBJECTID": 92712, "id": "NEWORLEANS_2011_20222022E-32776-22", "x": -90.069587707519531, "y": 29.958799362182617, "robbery": 1 }, "geometry": { "type": "Point", "coordinates": [ -90.069587707999972, 29.958799362000036 ] } },
{ "type": "Feature", "properties": { "OBJECTID": 92713, "id": "NEWORLEANS_2011_20222022E-33216-22", "x": -90.057716369628906, "y": 29.963859558105469, "robbery": 1 }, "geometry": { "type": "Point", "coordinates": [ -90.05771636999998, 29.963859558000024 ] } },
{ "type": "Feature", "properties": { "OBJECTID": 92714, "id": "NEWORLEANS_2011_20222022E-33832-22", "x": -90.065414428710938, "y": 29.961034774780273, "robbery": 1 }, "geometry": { "type": "Point", "coordinates": [ -90.065414428999986, 29.96103477500003 ] } },
{ "type": "Feature", "properties": { "OBJECTID": 92715, "id": "NEWORLEANS_2011_20222022F-01167-22", "x": -90.089508056640625, "y": 29.945718765258789, "robbery": 1 }, "geometry": { "type": "Point", "coordinates": [ -90.089508056999989, 29.945718765000038 ] } },
{ "type": "Feature", "properties": { "OBJECTID": 92716, "id": "NEWORLEANS_2011_20222022F-01834-22", "x": -90.029472351074219, "y": 29.975252151489258, "robbery": 1 }, "geometry": { "type": "Point", "coordinates": [ -90.029472350999981, 29.975252151000063 ] } },
{ "type": "Feature", "properties": { "OBJECTID": 92717, "id": "NEWORLEANS_2011_20222022F-02391-22", "x": -90.075874328613281, "y": 29.950754165649414, "robbery": 1 }, "geometry": { "type": "Point", "coordinates": [ -90.075874328999987, 29.950754166000024 ] } },
{ "type": "Feature", "properties": { "OBJECTID": 92718, "id": "NEWORLEANS_2011_20222022F-02580-22", "x": -90.073135375976562, "y": 29.985898971557617, "robbery": 1 }, "geometry": { "type": "Point", "coordinates": [ -90.073135375999982, 29.98589897200003 ] } },
{ "type": "Feature", "properties": { "OBJECTID": 92719, "id": "NEWORLEANS_2011_20222022F-02754-22", "x": -90.080497741699219, "y": 29.943464279174805, "robbery": 1 }, "geometry": { "type": "Point", "coordinates": [ -90.080497741999977, 29.943464279000068 ] } },
{ "type": "Feature", "properties": { "OBJECTID": 92720, "id": "NEWORLEANS_2011_20222022F-03008-22", "x": -90.111343383789062, "y": 29.964668273925781, "robbery": 1 }, "geometry": { "type": "Point", "coordinates": [ -90.111343383999952, 29.964668274000076 ] } },
{ "type": "Feature", "properties": { "OBJECTID": 92721, "id": "NEWORLEANS_2011_20222022F-03010-22", "x": -90.076438903808594, "y": 29.935230255126953, "robbery": 1 }, "geometry": { "type": "Point", "coordinates": [ -90.076438903999986, 29.935230255000079 ] } },
{ "type": "Feature", "properties": { "OBJECTID": 92722, "id": "NEWORLEANS_2011_20222022F-03518-22", "x": -90.100570678710938, "y": 29.923585891723633, "robbery": 1 }, "geometry": { "type": "Point", "coordinates": [ -90.100570678999986, 29.923585892000062 ] } },
{ "type": "Feature", "properties": { "OBJECTID": 92723, "id": "NEWORLEANS_2011_20222022F-03581-22", "x": -90.095756530761719, "y": 29.976175308227539, "robbery": 1 }, "geometry": { "type": "Point", "coordinates": [ -90.09575653099995, 29.976175308000052 ] } },
{ "type": "Feature", "properties": { "OBJECTID": 92724, "id": "NEWORLEANS_2011_20222022F-03763-22", "x": -90.05792236328125, "y": 30.000537872314453, "robbery": 1 }, "geometry": { "type": "Point", "coordinates": [ -90.057922362999989, 30.000537872000052 ] } },
{ "type": "Feature", "properties": { "OBJECTID": 92725, "id": "NEWORLEANS_2011_20222022F-04040-22", "x": -90.071990966796875, "y": 29.959667205810547, "robbery": 1 }, "geometry": { "type": "Point", "coordinates": [ -90.071990966999977, 29.959667206000063 ] } },
{ "type": "Feature", "properties": { "OBJECTID": 92726, "id": "NEWORLEANS_2011_20222022F-04158-22", "x": -90.038055419921875, "y": 29.940969467163086, "robbery": 1 }, "geometry": { "type": "Point", "coordinates": [ -90.038055419999978, 29.940969467000059 ] } },
{ "type": "Feature", "properties": { "OBJECTID": 92727, "id": "NEWORLEANS_2011_20222022F-04684-22", "x": -90.065872192382812, "y": 29.931911468505859, "robbery": 1 }, "geometry": { "type": "Point", "coordinates": [ -90.065872191999972, 29.931911469000056 ] } },
{ "type": "Feature", "properties": { "OBJECTID": 92728, "id": "NEWORLEANS_2011_20222022F-05114-22", "x": -90.064811706542969, "y": 30.021627426147461, "robbery": 1 }, "geometry": { "type": "Point", "coordinates": [ -90.064811707, 30.021627426000066 ] } },
{ "type": "Feature", "properties": { "OBJECTID": 92729, "id": "NEWORLEANS_2011_20222022F-05784-22", "x": -89.992294311523438, "y": 30.031204223632812, "robbery": 1 }, "geometry": { "type": "Point", "coordinates": [ -89.992294311999956, 30.031204224000078 ] } },
{ "type": "Feature", "properties": { "OBJECTID": 92730, "id": "NEWORLEANS_2011_20222022F-06036-22", "x": -90.055519104003906, "y": 29.973661422729492, "robbery": 1 }, "geometry": { "type": "Point", "coordinates": [ -90.055519103999984, 29.973661423000067 ] } },
{ "type": "Feature", "properties": { "OBJECTID": 92731, "id": "NEWORLEANS_2011_20222022F-06063-22", "x": -89.952629089355469, "y": 30.06865119934082, "robbery": 1 }, "geometry": { "type": "Point", "coordinates": [ -89.95262908899997, 30.068651199000044 ] } },
{ "type": "Feature", "properties": { "OBJECTID": 92732, "id": "NEWORLEANS_2011_20222022F-06299-22", "x": -89.983238220214844, "y": 29.918102264404297, "robbery": 1 }, "geometry": { "type": "Point", "coordinates": [ -89.983238219999976, 29.918102264000026 ] } },
{ "type": "Feature", "properties": { "OBJECTID": 92733, "id": "NEWORLEANS_2011_20222022F-06442-22", "x": -90.062286376953125, "y": 29.964025497436523, "robbery": 1 }, "geometry": { "type": "Point", "coordinates": [ -90.062286376999964, 29.96402549700008 ] } },
{ "type": "Feature", "properties": { "OBJECTID": 92734, "id": "NEWORLEANS_2011_20222022F-07167-22", "x": -90.069313049316406, "y": 29.927249908447266, "robbery": 1 }, "geometry": { "type": "Point", "coordinates": [ -90.069313048999959, 29.927249908000078 ] } },
{ "type": "Feature", "properties": { "OBJECTID": 92735, "id": "NEWORLEANS_2011_20222022F-07779-22", "x": -90.007949829101562, "y": 29.921146392822266, "robbery": 1 }, "geometry": { "type": "Point", "coordinates": [ -90.007949828999983, 29.921146393000072 ] } },
{ "type": "Feature", "properties": { "OBJECTID": 92736, "id": "NEWORLEANS_2011_20222022F-07838-22", "x": -90.009254455566406, "y": 29.920940399169922, "robbery": 1 }, "geometry": { "type": "Point", "coordinates": [ -90.009254455999951, 29.920940399000074 ] } },
{ "type": "Feature", "properties": { "OBJECTID": 92737, "id": "NEWORLEANS_2011_20222022F-08617-22", "x": -90.074684143066406, "y": 29.962989807128906, "robbery": 1 }, "geometry": { "type": "Point", "coordinates": [ -90.074684142999956, 29.962989807000042 ] } },
{ "type": "Feature", "properties": { "OBJECTID": 92738, "id": "NEWORLEANS_2011_20222022F-10721-22", "x": -90.003028869628906, "y": 29.913589477539062, "robbery": 1 }, "geometry": { "type": "Point", "coordinates": [ -90.00302886999998, 29.913589478000063 ] } },
{ "type": "Feature", "properties": { "OBJECTID": 92739, "id": "NEWORLEANS_2011_20222022F-11094-22", "x": -90.055419921875, "y": 29.967998504638672, "robbery": 1 }, "geometry": { "type": "Point", "coordinates": [ -90.055419921999942, 29.967998505000025 ] } },
{ "type": "Feature", "properties": { "OBJECTID": 92740, "id": "NEWORLEANS_2011_20222022F-11109-22", "x": -90.069175720214844, "y": 29.964927673339844, "robbery": 1 }, "geometry": { "type": "Point", "coordinates": [ -90.069175719999976, 29.964927673000034 ] } },
{ "type": "Feature", "properties": { "OBJECTID": 92741, "id": "NEWORLEANS_2011_20222022F-11756-22", "x": -90.014152526855469, "y": 29.96070671081543, "robbery": 1 }, "geometry": { "type": "Point", "coordinates": [ -90.014152526999965, 29.960706711000057 ] } },
{ "type": "Feature", "properties": { "OBJECTID": 92742, "id": "NEWORLEANS_2011_20222022F-11964-22", "x": -90.070686340332031, "y": 29.958206176757812, "robbery": 1 }, "geometry": { "type": "Point", "coordinates": [ -90.070686339999952, 29.958206177000079 ] } },
{ "type": "Feature", "properties": { "OBJECTID": 92743, "id": "NEWORLEANS_2011_20222022F-12009-22", "x": -90.079132080078125, "y": 29.942214965820312, "robbery": 1 }, "geometry": { "type": "Point", "coordinates": [ -90.079132079999965, 29.942214966000051 ] } },
{ "type": "Feature", "properties": { "OBJECTID": 92744, "id": "NEWORLEANS_2011_20222022F-12110-22", "x": -90.077316284179688, "y": 29.9453125, "robbery": 1 }, "geometry": { "type": "Point", "coordinates": [ -90.077316283999949, 29.945312500000057 ] } },
{ "type": "Feature", "properties": { "OBJECTID": 92745, "id": "NEWORLEANS_2011_20222022F-12254-22", "x": -90.079566955566406, "y": 29.9600830078125, "robbery": 1 }, "geometry": { "type": "Point", "coordinates": [ -90.079566955999951, 29.960083008000026 ] } },
{ "type": "Feature", "properties": { "OBJECTID": 92746, "id": "NEWORLEANS_2011_20222022F-12361-22", "x": -90.0133056640625, "y": 29.977710723876953, "robbery": 1 }, "geometry": { "type": "Point", "coordinates": [ -90.013305663999972, 29.977710724000076 ] } },
{ "type": "Feature", "properties": { "OBJECTID": 92747, "id": "NEWORLEANS_2011_20222022F-12555-22", "x": -89.953025817871094, "y": 30.068502426147461, "robbery": 1 }, "geometry": { "type": "Point", "coordinates": [ -89.953025817999958, 30.068502426000066 ] } },
{ "type": "Feature", "properties": { "OBJECTID": 92748, "id": "NEWORLEANS_2011_20222022F-12907-22", "x": -89.98272705078125, "y": 30.045629501342773, "robbery": 1 }, "geometry": { "type": "Point", "coordinates": [ -89.982727050999983, 30.045629501000064 ] } },
{ "type": "Feature", "properties": { "OBJECTID": 92749, "id": "NEWORLEANS_2011_20222022F-13349-22", "x": -90.067466735839844, "y": 29.959815979003906, "robbery": 1 }, "geometry": { "type": "Point", "coordinates": [ -90.067466735999972, 29.959815979000041 ] } },
{ "type": "Feature", "properties": { "OBJECTID": 92750, "id": "NEWORLEANS_2011_20222022F-13809-22", "x": -90.107429504394531, "y": 29.974855422973633, "robbery": 1 }, "geometry": { "type": "Point", "coordinates": [ -90.107429503999981, 29.974855423000065 ] } },
{ "type": "Feature", "properties": { "OBJECTID": 92751, "id": "NEWORLEANS_2011_20222022F-13864-22", "x": -90.080451965332031, "y": 29.977443695068359, "robbery": 1 }, "geometry": { "type": "Point", "coordinates": [ -90.080451964999952, 29.977443695000034 ] } },
{ "type": "Feature", "properties": { "OBJECTID": 92752, "id": "NEWORLEANS_2011_20222022F-14122-22", "x": -90.062080383300781, "y": 29.962623596191406, "robbery": 1 }, "geometry": { "type": "Point", "coordinates": [ -90.062080382999966, 29.962623596000071 ] } },
{ "type": "Feature", "properties": { "OBJECTID": 92753, "id": "NEWORLEANS_2011_20222022F-14241-22", "x": -90.073623657226562, "y": 29.953922271728516, "robbery": 1 }, "geometry": { "type": "Point", "coordinates": [ -90.073623656999985, 29.953922272000057 ] } },
{ "type": "Feature", "properties": { "OBJECTID": 92754, "id": "NEWORLEANS_2011_20222022F-14315-22", "x": -90.062049865722656, "y": 29.957561492919922, "robbery": 1 }, "geometry": { "type": "Point", "coordinates": [ -90.062049865999938, 29.957561493000071 ] } },
{ "type": "Feature", "properties": { "OBJECTID": 92755, "id": "NEWORLEANS_2011_20222022F-15000-22", "x": -90.121185302734375, "y": 29.968467712402344, "robbery": 1 }, "geometry": { "type": "Point", "coordinates": [ -90.121185302999947, 29.968467712000063 ] } },
{ "type": "Feature", "properties": { "OBJECTID": 92756, "id": "NEWORLEANS_2011_20222022F-15173-22", "x": -90.100379943847656, "y": 29.932659149169922, "robbery": 1 }, "geometry": { "type": "Point", "coordinates": [ -90.10037994399994, 29.932659149000074 ] } },
{ "type": "Feature", "properties": { "OBJECTID": 92757, "id": "NEWORLEANS_2011_20222022F-16258-22", "x": -90.09661865234375, "y": 29.941646575927734, "robbery": 1 }, "geometry": { "type": "Point", "coordinates": [ -90.096618651999961, 29.941646576000039 ] } },
{ "type": "Feature", "properties": { "OBJECTID": 92758, "id": "NEWORLEANS_2011_20222022F-16373-22", "x": -90.094154357910156, "y": 29.933704376220703, "robbery": 1 }, "geometry": { "type": "Point", "coordinates": [ -90.094154357999969, 29.933704376000037 ] } },
{ "type": "Feature", "properties": { "OBJECTID": 92759, "id": "NEWORLEANS_2011_20222022F-16983-22", "x": -90.031959533691406, "y": 29.961492538452148, "robbery": 1 }, "geometry": { "type": "Point", "coordinates": [ -90.031959533999952, 29.961492538000073 ] } },
{ "type": "Feature", "properties": { "OBJECTID": 92760, "id": "NEWORLEANS_2011_20222022F-17470-22", "x": -90.080802917480469, "y": 29.995674133300781, "robbery": 1 }, "geometry": { "type": "Point", "coordinates": [ -90.080802916999971, 29.99567413300008 ] } },
{ "type": "Feature", "properties": { "OBJECTID": 92761, "id": "NEWORLEANS_2011_20222022F-17997-22", "x": -90.110603332519531, "y": 30.002035140991211, "robbery": 1 }, "geometry": { "type": "Point", "coordinates": [ -90.110603332999972, 30.002035141000079 ] } },
{ "type": "Feature", "properties": { "OBJECTID": 92762, "id": "NEWORLEANS_2011_20222022F-18383-22", "x": -90.067329406738281, "y": 29.971183776855469, "robbery": 1 }, "geometry": { "type": "Point", "coordinates": [ -90.067329406999988, 29.971183777000078 ] } },
{ "type": "Feature", "properties": { "OBJECTID": 92763, "id": "NEWORLEANS_2011_20222022F-18508-22", "x": -89.986305236816406, "y": 30.01469612121582, "robbery": 1 }, "geometry": { "type": "Point", "coordinates": [ -89.986305236999954, 30.014696121000043 ] } },
{ "type": "Feature", "properties": { "OBJECTID": 92764, "id": "NEWORLEANS_2011_20222022F-19276-22", "x": -90.042129516601562, "y": 29.939128875732422, "robbery": 1 }, "geometry": { "type": "Point", "coordinates": [ -90.042129516999978, 29.939128876000041 ] } },
{ "type": "Feature", "properties": { "OBJECTID": 92765, "id": "NEWORLEANS_2011_20222022F-19602-22", "x": -90.129104614257812, "y": 29.956748962402344, "robbery": 1 }, "geometry": { "type": "Point", "coordinates": [ -90.129104613999971, 29.956748962000063 ] } },
{ "type": "Feature", "properties": { "OBJECTID": 92766, "id": "NEWORLEANS_2011_20222022F-19675-22", "x": -89.952423095703125, "y": 30.068958282470703, "robbery": 1 }, "geometry": { "type": "Point", "coordinates": [ -89.952423095999961, 30.06895828200004 ] } },
{ "type": "Feature", "properties": { "OBJECTID": 92767, "id": "NEWORLEANS_2011_20222022F-19751-22", "x": -90.039077758789062, "y": 29.968154907226562, "robbery": 1 }, "geometry": { "type": "Point", "coordinates": [ -90.039077758999952, 29.968154907000041 ] } },
{ "type": "Feature", "properties": { "OBJECTID": 92768, "id": "NEWORLEANS_2011_20222022F-19766-22", "x": -90.072288513183594, "y": 29.935205459594727, "robbery": 1 }, "geometry": { "type": "Point", "coordinates": [ -90.072288513, 29.935205460000077 ] } },
{ "type": "Feature", "properties": { "OBJECTID": 92769, "id": "NEWORLEANS_2011_20222022F-20270-22", "x": -90.089179992675781, "y": 29.945949554443359, "robbery": 1 }, "geometry": { "type": "Point", "coordinates": [ -90.089179992999959, 29.945949554000038 ] } },
{ "type": "Feature", "properties": { "OBJECTID": 92770, "id": "NEWORLEANS_2011_20222022F-20764-22", "x": -90.092048645019531, "y": 29.945856094360352, "robbery": 1 }, "geometry": { "type": "Point", "coordinates": [ -90.092048644999977, 29.945856094000078 ] } },
{ "type": "Feature", "properties": { "OBJECTID": 92771, "id": "NEWORLEANS_2011_20222022F-21610-22", "x": -90.017677307128906, "y": 30.021846771240234, "robbery": 1 }, "geometry": { "type": "Point", "coordinates": [ -90.017677306999985, 30.021846771000071 ] } },
{ "type": "Feature", "properties": { "OBJECTID": 92772, "id": "NEWORLEANS_2011_20222022F-21641-22", "x": -89.992149353027344, "y": 30.042560577392578, "robbery": 1 }, "geometry": { "type": "Point", "coordinates": [ -89.992149352999945, 30.042560577000074 ] } },
{ "type": "Feature", "properties": { "OBJECTID": 92773, "id": "NEWORLEANS_2011_20222022F-21745-22", "x": -89.982421875, "y": 30.04224967956543, "robbery": 1 }, "geometry": { "type": "Point", "coordinates": [ -89.982421874999943, 30.042249680000054 ] } },
{ "type": "Feature", "properties": { "OBJECTID": 92774, "id": "NEWORLEANS_2011_20222022F-21841-22", "x": -90.077888488769531, "y": 29.965539932250977, "robbery": 1 }, "geometry": { "type": "Point", "coordinates": [ -90.077888488999974, 29.96553993200007 ] } },
{ "type": "Feature", "properties": { "OBJECTID": 92775, "id": "NEWORLEANS_2011_20222022F-22018-22", "x": -90.066055297851562, "y": 29.95128059387207, "robbery": 1 }, "geometry": { "type": "Point", "coordinates": [ -90.066055297999981, 29.951280594000025 ] } },
{ "type": "Feature", "properties": { "OBJECTID": 92776, "id": "NEWORLEANS_2011_20222022F-22139-22", "x": -90.015426635742188, "y": 30.02899169921875, "robbery": 1 }, "geometry": { "type": "Point", "coordinates": [ -90.015426635999972, 30.028991699000073 ] } },
{ "type": "Feature", "properties": { "OBJECTID": 92777, "id": "NEWORLEANS_2011_20222022F-22337-22", "x": -90.0107421875, "y": 30.010898590087891, "robbery": 1 }, "geometry": { "type": "Point", "coordinates": [ -90.010742187999938, 30.010898590000068 ] } },
{ "type": "Feature", "properties": { "OBJECTID": 92778, "id": "NEWORLEANS_2011_20222022F-22626-22", "x": -90.079566955566406, "y": 30.001010894775391, "robbery": 1 }, "geometry": { "type": "Point", "coordinates": [ -90.079566955999951, 30.001010895000036 ] } },
{ "type": "Feature", "properties": { "OBJECTID": 92779, "id": "NEWORLEANS_2011_20222022F-23458-22", "x": -90.097335815429688, "y": 29.941368103027344, "robbery": 1 }, "geometry": { "type": "Point", "coordinates": [ -90.097335814999951, 29.941368103000059 ] } },
{ "type": "Feature", "properties": { "OBJECTID": 92780, "id": "NEWORLEANS_2011_20222022F-23917-22", "x": -90.106025695800781, "y": 29.994449615478516, "robbery": 1 }, "geometry": { "type": "Point", "coordinates": [ -90.106025695999961, 29.994449615000065 ] } },
{ "type": "Feature", "properties": { "OBJECTID": 92781, "id": "NEWORLEANS_2011_20222022F-24576-22", "x": -89.993736267089844, "y": 30.039295196533203, "robbery": 1 }, "geometry": { "type": "Point", "coordinates": [ -89.993736266999974, 30.039295197000058 ] } },
{ "type": "Feature", "properties": { "OBJECTID": 92782, "id": "NEWORLEANS_2011_20222022F-24795-22", "x": -90.069053649902344, "y": 29.954919815063477, "robbery": 1 }, "geometry": { "type": "Point", "coordinates": [ -90.069053649999944, 29.954919815000039 ] } },
{ "type": "Feature", "properties": { "OBJECTID": 92783, "id": "NEWORLEANS_2011_20222022F-25617-22", "x": -90.092453002929688, "y": 29.958330154418945, "robbery": 1 }, "geometry": { "type": "Point", "coordinates": [ -90.092453002999946, 29.958330154000066 ] } },
{ "type": "Feature", "properties": { "OBJECTID": 92784, "id": "NEWORLEANS_2011_20222022F-26362-22", "x": -90.054931640625, "y": 29.963647842407227, "robbery": 1 }, "geometry": { "type": "Point", "coordinates": [ -90.054931640999939, 29.963647842000057 ] } },
{ "type": "Feature", "properties": { "OBJECTID": 92785, "id": "NEWORLEANS_2011_20222022F-26462-22", "x": -90.053253173828125, "y": 29.965845108032227, "robbery": 1 }, "geometry": { "type": "Point", "coordinates": [ -90.053253173999963, 29.965845108000053 ] } },
{ "type": "Feature", "properties": { "OBJECTID": 92786, "id": "NEWORLEANS_2011_20222022F-26499-22", "x": -90.045867919921875, "y": 29.968225479125977, "robbery": 1 }, "geometry": { "type": "Point", "coordinates": [ -90.045867919999978, 29.968225479000068 ] } },
{ "type": "Feature", "properties": { "OBJECTID": 92787, "id": "NEWORLEANS_2011_20222022F-26500-22", "x": -90.0526123046875, "y": 29.964895248413086, "robbery": 1 }, "geometry": { "type": "Point", "coordinates": [ -90.052612304999968, 29.964895248000062 ] } },
{ "type": "Feature", "properties": { "OBJECTID": 92788, "id": "NEWORLEANS_2011_20222022F-26639-22", "x": -90.055244445800781, "y": 29.980144500732422, "robbery": 1 }, "geometry": { "type": "Point", "coordinates": [ -90.055244445999961, 29.980144501000041 ] } },
{ "type": "Feature", "properties": { "OBJECTID": 92789, "id": "NEWORLEANS_2011_20222022F-26663-22", "x": -90.0802001953125, "y": 29.967670440673828, "robbery": 1 }, "geometry": { "type": "Point", "coordinates": [ -90.080200194999975, 29.967670441000053 ] } },
{ "type": "Feature", "properties": { "OBJECTID": 92790, "id": "NEWORLEANS_2011_20222022F-26854-22", "x": -89.939476013183594, "y": 30.060005187988281, "robbery": 1 }, "geometry": { "type": "Point", "coordinates": [ -89.939476013, 30.060005188000048 ] } },
{ "type": "Feature", "properties": { "OBJECTID": 92791, "id": "NEWORLEANS_2011_20222022F-27140-22", "x": -90.050300598144531, "y": 29.968881607055664, "robbery": 1 }, "geometry": { "type": "Point", "coordinates": [ -90.050300597999978, 29.968881607000071 ] } },
{ "type": "Feature", "properties": { "OBJECTID": 92792, "id": "NEWORLEANS_2011_20222022F-27392-22", "x": -90.053131103515625, "y": 29.963872909545898, "robbery": 1 }, "geometry": { "type": "Point", "coordinates": [ -90.053131103999988, 29.963872910000077 ] } },
{ "type": "Feature", "properties": { "OBJECTID": 92793, "id": "NEWORLEANS_2011_20222022F-27407-22", "x": -90.06195068359375, "y": 29.965999603271484, "robbery": 1 }, "geometry": { "type": "Point", "coordinates": [ -90.061950683999953, 29.965999603000057 ] } },
{ "type": "Feature", "properties": { "OBJECTID": 92794, "id": "NEWORLEANS_2011_20222022F-27426-22", "x": -90.052825927734375, "y": 29.964015960693359, "robbery": 1 }, "geometry": { "type": "Point", "coordinates": [ -90.052825927999947, 29.96401596100003 ] } },
{ "type": "Feature", "properties": { "OBJECTID": 92795, "id": "NEWORLEANS_2011_20222022F-27452-22", "x": -90.053253173828125, "y": 29.9638671875, "robbery": 1 }, "geometry": { "type": "Point", "coordinates": [ -90.053253173999963, 29.963867187000062 ] } },
{ "type": "Feature", "properties": { "OBJECTID": 92796, "id": "NEWORLEANS_2011_20222022F-28446-22", "x": -90.068687438964844, "y": 29.949880599975586, "robbery": 1 }, "geometry": { "type": "Point", "coordinates": [ -90.068687438999973, 29.949880600000029 ] } },
{ "type": "Feature", "properties": { "OBJECTID": 92797, "id": "NEWORLEANS_2011_20222022F-28458-22", "x": -90.064926147460938, "y": 29.942363739013672, "robbery": 1 }, "geometry": { "type": "Point", "coordinates": [ -90.064926146999937, 29.942363739000029 ] } },
{ "type": "Feature", "properties": { "OBJECTID": 92798, "id": "NEWORLEANS_2011_20222022F-28548-22", "x": -90.040695190429688, "y": 30.034030914306641, "robbery": 1 }, "geometry": { "type": "Point", "coordinates": [ -90.040695189999951, 30.034030914000027 ] } },
{ "type": "Feature", "properties": { "OBJECTID": 92799, "id": "NEWORLEANS_2011_20222022F-29189-22", "x": -90.077316284179688, "y": 29.977323532104492, "robbery": 1 }, "geometry": { "type": "Point", "coordinates": [ -90.077316283999949, 29.977323532000071 ] } },
{ "type": "Feature", "properties": { "OBJECTID": 92800, "id": "NEWORLEANS_2011_20222022F-29343-22", "x": -90.011367797851562, "y": 30.027374267578125, "robbery": 1 }, "geometry": { "type": "Point", "coordinates": [ -90.011367797999981, 30.027374268000074 ] } },
{ "type": "Feature", "properties": { "OBJECTID": 92801, "id": "NEWORLEANS_2011_20222022F-29350-22", "x": -90.061294555664062, "y": 29.998891830444336, "robbery": 1 }, "geometry": { "type": "Point", "coordinates": [ -90.06129455599995, 29.998891830000048 ] } },
{ "type": "Feature", "properties": { "OBJECTID": 92802, "id": "NEWORLEANS_2011_20222022F-30025-22", "x": -90.0672607421875, "y": 29.958427429199219, "robbery": 1 }, "geometry": { "type": "Point", "coordinates": [ -90.067260741999974, 29.958427429000039 ] } },
{ "type": "Feature", "properties": { "OBJECTID": 92803, "id": "NEWORLEANS_2011_20222022F-30065-22", "x": -90.060653686523438, "y": 29.963714599609375, "robbery": 1 }, "geometry": { "type": "Point", "coordinates": [ -90.060653686999956, 29.96371460000006 ] } },
{ "type": "Feature", "properties": { "OBJECTID": 92804, "id": "NEWORLEANS_2011_20222022F-30547-22", "x": -90.0771484375, "y": 29.944023132324219, "robbery": 1 }, "geometry": { "type": "Point", "coordinates": [ -90.077148437999938, 29.944023132000041 ] } },
{ "type": "Feature", "properties": { "OBJECTID": 92805, "id": "NEWORLEANS_2011_20222022G-00123-22", "x": -90.067207336425781, "y": 29.965024948120117, "robbery": 1 }, "geometry": { "type": "Point", "coordinates": [ -90.067207335999967, 29.965024948000064 ] } },
{ "type": "Feature", "properties": { "OBJECTID": 92806, "id": "NEWORLEANS_2011_20222022G-01549-22", "x": -90.017593383789062, "y": 30.021621704101562, "robbery": 1 }, "geometry": { "type": "Point", "coordinates": [ -90.017593383999952, 30.02162170400004 ] } },
{ "type": "Feature", "properties": { "OBJECTID": 92807, "id": "NEWORLEANS_2011_20222022G-01645-22", "x": -89.985603332519531, "y": 29.91944694519043, "robbery": 1 }, "geometry": { "type": "Point", "coordinates": [ -89.985603332999972, 29.919446945000061 ] } },
{ "type": "Feature", "properties": { "OBJECTID": 92808, "id": "NEWORLEANS_2011_20222022G-01929-22", "x": -89.957046508789062, "y": 30.030046463012695, "robbery": 1 }, "geometry": { "type": "Point", "coordinates": [ -89.957046508999952, 30.030046463000076 ] } },
{ "type": "Feature", "properties": { "OBJECTID": 92809, "id": "NEWORLEANS_2011_20222022G-02059-22", "x": -90.068191528320312, "y": 29.971662521362305, "robbery": 1 }, "geometry": { "type": "Point", "coordinates": [ -90.068191527999943, 29.971662521000042 ] } },
{ "type": "Feature", "properties": { "OBJECTID": 92810, "id": "NEWORLEANS_2011_20222022G-02183-22", "x": -90.082260131835938, "y": 29.939447402954102, "robbery": 1 }, "geometry": { "type": "Point", "coordinates": [ -90.082260131999988, 29.939447403000031 ] } },
{ "type": "Feature", "properties": { "OBJECTID": 92811, "id": "NEWORLEANS_2011_20222022G-02861-22", "x": -90.050117492675781, "y": 29.972005844116211, "robbery": 1 }, "geometry": { "type": "Point", "coordinates": [ -90.050117492999959, 29.972005844000023 ] } },
{ "type": "Feature", "properties": { "OBJECTID": 92812, "id": "NEWORLEANS_2011_20222022G-02881-22", "x": -90.044639587402344, "y": 29.962331771850586, "robbery": 1 }, "geometry": { "type": "Point", "coordinates": [ -90.044639586999949, 29.962331772000027 ] } },
{ "type": "Feature", "properties": { "OBJECTID": 92813, "id": "NEWORLEANS_2011_20222022G-03404-22", "x": -90.023551940917969, "y": 30.023920059204102, "robbery": 1 }, "geometry": { "type": "Point", "coordinates": [ -90.023551940999937, 30.023920059000034 ] } },
{ "type": "Feature", "properties": { "OBJECTID": 92814, "id": "NEWORLEANS_2011_20222022G-04186-22", "x": -90.018684387207031, "y": 29.966852188110352, "robbery": 1 }, "geometry": { "type": "Point", "coordinates": [ -90.018684386999951, 29.966852188000075 ] } },
{ "type": "Feature", "properties": { "OBJECTID": 92815, "id": "NEWORLEANS_2011_20222022G-05234-22", "x": -90.092811584472656, "y": 30.00139045715332, "robbery": 1 }, "geometry": { "type": "Point", "coordinates": [ -90.092811583999946, 30.00139045700007 ] } },
{ "type": "Feature", "properties": { "OBJECTID": 92816, "id": "NEWORLEANS_2011_20222022G-05725-22", "x": -90.086463928222656, "y": 29.979982376098633, "robbery": 1 }, "geometry": { "type": "Point", "coordinates": [ -90.086463927999944, 29.979982376000066 ] } },
{ "type": "Feature", "properties": { "OBJECTID": 92817, "id": "NEWORLEANS_2011_20222022G-05892-22", "x": -90.086227416992188, "y": 29.978967666625977, "robbery": 1 }, "geometry": { "type": "Point", "coordinates": [ -90.086227416999975, 29.978967667000063 ] } },
{ "type": "Feature", "properties": { "OBJECTID": 92818, "id": "NEWORLEANS_2011_20222022G-05953-22", "x": -89.999855041503906, "y": 30.042110443115234, "robbery": 1 }, "geometry": { "type": "Point", "coordinates": [ -89.999855041999979, 30.04211044300007 ] } },
{ "type": "Feature", "properties": { "OBJECTID": 92819, "id": "NEWORLEANS_2011_20222022G-06131-22", "x": -90.088943481445312, "y": 29.947660446166992, "robbery": 1 }, "geometry": { "type": "Point", "coordinates": [ -90.088943480999944, 29.947660446000043 ] } },
{ "type": "Feature", "properties": { "OBJECTID": 92820, "id": "NEWORLEANS_2011_20222022G-06287-22", "x": -90.104171752929688, "y": 29.939973831176758, "robbery": 1 }, "geometry": { "type": "Point", "coordinates": [ -90.104171752999946, 29.939973831000032 ] } },
{ "type": "Feature", "properties": { "OBJECTID": 92821, "id": "NEWORLEANS_2011_20222022G-06547-22", "x": -90.078277587890625, "y": 29.97578239440918, "robbery": 1 }, "geometry": { "type": "Point", "coordinates": [ -90.078277587999935, 29.975782394000078 ] } },
{ "type": "Feature", "properties": { "OBJECTID": 92822, "id": "NEWORLEANS_2011_20222022G-06568-22", "x": -90.01995849609375, "y": 29.929895401000977, "robbery": 1 }, "geometry": { "type": "Point", "coordinates": [ -90.019958495999958, 29.929895401000067 ] } },
{ "type": "Feature", "properties": { "OBJECTID": 92823, "id": "NEWORLEANS_2011_20222022G-06695-22", "x": -90.076911926269531, "y": 29.96769905090332, "robbery": 1 }, "geometry": { "type": "Point", "coordinates": [ -90.07691192599998, 29.967699051000068 ] } },
{ "type": "Feature", "properties": { "OBJECTID": 92824, "id": "NEWORLEANS_2011_20222022G-06788-22", "x": -90.09912109375, "y": 29.975704193115234, "robbery": 1 }, "geometry": { "type": "Point", "coordinates": [ -90.099121093999941, 29.97570419300007 ] } },
{ "type": "Feature", "properties": { "OBJECTID": 92825, "id": "NEWORLEANS_2011_20222022G-06793-22", "x": -90.081092834472656, "y": 29.979808807373047, "robbery": 1 }, "geometry": { "type": "Point", "coordinates": [ -90.081092833999946, 29.97980880700004 ] } },
{ "type": "Feature", "properties": { "OBJECTID": 92826, "id": "NEWORLEANS_2011_20222022G-07164-22", "x": -90.071311950683594, "y": 29.949897766113281, "robbery": 1 }, "geometry": { "type": "Point", "coordinates": [ -90.071311950999984, 29.949897766000049 ] } },
{ "type": "Feature", "properties": { "OBJECTID": 92827, "id": "NEWORLEANS_2011_20222022G-07238-22", "x": -90.047019958496094, "y": 29.972589492797852, "robbery": 1 }, "geometry": { "type": "Point", "coordinates": [ -90.047019957999964, 29.972589493000044 ] } },
{ "type": "Feature", "properties": { "OBJECTID": 92828, "id": "NEWORLEANS_2011_20222022G-07376-22", "x": -90.129417419433594, "y": 29.952119827270508, "robbery": 1 }, "geometry": { "type": "Point", "coordinates": [ -90.129417418999935, 29.952119827000047 ] } },
{ "type": "Feature", "properties": { "OBJECTID": 92829, "id": "NEWORLEANS_2011_20222022G-07403-22", "x": -90.043991088867188, "y": 29.964130401611328, "robbery": 1 }, "geometry": { "type": "Point", "coordinates": [ -90.043991088999974, 29.964130402000023 ] } },
{ "type": "Feature", "properties": { "OBJECTID": 92830, "id": "NEWORLEANS_2011_20222022G-07674-22", "x": -90.018142700195312, "y": 29.922676086425781, "robbery": 1 }, "geometry": { "type": "Point", "coordinates": [ -90.018142699999942, 29.922676086000024 ] } },
{ "type": "Feature", "properties": { "OBJECTID": 92831, "id": "NEWORLEANS_2011_20222022G-07824-22", "x": -90.076370239257812, "y": 29.971755981445312, "robbery": 1 }, "geometry": { "type": "Point", "coordinates": [ -90.076370238999971, 29.971755981000058 ] } },
{ "type": "Feature", "properties": { "OBJECTID": 92832, "id": "NEWORLEANS_2011_20222022G-07865-22", "x": -90.061294555664062, "y": 29.998891830444336, "robbery": 1 }, "geometry": { "type": "Point", "coordinates": [ -90.06129455599995, 29.998891830000048 ] } },
{ "type": "Feature", "properties": { "OBJECTID": 92833, "id": "NEWORLEANS_2011_20222022G-07891-22", "x": -90.120498657226562, "y": 29.95905876159668, "robbery": 1 }, "geometry": { "type": "Point", "coordinates": [ -90.120498656999985, 29.959058762000041 ] } },
{ "type": "Feature", "properties": { "OBJECTID": 92834, "id": "NEWORLEANS_2011_20222022G-08153-22", "x": -90.072410583496094, "y": 29.951631546020508, "robbery": 1 }, "geometry": { "type": "Point", "coordinates": [ -90.072410582999964, 29.951631546000044 ] } },
{ "type": "Feature", "properties": { "OBJECTID": 92835, "id": "NEWORLEANS_2011_20222022G-08230-22", "x": -90.070411682128906, "y": 29.95850944519043, "robbery": 1 }, "geometry": { "type": "Point", "coordinates": [ -90.070411681999985, 29.958509445000061 ] } },
{ "type": "Feature", "properties": { "OBJECTID": 92836, "id": "NEWORLEANS_2011_20222022G-08405-22", "x": -90.066596984863281, "y": 29.97197151184082, "robbery": 1 }, "geometry": { "type": "Point", "coordinates": [ -90.066596985, 29.971971512000039 ] } },
{ "type": "Feature", "properties": { "OBJECTID": 92837, "id": "NEWORLEANS_2011_20222022G-08710-22", "x": -90.064804077148438, "y": 29.958780288696289, "robbery": 1 }, "geometry": { "type": "Point", "coordinates": [ -90.064804076999962, 29.95878028900006 ] } },
{ "type": "Feature", "properties": { "OBJECTID": 92838, "id": "NEWORLEANS_2011_20222022G-08885-22", "x": -90.066017150878906, "y": 29.958318710327148, "robbery": 1 }, "geometry": { "type": "Point", "coordinates": [ -90.066017150999983, 29.958318710000071 ] } },
{ "type": "Feature", "properties": { "OBJECTID": 92839, "id": "NEWORLEANS_2011_20222022G-08889-22", "x": -90.056236267089844, "y": 29.963567733764648, "robbery": 1 }, "geometry": { "type": "Point", "coordinates": [ -90.056236266999974, 29.963567734000037 ] } },
{ "type": "Feature", "properties": { "OBJECTID": 92840, "id": "NEWORLEANS_2011_20222022G-09518-22", "x": -90.051567077636719, "y": 29.945531845092773, "robbery": 1 }, "geometry": { "type": "Point", "coordinates": [ -90.051567077999948, 29.945531845000062 ] } },
{ "type": "Feature", "properties": { "OBJECTID": 92841, "id": "NEWORLEANS_2011_20222022G-09754-22", "x": -90.111602783203125, "y": 29.954191207885742, "robbery": 1 }, "geometry": { "type": "Point", "coordinates": [ -90.111602782999967, 29.954191208000054 ] } },
{ "type": "Feature", "properties": { "OBJECTID": 92842, "id": "NEWORLEANS_2011_20222022G-10722-22", "x": -90.010711669921875, "y": 30.004541397094727, "robbery": 1 }, "geometry": { "type": "Point", "coordinates": [ -90.010711669999978, 30.004541397000025 ] } },
{ "type": "Feature", "properties": { "OBJECTID": 92843, "id": "NEWORLEANS_2011_20222022G-10923-22", "x": -89.91143798828125, "y": 30.036575317382812, "robbery": 1 }, "geometry": { "type": "Point", "coordinates": [ -89.911437987999989, 30.036575317000029 ] } },
{ "type": "Feature", "properties": { "OBJECTID": 92844, "id": "NEWORLEANS_2011_20222022G-11163-22", "x": -90.070701599121094, "y": 29.953079223632812, "robbery": 1 }, "geometry": { "type": "Point", "coordinates": [ -90.07070159899996, 29.953079224000078 ] } },
{ "type": "Feature", "properties": { "OBJECTID": 92845, "id": "NEWORLEANS_2011_20222022G-11595-22", "x": -90.122787475585938, "y": 29.948179244995117, "robbery": 1 }, "geometry": { "type": "Point", "coordinates": [ -90.122787475999985, 29.948179245000063 ] } },
{ "type": "Feature", "properties": { "OBJECTID": 92846, "id": "NEWORLEANS_2011_20222022G-11983-22", "x": -90.064529418945312, "y": 29.97718620300293, "robbery": 1 }, "geometry": { "type": "Point", "coordinates": [ -90.064529418999939, 29.977186203000031 ] } },
{ "type": "Feature", "properties": { "OBJECTID": 92847, "id": "NEWORLEANS_2011_20222022G-12258-22", "x": -90.049858093261719, "y": 29.968805313110352, "robbery": 1 }, "geometry": { "type": "Point", "coordinates": [ -90.049858092999955, 29.968805313000075 ] } },
{ "type": "Feature", "properties": { "OBJECTID": 92848, "id": "NEWORLEANS_2011_20222022G-12437-22", "x": -90.107711791992188, "y": 29.9276123046875, "robbery": 1 }, "geometry": { "type": "Point", "coordinates": [ -90.107711791999975, 29.927612305000025 ] } },
{ "type": "Feature", "properties": { "OBJECTID": 92849, "id": "NEWORLEANS_2011_20222022G-12494-22", "x": -90.039344787597656, "y": 30.004325866699219, "robbery": 1 }, "geometry": { "type": "Point", "coordinates": [ -90.039344787999937, 30.004325867000034 ] } },
{ "type": "Feature", "properties": { "OBJECTID": 92850, "id": "NEWORLEANS_2011_20222022G-12560-22", "x": -89.979942321777344, "y": 30.025108337402344, "robbery": 1 }, "geometry": { "type": "Point", "coordinates": [ -89.979942321999943, 30.025108337000063 ] } },
{ "type": "Feature", "properties": { "OBJECTID": 92851, "id": "NEWORLEANS_2011_20222022G-12620-22", "x": -89.809463500976562, "y": 30.064138412475586, "robbery": 1 }, "geometry": { "type": "Point", "coordinates": [ -89.809463500999982, 30.064138412000034 ] } },
{ "type": "Feature", "properties": { "OBJECTID": 92852, "id": "NEWORLEANS_2011_20222022G-12665-22", "x": -89.988883972167969, "y": 30.047069549560547, "robbery": 1 }, "geometry": { "type": "Point", "coordinates": [ -89.98888397199994, 30.04706955000006 ] } },
{ "type": "Feature", "properties": { "OBJECTID": 92853, "id": "NEWORLEANS_2011_20222022G-12701-22", "x": -90.058883666992188, "y": 29.978555679321289, "robbery": 1 }, "geometry": { "type": "Point", "coordinates": [ -90.058883666999975, 29.978555679000067 ] } },
{ "type": "Feature", "properties": { "OBJECTID": 92854, "id": "NEWORLEANS_2011_20222022G-13136-22", "x": -90.064590454101562, "y": 29.968626022338867, "robbery": 1 }, "geometry": { "type": "Point", "coordinates": [ -90.064590453999983, 29.968626022000024 ] } },
{ "type": "Feature", "properties": { "OBJECTID": 92855, "id": "NEWORLEANS_2011_20222022G-13405-22", "x": -90.09014892578125, "y": 29.920463562011719, "robbery": 1 }, "geometry": { "type": "Point", "coordinates": [ -90.090148925999983, 29.920463562000066 ] } },
{ "type": "Feature", "properties": { "OBJECTID": 92856, "id": "NEWORLEANS_2011_20222022G-13444-22", "x": -89.913673400878906, "y": 30.035816192626953, "robbery": 1 }, "geometry": { "type": "Point", "coordinates": [ -89.913673400999983, 30.035816193000073 ] } },
{ "type": "Feature", "properties": { "OBJECTID": 92857, "id": "NEWORLEANS_2011_20222022G-13470-22", "x": -89.930557250976562, "y": 30.041255950927734, "robbery": 1 }, "geometry": { "type": "Point", "coordinates": [ -89.930557250999982, 30.041255951000039 ] } },
{ "type": "Feature", "properties": { "OBJECTID": 92858, "id": "NEWORLEANS_2011_20222022G-13754-22", "x": -89.967643737792969, "y": 30.041610717773438, "robbery": 1 }, "geometry": { "type": "Point", "coordinates": [ -89.967643737999936, 30.041610718000072 ] } },
{ "type": "Feature", "properties": { "OBJECTID": 92859, "id": "NEWORLEANS_2011_20222022G-14164-22", "x": -90.070594787597656, "y": 29.949352264404297, "robbery": 1 }, "geometry": { "type": "Point", "coordinates": [ -90.070594787999937, 29.949352264000026 ] } },
{ "type": "Feature", "properties": { "OBJECTID": 92860, "id": "NEWORLEANS_2011_20222022G-14384-22", "x": -90.017387390136719, "y": 29.923252105712891, "robbery": 1 }, "geometry": { "type": "Point", "coordinates": [ -90.017387389999953, 29.923252106000064 ] } },
{ "type": "Feature", "properties": { "OBJECTID": 92861, "id": "NEWORLEANS_2011_20222022G-14743-22", "x": -90.06121826171875, "y": 29.978471755981445, "robbery": 1 }, "geometry": { "type": "Point", "coordinates": [ -90.061218261999954, 29.978471756000033 ] } },
{ "type": "Feature", "properties": { "OBJECTID": 92862, "id": "NEWORLEANS_2011_20222022G-14917-22", "x": -90.089653015136719, "y": 29.970247268676758, "robbery": 1 }, "geometry": { "type": "Point", "coordinates": [ -90.089653014999953, 29.970247269000026 ] } },
{ "type": "Feature", "properties": { "OBJECTID": 92863, "id": "NEWORLEANS_2011_20222022G-15249-22", "x": -90.093673706054688, "y": 29.933940887451172, "robbery": 1 }, "geometry": { "type": "Point", "coordinates": [ -90.093673705999947, 29.933940887000063 ] } },
{ "type": "Feature", "properties": { "OBJECTID": 92864, "id": "NEWORLEANS_2011_20222022G-15264-22", "x": -90.064765930175781, "y": 29.956317901611328, "robbery": 1 }, "geometry": { "type": "Point", "coordinates": [ -90.064765929999965, 29.956317902000023 ] } },
{ "type": "Feature", "properties": { "OBJECTID": 92865, "id": "NEWORLEANS_2011_20222022G-15287-22", "x": -89.986259460449219, "y": 30.022424697875977, "robbery": 1 }, "geometry": { "type": "Point", "coordinates": [ -89.986259459999985, 30.022424698000066 ] } },
{ "type": "Feature", "properties": { "OBJECTID": 92866, "id": "NEWORLEANS_2011_20222022G-15452-22", "x": -90.040504455566406, "y": 29.966747283935547, "robbery": 1 }, "geometry": { "type": "Point", "coordinates": [ -90.040504455999951, 29.966747284000064 ] } },
{ "type": "Feature", "properties": { "OBJECTID": 92867, "id": "NEWORLEANS_2011_20222022G-16071-22", "x": -90.068809509277344, "y": 29.929855346679688, "robbery": 1 }, "geometry": { "type": "Point", "coordinates": [ -90.068809508999948, 29.929855347000057 ] } },
{ "type": "Feature", "properties": { "OBJECTID": 92868, "id": "NEWORLEANS_2011_20222022G-16410-22", "x": -90.056999206542969, "y": 29.973871231079102, "robbery": 1 }, "geometry": { "type": "Point", "coordinates": [ -90.056999207, 29.973871231000032 ] } },
{ "type": "Feature", "properties": { "OBJECTID": 92869, "id": "NEWORLEANS_2011_20222022G-16435-22", "x": -90.081428527832031, "y": 29.936979293823242, "robbery": 1 }, "geometry": { "type": "Point", "coordinates": [ -90.081428527999947, 29.936979294000025 ] } },
{ "type": "Feature", "properties": { "OBJECTID": 92870, "id": "NEWORLEANS_2011_20222022G-16615-22", "x": -90.114082336425781, "y": 29.932863235473633, "robbery": 1 }, "geometry": { "type": "Point", "coordinates": [ -90.114082335999967, 29.93286323500007 ] } },
{ "type": "Feature", "properties": { "OBJECTID": 92871, "id": "NEWORLEANS_2011_20222022G-16769-22", "x": -90.023582458496094, "y": 29.94087028503418, "robbery": 1 }, "geometry": { "type": "Point", "coordinates": [ -90.023582457999964, 29.940870285000074 ] } },
{ "type": "Feature", "properties": { "OBJECTID": 92872, "id": "NEWORLEANS_2011_20222022G-16791-22", "x": -90.015403747558594, "y": 30.012334823608398, "robbery": 1 }, "geometry": { "type": "Point", "coordinates": [ -90.015403747999983, 30.01233482400005 ] } },
{ "type": "Feature", "properties": { "OBJECTID": 92873, "id": "NEWORLEANS_2011_20222022G-16870-22", "x": -90.102500915527344, "y": 29.967658996582031, "robbery": 1 }, "geometry": { "type": "Point", "coordinates": [ -90.10250091599994, 29.967658997000058 ] } },
{ "type": "Feature", "properties": { "OBJECTID": 92874, "id": "NEWORLEANS_2011_20222022G-16995-22", "x": -90.040443420410156, "y": 29.974155426025391, "robbery": 1 }, "geometry": { "type": "Point", "coordinates": [ -90.040443419999974, 29.974155426000038 ] } },
{ "type": "Feature", "properties": { "OBJECTID": 92875, "id": "NEWORLEANS_2011_20222022G-17215-22", "x": -90.022148132324219, "y": 29.946622848510742, "robbery": 1 }, "geometry": { "type": "Point", "coordinates": [ -90.022148131999984, 29.94662284900005 ] } },
{ "type": "Feature", "properties": { "OBJECTID": 92876, "id": "NEWORLEANS_2011_20222022G-17280-22", "x": -90.018760681152344, "y": 29.940004348754883, "robbery": 1 }, "geometry": { "type": "Point", "coordinates": [ -90.018760680999947, 29.940004349000048 ] } },
{ "type": "Feature", "properties": { "OBJECTID": 92877, "id": "NEWORLEANS_2011_20222022G-17362-22", "x": -90.112136840820312, "y": 29.96394157409668, "robbery": 1 }, "geometry": { "type": "Point", "coordinates": [ -90.112136840999938, 29.963941574000046 ] } },
{ "type": "Feature", "properties": { "OBJECTID": 92878, "id": "NEWORLEANS_2011_20222022G-17419-22", "x": -90.018234252929688, "y": 29.966751098632812, "robbery": 1 }, "geometry": { "type": "Point", "coordinates": [ -90.018234252999946, 29.966751099000078 ] } },
{ "type": "Feature", "properties": { "OBJECTID": 92879, "id": "NEWORLEANS_2011_20222022G-17420-22", "x": -89.963844299316406, "y": 30.019704818725586, "robbery": 1 }, "geometry": { "type": "Point", "coordinates": [ -89.963844298999959, 30.019704819000026 ] } },
{ "type": "Feature", "properties": { "OBJECTID": 92880, "id": "NEWORLEANS_2011_20222022G-17499-22", "x": -90.063957214355469, "y": 30.03059196472168, "robbery": 1 }, "geometry": { "type": "Point", "coordinates": [ -90.06395721399997, 30.030591965000042 ] } },
{ "type": "Feature", "properties": { "OBJECTID": 92881, "id": "NEWORLEANS_2011_20222022G-18055-22", "x": -90.07061767578125, "y": 29.954439163208008, "robbery": 1 }, "geometry": { "type": "Point", "coordinates": [ -90.070617675999983, 29.954439163000075 ] } },
{ "type": "Feature", "properties": { "OBJECTID": 92882, "id": "NEWORLEANS_2011_20222022G-18920-22", "x": -90.065933227539062, "y": 29.966543197631836, "robbery": 1 }, "geometry": { "type": "Point", "coordinates": [ -90.065933227999949, 29.966543198000068 ] } },
{ "type": "Feature", "properties": { "OBJECTID": 92883, "id": "NEWORLEANS_2011_20222022G-19033-22", "x": -90.0582275390625, "y": 29.96946907043457, "robbery": 1 }, "geometry": { "type": "Point", "coordinates": [ -90.058227538999972, 29.969469070000059 ] } },
{ "type": "Feature", "properties": { "OBJECTID": 92884, "id": "NEWORLEANS_2011_20222022G-19191-22", "x": -90.085609436035156, "y": 29.943347930908203, "robbery": 1 }, "geometry": { "type": "Point", "coordinates": [ -90.08560943599997, 29.943347931000062 ] } },
{ "type": "Feature", "properties": { "OBJECTID": 92885, "id": "NEWORLEANS_2011_20222022G-19284-22", "x": -90.0650634765625, "y": 29.983846664428711, "robbery": 1 }, "geometry": { "type": "Point", "coordinates": [ -90.065063476999967, 29.983846664000055 ] } },
{ "type": "Feature", "properties": { "OBJECTID": 92886, "id": "NEWORLEANS_2011_20222022G-19888-22", "x": -90.085952758789062, "y": 29.966970443725586, "robbery": 1 }, "geometry": { "type": "Point", "coordinates": [ -90.085952758999952, 29.966970444000026 ] } },
{ "type": "Feature", "properties": { "OBJECTID": 92887, "id": "NEWORLEANS_2011_20222022G-20848-22", "x": -90.100753784179688, "y": 29.969003677368164, "robbery": 1 }, "geometry": { "type": "Point", "coordinates": [ -90.100753783999949, 29.969003677000046 ] } },
{ "type": "Feature", "properties": { "OBJECTID": 92888, "id": "NEWORLEANS_2011_20222022G-20974-22", "x": -90.074440002441406, "y": 29.931232452392578, "robbery": 1 }, "geometry": { "type": "Point", "coordinates": [ -90.07444000199996, 29.931232452000074 ] } },
{ "type": "Feature", "properties": { "OBJECTID": 92889, "id": "NEWORLEANS_2011_20222022G-21906-22", "x": -90.091651916503906, "y": 29.943405151367188, "robbery": 1 }, "geometry": { "type": "Point", "coordinates": [ -90.091651916999979, 29.943405151000036 ] } },
{ "type": "Feature", "properties": { "OBJECTID": 92890, "id": "NEWORLEANS_2011_20222022G-21973-22", "x": -90.061981201171875, "y": 29.964462280273438, "robbery": 1 }, "geometry": { "type": "Point", "coordinates": [ -90.061981200999981, 29.964462280000077 ] } },
{ "type": "Feature", "properties": { "OBJECTID": 92891, "id": "NEWORLEANS_2011_20222022G-22054-22", "x": -90.106483459472656, "y": 29.923973083496094, "robbery": 1 }, "geometry": { "type": "Point", "coordinates": [ -90.106483458999946, 29.923973083000078 ] } },
{ "type": "Feature", "properties": { "OBJECTID": 92892, "id": "NEWORLEANS_2011_20222022G-22061-22", "x": -90.008743286132812, "y": 29.964704513549805, "robbery": 1 }, "geometry": { "type": "Point", "coordinates": [ -90.008743285999969, 29.964704514000061 ] } },
{ "type": "Feature", "properties": { "OBJECTID": 92893, "id": "NEWORLEANS_2011_20222022G-22436-22", "x": -90.063461303710938, "y": 29.989599227905273, "robbery": 1 }, "geometry": { "type": "Point", "coordinates": [ -90.063461303999986, 29.989599228000031 ] } },
{ "type": "Feature", "properties": { "OBJECTID": 92894, "id": "NEWORLEANS_2011_20222022G-22494-22", "x": -90.079452514648438, "y": 30.002082824707031, "robbery": 1 }, "geometry": { "type": "Point", "coordinates": [ -90.079452514999957, 30.002082825000059 ] } },
{ "type": "Feature", "properties": { "OBJECTID": 92895, "id": "NEWORLEANS_2011_20222022G-23046-22", "x": -90.121635437011719, "y": 29.971969604492188, "robbery": 1 }, "geometry": { "type": "Point", "coordinates": [ -90.121635436999952, 29.971969604000037 ] } },
{ "type": "Feature", "properties": { "OBJECTID": 92896, "id": "NEWORLEANS_2011_20222022G-23385-22", "x": -90.06988525390625, "y": 29.965566635131836, "robbery": 1 }, "geometry": { "type": "Point", "coordinates": [ -90.069885253999985, 29.965566635000073 ] } },
{ "type": "Feature", "properties": { "OBJECTID": 92897, "id": "NEWORLEANS_2011_20222022G-23704-22", "x": -90.064888000488281, "y": 29.959484100341797, "robbery": 1 }, "geometry": { "type": "Point", "coordinates": [ -90.064888, 29.959484100000054 ] } },
{ "type": "Feature", "properties": { "OBJECTID": 92898, "id": "NEWORLEANS_2011_20222022G-25969-22", "x": -89.947097778320312, "y": 30.073123931884766, "robbery": 1 }, "geometry": { "type": "Point", "coordinates": [ -89.947097777999943, 30.073123932000044 ] } },
{ "type": "Feature", "properties": { "OBJECTID": 92899, "id": "NEWORLEANS_2011_20222022G-26074-22", "x": -90.036346435546875, "y": 30.005477905273438, "robbery": 1 }, "geometry": { "type": "Point", "coordinates": [ -90.036346435999974, 30.005477905000077 ] } },
{ "type": "Feature", "properties": { "OBJECTID": 92900, "id": "NEWORLEANS_2011_20222022G-26967-22", "x": -89.962051391601562, "y": 30.047582626342773, "robbery": 1 }, "geometry": { "type": "Point", "coordinates": [ -89.962051391999978, 30.047582626000064 ] } },
{ "type": "Feature", "properties": { "OBJECTID": 92901, "id": "NEWORLEANS_2011_20222022G-27032-22", "x": -90.065361022949219, "y": 29.945375442504883, "robbery": 1 }, "geometry": { "type": "Point", "coordinates": [ -90.06536102299998, 29.945375443000046 ] } },
{ "type": "Feature", "properties": { "OBJECTID": 92902, "id": "NEWORLEANS_2011_20222022G-27812-22", "x": -90.089454650878906, "y": 29.94575309753418, "robbery": 1 }, "geometry": { "type": "Point", "coordinates": [ -90.089454650999983, 29.945753098000068 ] } },
{ "type": "Feature", "properties": { "OBJECTID": 92903, "id": "NEWORLEANS_2011_20222022G-27960-22", "x": -90.06915283203125, "y": 29.954713821411133, "robbery": 1 }, "geometry": { "type": "Point", "coordinates": [ -90.069152831999986, 29.954713821000041 ] } },
{ "type": "Feature", "properties": { "OBJECTID": 92904, "id": "NEWORLEANS_2011_20222022G-28519-22", "x": -90.03961181640625, "y": 29.963481903076172, "robbery": 1 }, "geometry": { "type": "Point", "coordinates": [ -90.039611816, 29.963481903000059 ] } },
{ "type": "Feature", "properties": { "OBJECTID": 92905, "id": "NEWORLEANS_2011_20222022G-28936-22", "x": -90.105766296386719, "y": 29.959327697753906, "robbery": 1 }, "geometry": { "type": "Point", "coordinates": [ -90.105766295999956, 29.959327698000038 ] } },
{ "type": "Feature", "properties": { "OBJECTID": 92906, "id": "NEWORLEANS_2011_20222022G-28986-22", "x": -90.066978454589844, "y": 29.968151092529297, "robbery": 1 }, "geometry": { "type": "Point", "coordinates": [ -90.066978454999969, 29.968151093000074 ] } },
{ "type": "Feature", "properties": { "OBJECTID": 92907, "id": "NEWORLEANS_2011_20222022G-30583-22", "x": -90.104804992675781, "y": 29.974403381347656, "robbery": 1 }, "geometry": { "type": "Point", "coordinates": [ -90.104804992999959, 29.974403381000059 ] } },
{ "type": "Feature", "properties": { "OBJECTID": 92908, "id": "NEWORLEANS_2011_20222022H-00032-22", "x": -90.04852294921875, "y": 29.969638824462891, "robbery": 1 }, "geometry": { "type": "Point", "coordinates": [ -90.04852294899996, 29.969638824000072 ] } },
{ "type": "Feature", "properties": { "OBJECTID": 92909, "id": "NEWORLEANS_2011_20222022H-00041-22", "x": -90.031585693359375, "y": 29.963506698608398, "robbery": 1 }, "geometry": { "type": "Point", "coordinates": [ -90.031585692999954, 29.96350669900005 ] } },
{ "type": "Feature", "properties": { "OBJECTID": 92910, "id": "NEWORLEANS_2011_20222022H-00449-22", "x": -90.050926208496094, "y": 29.945560455322266, "robbery": 1 }, "geometry": { "type": "Point", "coordinates": [ -90.050926207999964, 29.945560455000077 ] } },
{ "type": "Feature", "properties": { "OBJECTID": 92911, "id": "NEWORLEANS_2011_20222022H-00843-22", "x": -90.089805603027344, "y": 29.939342498779297, "robbery": 1 }, "geometry": { "type": "Point", "coordinates": [ -90.089805602999945, 29.939342499000077 ] } },
{ "type": "Feature", "properties": { "OBJECTID": 92912, "id": "NEWORLEANS_2011_20222022H-01369-22", "x": -90.053512573242188, "y": 29.971803665161133, "robbery": 1 }, "geometry": { "type": "Point", "coordinates": [ -90.053512572999978, 29.971803665000039 ] } },
{ "type": "Feature", "properties": { "OBJECTID": 92913, "id": "NEWORLEANS_2011_20222022H-01523-22", "x": -90.062843322753906, "y": 29.970607757568359, "robbery": 1 }, "geometry": { "type": "Point", "coordinates": [ -90.062843322999981, 29.970607758000028 ] } },
{ "type": "Feature", "properties": { "OBJECTID": 92914, "id": "NEWORLEANS_2011_20222022H-01641-22", "x": -90.059120178222656, "y": 29.96641731262207, "robbery": 1 }, "geometry": { "type": "Point", "coordinates": [ -90.059120177999944, 29.966417313000079 ] } },
{ "type": "Feature", "properties": { "OBJECTID": 92915, "id": "NEWORLEANS_2011_20222022H-01893-22", "x": -90.036697387695312, "y": 30.005887985229492, "robbery": 1 }, "geometry": { "type": "Point", "coordinates": [ -90.036697387999936, 30.005887985000072 ] } },
{ "type": "Feature", "properties": { "OBJECTID": 92916, "id": "NEWORLEANS_2011_20222022H-01918-22", "x": -90.019294738769531, "y": 29.97968864440918, "robbery": 1 }, "geometry": { "type": "Point", "coordinates": [ -90.019294738999974, 29.979688644000078 ] } },
{ "type": "Feature", "properties": { "OBJECTID": 92917, "id": "NEWORLEANS_2011_20222022H-01960-22", "x": -90.009552001953125, "y": 29.934778213500977, "robbery": 1 }, "geometry": { "type": "Point", "coordinates": [ -90.009552001999964, 29.934778214000062 ] } },
{ "type": "Feature", "properties": { "OBJECTID": 92918, "id": "NEWORLEANS_2011_20222022H-02183-22", "x": -90.089073181152344, "y": 29.961027145385742, "robbery": 1 }, "geometry": { "type": "Point", "coordinates": [ -90.089073180999947, 29.96102714500006 ] } },
{ "type": "Feature", "properties": { "OBJECTID": 92919, "id": "NEWORLEANS_2011_20222022H-03694-22", "x": -90.083610534667969, "y": 29.943527221679688, "robbery": 1 }, "geometry": { "type": "Point", "coordinates": [ -90.083610535, 29.943527222000057 ] } },
{ "type": "Feature", "properties": { "OBJECTID": 92920, "id": "NEWORLEANS_2011_20222022H-03768-22", "x": -90.05963134765625, "y": 29.973667144775391, "robbery": 1 }, "geometry": { "type": "Point", "coordinates": [ -90.059631347999982, 29.973667145000036 ] } },
{ "type": "Feature", "properties": { "OBJECTID": 92921, "id": "NEWORLEANS_2011_20222022H-03935-22", "x": -90.094284057617188, "y": 29.952817916870117, "robbery": 1 }, "geometry": { "type": "Point", "coordinates": [ -90.094284057999971, 29.952817917000061 ] } },
{ "type": "Feature", "properties": { "OBJECTID": 92922, "id": "NEWORLEANS_2011_20222022H-04509-22", "x": -89.975669860839844, "y": 30.051385879516602, "robbery": 1 }, "geometry": { "type": "Point", "coordinates": [ -89.975669860999972, 30.051385880000055 ] } },
{ "type": "Feature", "properties": { "OBJECTID": 92923, "id": "NEWORLEANS_2011_20222022H-04937-22", "x": -90.105293273925781, "y": 29.968610763549805, "robbery": 1 }, "geometry": { "type": "Point", "coordinates": [ -90.105293273999962, 29.968610764000061 ] } },
{ "type": "Feature", "properties": { "OBJECTID": 92924, "id": "NEWORLEANS_2011_20222022H-06668-22", "x": -90.026992797851562, "y": 30.032619476318359, "robbery": 1 }, "geometry": { "type": "Point", "coordinates": [ -90.026992797999981, 30.032619476000036 ] } },
{ "type": "Feature", "properties": { "OBJECTID": 92925, "id": "NEWORLEANS_2011_20222022H-06799-22", "x": -90.069137573242188, "y": 29.954822540283203, "robbery": 1 }, "geometry": { "type": "Point", "coordinates": [ -90.069137572999978, 29.954822540000066 ] } },
{ "type": "Feature", "properties": { "OBJECTID": 92926, "id": "NEWORLEANS_2011_20222022H-06856-22", "x": -90.066665649414062, "y": 29.956842422485352, "robbery": 1 }, "geometry": { "type": "Point", "coordinates": [ -90.066665648999958, 29.956842422000079 ] } },
{ "type": "Feature", "properties": { "OBJECTID": 92927, "id": "NEWORLEANS_2011_20222022H-07703-22", "x": -90.100837707519531, "y": 29.940231323242188, "robbery": 1 }, "geometry": { "type": "Point", "coordinates": [ -90.100837707999972, 29.940231323000035 ] } },
{ "type": "Feature", "properties": { "OBJECTID": 92928, "id": "NEWORLEANS_2011_20222022H-07845-22", "x": -90.047317504882812, "y": 29.978761672973633, "robbery": 1 }, "geometry": { "type": "Point", "coordinates": [ -90.047317504999967, 29.978761673000065 ] } },
{ "type": "Feature", "properties": { "OBJECTID": 92929, "id": "NEWORLEANS_2011_20222022H-08910-22", "x": -90.1123046875, "y": 29.965291976928711, "robbery": 1 }, "geometry": { "type": "Point", "coordinates": [ -90.112304687999938, 29.965291977000049 ] } },
{ "type": "Feature", "properties": { "OBJECTID": 92930, "id": "NEWORLEANS_2011_20222022H-09061-22", "x": -90.045188903808594, "y": 29.993236541748047, "robbery": 1 }, "geometry": { "type": "Point", "coordinates": [ -90.045188903999986, 29.993236542000034 ] } },
{ "type": "Feature", "properties": { "OBJECTID": 92931, "id": "NEWORLEANS_2011_20222022H-09923-22", "x": -90.050201416015625, "y": 29.969833374023438, "robbery": 1 }, "geometry": { "type": "Point", "coordinates": [ -90.050201415999936, 29.969833374000075 ] } },
{ "type": "Feature", "properties": { "OBJECTID": 92932, "id": "NEWORLEANS_2011_20222022H-10266-22", "x": -89.999946594238281, "y": 30.025537490844727, "robbery": 1 }, "geometry": { "type": "Point", "coordinates": [ -89.999946593999937, 30.02553749100008 ] } },
{ "type": "Feature", "properties": { "OBJECTID": 92933, "id": "NEWORLEANS_2011_20222022H-10951-22", "x": -89.944236755371094, "y": 30.070894241333008, "robbery": 1 }, "geometry": { "type": "Point", "coordinates": [ -89.944236754999963, 30.070894241000076 ] } },
{ "type": "Feature", "properties": { "OBJECTID": 92934, "id": "NEWORLEANS_2011_20222022H-11186-22", "x": -90.0660400390625, "y": 29.958290100097656, "robbery": 1 }, "geometry": { "type": "Point", "coordinates": [ -90.066040038999972, 29.958290100000056 ] } },
{ "type": "Feature", "properties": { "OBJECTID": 92935, "id": "NEWORLEANS_2011_20222022H-11439-22", "x": -89.945037841796875, "y": 30.071479797363281, "robbery": 1 }, "geometry": { "type": "Point", "coordinates": [ -89.945037841999977, 30.071479797000052 ] } },
{ "type": "Feature", "properties": { "OBJECTID": 92936, "id": "NEWORLEANS_2011_20222022H-11951-22", "x": -90.087142944335938, "y": 29.931648254394531, "robbery": 1 }, "geometry": { "type": "Point", "coordinates": [ -90.087142943999936, 29.931648254000038 ] } },
{ "type": "Feature", "properties": { "OBJECTID": 92937, "id": "NEWORLEANS_2011_20222022H-12204-22", "x": -90.080802917480469, "y": 29.970197677612305, "robbery": 1 }, "geometry": { "type": "Point", "coordinates": [ -90.080802916999971, 29.970197678000034 ] } },
{ "type": "Feature", "properties": { "OBJECTID": 92938, "id": "NEWORLEANS_2011_20222022H-12570-22", "x": -90.069206237792969, "y": 29.971912384033203, "robbery": 1 }, "geometry": { "type": "Point", "coordinates": [ -90.069206237999936, 29.971912384000063 ] } },
{ "type": "Feature", "properties": { "OBJECTID": 92939, "id": "NEWORLEANS_2011_20222022H-12792-22", "x": -89.809890747070312, "y": 30.064458847045898, "robbery": 1 }, "geometry": { "type": "Point", "coordinates": [ -89.80989074699994, 30.064458847000026 ] } },
{ "type": "Feature", "properties": { "OBJECTID": 92940, "id": "NEWORLEANS_2011_20222022H-12801-22", "x": -90.060256958007812, "y": 29.967208862304688, "robbery": 1 }, "geometry": { "type": "Point", "coordinates": [ -90.060256957999968, 29.967208862000064 ] } },
{ "type": "Feature", "properties": { "OBJECTID": 92941, "id": "NEWORLEANS_2011_20222022H-13308-22", "x": -89.994636535644531, "y": 30.032142639160156, "robbery": 1 }, "geometry": { "type": "Point", "coordinates": [ -89.994636535999973, 30.032142639000028 ] } },
{ "type": "Feature", "properties": { "OBJECTID": 92942, "id": "NEWORLEANS_2011_20222022H-14397-22", "x": -90.056015014648438, "y": 29.974704742431641, "robbery": 1 }, "geometry": { "type": "Point", "coordinates": [ -90.056015014999957, 29.974704742000029 ] } },
{ "type": "Feature", "properties": { "OBJECTID": 92943, "id": "NEWORLEANS_2011_20222022H-14630-22", "x": -90.060394287109375, "y": 29.959005355834961, "robbery": 1 }, "geometry": { "type": "Point", "coordinates": [ -90.060394286999951, 29.959005356000034 ] } },
{ "type": "Feature", "properties": { "OBJECTID": 92944, "id": "NEWORLEANS_2011_20222022H-14658-22", "x": -90.0308837890625, "y": 29.971080780029297, "robbery": 1 }, "geometry": { "type": "Point", "coordinates": [ -90.030883788999972, 29.971080780000079 ] } },
{ "type": "Feature", "properties": { "OBJECTID": 92945, "id": "NEWORLEANS_2011_20222022H-16339-22", "x": -90.071884155273438, "y": 29.95494270324707, "robbery": 1 }, "geometry": { "type": "Point", "coordinates": [ -90.071884154999964, 29.954942703000029 ] } },
{ "type": "Feature", "properties": { "OBJECTID": 92946, "id": "NEWORLEANS_2011_20222022H-16741-22", "x": -90.050811767578125, "y": 29.966768264770508, "robbery": 1 }, "geometry": { "type": "Point", "coordinates": [ -90.05081176799996, 29.966768265000042 ] } },
{ "type": "Feature", "properties": { "OBJECTID": 92947, "id": "NEWORLEANS_2011_20222022H-18966-22", "x": -90.069198608398438, "y": 29.956363677978516, "robbery": 1 }, "geometry": { "type": "Point", "coordinates": [ -90.069198607999965, 29.956363678000059 ] } },
{ "type": "Feature", "properties": { "OBJECTID": 92948, "id": "NEWORLEANS_2011_20222022H-19074-22", "x": -90.06781005859375, "y": 29.952106475830078, "robbery": 1 }, "geometry": { "type": "Point", "coordinates": [ -90.067810058999953, 29.95210647600004 ] } },
{ "type": "Feature", "properties": { "OBJECTID": 92949, "id": "NEWORLEANS_2011_20222022H-19237-22", "x": -90.018508911132812, "y": 29.924530029296875, "robbery": 1 }, "geometry": { "type": "Point", "coordinates": [ -90.018508910999969, 29.924530029000039 ] } },
{ "type": "Feature", "properties": { "OBJECTID": 92950, "id": "NEWORLEANS_2011_20222022H-19246-22", "x": -90.067131042480469, "y": 29.956878662109375, "robbery": 1 }, "geometry": { "type": "Point", "coordinates": [ -90.067131041999971, 29.956878662000065 ] } },
{ "type": "Feature", "properties": { "OBJECTID": 92951, "id": "NEWORLEANS_2011_20222022H-19783-22", "x": -90.021224975585938, "y": 29.962310791015625, "robbery": 1 }, "geometry": { "type": "Point", "coordinates": [ -90.021224975999985, 29.96231079100005 ] } },
{ "type": "Feature", "properties": { "OBJECTID": 92952, "id": "NEWORLEANS_2011_20222022H-19864-22", "x": -90.078704833984375, "y": 30.026033401489258, "robbery": 1 }, "geometry": { "type": "Point", "coordinates": [ -90.07870483399995, 30.026033401000063 ] } },
{ "type": "Feature", "properties": { "OBJECTID": 92953, "id": "NEWORLEANS_2011_20222022H-19900-22", "x": -90.068656921386719, "y": 29.951694488525391, "robbery": 1 }, "geometry": { "type": "Point", "coordinates": [ -90.068656920999956, 29.951694489000033 ] } },
{ "type": "Feature", "properties": { "OBJECTID": 92954, "id": "NEWORLEANS_2011_20222022H-20705-22", "x": -90.06732177734375, "y": 29.966464996337891, "robbery": 1 }, "geometry": { "type": "Point", "coordinates": [ -90.067321776999961, 29.96646499600007 ] } },
{ "type": "Feature", "properties": { "OBJECTID": 92955, "id": "NEWORLEANS_2011_20222022H-21560-22", "x": -90.054893493652344, "y": 29.952140808105469, "robbery": 1 }, "geometry": { "type": "Point", "coordinates": [ -90.054893493999941, 29.952140808000024 ] } },
{ "type": "Feature", "properties": { "OBJECTID": 92956, "id": "NEWORLEANS_2011_20222022H-22056-22", "x": -90.0257568359375, "y": 29.937112808227539, "robbery": 1 }, "geometry": { "type": "Point", "coordinates": [ -90.025756835999971, 29.937112808000052 ] } },
{ "type": "Feature", "properties": { "OBJECTID": 92957, "id": "NEWORLEANS_2011_20222022H-23451-22", "x": -90.076850891113281, "y": 29.92988395690918, "robbery": 1 }, "geometry": { "type": "Point", "coordinates": [ -90.076850890999935, 29.929883957000072 ] } },
{ "type": "Feature", "properties": { "OBJECTID": 92958, "id": "NEWORLEANS_2011_20222022H-23776-22", "x": -90.039283752441406, "y": 29.938182830810547, "robbery": 1 }, "geometry": { "type": "Point", "coordinates": [ -90.03928375199996, 29.938182831000063 ] } },
{ "type": "Feature", "properties": { "OBJECTID": 92959, "id": "NEWORLEANS_2011_20222022H-23803-22", "x": -90.081062316894531, "y": 30.023216247558594, "robbery": 1 }, "geometry": { "type": "Point", "coordinates": [ -90.081062316999976, 30.02321624800004 ] } },
{ "type": "Feature", "properties": { "OBJECTID": 92960, "id": "NEWORLEANS_2011_20222022H-23903-22", "x": -90.107368469238281, "y": 29.934982299804688, "robbery": 1 }, "geometry": { "type": "Point", "coordinates": [ -90.107368468999937, 29.934982300000058 ] } },
{ "type": "Feature", "properties": { "OBJECTID": 92961, "id": "NEWORLEANS_2011_20222022H-25101-22", "x": -90.0338134765625, "y": 29.961820602416992, "robbery": 1 }, "geometry": { "type": "Point", "coordinates": [ -90.033813476999967, 29.961820602000046 ] } },
{ "type": "Feature", "properties": { "OBJECTID": 92962, "id": "NEWORLEANS_2011_20222022H-25916-22", "x": -90.132919311523438, "y": 29.95245361328125, "robbery": 1 }, "geometry": { "type": "Point", "coordinates": [ -90.132919311999956, 29.952453613000046 ] } },
{ "type": "Feature", "properties": { "OBJECTID": 92963, "id": "NEWORLEANS_2011_20222022H-26097-22", "x": -89.994132995605469, "y": 30.008468627929688, "robbery": 1 }, "geometry": { "type": "Point", "coordinates": [ -89.994132995999962, 30.00846862800006 ] } },
{ "type": "Feature", "properties": { "OBJECTID": 92964, "id": "NEWORLEANS_2011_20222022H-26354-22", "x": -90.067070007324219, "y": 29.957040786743164, "robbery": 1 }, "geometry": { "type": "Point", "coordinates": [ -90.067070006999984, 29.957040787000039 ] } },
{ "type": "Feature", "properties": { "OBJECTID": 92965, "id": "NEWORLEANS_2011_20222022H-26593-22", "x": -90.04803466796875, "y": 29.968391418457031, "robbery": 1 }, "geometry": { "type": "Point", "coordinates": [ -90.048034667999957, 29.968391418000067 ] } },
{ "type": "Feature", "properties": { "OBJECTID": 92966, "id": "NEWORLEANS_2011_20222022H-26704-22", "x": -89.995651245117188, "y": 30.033300399780273, "robbery": 1 }, "geometry": { "type": "Point", "coordinates": [ -89.995651244999976, 30.03330040000003 ] } },
{ "type": "Feature", "properties": { "OBJECTID": 92967, "id": "NEWORLEANS_2011_20222022H-27175-22", "x": -90.067230224609375, "y": 29.963663101196289, "robbery": 1 }, "geometry": { "type": "Point", "coordinates": [ -90.067230224999946, 29.963663101000066 ] } },
{ "type": "Feature", "properties": { "OBJECTID": 92968, "id": "NEWORLEANS_2011_20222022H-27243-22", "x": -90.070671081542969, "y": 29.969596862792969, "robbery": 1 }, "geometry": { "type": "Point", "coordinates": [ -90.070671082, 29.969596863000049 ] } },
{ "type": "Feature", "properties": { "OBJECTID": 92969, "id": "NEWORLEANS_2011_20222022H-28249-22", "x": -89.958877563476562, "y": 30.048227310180664, "robbery": 1 }, "geometry": { "type": "Point", "coordinates": [ -89.958877562999987, 30.048227310000073 ] } },
{ "type": "Feature", "properties": { "OBJECTID": 92970, "id": "NEWORLEANS_2011_20222022H-29079-22", "x": -90.077476501464844, "y": 29.930618286132812, "robbery": 1 }, "geometry": { "type": "Point", "coordinates": [ -90.077476500999978, 29.930618286000026 ] } },
{ "type": "Feature", "properties": { "OBJECTID": 92971, "id": "NEWORLEANS_2011_20222022H-29819-22", "x": -89.911445617675781, "y": 30.036602020263672, "robbery": 1 }, "geometry": { "type": "Point", "coordinates": [ -89.911445617999959, 30.036602020000032 ] } },
{ "type": "Feature", "properties": { "OBJECTID": 92972, "id": "NEWORLEANS_2011_20222022H-29992-22", "x": -90.065284729003906, "y": 29.947813034057617, "robbery": 1 }, "geometry": { "type": "Point", "coordinates": [ -90.065284728999984, 29.947813034000035 ] } },
{ "type": "Feature", "properties": { "OBJECTID": 92973, "id": "NEWORLEANS_2011_20222022H-30212-22", "x": -90.070365905761719, "y": 29.952537536621094, "robbery": 1 }, "geometry": { "type": "Point", "coordinates": [ -90.07036590599995, 29.952537537000069 ] } },
{ "type": "Feature", "properties": { "OBJECTID": 92974, "id": "NEWORLEANS_2011_20222022H-30224-22", "x": -90.094963073730469, "y": 29.96075439453125, "robbery": 1 }, "geometry": { "type": "Point", "coordinates": [ -90.094963073999963, 29.960754395000038 ] } },
{ "type": "Feature", "properties": { "OBJECTID": 92975, "id": "NEWORLEANS_2011_20222022H-31097-22", "x": -90.105911254882812, "y": 29.944795608520508, "robbery": 1 }, "geometry": { "type": "Point", "coordinates": [ -90.105911254999967, 29.944795609000039 ] } },
{ "type": "Feature", "properties": { "OBJECTID": 92976, "id": "NEWORLEANS_2011_20222022H-31174-22", "x": -90.105796813964844, "y": 29.969444274902344, "robbery": 1 }, "geometry": { "type": "Point", "coordinates": [ -90.105796813999973, 29.969444275000058 ] } },
{ "type": "Feature", "properties": { "OBJECTID": 92977, "id": "NEWORLEANS_2011_20222022I-01132-22", "x": -90.086456298828125, "y": 29.947246551513672, "robbery": 1 }, "geometry": { "type": "Point", "coordinates": [ -90.086456298999963, 29.947246552000024 ] } },
{ "type": "Feature", "properties": { "OBJECTID": 92978, "id": "NEWORLEANS_2011_20222022I-01317-22", "x": -90.067428588867188, "y": 29.930158615112305, "robbery": 1 }, "geometry": { "type": "Point", "coordinates": [ -90.067428588999974, 29.930158615000039 ] } },
{ "type": "Feature", "properties": { "OBJECTID": 92979, "id": "NEWORLEANS_2011_20222022I-01524-22", "x": -90.019691467285156, "y": 30.031337738037109, "robbery": 1 }, "geometry": { "type": "Point", "coordinates": [ -90.019691466999973, 30.031337738000047 ] } },
{ "type": "Feature", "properties": { "OBJECTID": 92980, "id": "NEWORLEANS_2011_20222022I-01557-22", "x": -89.99664306640625, "y": 30.031204223632812, "robbery": 1 }, "geometry": { "type": "Point", "coordinates": [ -89.996643066, 30.031204224000078 ] } },
{ "type": "Feature", "properties": { "OBJECTID": 92981, "id": "NEWORLEANS_2011_20222022I-01816-22", "x": -90.066368103027344, "y": 29.957828521728516, "robbery": 1 }, "geometry": { "type": "Point", "coordinates": [ -90.066368102999945, 29.957828522000057 ] } },
{ "type": "Feature", "properties": { "OBJECTID": 92982, "id": "NEWORLEANS_2011_20222022I-02329-22", "x": -90.069694519042969, "y": 29.957534790039062, "robbery": 1 }, "geometry": { "type": "Point", "coordinates": [ -90.069694518999938, 29.957534790000068 ] } },
{ "type": "Feature", "properties": { "OBJECTID": 92983, "id": "NEWORLEANS_2011_20222022I-02499-22", "x": -89.959175109863281, "y": 30.048084259033203, "robbery": 1 }, "geometry": { "type": "Point", "coordinates": [ -89.95917511, 30.048084259000063 ] } },
{ "type": "Feature", "properties": { "OBJECTID": 92984, "id": "NEWORLEANS_2011_20222022I-02637-22", "x": -89.993949890136719, "y": 30.013082504272461, "robbery": 1 }, "geometry": { "type": "Point", "coordinates": [ -89.993949889999953, 30.013082504000067 ] } },
{ "type": "Feature", "properties": { "OBJECTID": 92985, "id": "NEWORLEANS_2011_20222022I-02769-22", "x": -89.98431396484375, "y": 30.028867721557617, "robbery": 1 }, "geometry": { "type": "Point", "coordinates": [ -89.984313964999956, 30.02886772200003 ] } },
{ "type": "Feature", "properties": { "OBJECTID": 92986, "id": "NEWORLEANS_2011_20222022I-03836-22", "x": -90.083702087402344, "y": 29.947942733764648, "robbery": 1 }, "geometry": { "type": "Point", "coordinates": [ -90.083702086999949, 29.947942734000037 ] } },
{ "type": "Feature", "properties": { "OBJECTID": 92987, "id": "NEWORLEANS_2011_20222022I-03874-22", "x": -90.049217224121094, "y": 29.968471527099609, "robbery": 1 }, "geometry": { "type": "Point", "coordinates": [ -90.04921722399996, 29.968471527000077 ] } },
{ "type": "Feature", "properties": { "OBJECTID": 92988, "id": "NEWORLEANS_2011_20222022I-03893-22", "x": -90.064895629882812, "y": 29.964271545410156, "robbery": 1 }, "geometry": { "type": "Point", "coordinates": [ -90.064895629999967, 29.964271545000031 ] } },
{ "type": "Feature", "properties": { "OBJECTID": 92989, "id": "NEWORLEANS_2011_20222022I-03905-22", "x": -89.9786376953125, "y": 30.044994354248047, "robbery": 1 }, "geometry": { "type": "Point", "coordinates": [ -89.978637694999975, 30.044994354000039 ] } },
{ "type": "Feature", "properties": { "OBJECTID": 92990, "id": "NEWORLEANS_2011_20222022I-04076-22", "x": -90.061775207519531, "y": 30.023054122924805, "robbery": 1 }, "geometry": { "type": "Point", "coordinates": [ -90.061775207999972, 30.023054123000065 ] } },
{ "type": "Feature", "properties": { "OBJECTID": 92991, "id": "NEWORLEANS_2011_20222022I-04762-22", "x": -90.075355529785156, "y": 29.953889846801758, "robbery": 1 }, "geometry": { "type": "Point", "coordinates": [ -90.075355529999968, 29.953889847000028 ] } },
{ "type": "Feature", "properties": { "OBJECTID": 92992, "id": "NEWORLEANS_2011_20222022I-04783-22", "x": -90.123947143554688, "y": 29.923063278198242, "robbery": 1 }, "geometry": { "type": "Point", "coordinates": [ -90.123947143999942, 29.923063278000029 ] } },
{ "type": "Feature", "properties": { "OBJECTID": 92993, "id": "NEWORLEANS_2011_20222022I-04789-22", "x": -90.048110961914062, "y": 29.969257354736328, "robbery": 1 }, "geometry": { "type": "Point", "coordinates": [ -90.048110961999953, 29.969257355000025 ] } },
{ "type": "Feature", "properties": { "OBJECTID": 92994, "id": "NEWORLEANS_2011_20222022I-04806-22", "x": -90.11138916015625, "y": 29.96455192565918, "robbery": 1 }, "geometry": { "type": "Point", "coordinates": [ -90.111389159999987, 29.96455192600007 ] } },
{ "type": "Feature", "properties": { "OBJECTID": 92995, "id": "NEWORLEANS_2011_20222022I-04827-22", "x": -90.065032958984375, "y": 29.964118957519531, "robbery": 1 }, "geometry": { "type": "Point", "coordinates": [ -90.06503295899995, 29.964118958000029 ] } },
{ "type": "Feature", "properties": { "OBJECTID": 92996, "id": "NEWORLEANS_2011_20222022I-04896-22", "x": -90.026695251464844, "y": 30.030048370361328, "robbery": 1 }, "geometry": { "type": "Point", "coordinates": [ -90.026695250999978, 30.030048370000031 ] } },
{ "type": "Feature", "properties": { "OBJECTID": 92997, "id": "NEWORLEANS_2011_20222022I-05776-22", "x": -89.939582824707031, "y": 30.027027130126953, "robbery": 1 }, "geometry": { "type": "Point", "coordinates": [ -89.939582824999945, 30.027027130000079 ] } },
{ "type": "Feature", "properties": { "OBJECTID": 92998, "id": "NEWORLEANS_2011_20222022I-06980-22", "x": -90.050140380859375, "y": 29.965923309326172, "robbery": 1 }, "geometry": { "type": "Point", "coordinates": [ -90.050140380999949, 29.965923309000061 ] } },
{ "type": "Feature", "properties": { "OBJECTID": 92999, "id": "NEWORLEANS_2011_20222022I-07058-22", "x": -89.990959167480469, "y": 29.90545654296875, "robbery": 1 }, "geometry": { "type": "Point", "coordinates": [ -89.990959166999971, 29.905456543000071 ] } },
{ "type": "Feature", "properties": { "OBJECTID": 93000, "id": "NEWORLEANS_2011_20222022I-07151-22", "x": -90.067581176757812, "y": 29.957456588745117, "robbery": 1 }, "geometry": { "type": "Point", "coordinates": [ -90.067581176999965, 29.95745658900006 ] } },
{ "type": "Feature", "properties": { "OBJECTID": 93001, "id": "NEWORLEANS_2011_20222022I-07700-22", "x": -90.065559387207031, "y": 29.952291488647461, "robbery": 1 }, "geometry": { "type": "Point", "coordinates": [ -90.065559386999951, 29.952291489000061 ] } },
{ "type": "Feature", "properties": { "OBJECTID": 93002, "id": "NEWORLEANS_2011_20222022I-08095-22", "x": -90.033088684082031, "y": 30.005184173583984, "robbery": 1 }, "geometry": { "type": "Point", "coordinates": [ -90.033088683999949, 30.005184174000078 ] } },
{ "type": "Feature", "properties": { "OBJECTID": 93003, "id": "NEWORLEANS_2011_20222022I-08647-22", "x": -90.020065307617188, "y": 29.930477142333984, "robbery": 1 }, "geometry": { "type": "Point", "coordinates": [ -90.020065307999971, 29.930477142000029 ] } },
{ "type": "Feature", "properties": { "OBJECTID": 93004, "id": "NEWORLEANS_2011_20222022I-09009-22", "x": -90.041061401367188, "y": 29.984645843505859, "robbery": 1 }, "geometry": { "type": "Point", "coordinates": [ -90.041061400999979, 29.984645844000056 ] } },
{ "type": "Feature", "properties": { "OBJECTID": 93005, "id": "NEWORLEANS_2011_20222022I-09388-22", "x": -90.106056213378906, "y": 29.956073760986328, "robbery": 1 }, "geometry": { "type": "Point", "coordinates": [ -90.106056212999988, 29.956073761000027 ] } },
{ "type": "Feature", "properties": { "OBJECTID": 93006, "id": "NEWORLEANS_2011_20222022I-09546-22", "x": -90.066169738769531, "y": 29.956432342529297, "robbery": 1 }, "geometry": { "type": "Point", "coordinates": [ -90.066169738999974, 29.956432343000074 ] } },
{ "type": "Feature", "properties": { "OBJECTID": 93007, "id": "NEWORLEANS_2011_20222022I-10697-22", "x": -90.086769104003906, "y": 29.975734710693359, "robbery": 1 }, "geometry": { "type": "Point", "coordinates": [ -90.086769103999984, 29.97573471100003 ] } },
{ "type": "Feature", "properties": { "OBJECTID": 93008, "id": "NEWORLEANS_2011_20222022I-10944-22", "x": -90.068077087402344, "y": 29.95904541015625, "robbery": 1 }, "geometry": { "type": "Point", "coordinates": [ -90.068077086999949, 29.959045410000044 ] } },
{ "type": "Feature", "properties": { "OBJECTID": 93009, "id": "NEWORLEANS_2011_20222022I-10963-22", "x": -90.069114685058594, "y": 29.936227798461914, "robbery": 1 }, "geometry": { "type": "Point", "coordinates": [ -90.069114684999988, 29.936227798000061 ] } },
{ "type": "Feature", "properties": { "OBJECTID": 93010, "id": "NEWORLEANS_2011_20222022I-11488-22", "x": -90.039878845214844, "y": 29.945165634155273, "robbery": 1 }, "geometry": { "type": "Point", "coordinates": [ -90.039878844999976, 29.945165634000034 ] } },
{ "type": "Feature", "properties": { "OBJECTID": 93011, "id": "NEWORLEANS_2011_20222022I-12160-22", "x": -90.066757202148438, "y": 29.938020706176758, "robbery": 1 }, "geometry": { "type": "Point", "coordinates": [ -90.066757201999962, 29.938020706000032 ] } },
{ "type": "Feature", "properties": { "OBJECTID": 93012, "id": "NEWORLEANS_2011_20222022I-12660-22", "x": -90.054801940917969, "y": 29.973762512207031, "robbery": 1 }, "geometry": { "type": "Point", "coordinates": [ -90.054801940999937, 29.973762512000064 ] } },
{ "type": "Feature", "properties": { "OBJECTID": 93013, "id": "NEWORLEANS_2011_20222022I-13039-22", "x": -90.089202880859375, "y": 29.945934295654297, "robbery": 1 }, "geometry": { "type": "Point", "coordinates": [ -90.089202880999949, 29.945934296000075 ] } },
{ "type": "Feature", "properties": { "OBJECTID": 93014, "id": "NEWORLEANS_2011_20222022I-13987-22", "x": -90.065475463867188, "y": 29.952325820922852, "robbery": 1 }, "geometry": { "type": "Point", "coordinates": [ -90.065475463999974, 29.952325821000045 ] } },
{ "type": "Feature", "properties": { "OBJECTID": 93015, "id": "NEWORLEANS_2011_20222022I-14986-22", "x": -90.069404602050781, "y": 29.95594596862793, "robbery": 1 }, "geometry": { "type": "Point", "coordinates": [ -90.069404601999963, 29.955945969000027 ] } },
{ "type": "Feature", "properties": { "OBJECTID": 93016, "id": "NEWORLEANS_2011_20222022I-15311-22", "x": -89.93463134765625, "y": 30.028829574584961, "robbery": 1 }, "geometry": { "type": "Point", "coordinates": [ -89.934631347999982, 30.028829575000032 ] } },
{ "type": "Feature", "properties": { "OBJECTID": 93017, "id": "NEWORLEANS_2011_20222022I-15710-22", "x": -90.066497802734375, "y": 29.957775115966797, "robbery": 1 }, "geometry": { "type": "Point", "coordinates": [ -90.066497802999947, 29.95777511600005 ] } },
{ "type": "Feature", "properties": { "OBJECTID": 93018, "id": "NEWORLEANS_2011_20222022I-15973-22", "x": -90.070281982421875, "y": 29.955551147460938, "robbery": 1 }, "geometry": { "type": "Point", "coordinates": [ -90.070281981999983, 29.955551147000051 ] } },
{ "type": "Feature", "properties": { "OBJECTID": 93019, "id": "NEWORLEANS_2011_20222022I-16975-22", "x": -90.071548461914062, "y": 29.955144882202148, "robbery": 1 }, "geometry": { "type": "Point", "coordinates": [ -90.071548461999953, 29.95514488200007 ] } },
{ "type": "Feature", "properties": { "OBJECTID": 93020, "id": "NEWORLEANS_2011_20222022I-16987-22", "x": -90.093521118164062, "y": 29.932949066162109, "robbery": 1 }, "geometry": { "type": "Point", "coordinates": [ -90.093521117999956, 29.932949066000049 ] } },
{ "type": "Feature", "properties": { "OBJECTID": 93021, "id": "NEWORLEANS_2011_20222022I-17218-22", "x": -90.065559387207031, "y": 29.952291488647461, "robbery": 1 }, "geometry": { "type": "Point", "coordinates": [ -90.065559386999951, 29.952291489000061 ] } },
{ "type": "Feature", "properties": { "OBJECTID": 93022, "id": "NEWORLEANS_2011_20222022I-17524-22", "x": -90.036369323730469, "y": 29.927131652832031, "robbery": 1 }, "geometry": { "type": "Point", "coordinates": [ -90.036369323999963, 29.92713165300006 ] } },
{ "type": "Feature", "properties": { "OBJECTID": 93023, "id": "NEWORLEANS_2011_20222022I-17748-22", "x": -90.074981689453125, "y": 29.97026252746582, "robbery": 1 }, "geometry": { "type": "Point", "coordinates": [ -90.074981688999969, 29.970262527000045 ] } },
{ "type": "Feature", "properties": { "OBJECTID": 93024, "id": "NEWORLEANS_2011_20222022I-17761-22", "x": -89.962638854980469, "y": 30.048294067382812, "robbery": 1 }, "geometry": { "type": "Point", "coordinates": [ -89.962638854999966, 30.048294067000029 ] } },
{ "type": "Feature", "properties": { "OBJECTID": 93025, "id": "NEWORLEANS_2011_20222022I-18026-22", "x": -89.934165954589844, "y": 30.028694152832031, "robbery": 1 }, "geometry": { "type": "Point", "coordinates": [ -89.934165954999969, 30.02869415300006 ] } },
{ "type": "Feature", "properties": { "OBJECTID": 93026, "id": "NEWORLEANS_2011_20222022I-18211-22", "x": -90.074531555175781, "y": 29.978675842285156, "robbery": 1 }, "geometry": { "type": "Point", "coordinates": [ -90.074531554999965, 29.97867584200003 ] } },
{ "type": "Feature", "properties": { "OBJECTID": 93027, "id": "NEWORLEANS_2011_20222022I-18771-22", "x": -90.067718505859375, "y": 29.929164886474609, "robbery": 1 }, "geometry": { "type": "Point", "coordinates": [ -90.067718505999949, 29.929164886000024 ] } },
{ "type": "Feature", "properties": { "OBJECTID": 93028, "id": "NEWORLEANS_2011_20222022I-19970-22", "x": -90.032279968261719, "y": 29.932643890380859, "robbery": 1 }, "geometry": { "type": "Point", "coordinates": [ -90.032279967999955, 29.932643890000065 ] } },
{ "type": "Feature", "properties": { "OBJECTID": 93029, "id": "NEWORLEANS_2011_20222022I-20006-22", "x": -89.988914489746094, "y": 29.910091400146484, "robbery": 1 }, "geometry": { "type": "Point", "coordinates": [ -89.988914489999956, 29.910091400000056 ] } },
{ "type": "Feature", "properties": { "OBJECTID": 93030, "id": "NEWORLEANS_2011_20222022I-20051-22", "x": -90.075408935546875, "y": 29.95732307434082, "robbery": 1 }, "geometry": { "type": "Point", "coordinates": [ -90.075408935999974, 29.957323074000044 ] } },
{ "type": "Feature", "properties": { "OBJECTID": 93031, "id": "NEWORLEANS_2011_20222022I-20944-22", "x": -90.133796691894531, "y": 29.943700790405273, "robbery": 1 }, "geometry": { "type": "Point", "coordinates": [ -90.133796691999976, 29.943700790000037 ] } },
{ "type": "Feature", "properties": { "OBJECTID": 93032, "id": "NEWORLEANS_2011_20222022I-21187-22", "x": -90.063278198242188, "y": 29.975284576416016, "robbery": 1 }, "geometry": { "type": "Point", "coordinates": [ -90.063278197999978, 29.975284576000035 ] } },
{ "type": "Feature", "properties": { "OBJECTID": 93033, "id": "NEWORLEANS_2011_20222022I-21250-22", "x": -90.086456298828125, "y": 29.959068298339844, "robbery": 1 }, "geometry": { "type": "Point", "coordinates": [ -90.086456298999963, 29.959068298000034 ] } },
{ "type": "Feature", "properties": { "OBJECTID": 93034, "id": "NEWORLEANS_2011_20222022I-21265-22", "x": -90.054130554199219, "y": 29.978750228881836, "robbery": 1 }, "geometry": { "type": "Point", "coordinates": [ -90.054130553999983, 29.97875022900007 ] } },
{ "type": "Feature", "properties": { "OBJECTID": 93035, "id": "NEWORLEANS_2011_20222022I-22452-22", "x": -90.113685607910156, "y": 29.96684455871582, "robbery": 1 }, "geometry": { "type": "Point", "coordinates": [ -90.113685607999969, 29.966844559000037 ] } },
{ "type": "Feature", "properties": { "OBJECTID": 93036, "id": "NEWORLEANS_2011_20222022I-22662-22", "x": -90.071388244628906, "y": 29.956991195678711, "robbery": 1 }, "geometry": { "type": "Point", "coordinates": [ -90.07138824499998, 29.956991196000047 ] } },
{ "type": "Feature", "properties": { "OBJECTID": 93037, "id": "NEWORLEANS_2011_20222022I-22796-22", "x": -90.019500732421875, "y": 30.027376174926758, "robbery": 1 }, "geometry": { "type": "Point", "coordinates": [ -90.019500731999983, 30.027376175000029 ] } },
{ "type": "Feature", "properties": { "OBJECTID": 93038, "id": "NEWORLEANS_2011_20222022I-22812-22", "x": -90.014533996582031, "y": 29.953451156616211, "robbery": 1 }, "geometry": { "type": "Point", "coordinates": [ -90.014533996999944, 29.953451157000075 ] } },
{ "type": "Feature", "properties": { "OBJECTID": 93039, "id": "NEWORLEANS_2011_20222022I-22928-22", "x": -90.12335205078125, "y": 29.922760009765625, "robbery": 1 }, "geometry": { "type": "Point", "coordinates": [ -90.123352050999983, 29.922760010000047 ] } },
{ "type": "Feature", "properties": { "OBJECTID": 93040, "id": "NEWORLEANS_2011_20222022I-22931-22", "x": -90.114784240722656, "y": 29.921356201171875, "robbery": 1 }, "geometry": { "type": "Point", "coordinates": [ -90.114784240999938, 29.921356201000037 ] } },
{ "type": "Feature", "properties": { "OBJECTID": 93041, "id": "NEWORLEANS_2011_20222022I-22994-22", "x": -90.018096923828125, "y": 29.924509048461914, "robbery": 1 }, "geometry": { "type": "Point", "coordinates": [ -90.018096923999963, 29.924509048000061 ] } },
{ "type": "Feature", "properties": { "OBJECTID": 93042, "id": "NEWORLEANS_2011_20222022I-22999-22", "x": -90.07012939453125, "y": 29.975702285766602, "robbery": 1 }, "geometry": { "type": "Point", "coordinates": [ -90.070129394999981, 29.975702286000057 ] } },
{ "type": "Feature", "properties": { "OBJECTID": 93043, "id": "NEWORLEANS_2011_20222022I-23045-22", "x": -90.111274719238281, "y": 29.935226440429688, "robbery": 1 }, "geometry": { "type": "Point", "coordinates": [ -90.111274718999937, 29.935226440000065 ] } },
{ "type": "Feature", "properties": { "OBJECTID": 93044, "id": "NEWORLEANS_2011_20222022I-23166-22", "x": -90.063133239746094, "y": 29.959924697875977, "robbery": 1 }, "geometry": { "type": "Point", "coordinates": [ -90.063133239999956, 29.959924698000066 ] } },
{ "type": "Feature", "properties": { "OBJECTID": 93045, "id": "NEWORLEANS_2011_20222022I-23835-22", "x": -90.087249755859375, "y": 29.931430816650391, "robbery": 1 }, "geometry": { "type": "Point", "coordinates": [ -90.087249755999949, 29.931430817000034 ] } },
{ "type": "Feature", "properties": { "OBJECTID": 93046, "id": "NEWORLEANS_2011_20222022I-24586-22", "x": -90.059249877929688, "y": 29.959722518920898, "robbery": 1 }, "geometry": { "type": "Point", "coordinates": [ -90.059249877999946, 29.959722519000024 ] } },
{ "type": "Feature", "properties": { "OBJECTID": 93047, "id": "NEWORLEANS_2011_20222022I-24648-22", "x": -90.133956909179688, "y": 29.943552017211914, "robbery": 1 }, "geometry": { "type": "Point", "coordinates": [ -90.133956908999949, 29.943552017000059 ] } },
{ "type": "Feature", "properties": { "OBJECTID": 93048, "id": "NEWORLEANS_2011_20222022I-25195-22", "x": -90.059883117675781, "y": 29.961751937866211, "robbery": 1 }, "geometry": { "type": "Point", "coordinates": [ -90.059883117999959, 29.961751938000077 ] } },
{ "type": "Feature", "properties": { "OBJECTID": 93049, "id": "NEWORLEANS_2011_20222022I-25216-22", "x": -90.079750061035156, "y": 29.936380386352539, "robbery": 1 }, "geometry": { "type": "Point", "coordinates": [ -90.07975006099997, 29.936380386000053 ] } },
{ "type": "Feature", "properties": { "OBJECTID": 93050, "id": "NEWORLEANS_2011_20222022I-25956-22", "x": -90.128044128417969, "y": 29.937322616577148, "robbery": 1 }, "geometry": { "type": "Point", "coordinates": [ -90.128044127999942, 29.937322617000063 ] } },
{ "type": "Feature", "properties": { "OBJECTID": 93051, "id": "NEWORLEANS_2011_20222022I-26465-22", "x": -90.008720397949219, "y": 30.011381149291992, "robbery": 1 }, "geometry": { "type": "Point", "coordinates": [ -90.00872039799998, 30.011381149000044 ] } },
{ "type": "Feature", "properties": { "OBJECTID": 93052, "id": "NEWORLEANS_2011_20222022I-27786-22", "x": -89.996719360351562, "y": 30.022966384887695, "robbery": 1 }, "geometry": { "type": "Point", "coordinates": [ -89.996719359999986, 30.022966385000075 ] } },
{ "type": "Feature", "properties": { "OBJECTID": 93053, "id": "NEWORLEANS_2011_20222022I-27899-22", "x": -89.994941711425781, "y": 30.032018661499023, "robbery": 1 }, "geometry": { "type": "Point", "coordinates": [ -89.994941710999967, 30.032018661000052 ] } },
{ "type": "Feature", "properties": { "OBJECTID": 93054, "id": "NEWORLEANS_2011_20222022I-28145-22", "x": -90.112655639648438, "y": 29.955123901367188, "robbery": 1 }, "geometry": { "type": "Point", "coordinates": [ -90.112655639999957, 29.955123901000036 ] } },
{ "type": "Feature", "properties": { "OBJECTID": 93055, "id": "NEWORLEANS_2011_20222022I-28297-22", "x": -90.070381164550781, "y": 29.949691772460938, "robbery": 1 }, "geometry": { "type": "Point", "coordinates": [ -90.070381164999958, 29.949691772000051 ] } },
{ "type": "Feature", "properties": { "OBJECTID": 93056, "id": "NEWORLEANS_2011_20222022I-28662-22", "x": -90.069168090820312, "y": 29.949989318847656, "robbery": 1 }, "geometry": { "type": "Point", "coordinates": [ -90.069168090999938, 29.949989319000053 ] } },
{ "type": "Feature", "properties": { "OBJECTID": 93057, "id": "NEWORLEANS_2011_20222022I-29303-22", "x": -90.06500244140625, "y": 29.99406623840332, "robbery": 1 }, "geometry": { "type": "Point", "coordinates": [ -90.065002441, 29.994066238000073 ] } },
{ "type": "Feature", "properties": { "OBJECTID": 93058, "id": "NEWORLEANS_2011_20222022I-29366-22", "x": -90.089973449707031, "y": 29.94365119934082, "robbery": 1 }, "geometry": { "type": "Point", "coordinates": [ -90.089973449999945, 29.943651199000044 ] } },
{ "type": "Feature", "properties": { "OBJECTID": 93059, "id": "NEWORLEANS_2011_20222022I-29483-22", "x": -89.984603881835938, "y": 30.02958869934082, "robbery": 1 }, "geometry": { "type": "Point", "coordinates": [ -89.984603881999988, 30.029588699000044 ] } },
{ "type": "Feature", "properties": { "OBJECTID": 93060, "id": "NEWORLEANS_2011_20222022J-01117-22", "x": -90.068656921386719, "y": 29.951694488525391, "robbery": 1 }, "geometry": { "type": "Point", "coordinates": [ -90.068656920999956, 29.951694489000033 ] } },
{ "type": "Feature", "properties": { "OBJECTID": 93061, "id": "NEWORLEANS_2011_20222022J-02466-22", "x": -90.07696533203125, "y": 29.982301712036133, "robbery": 1 }, "geometry": { "type": "Point", "coordinates": [ -90.076965331999986, 29.982301712000037 ] } },
{ "type": "Feature", "properties": { "OBJECTID": 93062, "id": "NEWORLEANS_2011_20222022J-02617-22", "x": -89.991035461425781, "y": 30.026773452758789, "robbery": 1 }, "geometry": { "type": "Point", "coordinates": [ -89.991035460999967, 30.026773453000033 ] } },
{ "type": "Feature", "properties": { "OBJECTID": 93063, "id": "NEWORLEANS_2011_20222022J-02789-22", "x": -90.126487731933594, "y": 29.966272354125977, "robbery": 1 }, "geometry": { "type": "Point", "coordinates": [ -90.126487731999987, 29.966272354000068 ] } },
{ "type": "Feature", "properties": { "OBJECTID": 93064, "id": "NEWORLEANS_2011_20222022J-02879-22", "x": -90.038345336914062, "y": 30.026884078979492, "robbery": 1 }, "geometry": { "type": "Point", "coordinates": [ -90.038345336999953, 30.02688407900007 ] } },
{ "type": "Feature", "properties": { "OBJECTID": 93065, "id": "NEWORLEANS_2011_20222022J-02908-22", "x": -89.992034912109375, "y": 30.027122497558594, "robbery": 1 }, "geometry": { "type": "Point", "coordinates": [ -89.992034911999951, 30.02712249800004 ] } },
{ "type": "Feature", "properties": { "OBJECTID": 93066, "id": "NEWORLEANS_2011_20222022J-02942-22", "x": -90.062080383300781, "y": 29.962623596191406, "robbery": 1 }, "geometry": { "type": "Point", "coordinates": [ -90.062080382999966, 29.962623596000071 ] } },
{ "type": "Feature", "properties": { "OBJECTID": 93067, "id": "NEWORLEANS_2011_20222022J-02966-22", "x": -90.091232299804688, "y": 29.960594177246094, "robbery": 1 }, "geometry": { "type": "Point", "coordinates": [ -90.091232299999945, 29.960594177000075 ] } },
{ "type": "Feature", "properties": { "OBJECTID": 93068, "id": "NEWORLEANS_2011_20222022J-03645-22", "x": -90.013923645019531, "y": 29.960714340209961, "robbery": 1 }, "geometry": { "type": "Point", "coordinates": [ -90.013923644999977, 29.960714340000038 ] } },
{ "type": "Feature", "properties": { "OBJECTID": 93069, "id": "NEWORLEANS_2011_20222022J-03759-22", "x": -90.133796691894531, "y": 29.943185806274414, "robbery": 1 }, "geometry": { "type": "Point", "coordinates": [ -90.133796691999976, 29.943185806000031 ] } },
{ "type": "Feature", "properties": { "OBJECTID": 93070, "id": "NEWORLEANS_2011_20222022J-03889-22", "x": -90.099342346191406, "y": 29.970682144165039, "robbery": 1 }, "geometry": { "type": "Point", "coordinates": [ -90.099342345999958, 29.970682144000079 ] } },
{ "type": "Feature", "properties": { "OBJECTID": 93071, "id": "NEWORLEANS_2011_20222022J-03906-22", "x": -90.044227600097656, "y": 29.967588424682617, "robbery": 1 }, "geometry": { "type": "Point", "coordinates": [ -90.044227599999942, 29.967588425000031 ] } },
{ "type": "Feature", "properties": { "OBJECTID": 93072, "id": "NEWORLEANS_2011_20222022J-03932-22", "x": -90.063995361328125, "y": 29.960580825805664, "robbery": 1 }, "geometry": { "type": "Point", "coordinates": [ -90.063995360999968, 29.960580826000069 ] } },
{ "type": "Feature", "properties": { "OBJECTID": 93073, "id": "NEWORLEANS_2011_20222022J-04014-22", "x": -90.037200927734375, "y": 30.0032958984375, "robbery": 1 }, "geometry": { "type": "Point", "coordinates": [ -90.037200927999947, 30.003295898000033 ] } },
{ "type": "Feature", "properties": { "OBJECTID": 93074, "id": "NEWORLEANS_2011_20222022J-04400-22", "x": -90.074859619140625, "y": 30.011672973632812, "robbery": 1 }, "geometry": { "type": "Point", "coordinates": [ -90.074859618999938, 30.011672974000078 ] } },
{ "type": "Feature", "properties": { "OBJECTID": 93075, "id": "NEWORLEANS_2011_20222022J-04537-22", "x": -89.9940185546875, "y": 30.022354125976562, "robbery": 1 }, "geometry": { "type": "Point", "coordinates": [ -89.994018554999968, 30.022354126000039 ] } },
{ "type": "Feature", "properties": { "OBJECTID": 93076, "id": "NEWORLEANS_2011_20222022J-05196-22", "x": -90.098945617675781, "y": 29.966672897338867, "robbery": 1 }, "geometry": { "type": "Point", "coordinates": [ -90.098945617999959, 29.966672897000024 ] } },
{ "type": "Feature", "properties": { "OBJECTID": 93077, "id": "NEWORLEANS_2011_20222022J-05768-22", "x": -90.019874572753906, "y": 29.975534439086914, "robbery": 1 }, "geometry": { "type": "Point", "coordinates": [ -90.019874572999981, 29.975534439000057 ] } },
{ "type": "Feature", "properties": { "OBJECTID": 93078, "id": "NEWORLEANS_2011_20222022J-06283-22", "x": -90.069389343261719, "y": 29.954801559448242, "robbery": 1 }, "geometry": { "type": "Point", "coordinates": [ -90.069389342999955, 29.954801559000032 ] } },
{ "type": "Feature", "properties": { "OBJECTID": 93079, "id": "NEWORLEANS_2011_20222022J-07008-22", "x": -90.105140686035156, "y": 29.95890998840332, "robbery": 1 }, "geometry": { "type": "Point", "coordinates": [ -90.10514068599997, 29.958909988000073 ] } },
{ "type": "Feature", "properties": { "OBJECTID": 93080, "id": "NEWORLEANS_2011_20222022J-07131-22", "x": -90.070686340332031, "y": 29.952901840209961, "robbery": 1 }, "geometry": { "type": "Point", "coordinates": [ -90.070686339999952, 29.952901840000038 ] } },
{ "type": "Feature", "properties": { "OBJECTID": 93081, "id": "NEWORLEANS_2011_20222022J-07427-22", "x": -90.068061828613281, "y": 29.956027984619141, "robbery": 1 }, "geometry": { "type": "Point", "coordinates": [ -90.068061828999987, 29.956027985000048 ] } },
{ "type": "Feature", "properties": { "OBJECTID": 93082, "id": "NEWORLEANS_2011_20222022J-07879-22", "x": -90.029258728027344, "y": 30.006053924560547, "robbery": 1 }, "geometry": { "type": "Point", "coordinates": [ -90.029258727999945, 30.00605392500006 ] } },
{ "type": "Feature", "properties": { "OBJECTID": 93083, "id": "NEWORLEANS_2011_20222022J-08147-22", "x": -90.066047668457031, "y": 29.964189529418945, "robbery": 1 }, "geometry": { "type": "Point", "coordinates": [ -90.066047667999953, 29.964189529000066 ] } },
{ "type": "Feature", "properties": { "OBJECTID": 93084, "id": "NEWORLEANS_2011_20222022J-08422-22", "x": -90.065093994140625, "y": 29.959550857543945, "robbery": 1 }, "geometry": { "type": "Point", "coordinates": [ -90.065093993999938, 29.959550858000057 ] } },
{ "type": "Feature", "properties": { "OBJECTID": 93085, "id": "NEWORLEANS_2011_20222022J-08524-22", "x": -90.116874694824219, "y": 29.961179733276367, "robbery": 1 }, "geometry": { "type": "Point", "coordinates": [ -90.116874694999979, 29.961179733000051 ] } },
{ "type": "Feature", "properties": { "OBJECTID": 93086, "id": "NEWORLEANS_2011_20222022J-08560-22", "x": -90.072280883789062, "y": 29.964899063110352, "robbery": 1 }, "geometry": { "type": "Point", "coordinates": [ -90.072280883999952, 29.964899063000075 ] } },
{ "type": "Feature", "properties": { "OBJECTID": 93087, "id": "NEWORLEANS_2011_20222022J-08661-22", "x": -90.069053649902344, "y": 29.954919815063477, "robbery": 1 }, "geometry": { "type": "Point", "coordinates": [ -90.069053649999944, 29.954919815000039 ] } },
{ "type": "Feature", "properties": { "OBJECTID": 93088, "id": "NEWORLEANS_2011_20222022J-09107-22", "x": -90.072929382324219, "y": 29.94621467590332, "robbery": 1 }, "geometry": { "type": "Point", "coordinates": [ -90.072929381999984, 29.946214676000068 ] } },
{ "type": "Feature", "properties": { "OBJECTID": 93089, "id": "NEWORLEANS_2011_20222022J-09114-22", "x": -90.014297485351562, "y": 30.026140213012695, "robbery": 1 }, "geometry": { "type": "Point", "coordinates": [ -90.014297484999986, 30.026140213000076 ] } },
{ "type": "Feature", "properties": { "OBJECTID": 93090, "id": "NEWORLEANS_2011_20222022J-09622-22", "x": -90.073562622070312, "y": 29.953893661499023, "robbery": 1 }, "geometry": { "type": "Point", "coordinates": [ -90.07356262199994, 29.953893661000052 ] } },
{ "type": "Feature", "properties": { "OBJECTID": 93091, "id": "NEWORLEANS_2011_20222022J-09887-22", "x": -89.939361572265625, "y": 30.043172836303711, "robbery": 1 }, "geometry": { "type": "Point", "coordinates": [ -89.939361571999939, 30.043172836000053 ] } },
{ "type": "Feature", "properties": { "OBJECTID": 93092, "id": "NEWORLEANS_2011_20222022J-11165-22", "x": -90.117973327636719, "y": 29.973909378051758, "robbery": 1 }, "geometry": { "type": "Point", "coordinates": [ -90.117973327999948, 29.97390937800003 ] } },
{ "type": "Feature", "properties": { "OBJECTID": 93093, "id": "NEWORLEANS_2011_20222022J-12082-22", "x": -89.998054504394531, "y": 30.029504776000977, "robbery": 1 }, "geometry": { "type": "Point", "coordinates": [ -89.998054503999981, 30.029504776000067 ] } },
{ "type": "Feature", "properties": { "OBJECTID": 93094, "id": "NEWORLEANS_2011_20222022J-12108-22", "x": -90.06768798828125, "y": 29.964052200317383, "robbery": 1 }, "geometry": { "type": "Point", "coordinates": [ -90.067687987999989, 29.964052200000026 ] } },
{ "type": "Feature", "properties": { "OBJECTID": 93095, "id": "NEWORLEANS_2011_20222022J-12760-22", "x": -90.077720642089844, "y": 29.961616516113281, "robbery": 1 }, "geometry": { "type": "Point", "coordinates": [ -90.077720641999974, 29.961616516000049 ] } },
{ "type": "Feature", "properties": { "OBJECTID": 93096, "id": "NEWORLEANS_2011_20222022J-13378-22", "x": -90.074783325195312, "y": 29.966110229492188, "robbery": 1 }, "geometry": { "type": "Point", "coordinates": [ -90.074783324999942, 29.966110229000037 ] } },
{ "type": "Feature", "properties": { "OBJECTID": 93097, "id": "NEWORLEANS_2011_20222022J-13808-22", "x": -90.090736389160156, "y": 29.9718017578125, "robbery": 1 }, "geometry": { "type": "Point", "coordinates": [ -90.090736388999971, 29.971801758000026 ] } },
{ "type": "Feature", "properties": { "OBJECTID": 93098, "id": "NEWORLEANS_2011_20222022J-13813-22", "x": -90.091079711914062, "y": 29.97218132019043, "robbery": 1 }, "geometry": { "type": "Point", "coordinates": [ -90.091079711999953, 29.972181320000061 ] } },
{ "type": "Feature", "properties": { "OBJECTID": 93099, "id": "NEWORLEANS_2011_20222022J-14162-22", "x": -90.029609680175781, "y": 29.928905487060547, "robbery": 1 }, "geometry": { "type": "Point", "coordinates": [ -90.029609679999965, 29.928905487000065 ] } },
{ "type": "Feature", "properties": { "OBJECTID": 93100, "id": "NEWORLEANS_2011_20222022J-14309-22", "x": -90.099639892578125, "y": 29.967376708984375, "robbery": 1 }, "geometry": { "type": "Point", "coordinates": [ -90.09963989299996, 29.967376709000064 ] } },
{ "type": "Feature", "properties": { "OBJECTID": 93101, "id": "NEWORLEANS_2011_20222022J-14846-22", "x": -90.0660400390625, "y": 29.933818817138672, "robbery": 1 }, "geometry": { "type": "Point", "coordinates": [ -90.066040038999972, 29.933818817000031 ] } },
{ "type": "Feature", "properties": { "OBJECTID": 93102, "id": "NEWORLEANS_2011_20222022J-15719-22", "x": -90.057052612304688, "y": 29.974550247192383, "robbery": 1 }, "geometry": { "type": "Point", "coordinates": [ -90.05705261199995, 29.974550247000025 ] } },
{ "type": "Feature", "properties": { "OBJECTID": 93103, "id": "NEWORLEANS_2011_20222022J-15811-22", "x": -90.06512451171875, "y": 29.953239440917969, "robbery": 1 }, "geometry": { "type": "Point", "coordinates": [ -90.065124511999954, 29.953239441000051 ] } },
{ "type": "Feature", "properties": { "OBJECTID": 93104, "id": "NEWORLEANS_2011_20222022J-16423-22", "x": -89.930801391601562, "y": 30.040292739868164, "robbery": 1 }, "geometry": { "type": "Point", "coordinates": [ -89.930801391999978, 30.040292740000041 ] } },
{ "type": "Feature", "properties": { "OBJECTID": 93105, "id": "NEWORLEANS_2011_20222022J-16565-22", "x": -90.094825744628906, "y": 29.942657470703125, "robbery": 1 }, "geometry": { "type": "Point", "coordinates": [ -90.09482574499998, 29.942657471000075 ] } },
{ "type": "Feature", "properties": { "OBJECTID": 93106, "id": "NEWORLEANS_2011_20222022J-16671-22", "x": -90.107353210449219, "y": 29.934980392456055, "robbery": 1 }, "geometry": { "type": "Point", "coordinates": [ -90.107353209999985, 29.934980392000057 ] } },
{ "type": "Feature", "properties": { "OBJECTID": 93107, "id": "NEWORLEANS_2011_20222022J-17120-22", "x": -90.062858581542969, "y": 29.963228225708008, "robbery": 1 }, "geometry": { "type": "Point", "coordinates": [ -90.062858582, 29.963228226000069 ] } },
{ "type": "Feature", "properties": { "OBJECTID": 93108, "id": "NEWORLEANS_2011_20222022J-17295-22", "x": -90.073822021484375, "y": 29.928085327148438, "robbery": 1 }, "geometry": { "type": "Point", "coordinates": [ -90.073822020999955, 29.928085327000076 ] } },
{ "type": "Feature", "properties": { "OBJECTID": 93109, "id": "NEWORLEANS_2011_20222022J-17882-22", "x": -90.069786071777344, "y": 29.960018157958984, "robbery": 1 }, "geometry": { "type": "Point", "coordinates": [ -90.069786071999943, 29.960018158000025 ] } },
{ "type": "Feature", "properties": { "OBJECTID": 93110, "id": "NEWORLEANS_2011_20222022J-20237-22", "x": -90.098213195800781, "y": 29.949127197265625, "robbery": 1 }, "geometry": { "type": "Point", "coordinates": [ -90.098213195999961, 29.949127197000053 ] } },
{ "type": "Feature", "properties": { "OBJECTID": 93111, "id": "NEWORLEANS_2011_20222022J-20265-22", "x": -90.077064514160156, "y": 29.95136833190918, "robbery": 1 }, "geometry": { "type": "Point", "coordinates": [ -90.077064513999971, 29.951368332000072 ] } },
{ "type": "Feature", "properties": { "OBJECTID": 93112, "id": "NEWORLEANS_2011_20222022J-20655-22", "x": -90.06878662109375, "y": 29.955215454101562, "robbery": 1 }, "geometry": { "type": "Point", "coordinates": [ -90.068786620999958, 29.95521545400004 ] } },
{ "type": "Feature", "properties": { "OBJECTID": 93113, "id": "NEWORLEANS_2011_20222022J-20733-22", "x": -90.049766540527344, "y": 29.997760772705078, "robbery": 1 }, "geometry": { "type": "Point", "coordinates": [ -90.04976654099994, 29.997760773000039 ] } },
{ "type": "Feature", "properties": { "OBJECTID": 93114, "id": "NEWORLEANS_2011_20222022J-20926-22", "x": -89.958442687988281, "y": 30.048446655273438, "robbery": 1 }, "geometry": { "type": "Point", "coordinates": [ -89.958442688, 30.048446655000077 ] } },
{ "type": "Feature", "properties": { "OBJECTID": 93115, "id": "NEWORLEANS_2011_20222022J-21346-22", "x": -90.024009704589844, "y": 30.027437210083008, "robbery": 1 }, "geometry": { "type": "Point", "coordinates": [ -90.024009704999969, 30.027437210000073 ] } },
{ "type": "Feature", "properties": { "OBJECTID": 93116, "id": "NEWORLEANS_2011_20222022J-21716-22", "x": -90.087791442871094, "y": 29.96912956237793, "robbery": 1 }, "geometry": { "type": "Point", "coordinates": [ -90.087791442999958, 29.969129562000035 ] } },
{ "type": "Feature", "properties": { "OBJECTID": 93117, "id": "NEWORLEANS_2011_20222022J-21864-22", "x": -90.087532043457031, "y": 29.965545654296875, "robbery": 1 }, "geometry": { "type": "Point", "coordinates": [ -90.087532042999953, 29.965545654000039 ] } },
{ "type": "Feature", "properties": { "OBJECTID": 93118, "id": "NEWORLEANS_2011_20222022J-22008-22", "x": -90.078620910644531, "y": 29.968109130859375, "robbery": 1 }, "geometry": { "type": "Point", "coordinates": [ -90.078620910999973, 29.968109131000062 ] } },
{ "type": "Feature", "properties": { "OBJECTID": 93119, "id": "NEWORLEANS_2011_20222022J-22259-22", "x": -90.038810729980469, "y": 30.004533767700195, "robbery": 1 }, "geometry": { "type": "Point", "coordinates": [ -90.038810729999966, 30.004533768000044 ] } },
{ "type": "Feature", "properties": { "OBJECTID": 93120, "id": "NEWORLEANS_2011_20222022J-22460-22", "x": -90.057830810546875, "y": 29.964517593383789, "robbery": 1 }, "geometry": { "type": "Point", "coordinates": [ -90.057830810999974, 29.964517593000039 ] } },
{ "type": "Feature", "properties": { "OBJECTID": 93121, "id": "NEWORLEANS_2011_20222022J-22561-22", "x": -90.068717956542969, "y": 29.955299377441406, "robbery": 1 }, "geometry": { "type": "Point", "coordinates": [ -90.068717957, 29.955299377000074 ] } },
{ "type": "Feature", "properties": { "OBJECTID": 93122, "id": "NEWORLEANS_2011_20222022J-22610-22", "x": -90.059036254882812, "y": 29.967470169067383, "robbery": 1 }, "geometry": { "type": "Point", "coordinates": [ -90.059036254999967, 29.967470169000023 ] } },
{ "type": "Feature", "properties": { "OBJECTID": 93123, "id": "NEWORLEANS_2011_20222022J-22877-22", "x": -90.0673828125, "y": 29.952175140380859, "robbery": 1 }, "geometry": { "type": "Point", "coordinates": [ -90.067382812999938, 29.952175140000065 ] } },
{ "type": "Feature", "properties": { "OBJECTID": 93124, "id": "NEWORLEANS_2011_20222022J-24065-22", "x": -90.023269653320312, "y": 29.930574417114258, "robbery": 1 }, "geometry": { "type": "Point", "coordinates": [ -90.023269652999943, 29.930574417000059 ] } },
{ "type": "Feature", "properties": { "OBJECTID": 93125, "id": "NEWORLEANS_2011_20222022J-25017-22", "x": -90.032852172851562, "y": 30.006507873535156, "robbery": 1 }, "geometry": { "type": "Point", "coordinates": [ -90.032852172999981, 30.006507874000079 ] } },
{ "type": "Feature", "properties": { "OBJECTID": 93126, "id": "NEWORLEANS_2011_20222022J-25182-22", "x": -90.099845886230469, "y": 29.969655990600586, "robbery": 1 }, "geometry": { "type": "Point", "coordinates": [ -90.099845885999969, 29.969655991000025 ] } },
{ "type": "Feature", "properties": { "OBJECTID": 93127, "id": "NEWORLEANS_2011_20222022J-26693-22", "x": -89.985542297363281, "y": 30.030998229980469, "robbery": 1 }, "geometry": { "type": "Point", "coordinates": [ -89.985542296999938, 30.030998230000023 ] } },
{ "type": "Feature", "properties": { "OBJECTID": 93128, "id": "NEWORLEANS_2011_20222022J-26861-22", "x": -90.065902709960938, "y": 29.950597763061523, "robbery": 1 }, "geometry": { "type": "Point", "coordinates": [ -90.065902709999989, 29.950597763000076 ] } },
{ "type": "Feature", "properties": { "OBJECTID": 93129, "id": "NEWORLEANS_2011_20222022J-26883-22", "x": -90.050308227539062, "y": 30.002981185913086, "robbery": 1 }, "geometry": { "type": "Point", "coordinates": [ -90.050308227999949, 30.002981186000056 ] } },
{ "type": "Feature", "properties": { "OBJECTID": 93130, "id": "NEWORLEANS_2011_20222022J-27160-22", "x": -90.070213317871094, "y": 29.927644729614258, "robbery": 1 }, "geometry": { "type": "Point", "coordinates": [ -90.070213317999958, 29.927644730000054 ] } },
{ "type": "Feature", "properties": { "OBJECTID": 93131, "id": "NEWORLEANS_2011_20222022J-27675-22", "x": -90.065849304199219, "y": 29.948368072509766, "robbery": 1 }, "geometry": { "type": "Point", "coordinates": [ -90.065849303999983, 29.94836807300004 ] } },
{ "type": "Feature", "properties": { "OBJECTID": 93132, "id": "NEWORLEANS_2011_20222022J-27739-22", "x": -90.029487609863281, "y": 29.971086502075195, "robbery": 1 }, "geometry": { "type": "Point", "coordinates": [ -90.02948761, 29.971086502000048 ] } },
{ "type": "Feature", "properties": { "OBJECTID": 93133, "id": "NEWORLEANS_2011_20222022J-28840-22", "x": -89.960342407226562, "y": 30.044906616210938, "robbery": 1 }, "geometry": { "type": "Point", "coordinates": [ -89.960342406999985, 30.044906616000048 ] } },
{ "type": "Feature", "properties": { "OBJECTID": 93134, "id": "NEWORLEANS_2011_20222022J-28922-22", "x": -89.926628112792969, "y": 30.043842315673828, "robbery": 1 }, "geometry": { "type": "Point", "coordinates": [ -89.926628112999936, 30.043842316000053 ] } },
{ "type": "Feature", "properties": { "OBJECTID": 93135, "id": "NEWORLEANS_2011_20222022J-29638-22", "x": -90.058876037597656, "y": 29.961231231689453, "robbery": 1 }, "geometry": { "type": "Point", "coordinates": [ -90.058876037999937, 29.961231232000046 ] } },
{ "type": "Feature", "properties": { "OBJECTID": 93136, "id": "NEWORLEANS_2011_20222022K-00094-22", "x": -90.034996032714844, "y": 29.963354110717773, "robbery": 1 }, "geometry": { "type": "Point", "coordinates": [ -90.03499603299997, 29.963354111000058 ] } },
{ "type": "Feature", "properties": { "OBJECTID": 93137, "id": "NEWORLEANS_2011_20222022K-00177-22", "x": -90.066612243652344, "y": 29.957464218139648, "robbery": 1 }, "geometry": { "type": "Point", "coordinates": [ -90.066612243999941, 29.957464218000041 ] } },
{ "type": "Feature", "properties": { "OBJECTID": 93138, "id": "NEWORLEANS_2011_20222022K-00338-22", "x": -90.04205322265625, "y": 29.965291976928711, "robbery": 1 }, "geometry": { "type": "Point", "coordinates": [ -90.042053222999982, 29.965291977000049 ] } },
{ "type": "Feature", "properties": { "OBJECTID": 93139, "id": "NEWORLEANS_2011_20222022K-00389-22", "x": -90.068992614746094, "y": 29.953380584716797, "robbery": 1 }, "geometry": { "type": "Point", "coordinates": [ -90.068992614999956, 29.953380585000048 ] } },
{ "type": "Feature", "properties": { "OBJECTID": 93140, "id": "NEWORLEANS_2011_20222022K-00439-22", "x": -90.073829650878906, "y": 29.96849250793457, "robbery": 1 }, "geometry": { "type": "Point", "coordinates": [ -90.073829650999983, 29.968492508000054 ] } },
{ "type": "Feature", "properties": { "OBJECTID": 93141, "id": "NEWORLEANS_2011_20222022K-00926-22", "x": -89.979850769042969, "y": 30.024887084960938, "robbery": 1 }, "geometry": { "type": "Point", "coordinates": [ -89.979850768999938, 30.024887085000046 ] } },
{ "type": "Feature", "properties": { "OBJECTID": 93142, "id": "NEWORLEANS_2011_20222022K-01777-22", "x": -90.060523986816406, "y": 29.998041152954102, "robbery": 1 }, "geometry": { "type": "Point", "coordinates": [ -90.060523986999954, 29.998041153000031 ] } },
{ "type": "Feature", "properties": { "OBJECTID": 93143, "id": "NEWORLEANS_2011_20222022K-01931-22", "x": -90.079475402832031, "y": 29.922060012817383, "robbery": 1 }, "geometry": { "type": "Point", "coordinates": [ -90.079475402999947, 29.922060013000078 ] } },
{ "type": "Feature", "properties": { "OBJECTID": 93144, "id": "NEWORLEANS_2011_20222022K-01975-22", "x": -90.088058471679688, "y": 29.959148406982422, "robbery": 1 }, "geometry": { "type": "Point", "coordinates": [ -90.088058471999943, 29.959148407000043 ] } },
{ "type": "Feature", "properties": { "OBJECTID": 93145, "id": "NEWORLEANS_2011_20222022K-03987-22", "x": -90.00262451171875, "y": 30.041135787963867, "robbery": 1 }, "geometry": { "type": "Point", "coordinates": [ -90.002624511999954, 30.041135788000076 ] } },
{ "type": "Feature", "properties": { "OBJECTID": 93146, "id": "NEWORLEANS_2011_20222022K-04121-22", "x": -90.030593872070312, "y": 29.927738189697266, "robbery": 1 }, "geometry": { "type": "Point", "coordinates": [ -90.03059387199994, 29.927738190000071 ] } },
{ "type": "Feature", "properties": { "OBJECTID": 93147, "id": "NEWORLEANS_2011_20222022K-04142-22", "x": -90.018363952636719, "y": 29.967239379882812, "robbery": 1 }, "geometry": { "type": "Point", "coordinates": [ -90.018363952999948, 29.967239380000024 ] } },
{ "type": "Feature", "properties": { "OBJECTID": 93148, "id": "NEWORLEANS_2011_20222022K-04180-22", "x": -90.038818359375, "y": 29.963071823120117, "robbery": 1 }, "geometry": { "type": "Point", "coordinates": [ -90.038818358999947, 29.963071823000064 ] } },
{ "type": "Feature", "properties": { "OBJECTID": 93149, "id": "NEWORLEANS_2011_20222022K-04284-22", "x": -90.000999450683594, "y": 30.012214660644531, "robbery": 1 }, "geometry": { "type": "Point", "coordinates": [ -90.000999450999984, 30.01221466100003 ] } },
{ "type": "Feature", "properties": { "OBJECTID": 93150, "id": "NEWORLEANS_2011_20222022K-04387-22", "x": -90.107513427734375, "y": 29.979425430297852, "robbery": 1 }, "geometry": { "type": "Point", "coordinates": [ -90.107513427999947, 29.979425430000049 ] } },
{ "type": "Feature", "properties": { "OBJECTID": 93151, "id": "NEWORLEANS_2011_20222022K-04916-22", "x": -89.958343505859375, "y": 30.043109893798828, "robbery": 1 }, "geometry": { "type": "Point", "coordinates": [ -89.958343505999949, 30.043109894000054 ] } },
{ "type": "Feature", "properties": { "OBJECTID": 93152, "id": "NEWORLEANS_2011_20222022K-04924-22", "x": -89.98004150390625, "y": 30.043434143066406, "robbery": 1 }, "geometry": { "type": "Point", "coordinates": [ -89.980041503999985, 30.04343414300007 ] } },
{ "type": "Feature", "properties": { "OBJECTID": 93153, "id": "NEWORLEANS_2011_20222022K-05208-22", "x": -90.050468444824219, "y": 29.964618682861328, "robbery": 1 }, "geometry": { "type": "Point", "coordinates": [ -90.050468444999979, 29.964618683000026 ] } },
{ "type": "Feature", "properties": { "OBJECTID": 93154, "id": "NEWORLEANS_2011_20222022K-05394-22", "x": -90.061126708984375, "y": 30.024242401123047, "robbery": 1 }, "geometry": { "type": "Point", "coordinates": [ -90.06112670899995, 30.024242401000038 ] } },
{ "type": "Feature", "properties": { "OBJECTID": 93155, "id": "NEWORLEANS_2011_20222022K-05473-22", "x": -90.09124755859375, "y": 29.972148895263672, "robbery": 1 }, "geometry": { "type": "Point", "coordinates": [ -90.091247558999953, 29.972148895000032 ] } },
{ "type": "Feature", "properties": { "OBJECTID": 93156, "id": "NEWORLEANS_2011_20222022K-05490-22", "x": -90.056526184082031, "y": 29.961771011352539, "robbery": 1 }, "geometry": { "type": "Point", "coordinates": [ -90.056526183999949, 29.961771011000053 ] } },
{ "type": "Feature", "properties": { "OBJECTID": 93157, "id": "NEWORLEANS_2011_20222022K-05504-22", "x": -90.055496215820312, "y": 29.961908340454102, "robbery": 1 }, "geometry": { "type": "Point", "coordinates": [ -90.055496215999938, 29.961908340000036 ] } },
{ "type": "Feature", "properties": { "OBJECTID": 93158, "id": "NEWORLEANS_2011_20222022K-05727-22", "x": -90.094528198242188, "y": 29.954233169555664, "robbery": 1 }, "geometry": { "type": "Point", "coordinates": [ -90.094528197999978, 29.954233170000066 ] } },
{ "type": "Feature", "properties": { "OBJECTID": 93159, "id": "NEWORLEANS_2011_20222022K-06097-22", "x": -90.071884155273438, "y": 29.956863403320312, "robbery": 1 }, "geometry": { "type": "Point", "coordinates": [ -90.071884154999964, 29.956863403000057 ] } },
{ "type": "Feature", "properties": { "OBJECTID": 93160, "id": "NEWORLEANS_2011_20222022K-06186-22", "x": -90.029731750488281, "y": 29.970878601074219, "robbery": 1 }, "geometry": { "type": "Point", "coordinates": [ -90.029731749999939, 29.970878601000038 ] } },
{ "type": "Feature", "properties": { "OBJECTID": 93161, "id": "NEWORLEANS_2011_20222022K-06629-22", "x": -90.070236206054688, "y": 29.986078262329102, "robbery": 1 }, "geometry": { "type": "Point", "coordinates": [ -90.070236205999947, 29.986078262000035 ] } },
{ "type": "Feature", "properties": { "OBJECTID": 93162, "id": "NEWORLEANS_2011_20222022K-06666-22", "x": -89.992958068847656, "y": 30.028303146362305, "robbery": 1 }, "geometry": { "type": "Point", "coordinates": [ -89.99295806899994, 30.028303146000042 ] } },
{ "type": "Feature", "properties": { "OBJECTID": 93163, "id": "NEWORLEANS_2011_20222022K-07105-22", "x": -90.008544921875, "y": 29.964632034301758, "robbery": 1 }, "geometry": { "type": "Point", "coordinates": [ -90.008544921999942, 29.964632034000033 ] } },
{ "type": "Feature", "properties": { "OBJECTID": 93164, "id": "NEWORLEANS_2011_20222022K-07820-22", "x": -90.114158630371094, "y": 29.94148063659668, "robbery": 1 }, "geometry": { "type": "Point", "coordinates": [ -90.114158629999963, 29.941480637000041 ] } },
{ "type": "Feature", "properties": { "OBJECTID": 93165, "id": "NEWORLEANS_2011_20222022K-07830-22", "x": -90.095062255859375, "y": 29.942525863647461, "robbery": 1 }, "geometry": { "type": "Point", "coordinates": [ -90.095062255999949, 29.942525864000061 ] } },
{ "type": "Feature", "properties": { "OBJECTID": 93166, "id": "NEWORLEANS_2011_20222022K-08363-22", "x": -90.051567077636719, "y": 30.006908416748047, "robbery": 1 }, "geometry": { "type": "Point", "coordinates": [ -90.051567077999948, 30.006908417000034 ] } },
{ "type": "Feature", "properties": { "OBJECTID": 93167, "id": "NEWORLEANS_2011_20222022K-08906-22", "x": -90.10296630859375, "y": 29.923501968383789, "robbery": 1 }, "geometry": { "type": "Point", "coordinates": [ -90.102966308999953, 29.923501968000039 ] } },
{ "type": "Feature", "properties": { "OBJECTID": 93168, "id": "NEWORLEANS_2011_20222022K-08977-22", "x": -90.064613342285156, "y": 29.966527938842773, "robbery": 1 }, "geometry": { "type": "Point", "coordinates": [ -90.064613341999973, 29.966527939000059 ] } },
{ "type": "Feature", "properties": { "OBJECTID": 93169, "id": "NEWORLEANS_2011_20222022K-09013-22", "x": -90.066818237304688, "y": 29.949295043945312, "robbery": 1 }, "geometry": { "type": "Point", "coordinates": [ -90.06681823699995, 29.949295044000053 ] } },
{ "type": "Feature", "properties": { "OBJECTID": 93170, "id": "NEWORLEANS_2011_20222022K-09036-22", "x": -90.064613342285156, "y": 29.945148468017578, "robbery": 1 }, "geometry": { "type": "Point", "coordinates": [ -90.064613341999973, 29.94514846800007 ] } },
{ "type": "Feature", "properties": { "OBJECTID": 93171, "id": "NEWORLEANS_2011_20222022K-10531-22", "x": -90.066932678222656, "y": 29.949392318725586, "robbery": 1 }, "geometry": { "type": "Point", "coordinates": [ -90.066932677999944, 29.949392319000026 ] } },
{ "type": "Feature", "properties": { "OBJECTID": 93172, "id": "NEWORLEANS_2011_20222022K-10552-22", "x": -89.947364807128906, "y": 30.072906494140625, "robbery": 1 }, "geometry": { "type": "Point", "coordinates": [ -89.947364806999985, 30.072906494000051 ] } },
{ "type": "Feature", "properties": { "OBJECTID": 93173, "id": "NEWORLEANS_2011_20222022K-11153-22", "x": -90.022476196289062, "y": 29.9305419921875, "robbery": 1 }, "geometry": { "type": "Point", "coordinates": [ -90.022476195999957, 29.93054199200003 ] } },
{ "type": "Feature", "properties": { "OBJECTID": 93174, "id": "NEWORLEANS_2011_20222022K-11341-22", "x": -90.0677490234375, "y": 29.956279754638672, "robbery": 1 }, "geometry": { "type": "Point", "coordinates": [ -90.067749022999976, 29.956279755000025 ] } },
{ "type": "Feature", "properties": { "OBJECTID": 93175, "id": "NEWORLEANS_2011_20222022K-12959-22", "x": -90.105308532714844, "y": 29.967344284057617, "robbery": 1 }, "geometry": { "type": "Point", "coordinates": [ -90.10530853299997, 29.967344284000035 ] } },
{ "type": "Feature", "properties": { "OBJECTID": 93176, "id": "NEWORLEANS_2011_20222022K-14633-22", "x": -89.974365234375, "y": 30.016820907592773, "robbery": 1 }, "geometry": { "type": "Point", "coordinates": [ -89.974365233999947, 30.016820908000057 ] } },
{ "type": "Feature", "properties": { "OBJECTID": 93177, "id": "NEWORLEANS_2011_20222022K-15238-22", "x": -90.063453674316406, "y": 29.976644515991211, "robbery": 1 }, "geometry": { "type": "Point", "coordinates": [ -90.063453673999959, 29.976644516000079 ] } },
{ "type": "Feature", "properties": { "OBJECTID": 93178, "id": "NEWORLEANS_2011_20222022K-16926-22", "x": -90.078224182128906, "y": 29.954641342163086, "robbery": 1 }, "geometry": { "type": "Point", "coordinates": [ -90.078224181999985, 29.954641342000059 ] } },
{ "type": "Feature", "properties": { "OBJECTID": 93179, "id": "NEWORLEANS_2011_20222022K-17381-22", "x": -90.01947021484375, "y": 30.017850875854492, "robbery": 1 }, "geometry": { "type": "Point", "coordinates": [ -90.019470214999956, 30.017850876000068 ] } },
{ "type": "Feature", "properties": { "OBJECTID": 93180, "id": "NEWORLEANS_2011_20222022K-18540-22", "x": -90.109359741210938, "y": 29.984634399414062, "robbery": 1 }, "geometry": { "type": "Point", "coordinates": [ -90.109359740999935, 29.984634399000072 ] } },
{ "type": "Feature", "properties": { "OBJECTID": 93181, "id": "NEWORLEANS_2011_20222022K-18584-22", "x": -90.100563049316406, "y": 29.93829345703125, "robbery": 1 }, "geometry": { "type": "Point", "coordinates": [ -90.100563048999959, 29.938293457000043 ] } },
{ "type": "Feature", "properties": { "OBJECTID": 93182, "id": "NEWORLEANS_2011_20222022K-18605-22", "x": -89.989479064941406, "y": 30.013875961303711, "robbery": 1 }, "geometry": { "type": "Point", "coordinates": [ -89.989479064999955, 30.013875961000053 ] } },
{ "type": "Feature", "properties": { "OBJECTID": 93183, "id": "NEWORLEANS_2011_20222022K-18821-22", "x": -90.054641723632812, "y": 29.9686279296875, "robbery": 1 }, "geometry": { "type": "Point", "coordinates": [ -90.054641723999964, 29.968627930000025 ] } },
{ "type": "Feature", "properties": { "OBJECTID": 93184, "id": "NEWORLEANS_2011_20222022K-18824-22", "x": -90.05133056640625, "y": 29.973749160766602, "robbery": 1 }, "geometry": { "type": "Point", "coordinates": [ -90.051330566, 29.973749161000057 ] } },
{ "type": "Feature", "properties": { "OBJECTID": 93185, "id": "NEWORLEANS_2011_20222022K-18934-22", "x": -90.093971252441406, "y": 29.939321517944336, "robbery": 1 }, "geometry": { "type": "Point", "coordinates": [ -90.09397125199996, 29.939321518000042 ] } },
{ "type": "Feature", "properties": { "OBJECTID": 93186, "id": "NEWORLEANS_2011_20222022K-18935-22", "x": -90.093338012695312, "y": 29.939815521240234, "robbery": 1 }, "geometry": { "type": "Point", "coordinates": [ -90.093338012999936, 29.939815521000071 ] } },
{ "type": "Feature", "properties": { "OBJECTID": 93187, "id": "NEWORLEANS_2011_20222022K-18982-22", "x": -90.089179992675781, "y": 29.963748931884766, "robbery": 1 }, "geometry": { "type": "Point", "coordinates": [ -90.089179992999959, 29.963748932000044 ] } },
{ "type": "Feature", "properties": { "OBJECTID": 93188, "id": "NEWORLEANS_2011_20222022K-19112-22", "x": -90.021888732910156, "y": 29.932609558105469, "robbery": 1 }, "geometry": { "type": "Point", "coordinates": [ -90.021888732999969, 29.932609558000024 ] } },
{ "type": "Feature", "properties": { "OBJECTID": 93189, "id": "NEWORLEANS_2011_20222022K-19436-22", "x": -90.072715759277344, "y": 29.976268768310547, "robbery": 1 }, "geometry": { "type": "Point", "coordinates": [ -90.072715758999948, 29.976268768000068 ] } },
{ "type": "Feature", "properties": { "OBJECTID": 93190, "id": "NEWORLEANS_2011_20222022K-20444-22", "x": -90.087074279785156, "y": 29.979923248291016, "robbery": 1 }, "geometry": { "type": "Point", "coordinates": [ -90.087074279999968, 29.979923248000034 ] } },
{ "type": "Feature", "properties": { "OBJECTID": 93191, "id": "NEWORLEANS_2011_20222022K-20463-22", "x": -90.085212707519531, "y": 29.942241668701172, "robbery": 1 }, "geometry": { "type": "Point", "coordinates": [ -90.085212707999972, 29.942241669000055 ] } },
{ "type": "Feature", "properties": { "OBJECTID": 93192, "id": "NEWORLEANS_2011_20222022K-20523-22", "x": -90.087997436523438, "y": 29.978439331054688, "robbery": 1 }, "geometry": { "type": "Point", "coordinates": [ -90.087997436999956, 29.978439331000061 ] } },
{ "type": "Feature", "properties": { "OBJECTID": 93193, "id": "NEWORLEANS_2011_20222022K-21392-22", "x": -90.009773254394531, "y": 30.011209487915039, "robbery": 1 }, "geometry": { "type": "Point", "coordinates": [ -90.009773253999981, 30.011209488000077 ] } },
{ "type": "Feature", "properties": { "OBJECTID": 93194, "id": "NEWORLEANS_2011_20222022K-22910-22", "x": -89.991127014160156, "y": 30.014665603637695, "robbery": 1 }, "geometry": { "type": "Point", "coordinates": [ -89.991127013999971, 30.014665604000072 ] } },
{ "type": "Feature", "properties": { "OBJECTID": 93195, "id": "NEWORLEANS_2011_20222022K-23298-22", "x": -90.083183288574219, "y": 29.964223861694336, "robbery": 1 }, "geometry": { "type": "Point", "coordinates": [ -90.083183288999976, 29.96422386200004 ] } },
{ "type": "Feature", "properties": { "OBJECTID": 93196, "id": "NEWORLEANS_2011_20222022K-23412-22", "x": -89.979774475097656, "y": 30.042051315307617, "robbery": 1 }, "geometry": { "type": "Point", "coordinates": [ -89.979774474999942, 30.042051315000037 ] } },
{ "type": "Feature", "properties": { "OBJECTID": 93197, "id": "NEWORLEANS_2011_20222022K-23898-22", "x": -90.000686645507812, "y": 30.011985778808594, "robbery": 1 }, "geometry": { "type": "Point", "coordinates": [ -90.000686645999963, 30.011985779000042 ] } },
{ "type": "Feature", "properties": { "OBJECTID": 93198, "id": "NEWORLEANS_2011_20222022K-24012-22", "x": -89.965568542480469, "y": 30.051336288452148, "robbery": 1 }, "geometry": { "type": "Point", "coordinates": [ -89.965568541999971, 30.051336288000073 ] } },
{ "type": "Feature", "properties": { "OBJECTID": 93199, "id": "NEWORLEANS_2011_20222022K-25008-22", "x": -89.992546081542969, "y": 30.028219223022461, "robbery": 1 }, "geometry": { "type": "Point", "coordinates": [ -89.992546082, 30.028219223000065 ] } },
{ "type": "Feature", "properties": { "OBJECTID": 93200, "id": "NEWORLEANS_2011_20222022K-25388-22", "x": -90.009002685546875, "y": 30.011085510253906, "robbery": 1 }, "geometry": { "type": "Point", "coordinates": [ -90.009002685999974, 30.011085510000044 ] } },
{ "type": "Feature", "properties": { "OBJECTID": 93201, "id": "NEWORLEANS_2011_20222022K-25441-22", "x": -90.070304870605469, "y": 29.958629608154297, "robbery": 1 }, "geometry": { "type": "Point", "coordinates": [ -90.070304870999962, 29.958629608000024 ] } },
{ "type": "Feature", "properties": { "OBJECTID": 93202, "id": "NEWORLEANS_2011_20222022K-26618-22", "x": -90.076148986816406, "y": 29.929943084716797, "robbery": 1 }, "geometry": { "type": "Point", "coordinates": [ -90.076148986999954, 29.929943085000048 ] } },
{ "type": "Feature", "properties": { "OBJECTID": 93203, "id": "NEWORLEANS_2011_20222022K-27097-22", "x": -90.088142395019531, "y": 29.982728958129883, "robbery": 1 }, "geometry": { "type": "Point", "coordinates": [ -90.088142394999977, 29.982728958000052 ] } },
{ "type": "Feature", "properties": { "OBJECTID": 93204, "id": "NEWORLEANS_2011_20222022K-27133-22", "x": -90.105751037597656, "y": 29.916765213012695, "robbery": 1 }, "geometry": { "type": "Point", "coordinates": [ -90.105751037999937, 29.916765213000076 ] } },
{ "type": "Feature", "properties": { "OBJECTID": 93205, "id": "NEWORLEANS_2011_20222022K-27220-22", "x": -90.059944152832031, "y": 29.959291458129883, "robbery": 1 }, "geometry": { "type": "Point", "coordinates": [ -90.059944152999947, 29.959291458000052 ] } },
{ "type": "Feature", "properties": { "OBJECTID": 93206, "id": "NEWORLEANS_2011_20222022K-27247-22", "x": -90.103370666503906, "y": 29.966064453125, "robbery": 1 }, "geometry": { "type": "Point", "coordinates": [ -90.103370666999979, 29.966064453000058 ] } },
{ "type": "Feature", "properties": { "OBJECTID": 93207, "id": "NEWORLEANS_2011_20222022K-28409-22", "x": -90.079399108886719, "y": 29.963836669921875, "robbery": 1 }, "geometry": { "type": "Point", "coordinates": [ -90.079399108999951, 29.963836670000035 ] } },
{ "type": "Feature", "properties": { "OBJECTID": 93208, "id": "NEWORLEANS_2011_20222022K-29000-22", "x": -90.091850280761719, "y": 29.938932418823242, "robbery": 1 }, "geometry": { "type": "Point", "coordinates": [ -90.09185028099995, 29.938932419000025 ] } },
{ "type": "Feature", "properties": { "OBJECTID": 93209, "id": "NEWORLEANS_2011_20222022L-00075-22", "x": -90.018745422363281, "y": 29.966867446899414, "robbery": 1 }, "geometry": { "type": "Point", "coordinates": [ -90.018745421999938, 29.966867447000027 ] } },
{ "type": "Feature", "properties": { "OBJECTID": 93210, "id": "NEWORLEANS_2011_20222022L-00113-22", "x": -89.996719360351562, "y": 30.022966384887695, "robbery": 1 }, "geometry": { "type": "Point", "coordinates": [ -89.996719359999986, 30.022966385000075 ] } },
{ "type": "Feature", "properties": { "OBJECTID": 93211, "id": "NEWORLEANS_2011_20222022L-00615-22", "x": -90.102432250976562, "y": 29.967111587524414, "robbery": 1 }, "geometry": { "type": "Point", "coordinates": [ -90.102432250999982, 29.967111588000023 ] } },
{ "type": "Feature", "properties": { "OBJECTID": 93212, "id": "NEWORLEANS_2011_20222022L-00617-22", "x": -90.065849304199219, "y": 29.947826385498047, "robbery": 1 }, "geometry": { "type": "Point", "coordinates": [ -90.065849303999983, 29.947826385000042 ] } },
{ "type": "Feature", "properties": { "OBJECTID": 93213, "id": "NEWORLEANS_2011_20222022L-00688-22", "x": -90.080039978027344, "y": 29.933395385742188, "robbery": 1 }, "geometry": { "type": "Point", "coordinates": [ -90.080039977999945, 29.933395386000029 ] } },
{ "type": "Feature", "properties": { "OBJECTID": 93214, "id": "NEWORLEANS_2011_20222022L-00985-22", "x": -90.042655944824219, "y": 29.964862823486328, "robbery": 1 }, "geometry": { "type": "Point", "coordinates": [ -90.042655944999979, 29.964862823000033 ] } },
{ "type": "Feature", "properties": { "OBJECTID": 93215, "id": "NEWORLEANS_2011_20222022L-01977-22", "x": -90.084770202636719, "y": 29.980213165283203, "robbery": 1 }, "geometry": { "type": "Point", "coordinates": [ -90.084770202999948, 29.980213165000066 ] } },
{ "type": "Feature", "properties": { "OBJECTID": 93216, "id": "NEWORLEANS_2011_20222022L-02173-22", "x": -90.068672180175781, "y": 29.954315185546875, "robbery": 1 }, "geometry": { "type": "Point", "coordinates": [ -90.068672179999965, 29.954315186000031 ] } },
{ "type": "Feature", "properties": { "OBJECTID": 93217, "id": "NEWORLEANS_2011_20222022L-02188-22", "x": -90.112716674804688, "y": 29.967840194702148, "robbery": 1 }, "geometry": { "type": "Point", "coordinates": [ -90.112716674999945, 29.967840195000065 ] } },
{ "type": "Feature", "properties": { "OBJECTID": 93218, "id": "NEWORLEANS_2011_20222022L-02815-22", "x": -90.068161010742188, "y": 29.970319747924805, "robbery": 1 }, "geometry": { "type": "Point", "coordinates": [ -90.068161010999972, 29.970319748000065 ] } },
{ "type": "Feature", "properties": { "OBJECTID": 93219, "id": "NEWORLEANS_2011_20222022L-03165-22", "x": -90.07550048828125, "y": 29.957118988037109, "robbery": 1 }, "geometry": { "type": "Point", "coordinates": [ -90.075500487999989, 29.957118988000047 ] } },
{ "type": "Feature", "properties": { "OBJECTID": 93220, "id": "NEWORLEANS_2011_20222022L-03658-22", "x": -89.972854614257812, "y": 30.046487808227539, "robbery": 1 }, "geometry": { "type": "Point", "coordinates": [ -89.972854613999971, 30.046487808000052 ] } },
{ "type": "Feature", "properties": { "OBJECTID": 93221, "id": "NEWORLEANS_2011_20222022L-03995-22", "x": -90.071075439453125, "y": 29.95256233215332, "robbery": 1 }, "geometry": { "type": "Point", "coordinates": [ -90.071075438999969, 29.95256233200007 ] } },
{ "type": "Feature", "properties": { "OBJECTID": 93222, "id": "NEWORLEANS_2011_20222022L-04453-22", "x": -90.118629455566406, "y": 30.021726608276367, "robbery": 1 }, "geometry": { "type": "Point", "coordinates": [ -90.118629455999951, 30.021726608000051 ] } },
{ "type": "Feature", "properties": { "OBJECTID": 93223, "id": "NEWORLEANS_2011_20222022L-04783-22", "x": -90.051132202148438, "y": 30.015327453613281, "robbery": 1 }, "geometry": { "type": "Point", "coordinates": [ -90.051132201999962, 30.015327454000044 ] } },
{ "type": "Feature", "properties": { "OBJECTID": 93224, "id": "NEWORLEANS_2011_20222022L-04915-22", "x": -90.022659301757812, "y": 29.939626693725586, "robbery": 1 }, "geometry": { "type": "Point", "coordinates": [ -90.022659301999965, 29.939626694000026 ] } },
{ "type": "Feature", "properties": { "OBJECTID": 93225, "id": "NEWORLEANS_2011_20222022L-05907-22", "x": -90.009864807128906, "y": 29.924186706542969, "robbery": 1 }, "geometry": { "type": "Point", "coordinates": [ -90.009864806999985, 29.924186707000047 ] } },
{ "type": "Feature", "properties": { "OBJECTID": 93226, "id": "NEWORLEANS_2011_20222022L-05979-22", "x": -90.037010192871094, "y": 30.005229949951172, "robbery": 1 }, "geometry": { "type": "Point", "coordinates": [ -90.037010192999958, 30.005229950000057 ] } },
{ "type": "Feature", "properties": { "OBJECTID": 93227, "id": "NEWORLEANS_2011_20222022L-05995-22", "x": -90.067276000976562, "y": 29.955881118774414, "robbery": 1 }, "geometry": { "type": "Point", "coordinates": [ -90.067276000999982, 29.955881119000026 ] } },
{ "type": "Feature", "properties": { "OBJECTID": 93228, "id": "NEWORLEANS_2011_20222022L-06074-22", "x": -90.005126953125, "y": 30.015998840332031, "robbery": 1 }, "geometry": { "type": "Point", "coordinates": [ -90.005126952999944, 30.015998840000066 ] } },
{ "type": "Feature", "properties": { "OBJECTID": 93229, "id": "NEWORLEANS_2011_20222022L-06888-22", "x": -90.011711120605469, "y": 30.037643432617188, "robbery": 1 }, "geometry": { "type": "Point", "coordinates": [ -90.011711120999962, 30.037643433000028 ] } },
{ "type": "Feature", "properties": { "OBJECTID": 93230, "id": "NEWORLEANS_2011_20222022L-07110-22", "x": -90.092628479003906, "y": 29.939777374267578, "robbery": 1 }, "geometry": { "type": "Point", "coordinates": [ -90.092628478999984, 29.939777374000073 ] } },
{ "type": "Feature", "properties": { "OBJECTID": 93231, "id": "NEWORLEANS_2011_20222022L-08466-22", "x": -90.031005859375, "y": 29.965877532958984, "robbery": 1 }, "geometry": { "type": "Point", "coordinates": [ -90.031005858999947, 29.965877533000025 ] } },
{ "type": "Feature", "properties": { "OBJECTID": 93232, "id": "NEWORLEANS_2011_20222022L-08601-22", "x": -90.073646545410156, "y": 29.956119537353516, "robbery": 1 }, "geometry": { "type": "Point", "coordinates": [ -90.073646544999974, 29.956119537000063 ] } },
{ "type": "Feature", "properties": { "OBJECTID": 93233, "id": "NEWORLEANS_2011_20222022L-09329-22", "x": -90.096115112304688, "y": 29.935091018676758, "robbery": 1 }, "geometry": { "type": "Point", "coordinates": [ -90.09611511199995, 29.935091019000026 ] } },
{ "type": "Feature", "properties": { "OBJECTID": 93234, "id": "NEWORLEANS_2011_20222022L-09666-22", "x": -90.065933227539062, "y": 29.966543197631836, "robbery": 1 }, "geometry": { "type": "Point", "coordinates": [ -90.065933227999949, 29.966543198000068 ] } },
{ "type": "Feature", "properties": { "OBJECTID": 93235, "id": "NEWORLEANS_2011_20222022L-09829-22", "x": -90.064888000488281, "y": 29.959484100341797, "robbery": 1 }, "geometry": { "type": "Point", "coordinates": [ -90.064888, 29.959484100000054 ] } },
{ "type": "Feature", "properties": { "OBJECTID": 93236, "id": "NEWORLEANS_2011_20222022L-09957-22", "x": -90.037002563476562, "y": 30.003381729125977, "robbery": 1 }, "geometry": { "type": "Point", "coordinates": [ -90.037002562999987, 30.003381729000068 ] } },
{ "type": "Feature", "properties": { "OBJECTID": 93237, "id": "NEWORLEANS_2011_20222022L-10252-22", "x": -90.019065856933594, "y": 29.924558639526367, "robbery": 1 }, "geometry": { "type": "Point", "coordinates": [ -90.019065856999987, 29.924558640000043 ] } },
{ "type": "Feature", "properties": { "OBJECTID": 93238, "id": "NEWORLEANS_2011_20222022L-10746-22", "x": -90.073036193847656, "y": 29.957418441772461, "robbery": 1 }, "geometry": { "type": "Point", "coordinates": [ -90.07303619399994, 29.957418442000062 ] } },
{ "type": "Feature", "properties": { "OBJECTID": 93239, "id": "NEWORLEANS_2011_20222022L-11183-22", "x": -90.087898254394531, "y": 29.963203430175781, "robbery": 1 }, "geometry": { "type": "Point", "coordinates": [ -90.087898253999981, 29.963203430000078 ] } },
{ "type": "Feature", "properties": { "OBJECTID": 93240, "id": "NEWORLEANS_2011_20222022L-12249-22", "x": -90.065895080566406, "y": 29.950145721435547, "robbery": 1 }, "geometry": { "type": "Point", "coordinates": [ -90.065895080999951, 29.950145721000069 ] } },
{ "type": "Feature", "properties": { "OBJECTID": 93241, "id": "NEWORLEANS_2011_20222022L-13315-22", "x": -90.0789794921875, "y": 29.944908142089844, "robbery": 1 }, "geometry": { "type": "Point", "coordinates": [ -90.078979491999974, 29.944908142000031 ] } },
{ "type": "Feature", "properties": { "OBJECTID": 93242, "id": "NEWORLEANS_2011_20222022L-13740-22", "x": -89.975112915039062, "y": 30.035360336303711, "robbery": 1 }, "geometry": { "type": "Point", "coordinates": [ -89.975112914999954, 30.035360336000053 ] } },
{ "type": "Feature", "properties": { "OBJECTID": 93243, "id": "NEWORLEANS_2011_20222022L-15228-22", "x": -90.069015502929688, "y": 29.953350067138672, "robbery": 1 }, "geometry": { "type": "Point", "coordinates": [ -90.069015502999946, 29.953350067000031 ] } },
{ "type": "Feature", "properties": { "OBJECTID": 93244, "id": "NEWORLEANS_2011_20222022L-15633-22", "x": -90.059104919433594, "y": 29.962718963623047, "robbery": 1 }, "geometry": { "type": "Point", "coordinates": [ -90.059104918999935, 29.962718964000032 ] } },
{ "type": "Feature", "properties": { "OBJECTID": 93245, "id": "NEWORLEANS_2011_20222022L-16185-22", "x": -90.115913391113281, "y": 29.942127227783203, "robbery": 1 }, "geometry": { "type": "Point", "coordinates": [ -90.115913390999935, 29.942127228000061 ] } },
{ "type": "Feature", "properties": { "OBJECTID": 93246, "id": "NEWORLEANS_2011_20222022L-16348-22", "x": -90.036827087402344, "y": 30.005300521850586, "robbery": 1 }, "geometry": { "type": "Point", "coordinates": [ -90.036827086999949, 30.005300522000027 ] } },
{ "type": "Feature", "properties": { "OBJECTID": 93247, "id": "NEWORLEANS_2011_20222022L-16499-22", "x": -90.109519958496094, "y": 29.918237686157227, "robbery": 1 }, "geometry": { "type": "Point", "coordinates": [ -90.109519957999964, 29.918237686000055 ] } },
{ "type": "Feature", "properties": { "OBJECTID": 93248, "id": "NEWORLEANS_2011_20222022L-17078-22", "x": -90.082878112792969, "y": 29.922336578369141, "robbery": 1 }, "geometry": { "type": "Point", "coordinates": [ -90.082878112999936, 29.922336578000056 ] } },
{ "type": "Feature", "properties": { "OBJECTID": 93249, "id": "NEWORLEANS_2011_20222022L-17186-22", "x": -90.091255187988281, "y": 29.931549072265625, "robbery": 1 }, "geometry": { "type": "Point", "coordinates": [ -90.091255188, 29.931549072000053 ] } },
{ "type": "Feature", "properties": { "OBJECTID": 93250, "id": "NEWORLEANS_2011_20222022L-17932-22", "x": -90.090278625488281, "y": 29.965019226074219, "robbery": 1 }, "geometry": { "type": "Point", "coordinates": [ -90.090278624999939, 29.965019226000038 ] } },
{ "type": "Feature", "properties": { "OBJECTID": 93251, "id": "NEWORLEANS_2011_20222022L-18232-22", "x": -90.017677307128906, "y": 30.010419845581055, "robbery": 1 }, "geometry": { "type": "Point", "coordinates": [ -90.017677306999985, 30.010419846000048 ] } },
{ "type": "Feature", "properties": { "OBJECTID": 93252, "id": "NEWORLEANS_2011_20222022L-19890-22", "x": -90.004722595214844, "y": 29.919378280639648, "robbery": 1 }, "geometry": { "type": "Point", "coordinates": [ -90.004722594999976, 29.919378281000036 ] } },
{ "type": "Feature", "properties": { "OBJECTID": 93253, "id": "NEWORLEANS_2011_20222022L-20093-22", "x": -89.980140686035156, "y": 30.024904251098633, "robbery": 1 }, "geometry": { "type": "Point", "coordinates": [ -89.98014068599997, 30.024904251000066 ] } },
{ "type": "Feature", "properties": { "OBJECTID": 93254, "id": "NEWORLEANS_2011_20222022L-20557-22", "x": -90.065589904785156, "y": 29.966381072998047, "robbery": 1 }, "geometry": { "type": "Point", "coordinates": [ -90.065589904999968, 29.966381073000036 ] } },
{ "type": "Feature", "properties": { "OBJECTID": 93255, "id": "NEWORLEANS_2011_20222022L-20578-22", "x": -90.059425354003906, "y": 29.999607086181641, "robbery": 1 }, "geometry": { "type": "Point", "coordinates": [ -90.059425353999984, 29.999607086000026 ] } },
{ "type": "Feature", "properties": { "OBJECTID": 93256, "id": "NEWORLEANS_2011_20222022L-22934-22", "x": -90.081771850585938, "y": 29.941734313964844, "robbery": 1 }, "geometry": { "type": "Point", "coordinates": [ -90.081771850999985, 29.94173431400003 ] } },
{ "type": "Feature", "properties": { "OBJECTID": 93257, "id": "NEWORLEANS_2011_20222022L-23021-22", "x": -90.009490966796875, "y": 29.921459197998047, "robbery": 1 }, "geometry": { "type": "Point", "coordinates": [ -90.009490966999977, 29.921459198000036 ] } },
{ "type": "Feature", "properties": { "OBJECTID": 93258, "id": "NEWORLEANS_2011_20222022L-23627-22", "x": -90.058204650878906, "y": 29.982433319091797, "robbery": 1 }, "geometry": { "type": "Point", "coordinates": [ -90.058204650999983, 29.982433319000052 ] } },
{ "type": "Feature", "properties": { "OBJECTID": 93259, "id": "NEWORLEANS_2011_20222022L-23895-22", "x": -90.076133728027344, "y": 29.948310852050781, "robbery": 1 }, "geometry": { "type": "Point", "coordinates": [ -90.076133727999945, 29.948310852000077 ] } },
{ "type": "Feature", "properties": { "OBJECTID": 93260, "id": "NEWORLEANS_2011_20222022L-24396-22", "x": -90.088844299316406, "y": 29.946191787719727, "robbery": 1 }, "geometry": { "type": "Point", "coordinates": [ -90.088844298999959, 29.946191788000078 ] } },
{ "type": "Feature", "properties": { "OBJECTID": 93261, "id": "NEWORLEANS_2011_20222022L-25191-22", "x": -90.009979248046875, "y": 29.919820785522461, "robbery": 1 }, "geometry": { "type": "Point", "coordinates": [ -90.009979247999979, 29.919820786000059 ] } },
{ "type": "Feature", "properties": { "OBJECTID": 93262, "id": "NEWORLEANS_2011_20222022L-25513-22", "x": -90.0712890625, "y": 29.984079360961914, "robbery": 1 }, "geometry": { "type": "Point", "coordinates": [ -90.071289062999938, 29.984079361000056 ] } },
{ "type": "Feature", "properties": { "OBJECTID": 93263, "id": "NEWORLEANS_2011_20222022L-25864-22", "x": -90.103355407714844, "y": 29.967844009399414, "robbery": 1 }, "geometry": { "type": "Point", "coordinates": [ -90.10335540799997, 29.967844009000032 ] } },
{ "type": "Feature", "properties": { "OBJECTID": 93264, "id": "NEWORLEANS_2011_20222022L-26495-22", "x": -90.076370239257812, "y": 29.947851181030273, "robbery": 1 }, "geometry": { "type": "Point", "coordinates": [ -90.076370238999971, 29.947851181000033 ] } },
{ "type": "Feature", "properties": { "OBJECTID": 93265, "id": "NEWORLEANS_2011_20222022L-27003-22", "x": -90.013946533203125, "y": 30.02717399597168, "robbery": 1 }, "geometry": { "type": "Point", "coordinates": [ -90.013946532999967, 30.027173996000045 ] } },
{ "type": "Feature", "properties": { "OBJECTID": 93266, "id": "NEWORLEANS_2011_20222022L-27293-22", "x": -90.048316955566406, "y": 29.947744369506836, "robbery": 1 }, "geometry": { "type": "Point", "coordinates": [ -90.048316955999951, 29.947744370000066 ] } },
{ "type": "Feature", "properties": { "OBJECTID": 93267, "id": "NEWORLEANS_2011_20222022L-27429-22", "x": -90.069534301757812, "y": 29.968776702880859, "robbery": 1 }, "geometry": { "type": "Point", "coordinates": [ -90.069534301999965, 29.96877670300006 ] } },
{ "type": "Feature", "properties": { "OBJECTID": 93268, "id": "NEWORLEANS_2011_20222022L-27824-22", "x": -90.098335266113281, "y": 29.949184417724609, "robbery": 1 }, "geometry": { "type": "Point", "coordinates": [ -90.098335265999935, 29.949184418000073 ] } },
{ "type": "Feature", "properties": { "OBJECTID": 93269, "id": "NEWORLEANS_2011_20222022L-27863-22", "x": -90.020065307617188, "y": 29.930477142333984, "robbery": 1 }, "geometry": { "type": "Point", "coordinates": [ -90.020065307999971, 29.930477142000029 ] } },
{ "type": "Feature", "properties": { "OBJECTID": 93270, "id": "NEWORLEANS_2011_20222022L-28560-22", "x": -90.066299438476562, "y": 29.963022232055664, "robbery": 1 }, "geometry": { "type": "Point", "coordinates": [ -90.066299437999987, 29.963022232000071 ] } },
{ "type": "Feature", "properties": { "OBJECTID": 93271, "id": "NEWORLEANS_2011_20222022L-28645-22", "x": -90.0023193359375, "y": 30.0257568359375, "robbery": 1 }, "geometry": { "type": "Point", "coordinates": [ -90.002319335999971, 30.025756836000028 ] } },
{ "type": "Feature", "properties": { "OBJECTID": 93272, "id": "NEWORLEANS_2011_20222022L-28762-22", "x": -90.062713623046875, "y": 29.968013763427734, "robbery": 1 }, "geometry": { "type": "Point", "coordinates": [ -90.062713622999979, 29.968013763000044 ] } },
{ "type": "Feature", "properties": { "OBJECTID": 93273, "id": "NEWORLEANS_2011_20222022L-28949-22", "x": -90.058700561523438, "y": 29.989507675170898, "robbery": 1 }, "geometry": { "type": "Point", "coordinates": [ -90.058700561999956, 29.989507675000027 ] } },
{ "type": "Feature", "properties": { "OBJECTID": 93274, "id": "NEWORLEANS_2011_20222022L-29060-22", "x": -90.059944152832031, "y": 29.999130249023438, "robbery": 1 }, "geometry": { "type": "Point", "coordinates": [ -90.059944152999947, 29.999130249000075 ] } },
{ "type": "Feature", "properties": { "OBJECTID": 93275, "id": "NEWORLEANS_2011_20222022L-29064-22", "x": -90.008224487304688, "y": 29.922189712524414, "robbery": 1 }, "geometry": { "type": "Point", "coordinates": [ -90.00822448699995, 29.922189713000023 ] } },
{ "type": "Feature", "properties": { "OBJECTID": 93276, "id": "NEWORLEANS_2011_20222022L-29230-22", "x": -90.021568298339844, "y": 29.937376022338867, "robbery": 1 }, "geometry": { "type": "Point", "coordinates": [ -90.021568297999977, 29.937376022000024 ] } },
{ "type": "Feature", "properties": { "OBJECTID": 93277, "id": "NEWORLEANS_2011_20222022L-29821-22", "x": -90.047309875488281, "y": 30.003189086914062, "robbery": 1 }, "geometry": { "type": "Point", "coordinates": [ -90.047309874999939, 30.003189087000067 ] } },
{ "type": "Feature", "properties": { "OBJECTID": 93278, "id": "NEWORLEANS_2011_20222022L-29854-22", "x": -90.075019836425781, "y": 29.998130798339844, "robbery": 1 }, "geometry": { "type": "Point", "coordinates": [ -90.075019835999967, 29.998130798000034 ] } },
{ "type": "Feature", "properties": { "OBJECTID": 93279, "id": "NEWORLEANS_2011_20222022L-29960-22", "x": -90.073333740234375, "y": 29.989023208618164, "robbery": 1 }, "geometry": { "type": "Point", "coordinates": [ -90.073333739999953, 29.989023209000038 ] } },
{ "type": "Feature", "properties": { "OBJECTID": 93280, "id": "NEWORLEANS_2011_20222022L-30354-22", "x": -89.995040893554688, "y": 30.012889862060547, "robbery": 1 }, "geometry": { "type": "Point", "coordinates": [ -89.995040893999942, 30.012889862000065 ] } },
{ "type": "Feature", "properties": { "OBJECTID": 93281, "id": "NEWORLEANS_2011_20222023A-00121-23", "x": -90.079704284667969, "y": 29.934810638427734, "robbery": 1 }, "geometry": { "type": "Point", "coordinates": [ -90.079704285, 29.934810638000044 ] } },
{ "type": "Feature", "properties": { "OBJECTID": 93282, "id": "NEWORLEANS_2011_20222023A-00514-24", "x": -90.037864685058594, "y": 30.004899978637695, "robbery": 1 }, "geometry": { "type": "Point", "coordinates": [ -90.037864684999988, 30.004899979000072 ] } },
{ "type": "Feature", "properties": { "OBJECTID": 93283, "id": "NEWORLEANS_2011_20222023A-00746-23", "x": -90.088577270507812, "y": 29.946626663208008, "robbery": 1 }, "geometry": { "type": "Point", "coordinates": [ -90.088577270999963, 29.946626663000075 ] } },
{ "type": "Feature", "properties": { "OBJECTID": 93284, "id": "NEWORLEANS_2011_20222023A-01317-23", "x": -89.909706115722656, "y": 30.042131423950195, "robbery": 1 }, "geometry": { "type": "Point", "coordinates": [ -89.909706115999938, 30.042131424000047 ] } },
{ "type": "Feature", "properties": { "OBJECTID": 93285, "id": "NEWORLEANS_2011_20222023A-01463-23", "x": -90.053932189941406, "y": 29.966793060302734, "robbery": 1 }, "geometry": { "type": "Point", "coordinates": [ -90.053932189999955, 29.966793060000043 ] } },
{ "type": "Feature", "properties": { "OBJECTID": 93286, "id": "NEWORLEANS_2011_20222023A-01635-23", "x": -90.020332336425781, "y": 29.934024810791016, "robbery": 1 }, "geometry": { "type": "Point", "coordinates": [ -90.020332335999967, 29.934024811000029 ] } },
{ "type": "Feature", "properties": { "OBJECTID": 93287, "id": "NEWORLEANS_2011_20222023A-01818-23", "x": -90.051582336425781, "y": 29.966819763183594, "robbery": 1 }, "geometry": { "type": "Point", "coordinates": [ -90.051582335999967, 29.966819763000046 ] } },
{ "type": "Feature", "properties": { "OBJECTID": 93288, "id": "NEWORLEANS_2011_20222023A-01880-23", "x": -90.050888061523438, "y": 29.96827507019043, "robbery": 1 }, "geometry": { "type": "Point", "coordinates": [ -90.050888061999956, 29.968275070000061 ] } },
{ "type": "Feature", "properties": { "OBJECTID": 93289, "id": "NEWORLEANS_2011_20222023A-02608-23", "x": -90.009979248046875, "y": 29.919820785522461, "robbery": 1 }, "geometry": { "type": "Point", "coordinates": [ -90.009979247999979, 29.919820786000059 ] } },
{ "type": "Feature", "properties": { "OBJECTID": 93290, "id": "NEWORLEANS_2011_20222023A-03225-23", "x": -90.121192932128906, "y": 29.971670150756836, "robbery": 1 }, "geometry": { "type": "Point", "coordinates": [ -90.121192931999985, 29.971670151000069 ] } },
{ "type": "Feature", "properties": { "OBJECTID": 93291, "id": "NEWORLEANS_2011_20222023A-04242-23", "x": -90.022491455078125, "y": 29.919998168945312, "robbery": 1 }, "geometry": { "type": "Point", "coordinates": [ -90.022491454999965, 29.919998169000053 ] } },
{ "type": "Feature", "properties": { "OBJECTID": 93292, "id": "NEWORLEANS_2011_20222023A-04333-23", "x": -90.012260437011719, "y": 29.960229873657227, "robbery": 1 }, "geometry": { "type": "Point", "coordinates": [ -90.012260436999952, 29.960229874000049 ] } },
{ "type": "Feature", "properties": { "OBJECTID": 93293, "id": "NEWORLEANS_2011_20222023A-05181-23", "x": -89.93438720703125, "y": 30.045614242553711, "robbery": 1 }, "geometry": { "type": "Point", "coordinates": [ -89.934387206999986, 30.045614243000045 ] } },
{ "type": "Feature", "properties": { "OBJECTID": 93294, "id": "NEWORLEANS_2011_20222023A-05722-24", "x": -89.979660034179688, "y": 30.042747497558594, "robbery": 1 }, "geometry": { "type": "Point", "coordinates": [ -89.979660033999949, 30.04274749800004 ] } },
{ "type": "Feature", "properties": { "OBJECTID": 93295, "id": "NEWORLEANS_2011_20222023A-05750-24", "x": -90.085258483886719, "y": 29.963935852050781, "robbery": 1 }, "geometry": { "type": "Point", "coordinates": [ -90.085258483999951, 29.963935852000077 ] } },
{ "type": "Feature", "properties": { "OBJECTID": 93296, "id": "NEWORLEANS_2011_20222023A-06226-23", "x": -90.069206237792969, "y": 29.951101303100586, "robbery": 1 }, "geometry": { "type": "Point", "coordinates": [ -90.069206237999936, 29.95110130300003 ] } },
{ "type": "Feature", "properties": { "OBJECTID": 93297, "id": "NEWORLEANS_2011_20222023A-06748-23", "x": -90.076194763183594, "y": 29.930055618286133, "robbery": 1 }, "geometry": { "type": "Point", "coordinates": [ -90.076194763, 29.93005561800004 ] } },
{ "type": "Feature", "properties": { "OBJECTID": 93298, "id": "NEWORLEANS_2011_20222023A-07371-23", "x": -90.082923889160156, "y": 29.965993881225586, "robbery": 1 }, "geometry": { "type": "Point", "coordinates": [ -90.082923888999971, 29.965993881000031 ] } },
{ "type": "Feature", "properties": { "OBJECTID": 93299, "id": "NEWORLEANS_2011_20222023A-07531-23", "x": -90.020942687988281, "y": 30.010007858276367, "robbery": 1 }, "geometry": { "type": "Point", "coordinates": [ -90.020942688, 30.010007858000051 ] } },
{ "type": "Feature", "properties": { "OBJECTID": 93300, "id": "NEWORLEANS_2011_20222023A-07802-23", "x": -89.975372314453125, "y": 30.035694122314453, "robbery": 1 }, "geometry": { "type": "Point", "coordinates": [ -89.975372313999969, 30.035694122000052 ] } },
{ "type": "Feature", "properties": { "OBJECTID": 93301, "id": "NEWORLEANS_2011_20222023A-08230-23", "x": -90.066757202148438, "y": 29.938020706176758, "robbery": 1 }, "geometry": { "type": "Point", "coordinates": [ -90.066757201999962, 29.938020706000032 ] } },
{ "type": "Feature", "properties": { "OBJECTID": 93302, "id": "NEWORLEANS_2011_20222023A-08234-23", "x": -90.058753967285156, "y": 29.990106582641602, "robbery": 1 }, "geometry": { "type": "Point", "coordinates": [ -90.058753966999973, 29.990106583000056 ] } },
{ "type": "Feature", "properties": { "OBJECTID": 93303, "id": "NEWORLEANS_2011_20222023A-08567-23", "x": -90.069427490234375, "y": 29.968055725097656, "robbery": 1 }, "geometry": { "type": "Point", "coordinates": [ -90.069427489999953, 29.968055725000056 ] } },
{ "type": "Feature", "properties": { "OBJECTID": 93304, "id": "NEWORLEANS_2011_20222023A-09119-23", "x": -90.049461364746094, "y": 30.012428283691406, "robbery": 1 }, "geometry": { "type": "Point", "coordinates": [ -90.049461364999956, 30.012428284000066 ] } },
{ "type": "Feature", "properties": { "OBJECTID": 93305, "id": "NEWORLEANS_2011_20222023A-10405-23", "x": -89.962455749511719, "y": 30.048070907592773, "robbery": 1 }, "geometry": { "type": "Point", "coordinates": [ -89.962455749999947, 30.048070908000057 ] } },
{ "type": "Feature", "properties": { "OBJECTID": 93306, "id": "NEWORLEANS_2011_20222023A-10453-23", "x": -90.042373657226562, "y": 29.976526260375977, "robbery": 1 }, "geometry": { "type": "Point", "coordinates": [ -90.042373656999985, 29.976526260000071 ] } },
{ "type": "Feature", "properties": { "OBJECTID": 93307, "id": "NEWORLEANS_2011_20222023A-10541-23", "x": -90.113265991210938, "y": 30.024787902832031, "robbery": 1 }, "geometry": { "type": "Point", "coordinates": [ -90.113265990999935, 30.02478790300006 ] } },
{ "type": "Feature", "properties": { "OBJECTID": 93308, "id": "NEWORLEANS_2011_20222023A-10715-23", "x": -89.975082397460938, "y": 30.035316467285156, "robbery": 1 }, "geometry": { "type": "Point", "coordinates": [ -89.975082396999937, 30.03531646700003 ] } },
{ "type": "Feature", "properties": { "OBJECTID": 93309, "id": "NEWORLEANS_2011_20222023A-12434-23", "x": -90.060836791992188, "y": 29.991781234741211, "robbery": 1 }, "geometry": { "type": "Point", "coordinates": [ -90.060836791999975, 29.991781235000076 ] } },
{ "type": "Feature", "properties": { "OBJECTID": 93310, "id": "NEWORLEANS_2011_20222023A-12610-23", "x": -90.069206237792969, "y": 29.957965850830078, "robbery": 1 }, "geometry": { "type": "Point", "coordinates": [ -90.069206237999936, 29.95796585100004 ] } },
{ "type": "Feature", "properties": { "OBJECTID": 93311, "id": "NEWORLEANS_2011_20222023A-12862-23", "x": -90.121109008789062, "y": 29.945728302001953, "robbery": 1 }, "geometry": { "type": "Point", "coordinates": [ -90.121109008999952, 29.945728302000077 ] } },
{ "type": "Feature", "properties": { "OBJECTID": 93312, "id": "NEWORLEANS_2011_20222023A-13448-23", "x": -90.03485107421875, "y": 30.018455505371094, "robbery": 1 }, "geometry": { "type": "Point", "coordinates": [ -90.03485107399996, 30.018455505000077 ] } },
{ "type": "Feature", "properties": { "OBJECTID": 93313, "id": "NEWORLEANS_2011_20222023A-13771-23", "x": -90.0216064453125, "y": 30.018589019775391, "robbery": 1 }, "geometry": { "type": "Point", "coordinates": [ -90.021606444999975, 30.018589020000036 ] } },
{ "type": "Feature", "properties": { "OBJECTID": 93314, "id": "NEWORLEANS_2011_20222023A-14187-23", "x": -90.084083557128906, "y": 29.99571418762207, "robbery": 1 }, "geometry": { "type": "Point", "coordinates": [ -90.084083556999985, 29.995714188000079 ] } },
{ "type": "Feature", "properties": { "OBJECTID": 93315, "id": "NEWORLEANS_2011_20222023A-14579-23", "x": -90.115318298339844, "y": 29.962554931640625, "robbery": 1 }, "geometry": { "type": "Point", "coordinates": [ -90.115318297999977, 29.962554932000046 ] } },
{ "type": "Feature", "properties": { "OBJECTID": 93316, "id": "NEWORLEANS_2011_20222023A-14770-23", "x": -90.126457214355469, "y": 29.943340301513672, "robbery": 1 }, "geometry": { "type": "Point", "coordinates": [ -90.12645721399997, 29.943340302000024 ] } },
{ "type": "Feature", "properties": { "OBJECTID": 93317, "id": "NEWORLEANS_2011_20222023A-14787-23", "x": -90.125923156738281, "y": 29.943931579589844, "robbery": 1 }, "geometry": { "type": "Point", "coordinates": [ -90.125923156999988, 29.943931580000026 ] } },
{ "type": "Feature", "properties": { "OBJECTID": 93318, "id": "NEWORLEANS_2011_20222023A-14789-23", "x": -90.106590270996094, "y": 29.975788116455078, "robbery": 1 }, "geometry": { "type": "Point", "coordinates": [ -90.106590270999959, 29.975788116000047 ] } },
{ "type": "Feature", "properties": { "OBJECTID": 93319, "id": "NEWORLEANS_2011_20222023A-14812-23", "x": -90.066200256347656, "y": 29.964900970458984, "robbery": 1 }, "geometry": { "type": "Point", "coordinates": [ -90.066200255999945, 29.964900970000031 ] } },
{ "type": "Feature", "properties": { "OBJECTID": 93320, "id": "NEWORLEANS_2011_20222023A-14859-23", "x": -90.066093444824219, "y": 29.944717407226562, "robbery": 1 }, "geometry": { "type": "Point", "coordinates": [ -90.066093444999979, 29.944717407000041 ] } },
{ "type": "Feature", "properties": { "OBJECTID": 93321, "id": "NEWORLEANS_2011_20222023A-15550-23", "x": -90.043769836425781, "y": 29.967426300048828, "robbery": 1 }, "geometry": { "type": "Point", "coordinates": [ -90.043769835999967, 29.967426300000056 ] } },
{ "type": "Feature", "properties": { "OBJECTID": 93322, "id": "NEWORLEANS_2011_20222023A-15566-23", "x": -90.062393188476562, "y": 29.957273483276367, "robbery": 1 }, "geometry": { "type": "Point", "coordinates": [ -90.062393187999987, 29.957273483000051 ] } },
{ "type": "Feature", "properties": { "OBJECTID": 93323, "id": "NEWORLEANS_2011_20222023A-15650-23", "x": -90.066932678222656, "y": 29.957292556762695, "robbery": 1 }, "geometry": { "type": "Point", "coordinates": [ -90.066932677999944, 29.957292557000073 ] } },
{ "type": "Feature", "properties": { "OBJECTID": 93324, "id": "NEWORLEANS_2011_20222023A-16316-23", "x": -90.079490661621094, "y": 29.965381622314453, "robbery": 1 }, "geometry": { "type": "Point", "coordinates": [ -90.079490661999955, 29.965381622000052 ] } },
{ "type": "Feature", "properties": { "OBJECTID": 93325, "id": "NEWORLEANS_2011_20222023A-16471-23", "x": -89.962806701660156, "y": 30.047922134399414, "robbery": 1 }, "geometry": { "type": "Point", "coordinates": [ -89.962806701999966, 30.047922134000032 ] } },
{ "type": "Feature", "properties": { "OBJECTID": 93326, "id": "NEWORLEANS_2011_20222023A-17562-23", "x": -90.031356811523438, "y": 30.007480621337891, "robbery": 1 }, "geometry": { "type": "Point", "coordinates": [ -90.031356811999956, 30.00748062100007 ] } },
{ "type": "Feature", "properties": { "OBJECTID": 93327, "id": "NEWORLEANS_2011_20222023A-19398-23", "x": -89.939361572265625, "y": 30.043172836303711, "robbery": 1 }, "geometry": { "type": "Point", "coordinates": [ -89.939361571999939, 30.043172836000053 ] } },
{ "type": "Feature", "properties": { "OBJECTID": 93328, "id": "NEWORLEANS_2011_20222023A-20677-23", "x": -90.09234619140625, "y": 29.958602905273438, "robbery": 1 }, "geometry": { "type": "Point", "coordinates": [ -90.092346191, 29.958602905000077 ] } },
{ "type": "Feature", "properties": { "OBJECTID": 93329, "id": "NEWORLEANS_2011_20222023A-21225-23", "x": -90.059043884277344, "y": 29.965435028076172, "robbery": 1 }, "geometry": { "type": "Point", "coordinates": [ -90.059043883999948, 29.965435028000059 ] } },
{ "type": "Feature", "properties": { "OBJECTID": 93330, "id": "NEWORLEANS_2011_20222023A-21257-23", "x": -90.114906311035156, "y": 30.000856399536133, "robbery": 1 }, "geometry": { "type": "Point", "coordinates": [ -90.11490631099997, 30.000856400000032 ] } },
{ "type": "Feature", "properties": { "OBJECTID": 93331, "id": "NEWORLEANS_2011_20222023A-21422-23", "x": -90.108283996582031, "y": 29.935016632080078, "robbery": 1 }, "geometry": { "type": "Point", "coordinates": [ -90.108283996999944, 29.935016632000043 ] } },
{ "type": "Feature", "properties": { "OBJECTID": 93332, "id": "NEWORLEANS_2011_20222023A-21455-23", "x": -90.104545593261719, "y": 29.978178024291992, "robbery": 1 }, "geometry": { "type": "Point", "coordinates": [ -90.104545592999955, 29.978178024000044 ] } },
{ "type": "Feature", "properties": { "OBJECTID": 93333, "id": "NEWORLEANS_2011_20222023A-21456-23", "x": -90.132064819335938, "y": 29.946710586547852, "robbery": 1 }, "geometry": { "type": "Point", "coordinates": [ -90.132064818999936, 29.946710587000041 ] } },
{ "type": "Feature", "properties": { "OBJECTID": 93334, "id": "NEWORLEANS_2011_20222023A-22070-23", "x": -89.956062316894531, "y": 30.039783477783203, "robbery": 1 }, "geometry": { "type": "Point", "coordinates": [ -89.956062316999976, 30.039783478000061 ] } },
{ "type": "Feature", "properties": { "OBJECTID": 93335, "id": "NEWORLEANS_2011_20222023A-22142-23", "x": -90.107429504394531, "y": 29.936807632446289, "robbery": 1 }, "geometry": { "type": "Point", "coordinates": [ -90.107429503999981, 29.936807632000068 ] } },
{ "type": "Feature", "properties": { "OBJECTID": 93336, "id": "NEWORLEANS_2011_20222023A-22172-23", "x": -90.052055358886719, "y": 29.967840194702148, "robbery": 1 }, "geometry": { "type": "Point", "coordinates": [ -90.052055358999951, 29.967840195000065 ] } },
{ "type": "Feature", "properties": { "OBJECTID": 93337, "id": "NEWORLEANS_2011_20222023A-23345-23", "x": -90.043098449707031, "y": 29.977407455444336, "robbery": 1 }, "geometry": { "type": "Point", "coordinates": [ -90.043098449999945, 29.977407455000048 ] } },
{ "type": "Feature", "properties": { "OBJECTID": 93338, "id": "NEWORLEANS_2011_20222023A-23625-23", "x": -90.00152587890625, "y": 30.011896133422852, "robbery": 1 }, "geometry": { "type": "Point", "coordinates": [ -90.001525878999985, 30.01189613300005 ] } },
{ "type": "Feature", "properties": { "OBJECTID": 93339, "id": "NEWORLEANS_2011_20222023A-23628-23", "x": -90.06915283203125, "y": 29.954713821411133, "robbery": 1 }, "geometry": { "type": "Point", "coordinates": [ -90.069152831999986, 29.954713821000041 ] } },
{ "type": "Feature", "properties": { "OBJECTID": 93340, "id": "NEWORLEANS_2011_20222023A-24269-23", "x": -90.092765808105469, "y": 29.940069198608398, "robbery": 1 }, "geometry": { "type": "Point", "coordinates": [ -90.092765807999967, 29.94006919900005 ] } },
{ "type": "Feature", "properties": { "OBJECTID": 93341, "id": "NEWORLEANS_2011_20222023A-24934-23", "x": -90.061943054199219, "y": 29.961347579956055, "robbery": 1 }, "geometry": { "type": "Point", "coordinates": [ -90.061943053999983, 29.961347580000051 ] } },
{ "type": "Feature", "properties": { "OBJECTID": 93342, "id": "NEWORLEANS_2011_20222023A-25194-23", "x": -90.013328552246094, "y": 29.920953750610352, "robbery": 1 }, "geometry": { "type": "Point", "coordinates": [ -90.013328551999962, 29.92095375100007 ] } },
{ "type": "Feature", "properties": { "OBJECTID": 93343, "id": "NEWORLEANS_2011_20222023A-25919-23", "x": -90.060844421386719, "y": 29.984540939331055, "robbery": 1 }, "geometry": { "type": "Point", "coordinates": [ -90.060844420999956, 29.984540939000055 ] } },
{ "type": "Feature", "properties": { "OBJECTID": 93344, "id": "NEWORLEANS_2011_20222023A-26181-23", "x": -90.104530334472656, "y": 29.949174880981445, "robbery": 1 }, "geometry": { "type": "Point", "coordinates": [ -90.104530333999946, 29.949174881000033 ] } },
{ "type": "Feature", "properties": { "OBJECTID": 93345, "id": "NEWORLEANS_2011_20222023A-26390-23", "x": -90.123146057128906, "y": 29.944938659667969, "robbery": 1 }, "geometry": { "type": "Point", "coordinates": [ -90.123146056999985, 29.944938660000048 ] } },
{ "type": "Feature", "properties": { "OBJECTID": 93346, "id": "NEWORLEANS_2011_20222023A-26408-23", "x": -90.065727233886719, "y": 29.956058502197266, "robbery": 1 }, "geometry": { "type": "Point", "coordinates": [ -90.065727233999951, 29.956058502000076 ] } },
{ "type": "Feature", "properties": { "OBJECTID": 93347, "id": "NEWORLEANS_2011_20222023A-26438-23", "x": -90.066520690917969, "y": 29.964447021484375, "robbery": 1 }, "geometry": { "type": "Point", "coordinates": [ -90.066520690999937, 29.964447021000069 ] } },
{ "type": "Feature", "properties": { "OBJECTID": 93348, "id": "NEWORLEANS_2011_20222023A-27552-23", "x": -90.068992614746094, "y": 29.984291076660156, "robbery": 1 }, "geometry": { "type": "Point", "coordinates": [ -90.068992614999956, 29.984291077000023 ] } },
{ "type": "Feature", "properties": { "OBJECTID": 93349, "id": "NEWORLEANS_2011_20222023A-27713-23", "x": -90.022552490234375, "y": 29.918596267700195, "robbery": 1 }, "geometry": { "type": "Point", "coordinates": [ -90.022552489999953, 29.918596268000044 ] } },
{ "type": "Feature", "properties": { "OBJECTID": 93350, "id": "NEWORLEANS_2011_20222023A-27907-23", "x": -89.917808532714844, "y": 30.034225463867188, "robbery": 1 }, "geometry": { "type": "Point", "coordinates": [ -89.91780853299997, 30.034225464000031 ] } },
{ "type": "Feature", "properties": { "OBJECTID": 93351, "id": "NEWORLEANS_2011_20222023A-28580-23", "x": -89.957366943359375, "y": 30.023622512817383, "robbery": 1 }, "geometry": { "type": "Point", "coordinates": [ -89.957366942999954, 30.023622513000078 ] } },
{ "type": "Feature", "properties": { "OBJECTID": 93352, "id": "NEWORLEANS_2011_20222023A-28635-23", "x": -90.0902099609375, "y": 29.958456039428711, "robbery": 1 }, "geometry": { "type": "Point", "coordinates": [ -90.090209960999971, 29.958456039000055 ] } },
{ "type": "Feature", "properties": { "OBJECTID": 93353, "id": "NEWORLEANS_2011_20222023A-28940-23", "x": -90.036018371582031, "y": 29.971256256103516, "robbery": 1 }, "geometry": { "type": "Point", "coordinates": [ -90.036018371999944, 29.971256256000061 ] } },
{ "type": "Feature", "properties": { "OBJECTID": 93354, "id": "NEWORLEANS_2011_20222023A-28969-23", "x": -90.049491882324219, "y": 29.994413375854492, "robbery": 1 }, "geometry": { "type": "Point", "coordinates": [ -90.049491881999984, 29.994413376000068 ] } },
{ "type": "Feature", "properties": { "OBJECTID": 93355, "id": "NEWORLEANS_2011_20222023A-29044-23", "x": -90.06805419921875, "y": 29.967107772827148, "robbery": 1 }, "geometry": { "type": "Point", "coordinates": [ -90.06805419899996, 29.967107773000066 ] } },
{ "type": "Feature", "properties": { "OBJECTID": 93356, "id": "NEWORLEANS_2011_20222023A-29078-23", "x": -90.129066467285156, "y": 29.953874588012695, "robbery": 1 }, "geometry": { "type": "Point", "coordinates": [ -90.129066466999973, 29.953874588000076 ] } },
{ "type": "Feature", "properties": { "OBJECTID": 93357, "id": "NEWORLEANS_2011_20222023A-29903-23", "x": -89.927452087402344, "y": 30.030858993530273, "robbery": 1 }, "geometry": { "type": "Point", "coordinates": [ -89.927452086999949, 30.030858994000027 ] } },
{ "type": "Feature", "properties": { "OBJECTID": 93358, "id": "NEWORLEANS_2011_20222023A-30058-23", "x": -90.077316284179688, "y": 29.969223022460938, "robbery": 1 }, "geometry": { "type": "Point", "coordinates": [ -90.077316283999949, 29.969223022000051 ] } },
{ "type": "Feature", "properties": { "OBJECTID": 93359, "id": "NEWORLEANS_2011_20222023A-30235-23", "x": -90.107383728027344, "y": 29.954948425292969, "robbery": 1 }, "geometry": { "type": "Point", "coordinates": [ -90.107383727999945, 29.954948425000055 ] } },
{ "type": "Feature", "properties": { "OBJECTID": 93360, "id": "NEWORLEANS_2011_20222023B-00170-23", "x": -90.067535400390625, "y": 30.01301383972168, "robbery": 1 }, "geometry": { "type": "Point", "coordinates": [ -90.06753539999994, 30.013013840000042 ] } },
{ "type": "Feature", "properties": { "OBJECTID": 93361, "id": "NEWORLEANS_2011_20222023B-01550-23", "x": -90.064338684082031, "y": 29.968860626220703, "robbery": 1 }, "geometry": { "type": "Point", "coordinates": [ -90.064338683999949, 29.968860626000037 ] } },
{ "type": "Feature", "properties": { "OBJECTID": 93362, "id": "NEWORLEANS_2011_20222023B-02548-23", "x": -90.090179443359375, "y": 29.961727142333984, "robbery": 1 }, "geometry": { "type": "Point", "coordinates": [ -90.090179442999954, 29.961727142000029 ] } },
{ "type": "Feature", "properties": { "OBJECTID": 93363, "id": "NEWORLEANS_2011_20222023B-02860-23", "x": -90.025222778320312, "y": 29.938392639160156, "robbery": 1 }, "geometry": { "type": "Point", "coordinates": [ -90.025222777999943, 29.938392639000028 ] } },
{ "type": "Feature", "properties": { "OBJECTID": 93364, "id": "NEWORLEANS_2011_20222023B-03379-23", "x": -90.071235656738281, "y": 29.954858779907227, "robbery": 1 }, "geometry": { "type": "Point", "coordinates": [ -90.071235656999988, 29.954858780000052 ] } },
{ "type": "Feature", "properties": { "OBJECTID": 93365, "id": "NEWORLEANS_2011_20222023B-04379-23", "x": -90.002799987792969, "y": 29.931848526000977, "robbery": 1 }, "geometry": { "type": "Point", "coordinates": [ -90.002799987999936, 29.931848526000067 ] } },
{ "type": "Feature", "properties": { "OBJECTID": 93366, "id": "NEWORLEANS_2011_20222023B-04468-23", "x": -90.066085815429688, "y": 29.970623016357422, "robbery": 1 }, "geometry": { "type": "Point", "coordinates": [ -90.066085814999951, 29.970623016000047 ] } },
{ "type": "Feature", "properties": { "OBJECTID": 93367, "id": "NEWORLEANS_2011_20222023B-04497-23", "x": -90.036933898925781, "y": 29.944911956787109, "robbery": 1 }, "geometry": { "type": "Point", "coordinates": [ -90.036933898999962, 29.944911957000045 ] } },
{ "type": "Feature", "properties": { "OBJECTID": 93368, "id": "NEWORLEANS_2011_20222023B-05426-24", "x": -90.094688415527344, "y": 29.929506301879883, "robbery": 1 }, "geometry": { "type": "Point", "coordinates": [ -90.09468841599994, 29.92950630200005 ] } },
{ "type": "Feature", "properties": { "OBJECTID": 93369, "id": "NEWORLEANS_2011_20222023B-06104-23", "x": -89.986351013183594, "y": 30.016544342041016, "robbery": 1 }, "geometry": { "type": "Point", "coordinates": [ -89.986351013, 30.016544342000032 ] } },
{ "type": "Feature", "properties": { "OBJECTID": 93370, "id": "NEWORLEANS_2011_20222023B-06803-23", "x": -90.052192687988281, "y": 29.968700408935547, "robbery": 1 }, "geometry": { "type": "Point", "coordinates": [ -90.052192688, 29.968700409000064 ] } },
{ "type": "Feature", "properties": { "OBJECTID": 93371, "id": "NEWORLEANS_2011_20222023B-07766-23", "x": -90.125396728515625, "y": 29.958721160888672, "robbery": 1 }, "geometry": { "type": "Point", "coordinates": [ -90.125396728999988, 29.958721161000028 ] } },
{ "type": "Feature", "properties": { "OBJECTID": 93372, "id": "NEWORLEANS_2011_20222023B-08993-23", "x": -90.08111572265625, "y": 29.934621810913086, "robbery": 1 }, "geometry": { "type": "Point", "coordinates": [ -90.081115722999982, 29.934621811000056 ] } },
{ "type": "Feature", "properties": { "OBJECTID": 93373, "id": "NEWORLEANS_2011_20222023B-09047-23", "x": -90.053733825683594, "y": 29.975419998168945, "robbery": 1 }, "geometry": { "type": "Point", "coordinates": [ -90.053733825999984, 29.975419998000064 ] } },
{ "type": "Feature", "properties": { "OBJECTID": 93374, "id": "NEWORLEANS_2011_20222023B-09581-23", "x": -90.019172668457031, "y": 29.962993621826172, "robbery": 1 }, "geometry": { "type": "Point", "coordinates": [ -90.019172667999953, 29.962993622000056 ] } },
{ "type": "Feature", "properties": { "OBJECTID": 93375, "id": "NEWORLEANS_2011_20222023B-11162-23", "x": -90.066925048828125, "y": 29.951505661010742, "robbery": 1 }, "geometry": { "type": "Point", "coordinates": [ -90.066925048999963, 29.951505661000056 ] } },
{ "type": "Feature", "properties": { "OBJECTID": 93376, "id": "NEWORLEANS_2011_20222023B-11640-23", "x": -89.998268127441406, "y": 30.02958869934082, "robbery": 1 }, "geometry": { "type": "Point", "coordinates": [ -89.99826812699996, 30.029588699000044 ] } },
{ "type": "Feature", "properties": { "OBJECTID": 93377, "id": "NEWORLEANS_2011_20222023B-11865-23", "x": -90.0692138671875, "y": 29.940475463867188, "robbery": 1 }, "geometry": { "type": "Point", "coordinates": [ -90.069213866999974, 29.940475464000031 ] } },
{ "type": "Feature", "properties": { "OBJECTID": 93378, "id": "NEWORLEANS_2011_20222023B-11922-23", "x": -90.070869445800781, "y": 29.948884963989258, "robbery": 1 }, "geometry": { "type": "Point", "coordinates": [ -90.070869445999961, 29.948884964000058 ] } },
{ "type": "Feature", "properties": { "OBJECTID": 93379, "id": "NEWORLEANS_2011_20222023B-11923-23", "x": -90.113998413085938, "y": 29.962198257446289, "robbery": 1 }, "geometry": { "type": "Point", "coordinates": [ -90.113998413, 29.962198257000068 ] } },
{ "type": "Feature", "properties": { "OBJECTID": 93380, "id": "NEWORLEANS_2011_20222023B-12609-23", "x": -90.001274108886719, "y": 29.912391662597656, "robbery": 1 }, "geometry": { "type": "Point", "coordinates": [ -90.001274108999951, 29.912391663000051 ] } },
{ "type": "Feature", "properties": { "OBJECTID": 93381, "id": "NEWORLEANS_2011_20222023B-12759-23", "x": -89.993232727050781, "y": 30.013210296630859, "robbery": 1 }, "geometry": { "type": "Point", "coordinates": [ -89.993232726999963, 30.013210297000057 ] } },
{ "type": "Feature", "properties": { "OBJECTID": 93382, "id": "NEWORLEANS_2011_20222023B-13227-23", "x": -90.106269836425781, "y": 29.951133728027344, "robbery": 1 }, "geometry": { "type": "Point", "coordinates": [ -90.106269835999967, 29.951133728000059 ] } },
{ "type": "Feature", "properties": { "OBJECTID": 93383, "id": "NEWORLEANS_2011_20222023B-14258-23", "x": -90.046951293945312, "y": 29.964859008789062, "robbery": 1 }, "geometry": { "type": "Point", "coordinates": [ -90.046951293999939, 29.964859009000065 ] } },
{ "type": "Feature", "properties": { "OBJECTID": 93384, "id": "NEWORLEANS_2011_20222023B-14363-23", "x": -90.068458557128906, "y": 29.95549201965332, "robbery": 1 }, "geometry": { "type": "Point", "coordinates": [ -90.068458556999985, 29.955492020000065 ] } },
{ "type": "Feature", "properties": { "OBJECTID": 93385, "id": "NEWORLEANS_2011_20222023B-14816-23", "x": -90.1043701171875, "y": 29.968189239501953, "robbery": 1 }, "geometry": { "type": "Point", "coordinates": [ -90.104370116999974, 29.968189240000072 ] } },
{ "type": "Feature", "properties": { "OBJECTID": 93386, "id": "NEWORLEANS_2011_20222023B-14897-23", "x": -90.104209899902344, "y": 29.978466033935547, "robbery": 1 }, "geometry": { "type": "Point", "coordinates": [ -90.104209899999944, 29.978466034000064 ] } },
{ "type": "Feature", "properties": { "OBJECTID": 93387, "id": "NEWORLEANS_2011_20222023B-15190-23", "x": -90.077163696289062, "y": 29.941108703613281, "robbery": 1 }, "geometry": { "type": "Point", "coordinates": [ -90.077163695999957, 29.941108704000044 ] } },
{ "type": "Feature", "properties": { "OBJECTID": 93388, "id": "NEWORLEANS_2011_20222023B-15584-23", "x": -90.040435791015625, "y": 29.953954696655273, "robbery": 1 }, "geometry": { "type": "Point", "coordinates": [ -90.040435790999936, 29.953954697000029 ] } },
{ "type": "Feature", "properties": { "OBJECTID": 93389, "id": "NEWORLEANS_2011_20222023B-15585-23", "x": -89.973953247070312, "y": 30.032066345214844, "robbery": 1 }, "geometry": { "type": "Point", "coordinates": [ -89.97395324699994, 30.032066345000032 ] } },
{ "type": "Feature", "properties": { "OBJECTID": 93390, "id": "NEWORLEANS_2011_20222023B-15662-23", "x": -89.98846435546875, "y": 30.028264999389648, "robbery": 1 }, "geometry": { "type": "Point", "coordinates": [ -89.988464354999962, 30.028264999000044 ] } },
{ "type": "Feature", "properties": { "OBJECTID": 93391, "id": "NEWORLEANS_2011_20222023B-16240-23", "x": -90.05706787109375, "y": 29.968845367431641, "robbery": 1 }, "geometry": { "type": "Point", "coordinates": [ -90.057067870999958, 29.968845367000029 ] } },
{ "type": "Feature", "properties": { "OBJECTID": 93392, "id": "NEWORLEANS_2011_20222023B-16278-23", "x": -90.072288513183594, "y": 29.958145141601562, "robbery": 1 }, "geometry": { "type": "Point", "coordinates": [ -90.072288513, 29.958145142000035 ] } },
{ "type": "Feature", "properties": { "OBJECTID": 93393, "id": "NEWORLEANS_2011_20222023B-16400-23", "x": -90.068115234375, "y": 29.977287292480469, "robbery": 1 }, "geometry": { "type": "Point", "coordinates": [ -90.068115233999947, 29.977287292000028 ] } },
{ "type": "Feature", "properties": { "OBJECTID": 93394, "id": "NEWORLEANS_2011_20222023B-16886-23", "x": -90.040809631347656, "y": 30.007589340209961, "robbery": 1 }, "geometry": { "type": "Point", "coordinates": [ -90.040809630999945, 30.007589340000038 ] } },
{ "type": "Feature", "properties": { "OBJECTID": 93395, "id": "NEWORLEANS_2011_20222023B-17914-23", "x": -90.060134887695312, "y": 30.00825309753418, "robbery": 1 }, "geometry": { "type": "Point", "coordinates": [ -90.060134887999936, 30.008253098000068 ] } },
{ "type": "Feature", "properties": { "OBJECTID": 93396, "id": "NEWORLEANS_2011_20222023B-18095-23", "x": -90.070587158203125, "y": 29.951114654541016, "robbery": 1 }, "geometry": { "type": "Point", "coordinates": [ -90.070587157999967, 29.951114655000026 ] } },
{ "type": "Feature", "properties": { "OBJECTID": 93397, "id": "NEWORLEANS_2011_20222023B-18272-23", "x": -89.912117004394531, "y": 30.036312103271484, "robbery": 1 }, "geometry": { "type": "Point", "coordinates": [ -89.912117003999981, 30.036312103000057 ] } },
{ "type": "Feature", "properties": { "OBJECTID": 93398, "id": "NEWORLEANS_2011_20222023B-18304-23", "x": -90.069602966308594, "y": 29.954113006591797, "robbery": 1 }, "geometry": { "type": "Point", "coordinates": [ -90.069602966, 29.954113007000046 ] } },
{ "type": "Feature", "properties": { "OBJECTID": 93399, "id": "NEWORLEANS_2011_20222023B-18572-23", "x": -89.908920288085938, "y": 30.042373657226562, "robbery": 1 }, "geometry": { "type": "Point", "coordinates": [ -89.908920288, 30.042373657000041 ] } },
{ "type": "Feature", "properties": { "OBJECTID": 93400, "id": "NEWORLEANS_2011_20222023B-19515-23", "x": -90.089164733886719, "y": 29.963283538818359, "robbery": 1 }, "geometry": { "type": "Point", "coordinates": [ -90.089164733999951, 29.963283539000031 ] } },
{ "type": "Feature", "properties": { "OBJECTID": 93401, "id": "NEWORLEANS_2011_20222023B-19539-23", "x": -90.075981140136719, "y": 29.956577301025391, "robbery": 1 }, "geometry": { "type": "Point", "coordinates": [ -90.075981139999953, 29.956577301000038 ] } },
{ "type": "Feature", "properties": { "OBJECTID": 93402, "id": "NEWORLEANS_2011_20222023B-19543-23", "x": -90.070899963378906, "y": 29.944110870361328, "robbery": 1 }, "geometry": { "type": "Point", "coordinates": [ -90.070899962999988, 29.944110870000031 ] } },
{ "type": "Feature", "properties": { "OBJECTID": 93403, "id": "NEWORLEANS_2011_20222023B-20205-23", "x": -90.104927062988281, "y": 29.942132949829102, "robbery": 1 }, "geometry": { "type": "Point", "coordinates": [ -90.104927063, 29.94213295000003 ] } },
{ "type": "Feature", "properties": { "OBJECTID": 93404, "id": "NEWORLEANS_2011_20222023B-20214-23", "x": -90.096809387207031, "y": 29.977869033813477, "robbery": 1 }, "geometry": { "type": "Point", "coordinates": [ -90.096809386999951, 29.977869034000037 ] } },
{ "type": "Feature", "properties": { "OBJECTID": 93405, "id": "NEWORLEANS_2011_20222023B-20301-23", "x": -90.087059020996094, "y": 29.955057144165039, "robbery": 1 }, "geometry": { "type": "Point", "coordinates": [ -90.087059020999959, 29.955057144000079 ] } },
{ "type": "Feature", "properties": { "OBJECTID": 93406, "id": "NEWORLEANS_2011_20222023B-20493-23", "x": -90.075576782226562, "y": 29.956005096435547, "robbery": 1 }, "geometry": { "type": "Point", "coordinates": [ -90.075576781999985, 29.956005096000069 ] } },
{ "type": "Feature", "properties": { "OBJECTID": 93407, "id": "NEWORLEANS_2011_20222023B-20598-23", "x": -89.988182067871094, "y": 29.910026550292969, "robbery": 1 }, "geometry": { "type": "Point", "coordinates": [ -89.988182067999958, 29.910026550000055 ] } },
{ "type": "Feature", "properties": { "OBJECTID": 93408, "id": "NEWORLEANS_2011_20222023B-21069-23", "x": -90.075920104980469, "y": 29.964492797851562, "robbery": 1 }, "geometry": { "type": "Point", "coordinates": [ -90.075920104999966, 29.964492798000038 ] } },
{ "type": "Feature", "properties": { "OBJECTID": 93409, "id": "NEWORLEANS_2011_20222023B-21772-23", "x": -90.089515686035156, "y": 29.933225631713867, "robbery": 1 }, "geometry": { "type": "Point", "coordinates": [ -90.08951568599997, 29.933225632000074 ] } },
{ "type": "Feature", "properties": { "OBJECTID": 93410, "id": "NEWORLEANS_2011_20222023B-21818-23", "x": -90.062507629394531, "y": 29.970176696777344, "robbery": 1 }, "geometry": { "type": "Point", "coordinates": [ -90.062507628999981, 29.970176697000056 ] } },
{ "type": "Feature", "properties": { "OBJECTID": 93411, "id": "NEWORLEANS_2011_20222023B-21911-23", "x": -90.064659118652344, "y": 29.961963653564453, "robbery": 1 }, "geometry": { "type": "Point", "coordinates": [ -90.064659118999941, 29.961963654000044 ] } },
{ "type": "Feature", "properties": { "OBJECTID": 93412, "id": "NEWORLEANS_2011_20222023B-22056-23", "x": -90.068168640136719, "y": 29.950811386108398, "robbery": 1 }, "geometry": { "type": "Point", "coordinates": [ -90.068168639999953, 29.950811386000055 ] } },
{ "type": "Feature", "properties": { "OBJECTID": 93413, "id": "NEWORLEANS_2011_20222023B-22065-23", "x": -90.070266723632812, "y": 29.956783294677734, "robbery": 1 }, "geometry": { "type": "Point", "coordinates": [ -90.070266723999964, 29.956783295000037 ] } },
{ "type": "Feature", "properties": { "OBJECTID": 93414, "id": "NEWORLEANS_2011_20222023B-22070-23", "x": -90.078498840332031, "y": 30.020811080932617, "robbery": 1 }, "geometry": { "type": "Point", "coordinates": [ -90.078498839999952, 30.020811081000033 ] } },
{ "type": "Feature", "properties": { "OBJECTID": 93415, "id": "NEWORLEANS_2011_20222023B-22081-23", "x": -90.066757202148438, "y": 29.938020706176758, "robbery": 1 }, "geometry": { "type": "Point", "coordinates": [ -90.066757201999962, 29.938020706000032 ] } },
{ "type": "Feature", "properties": { "OBJECTID": 93416, "id": "NEWORLEANS_2011_20222023B-22973-23", "x": -89.9989013671875, "y": 30.016641616821289, "robbery": 1 }, "geometry": { "type": "Point", "coordinates": [ -89.998901366999974, 30.016641617000062 ] } },
{ "type": "Feature", "properties": { "OBJECTID": 93417, "id": "NEWORLEANS_2011_20222023B-23628-23", "x": -90.06915283203125, "y": 29.954713821411133, "robbery": 1 }, "geometry": { "type": "Point", "coordinates": [ -90.069152831999986, 29.954713821000041 ] } },
{ "type": "Feature", "properties": { "OBJECTID": 93418, "id": "NEWORLEANS_2011_20222023B-24185-23", "x": -90.101295471191406, "y": 29.942838668823242, "robbery": 1 }, "geometry": { "type": "Point", "coordinates": [ -90.101295470999958, 29.942838669000025 ] } },
{ "type": "Feature", "properties": { "OBJECTID": 93419, "id": "NEWORLEANS_2011_20222023B-24398-23", "x": -89.939476013183594, "y": 30.060005187988281, "robbery": 1 }, "geometry": { "type": "Point", "coordinates": [ -89.939476013, 30.060005188000048 ] } },
{ "type": "Feature", "properties": { "OBJECTID": 93420, "id": "NEWORLEANS_2011_20222023B-25044-23", "x": -89.957000732421875, "y": 30.025501251220703, "robbery": 1 }, "geometry": { "type": "Point", "coordinates": [ -89.957000731999983, 30.025501251000037 ] } },
{ "type": "Feature", "properties": { "OBJECTID": 93421, "id": "NEWORLEANS_2011_20222023B-25335-23", "x": -90.078254699707031, "y": 29.975805282592773, "robbery": 1 }, "geometry": { "type": "Point", "coordinates": [ -90.078254699999945, 29.975805283000057 ] } },
{ "type": "Feature", "properties": { "OBJECTID": 93422, "id": "NEWORLEANS_2011_20222023B-26241-23", "x": -90.073112487792969, "y": 29.950054168701172, "robbery": 1 }, "geometry": { "type": "Point", "coordinates": [ -90.073112487999936, 29.950054169000055 ] } },
{ "type": "Feature", "properties": { "OBJECTID": 93423, "id": "NEWORLEANS_2011_20222023B-27037-23", "x": -90.086479187011719, "y": 29.966371536254883, "robbery": 1 }, "geometry": { "type": "Point", "coordinates": [ -90.086479186999952, 29.966371536000054 ] } },
{ "type": "Feature", "properties": { "OBJECTID": 93424, "id": "NEWORLEANS_2011_20222023B-28628-23", "x": -90.031753540039062, "y": 29.986310958862305, "robbery": 1 }, "geometry": { "type": "Point", "coordinates": [ -90.031753539999954, 29.986310959000036 ] } },
{ "type": "Feature", "properties": { "OBJECTID": 93425, "id": "NEWORLEANS_2011_20222023B-28645-23", "x": -90.021804809570312, "y": 30.018423080444336, "robbery": 1 }, "geometry": { "type": "Point", "coordinates": [ -90.021804809999935, 30.018423080000048 ] } },
{ "type": "Feature", "properties": { "OBJECTID": 93426, "id": "NEWORLEANS_2011_20222023C-01162-23", "x": -90.122322082519531, "y": 29.957098007202148, "robbery": 1 }, "geometry": { "type": "Point", "coordinates": [ -90.122322082999972, 29.95709800700007 ] } },
{ "type": "Feature", "properties": { "OBJECTID": 93427, "id": "NEWORLEANS_2011_20222023C-02075-23", "x": -90.077064514160156, "y": 29.951087951660156, "robbery": 1 }, "geometry": { "type": "Point", "coordinates": [ -90.077064513999971, 29.951087952000023 ] } },
{ "type": "Feature", "properties": { "OBJECTID": 93428, "id": "NEWORLEANS_2011_20222023C-05394-23", "x": -90.025787353515625, "y": 29.938249588012695, "robbery": 1 }, "geometry": { "type": "Point", "coordinates": [ -90.025787353999988, 29.938249588000076 ] } },
{ "type": "Feature", "properties": { "OBJECTID": 93429, "id": "NEWORLEANS_2011_20222023C-05667-23", "x": -90.100166320800781, "y": 29.952808380126953, "robbery": 1 }, "geometry": { "type": "Point", "coordinates": [ -90.100166320999961, 29.952808380000079 ] } },
{ "type": "Feature", "properties": { "OBJECTID": 93430, "id": "NEWORLEANS_2011_20222023C-05950-23", "x": -90.083274841308594, "y": 29.970048904418945, "robbery": 1 }, "geometry": { "type": "Point", "coordinates": [ -90.083274841, 29.970048904000066 ] } },
{ "type": "Feature", "properties": { "OBJECTID": 93431, "id": "NEWORLEANS_2011_20222023C-06289-23", "x": -90.087669372558594, "y": 29.982654571533203, "robbery": 1 }, "geometry": { "type": "Point", "coordinates": [ -90.087669372999983, 29.982654572000058 ] } },
{ "type": "Feature", "properties": { "OBJECTID": 93432, "id": "NEWORLEANS_2011_20222023C-06567-23", "x": -89.939361572265625, "y": 30.043172836303711, "robbery": 1 }, "geometry": { "type": "Point", "coordinates": [ -89.939361571999939, 30.043172836000053 ] } },
{ "type": "Feature", "properties": { "OBJECTID": 93433, "id": "NEWORLEANS_2011_20222023C-06823-23", "x": -90.085838317871094, "y": 29.967103958129883, "robbery": 1 }, "geometry": { "type": "Point", "coordinates": [ -90.085838317999958, 29.967103958000052 ] } },
{ "type": "Feature", "properties": { "OBJECTID": 93434, "id": "NEWORLEANS_2011_20222023C-07076-23", "x": -90.1181640625, "y": 29.941730499267578, "robbery": 1 }, "geometry": { "type": "Point", "coordinates": [ -90.118164062999938, 29.941730499000073 ] } },
{ "type": "Feature", "properties": { "OBJECTID": 93435, "id": "NEWORLEANS_2011_20222023C-07346-23", "x": -89.993644714355469, "y": 29.930015563964844, "robbery": 1 }, "geometry": { "type": "Point", "coordinates": [ -89.99364471399997, 29.93001556400003 ] } },
{ "type": "Feature", "properties": { "OBJECTID": 93436, "id": "NEWORLEANS_2011_20222023C-09666-23", "x": -89.987075805664062, "y": 30.034503936767578, "robbery": 1 }, "geometry": { "type": "Point", "coordinates": [ -89.98707580599995, 30.034503937000068 ] } },
{ "type": "Feature", "properties": { "OBJECTID": 93437, "id": "NEWORLEANS_2011_20222023C-09705-23", "x": -90.031715393066406, "y": 29.941877365112305, "robbery": 1 }, "geometry": { "type": "Point", "coordinates": [ -90.031715392999956, 29.941877365000039 ] } },
{ "type": "Feature", "properties": { "OBJECTID": 93438, "id": "NEWORLEANS_2011_20222023C-09936-23", "x": -90.016281127929688, "y": 30.028732299804688, "robbery": 1 }, "geometry": { "type": "Point", "coordinates": [ -90.016281127999946, 30.028732300000058 ] } },
{ "type": "Feature", "properties": { "OBJECTID": 93439, "id": "NEWORLEANS_2011_20222023C-10375-23", "x": -90.009864807128906, "y": 29.924186706542969, "robbery": 1 }, "geometry": { "type": "Point", "coordinates": [ -90.009864806999985, 29.924186707000047 ] } },
{ "type": "Feature", "properties": { "OBJECTID": 93440, "id": "NEWORLEANS_2011_20222023C-10645-23", "x": -90.100479125976562, "y": 29.963258743286133, "robbery": 1 }, "geometry": { "type": "Point", "coordinates": [ -90.100479125999982, 29.96325874300004 ] } },
{ "type": "Feature", "properties": { "OBJECTID": 93441, "id": "NEWORLEANS_2011_20222023C-10683-23", "x": -90.052055358886719, "y": 29.967840194702148, "robbery": 1 }, "geometry": { "type": "Point", "coordinates": [ -90.052055358999951, 29.967840195000065 ] } },
{ "type": "Feature", "properties": { "OBJECTID": 93442, "id": "NEWORLEANS_2011_20222023C-11159-23", "x": -90.094062805175781, "y": 29.917720794677734, "robbery": 1 }, "geometry": { "type": "Point", "coordinates": [ -90.094062804999965, 29.917720795000037 ] } },
{ "type": "Feature", "properties": { "OBJECTID": 93443, "id": "NEWORLEANS_2011_20222023C-11314-23", "x": -90.041984558105469, "y": 29.997186660766602, "robbery": 1 }, "geometry": { "type": "Point", "coordinates": [ -90.041984557999967, 29.997186661000057 ] } },
{ "type": "Feature", "properties": { "OBJECTID": 93444, "id": "NEWORLEANS_2011_20222023C-12361-23", "x": -90.010810852050781, "y": 30.027359008789062, "robbery": 1 }, "geometry": { "type": "Point", "coordinates": [ -90.010810851999963, 30.027359009000065 ] } },
{ "type": "Feature", "properties": { "OBJECTID": 93445, "id": "NEWORLEANS_2011_20222023C-12388-23", "x": -90.001258850097656, "y": 30.025854110717773, "robbery": 1 }, "geometry": { "type": "Point", "coordinates": [ -90.001258849999942, 30.025854111000058 ] } },
{ "type": "Feature", "properties": { "OBJECTID": 93446, "id": "NEWORLEANS_2011_20222023C-12837-23", "x": -89.980224609375, "y": 30.024930953979492, "robbery": 1 }, "geometry": { "type": "Point", "coordinates": [ -89.980224608999947, 30.02493095400007 ] } },
{ "type": "Feature", "properties": { "OBJECTID": 93447, "id": "NEWORLEANS_2011_20222023C-14282-23", "x": -90.087257385253906, "y": 29.932661056518555, "robbery": 1 }, "geometry": { "type": "Point", "coordinates": [ -90.087257384999987, 29.932661057000075 ] } },
{ "type": "Feature", "properties": { "OBJECTID": 93448, "id": "NEWORLEANS_2011_20222023C-14288-23", "x": -90.105216979980469, "y": 29.975778579711914, "robbery": 1 }, "geometry": { "type": "Point", "coordinates": [ -90.105216979999966, 29.975778580000053 ] } },
{ "type": "Feature", "properties": { "OBJECTID": 93449, "id": "NEWORLEANS_2011_20222023C-14886-23", "x": -90.068260192871094, "y": 29.954105377197266, "robbery": 1 }, "geometry": { "type": "Point", "coordinates": [ -90.068260192999958, 29.954105377000076 ] } },
{ "type": "Feature", "properties": { "OBJECTID": 93450, "id": "NEWORLEANS_2011_20222023C-15821-23", "x": -90.058090209960938, "y": 29.962291717529297, "robbery": 1 }, "geometry": { "type": "Point", "coordinates": [ -90.058090209999989, 29.962291718000074 ] } },
{ "type": "Feature", "properties": { "OBJECTID": 93451, "id": "NEWORLEANS_2011_20222023C-15844-23", "x": -90.009864807128906, "y": 29.924186706542969, "robbery": 1 }, "geometry": { "type": "Point", "coordinates": [ -90.009864806999985, 29.924186707000047 ] } },
{ "type": "Feature", "properties": { "OBJECTID": 93452, "id": "NEWORLEANS_2011_20222023C-16130-23", "x": -89.988533020019531, "y": 30.027984619140625, "robbery": 1 }, "geometry": { "type": "Point", "coordinates": [ -89.988533019999977, 30.027984619000051 ] } },
{ "type": "Feature", "properties": { "OBJECTID": 93453, "id": "NEWORLEANS_2011_20222023C-16188-23", "x": -90.067771911621094, "y": 29.957763671875, "robbery": 1 }, "geometry": { "type": "Point", "coordinates": [ -90.067771911999955, 29.957763672000056 ] } },
{ "type": "Feature", "properties": { "OBJECTID": 93454, "id": "NEWORLEANS_2011_20222023C-16287-23", "x": -89.975013732910156, "y": 30.03523063659668, "robbery": 1 }, "geometry": { "type": "Point", "coordinates": [ -89.975013732999969, 30.035230637000041 ] } },
{ "type": "Feature", "properties": { "OBJECTID": 93455, "id": "NEWORLEANS_2011_20222023C-16407-23", "x": -90.011344909667969, "y": 30.027372360229492, "robbery": 1 }, "geometry": { "type": "Point", "coordinates": [ -90.01134491, 30.027372360000072 ] } },
{ "type": "Feature", "properties": { "OBJECTID": 93456, "id": "NEWORLEANS_2011_20222023C-17235-23", "x": -90.065757751464844, "y": 29.948348999023438, "robbery": 1 }, "geometry": { "type": "Point", "coordinates": [ -90.065757750999978, 29.948348999000075 ] } },
{ "type": "Feature", "properties": { "OBJECTID": 93457, "id": "NEWORLEANS_2011_20222023C-17296-23", "x": -90.014991760253906, "y": 30.010707855224609, "robbery": 1 }, "geometry": { "type": "Point", "coordinates": [ -90.014991759999987, 30.010707855000078 ] } },
{ "type": "Feature", "properties": { "OBJECTID": 93458, "id": "NEWORLEANS_2011_20222023C-17432-23", "x": -89.91162109375, "y": 30.036411285400391, "robbery": 1 }, "geometry": { "type": "Point", "coordinates": [ -89.911621093999941, 30.036411285000042 ] } },
{ "type": "Feature", "properties": { "OBJECTID": 93459, "id": "NEWORLEANS_2011_20222023C-18502-23", "x": -90.082916259765625, "y": 29.973260879516602, "robbery": 1 }, "geometry": { "type": "Point", "coordinates": [ -90.08291626, 29.973260880000055 ] } },
{ "type": "Feature", "properties": { "OBJECTID": 93460, "id": "NEWORLEANS_2011_20222023C-18595-23", "x": -90.066787719726562, "y": 29.9599609375, "robbery": 1 }, "geometry": { "type": "Point", "coordinates": [ -90.066787719999979, 29.959960937000062 ] } },
{ "type": "Feature", "properties": { "OBJECTID": 93461, "id": "NEWORLEANS_2011_20222023C-18674-23", "x": -90.067375183105469, "y": 29.943370819091797, "robbery": 1 }, "geometry": { "type": "Point", "coordinates": [ -90.067375182999967, 29.943370819000052 ] } },
{ "type": "Feature", "properties": { "OBJECTID": 93462, "id": "NEWORLEANS_2011_20222023C-18924-23", "x": -90.120758056640625, "y": 29.957735061645508, "robbery": 1 }, "geometry": { "type": "Point", "coordinates": [ -90.120758056999989, 29.95773506200004 ] } },
{ "type": "Feature", "properties": { "OBJECTID": 93463, "id": "NEWORLEANS_2011_20222023C-19734-23", "x": -90.121185302734375, "y": 29.959243774414062, "robbery": 1 }, "geometry": { "type": "Point", "coordinates": [ -90.121185302999947, 29.959243774000072 ] } },
{ "type": "Feature", "properties": { "OBJECTID": 93464, "id": "NEWORLEANS_2011_20222023C-20137-23", "x": -89.990455627441406, "y": 30.030721664428711, "robbery": 1 }, "geometry": { "type": "Point", "coordinates": [ -89.99045562699996, 30.030721664000055 ] } },
{ "type": "Feature", "properties": { "OBJECTID": 93465, "id": "NEWORLEANS_2011_20222023C-20804-23", "x": -90.070060729980469, "y": 29.953701019287109, "robbery": 1 }, "geometry": { "type": "Point", "coordinates": [ -90.070060729999966, 29.95370101900005 ] } },
{ "type": "Feature", "properties": { "OBJECTID": 93466, "id": "NEWORLEANS_2011_20222023C-24551-23", "x": -90.009254455566406, "y": 29.920982360839844, "robbery": 1 }, "geometry": { "type": "Point", "coordinates": [ -90.009254455999951, 29.920982361000029 ] } },
{ "type": "Feature", "properties": { "OBJECTID": 93467, "id": "NEWORLEANS_2011_20222023C-25013-23", "x": -90.04876708984375, "y": 29.966667175292969, "robbery": 1 }, "geometry": { "type": "Point", "coordinates": [ -90.048767089999956, 29.966667175000055 ] } },
{ "type": "Feature", "properties": { "OBJECTID": 93468, "id": "NEWORLEANS_2011_20222023C-25028-23", "x": -90.105522155761719, "y": 29.969701766967773, "robbery": 1 }, "geometry": { "type": "Point", "coordinates": [ -90.10552215599995, 29.96970176700006 ] } },
{ "type": "Feature", "properties": { "OBJECTID": 93469, "id": "NEWORLEANS_2011_20222023C-25327-23", "x": -90.121192932128906, "y": 29.969718933105469, "robbery": 1 }, "geometry": { "type": "Point", "coordinates": [ -90.121192931999985, 29.969718933000024 ] } },
{ "type": "Feature", "properties": { "OBJECTID": 93470, "id": "NEWORLEANS_2011_20222023C-26206-23", "x": -90.079071044921875, "y": 29.968730926513672, "robbery": 1 }, "geometry": { "type": "Point", "coordinates": [ -90.079071044999978, 29.968730927000024 ] } },
{ "type": "Feature", "properties": { "OBJECTID": 93471, "id": "NEWORLEANS_2011_20222023C-26860-23", "x": -90.094841003417969, "y": 29.942089080810547, "robbery": 1 }, "geometry": { "type": "Point", "coordinates": [ -90.094841002999942, 29.942089081000063 ] } },
{ "type": "Feature", "properties": { "OBJECTID": 93472, "id": "NEWORLEANS_2011_20222023C-27957-23", "x": -89.988533020019531, "y": 30.027984619140625, "robbery": 1 }, "geometry": { "type": "Point", "coordinates": [ -89.988533019999977, 30.027984619000051 ] } },
{ "type": "Feature", "properties": { "OBJECTID": 93473, "id": "NEWORLEANS_2011_20222023C-28688-23", "x": -89.987129211425781, "y": 30.047773361206055, "robbery": 1 }, "geometry": { "type": "Point", "coordinates": [ -89.987129210999967, 30.047773361000054 ] } },
{ "type": "Feature", "properties": { "OBJECTID": 93474, "id": "NEWORLEANS_2011_20222023C-29681-23", "x": -90.021629333496094, "y": 29.936319351196289, "robbery": 1 }, "geometry": { "type": "Point", "coordinates": [ -90.021629332999964, 29.936319351000066 ] } },
{ "type": "Feature", "properties": { "OBJECTID": 93475, "id": "NEWORLEANS_2011_20222023D-00503-23", "x": -90.028152465820312, "y": 29.968303680419922, "robbery": 1 }, "geometry": { "type": "Point", "coordinates": [ -90.028152465999938, 29.968303680000076 ] } },
{ "type": "Feature", "properties": { "OBJECTID": 93476, "id": "NEWORLEANS_2011_20222023D-00534-23", "x": -89.998130798339844, "y": 30.029609680175781, "robbery": 1 }, "geometry": { "type": "Point", "coordinates": [ -89.998130797999977, 30.029609680000078 ] } },
{ "type": "Feature", "properties": { "OBJECTID": 93477, "id": "NEWORLEANS_2011_20222023D-00786-23", "x": -89.975082397460938, "y": 30.035316467285156, "robbery": 1 }, "geometry": { "type": "Point", "coordinates": [ -89.975082396999937, 30.03531646700003 ] } },
{ "type": "Feature", "properties": { "OBJECTID": 93478, "id": "NEWORLEANS_2011_20222023D-01093-23", "x": -90.034805297851562, "y": 29.963985443115234, "robbery": 1 }, "geometry": { "type": "Point", "coordinates": [ -90.034805297999981, 29.96398544300007 ] } },
{ "type": "Feature", "properties": { "OBJECTID": 93479, "id": "NEWORLEANS_2011_20222023D-02252-23", "x": -90.068069458007812, "y": 29.977218627929688, "robbery": 1 }, "geometry": { "type": "Point", "coordinates": [ -90.068069457999968, 29.97721862800006 ] } },
{ "type": "Feature", "properties": { "OBJECTID": 93480, "id": "NEWORLEANS_2011_20222023D-02551-23", "x": -90.052726745605469, "y": 30.001590728759766, "robbery": 1 }, "geometry": { "type": "Point", "coordinates": [ -90.052726745999962, 30.001590729000043 ] } },
{ "type": "Feature", "properties": { "OBJECTID": 93481, "id": "NEWORLEANS_2011_20222023D-02707-23", "x": -90.023757934570312, "y": 29.937475204467773, "robbery": 1 }, "geometry": { "type": "Point", "coordinates": [ -90.023757934999935, 29.937475204000066 ] } },
{ "type": "Feature", "properties": { "OBJECTID": 93482, "id": "NEWORLEANS_2011_20222023D-03685-23", "x": -89.985038757324219, "y": 30.014919281005859, "robbery": 1 }, "geometry": { "type": "Point", "coordinates": [ -89.985038756999984, 30.014919281000061 ] } },
{ "type": "Feature", "properties": { "OBJECTID": 93483, "id": "NEWORLEANS_2011_20222023D-03760-23", "x": -90.001091003417969, "y": 30.011943817138672, "robbery": 1 }, "geometry": { "type": "Point", "coordinates": [ -90.001091002999942, 30.011943817000031 ] } },
{ "type": "Feature", "properties": { "OBJECTID": 93484, "id": "NEWORLEANS_2011_20222023D-05032-23", "x": -90.0771484375, "y": 29.944023132324219, "robbery": 1 }, "geometry": { "type": "Point", "coordinates": [ -90.077148437999938, 29.944023132000041 ] } },
{ "type": "Feature", "properties": { "OBJECTID": 93485, "id": "NEWORLEANS_2011_20222023D-05600-23", "x": -89.932022094726562, "y": 30.032936096191406, "robbery": 1 }, "geometry": { "type": "Point", "coordinates": [ -89.932022094999979, 30.032936096000071 ] } },
{ "type": "Feature", "properties": { "OBJECTID": 93486, "id": "NEWORLEANS_2011_20222023D-06533-23", "x": -90.057891845703125, "y": 30.00056266784668, "robbery": 1 }, "geometry": { "type": "Point", "coordinates": [ -90.057891845999961, 30.000562668000043 ] } },
{ "type": "Feature", "properties": { "OBJECTID": 93487, "id": "NEWORLEANS_2011_20222023D-06675-23", "x": -90.071441650390625, "y": 29.955266952514648, "robbery": 1 }, "geometry": { "type": "Point", "coordinates": [ -90.07144164999994, 29.955266953000034 ] } },
{ "type": "Feature", "properties": { "OBJECTID": 93488, "id": "NEWORLEANS_2011_20222023D-07088-23", "x": -89.966529846191406, "y": 30.02495002746582, "robbery": 1 }, "geometry": { "type": "Point", "coordinates": [ -89.966529845999958, 30.024950027000045 ] } },
{ "type": "Feature", "properties": { "OBJECTID": 93489, "id": "NEWORLEANS_2011_20222023D-07723-23", "x": -90.070350646972656, "y": 29.933969497680664, "robbery": 1 }, "geometry": { "type": "Point", "coordinates": [ -90.070350646999941, 29.933969498000067 ] } },
{ "type": "Feature", "properties": { "OBJECTID": 93490, "id": "NEWORLEANS_2011_20222023D-08293-23", "x": -90.06878662109375, "y": 29.956819534301758, "robbery": 1 }, "geometry": { "type": "Point", "coordinates": [ -90.068786620999958, 29.956819534000033 ] } },
{ "type": "Feature", "properties": { "OBJECTID": 93491, "id": "NEWORLEANS_2011_20222023D-08783-23", "x": -90.051048278808594, "y": 29.982185363769531, "robbery": 1 }, "geometry": { "type": "Point", "coordinates": [ -90.051048278999986, 29.982185364000031 ] } },
{ "type": "Feature", "properties": { "OBJECTID": 93492, "id": "NEWORLEANS_2011_20222023D-08815-23", "x": -90.037925720214844, "y": 30.002967834472656, "robbery": 1 }, "geometry": { "type": "Point", "coordinates": [ -90.037925719999976, 30.00296783400006 ] } },
{ "type": "Feature", "properties": { "OBJECTID": 93493, "id": "NEWORLEANS_2011_20222023D-09088-23", "x": -90.110458374023438, "y": 29.945589065551758, "robbery": 1 }, "geometry": { "type": "Point", "coordinates": [ -90.110458373999961, 29.945589066000025 ] } },
{ "type": "Feature", "properties": { "OBJECTID": 93494, "id": "NEWORLEANS_2011_20222023D-09089-23", "x": -90.053031921386719, "y": 29.965801239013672, "robbery": 1 }, "geometry": { "type": "Point", "coordinates": [ -90.053031920999956, 29.965801239000029 ] } },
{ "type": "Feature", "properties": { "OBJECTID": 93495, "id": "NEWORLEANS_2011_20222023D-09227-23", "x": -90.109390258789062, "y": 29.935216903686523, "robbery": 1 }, "geometry": { "type": "Point", "coordinates": [ -90.109390258999952, 29.935216904000072 ] } },
{ "type": "Feature", "properties": { "OBJECTID": 93496, "id": "NEWORLEANS_2011_20222023D-09239-23", "x": -90.092758178710938, "y": 29.934881210327148, "robbery": 1 }, "geometry": { "type": "Point", "coordinates": [ -90.092758178999986, 29.934881210000071 ] } },
{ "type": "Feature", "properties": { "OBJECTID": 93497, "id": "NEWORLEANS_2011_20222023D-09789-23", "x": -90.123893737792969, "y": 29.945291519165039, "robbery": 1 }, "geometry": { "type": "Point", "coordinates": [ -90.123893737999936, 29.945291519000079 ] } },
{ "type": "Feature", "properties": { "OBJECTID": 93498, "id": "NEWORLEANS_2011_20222023D-09846-23", "x": -90.052680969238281, "y": 29.96489143371582, "robbery": 1 }, "geometry": { "type": "Point", "coordinates": [ -90.052680968999937, 29.964891434000037 ] } },
{ "type": "Feature", "properties": { "OBJECTID": 93499, "id": "NEWORLEANS_2011_20222023D-10095-23", "x": -90.063873291015625, "y": 29.96385383605957, "robbery": 1 }, "geometry": { "type": "Point", "coordinates": [ -90.063873290999936, 29.963853836000055 ] } },
{ "type": "Feature", "properties": { "OBJECTID": 93500, "id": "NEWORLEANS_2011_20222023D-10917-23", "x": -90.057350158691406, "y": 29.96177864074707, "robbery": 1 }, "geometry": { "type": "Point", "coordinates": [ -90.057350158999952, 29.961778641000024 ] } },
{ "type": "Feature", "properties": { "OBJECTID": 93501, "id": "NEWORLEANS_2011_20222023D-10999-23", "x": -90.043708801269531, "y": 29.963085174560547, "robbery": 1 }, "geometry": { "type": "Point", "coordinates": [ -90.04370880099998, 29.96308517500006 ] } },
{ "type": "Feature", "properties": { "OBJECTID": 93502, "id": "NEWORLEANS_2011_20222023D-11038-23", "x": -90.06793212890625, "y": 29.955986022949219, "robbery": 1 }, "geometry": { "type": "Point", "coordinates": [ -90.067932128999985, 29.955986023000037 ] } },
{ "type": "Feature", "properties": { "OBJECTID": 93503, "id": "NEWORLEANS_2011_20222023D-11410-23", "x": -90.066596984863281, "y": 30.020341873168945, "robbery": 1 }, "geometry": { "type": "Point", "coordinates": [ -90.066596985, 30.020341873000064 ] } },
{ "type": "Feature", "properties": { "OBJECTID": 93504, "id": "NEWORLEANS_2011_20222023D-11447-23", "x": -90.117340087890625, "y": 29.972230911254883, "robbery": 1 }, "geometry": { "type": "Point", "coordinates": [ -90.117340087999935, 29.972230911000054 ] } },
{ "type": "Feature", "properties": { "OBJECTID": 93505, "id": "NEWORLEANS_2011_20222023D-11740-23", "x": -90.014198303222656, "y": 29.923450469970703, "robbery": 1 }, "geometry": { "type": "Point", "coordinates": [ -90.014198302999944, 29.923450470000034 ] } },
{ "type": "Feature", "properties": { "OBJECTID": 93506, "id": "NEWORLEANS_2011_20222023D-12588-23", "x": -89.981216430664062, "y": 30.046512603759766, "robbery": 1 }, "geometry": { "type": "Point", "coordinates": [ -89.98121643099995, 30.046512604000043 ] } },
{ "type": "Feature", "properties": { "OBJECTID": 93507, "id": "NEWORLEANS_2011_20222023D-13907-23", "x": -89.995941162109375, "y": 29.913751602172852, "robbery": 1 }, "geometry": { "type": "Point", "coordinates": [ -89.995941161999951, 29.913751602000048 ] } },
{ "type": "Feature", "properties": { "OBJECTID": 93508, "id": "NEWORLEANS_2011_20222023D-13912-23", "x": -90.086875915527344, "y": 29.94529914855957, "robbery": 1 }, "geometry": { "type": "Point", "coordinates": [ -90.08687591599994, 29.94529914900005 ] } },
{ "type": "Feature", "properties": { "OBJECTID": 93509, "id": "NEWORLEANS_2011_20222023D-14420-23", "x": -90.020980834960938, "y": 29.963912963867188, "robbery": 1 }, "geometry": { "type": "Point", "coordinates": [ -90.020980834999989, 29.963912964000031 ] } },
{ "type": "Feature", "properties": { "OBJECTID": 93510, "id": "NEWORLEANS_2011_20222023D-14641-23", "x": -89.957313537597656, "y": 30.041860580444336, "robbery": 1 }, "geometry": { "type": "Point", "coordinates": [ -89.957313537999937, 30.041860580000048 ] } },
{ "type": "Feature", "properties": { "OBJECTID": 93511, "id": "NEWORLEANS_2011_20222023D-14862-23", "x": -90.031990051269531, "y": 30.012399673461914, "robbery": 1 }, "geometry": { "type": "Point", "coordinates": [ -90.03199005099998, 30.012399673000061 ] } },
{ "type": "Feature", "properties": { "OBJECTID": 93512, "id": "NEWORLEANS_2011_20222023D-15245-23", "x": -90.018104553222656, "y": 30.010105133056641, "robbery": 1 }, "geometry": { "type": "Point", "coordinates": [ -90.018104552999944, 30.010105133000025 ] } },
{ "type": "Feature", "properties": { "OBJECTID": 93513, "id": "NEWORLEANS_2011_20222023D-15568-23", "x": -90.050811767578125, "y": 29.966768264770508, "robbery": 1 }, "geometry": { "type": "Point", "coordinates": [ -90.05081176799996, 29.966768265000042 ] } },
{ "type": "Feature", "properties": { "OBJECTID": 93514, "id": "NEWORLEANS_2011_20222023D-17026-23", "x": -90.051986694335938, "y": 29.969249725341797, "robbery": 1 }, "geometry": { "type": "Point", "coordinates": [ -90.051986693999936, 29.969249725000054 ] } },
{ "type": "Feature", "properties": { "OBJECTID": 93515, "id": "NEWORLEANS_2011_20222023D-17117-23", "x": -90.0654296875, "y": 29.969871520996094, "robbery": 1 }, "geometry": { "type": "Point", "coordinates": [ -90.065429687999938, 29.969871521000073 ] } },
{ "type": "Feature", "properties": { "OBJECTID": 93516, "id": "NEWORLEANS_2011_20222023D-18350-23", "x": -90.093894958496094, "y": 29.983137130737305, "robbery": 1 }, "geometry": { "type": "Point", "coordinates": [ -90.093894957999964, 29.983137131000035 ] } },
{ "type": "Feature", "properties": { "OBJECTID": 93517, "id": "NEWORLEANS_2011_20222023D-18410-23", "x": -90.009109497070312, "y": 30.013036727905273, "robbery": 1 }, "geometry": { "type": "Point", "coordinates": [ -90.00910949699994, 30.013036728000031 ] } },
{ "type": "Feature", "properties": { "OBJECTID": 93518, "id": "NEWORLEANS_2011_20222023D-18656-23", "x": -89.951797485351562, "y": 30.066469192504883, "robbery": 1 }, "geometry": { "type": "Point", "coordinates": [ -89.951797484999986, 30.066469193000046 ] } },
{ "type": "Feature", "properties": { "OBJECTID": 93519, "id": "NEWORLEANS_2011_20222023D-18840-23", "x": -90.060523986816406, "y": 29.998041152954102, "robbery": 1 }, "geometry": { "type": "Point", "coordinates": [ -90.060523986999954, 29.998041153000031 ] } },
{ "type": "Feature", "properties": { "OBJECTID": 93520, "id": "NEWORLEANS_2011_20222023D-18934-23", "x": -90.067939758300781, "y": 29.976991653442383, "robbery": 1 }, "geometry": { "type": "Point", "coordinates": [ -90.067939757999966, 29.976991653000027 ] } },
{ "type": "Feature", "properties": { "OBJECTID": 93521, "id": "NEWORLEANS_2011_20222023D-19402-23", "x": -89.962890625, "y": 30.04802131652832, "robbery": 1 }, "geometry": { "type": "Point", "coordinates": [ -89.962890624999943, 30.048021317000064 ] } },
{ "type": "Feature", "properties": { "OBJECTID": 93522, "id": "NEWORLEANS_2011_20222023D-19637-23", "x": -90.102691650390625, "y": 29.931417465209961, "robbery": 1 }, "geometry": { "type": "Point", "coordinates": [ -90.10269164999994, 29.931417465000038 ] } },
{ "type": "Feature", "properties": { "OBJECTID": 93523, "id": "NEWORLEANS_2011_20222023D-20039-23", "x": -89.994644165039062, "y": 30.031467437744141, "robbery": 1 }, "geometry": { "type": "Point", "coordinates": [ -89.994644164999954, 30.03146743800005 ] } },
{ "type": "Feature", "properties": { "OBJECTID": 93524, "id": "NEWORLEANS_2011_20222023D-20266-23", "x": -89.917716979980469, "y": 30.03425407409668, "robbery": 1 }, "geometry": { "type": "Point", "coordinates": [ -89.917716979999966, 30.034254074000046 ] } },
{ "type": "Feature", "properties": { "OBJECTID": 93525, "id": "NEWORLEANS_2011_20222023D-20769-23", "x": -90.072494506835938, "y": 29.9632568359375, "robbery": 1 }, "geometry": { "type": "Point", "coordinates": [ -90.072494506999988, 29.963256836000028 ] } },
{ "type": "Feature", "properties": { "OBJECTID": 93526, "id": "NEWORLEANS_2011_20222023D-20955-23", "x": -89.979118347167969, "y": 30.015972137451172, "robbery": 1 }, "geometry": { "type": "Point", "coordinates": [ -89.97911834699994, 30.015972137000063 ] } },
{ "type": "Feature", "properties": { "OBJECTID": 93527, "id": "NEWORLEANS_2011_20222023D-21689-23", "x": -90.020942687988281, "y": 30.010007858276367, "robbery": 1 }, "geometry": { "type": "Point", "coordinates": [ -90.020942688, 30.010007858000051 ] } },
{ "type": "Feature", "properties": { "OBJECTID": 93528, "id": "NEWORLEANS_2011_20222023D-22282-23", "x": -90.069847106933594, "y": 29.957784652709961, "robbery": 1 }, "geometry": { "type": "Point", "coordinates": [ -90.069847106999987, 29.957784653000033 ] } },
{ "type": "Feature", "properties": { "OBJECTID": 93529, "id": "NEWORLEANS_2011_20222023D-22796-23", "x": -89.980133056640625, "y": 29.920364379882812, "robbery": 1 }, "geometry": { "type": "Point", "coordinates": [ -89.980133056999989, 29.920364380000024 ] } },
{ "type": "Feature", "properties": { "OBJECTID": 93530, "id": "NEWORLEANS_2011_20222023D-22948-23", "x": -90.066909790039062, "y": 29.949222564697266, "robbery": 1 }, "geometry": { "type": "Point", "coordinates": [ -90.066909789999954, 29.949222565000071 ] } },
{ "type": "Feature", "properties": { "OBJECTID": 93531, "id": "NEWORLEANS_2011_20222023D-23199-23", "x": -90.022354125976562, "y": 29.944246292114258, "robbery": 1 }, "geometry": { "type": "Point", "coordinates": [ -90.022354125999982, 29.944246292000059 ] } },
{ "type": "Feature", "properties": { "OBJECTID": 93532, "id": "NEWORLEANS_2011_20222023D-23281-23", "x": -90.08599853515625, "y": 29.9669189453125, "robbery": 1 }, "geometry": { "type": "Point", "coordinates": [ -90.085998534999987, 29.966918945000032 ] } },
{ "type": "Feature", "properties": { "OBJECTID": 93533, "id": "NEWORLEANS_2011_20222023D-23482-23", "x": -89.962608337402344, "y": 30.048255920410156, "robbery": 1 }, "geometry": { "type": "Point", "coordinates": [ -89.962608336999949, 30.048255920000031 ] } },
{ "type": "Feature", "properties": { "OBJECTID": 93534, "id": "NEWORLEANS_2011_20222023D-24942-23", "x": -89.990684509277344, "y": 29.905279159545898, "robbery": 1 }, "geometry": { "type": "Point", "coordinates": [ -89.990684508999948, 29.905279160000077 ] } },
{ "type": "Feature", "properties": { "OBJECTID": 93535, "id": "NEWORLEANS_2011_20222023D-25304-23", "x": -90.071685791015625, "y": 29.946161270141602, "robbery": 1 }, "geometry": { "type": "Point", "coordinates": [ -90.071685790999936, 29.946161270000061 ] } },
{ "type": "Feature", "properties": { "OBJECTID": 93536, "id": "NEWORLEANS_2011_20222023D-26159-23", "x": -90.010765075683594, "y": 30.010896682739258, "robbery": 1 }, "geometry": { "type": "Point", "coordinates": [ -90.010765075999984, 30.010896683000055 ] } },
{ "type": "Feature", "properties": { "OBJECTID": 93537, "id": "NEWORLEANS_2011_20222023D-27116-23", "x": -90.076644897460938, "y": 29.935146331787109, "robbery": 1 }, "geometry": { "type": "Point", "coordinates": [ -90.076644896999937, 29.935146332000045 ] } },
{ "type": "Feature", "properties": { "OBJECTID": 93538, "id": "NEWORLEANS_2011_20222023D-27201-23", "x": -90.072700500488281, "y": 29.989686965942383, "robbery": 1 }, "geometry": { "type": "Point", "coordinates": [ -90.072700499999939, 29.989686966000079 ] } },
{ "type": "Feature", "properties": { "OBJECTID": 93539, "id": "NEWORLEANS_2011_20222023D-27251-23", "x": -90.106971740722656, "y": 29.976116180419922, "robbery": 1 }, "geometry": { "type": "Point", "coordinates": [ -90.106971740999938, 29.976116180000076 ] } },
{ "type": "Feature", "properties": { "OBJECTID": 93540, "id": "NEWORLEANS_2011_20222023D-27647-23", "x": -90.080902099609375, "y": 29.924646377563477, "robbery": 1 }, "geometry": { "type": "Point", "coordinates": [ -90.080902099999946, 29.924646378000034 ] } },
{ "type": "Feature", "properties": { "OBJECTID": 93541, "id": "NEWORLEANS_2011_20222023D-27875-23", "x": -90.076026916503906, "y": 29.972332000732422, "robbery": 1 }, "geometry": { "type": "Point", "coordinates": [ -90.076026916999979, 29.972332001000041 ] } },
{ "type": "Feature", "properties": { "OBJECTID": 93542, "id": "NEWORLEANS_2011_20222023D-28016-23", "x": -89.996566772460938, "y": 30.012884140014648, "robbery": 1 }, "geometry": { "type": "Point", "coordinates": [ -89.996566771999937, 30.01288414000004 ] } },
{ "type": "Feature", "properties": { "OBJECTID": 93543, "id": "NEWORLEANS_2011_20222023D-28222-23", "x": -90.070823669433594, "y": 30.01263427734375, "robbery": 1 }, "geometry": { "type": "Point", "coordinates": [ -90.070823668999935, 30.012634277000075 ] } },
{ "type": "Feature", "properties": { "OBJECTID": 93544, "id": "NEWORLEANS_2011_20222023D-28954-23", "x": -89.985214233398438, "y": 29.923877716064453, "robbery": 1 }, "geometry": { "type": "Point", "coordinates": [ -89.985214232999965, 29.92387771600005 ] } },
{ "type": "Feature", "properties": { "OBJECTID": 93545, "id": "NEWORLEANS_2011_20222023D-29770-23", "x": -90.053123474121094, "y": 30.024869918823242, "robbery": 1 }, "geometry": { "type": "Point", "coordinates": [ -90.05312347399996, 30.024869919000025 ] } },
{ "type": "Feature", "properties": { "OBJECTID": 93546, "id": "NEWORLEANS_2011_20222023D-29886-23", "x": -90.065597534179688, "y": 29.965658187866211, "robbery": 1 }, "geometry": { "type": "Point", "coordinates": [ -90.065597533999949, 29.965658188000077 ] } },
{ "type": "Feature", "properties": { "OBJECTID": 93547, "id": "NEWORLEANS_2011_20222023D-30172-23", "x": -89.943885803222656, "y": 30.012567520141602, "robbery": 1 }, "geometry": { "type": "Point", "coordinates": [ -89.943885802999944, 30.012567520000061 ] } },
{ "type": "Feature", "properties": { "OBJECTID": 93548, "id": "NEWORLEANS_2011_20222023E-00023-23", "x": -89.960617065429688, "y": 30.025802612304688, "robbery": 1 }, "geometry": { "type": "Point", "coordinates": [ -89.960617064999951, 30.025802612000064 ] } },
{ "type": "Feature", "properties": { "OBJECTID": 93549, "id": "NEWORLEANS_2011_20222023E-00497-23", "x": -90.070014953613281, "y": 29.952251434326172, "robbery": 1 }, "geometry": { "type": "Point", "coordinates": [ -90.070014953999987, 29.952251434000061 ] } },
{ "type": "Feature", "properties": { "OBJECTID": 93550, "id": "NEWORLEANS_2011_20222023E-01047-23", "x": -90.070045471191406, "y": 29.955318450927734, "robbery": 1 }, "geometry": { "type": "Point", "coordinates": [ -90.070045470999958, 29.955318451000039 ] } },
{ "type": "Feature", "properties": { "OBJECTID": 93551, "id": "NEWORLEANS_2011_20222023E-03438-23", "x": -90.104331970214844, "y": 29.968755722045898, "robbery": 1 }, "geometry": { "type": "Point", "coordinates": [ -90.104331969999976, 29.968755722000026 ] } },
{ "type": "Feature", "properties": { "OBJECTID": 93552, "id": "NEWORLEANS_2011_20222023E-03653-23", "x": -90.057853698730469, "y": 29.963924407958984, "robbery": 1 }, "geometry": { "type": "Point", "coordinates": [ -90.057853698999963, 29.963924408000025 ] } },
{ "type": "Feature", "properties": { "OBJECTID": 93553, "id": "NEWORLEANS_2011_20222023E-03818-23", "x": -90.069038391113281, "y": 29.957231521606445, "robbery": 1 }, "geometry": { "type": "Point", "coordinates": [ -90.069038390999935, 29.957231522000029 ] } },
{ "type": "Feature", "properties": { "OBJECTID": 93554, "id": "NEWORLEANS_2011_20222023E-04132-23", "x": -90.076347351074219, "y": 29.932861328125, "robbery": 1 }, "geometry": { "type": "Point", "coordinates": [ -90.076347350999981, 29.932861328000058 ] } },
{ "type": "Feature", "properties": { "OBJECTID": 93555, "id": "NEWORLEANS_2011_20222023E-04533-23", "x": -90.077491760253906, "y": 29.977134704589844, "robbery": 1 }, "geometry": { "type": "Point", "coordinates": [ -90.077491759999987, 29.977134705000026 ] } },
{ "type": "Feature", "properties": { "OBJECTID": 93556, "id": "NEWORLEANS_2011_20222023E-05240-23", "x": -89.979331970214844, "y": 30.047601699829102, "robbery": 1 }, "geometry": { "type": "Point", "coordinates": [ -89.979331969999976, 30.04760170000003 ] } },
{ "type": "Feature", "properties": { "OBJECTID": 93557, "id": "NEWORLEANS_2011_20222023E-05454-23", "x": -90.026901245117188, "y": 29.930831909179688, "robbery": 1 }, "geometry": { "type": "Point", "coordinates": [ -90.026901244999976, 29.930831909000062 ] } },
{ "type": "Feature", "properties": { "OBJECTID": 93558, "id": "NEWORLEANS_2011_20222023E-05455-23", "x": -90.088279724121094, "y": 29.966400146484375, "robbery": 1 }, "geometry": { "type": "Point", "coordinates": [ -90.08827972399996, 29.966400146000069 ] } },
{ "type": "Feature", "properties": { "OBJECTID": 93559, "id": "NEWORLEANS_2011_20222023E-05546-23", "x": -90.090995788574219, "y": 29.920221328735352, "robbery": 1 }, "geometry": { "type": "Point", "coordinates": [ -90.090995788999976, 29.920221329000071 ] } },
{ "type": "Feature", "properties": { "OBJECTID": 93560, "id": "NEWORLEANS_2011_20222023E-05729-23", "x": -90.064277648925781, "y": 29.959142684936523, "robbery": 1 }, "geometry": { "type": "Point", "coordinates": [ -90.064277648999962, 29.959142685000074 ] } },
{ "type": "Feature", "properties": { "OBJECTID": 93561, "id": "NEWORLEANS_2011_20222023E-05744-23", "x": -90.039993286132812, "y": 30.004074096679688, "robbery": 1 }, "geometry": { "type": "Point", "coordinates": [ -90.039993285999969, 30.004074097000057 ] } },
{ "type": "Feature", "properties": { "OBJECTID": 93562, "id": "NEWORLEANS_2011_20222023E-05898-23", "x": -90.052154541015625, "y": 29.968179702758789, "robbery": 1 }, "geometry": { "type": "Point", "coordinates": [ -90.052154540999936, 29.968179703000033 ] } },
{ "type": "Feature", "properties": { "OBJECTID": 93563, "id": "NEWORLEANS_2011_20222023E-06143-23", "x": -90.037582397460938, "y": 30.003124237060547, "robbery": 1 }, "geometry": { "type": "Point", "coordinates": [ -90.037582396999937, 30.003124237000065 ] } },
{ "type": "Feature", "properties": { "OBJECTID": 93564, "id": "NEWORLEANS_2011_20222023E-06396-23", "x": -90.064186096191406, "y": 29.960269927978516, "robbery": 1 }, "geometry": { "type": "Point", "coordinates": [ -90.064186095999958, 29.960269928000059 ] } },
{ "type": "Feature", "properties": { "OBJECTID": 93565, "id": "NEWORLEANS_2011_20222023E-06574-23", "x": -89.922187805175781, "y": 30.033096313476562, "robbery": 1 }, "geometry": { "type": "Point", "coordinates": [ -89.922187804999965, 30.033096313000044 ] } },
{ "type": "Feature", "properties": { "OBJECTID": 93566, "id": "NEWORLEANS_2011_20222023E-07475-23", "x": -90.029502868652344, "y": 29.938331604003906, "robbery": 1 }, "geometry": { "type": "Point", "coordinates": [ -90.029502868999941, 29.938331604000041 ] } },
{ "type": "Feature", "properties": { "OBJECTID": 93567, "id": "NEWORLEANS_2011_20222023E-07822-23", "x": -89.980094909667969, "y": 30.042762756347656, "robbery": 1 }, "geometry": { "type": "Point", "coordinates": [ -89.98009491, 30.042762756000059 ] } },
{ "type": "Feature", "properties": { "OBJECTID": 93568, "id": "NEWORLEANS_2011_20222023E-11840-23", "x": -89.96038818359375, "y": 30.044876098632812, "robbery": 1 }, "geometry": { "type": "Point", "coordinates": [ -89.960388183999953, 30.044876099000078 ] } },
{ "type": "Feature", "properties": { "OBJECTID": 93569, "id": "NEWORLEANS_2011_20222023E-12038-23", "x": -89.970367431640625, "y": 30.029472351074219, "robbery": 1 }, "geometry": { "type": "Point", "coordinates": [ -89.970367431999989, 30.029472351000038 ] } },
{ "type": "Feature", "properties": { "OBJECTID": 93570, "id": "NEWORLEANS_2011_20222023E-12793-23", "x": -90.080154418945312, "y": 29.94392204284668, "robbery": 1 }, "geometry": { "type": "Point", "coordinates": [ -90.080154418999939, 29.943922043000043 ] } },
{ "type": "Feature", "properties": { "OBJECTID": 93571, "id": "NEWORLEANS_2011_20222023E-12820-23", "x": -90.068458557128906, "y": 29.95549201965332, "robbery": 1 }, "geometry": { "type": "Point", "coordinates": [ -90.068458556999985, 29.955492020000065 ] } },
{ "type": "Feature", "properties": { "OBJECTID": 93572, "id": "NEWORLEANS_2011_20222023E-13230-23", "x": -90.068260192871094, "y": 29.954105377197266, "robbery": 1 }, "geometry": { "type": "Point", "coordinates": [ -90.068260192999958, 29.954105377000076 ] } },
{ "type": "Feature", "properties": { "OBJECTID": 93573, "id": "NEWORLEANS_2011_20222023E-14209-23", "x": -90.06915283203125, "y": 29.954713821411133, "robbery": 1 }, "geometry": { "type": "Point", "coordinates": [ -90.069152831999986, 29.954713821000041 ] } },
{ "type": "Feature", "properties": { "OBJECTID": 93574, "id": "NEWORLEANS_2011_20222023E-14512-23", "x": -90.090255737304688, "y": 29.971628189086914, "robbery": 1 }, "geometry": { "type": "Point", "coordinates": [ -90.09025573699995, 29.971628189000057 ] } },
{ "type": "Feature", "properties": { "OBJECTID": 93575, "id": "NEWORLEANS_2011_20222023E-14589-23", "x": -90.1083984375, "y": 29.970022201538086, "robbery": 1 }, "geometry": { "type": "Point", "coordinates": [ -90.108398437999938, 29.970022202000052 ] } },
{ "type": "Feature", "properties": { "OBJECTID": 93576, "id": "NEWORLEANS_2011_20222023E-14634-23", "x": -90.072845458984375, "y": 29.98541259765625, "robbery": 1 }, "geometry": { "type": "Point", "coordinates": [ -90.07284545899995, 29.985412598000039 ] } },
{ "type": "Feature", "properties": { "OBJECTID": 93577, "id": "NEWORLEANS_2011_20222023E-15614-23", "x": -90.082687377929688, "y": 29.962207794189453, "robbery": 1 }, "geometry": { "type": "Point", "coordinates": [ -90.082687377999946, 29.962207794000051 ] } },
{ "type": "Feature", "properties": { "OBJECTID": 93578, "id": "NEWORLEANS_2011_20222023E-15728-23", "x": -90.021095275878906, "y": 30.030323028564453, "robbery": 1 }, "geometry": { "type": "Point", "coordinates": [ -90.021095275999983, 30.030323029000044 ] } },
{ "type": "Feature", "properties": { "OBJECTID": 93579, "id": "NEWORLEANS_2011_20222023E-16161-23", "x": -89.928787231445312, "y": 30.045013427734375, "robbery": 1 }, "geometry": { "type": "Point", "coordinates": [ -89.928787230999944, 30.045013428000061 ] } },
{ "type": "Feature", "properties": { "OBJECTID": 93580, "id": "NEWORLEANS_2011_20222023E-16796-23", "x": -90.115791320800781, "y": 29.956350326538086, "robbery": 1 }, "geometry": { "type": "Point", "coordinates": [ -90.115791320999961, 29.956350327000052 ] } },
{ "type": "Feature", "properties": { "OBJECTID": 93581, "id": "NEWORLEANS_2011_20222023E-16997-23", "x": -89.998977661132812, "y": 30.017425537109375, "robbery": 1 }, "geometry": { "type": "Point", "coordinates": [ -89.998977660999969, 30.017425537000065 ] } },
{ "type": "Feature", "properties": { "OBJECTID": 93582, "id": "NEWORLEANS_2011_20222023E-17430-23", "x": -90.052154541015625, "y": 29.976768493652344, "robbery": 1 }, "geometry": { "type": "Point", "coordinates": [ -90.052154540999936, 29.976768494000055 ] } },
{ "type": "Feature", "properties": { "OBJECTID": 93583, "id": "NEWORLEANS_2011_20222023E-17707-23", "x": -90.121910095214844, "y": 29.954246520996094, "robbery": 1 }, "geometry": { "type": "Point", "coordinates": [ -90.121910094999976, 29.954246521000073 ] } },
{ "type": "Feature", "properties": { "OBJECTID": 93584, "id": "NEWORLEANS_2011_20222023E-18467-23", "x": -90.06097412109375, "y": 30.023948669433594, "robbery": 1 }, "geometry": { "type": "Point", "coordinates": [ -90.060974120999958, 30.023948669000049 ] } },
{ "type": "Feature", "properties": { "OBJECTID": 93585, "id": "NEWORLEANS_2011_20222023E-19383-23", "x": -89.967674255371094, "y": 30.014299392700195, "robbery": 1 }, "geometry": { "type": "Point", "coordinates": [ -89.967674254999963, 30.014299393000044 ] } },
{ "type": "Feature", "properties": { "OBJECTID": 93586, "id": "NEWORLEANS_2011_20222023E-19952-23", "x": -90.065284729003906, "y": 29.959028244018555, "robbery": 1 }, "geometry": { "type": "Point", "coordinates": [ -90.065284728999984, 29.959028244000024 ] } },
{ "type": "Feature", "properties": { "OBJECTID": 93587, "id": "NEWORLEANS_2011_20222023E-20059-23", "x": -89.995887756347656, "y": 30.007783889770508, "robbery": 1 }, "geometry": { "type": "Point", "coordinates": [ -89.995887755999945, 30.007783890000042 ] } },
{ "type": "Feature", "properties": { "OBJECTID": 93588, "id": "NEWORLEANS_2011_20222023E-20124-23", "x": -90.051620483398438, "y": 30.006813049316406, "robbery": 1 }, "geometry": { "type": "Point", "coordinates": [ -90.051620482999965, 30.006813049000073 ] } },
{ "type": "Feature", "properties": { "OBJECTID": 93589, "id": "NEWORLEANS_2011_20222023E-20130-23", "x": -90.087982177734375, "y": 29.922294616699219, "robbery": 1 }, "geometry": { "type": "Point", "coordinates": [ -90.087982177999947, 29.922294617000034 ] } },
{ "type": "Feature", "properties": { "OBJECTID": 93590, "id": "NEWORLEANS_2011_20222023E-21254-23", "x": -89.962425231933594, "y": 30.047153472900391, "robbery": 1 }, "geometry": { "type": "Point", "coordinates": [ -89.962425231999987, 30.047153473000037 ] } },
{ "type": "Feature", "properties": { "OBJECTID": 93591, "id": "NEWORLEANS_2011_20222023E-21563-23", "x": -90.069168090820312, "y": 29.979005813598633, "robbery": 1 }, "geometry": { "type": "Point", "coordinates": [ -90.069168090999938, 29.979005814000061 ] } },
{ "type": "Feature", "properties": { "OBJECTID": 93592, "id": "NEWORLEANS_2011_20222023E-21583-23", "x": -90.026832580566406, "y": 29.927650451660156, "robbery": 1 }, "geometry": { "type": "Point", "coordinates": [ -90.026832580999951, 29.927650452000023 ] } },
{ "type": "Feature", "properties": { "OBJECTID": 93593, "id": "NEWORLEANS_2011_20222023E-21637-23", "x": -89.958702087402344, "y": 30.047075271606445, "robbery": 1 }, "geometry": { "type": "Point", "coordinates": [ -89.958702086999949, 30.047075272000029 ] } },
{ "type": "Feature", "properties": { "OBJECTID": 93594, "id": "NEWORLEANS_2011_20222023E-21772-23", "x": -90.088638305664062, "y": 29.963882446289062, "robbery": 1 }, "geometry": { "type": "Point", "coordinates": [ -90.08863830599995, 29.963882446000071 ] } },
{ "type": "Feature", "properties": { "OBJECTID": 93595, "id": "NEWORLEANS_2011_20222023E-21919-23", "x": -90.018440246582031, "y": 29.967254638671875, "robbery": 1 }, "geometry": { "type": "Point", "coordinates": [ -90.018440246999944, 29.967254639000032 ] } },
{ "type": "Feature", "properties": { "OBJECTID": 93596, "id": "NEWORLEANS_2011_20222023E-21950-23", "x": -90.086456298828125, "y": 30.006547927856445, "robbery": 1 }, "geometry": { "type": "Point", "coordinates": [ -90.086456298999963, 30.006547928000032 ] } },
{ "type": "Feature", "properties": { "OBJECTID": 93597, "id": "NEWORLEANS_2011_20222023E-23945-23", "x": -90.075103759765625, "y": 29.947811126708984, "robbery": 1 }, "geometry": { "type": "Point", "coordinates": [ -90.07510376, 29.94781112700008 ] } },
{ "type": "Feature", "properties": { "OBJECTID": 93598, "id": "NEWORLEANS_2011_20222023E-24336-23", "x": -90.100601196289062, "y": 29.948623657226562, "robbery": 1 }, "geometry": { "type": "Point", "coordinates": [ -90.100601195999957, 29.948623657000041 ] } },
{ "type": "Feature", "properties": { "OBJECTID": 93599, "id": "NEWORLEANS_2011_20222023E-24479-23", "x": -90.086044311523438, "y": 29.931020736694336, "robbery": 1 }, "geometry": { "type": "Point", "coordinates": [ -90.086044311999956, 29.93102073700004 ] } },
{ "type": "Feature", "properties": { "OBJECTID": 93600, "id": "NEWORLEANS_2011_20222023E-24722-23", "x": -90.066368103027344, "y": 29.952823638916016, "robbery": 1 }, "geometry": { "type": "Point", "coordinates": [ -90.066368102999945, 29.95282363900003 ] } },
{ "type": "Feature", "properties": { "OBJECTID": 93601, "id": "NEWORLEANS_2011_20222023E-25661-23", "x": -90.065177917480469, "y": 29.95905876159668, "robbery": 1 }, "geometry": { "type": "Point", "coordinates": [ -90.065177916999971, 29.959058762000041 ] } },
{ "type": "Feature", "properties": { "OBJECTID": 93602, "id": "NEWORLEANS_2011_20222023E-25850-23", "x": -90.067756652832031, "y": 29.970767974853516, "robbery": 1 }, "geometry": { "type": "Point", "coordinates": [ -90.067756652999947, 29.970767975000058 ] } },
{ "type": "Feature", "properties": { "OBJECTID": 93603, "id": "NEWORLEANS_2011_20222023E-26758-23", "x": -90.052787780761719, "y": 29.968738555908203, "robbery": 1 }, "geometry": { "type": "Point", "coordinates": [ -90.05278778099995, 29.968738556000062 ] } },
{ "type": "Feature", "properties": { "OBJECTID": 93604, "id": "NEWORLEANS_2011_20222023E-27008-23", "x": -90.010101318359375, "y": 30.036212921142578, "robbery": 1 }, "geometry": { "type": "Point", "coordinates": [ -90.010101317999954, 30.036212921000072 ] } },
{ "type": "Feature", "properties": { "OBJECTID": 93605, "id": "NEWORLEANS_2011_20222023E-27656-23", "x": -90.057762145996094, "y": 29.963533401489258, "robbery": 1 }, "geometry": { "type": "Point", "coordinates": [ -90.057762145999959, 29.963533401000063 ] } },
{ "type": "Feature", "properties": { "OBJECTID": 93606, "id": "NEWORLEANS_2011_20222023E-27704-23", "x": -90.065811157226562, "y": 29.958633422851562, "robbery": 1 }, "geometry": { "type": "Point", "coordinates": [ -90.065811156999985, 29.958633423000038 ] } },
{ "type": "Feature", "properties": { "OBJECTID": 93607, "id": "NEWORLEANS_2011_20222023E-27707-23", "x": -90.072830200195312, "y": 29.946796417236328, "robbery": 1 }, "geometry": { "type": "Point", "coordinates": [ -90.072830199999942, 29.94679641700003 ] } },
{ "type": "Feature", "properties": { "OBJECTID": 93608, "id": "NEWORLEANS_2011_20222023E-28823-23", "x": -90.0771484375, "y": 29.944023132324219, "robbery": 1 }, "geometry": { "type": "Point", "coordinates": [ -90.077148437999938, 29.944023132000041 ] } },
{ "type": "Feature", "properties": { "OBJECTID": 93609, "id": "NEWORLEANS_2011_20222023E-28976-23", "x": -89.957115173339844, "y": 30.0416259765625, "robbery": 1 }, "geometry": { "type": "Point", "coordinates": [ -89.957115172999977, 30.041625977000024 ] } },
{ "type": "Feature", "properties": { "OBJECTID": 93610, "id": "NEWORLEANS_2011_20222023E-29151-23", "x": -89.98626708984375, "y": 30.035533905029297, "robbery": 1 }, "geometry": { "type": "Point", "coordinates": [ -89.986267089999956, 30.035533905000079 ] } },
{ "type": "Feature", "properties": { "OBJECTID": 93611, "id": "NEWORLEANS_2011_20222023E-29165-23", "x": -90.064048767089844, "y": 29.951215744018555, "robbery": 1 }, "geometry": { "type": "Point", "coordinates": [ -90.064048766999974, 29.951215744000024 ] } },
{ "type": "Feature", "properties": { "OBJECTID": 93612, "id": "NEWORLEANS_2011_20222023E-29968-23", "x": -90.072708129882812, "y": 29.953506469726562, "robbery": 1 }, "geometry": { "type": "Point", "coordinates": [ -90.072708129999967, 29.953506470000036 ] } },
{ "type": "Feature", "properties": { "OBJECTID": 93613, "id": "NEWORLEANS_2011_20222023E-30206-23", "x": -90.081344604492188, "y": 29.99665641784668, "robbery": 1 }, "geometry": { "type": "Point", "coordinates": [ -90.08134460399998, 29.996656418000043 ] } },
{ "type": "Feature", "properties": { "OBJECTID": 93614, "id": "NEWORLEANS_2011_20222023E-31569-23", "x": -89.999931335449219, "y": 30.027065277099609, "robbery": 1 }, "geometry": { "type": "Point", "coordinates": [ -89.999931334999985, 30.027065277000077 ] } },
{ "type": "Feature", "properties": { "OBJECTID": 93615, "id": "NEWORLEANS_2011_20222023F-00979-23", "x": -90.06134033203125, "y": 29.97443962097168, "robbery": 1 }, "geometry": { "type": "Point", "coordinates": [ -90.061340331999986, 29.974439621000045 ] } },
{ "type": "Feature", "properties": { "OBJECTID": 93616, "id": "NEWORLEANS_2011_20222023F-01168-23", "x": -90.073188781738281, "y": 29.945125579833984, "robbery": 1 }, "geometry": { "type": "Point", "coordinates": [ -90.073188781999988, 29.945125580000024 ] } },
{ "type": "Feature", "properties": { "OBJECTID": 93617, "id": "NEWORLEANS_2011_20222023F-03635-23", "x": -90.083061218261719, "y": 29.962791442871094, "robbery": 1 }, "geometry": { "type": "Point", "coordinates": [ -90.083061217999955, 29.962791443000071 ] } },
{ "type": "Feature", "properties": { "OBJECTID": 93618, "id": "NEWORLEANS_2011_20222023F-03652-23", "x": -90.024955749511719, "y": 29.926858901977539, "robbery": 1 }, "geometry": { "type": "Point", "coordinates": [ -90.024955749999947, 29.926858902000049 ] } },
{ "type": "Feature", "properties": { "OBJECTID": 93619, "id": "NEWORLEANS_2011_20222023F-04094-23", "x": -90.039016723632812, "y": 29.963058471679688, "robbery": 1 }, "geometry": { "type": "Point", "coordinates": [ -90.039016723999964, 29.963058472000057 ] } },
{ "type": "Feature", "properties": { "OBJECTID": 93620, "id": "NEWORLEANS_2011_20222023F-04363-23", "x": -90.099319458007812, "y": 29.945558547973633, "robbery": 1 }, "geometry": { "type": "Point", "coordinates": [ -90.099319457999968, 29.945558548000065 ] } },
{ "type": "Feature", "properties": { "OBJECTID": 93621, "id": "NEWORLEANS_2011_20222023F-04542-23", "x": -89.9935302734375, "y": 29.907474517822266, "robbery": 1 }, "geometry": { "type": "Point", "coordinates": [ -89.993530272999976, 29.907474518000072 ] } },
{ "type": "Feature", "properties": { "OBJECTID": 93622, "id": "NEWORLEANS_2011_20222023F-04842-23", "x": -90.105506896972656, "y": 29.983528137207031, "robbery": 1 }, "geometry": { "type": "Point", "coordinates": [ -90.105506896999941, 29.983528137000064 ] } },
{ "type": "Feature", "properties": { "OBJECTID": 93623, "id": "NEWORLEANS_2011_20222023F-04882-23", "x": -89.988693237304688, "y": 30.035577774047852, "robbery": 1 }, "geometry": { "type": "Point", "coordinates": [ -89.98869323699995, 30.035577774000046 ] } },
{ "type": "Feature", "properties": { "OBJECTID": 93624, "id": "NEWORLEANS_2011_20222023F-05365-23", "x": -90.114418029785156, "y": 29.927322387695312, "robbery": 1 }, "geometry": { "type": "Point", "coordinates": [ -90.114418029999968, 29.92732238800005 ] } },
{ "type": "Feature", "properties": { "OBJECTID": 93625, "id": "NEWORLEANS_2011_20222023F-05659-23", "x": -90.11669921875, "y": 29.95924186706543, "robbery": 1 }, "geometry": { "type": "Point", "coordinates": [ -90.116699218999941, 29.95924186700006 ] } },
{ "type": "Feature", "properties": { "OBJECTID": 93626, "id": "NEWORLEANS_2011_20222023F-05706-23", "x": -90.070465087890625, "y": 29.937274932861328, "robbery": 1 }, "geometry": { "type": "Point", "coordinates": [ -90.070465087999935, 29.937274933000026 ] } },
{ "type": "Feature", "properties": { "OBJECTID": 93627, "id": "NEWORLEANS_2011_20222023F-05729-23", "x": -89.9866943359375, "y": 30.031223297119141, "robbery": 1 }, "geometry": { "type": "Point", "coordinates": [ -89.986694335999971, 30.031223297000054 ] } },
{ "type": "Feature", "properties": { "OBJECTID": 93628, "id": "NEWORLEANS_2011_20222023F-05914-23", "x": -90.120964050292969, "y": 29.972394943237305, "robbery": 1 }, "geometry": { "type": "Point", "coordinates": [ -90.120964049999941, 29.97239494300004 ] } },
{ "type": "Feature", "properties": { "OBJECTID": 93629, "id": "NEWORLEANS_2011_20222023F-06023-23", "x": -89.999862670898438, "y": 30.026760101318359, "robbery": 1 }, "geometry": { "type": "Point", "coordinates": [ -89.99986267099996, 30.026760101000036 ] } },
{ "type": "Feature", "properties": { "OBJECTID": 93630, "id": "NEWORLEANS_2011_20222023F-06476-23", "x": -90.084487915039062, "y": 29.933143615722656, "robbery": 1 }, "geometry": { "type": "Point", "coordinates": [ -90.084487914999954, 29.933143616000052 ] } },
{ "type": "Feature", "properties": { "OBJECTID": 93631, "id": "NEWORLEANS_2011_20222023F-06927-23", "x": -89.906501770019531, "y": 30.038106918334961, "robbery": 1 }, "geometry": { "type": "Point", "coordinates": [ -89.906501769999977, 30.03810691800004 ] } },
{ "type": "Feature", "properties": { "OBJECTID": 93632, "id": "NEWORLEANS_2011_20222023F-07623-23", "x": -89.928733825683594, "y": 30.032934188842773, "robbery": 1 }, "geometry": { "type": "Point", "coordinates": [ -89.928733825999984, 30.032934189000059 ] } },
{ "type": "Feature", "properties": { "OBJECTID": 93633, "id": "NEWORLEANS_2011_20222023F-07661-23", "x": -90.066177368164062, "y": 29.973920822143555, "robbery": 1 }, "geometry": { "type": "Point", "coordinates": [ -90.066177367999956, 29.973920822000025 ] } },
{ "type": "Feature", "properties": { "OBJECTID": 93634, "id": "NEWORLEANS_2011_20222023F-07856-23", "x": -90.096687316894531, "y": 29.966642379760742, "robbery": 1 }, "geometry": { "type": "Point", "coordinates": [ -90.096687316999976, 29.966642380000053 ] } },
{ "type": "Feature", "properties": { "OBJECTID": 93635, "id": "NEWORLEANS_2011_20222023F-07921-23", "x": -90.088157653808594, "y": 29.925344467163086, "robbery": 1 }, "geometry": { "type": "Point", "coordinates": [ -90.088157653999986, 29.925344467000059 ] } },
{ "type": "Feature", "properties": { "OBJECTID": 93636, "id": "NEWORLEANS_2011_20222023F-08061-23", "x": -90.054534912109375, "y": 29.968633651733398, "robbery": 1 }, "geometry": { "type": "Point", "coordinates": [ -90.054534911999951, 29.968633652000051 ] } },
{ "type": "Feature", "properties": { "OBJECTID": 93637, "id": "NEWORLEANS_2011_20222023F-08190-23", "x": -89.993064880371094, "y": 30.028623580932617, "robbery": 1 }, "geometry": { "type": "Point", "coordinates": [ -89.993064879999963, 30.028623581000033 ] } },
{ "type": "Feature", "properties": { "OBJECTID": 93638, "id": "NEWORLEANS_2011_20222023F-08236-23", "x": -89.999893188476562, "y": 30.026906967163086, "robbery": 1 }, "geometry": { "type": "Point", "coordinates": [ -89.999893187999987, 30.026906967000059 ] } },
{ "type": "Feature", "properties": { "OBJECTID": 93639, "id": "NEWORLEANS_2011_20222023F-08669-23", "x": -90.076866149902344, "y": 29.927093505859375, "robbery": 1 }, "geometry": { "type": "Point", "coordinates": [ -90.076866149999944, 29.927093506000062 ] } },
{ "type": "Feature", "properties": { "OBJECTID": 93640, "id": "NEWORLEANS_2011_20222023F-09083-23", "x": -90.1075439453125, "y": 29.922422409057617, "robbery": 1 }, "geometry": { "type": "Point", "coordinates": [ -90.107543944999975, 29.922422409000035 ] } },
{ "type": "Feature", "properties": { "OBJECTID": 93641, "id": "NEWORLEANS_2011_20222023F-09876-23", "x": -90.020347595214844, "y": 29.934024810791016, "robbery": 1 }, "geometry": { "type": "Point", "coordinates": [ -90.020347594999976, 29.934024811000029 ] } },
{ "type": "Feature", "properties": { "OBJECTID": 93642, "id": "NEWORLEANS_2011_20222023F-10101-23", "x": -90.062370300292969, "y": 29.949865341186523, "robbery": 1 }, "geometry": { "type": "Point", "coordinates": [ -90.062370299999941, 29.949865341000077 ] } },
{ "type": "Feature", "properties": { "OBJECTID": 93643, "id": "NEWORLEANS_2011_20222023F-10338-23", "x": -89.999847412109375, "y": 30.026706695556641, "robbery": 1 }, "geometry": { "type": "Point", "coordinates": [ -89.999847411999951, 30.026706696000076 ] } },
{ "type": "Feature", "properties": { "OBJECTID": 93644, "id": "NEWORLEANS_2011_20222023F-11911-23", "x": -90.112205505371094, "y": 29.923288345336914, "robbery": 1 }, "geometry": { "type": "Point", "coordinates": [ -90.112205504999963, 29.92328834500006 ] } },
{ "type": "Feature", "properties": { "OBJECTID": 93645, "id": "NEWORLEANS_2011_20222023F-12026-23", "x": -90.068687438964844, "y": 29.959451675415039, "robbery": 1 }, "geometry": { "type": "Point", "coordinates": [ -90.068687438999973, 29.959451675000025 ] } },
{ "type": "Feature", "properties": { "OBJECTID": 93646, "id": "NEWORLEANS_2011_20222023F-12416-23", "x": -89.999839782714844, "y": 30.026653289794922, "robbery": 1 }, "geometry": { "type": "Point", "coordinates": [ -89.99983978299997, 30.02665329000007 ] } },
{ "type": "Feature", "properties": { "OBJECTID": 93647, "id": "NEWORLEANS_2011_20222023F-12980-23", "x": -90.066368103027344, "y": 29.957828521728516, "robbery": 1 }, "geometry": { "type": "Point", "coordinates": [ -90.066368102999945, 29.957828522000057 ] } },
{ "type": "Feature", "properties": { "OBJECTID": 93648, "id": "NEWORLEANS_2011_20222023F-13298-23", "x": -90.079002380371094, "y": 29.939060211181641, "robbery": 1 }, "geometry": { "type": "Point", "coordinates": [ -90.079002379999963, 29.939060211000026 ] } },
{ "type": "Feature", "properties": { "OBJECTID": 93649, "id": "NEWORLEANS_2011_20222023F-13876-23", "x": -90.131057739257812, "y": 29.948312759399414, "robbery": 1 }, "geometry": { "type": "Point", "coordinates": [ -90.131057738999971, 29.948312759000032 ] } },
{ "type": "Feature", "properties": { "OBJECTID": 93650, "id": "NEWORLEANS_2011_20222023F-14253-23", "x": -90.075157165527344, "y": 29.953205108642578, "robbery": 1 }, "geometry": { "type": "Point", "coordinates": [ -90.07515716599994, 29.953205109000066 ] } },
{ "type": "Feature", "properties": { "OBJECTID": 93651, "id": "NEWORLEANS_2011_20222023F-14285-23", "x": -90.017631530761719, "y": 30.01649284362793, "robbery": 1 }, "geometry": { "type": "Point", "coordinates": [ -90.01763153099995, 30.016492844000027 ] } },
{ "type": "Feature", "properties": { "OBJECTID": 93652, "id": "NEWORLEANS_2011_20222023F-15243-23", "x": -90.066551208496094, "y": 29.957717895507812, "robbery": 1 }, "geometry": { "type": "Point", "coordinates": [ -90.066551207999964, 29.957717896000077 ] } },
{ "type": "Feature", "properties": { "OBJECTID": 93653, "id": "NEWORLEANS_2011_20222023F-15766-23", "x": -90.086074829101562, "y": 29.940664291381836, "robbery": 1 }, "geometry": { "type": "Point", "coordinates": [ -90.086074828999983, 29.940664291000076 ] } },
{ "type": "Feature", "properties": { "OBJECTID": 93654, "id": "NEWORLEANS_2011_20222023F-15803-23", "x": -90.080032348632812, "y": 30.023281097412109, "robbery": 1 }, "geometry": { "type": "Point", "coordinates": [ -90.080032348999964, 30.023281097000051 ] } },
{ "type": "Feature", "properties": { "OBJECTID": 93655, "id": "NEWORLEANS_2011_20222023F-15969-23", "x": -90.103775024414062, "y": 29.977386474609375, "robbery": 1 }, "geometry": { "type": "Point", "coordinates": [ -90.103775023999958, 29.97738647500006 ] } },
{ "type": "Feature", "properties": { "OBJECTID": 93656, "id": "NEWORLEANS_2011_20222023F-16089-23", "x": -90.015861511230469, "y": 30.010610580444336, "robbery": 1 }, "geometry": { "type": "Point", "coordinates": [ -90.015861510999969, 30.010610580000048 ] } },
{ "type": "Feature", "properties": { "OBJECTID": 93657, "id": "NEWORLEANS_2011_20222023F-16111-23", "x": -90.118911743164062, "y": 29.947519302368164, "robbery": 1 }, "geometry": { "type": "Point", "coordinates": [ -90.118911742999956, 29.947519302000046 ] } },
{ "type": "Feature", "properties": { "OBJECTID": 93658, "id": "NEWORLEANS_2011_20222023F-16503-23", "x": -90.090957641601562, "y": 29.942258834838867, "robbery": 1 }, "geometry": { "type": "Point", "coordinates": [ -90.090957641999978, 29.942258835000075 ] } },
{ "type": "Feature", "properties": { "OBJECTID": 93659, "id": "NEWORLEANS_2011_20222023F-17074-23", "x": -90.092369079589844, "y": 29.94688606262207, "robbery": 1 }, "geometry": { "type": "Point", "coordinates": [ -90.092369079999969, 29.946886063000079 ] } },
{ "type": "Feature", "properties": { "OBJECTID": 93660, "id": "NEWORLEANS_2011_20222023F-17249-23", "x": -90.068222045898438, "y": 29.954010009765625, "robbery": 1 }, "geometry": { "type": "Point", "coordinates": [ -90.06822204599996, 29.954010010000047 ] } },
{ "type": "Feature", "properties": { "OBJECTID": 93661, "id": "NEWORLEANS_2011_20222023F-17979-23", "x": -90.067314147949219, "y": 29.964998245239258, "robbery": 1 }, "geometry": { "type": "Point", "coordinates": [ -90.06731414799998, 29.964998245000061 ] } },
{ "type": "Feature", "properties": { "OBJECTID": 93662, "id": "NEWORLEANS_2011_20222023F-18843-23", "x": -90.080406188964844, "y": 29.934076309204102, "robbery": 1 }, "geometry": { "type": "Point", "coordinates": [ -90.080406188999973, 29.934076309000034 ] } },
{ "type": "Feature", "properties": { "OBJECTID": 93663, "id": "NEWORLEANS_2011_20222023F-18911-23", "x": -90.091453552246094, "y": 29.946708679199219, "robbery": 1 }, "geometry": { "type": "Point", "coordinates": [ -90.091453551999962, 29.946708679000039 ] } },
{ "type": "Feature", "properties": { "OBJECTID": 93664, "id": "NEWORLEANS_2011_20222023F-20048-23", "x": -90.081939697265625, "y": 29.956357955932617, "robbery": 1 }, "geometry": { "type": "Point", "coordinates": [ -90.081939696999939, 29.956357956000033 ] } },
{ "type": "Feature", "properties": { "OBJECTID": 93665, "id": "NEWORLEANS_2011_20222023F-20976-23", "x": -90.06915283203125, "y": 29.954713821411133, "robbery": 1 }, "geometry": { "type": "Point", "coordinates": [ -90.069152831999986, 29.954713821000041 ] } },
{ "type": "Feature", "properties": { "OBJECTID": 93666, "id": "NEWORLEANS_2011_20222023F-21203-23", "x": -90.0413818359375, "y": 29.95423698425293, "robbery": 1 }, "geometry": { "type": "Point", "coordinates": [ -90.041381835999971, 29.954236984000033 ] } },
{ "type": "Feature", "properties": { "OBJECTID": 93667, "id": "NEWORLEANS_2011_20222023F-21488-23", "x": -90.039588928222656, "y": 29.935806274414062, "robbery": 1 }, "geometry": { "type": "Point", "coordinates": [ -90.039588927999944, 29.935806274000072 ] } },
{ "type": "Feature", "properties": { "OBJECTID": 93668, "id": "NEWORLEANS_2011_20222023F-21933-23", "x": -90.096389770507812, "y": 29.944835662841797, "robbery": 1 }, "geometry": { "type": "Point", "coordinates": [ -90.096389770999963, 29.944835663000049 ] } },
{ "type": "Feature", "properties": { "OBJECTID": 93669, "id": "NEWORLEANS_2011_20222023F-23135-23", "x": -90.095809936523438, "y": 29.949024200439453, "robbery": 1 }, "geometry": { "type": "Point", "coordinates": [ -90.095809936999956, 29.949024200000053 ] } },
{ "type": "Feature", "properties": { "OBJECTID": 93670, "id": "NEWORLEANS_2011_20222023F-23231-23", "x": -90.051620483398438, "y": 29.96881103515625, "robbery": 1 }, "geometry": { "type": "Point", "coordinates": [ -90.051620482999965, 29.968811035000044 ] } },
{ "type": "Feature", "properties": { "OBJECTID": 93671, "id": "NEWORLEANS_2011_20222023F-23902-23", "x": -90.068084716796875, "y": 29.95643424987793, "robbery": 1 }, "geometry": { "type": "Point", "coordinates": [ -90.068084716999977, 29.956434250000029 ] } },
{ "type": "Feature", "properties": { "OBJECTID": 93672, "id": "NEWORLEANS_2011_20222023F-24805-23", "x": -89.962486267089844, "y": 30.04810905456543, "robbery": 1 }, "geometry": { "type": "Point", "coordinates": [ -89.962486266999974, 30.048109055000054 ] } },
{ "type": "Feature", "properties": { "OBJECTID": 93673, "id": "NEWORLEANS_2011_20222023F-26821-23", "x": -90.067420959472656, "y": 29.955135345458984, "robbery": 1 }, "geometry": { "type": "Point", "coordinates": [ -90.067420958999946, 29.955135345000031 ] } },
{ "type": "Feature", "properties": { "OBJECTID": 93674, "id": "NEWORLEANS_2011_20222023F-27393-23", "x": -90.107719421386719, "y": 29.969736099243164, "robbery": 1 }, "geometry": { "type": "Point", "coordinates": [ -90.107719420999956, 29.969736099000045 ] } },
{ "type": "Feature", "properties": { "OBJECTID": 93675, "id": "NEWORLEANS_2011_20222023G-00941-23", "x": -90.069351196289062, "y": 29.959697723388672, "robbery": 1 }, "geometry": { "type": "Point", "coordinates": [ -90.069351195999957, 29.959697723000033 ] } },
{ "type": "Feature", "properties": { "OBJECTID": 93676, "id": "NEWORLEANS_2011_20222023G-00984-23", "x": -90.065147399902344, "y": 29.953348159790039, "robbery": 1 }, "geometry": { "type": "Point", "coordinates": [ -90.065147399999944, 29.953348160000075 ] } },
{ "type": "Feature", "properties": { "OBJECTID": 93677, "id": "NEWORLEANS_2011_20222023G-03610-23", "x": -90.053451538085938, "y": 29.970224380493164, "robbery": 1 }, "geometry": { "type": "Point", "coordinates": [ -90.053451538, 29.970224380000047 ] } },
{ "type": "Feature", "properties": { "OBJECTID": 93678, "id": "NEWORLEANS_2011_20222023G-04010-23", "x": -90.095329284667969, "y": 29.939319610595703, "robbery": 1 }, "geometry": { "type": "Point", "coordinates": [ -90.095329285, 29.93931961100003 ] } },
{ "type": "Feature", "properties": { "OBJECTID": 93679, "id": "NEWORLEANS_2011_20222023G-04366-23", "x": -90.031257629394531, "y": 29.972633361816406, "robbery": 1 }, "geometry": { "type": "Point", "coordinates": [ -90.031257628999981, 29.972633362000067 ] } },
{ "type": "Feature", "properties": { "OBJECTID": 93680, "id": "NEWORLEANS_2011_20222023G-04696-23", "x": -90.080284118652344, "y": 29.925127029418945, "robbery": 1 }, "geometry": { "type": "Point", "coordinates": [ -90.080284118999941, 29.925127029000066 ] } },
{ "type": "Feature", "properties": { "OBJECTID": 93681, "id": "NEWORLEANS_2011_20222023G-04763-23", "x": -89.963279724121094, "y": 30.048601150512695, "robbery": 1 }, "geometry": { "type": "Point", "coordinates": [ -89.96327972399996, 30.048601151000071 ] } },
{ "type": "Feature", "properties": { "OBJECTID": 93682, "id": "NEWORLEANS_2011_20222023G-04974-23", "x": -90.08978271484375, "y": 29.922618865966797, "robbery": 1 }, "geometry": { "type": "Point", "coordinates": [ -90.089782714999956, 29.92261886600005 ] } },
{ "type": "Feature", "properties": { "OBJECTID": 93683, "id": "NEWORLEANS_2011_20222023G-05031-23", "x": -90.111724853515625, "y": 29.943239212036133, "robbery": 1 }, "geometry": { "type": "Point", "coordinates": [ -90.111724853999988, 29.943239212000037 ] } },
{ "type": "Feature", "properties": { "OBJECTID": 93684, "id": "NEWORLEANS_2011_20222023G-05035-23", "x": -90.077354431152344, "y": 29.929300308227539, "robbery": 1 }, "geometry": { "type": "Point", "coordinates": [ -90.077354430999947, 29.929300308000052 ] } },
{ "type": "Feature", "properties": { "OBJECTID": 93685, "id": "NEWORLEANS_2011_20222023G-05351-23", "x": -90.068710327148438, "y": 29.953142166137695, "robbery": 1 }, "geometry": { "type": "Point", "coordinates": [ -90.068710326999962, 29.953142166000077 ] } },
{ "type": "Feature", "properties": { "OBJECTID": 93686, "id": "NEWORLEANS_2011_20222023G-05907-23", "x": -90.068710327148438, "y": 29.95573616027832, "robbery": 1 }, "geometry": { "type": "Point", "coordinates": [ -90.068710326999962, 29.955736160000072 ] } },
{ "type": "Feature", "properties": { "OBJECTID": 93687, "id": "NEWORLEANS_2011_20222023G-05966-23", "x": -90.015708923339844, "y": 30.027179718017578, "robbery": 1 }, "geometry": { "type": "Point", "coordinates": [ -90.015708922999977, 30.02717971800007 ] } },
{ "type": "Feature", "properties": { "OBJECTID": 93688, "id": "NEWORLEANS_2011_20222023G-06070-23", "x": -90.06756591796875, "y": 29.957300186157227, "robbery": 1 }, "geometry": { "type": "Point", "coordinates": [ -90.067565917999957, 29.957300186000055 ] } },
{ "type": "Feature", "properties": { "OBJECTID": 93689, "id": "NEWORLEANS_2011_20222023G-06856-23", "x": -90.075408935546875, "y": 29.95732307434082, "robbery": 1 }, "geometry": { "type": "Point", "coordinates": [ -90.075408935999974, 29.957323074000044 ] } },
{ "type": "Feature", "properties": { "OBJECTID": 93690, "id": "NEWORLEANS_2011_20222023G-07755-23", "x": -90.022041320800781, "y": 29.960756301879883, "robbery": 1 }, "geometry": { "type": "Point", "coordinates": [ -90.022041320999961, 29.96075630200005 ] } },
{ "type": "Feature", "properties": { "OBJECTID": 93691, "id": "NEWORLEANS_2011_20222023G-08765-23", "x": -90.071426391601562, "y": 29.970247268676758, "robbery": 1 }, "geometry": { "type": "Point", "coordinates": [ -90.071426391999978, 29.970247269000026 ] } },
{ "type": "Feature", "properties": { "OBJECTID": 93692, "id": "NEWORLEANS_2011_20222023G-09132-23", "x": -90.069526672363281, "y": 29.953699111938477, "robbery": 1 }, "geometry": { "type": "Point", "coordinates": [ -90.069526671999938, 29.953699112000038 ] } },
{ "type": "Feature", "properties": { "OBJECTID": 93693, "id": "NEWORLEANS_2011_20222023G-09850-23", "x": -90.013290405273438, "y": 30.031560897827148, "robbery": 1 }, "geometry": { "type": "Point", "coordinates": [ -90.013290404999964, 30.031560898000066 ] } },
{ "type": "Feature", "properties": { "OBJECTID": 93694, "id": "NEWORLEANS_2011_20222023G-09925-23", "x": -90.072479248046875, "y": 29.947977066040039, "robbery": 1 }, "geometry": { "type": "Point", "coordinates": [ -90.072479247999979, 29.947977066000078 ] } },
{ "type": "Feature", "properties": { "OBJECTID": 93695, "id": "NEWORLEANS_2011_20222023G-10076-23", "x": -90.067245483398438, "y": 29.956933975219727, "robbery": 1 }, "geometry": { "type": "Point", "coordinates": [ -90.067245482999965, 29.956933975000027 ] } },
{ "type": "Feature", "properties": { "OBJECTID": 93696, "id": "NEWORLEANS_2011_20222023G-10132-23", "x": -90.009468078613281, "y": 30.017892837524414, "robbery": 1 }, "geometry": { "type": "Point", "coordinates": [ -90.009468078999987, 30.017892838000023 ] } },
{ "type": "Feature", "properties": { "OBJECTID": 93697, "id": "NEWORLEANS_2011_20222023G-11903-23", "x": -90.072509765625, "y": 29.94764518737793, "robbery": 1 }, "geometry": { "type": "Point", "coordinates": [ -90.072509765999939, 29.947645187000035 ] } },
{ "type": "Feature", "properties": { "OBJECTID": 93698, "id": "NEWORLEANS_2011_20222023G-13376-23", "x": -89.965568542480469, "y": 30.051336288452148, "robbery": 1 }, "geometry": { "type": "Point", "coordinates": [ -89.965568541999971, 30.051336288000073 ] } },
{ "type": "Feature", "properties": { "OBJECTID": 93699, "id": "NEWORLEANS_2011_20222023G-13389-23", "x": -90.0325927734375, "y": 29.971811294555664, "robbery": 1 }, "geometry": { "type": "Point", "coordinates": [ -90.032592772999976, 29.971811295000066 ] } },
{ "type": "Feature", "properties": { "OBJECTID": 93700, "id": "NEWORLEANS_2011_20222023G-14714-23", "x": -90.046592712402344, "y": 29.97808837890625, "robbery": 1 }, "geometry": { "type": "Point", "coordinates": [ -90.046592711999949, 29.978088379000042 ] } },
{ "type": "Feature", "properties": { "OBJECTID": 93701, "id": "NEWORLEANS_2011_20222023G-16993-23", "x": -90.068519592285156, "y": 29.980014801025391, "robbery": 1 }, "geometry": { "type": "Point", "coordinates": [ -90.068519591999973, 29.980014801000038 ] } },
{ "type": "Feature", "properties": { "OBJECTID": 93702, "id": "NEWORLEANS_2011_20222023G-17622-23", "x": -89.990364074707031, "y": 30.045793533325195, "robbery": 1 }, "geometry": { "type": "Point", "coordinates": [ -89.990364074999945, 30.045793533000051 ] } },
{ "type": "Feature", "properties": { "OBJECTID": 93703, "id": "NEWORLEANS_2011_20222023G-17730-23", "x": -90.085792541503906, "y": 30.012744903564453, "robbery": 1 }, "geometry": { "type": "Point", "coordinates": [ -90.085792541999979, 30.012744904000044 ] } },
{ "type": "Feature", "properties": { "OBJECTID": 93704, "id": "NEWORLEANS_2011_20222023G-18773-23", "x": -89.9947509765625, "y": 29.928237915039062, "robbery": 1 }, "geometry": { "type": "Point", "coordinates": [ -89.994750976999967, 29.928237915000068 ] } },
{ "type": "Feature", "properties": { "OBJECTID": 93705, "id": "NEWORLEANS_2011_20222023G-20843-23", "x": -90.041778564453125, "y": 30.003396987915039, "robbery": 1 }, "geometry": { "type": "Point", "coordinates": [ -90.041778563999969, 30.003396988000077 ] } },
{ "type": "Feature", "properties": { "OBJECTID": 93706, "id": "NEWORLEANS_2011_20222023G-21482-23", "x": -90.077705383300781, "y": 29.958803176879883, "robbery": 1 }, "geometry": { "type": "Point", "coordinates": [ -90.077705382999966, 29.95880317700005 ] } },
{ "type": "Feature", "properties": { "OBJECTID": 93707, "id": "NEWORLEANS_2011_20222023G-22080-23", "x": -90.042427062988281, "y": 30.00291633605957, "robbery": 1 }, "geometry": { "type": "Point", "coordinates": [ -90.042427063, 30.002916336000055 ] } },
{ "type": "Feature", "properties": { "OBJECTID": 93708, "id": "NEWORLEANS_2011_20222023G-22339-23", "x": -89.991996765136719, "y": 30.013635635375977, "robbery": 1 }, "geometry": { "type": "Point", "coordinates": [ -89.991996764999953, 30.013635635000071 ] } },
{ "type": "Feature", "properties": { "OBJECTID": 93709, "id": "NEWORLEANS_2011_20222023G-23751-23", "x": -90.03546142578125, "y": 30.001226425170898, "robbery": 1 }, "geometry": { "type": "Point", "coordinates": [ -90.035461425999983, 30.001226425000027 ] } },
{ "type": "Feature", "properties": { "OBJECTID": 93710, "id": "NEWORLEANS_2011_20222023G-24288-23", "x": -90.022560119628906, "y": 29.918937683105469, "robbery": 1 }, "geometry": { "type": "Point", "coordinates": [ -90.02256011999998, 29.918937683000024 ] } },
{ "type": "Feature", "properties": { "OBJECTID": 93711, "id": "NEWORLEANS_2011_20222023G-24294-23", "x": -90.050468444824219, "y": 29.955106735229492, "robbery": 1 }, "geometry": { "type": "Point", "coordinates": [ -90.050468444999979, 29.955106735000072 ] } },
{ "type": "Feature", "properties": { "OBJECTID": 93712, "id": "NEWORLEANS_2011_20222023G-24857-23", "x": -90.131309509277344, "y": 29.956417083740234, "robbery": 1 }, "geometry": { "type": "Point", "coordinates": [ -90.131309508999948, 29.956417084000066 ] } },
{ "type": "Feature", "properties": { "OBJECTID": 93713, "id": "NEWORLEANS_2011_20222023G-26520-23", "x": -90.104049682617188, "y": 29.939981460571289, "robbery": 1 }, "geometry": { "type": "Point", "coordinates": [ -90.104049682999971, 29.939981461000059 ] } },
{ "type": "Feature", "properties": { "OBJECTID": 93714, "id": "NEWORLEANS_2011_20222023G-27071-23", "x": -90.073570251464844, "y": 29.950393676757812, "robbery": 1 }, "geometry": { "type": "Point", "coordinates": [ -90.073570250999978, 29.950393677000079 ] } },
{ "type": "Feature", "properties": { "OBJECTID": 93715, "id": "NEWORLEANS_2011_20222023G-27153-23", "x": -90.106559753417969, "y": 30.019559860229492, "robbery": 1 }, "geometry": { "type": "Point", "coordinates": [ -90.106559752999942, 30.019559860000072 ] } },
{ "type": "Feature", "properties": { "OBJECTID": 93716, "id": "NEWORLEANS_2011_20222023G-27323-23", "x": -90.023155212402344, "y": 29.963088989257812, "robbery": 1 }, "geometry": { "type": "Point", "coordinates": [ -90.023155211999949, 29.963088989000028 ] } },
{ "type": "Feature", "properties": { "OBJECTID": 93717, "id": "NEWORLEANS_2011_20222023G-27501-23", "x": -90.068191528320312, "y": 29.956657409667969, "robbery": 1 }, "geometry": { "type": "Point", "coordinates": [ -90.068191527999943, 29.956657410000048 ] } },
{ "type": "Feature", "properties": { "OBJECTID": 93718, "id": "NEWORLEANS_2011_20222023G-28097-23", "x": -89.984283447265625, "y": 30.04222297668457, "robbery": 1 }, "geometry": { "type": "Point", "coordinates": [ -89.984283446999939, 30.042222977000051 ] } },
{ "type": "Feature", "properties": { "OBJECTID": 93719, "id": "NEWORLEANS_2011_20222023G-28215-23", "x": -90.073646545410156, "y": 29.956119537353516, "robbery": 1 }, "geometry": { "type": "Point", "coordinates": [ -90.073646544999974, 29.956119537000063 ] } },
{ "type": "Feature", "properties": { "OBJECTID": 93720, "id": "NEWORLEANS_2011_20222023G-28253-23", "x": -90.0592041015625, "y": 30.001659393310547, "robbery": 1 }, "geometry": { "type": "Point", "coordinates": [ -90.059204101999967, 30.001659393000068 ] } },
{ "type": "Feature", "properties": { "OBJECTID": 93721, "id": "NEWORLEANS_2011_20222023G-28955-23", "x": -90.065811157226562, "y": 29.992452621459961, "robbery": 1 }, "geometry": { "type": "Point", "coordinates": [ -90.065811156999985, 29.992452621000041 ] } },
{ "type": "Feature", "properties": { "OBJECTID": 93722, "id": "NEWORLEANS_2011_20222023G-29639-23", "x": -90.066810607910156, "y": 29.952241897583008, "robbery": 1 }, "geometry": { "type": "Point", "coordinates": [ -90.066810607999969, 29.952241898000068 ] } },
{ "type": "Feature", "properties": { "OBJECTID": 93723, "id": "NEWORLEANS_2011_20222023H-00859-23", "x": -89.985511779785156, "y": 30.03093147277832, "robbery": 1 }, "geometry": { "type": "Point", "coordinates": [ -89.985511779999968, 30.030931473000066 ] } },
{ "type": "Feature", "properties": { "OBJECTID": 93724, "id": "NEWORLEANS_2011_20222023H-01016-23", "x": -90.077606201171875, "y": 29.944982528686523, "robbery": 1 }, "geometry": { "type": "Point", "coordinates": [ -90.077606200999981, 29.944982529000072 ] } },
{ "type": "Feature", "properties": { "OBJECTID": 93725, "id": "NEWORLEANS_2011_20222023H-01075-23", "x": -90.010726928710938, "y": 30.010900497436523, "robbery": 1 }, "geometry": { "type": "Point", "coordinates": [ -90.010726928999986, 30.01090049700008 ] } },
{ "type": "Feature", "properties": { "OBJECTID": 93726, "id": "NEWORLEANS_2011_20222023H-01819-23", "x": -90.014732360839844, "y": 29.961980819702148, "robbery": 1 }, "geometry": { "type": "Point", "coordinates": [ -90.014732360999972, 29.961980820000065 ] } },
{ "type": "Feature", "properties": { "OBJECTID": 93727, "id": "NEWORLEANS_2011_20222023H-01883-23", "x": -89.993545532226562, "y": 29.907215118408203, "robbery": 1 }, "geometry": { "type": "Point", "coordinates": [ -89.993545531999985, 29.907215118000067 ] } },
{ "type": "Feature", "properties": { "OBJECTID": 93728, "id": "NEWORLEANS_2011_20222023H-01892-23", "x": -90.051033020019531, "y": 29.968391418457031, "robbery": 1 }, "geometry": { "type": "Point", "coordinates": [ -90.051033019999977, 29.968391418000067 ] } },
{ "type": "Feature", "properties": { "OBJECTID": 93729, "id": "NEWORLEANS_2011_20222023H-02412-23", "x": -90.057151794433594, "y": 29.975805282592773, "robbery": 1 }, "geometry": { "type": "Point", "coordinates": [ -90.057151793999935, 29.975805283000057 ] } },
{ "type": "Feature", "properties": { "OBJECTID": 93730, "id": "NEWORLEANS_2011_20222023H-03533-23", "x": -90.133682250976562, "y": 29.943803787231445, "robbery": 1 }, "geometry": { "type": "Point", "coordinates": [ -90.133682250999982, 29.943803787000036 ] } },
{ "type": "Feature", "properties": { "OBJECTID": 93731, "id": "NEWORLEANS_2011_20222023H-04675-23", "x": -90.025421142578125, "y": 29.939813613891602, "robbery": 1 }, "geometry": { "type": "Point", "coordinates": [ -90.02542114299996, 29.939813614000059 ] } },
{ "type": "Feature", "properties": { "OBJECTID": 93732, "id": "NEWORLEANS_2011_20222023H-05492-23", "x": -90.10107421875, "y": 29.926425933837891, "robbery": 1 }, "geometry": { "type": "Point", "coordinates": [ -90.101074218999941, 29.926425934000065 ] } },
{ "type": "Feature", "properties": { "OBJECTID": 93733, "id": "NEWORLEANS_2011_20222023H-05781-23", "x": -90.031051635742188, "y": 29.938413619995117, "robbery": 1 }, "geometry": { "type": "Point", "coordinates": [ -90.031051635999972, 29.938413620000063 ] } },
{ "type": "Feature", "properties": { "OBJECTID": 93734, "id": "NEWORLEANS_2011_20222023H-05802-23", "x": -90.077690124511719, "y": 29.954500198364258, "robbery": 1 }, "geometry": { "type": "Point", "coordinates": [ -90.077690124999947, 29.954500198000062 ] } },
{ "type": "Feature", "properties": { "OBJECTID": 93735, "id": "NEWORLEANS_2011_20222023H-06723-23", "x": -90.070602416992188, "y": 29.990930557250977, "robbery": 1 }, "geometry": { "type": "Point", "coordinates": [ -90.070602416999975, 29.99093055700007 ] } },
{ "type": "Feature", "properties": { "OBJECTID": 93736, "id": "NEWORLEANS_2011_20222023H-09212-23", "x": -90.018646240234375, "y": 30.018775939941406, "robbery": 1 }, "geometry": { "type": "Point", "coordinates": [ -90.018646239999953, 30.018775940000069 ] } },
{ "type": "Feature", "properties": { "OBJECTID": 93737, "id": "NEWORLEANS_2011_20222023H-09582-23", "x": -89.944473266601562, "y": 30.01274299621582, "robbery": 1 }, "geometry": { "type": "Point", "coordinates": [ -89.944473266999978, 30.012742996000043 ] } },
{ "type": "Feature", "properties": { "OBJECTID": 93738, "id": "NEWORLEANS_2011_20222023H-09788-23", "x": -90.067070007324219, "y": 29.957040786743164, "robbery": 1 }, "geometry": { "type": "Point", "coordinates": [ -90.067070006999984, 29.957040787000039 ] } },
{ "type": "Feature", "properties": { "OBJECTID": 93739, "id": "NEWORLEANS_2011_20222023H-10022-23", "x": -89.996124267578125, "y": 29.928535461425781, "robbery": 1 }, "geometry": { "type": "Point", "coordinates": [ -89.99612426799996, 29.928535461000024 ] } },
{ "type": "Feature", "properties": { "OBJECTID": 93740, "id": "NEWORLEANS_2011_20222023H-11416-23", "x": -90.070884704589844, "y": 29.952861785888672, "robbery": 1 }, "geometry": { "type": "Point", "coordinates": [ -90.070884704999969, 29.952861786000028 ] } },
{ "type": "Feature", "properties": { "OBJECTID": 93741, "id": "NEWORLEANS_2011_20222023H-12139-23", "x": -90.071968078613281, "y": 29.964357376098633, "robbery": 1 }, "geometry": { "type": "Point", "coordinates": [ -90.071968078999987, 29.964357376000066 ] } },
{ "type": "Feature", "properties": { "OBJECTID": 93742, "id": "NEWORLEANS_2011_20222023H-12304-23", "x": -90.107490539550781, "y": 29.979410171508789, "robbery": 1 }, "geometry": { "type": "Point", "coordinates": [ -90.107490539999958, 29.97941017200003 ] } },
{ "type": "Feature", "properties": { "OBJECTID": 93743, "id": "NEWORLEANS_2011_20222023H-14320-23", "x": -90.072982788085938, "y": 29.943849563598633, "robbery": 1 }, "geometry": { "type": "Point", "coordinates": [ -90.072982788, 29.943849564000061 ] } },
{ "type": "Feature", "properties": { "OBJECTID": 93744, "id": "NEWORLEANS_2011_20222023H-14674-23", "x": -90.098869323730469, "y": 29.97593879699707, "robbery": 1 }, "geometry": { "type": "Point", "coordinates": [ -90.098869323999963, 29.975938797000026 ] } },
{ "type": "Feature", "properties": { "OBJECTID": 93745, "id": "NEWORLEANS_2011_20222023H-14828-23", "x": -90.013053894042969, "y": 29.960512161254883, "robbery": 1 }, "geometry": { "type": "Point", "coordinates": [ -90.013053893999938, 29.960512161000054 ] } },
{ "type": "Feature", "properties": { "OBJECTID": 93746, "id": "NEWORLEANS_2011_20222023H-16100-23", "x": -90.074943542480469, "y": 30.002449035644531, "robbery": 1 }, "geometry": { "type": "Point", "coordinates": [ -90.074943541999971, 30.00244903600003 ] } },
{ "type": "Feature", "properties": { "OBJECTID": 93747, "id": "NEWORLEANS_2011_20222023H-16943-23", "x": -90.030746459960938, "y": 29.929462432861328, "robbery": 1 }, "geometry": { "type": "Point", "coordinates": [ -90.030746459999989, 29.929462433000026 ] } },
{ "type": "Feature", "properties": { "OBJECTID": 93748, "id": "NEWORLEANS_2011_20222023H-17784-23", "x": -89.961311340332031, "y": 30.046230316162109, "robbery": 1 }, "geometry": { "type": "Point", "coordinates": [ -89.961311339999952, 30.046230316000049 ] } },
{ "type": "Feature", "properties": { "OBJECTID": 93749, "id": "NEWORLEANS_2011_20222023H-18117-23", "x": -90.086677551269531, "y": 29.935209274291992, "robbery": 1 }, "geometry": { "type": "Point", "coordinates": [ -90.08667755099998, 29.935209274000044 ] } },
{ "type": "Feature", "properties": { "OBJECTID": 93750, "id": "NEWORLEANS_2011_20222023H-18143-23", "x": -90.025230407714844, "y": 30.027835845947266, "robbery": 1 }, "geometry": { "type": "Point", "coordinates": [ -90.02523040799997, 30.027835846000073 ] } },
{ "type": "Feature", "properties": { "OBJECTID": 93751, "id": "NEWORLEANS_2011_20222023H-18805-23", "x": -90.036369323730469, "y": 30.005542755126953, "robbery": 1 }, "geometry": { "type": "Point", "coordinates": [ -90.036369323999963, 30.005542755000079 ] } },
{ "type": "Feature", "properties": { "OBJECTID": 93752, "id": "NEWORLEANS_2011_20222023H-19292-23", "x": -90.055206298828125, "y": 29.993085861206055, "robbery": 1 }, "geometry": { "type": "Point", "coordinates": [ -90.055206298999963, 29.993085861000054 ] } },
{ "type": "Feature", "properties": { "OBJECTID": 93753, "id": "NEWORLEANS_2011_20222023H-19470-23", "x": -90.106025695800781, "y": 29.969663619995117, "robbery": 1 }, "geometry": { "type": "Point", "coordinates": [ -90.106025695999961, 29.969663620000063 ] } },
{ "type": "Feature", "properties": { "OBJECTID": 93754, "id": "NEWORLEANS_2011_20222023H-19525-23", "x": -89.955879211425781, "y": 30.040143966674805, "robbery": 1 }, "geometry": { "type": "Point", "coordinates": [ -89.955879210999967, 30.040143967000063 ] } },
{ "type": "Feature", "properties": { "OBJECTID": 93755, "id": "NEWORLEANS_2011_20222023H-21961-23", "x": -90.070541381835938, "y": 29.958362579345703, "robbery": 1 }, "geometry": { "type": "Point", "coordinates": [ -90.070541381999988, 29.958362579000038 ] } },
{ "type": "Feature", "properties": { "OBJECTID": 93756, "id": "NEWORLEANS_2011_20222023H-23309-23", "x": -89.944732666015625, "y": 30.070362091064453, "robbery": 1 }, "geometry": { "type": "Point", "coordinates": [ -89.944732665999936, 30.07036209100005 ] } },
{ "type": "Feature", "properties": { "OBJECTID": 93757, "id": "NEWORLEANS_2011_20222023H-23775-23", "x": -90.065299987792969, "y": 29.963811874389648, "robbery": 1 }, "geometry": { "type": "Point", "coordinates": [ -90.065299987999936, 29.963811874000044 ] } },
{ "type": "Feature", "properties": { "OBJECTID": 93758, "id": "NEWORLEANS_2011_20222023H-23870-23", "x": -90.068397521972656, "y": 29.955657958984375, "robbery": 1 }, "geometry": { "type": "Point", "coordinates": [ -90.068397521999941, 29.955657959000064 ] } },
{ "type": "Feature", "properties": { "OBJECTID": 93759, "id": "NEWORLEANS_2011_20222023H-24214-23", "x": -90.030990600585938, "y": 29.965915679931641, "robbery": 1 }, "geometry": { "type": "Point", "coordinates": [ -90.030990600999985, 29.965915680000023 ] } },
{ "type": "Feature", "properties": { "OBJECTID": 93760, "id": "NEWORLEANS_2011_20222023H-24235-23", "x": -90.061477661132812, "y": 29.993785858154297, "robbery": 1 }, "geometry": { "type": "Point", "coordinates": [ -90.061477660999969, 29.993785858000024 ] } },
{ "type": "Feature", "properties": { "OBJECTID": 93761, "id": "NEWORLEANS_2011_20222023H-24623-23", "x": -90.067070007324219, "y": 29.957040786743164, "robbery": 1 }, "geometry": { "type": "Point", "coordinates": [ -90.067070006999984, 29.957040787000039 ] } },
{ "type": "Feature", "properties": { "OBJECTID": 93762, "id": "NEWORLEANS_2011_20222023H-25228-23", "x": -90.064888000488281, "y": 29.959484100341797, "robbery": 1 }, "geometry": { "type": "Point", "coordinates": [ -90.064888, 29.959484100000054 ] } },
{ "type": "Feature", "properties": { "OBJECTID": 93763, "id": "NEWORLEANS_2011_20222023H-25472-23", "x": -90.069572448730469, "y": 29.95594596862793, "robbery": 1 }, "geometry": { "type": "Point", "coordinates": [ -90.069572448999963, 29.955945969000027 ] } },
{ "type": "Feature", "properties": { "OBJECTID": 93764, "id": "NEWORLEANS_2011_20222023H-25512-23", "x": -89.962188720703125, "y": 30.047264099121094, "robbery": 1 }, "geometry": { "type": "Point", "coordinates": [ -89.962188720999961, 30.047264099000074 ] } },
{ "type": "Feature", "properties": { "OBJECTID": 93765, "id": "NEWORLEANS_2011_20222023H-25566-23", "x": -90.04669189453125, "y": 29.970291137695312, "robbery": 1 }, "geometry": { "type": "Point", "coordinates": [ -90.046691894999981, 29.97029113800005 ] } },
{ "type": "Feature", "properties": { "OBJECTID": 93766, "id": "NEWORLEANS_2011_20222023H-27125-23", "x": -89.971748352050781, "y": 30.017740249633789, "robbery": 1 }, "geometry": { "type": "Point", "coordinates": [ -89.971748351999963, 30.017740250000031 ] } },
{ "type": "Feature", "properties": { "OBJECTID": 93767, "id": "NEWORLEANS_2011_20222023H-27597-23", "x": -89.911468505859375, "y": 30.036645889282227, "robbery": 1 }, "geometry": { "type": "Point", "coordinates": [ -89.911468505999949, 30.036645889000056 ] } },
{ "type": "Feature", "properties": { "OBJECTID": 93768, "id": "NEWORLEANS_2011_20222023H-28394-23", "x": -90.020797729492188, "y": 29.925079345703125, "robbery": 1 }, "geometry": { "type": "Point", "coordinates": [ -90.02079772899998, 29.925079346000075 ] } },
{ "type": "Feature", "properties": { "OBJECTID": 93769, "id": "NEWORLEANS_2011_20222023H-29260-23", "x": -90.096473693847656, "y": 29.948329925537109, "robbery": 1 }, "geometry": { "type": "Point", "coordinates": [ -90.09647369399994, 29.948329926000042 ] } },
{ "type": "Feature", "properties": { "OBJECTID": 93770, "id": "NEWORLEANS_2011_20222023I-00352-23", "x": -89.993560791015625, "y": 29.903156280517578, "robbery": 1 }, "geometry": { "type": "Point", "coordinates": [ -89.993560790999936, 29.903156281000065 ] } },
{ "type": "Feature", "properties": { "OBJECTID": 93771, "id": "NEWORLEANS_2011_20222023I-00517-23", "x": -90.092216491699219, "y": 29.947694778442383, "robbery": 1 }, "geometry": { "type": "Point", "coordinates": [ -90.092216491999977, 29.947694778000027 ] } },
{ "type": "Feature", "properties": { "OBJECTID": 93772, "id": "NEWORLEANS_2011_20222023I-00915-23", "x": -90.025154113769531, "y": 29.938541412353516, "robbery": 1 }, "geometry": { "type": "Point", "coordinates": [ -90.025154113999974, 29.938541412000063 ] } },
{ "type": "Feature", "properties": { "OBJECTID": 93773, "id": "NEWORLEANS_2011_20222023I-01241-23", "x": -90.054588317871094, "y": 29.967628479003906, "robbery": 1 }, "geometry": { "type": "Point", "coordinates": [ -90.054588317999958, 29.967628479000041 ] } },
{ "type": "Feature", "properties": { "OBJECTID": 93774, "id": "NEWORLEANS_2011_20222023I-01581-23", "x": -90.065986633300781, "y": 29.960302352905273, "robbery": 1 }, "geometry": { "type": "Point", "coordinates": [ -90.065986632999966, 29.960302353000031 ] } },
{ "type": "Feature", "properties": { "OBJECTID": 93775, "id": "NEWORLEANS_2011_20222023I-02285-23", "x": -90.068115234375, "y": 29.960178375244141, "robbery": 1 }, "geometry": { "type": "Point", "coordinates": [ -90.068115233999947, 29.960178375000055 ] } },
{ "type": "Feature", "properties": { "OBJECTID": 93776, "id": "NEWORLEANS_2011_20222023I-02703-23", "x": -89.988792419433594, "y": 30.047111511230469, "robbery": 1 }, "geometry": { "type": "Point", "coordinates": [ -89.988792418999935, 30.047111511000026 ] } },
{ "type": "Feature", "properties": { "OBJECTID": 93777, "id": "NEWORLEANS_2011_20222023I-02761-23", "x": -90.101028442382812, "y": 29.93896484375, "robbery": 1 }, "geometry": { "type": "Point", "coordinates": [ -90.101028441999972, 29.938964844000054 ] } },
{ "type": "Feature", "properties": { "OBJECTID": 93778, "id": "NEWORLEANS_2011_20222023I-02866-23", "x": -90.067031860351562, "y": 29.958776473999023, "robbery": 1 }, "geometry": { "type": "Point", "coordinates": [ -90.067031859999986, 29.958776474000047 ] } },
{ "type": "Feature", "properties": { "OBJECTID": 93779, "id": "NEWORLEANS_2011_20222023I-03176-23", "x": -90.086585998535156, "y": 29.965253829956055, "robbery": 1 }, "geometry": { "type": "Point", "coordinates": [ -90.086585998999965, 29.965253830000051 ] } },
{ "type": "Feature", "properties": { "OBJECTID": 93780, "id": "NEWORLEANS_2011_20222023I-03393-23", "x": -90.079460144042969, "y": 29.974424362182617, "robbery": 1 }, "geometry": { "type": "Point", "coordinates": [ -90.079460143999938, 29.974424362000036 ] } },
{ "type": "Feature", "properties": { "OBJECTID": 93781, "id": "NEWORLEANS_2011_20222023I-03654-23", "x": -90.023094177246094, "y": 29.941722869873047, "robbery": 1 }, "geometry": { "type": "Point", "coordinates": [ -90.023094176999962, 29.941722870000035 ] } },
{ "type": "Feature", "properties": { "OBJECTID": 93782, "id": "NEWORLEANS_2011_20222023I-03730-23", "x": -90.021072387695312, "y": 29.94526481628418, "robbery": 1 }, "geometry": { "type": "Point", "coordinates": [ -90.021072387999936, 29.945264816000076 ] } },
{ "type": "Feature", "properties": { "OBJECTID": 93783, "id": "NEWORLEANS_2011_20222023I-04804-23", "x": -90.076789855957031, "y": 29.934368133544922, "robbery": 1 }, "geometry": { "type": "Point", "coordinates": [ -90.076789855999948, 29.934368134000067 ] } },
{ "type": "Feature", "properties": { "OBJECTID": 93784, "id": "NEWORLEANS_2011_20222023I-05648-23", "x": -90.096504211425781, "y": 29.978599548339844, "robbery": 1 }, "geometry": { "type": "Point", "coordinates": [ -90.096504210999967, 29.978599548000034 ] } },
{ "type": "Feature", "properties": { "OBJECTID": 93785, "id": "NEWORLEANS_2011_20222023I-05731-23", "x": -90.071578979492188, "y": 29.950761795043945, "robbery": 1 }, "geometry": { "type": "Point", "coordinates": [ -90.07157897899998, 29.950761795000062 ] } },
{ "type": "Feature", "properties": { "OBJECTID": 93786, "id": "NEWORLEANS_2011_20222023I-08765-23", "x": -90.070060729980469, "y": 29.953701019287109, "robbery": 1 }, "geometry": { "type": "Point", "coordinates": [ -90.070060729999966, 29.95370101900005 ] } },
{ "type": "Feature", "properties": { "OBJECTID": 93787, "id": "NEWORLEANS_2011_20222023I-11952-23", "x": -90.068305969238281, "y": 29.950864791870117, "robbery": 1 }, "geometry": { "type": "Point", "coordinates": [ -90.068305968999937, 29.950864792000061 ] } },
{ "type": "Feature", "properties": { "OBJECTID": 93788, "id": "NEWORLEANS_2011_20222023I-12564-23", "x": -90.068962097167969, "y": 29.954835891723633, "robbery": 1 }, "geometry": { "type": "Point", "coordinates": [ -90.06896209699994, 29.954835892000062 ] } },
{ "type": "Feature", "properties": { "OBJECTID": 93789, "id": "NEWORLEANS_2011_20222023I-13102-23", "x": -90.018180847167969, "y": 29.967199325561523, "robbery": 1 }, "geometry": { "type": "Point", "coordinates": [ -90.01818084699994, 29.96719932600007 ] } },
{ "type": "Feature", "properties": { "OBJECTID": 93790, "id": "NEWORLEANS_2011_20222023I-15437-23", "x": -90.062370300292969, "y": 29.949865341186523, "robbery": 1 }, "geometry": { "type": "Point", "coordinates": [ -90.062370299999941, 29.949865341000077 ] } },
{ "type": "Feature", "properties": { "OBJECTID": 93791, "id": "NEWORLEANS_2011_20222023I-15462-23", "x": -90.067596435546875, "y": 29.951053619384766, "robbery": 1 }, "geometry": { "type": "Point", "coordinates": [ -90.067596435999974, 29.951053619000049 ] } },
{ "type": "Feature", "properties": { "OBJECTID": 93792, "id": "NEWORLEANS_2011_20222023I-15788-23", "x": -90.075172424316406, "y": 29.953161239624023, "robbery": 1 }, "geometry": { "type": "Point", "coordinates": [ -90.075172423999959, 29.953161240000043 ] } },
{ "type": "Feature", "properties": { "OBJECTID": 93793, "id": "NEWORLEANS_2011_20222023I-16135-23", "x": -90.064857482910156, "y": 29.965871810913086, "robbery": 1 }, "geometry": { "type": "Point", "coordinates": [ -90.064857482999969, 29.965871811000056 ] } },
{ "type": "Feature", "properties": { "OBJECTID": 93794, "id": "NEWORLEANS_2011_20222023I-16171-23", "x": -90.066146850585938, "y": 29.948741912841797, "robbery": 1 }, "geometry": { "type": "Point", "coordinates": [ -90.066146850999985, 29.948741913000049 ] } },
{ "type": "Feature", "properties": { "OBJECTID": 93795, "id": "NEWORLEANS_2011_20222023I-16318-23", "x": -90.069473266601562, "y": 29.948726654052734, "robbery": 1 }, "geometry": { "type": "Point", "coordinates": [ -90.069473266999978, 29.948726654000041 ] } },
{ "type": "Feature", "properties": { "OBJECTID": 93796, "id": "NEWORLEANS_2011_20222023I-16919-23", "x": -90.076690673828125, "y": 29.977565765380859, "robbery": 1 }, "geometry": { "type": "Point", "coordinates": [ -90.076690673999963, 29.977565765000065 ] } },
{ "type": "Feature", "properties": { "OBJECTID": 93797, "id": "NEWORLEANS_2011_20222023I-18030-23", "x": -90.089637756347656, "y": 29.945629119873047, "robbery": 1 }, "geometry": { "type": "Point", "coordinates": [ -90.089637755999945, 29.945629120000035 ] } },
{ "type": "Feature", "properties": { "OBJECTID": 93798, "id": "NEWORLEANS_2011_20222023I-18551-23", "x": -90.072784423828125, "y": 29.972818374633789, "robbery": 1 }, "geometry": { "type": "Point", "coordinates": [ -90.072784423999963, 29.972818375000031 ] } },
{ "type": "Feature", "properties": { "OBJECTID": 93799, "id": "NEWORLEANS_2011_20222023I-19277-23", "x": -90.034263610839844, "y": 29.975835800170898, "robbery": 1 }, "geometry": { "type": "Point", "coordinates": [ -90.034263610999972, 29.975835800000027 ] } },
{ "type": "Feature", "properties": { "OBJECTID": 93800, "id": "NEWORLEANS_2011_20222023I-19571-23", "x": -90.004165649414062, "y": 29.932458877563477, "robbery": 1 }, "geometry": { "type": "Point", "coordinates": [ -90.004165648999958, 29.932458878000034 ] } },
{ "type": "Feature", "properties": { "OBJECTID": 93801, "id": "NEWORLEANS_2011_20222023I-20178-23", "x": -90.066368103027344, "y": 29.957828521728516, "robbery": 1 }, "geometry": { "type": "Point", "coordinates": [ -90.066368102999945, 29.957828522000057 ] } },
{ "type": "Feature", "properties": { "OBJECTID": 93802, "id": "NEWORLEANS_2011_20222023I-20700-23", "x": -90.055465698242188, "y": 29.968574523925781, "robbery": 1 }, "geometry": { "type": "Point", "coordinates": [ -90.055465697999978, 29.968574524000076 ] } },
{ "type": "Feature", "properties": { "OBJECTID": 93803, "id": "NEWORLEANS_2011_20222023I-22426-23", "x": -90.074424743652344, "y": 29.944389343261719, "robbery": 1 }, "geometry": { "type": "Point", "coordinates": [ -90.074424743999941, 29.944389343000068 ] } },
{ "type": "Feature", "properties": { "OBJECTID": 93804, "id": "NEWORLEANS_2011_20222023I-23252-23", "x": -90.066612243652344, "y": 29.957647323608398, "robbery": 1 }, "geometry": { "type": "Point", "coordinates": [ -90.066612243999941, 29.95764732400005 ] } },
{ "type": "Feature", "properties": { "OBJECTID": 93805, "id": "NEWORLEANS_2011_20222023I-23801-23", "x": -90.100868225097656, "y": 29.950902938842773, "robbery": 1 }, "geometry": { "type": "Point", "coordinates": [ -90.100868224999942, 29.950902939000059 ] } },
{ "type": "Feature", "properties": { "OBJECTID": 93806, "id": "NEWORLEANS_2011_20222023I-24771-23", "x": -90.022079467773438, "y": 30.0198974609375, "robbery": 1 }, "geometry": { "type": "Point", "coordinates": [ -90.022079467999959, 30.019897461000028 ] } },
{ "type": "Feature", "properties": { "OBJECTID": 93807, "id": "NEWORLEANS_2011_20222023I-24879-23", "x": -90.072929382324219, "y": 29.98289680480957, "robbery": 1 }, "geometry": { "type": "Point", "coordinates": [ -90.072929381999984, 29.982896805000053 ] } },
{ "type": "Feature", "properties": { "OBJECTID": 93808, "id": "NEWORLEANS_2011_20222023I-24996-23", "x": -89.998268127441406, "y": 30.02958869934082, "robbery": 1 }, "geometry": { "type": "Point", "coordinates": [ -89.99826812699996, 30.029588699000044 ] } },
{ "type": "Feature", "properties": { "OBJECTID": 93809, "id": "NEWORLEANS_2011_20222023I-27583-23", "x": -90.023109436035156, "y": 29.966291427612305, "robbery": 1 }, "geometry": { "type": "Point", "coordinates": [ -90.02310943599997, 29.966291428000034 ] } },
{ "type": "Feature", "properties": { "OBJECTID": 93810, "id": "NEWORLEANS_2011_20222023I-28283-23", "x": -90.0960693359375, "y": 29.945215225219727, "robbery": 1 }, "geometry": { "type": "Point", "coordinates": [ -90.096069335999971, 29.945215225000027 ] } },
{ "type": "Feature", "properties": { "OBJECTID": 93811, "id": "NEWORLEANS_2011_20222023I-28722-23", "x": -90.062850952148438, "y": 29.983816146850586, "robbery": 1 }, "geometry": { "type": "Point", "coordinates": [ -90.062850951999962, 29.983816147000027 ] } },
{ "type": "Feature", "properties": { "OBJECTID": 93812, "id": "NEWORLEANS_2011_20222023J-01790-23", "x": -90.056564331054688, "y": 30.020204544067383, "robbery": 1 }, "geometry": { "type": "Point", "coordinates": [ -90.056564330999947, 30.020204544000023 ] } },
{ "type": "Feature", "properties": { "OBJECTID": 93813, "id": "NEWORLEANS_2011_20222023J-02316-23", "x": -90.022445678710938, "y": 29.919736862182617, "robbery": 1 }, "geometry": { "type": "Point", "coordinates": [ -90.022445678999986, 29.919736862000036 ] } },
{ "type": "Feature", "properties": { "OBJECTID": 93814, "id": "NEWORLEANS_2011_20222023J-02852-23", "x": -90.029220581054688, "y": 29.92805290222168, "robbery": 1 }, "geometry": { "type": "Point", "coordinates": [ -90.029220580999947, 29.928052902000047 ] } },
{ "type": "Feature", "properties": { "OBJECTID": 93815, "id": "NEWORLEANS_2011_20222023J-02974-23", "x": -90.053627014160156, "y": 29.974111557006836, "robbery": 1 }, "geometry": { "type": "Point", "coordinates": [ -90.053627013999971, 29.974111557000072 ] } },
{ "type": "Feature", "properties": { "OBJECTID": 93816, "id": "NEWORLEANS_2011_20222023J-03202-23", "x": -90.07122802734375, "y": 29.952140808105469, "robbery": 1 }, "geometry": { "type": "Point", "coordinates": [ -90.071228026999961, 29.952140808000024 ] } },
{ "type": "Feature", "properties": { "OBJECTID": 93817, "id": "NEWORLEANS_2011_20222023J-03928-23", "x": -90.069679260253906, "y": 29.978061676025391, "robbery": 1 }, "geometry": { "type": "Point", "coordinates": [ -90.069679259999987, 29.978061676000038 ] } },
{ "type": "Feature", "properties": { "OBJECTID": 93818, "id": "NEWORLEANS_2011_20222023J-03958-23", "x": -90.076805114746094, "y": 29.997947692871094, "robbery": 1 }, "geometry": { "type": "Point", "coordinates": [ -90.076805114999956, 29.997947693000071 ] } },
{ "type": "Feature", "properties": { "OBJECTID": 93819, "id": "NEWORLEANS_2011_20222023J-05025-23", "x": -90.068161010742188, "y": 29.953968048095703, "robbery": 1 }, "geometry": { "type": "Point", "coordinates": [ -90.068161010999972, 29.953968048000036 ] } },
{ "type": "Feature", "properties": { "OBJECTID": 93820, "id": "NEWORLEANS_2011_20222023J-06737-23", "x": -90.078086853027344, "y": 29.997871398925781, "robbery": 1 }, "geometry": { "type": "Point", "coordinates": [ -90.078086852999945, 29.997871399000076 ] } },
{ "type": "Feature", "properties": { "OBJECTID": 93821, "id": "NEWORLEANS_2011_20222023J-06781-23", "x": -90.088058471679688, "y": 29.973007202148438, "robbery": 1 }, "geometry": { "type": "Point", "coordinates": [ -90.088058471999943, 29.973007202000076 ] } },
{ "type": "Feature", "properties": { "OBJECTID": 93822, "id": "NEWORLEANS_2011_20222023J-07687-23", "x": -90.048812866210938, "y": 29.974115371704102, "robbery": 1 }, "geometry": { "type": "Point", "coordinates": [ -90.048812865999935, 29.974115372000028 ] } },
{ "type": "Feature", "properties": { "OBJECTID": 93823, "id": "NEWORLEANS_2011_20222023J-08318-23", "x": -90.054763793945312, "y": 29.97413444519043, "robbery": 1 }, "geometry": { "type": "Point", "coordinates": [ -90.054763793999939, 29.974134445000061 ] } },
{ "type": "Feature", "properties": { "OBJECTID": 93824, "id": "NEWORLEANS_2011_20222023J-08572-23", "x": -90.025154113769531, "y": 29.938541412353516, "robbery": 1 }, "geometry": { "type": "Point", "coordinates": [ -90.025154113999974, 29.938541412000063 ] } },
{ "type": "Feature", "properties": { "OBJECTID": 93825, "id": "NEWORLEANS_2011_20222023J-09503-23", "x": -90.059104919433594, "y": 29.962718963623047, "robbery": 1 }, "geometry": { "type": "Point", "coordinates": [ -90.059104918999935, 29.962718964000032 ] } },
{ "type": "Feature", "properties": { "OBJECTID": 93826, "id": "NEWORLEANS_2011_20222023J-09637-23", "x": -90.067306518554688, "y": 29.956867218017578, "robbery": 1 }, "geometry": { "type": "Point", "coordinates": [ -90.067306518999942, 29.95686721800007 ] } },
{ "type": "Feature", "properties": { "OBJECTID": 93827, "id": "NEWORLEANS_2011_20222023J-09977-23", "x": -90.049224853515625, "y": 29.965639114379883, "robbery": 1 }, "geometry": { "type": "Point", "coordinates": [ -90.049224853999988, 29.965639114000055 ] } },
{ "type": "Feature", "properties": { "OBJECTID": 93828, "id": "NEWORLEANS_2011_20222023J-10018-23", "x": -90.111480712890625, "y": 29.964550018310547, "robbery": 1 }, "geometry": { "type": "Point", "coordinates": [ -90.111480712999935, 29.964550018000068 ] } },
{ "type": "Feature", "properties": { "OBJECTID": 93829, "id": "NEWORLEANS_2011_20222023J-10808-23", "x": -90.073768615722656, "y": 29.956569671630859, "robbery": 1 }, "geometry": { "type": "Point", "coordinates": [ -90.073768615999938, 29.956569672000057 ] } },
{ "type": "Feature", "properties": { "OBJECTID": 93830, "id": "NEWORLEANS_2011_20222023J-11629-23", "x": -90.000221252441406, "y": 30.01203727722168, "robbery": 1 }, "geometry": { "type": "Point", "coordinates": [ -90.00022125199996, 30.012037277000047 ] } },
{ "type": "Feature", "properties": { "OBJECTID": 93831, "id": "NEWORLEANS_2011_20222023J-12077-23", "x": -90.075439453125, "y": 29.946725845336914, "robbery": 1 }, "geometry": { "type": "Point", "coordinates": [ -90.075439452999944, 29.94672584500006 ] } },
{ "type": "Feature", "properties": { "OBJECTID": 93832, "id": "NEWORLEANS_2011_20222023J-13129-23", "x": -90.010749816894531, "y": 30.010896682739258, "robbery": 1 }, "geometry": { "type": "Point", "coordinates": [ -90.010749816999976, 30.010896683000055 ] } },
{ "type": "Feature", "properties": { "OBJECTID": 93833, "id": "NEWORLEANS_2011_20222023J-13140-23", "x": -90.088356018066406, "y": 29.964208602905273, "robbery": 1 }, "geometry": { "type": "Point", "coordinates": [ -90.088356017999956, 29.964208603000031 ] } },
{ "type": "Feature", "properties": { "OBJECTID": 93834, "id": "NEWORLEANS_2011_20222023J-13896-23", "x": -90.033981323242188, "y": 29.982748031616211, "robbery": 1 }, "geometry": { "type": "Point", "coordinates": [ -90.033981322999978, 29.982748032000075 ] } },
{ "type": "Feature", "properties": { "OBJECTID": 93835, "id": "NEWORLEANS_2011_20222023J-14994-23", "x": -90.0721435546875, "y": 29.934427261352539, "robbery": 1 }, "geometry": { "type": "Point", "coordinates": [ -90.072143554999968, 29.934427261000053 ] } },
{ "type": "Feature", "properties": { "OBJECTID": 93836, "id": "NEWORLEANS_2011_20222023J-15012-23", "x": -90.078811645507812, "y": 29.937210083007812, "robbery": 1 }, "geometry": { "type": "Point", "coordinates": [ -90.078811645999963, 29.937210083000025 ] } },
{ "type": "Feature", "properties": { "OBJECTID": 93837, "id": "NEWORLEANS_2011_20222023J-15988-23", "x": -90.11102294921875, "y": 29.964950561523438, "robbery": 1 }, "geometry": { "type": "Point", "coordinates": [ -90.11102294899996, 29.96495056200007 ] } },
{ "type": "Feature", "properties": { "OBJECTID": 93838, "id": "NEWORLEANS_2011_20222023J-16320-23", "x": -90.069290161132812, "y": 29.968193054199219, "robbery": 1 }, "geometry": { "type": "Point", "coordinates": [ -90.069290160999969, 29.968193054000039 ] } },
{ "type": "Feature", "properties": { "OBJECTID": 93839, "id": "NEWORLEANS_2011_20222023J-16989-23", "x": -90.017875671386719, "y": 29.913475036621094, "robbery": 1 }, "geometry": { "type": "Point", "coordinates": [ -90.017875670999956, 29.913475037000069 ] } },
{ "type": "Feature", "properties": { "OBJECTID": 93840, "id": "NEWORLEANS_2011_20222023J-17363-23", "x": -90.075157165527344, "y": 29.966821670532227, "robbery": 1 }, "geometry": { "type": "Point", "coordinates": [ -90.07515716599994, 29.966821671000048 ] } },
{ "type": "Feature", "properties": { "OBJECTID": 93841, "id": "NEWORLEANS_2011_20222023J-17554-23", "x": -90.110946655273438, "y": 29.965024948120117, "robbery": 1 }, "geometry": { "type": "Point", "coordinates": [ -90.110946654999964, 29.965024948000064 ] } },
{ "type": "Feature", "properties": { "OBJECTID": 93842, "id": "NEWORLEANS_2011_20222023J-18083-23", "x": -90.06744384765625, "y": 29.956716537475586, "robbery": 1 }, "geometry": { "type": "Point", "coordinates": [ -90.067443847999982, 29.956716537000034 ] } },
{ "type": "Feature", "properties": { "OBJECTID": 93843, "id": "NEWORLEANS_2011_20222023J-18154-23", "x": -90.069259643554688, "y": 29.968231201171875, "robbery": 1 }, "geometry": { "type": "Point", "coordinates": [ -90.069259643999942, 29.968231201000037 ] } },
{ "type": "Feature", "properties": { "OBJECTID": 93844, "id": "NEWORLEANS_2011_20222023J-18543-23", "x": -89.858543395996094, "y": 30.150539398193359, "robbery": 1 }, "geometry": { "type": "Point", "coordinates": [ -89.858543395999959, 30.150539398000035 ] } },
{ "type": "Feature", "properties": { "OBJECTID": 93845, "id": "NEWORLEANS_2011_20222023J-19098-23", "x": -90.077896118164062, "y": 29.959300994873047, "robbery": 1 }, "geometry": { "type": "Point", "coordinates": [ -90.077896117999956, 29.959300995000035 ] } },
{ "type": "Feature", "properties": { "OBJECTID": 93846, "id": "NEWORLEANS_2011_20222023J-19285-23", "x": -90.086631774902344, "y": 29.966564178466797, "robbery": 1 }, "geometry": { "type": "Point", "coordinates": [ -90.086631774999944, 29.966564178000056 ] } },
{ "type": "Feature", "properties": { "OBJECTID": 93847, "id": "NEWORLEANS_2011_20222023J-19286-23", "x": -90.068458557128906, "y": 29.95549201965332, "robbery": 1 }, "geometry": { "type": "Point", "coordinates": [ -90.068458556999985, 29.955492020000065 ] } },
{ "type": "Feature", "properties": { "OBJECTID": 93848, "id": "NEWORLEANS_2011_20222023J-21124-23", "x": -90.080741882324219, "y": 29.970495223999023, "robbery": 1 }, "geometry": { "type": "Point", "coordinates": [ -90.080741881999984, 29.970495224000047 ] } },
{ "type": "Feature", "properties": { "OBJECTID": 93849, "id": "NEWORLEANS_2011_20222023J-21606-23", "x": -90.069808959960938, "y": 29.965068817138672, "robbery": 1 }, "geometry": { "type": "Point", "coordinates": [ -90.069808959999989, 29.965068817000031 ] } },
{ "type": "Feature", "properties": { "OBJECTID": 93850, "id": "NEWORLEANS_2011_20222023J-22003-23", "x": -90.071617126464844, "y": 29.978099822998047, "robbery": 1 }, "geometry": { "type": "Point", "coordinates": [ -90.071617125999978, 29.978099823000036 ] } },
{ "type": "Feature", "properties": { "OBJECTID": 93851, "id": "NEWORLEANS_2011_20222023J-22101-23", "x": -90.026596069335938, "y": 29.938192367553711, "robbery": 1 }, "geometry": { "type": "Point", "coordinates": [ -90.026596068999936, 29.938192368000045 ] } },
{ "type": "Feature", "properties": { "OBJECTID": 93852, "id": "NEWORLEANS_2011_20222023J-22222-23", "x": -90.07659912109375, "y": 29.954076766967773, "robbery": 1 }, "geometry": { "type": "Point", "coordinates": [ -90.076599120999958, 29.95407676700006 ] } },
{ "type": "Feature", "properties": { "OBJECTID": 93853, "id": "NEWORLEANS_2011_20222023J-23611-23", "x": -90.063758850097656, "y": 29.994602203369141, "robbery": 1 }, "geometry": { "type": "Point", "coordinates": [ -90.063758849999942, 29.994602203000056 ] } },
{ "type": "Feature", "properties": { "OBJECTID": 93854, "id": "NEWORLEANS_2011_20222023J-23828-23", "x": -90.057052612304688, "y": 29.974550247192383, "robbery": 1 }, "geometry": { "type": "Point", "coordinates": [ -90.05705261199995, 29.974550247000025 ] } },
{ "type": "Feature", "properties": { "OBJECTID": 93855, "id": "NEWORLEANS_2011_20222023J-23906-23", "x": -90.071212768554688, "y": 29.94774055480957, "robbery": 1 }, "geometry": { "type": "Point", "coordinates": [ -90.071212768999942, 29.947740555000053 ] } },
{ "type": "Feature", "properties": { "OBJECTID": 93856, "id": "NEWORLEANS_2011_20222023J-24468-23", "x": -90.048469543457031, "y": 29.974205017089844, "robbery": 1 }, "geometry": { "type": "Point", "coordinates": [ -90.048469542999953, 29.974205017000031 ] } },
{ "type": "Feature", "properties": { "OBJECTID": 93857, "id": "NEWORLEANS_2011_20222023J-25467-23", "x": -90.090232849121094, "y": 29.962053298950195, "robbery": 1 }, "geometry": { "type": "Point", "coordinates": [ -90.09023284899996, 29.962053299000047 ] } },
{ "type": "Feature", "properties": { "OBJECTID": 93858, "id": "NEWORLEANS_2011_20222023J-25736-23", "x": -90.094512939453125, "y": 29.9542236328125, "robbery": 1 }, "geometry": { "type": "Point", "coordinates": [ -90.094512938999969, 29.954223633000026 ] } },
{ "type": "Feature", "properties": { "OBJECTID": 93859, "id": "NEWORLEANS_2011_20222023J-25965-23", "x": -90.066925048828125, "y": 29.958274841308594, "robbery": 1 }, "geometry": { "type": "Point", "coordinates": [ -90.066925048999963, 29.958274841000048 ] } },
{ "type": "Feature", "properties": { "OBJECTID": 93860, "id": "NEWORLEANS_2011_20222023J-26238-23", "x": -90.106613159179688, "y": 29.947259902954102, "robbery": 1 }, "geometry": { "type": "Point", "coordinates": [ -90.106613158999949, 29.947259903000031 ] } },
{ "type": "Feature", "properties": { "OBJECTID": 93861, "id": "NEWORLEANS_2011_20222023J-26275-23", "x": -90.106002807617188, "y": 29.989566802978516, "robbery": 1 }, "geometry": { "type": "Point", "coordinates": [ -90.106002807999971, 29.989566803000059 ] } },
{ "type": "Feature", "properties": { "OBJECTID": 93862, "id": "NEWORLEANS_2011_20222023J-26452-23", "x": -90.082420349121094, "y": 29.971027374267578, "robbery": 1 }, "geometry": { "type": "Point", "coordinates": [ -90.08242034899996, 29.971027374000073 ] } },
{ "type": "Feature", "properties": { "OBJECTID": 93863, "id": "NEWORLEANS_2011_20222023J-26759-23", "x": -90.007545471191406, "y": 29.917034149169922, "robbery": 1 }, "geometry": { "type": "Point", "coordinates": [ -90.007545470999958, 29.917034149000074 ] } },
{ "type": "Feature", "properties": { "OBJECTID": 93864, "id": "NEWORLEANS_2011_20222023J-27544-23", "x": -90.111274719238281, "y": 29.964731216430664, "robbery": 1 }, "geometry": { "type": "Point", "coordinates": [ -90.111274718999937, 29.964731216000075 ] } },
{ "type": "Feature", "properties": { "OBJECTID": 93865, "id": "NEWORLEANS_2011_20222023J-27556-23", "x": -90.119552612304688, "y": 29.956567764282227, "robbery": 1 }, "geometry": { "type": "Point", "coordinates": [ -90.11955261199995, 29.956567764000056 ] } },
{ "type": "Feature", "properties": { "OBJECTID": 93866, "id": "NEWORLEANS_2011_20222023J-28141-23", "x": -90.094024658203125, "y": 29.965978622436523, "robbery": 1 }, "geometry": { "type": "Point", "coordinates": [ -90.094024657999967, 29.96597862200008 ] } },
{ "type": "Feature", "properties": { "OBJECTID": 93867, "id": "NEWORLEANS_2011_20222023J-28764-23", "x": -90.06878662109375, "y": 29.971002578735352, "robbery": 1 }, "geometry": { "type": "Point", "coordinates": [ -90.068786620999958, 29.971002579000071 ] } },
{ "type": "Feature", "properties": { "OBJECTID": 93868, "id": "NEWORLEANS_2011_20222023K-01091-23", "x": -90.07525634765625, "y": 29.979171752929688, "robbery": 1 }, "geometry": { "type": "Point", "coordinates": [ -90.075256347999982, 29.97917175300006 ] } },
{ "type": "Feature", "properties": { "OBJECTID": 93869, "id": "NEWORLEANS_2011_20222023K-01825-23", "x": -90.032234191894531, "y": 29.991397857666016, "robbery": 1 }, "geometry": { "type": "Point", "coordinates": [ -90.032234191999976, 29.991397858000028 ] } },
{ "type": "Feature", "properties": { "OBJECTID": 93870, "id": "NEWORLEANS_2011_20222023K-02503-23", "x": -90.070060729980469, "y": 29.953701019287109, "robbery": 1 }, "geometry": { "type": "Point", "coordinates": [ -90.070060729999966, 29.95370101900005 ] } },
{ "type": "Feature", "properties": { "OBJECTID": 93871, "id": "NEWORLEANS_2011_20222023K-03654-23", "x": -90.107719421386719, "y": 29.94842529296875, "robbery": 1 }, "geometry": { "type": "Point", "coordinates": [ -90.107719420999956, 29.948425293000071 ] } },
{ "type": "Feature", "properties": { "OBJECTID": 93872, "id": "NEWORLEANS_2011_20222023K-03677-23", "x": -90.036056518554688, "y": 29.978744506835938, "robbery": 1 }, "geometry": { "type": "Point", "coordinates": [ -90.036056518999942, 29.978744507000044 ] } },
{ "type": "Feature", "properties": { "OBJECTID": 93873, "id": "NEWORLEANS_2011_20222023K-03976-23", "x": -90.073646545410156, "y": 29.956119537353516, "robbery": 1 }, "geometry": { "type": "Point", "coordinates": [ -90.073646544999974, 29.956119537000063 ] } },
{ "type": "Feature", "properties": { "OBJECTID": 93874, "id": "NEWORLEANS_2011_20222023K-04121-23", "x": -90.067710876464844, "y": 29.970817565917969, "robbery": 1 }, "geometry": { "type": "Point", "coordinates": [ -90.067710875999978, 29.970817566000051 ] } },
{ "type": "Feature", "properties": { "OBJECTID": 93875, "id": "NEWORLEANS_2011_20222023K-04670-23", "x": -89.960380554199219, "y": 30.024816513061523, "robbery": 1 }, "geometry": { "type": "Point", "coordinates": [ -89.960380553999983, 30.024816513000076 ] } },
{ "type": "Feature", "properties": { "OBJECTID": 93876, "id": "NEWORLEANS_2011_20222023K-05283-23", "x": -90.0697021484375, "y": 29.954183578491211, "robbery": 1 }, "geometry": { "type": "Point", "coordinates": [ -90.069702147999976, 29.954183578000027 ] } },
{ "type": "Feature", "properties": { "OBJECTID": 93877, "id": "NEWORLEANS_2011_20222023K-05670-23", "x": -90.044563293457031, "y": 29.965295791625977, "robbery": 1 }, "geometry": { "type": "Point", "coordinates": [ -90.044563292999953, 29.965295792000063 ] } },
{ "type": "Feature", "properties": { "OBJECTID": 93878, "id": "NEWORLEANS_2011_20222023K-05694-23", "x": -90.048408508300781, "y": 29.968477249145508, "robbery": 1 }, "geometry": { "type": "Point", "coordinates": [ -90.048408507999966, 29.968477249000046 ] } },
{ "type": "Feature", "properties": { "OBJECTID": 93879, "id": "NEWORLEANS_2011_20222023K-05962-23", "x": -90.026931762695312, "y": 30.032470703125, "robbery": 1 }, "geometry": { "type": "Point", "coordinates": [ -90.026931762999936, 30.032470703000058 ] } },
{ "type": "Feature", "properties": { "OBJECTID": 93880, "id": "NEWORLEANS_2011_20222023K-06011-23", "x": -90.018928527832031, "y": 30.013782501220703, "robbery": 1 }, "geometry": { "type": "Point", "coordinates": [ -90.018928527999947, 30.013782501000037 ] } },
{ "type": "Feature", "properties": { "OBJECTID": 93881, "id": "NEWORLEANS_2011_20222023K-06558-23", "x": -90.032356262207031, "y": 30.00712776184082, "robbery": 1 }, "geometry": { "type": "Point", "coordinates": [ -90.032356261999951, 30.007127762000039 ] } },
{ "type": "Feature", "properties": { "OBJECTID": 93882, "id": "NEWORLEANS_2011_20222023K-08944-23", "x": -89.992507934570312, "y": 30.028142929077148, "robbery": 1 }, "geometry": { "type": "Point", "coordinates": [ -89.992507934999935, 30.028142929000069 ] } },
{ "type": "Feature", "properties": { "OBJECTID": 93883, "id": "NEWORLEANS_2011_20222023K-09134-23", "x": -90.106758117675781, "y": 29.920455932617188, "robbery": 1 }, "geometry": { "type": "Point", "coordinates": [ -90.106758117999959, 29.920455933000028 ] } },
{ "type": "Feature", "properties": { "OBJECTID": 93884, "id": "NEWORLEANS_2011_20222023K-09951-23", "x": -90.008934020996094, "y": 30.011093139648438, "robbery": 1 }, "geometry": { "type": "Point", "coordinates": [ -90.008934020999959, 30.011093140000071 ] } },
{ "type": "Feature", "properties": { "OBJECTID": 93885, "id": "NEWORLEANS_2011_20222023K-10349-23", "x": -90.033683776855469, "y": 29.989259719848633, "robbery": 1 }, "geometry": { "type": "Point", "coordinates": [ -90.033683776999965, 29.989259720000064 ] } },
{ "type": "Feature", "properties": { "OBJECTID": 93886, "id": "NEWORLEANS_2011_20222023K-10847-23", "x": -90.068458557128906, "y": 29.95549201965332, "robbery": 1 }, "geometry": { "type": "Point", "coordinates": [ -90.068458556999985, 29.955492020000065 ] } },
{ "type": "Feature", "properties": { "OBJECTID": 93887, "id": "NEWORLEANS_2011_20222023K-11197-23", "x": -89.968338012695312, "y": 30.053731918334961, "robbery": 1 }, "geometry": { "type": "Point", "coordinates": [ -89.968338012999936, 30.05373191800004 ] } },
{ "type": "Feature", "properties": { "OBJECTID": 93888, "id": "NEWORLEANS_2011_20222023K-11231-23", "x": -89.931968688964844, "y": 30.029745101928711, "robbery": 1 }, "geometry": { "type": "Point", "coordinates": [ -89.931968688999973, 30.029745102000049 ] } },
{ "type": "Feature", "properties": { "OBJECTID": 93889, "id": "NEWORLEANS_2011_20222023K-11806-23", "x": -90.110649108886719, "y": 29.960788726806641, "robbery": 1 }, "geometry": { "type": "Point", "coordinates": [ -90.110649108999951, 29.960788727000079 ] } },
{ "type": "Feature", "properties": { "OBJECTID": 93890, "id": "NEWORLEANS_2011_20222023K-12386-23", "x": -90.02667236328125, "y": 30.031803131103516, "robbery": 1 }, "geometry": { "type": "Point", "coordinates": [ -90.026672362999989, 30.031803131000061 ] } },
{ "type": "Feature", "properties": { "OBJECTID": 93891, "id": "NEWORLEANS_2011_20222023K-12769-23", "x": -89.981697082519531, "y": 30.046014785766602, "robbery": 1 }, "geometry": { "type": "Point", "coordinates": [ -89.981697082999972, 30.046014786000057 ] } },
{ "type": "Feature", "properties": { "OBJECTID": 93892, "id": "NEWORLEANS_2011_20222023K-13199-23", "x": -90.045867919921875, "y": 30.002628326416016, "robbery": 1 }, "geometry": { "type": "Point", "coordinates": [ -90.045867919999978, 30.002628326000035 ] } },
{ "type": "Feature", "properties": { "OBJECTID": 93893, "id": "NEWORLEANS_2011_20222023K-13501-23", "x": -90.066154479980469, "y": 29.95103645324707, "robbery": 1 }, "geometry": { "type": "Point", "coordinates": [ -90.066154479999966, 29.951036453000029 ] } },
{ "type": "Feature", "properties": { "OBJECTID": 93894, "id": "NEWORLEANS_2011_20222023K-14629-23", "x": -90.073226928710938, "y": 29.961153030395508, "robbery": 1 }, "geometry": { "type": "Point", "coordinates": [ -90.073226928999986, 29.961153030000048 ] } },
{ "type": "Feature", "properties": { "OBJECTID": 93895, "id": "NEWORLEANS_2011_20222023K-16648-23", "x": -90.070060729980469, "y": 29.953701019287109, "robbery": 1 }, "geometry": { "type": "Point", "coordinates": [ -90.070060729999966, 29.95370101900005 ] } },
{ "type": "Feature", "properties": { "OBJECTID": 93896, "id": "NEWORLEANS_2011_20222023K-16799-23", "x": -90.101631164550781, "y": 29.919816970825195, "robbery": 1 }, "geometry": { "type": "Point", "coordinates": [ -90.101631164999958, 29.919816971000046 ] } },
{ "type": "Feature", "properties": { "OBJECTID": 93897, "id": "NEWORLEANS_2011_20222023K-16814-23", "x": -90.075599670410156, "y": 29.957386016845703, "robbery": 1 }, "geometry": { "type": "Point", "coordinates": [ -90.075599669999974, 29.957386017000033 ] } },
{ "type": "Feature", "properties": { "OBJECTID": 93898, "id": "NEWORLEANS_2011_20222023K-17416-23", "x": -90.009521484375, "y": 29.963769912719727, "robbery": 1 }, "geometry": { "type": "Point", "coordinates": [ -90.009521483999947, 29.963769913000078 ] } },
{ "type": "Feature", "properties": { "OBJECTID": 93899, "id": "NEWORLEANS_2011_20222023K-17642-23", "x": -90.067375183105469, "y": 29.953502655029297, "robbery": 1 }, "geometry": { "type": "Point", "coordinates": [ -90.067375182999967, 29.953502655000079 ] } },
{ "type": "Feature", "properties": { "OBJECTID": 93900, "id": "NEWORLEANS_2011_20222023K-18182-23", "x": -90.078834533691406, "y": 29.95494270324707, "robbery": 1 }, "geometry": { "type": "Point", "coordinates": [ -90.078834533999952, 29.954942703000029 ] } },
{ "type": "Feature", "properties": { "OBJECTID": 93901, "id": "NEWORLEANS_2011_20222023K-18267-23", "x": -90.045814514160156, "y": 29.975574493408203, "robbery": 1 }, "geometry": { "type": "Point", "coordinates": [ -90.045814513999971, 29.975574493000067 ] } },
{ "type": "Feature", "properties": { "OBJECTID": 93902, "id": "NEWORLEANS_2011_20222023K-18353-23", "x": -90.070213317871094, "y": 29.95416259765625, "robbery": 1 }, "geometry": { "type": "Point", "coordinates": [ -90.070213317999958, 29.954162598000039 ] } },
{ "type": "Feature", "properties": { "OBJECTID": 93903, "id": "NEWORLEANS_2011_20222023K-18445-23", "x": -90.100517272949219, "y": 29.975961685180664, "robbery": 1 }, "geometry": { "type": "Point", "coordinates": [ -90.10051727299998, 29.975961685000073 ] } },
{ "type": "Feature", "properties": { "OBJECTID": 93904, "id": "NEWORLEANS_2011_20222023K-18876-23", "x": -90.060287475585938, "y": 30.015365600585938, "robbery": 1 }, "geometry": { "type": "Point", "coordinates": [ -90.060287475999985, 30.015365601000042 ] } },
{ "type": "Feature", "properties": { "OBJECTID": 93905, "id": "NEWORLEANS_2011_20222023K-19131-23", "x": -90.000640869140625, "y": 30.026460647583008, "robbery": 1 }, "geometry": { "type": "Point", "coordinates": [ -90.000640868999938, 30.026460648000068 ] } },
{ "type": "Feature", "properties": { "OBJECTID": 93906, "id": "NEWORLEANS_2011_20222023K-19982-23", "x": -90.035667419433594, "y": 29.942770004272461, "robbery": 1 }, "geometry": { "type": "Point", "coordinates": [ -90.035667418999935, 29.942770004000067 ] } },
{ "type": "Feature", "properties": { "OBJECTID": 93907, "id": "NEWORLEANS_2011_20222023K-20519-23", "x": -90.051231384277344, "y": 29.996881484985352, "robbery": 1 }, "geometry": { "type": "Point", "coordinates": [ -90.051231383999948, 29.996881485000074 ] } },
{ "type": "Feature", "properties": { "OBJECTID": 93908, "id": "NEWORLEANS_2011_20222023K-22932-23", "x": -90.04681396484375, "y": 30.014398574829102, "robbery": 1 }, "geometry": { "type": "Point", "coordinates": [ -90.046813964999956, 30.01439857500003 ] } },
{ "type": "Feature", "properties": { "OBJECTID": 93909, "id": "NEWORLEANS_2011_20222023K-23262-23", "x": -90.099349975585938, "y": 29.949045181274414, "robbery": 1 }, "geometry": { "type": "Point", "coordinates": [ -90.099349975999985, 29.949045181000031 ] } },
{ "type": "Feature", "properties": { "OBJECTID": 93910, "id": "NEWORLEANS_2011_20222023K-23489-23", "x": -90.018692016601562, "y": 29.967311859130859, "robbery": 1 }, "geometry": { "type": "Point", "coordinates": [ -90.018692016999978, 29.967311859000063 ] } },
{ "type": "Feature", "properties": { "OBJECTID": 93911, "id": "NEWORLEANS_2011_20222023K-24499-23", "x": -90.061439514160156, "y": 29.967737197875977, "robbery": 1 }, "geometry": { "type": "Point", "coordinates": [ -90.061439513999971, 29.967737198000066 ] } },
{ "type": "Feature", "properties": { "OBJECTID": 93912, "id": "NEWORLEANS_2011_20222023K-25157-23", "x": -90.092880249023438, "y": 29.93214225769043, "robbery": 1 }, "geometry": { "type": "Point", "coordinates": [ -90.092880248999961, 29.932142258000056 ] } },
{ "type": "Feature", "properties": { "OBJECTID": 93913, "id": "NEWORLEANS_2011_20222023K-25561-23", "x": -90.076896667480469, "y": 29.940961837768555, "robbery": 1 }, "geometry": { "type": "Point", "coordinates": [ -90.076896666999971, 29.940961838000078 ] } },
{ "type": "Feature", "properties": { "OBJECTID": 93914, "id": "NEWORLEANS_2011_20222023K-25949-23", "x": -90.080238342285156, "y": 29.939550399780273, "robbery": 1 }, "geometry": { "type": "Point", "coordinates": [ -90.080238341999973, 29.93955040000003 ] } },
{ "type": "Feature", "properties": { "OBJECTID": 93915, "id": "NEWORLEANS_2011_20222023K-26550-23", "x": -89.959907531738281, "y": 30.04498291015625, "robbery": 1 }, "geometry": { "type": "Point", "coordinates": [ -89.959907531999988, 30.044982910000044 ] } },
{ "type": "Feature", "properties": { "OBJECTID": 93916, "id": "NEWORLEANS_2011_20222023K-26581-23", "x": -90.067420959472656, "y": 29.971168518066406, "robbery": 1 }, "geometry": { "type": "Point", "coordinates": [ -90.067420958999946, 29.97116851800007 ] } },
{ "type": "Feature", "properties": { "OBJECTID": 93917, "id": "NEWORLEANS_2011_20222023K-27186-23", "x": -89.983078002929688, "y": 29.918312072753906, "robbery": 1 }, "geometry": { "type": "Point", "coordinates": [ -89.983078002999946, 29.918312073000038 ] } },
{ "type": "Feature", "properties": { "OBJECTID": 93918, "id": "NEWORLEANS_2011_20222023K-27544-23", "x": -89.991371154785156, "y": 29.904087066650391, "robbery": 1 }, "geometry": { "type": "Point", "coordinates": [ -89.991371154999968, 29.904087067000034 ] } },
{ "type": "Feature", "properties": { "OBJECTID": 93919, "id": "NEWORLEANS_2011_20222023K-27750-23", "x": -90.009262084960938, "y": 29.920894622802734, "robbery": 1 }, "geometry": { "type": "Point", "coordinates": [ -90.009262084999989, 29.920894623000038 ] } },
{ "type": "Feature", "properties": { "OBJECTID": 93920, "id": "NEWORLEANS_2011_20222023K-27820-23", "x": -90.021148681640625, "y": 30.013046264648438, "robbery": 1 }, "geometry": { "type": "Point", "coordinates": [ -90.021148681999989, 30.013046265000071 ] } },
{ "type": "Feature", "properties": { "OBJECTID": 93921, "id": "NEWORLEANS_2011_20222023L-00397-23", "x": -90.058708190917969, "y": 29.96141242980957, "robbery": 1 }, "geometry": { "type": "Point", "coordinates": [ -90.058708190999937, 29.961412430000053 ] } },
{ "type": "Feature", "properties": { "OBJECTID": 93922, "id": "NEWORLEANS_2011_20222023L-00837-23", "x": -90.086631774902344, "y": 29.963922500610352, "robbery": 1 }, "geometry": { "type": "Point", "coordinates": [ -90.086631774999944, 29.96392250100007 ] } },
{ "type": "Feature", "properties": { "OBJECTID": 93923, "id": "NEWORLEANS_2011_20222023L-02422-23", "x": -90.022636413574219, "y": 29.922447204589844, "robbery": 1 }, "geometry": { "type": "Point", "coordinates": [ -90.022636413999976, 29.922447205000026 ] } },
{ "type": "Feature", "properties": { "OBJECTID": 93924, "id": "NEWORLEANS_2011_20222023L-02537-23", "x": -90.015647888183594, "y": 29.96104621887207, "robbery": 1 }, "geometry": { "type": "Point", "coordinates": [ -90.015647888, 29.961046219000025 ] } },
{ "type": "Feature", "properties": { "OBJECTID": 93925, "id": "NEWORLEANS_2011_20222023L-02845-23", "x": -90.068168640136719, "y": 29.959035873413086, "robbery": 1 }, "geometry": { "type": "Point", "coordinates": [ -90.068168639999953, 29.959035873000062 ] } },
{ "type": "Feature", "properties": { "OBJECTID": 93926, "id": "NEWORLEANS_2011_20222023L-03488-23", "x": -89.977760314941406, "y": 30.039594650268555, "robbery": 1 }, "geometry": { "type": "Point", "coordinates": [ -89.977760314999955, 30.039594650000026 ] } },
{ "type": "Feature", "properties": { "OBJECTID": 93927, "id": "NEWORLEANS_2011_20222023L-04240-23", "x": -89.973579406738281, "y": 30.046588897705078, "robbery": 1 }, "geometry": { "type": "Point", "coordinates": [ -89.973579406999988, 30.046588898000039 ] } },
{ "type": "Feature", "properties": { "OBJECTID": 93928, "id": "NEWORLEANS_2011_20222023L-04674-23", "x": -90.046524047851562, "y": 29.977264404296875, "robbery": 1 }, "geometry": { "type": "Point", "coordinates": [ -90.046524047999981, 29.977264404000039 ] } },
{ "type": "Feature", "properties": { "OBJECTID": 93929, "id": "NEWORLEANS_2011_20222023L-04740-23", "x": -89.972671508789062, "y": 30.047101974487305, "robbery": 1 }, "geometry": { "type": "Point", "coordinates": [ -89.972671508999952, 30.047101974000043 ] } },
{ "type": "Feature", "properties": { "OBJECTID": 93930, "id": "NEWORLEANS_2011_20222023L-04754-23", "x": -90.046592712402344, "y": 29.977018356323242, "robbery": 1 }, "geometry": { "type": "Point", "coordinates": [ -90.046592711999949, 29.977018356000031 ] } },
{ "type": "Feature", "properties": { "OBJECTID": 93931, "id": "NEWORLEANS_2011_20222023L-06976-23", "x": -90.101676940917969, "y": 29.978094100952148, "robbery": 1 }, "geometry": { "type": "Point", "coordinates": [ -90.101676940999937, 29.978094101000067 ] } },
{ "type": "Feature", "properties": { "OBJECTID": 93932, "id": "NEWORLEANS_2011_20222023L-07954-23", "x": -90.033958435058594, "y": 29.970790863037109, "robbery": 1 }, "geometry": { "type": "Point", "coordinates": [ -90.033958434999988, 29.970790863000047 ] } },
{ "type": "Feature", "properties": { "OBJECTID": 93933, "id": "NEWORLEANS_2011_20222023L-08091-23", "x": -90.112701416015625, "y": 30.016452789306641, "robbery": 1 }, "geometry": { "type": "Point", "coordinates": [ -90.112701415999936, 30.016452789000027 ] } },
{ "type": "Feature", "properties": { "OBJECTID": 93934, "id": "NEWORLEANS_2011_20222023L-09348-23", "x": -90.100914001464844, "y": 29.950618743896484, "robbery": 1 }, "geometry": { "type": "Point", "coordinates": [ -90.100914000999978, 29.950618744000053 ] } },
{ "type": "Feature", "properties": { "OBJECTID": 93935, "id": "NEWORLEANS_2011_20222023L-10890-23", "x": -90.113883972167969, "y": 29.945449829101562, "robbery": 1 }, "geometry": { "type": "Point", "coordinates": [ -90.11388397199994, 29.94544982900004 ] } },
{ "type": "Feature", "properties": { "OBJECTID": 93936, "id": "NEWORLEANS_2011_20222023L-11213-23", "x": -90.095115661621094, "y": 29.969316482543945, "robbery": 1 }, "geometry": { "type": "Point", "coordinates": [ -90.095115661999955, 29.969316483000057 ] } },
{ "type": "Feature", "properties": { "OBJECTID": 93937, "id": "NEWORLEANS_2011_20222023L-11215-23", "x": -90.074958801269531, "y": 29.954597473144531, "robbery": 1 }, "geometry": { "type": "Point", "coordinates": [ -90.07495880099998, 29.954597473000035 ] } },
{ "type": "Feature", "properties": { "OBJECTID": 93938, "id": "NEWORLEANS_2011_20222023L-11216-23", "x": -90.073585510253906, "y": 29.952499389648438, "robbery": 1 }, "geometry": { "type": "Point", "coordinates": [ -90.073585509999987, 29.952499390000071 ] } },
{ "type": "Feature", "properties": { "OBJECTID": 93939, "id": "NEWORLEANS_2011_20222023L-12314-23", "x": -90.068023681640625, "y": 29.961187362670898, "robbery": 1 }, "geometry": { "type": "Point", "coordinates": [ -90.068023681999989, 29.961187363000079 ] } },
{ "type": "Feature", "properties": { "OBJECTID": 93940, "id": "NEWORLEANS_2011_20222023L-12862-23", "x": -90.058799743652344, "y": 29.990739822387695, "robbery": 1 }, "geometry": { "type": "Point", "coordinates": [ -90.058799743999941, 29.990739822000023 ] } },
{ "type": "Feature", "properties": { "OBJECTID": 93941, "id": "NEWORLEANS_2011_20222023L-13450-23", "x": -90.076957702636719, "y": 29.979339599609375, "robbery": 1 }, "geometry": { "type": "Point", "coordinates": [ -90.076957702999948, 29.97933960000006 ] } },
{ "type": "Feature", "properties": { "OBJECTID": 93942, "id": "NEWORLEANS_2011_20222023L-13599-23", "x": -90.093040466308594, "y": 29.969621658325195, "robbery": 1 }, "geometry": { "type": "Point", "coordinates": [ -90.093040466, 29.969621658000051 ] } },
{ "type": "Feature", "properties": { "OBJECTID": 93943, "id": "NEWORLEANS_2011_20222023L-13809-23", "x": -90.021278381347656, "y": 29.918573379516602, "robbery": 1 }, "geometry": { "type": "Point", "coordinates": [ -90.021278380999945, 29.918573380000055 ] } },
{ "type": "Feature", "properties": { "OBJECTID": 93944, "id": "NEWORLEANS_2011_20222023L-13950-23", "x": -90.022041320800781, "y": 30.019794464111328, "robbery": 1 }, "geometry": { "type": "Point", "coordinates": [ -90.022041320999961, 30.019794464000029 ] } },
{ "type": "Feature", "properties": { "OBJECTID": 93945, "id": "NEWORLEANS_2011_20222023L-13995-23", "x": -90.064079284667969, "y": 29.964071273803711, "robbery": 1 }, "geometry": { "type": "Point", "coordinates": [ -90.064079285, 29.964071274000048 ] } },
{ "type": "Feature", "properties": { "OBJECTID": 93946, "id": "NEWORLEANS_2011_20222023L-15359-23", "x": -90.066429138183594, "y": 29.964454650878906, "robbery": 1 }, "geometry": { "type": "Point", "coordinates": [ -90.066429138, 29.96445465100004 ] } },
{ "type": "Feature", "properties": { "OBJECTID": 93947, "id": "NEWORLEANS_2011_20222023L-15657-23", "x": -90.009742736816406, "y": 30.038326263427734, "robbery": 1 }, "geometry": { "type": "Point", "coordinates": [ -90.009742736999954, 30.038326263000044 ] } },
{ "type": "Feature", "properties": { "OBJECTID": 93948, "id": "NEWORLEANS_2011_20222023L-15799-23", "x": -90.089187622070312, "y": 29.945945739746094, "robbery": 1 }, "geometry": { "type": "Point", "coordinates": [ -90.08918762199994, 29.94594574000007 ] } },
{ "type": "Feature", "properties": { "OBJECTID": 93949, "id": "NEWORLEANS_2011_20222023L-16777-23", "x": -90.035057067871094, "y": 29.970495223999023, "robbery": 1 }, "geometry": { "type": "Point", "coordinates": [ -90.035057067999958, 29.970495224000047 ] } },
{ "type": "Feature", "properties": { "OBJECTID": 93950, "id": "NEWORLEANS_2011_20222023L-17856-23", "x": -89.958709716796875, "y": 30.025625228881836, "robbery": 1 }, "geometry": { "type": "Point", "coordinates": [ -89.958709716999977, 30.02562522900007 ] } },
{ "type": "Feature", "properties": { "OBJECTID": 93951, "id": "NEWORLEANS_2011_20222023L-18059-23", "x": -90.045524597167969, "y": 29.985595703125, "robbery": 1 }, "geometry": { "type": "Point", "coordinates": [ -90.04552459699994, 29.985595703000058 ] } },
{ "type": "Feature", "properties": { "OBJECTID": 93952, "id": "NEWORLEANS_2011_20222023L-18208-23", "x": -90.065299987792969, "y": 29.986776351928711, "robbery": 1 }, "geometry": { "type": "Point", "coordinates": [ -90.065299987999936, 29.986776352000049 ] } },
{ "type": "Feature", "properties": { "OBJECTID": 93953, "id": "NEWORLEANS_2011_20222023L-18320-23", "x": -90.08868408203125, "y": 29.963834762573242, "robbery": 1 }, "geometry": { "type": "Point", "coordinates": [ -90.088684081999986, 29.963834763000079 ] } },
{ "type": "Feature", "properties": { "OBJECTID": 93954, "id": "NEWORLEANS_2011_20222023L-18442-23", "x": -90.063377380371094, "y": 29.962345123291016, "robbery": 1 }, "geometry": { "type": "Point", "coordinates": [ -90.063377379999963, 29.962345123000034 ] } },
{ "type": "Feature", "properties": { "OBJECTID": 93955, "id": "NEWORLEANS_2011_20222023L-19553-23", "x": -90.01605224609375, "y": 29.929399490356445, "robbery": 1 }, "geometry": { "type": "Point", "coordinates": [ -90.016052245999958, 29.929399490000037 ] } },
{ "type": "Feature", "properties": { "OBJECTID": 93956, "id": "NEWORLEANS_2011_20222023L-20805-23", "x": -90.069145202636719, "y": 29.954633712768555, "robbery": 1 }, "geometry": { "type": "Point", "coordinates": [ -90.069145202999948, 29.954633713000078 ] } },
{ "type": "Feature", "properties": { "OBJECTID": 93957, "id": "NEWORLEANS_2011_20222023L-21106-23", "x": -90.10589599609375, "y": 29.969783782958984, "robbery": 1 }, "geometry": { "type": "Point", "coordinates": [ -90.105895995999958, 29.969783783000025 ] } },
{ "type": "Feature", "properties": { "OBJECTID": 93958, "id": "NEWORLEANS_2011_20222023L-21458-23", "x": -90.094520568847656, "y": 29.954227447509766, "robbery": 1 }, "geometry": { "type": "Point", "coordinates": [ -90.09452056899994, 29.95422744800004 ] } },
{ "type": "Feature", "properties": { "OBJECTID": 93959, "id": "NEWORLEANS_2011_20222023L-21505-23", "x": -90.078483581542969, "y": 29.939874649047852, "robbery": 1 }, "geometry": { "type": "Point", "coordinates": [ -90.078483582, 29.939874649000046 ] } },
{ "type": "Feature", "properties": { "OBJECTID": 93960, "id": "NEWORLEANS_2011_20222023L-21628-23", "x": -90.068611145019531, "y": 29.955411911010742, "robbery": 1 }, "geometry": { "type": "Point", "coordinates": [ -90.068611144999977, 29.955411911000056 ] } },
{ "type": "Feature", "properties": { "OBJECTID": 93961, "id": "NEWORLEANS_2011_20222023L-22326-23", "x": -90.0096435546875, "y": 29.920135498046875, "robbery": 1 }, "geometry": { "type": "Point", "coordinates": [ -90.009643554999968, 29.920135498000036 ] } },
{ "type": "Feature", "properties": { "OBJECTID": 93962, "id": "NEWORLEANS_2011_20222023L-22844-23", "x": -90.069114685058594, "y": 29.953414916992188, "robbery": 1 }, "geometry": { "type": "Point", "coordinates": [ -90.069114684999988, 29.953414917000032 ] } },
{ "type": "Feature", "properties": { "OBJECTID": 93963, "id": "NEWORLEANS_2011_20222023L-23069-23", "x": -90.040184020996094, "y": 29.945178985595703, "robbery": 1 }, "geometry": { "type": "Point", "coordinates": [ -90.040184020999959, 29.94517898600003 ] } },
{ "type": "Feature", "properties": { "OBJECTID": 93964, "id": "NEWORLEANS_2011_20222023L-23563-23", "x": -90.009979248046875, "y": 29.919820785522461, "robbery": 1 }, "geometry": { "type": "Point", "coordinates": [ -90.009979247999979, 29.919820786000059 ] } },
{ "type": "Feature", "properties": { "OBJECTID": 93965, "id": "NEWORLEANS_2011_20222023L-23597-23", "x": -90.07830810546875, "y": 29.954740524291992, "robbery": 1 }, "geometry": { "type": "Point", "coordinates": [ -90.078308104999962, 29.954740524000044 ] } },
{ "type": "Feature", "properties": { "OBJECTID": 93966, "id": "NEWORLEANS_2011_20222023L-24497-23", "x": -90.06939697265625, "y": 29.949220657348633, "robbery": 1 }, "geometry": { "type": "Point", "coordinates": [ -90.069396972999982, 29.949220657000069 ] } },
{ "type": "Feature", "properties": { "OBJECTID": 93967, "id": "NEWORLEANS_2011_20222023L-25801-23", "x": -90.038276672363281, "y": 30.004741668701172, "robbery": 1 }, "geometry": { "type": "Point", "coordinates": [ -90.038276671999938, 30.004741669000055 ] } },
{ "type": "Feature", "properties": { "OBJECTID": 93968, "id": "NEWORLEANS_2011_20222023L-26228-23", "x": -90.049530029296875, "y": 29.964406967163086, "robbery": 1 }, "geometry": { "type": "Point", "coordinates": [ -90.049530028999982, 29.964406967000059 ] } },
{ "type": "Feature", "properties": { "OBJECTID": 93969, "id": "NEWORLEANS_2011_20222023L-26436-23", "x": -89.908714294433594, "y": 30.037130355834961, "robbery": 1 }, "geometry": { "type": "Point", "coordinates": [ -89.908714293999935, 30.037130356000034 ] } },
{ "type": "Feature", "properties": { "OBJECTID": 93970, "id": "NEWORLEANS_2011_20222023L-27118-23", "x": -90.025245666503906, "y": 29.932092666625977, "robbery": 1 }, "geometry": { "type": "Point", "coordinates": [ -90.025245666999979, 29.932092667000063 ] } },
{ "type": "Feature", "properties": { "OBJECTID": 93971, "id": "NEWORLEANS_2011_20222023L-27417-23", "x": -90.069259643554688, "y": 29.954687118530273, "robbery": 1 }, "geometry": { "type": "Point", "coordinates": [ -90.069259643999942, 29.954687119000027 ] } },
{ "type": "Feature", "properties": { "OBJECTID": 93972, "id": "NEWORLEANS_2011_20222023L-27479-23", "x": -90.024459838867188, "y": 29.938564300537109, "robbery": 1 }, "geometry": { "type": "Point", "coordinates": [ -90.024459838999974, 29.938564301000042 ] } },
{ "type": "Feature", "properties": { "OBJECTID": 93973, "id": "NEWORLEANS_2011_20222023L-27527-23", "x": -90.02825927734375, "y": 29.931373596191406, "robbery": 1 }, "geometry": { "type": "Point", "coordinates": [ -90.028259276999961, 29.931373596000071 ] } },
{ "type": "Feature", "properties": { "OBJECTID": 93974, "id": "NEWORLEANS_2011_20222023L-27529-23", "x": -89.983497619628906, "y": 30.040489196777344, "robbery": 1 }, "geometry": { "type": "Point", "coordinates": [ -89.98349761999998, 30.040489197000056 ] } },
{ "type": "Feature", "properties": { "OBJECTID": 93975, "id": "NEWORLEANS_2011_20222023L-27851-23", "x": -90.053962707519531, "y": 29.968669891357422, "robbery": 1 }, "geometry": { "type": "Point", "coordinates": [ -90.053962707999972, 29.968669891000047 ] } },
{ "type": "Feature", "properties": { "OBJECTID": 93976, "id": "NEWORLEANS_2011_20222023L-27980-23", "x": -90.097320556640625, "y": 29.944271087646484, "robbery": 1 }, "geometry": { "type": "Point", "coordinates": [ -90.097320556999989, 29.94427108800005 ] } },
{ "type": "Feature", "properties": { "OBJECTID": 93977, "id": "NEWORLEANS_2011_20222023X-00118-23", "x": -90.065170288085938, "y": 29.959259033203125, "robbery": 1 }, "geometry": { "type": "Point", "coordinates": [ -90.065170288, 29.959259033000023 ] } }
]
}
