{"type":"FeatureCollection","features":[{"type":"Feature","id":1,"geometry":{"type":"Polygon","coordinates":[[[-122.44647099999997,37.775802000000056],[-122.44744299999996,37.775678000000028],[-122.44806799999998,37.775599000000057],[-122.44884999999999,37.775499000000025],[-122.44970799999999,37.775390000000073],[-122.45135799999997,37.775175000000047],[-122.45280999999994,37.774995000000047],[-122.45300299999997,37.77497100000005],[-122.45468299999999,37.774755000000027],[-122.45464199999998,37.774646000000075],[-122.45445099999995,37.773711000000048],[-122.45428499999997,37.772895000000062],[-122.45408299999997,37.771930000000054],[-122.45395899999994,37.771997000000056],[-122.45243699999997,37.772189000000026],[-122.45224199999996,37.772181000000046],[-122.45078699999999,37.772368000000029],[-122.44914299999999,37.772579000000064],[-122.44749699999994,37.772790000000043],[-122.44590199999999,37.772995000000037],[-122.44421599999998,37.773212000000058],[-122.44256499999995,37.773424000000034],[-122.44092199999994,37.77363500000007],[-122.44110999999998,37.774567000000047],[-122.44129999999996,37.775505000000067],[-122.44148799999999,37.776435000000049],[-122.44313199999999,37.776226000000065],[-122.44477999999998,37.776017000000024],[-122.44647099999997,37.775802000000056]]]},"properties":{"OBJECTID":1,"STATEFP10":"06","COUNTYFP10":"075","TRACTCE10":"016500","GEOID10":"06075016500","NAME10":"165","NAMELSAD10":"Census Tract 165","MTFCC10":"G5020","FUNCSTAT10":"S","ALAND10":370459,"AWATER10":0,"INTPTLAT10":"+37.7741958","INTPTLON10":"-122.4477884","OBJECTID_1":2396,"trctidfp10":"06075016500","stcou":"06075","pdenied":1.5643802881240845,"JOINID":"06075016500","STCOU_TXT":"06075","Shape_Length":0.032330733225610191,"Shape_Area":3.788479650002369e-05}},{"type":"Feature","id":2,"geometry":{"type":"Polygon","coordinates":[[[-122.44033999999999,37.776580000000024],[-122.44148799999999,37.776435000000049],[-122.44129999999996,37.775505000000067],[-122.44110999999998,37.774567000000047],[-122.44092199999994,37.77363500000007],[-122.44073499999996,37.772713000000067],[-122.43908899999997,37.772922000000051],[-122.43742299999997,37.77313300000003],[-122.43575099999998,37.77334600000006],[-122.43410899999998,37.77354900000006],[-122.43246699999997,37.773757000000046],[-122.43263399999995,37.774585000000059],[-122.43264899999997,37.77469300000007],[-122.43266299999999,37.774800000000027],[-122.43282999999997,37.775626000000045],[-122.43285999999995,37.775719000000038],[-122.43302799999998,37.776550000000043],[-122.43321899999995,37.777490000000057],[-122.43486399999995,37.777281000000073],[-122.43650699999995,37.777068000000043],[-122.43817699999994,37.776856000000066],[-122.43984399999999,37.776644000000033],[-122.44033999999999,37.776580000000024]]]},"properties":{"OBJECTID":2,"STATEFP10":"06","COUNTYFP10":"075","TRACTCE10":"016400","GEOID10":"06075016400","NAME10":"164","NAMELSAD10":"Census Tract 164","MTFCC10":"G5020","FUNCSTAT10":"S","ALAND10":309097,"AWATER10":0,"INTPTLAT10":"+37.7750995","INTPTLON10":"-122.4369729","OBJECTID_1":2395,"trctidfp10":"06075016400","stcou":"06075","pdenied":0.53475934267044067,"JOINID":"06075016400","STCOU_TXT":"06075","Shape_Length":0.024276175106817822,"Shape_Area":3.1609946999970509e-05}},{"type":"Feature","id":3,"geometry":{"type":"Polygon","coordinates":[[[-122.42915199999999,37.778007000000059],[-122.42984899999999,37.777919000000054],[-122.43057599999997,37.777827000000059],[-122.43157499999995,37.777700000000038],[-122.43321899999995,37.777490000000057],[-122.43302799999998,37.776550000000043],[-122.43285999999995,37.775719000000038],[-122.43282999999997,37.775626000000045],[-122.43266299999999,37.774800000000027],[-122.43264899999997,37.77469300000007],[-122.43263399999995,37.774585000000059],[-122.43246699999997,37.773757000000046],[-122.43235099999998,37.773779000000047],[-122.43082499999997,37.773973000000069],[-122.42917799999998,37.774181000000056],[-122.42754599999995,37.774388000000044],[-122.42588799999999,37.77459900000008],[-122.42597899999998,37.775049000000024],[-122.42606999999998,37.775525000000073],[-122.42616699999996,37.775997000000075],[-122.42626299999995,37.776464000000033],[-122.42635899999999,37.77693000000005],[-122.42645199999998,37.77738800000003],[-122.42654799999997,37.777862000000027],[-122.42664099999996,37.778329000000042],[-122.42808399999996,37.778145000000052],[-122.42890899999998,37.778039000000035],[-122.42915199999999,37.778007000000059]]]},"properties":{"OBJECTID":3,"STATEFP10":"06","COUNTYFP10":"075","TRACTCE10":"016300","GEOID10":"06075016300","NAME10":"163","NAMELSAD10":"Census Tract 163","MTFCC10":"G5020","FUNCSTAT10":"S","ALAND10":245867,"AWATER10":0,"INTPTLAT10":"+37.7760456","INTPTLON10":"-122.4295509","OBJECTID_1":2394,"trctidfp10":"06075016300","stcou":"06075","pdenied":0.50675672292709351,"JOINID":"06075016300","STCOU_TXT":"06075","Shape_Length":0.020878532295659637,"Shape_Area":2.5143939999911269e-05}},{"type":"Feature","id":4,"geometry":{"type":"Polygon","coordinates":[[[-122.42890899999998,37.778039000000035],[-122.42808399999996,37.778145000000052],[-122.42664099999996,37.778329000000042],[-122.42499799999996,37.778538000000026],[-122.42335399999996,37.778747000000067],[-122.42344799999995,37.779213000000027],[-122.42354099999994,37.779674000000057],[-122.42373099999998,37.780612000000076],[-122.42382499999997,37.781078000000036],[-122.42391799999996,37.781536000000074],[-122.42410799999999,37.782477000000029],[-122.42739599999999,37.782057000000066],[-122.42904099999998,37.781847000000027],[-122.43060899999995,37.78164600000008],[-122.43169599999999,37.781508000000031],[-122.43232899999998,37.781428000000062],[-122.43325099999998,37.781310000000076],[-122.43397299999998,37.781219000000078],[-122.43378499999994,37.780287000000044],[-122.43359599999997,37.779355000000066],[-122.43340699999999,37.778422000000035],[-122.43321899999995,37.777490000000057],[-122.43157499999995,37.777700000000038],[-122.43057599999997,37.777827000000059],[-122.42984899999999,37.777919000000054],[-122.42915199999999,37.778007000000059],[-122.42890899999998,37.778039000000035]]]},"properties":{"OBJECTID":4,"STATEFP10":"06","COUNTYFP10":"075","TRACTCE10":"016100","GEOID10":"06075016100","NAME10":"161","NAMELSAD10":"Census Tract 161","MTFCC10":"G5020","FUNCSTAT10":"S","ALAND10":368901,"AWATER10":0,"INTPTLAT10":"+37.7799831","INTPTLON10":"-122.4286631","OBJECTID_1":2392,"trctidfp10":"06075016100","stcou":"06075","pdenied":1.0050251483917236,"JOINID":"06075016100","STCOU_TXT":"06075","Shape_Length":0.027499565955150674,"Shape_Area":3.7728653000105461e-05}},{"type":"Feature","id":5,"geometry":{"type":"Polygon","coordinates":[[[-122.42042499999997,37.780583000000036],[-122.42049899999995,37.780909000000065],[-122.42043999999999,37.781031000000041],[-122.42055199999999,37.781126000000029],[-122.42062299999998,37.781494000000066],[-122.42069299999997,37.781852000000072],[-122.42063799999994,37.781961000000024],[-122.42073799999997,37.782053000000076],[-122.42080999999996,37.782417000000066],[-122.42088199999995,37.782776000000069],[-122.42081699999994,37.782894000000056],[-122.42090099999996,37.782977000000074],[-122.42097699999999,37.783352000000036],[-122.42104999999998,37.783712000000037],[-122.42100799999997,37.783824000000038],[-122.42109799999997,37.783915000000036],[-122.42117099999996,37.784283000000073],[-122.42124299999995,37.784635000000037],[-122.42119299999996,37.78475300000008],[-122.42283799999996,37.784547000000032],[-122.42303999999996,37.784553000000074],[-122.42332499999998,37.784615000000031],[-122.42361199999999,37.784766000000047],[-122.42387399999996,37.785003000000074],[-122.42416999999995,37.785193000000049],[-122.42453799999998,37.785274000000072],[-122.42468699999995,37.785335000000032],[-122.42448699999994,37.784346000000028],[-122.42429499999997,37.783400000000029],[-122.42420199999998,37.782942000000048],[-122.42410799999999,37.782477000000029],[-122.42391799999996,37.781536000000074],[-122.42382499999997,37.781078000000036],[-122.42373099999998,37.780612000000076],[-122.42354099999994,37.779674000000057],[-122.42189199999996,37.77989000000008],[-122.42046099999999,37.780069000000026],[-122.42024699999996,37.780075000000068],[-122.42033599999996,37.780190000000061],[-122.42042499999997,37.780583000000036]]]},"properties":{"OBJECTID":5,"STATEFP10":"06","COUNTYFP10":"075","TRACTCE10":"016000","GEOID10":"06075016000","NAME10":"160","NAMELSAD10":"Census Tract 160","MTFCC10":"G5020","FUNCSTAT10":"S","ALAND10":158236,"AWATER10":0,"INTPTLAT10":"+37.7823363","INTPTLON10":"-122.4224838","OBJECTID_1":2391,"trctidfp10":"06075016000","stcou":"06075","pdenied":1.8214935064315796,"JOINID":"06075016000","STCOU_TXT":"06075","Shape_Length":0.01782665151494112,"Shape_Area":1.6183726999974145e-05}},{"type":"Feature","id":6,"geometry":{"type":"Polygon","coordinates":[[[-122.43232899999998,37.781428000000062],[-122.43169599999999,37.781508000000031],[-122.43060899999995,37.78164600000008],[-122.42904099999998,37.781847000000027],[-122.42739599999999,37.782057000000066],[-122.42410799999999,37.782477000000029],[-122.42420199999998,37.782942000000048],[-122.42429499999997,37.783400000000029],[-122.42448699999994,37.784346000000028],[-122.42468699999995,37.785335000000032],[-122.42489899999998,37.785441000000048],[-122.42648299999996,37.785242000000039],[-122.42789399999998,37.785064000000034],[-122.42798899999997,37.784954000000027],[-122.42810199999997,37.785027000000071],[-122.42906299999999,37.784910000000025],[-122.42951899999997,37.78485500000005],[-122.43105299999996,37.784668000000067],[-122.43120499999998,37.784568000000036],[-122.43139899999994,37.784607000000051],[-122.43288499999994,37.784420000000068],[-122.43291399999998,37.784355000000062],[-122.43296999999995,37.784410000000037],[-122.43373699999995,37.784314000000052],[-122.43446499999999,37.784222000000057],[-122.43456199999997,37.784152000000063],[-122.43434999999999,37.783083000000033],[-122.43416199999996,37.782151000000056],[-122.43397299999998,37.781219000000078],[-122.43325099999998,37.781310000000076],[-122.43232899999998,37.781428000000062]]]},"properties":{"OBJECTID":6,"STATEFP10":"06","COUNTYFP10":"075","TRACTCE10":"015900","GEOID10":"06075015900","NAME10":"159","NAMELSAD10":"Census Tract 159","MTFCC10":"G5020","FUNCSTAT10":"S","ALAND10":295388,"AWATER10":0,"INTPTLAT10":"+37.7833400","INTPTLON10":"-122.4293428","OBJECTID_1":2390,"trctidfp10":"06075015900","stcou":"06075","pdenied":1.6427105665206909,"JOINID":"06075015900","STCOU_TXT":"06075","Shape_Length":0.026014408092654786,"Shape_Area":3.0211535499970121e-05}},{"type":"Feature","id":7,"geometry":{"type":"Polygon","coordinates":[[[-122.44167799999997,37.777373000000068],[-122.44186599999995,37.778300000000058],[-122.44205299999999,37.779244000000062],[-122.44111899999996,37.77937200000008],[-122.44095799999997,37.779364000000044],[-122.44114899999994,37.780293000000029],[-122.44133999999997,37.781235000000038],[-122.44151199999999,37.782096000000024],[-122.44167199999998,37.782234000000074],[-122.44181999999995,37.78230700000006],[-122.44269199999997,37.782643000000064],[-122.44279299999999,37.782885000000078],[-122.44444099999998,37.782678000000033],[-122.44571099999996,37.782518000000039],[-122.44580299999996,37.782513000000051],[-122.44582599999995,37.782512000000054],[-122.44585299999994,37.782510000000059],[-122.44677499999995,37.782461000000069],[-122.44730199999998,37.782392000000073],[-122.44731799999994,37.782432000000028],[-122.44736599999999,37.782555000000059],[-122.44806399999999,37.78248300000007],[-122.44898899999998,37.78236000000004],[-122.44907899999998,37.782314000000042],[-122.45002599999998,37.782203000000038],[-122.45009199999998,37.782117000000028],[-122.45019899999994,37.782177000000047],[-122.45104599999996,37.782073000000025],[-122.45111999999995,37.78198400000008],[-122.45123299999995,37.782051000000024],[-122.45206099999996,37.781947000000059],[-122.45214299999998,37.781853000000069],[-122.45225199999999,37.781913000000031],[-122.45309899999995,37.781803000000025],[-122.45316999999994,37.781717000000071],[-122.45326799999998,37.781779000000029],[-122.45406999999994,37.781686000000036],[-122.45417599999996,37.781599000000028],[-122.45411599999994,37.781435000000045],[-122.45387699999998,37.780239000000051],[-122.45385499999998,37.780126000000052],[-122.45384099999995,37.779888000000028],[-122.45378199999999,37.779602000000068],[-122.45366899999999,37.779055000000028],[-122.45344999999998,37.777978000000076],[-122.45338499999997,37.777827000000059],[-122.45433099999997,37.777713000000062],[-122.45521699999995,37.777599000000066],[-122.45521999999994,37.777494000000047],[-122.45512399999996,37.777026000000035],[-122.45497799999998,37.77632200000005],[-122.45484699999997,37.775685000000067],[-122.45476399999995,37.775527000000068],[-122.45466799999997,37.774965000000066],[-122.45468299999999,37.774755000000027],[-122.45300299999997,37.77497100000005],[-122.45280999999994,37.774995000000047],[-122.45135799999997,37.775175000000047],[-122.44970799999999,37.775390000000073],[-122.44884999999999,37.775499000000025],[-122.44806799999998,37.775599000000057],[-122.44744299999996,37.775678000000028],[-122.44647099999997,37.775802000000056],[-122.44477999999998,37.776017000000024],[-122.44313199999999,37.776226000000065],[-122.44148799999999,37.776435000000049],[-122.44163399999996,37.777156000000048],[-122.44167799999997,37.777373000000068]]]},"properties":{"OBJECTID":7,"STATEFP10":"06","COUNTYFP10":"075","TRACTCE10":"015700","GEOID10":"06075015700","NAME10":"157","NAMELSAD10":"Census Tract 157","MTFCC10":"G5020","FUNCSTAT10":"S","ALAND10":836550,"AWATER10":0,"INTPTLAT10":"+37.7789154","INTPTLON10":"-122.4480069","OBJECTID_1":2387,"trctidfp10":"06075015700","stcou":"06075","pdenied":0.99900102615356445,"JOINID":"06075015700","STCOU_TXT":"06075","Shape_Length":0.04209446624379639,"Shape_Area":8.5555013500032408e-05}},{"type":"Feature","id":8,"geometry":{"type":"Polygon","coordinates":[[[-122.45468299999999,37.774755000000027],[-122.45466799999997,37.774965000000066],[-122.45476399999995,37.775527000000068],[-122.45484699999997,37.775685000000067],[-122.45497799999998,37.77632200000005],[-122.45512399999996,37.777026000000035],[-122.45521999999994,37.777494000000047],[-122.45521699999995,37.777599000000066],[-122.45433099999997,37.777713000000062],[-122.45338499999997,37.777827000000059],[-122.45344999999998,37.777978000000076],[-122.45366899999999,37.779055000000028],[-122.45378199999999,37.779602000000068],[-122.45384099999995,37.779888000000028],[-122.45385499999998,37.780126000000052],[-122.45387699999998,37.780239000000051],[-122.45411599999994,37.781435000000045],[-122.45417599999996,37.781599000000028],[-122.45428299999998,37.781655000000057],[-122.45521099999996,37.781536000000074],[-122.45528099999996,37.781459000000041],[-122.45537799999994,37.781524000000047],[-122.45546899999999,37.781514000000072],[-122.45552399999997,37.781431000000055],[-122.45563299999998,37.781490000000076],[-122.45622599999996,37.781454000000053],[-122.45629599999995,37.781381000000067],[-122.45639599999998,37.781447000000071],[-122.45662899999996,37.781439000000034],[-122.45764699999995,37.781396000000029],[-122.45773299999996,37.781315000000063],[-122.45782299999996,37.78137600000008],[-122.45872999999995,37.781343000000049],[-122.45885899999996,37.781257000000039],[-122.45873199999994,37.779333000000065],[-122.45863799999995,37.778008000000057],[-122.45858099999998,37.777254000000028],[-122.45850499999995,37.776190000000042],[-122.45846299999999,37.775618000000065],[-122.45843499999995,37.775240000000053],[-122.45837099999994,37.774309000000073],[-122.45628399999998,37.774555000000078],[-122.45525299999997,37.774687000000029],[-122.45468299999999,37.774755000000027]]]},"properties":{"OBJECTID":8,"STATEFP10":"06","COUNTYFP10":"075","TRACTCE10":"015600","GEOID10":"06075015600","NAME10":"156","NAMELSAD10":"Census Tract 156","MTFCC10":"G5020","FUNCSTAT10":"S","ALAND10":293492,"AWATER10":0,"INTPTLAT10":"+37.7782427","INTPTLON10":"-122.4564254","OBJECTID_1":2386,"trctidfp10":"06075015600","stcou":"06075","pdenied":0.4750593900680542,"JOINID":"06075015600","STCOU_TXT":"06075","Shape_Length":0.024248122054014918,"Shape_Area":3.0015718499861912e-05}},{"type":"Feature","id":9,"geometry":{"type":"Polygon","coordinates":[[[-122.43291399999998,37.784355000000062],[-122.43288499999994,37.784420000000068],[-122.43139899999994,37.784607000000051],[-122.43120499999998,37.784568000000036],[-122.43105299999996,37.784668000000067],[-122.42951899999997,37.78485500000005],[-122.42906299999999,37.784910000000025],[-122.42810199999997,37.785027000000071],[-122.42798899999997,37.784954000000027],[-122.42789399999998,37.785064000000034],[-122.42648299999996,37.785242000000039],[-122.42489899999998,37.785441000000048],[-122.42468699999995,37.785335000000032],[-122.42485799999997,37.786196000000075],[-122.42504699999995,37.787130000000047],[-122.42666699999995,37.786925000000053],[-122.42833599999994,37.786713000000077],[-122.42997899999995,37.786504000000036],[-122.43155199999995,37.78630400000003],[-122.43227099999996,37.786212000000035],[-122.43327199999999,37.786085000000071],[-122.43491799999998,37.78587600000003],[-122.43655699999999,37.785668000000044],[-122.43820599999998,37.78545900000006],[-122.43987299999998,37.785248000000024],[-122.44153699999998,37.785036000000048],[-122.44318299999998,37.784827000000064],[-122.44298899999995,37.783897000000024],[-122.44279299999999,37.782885000000078],[-122.44270199999994,37.782972000000029],[-122.44115799999997,37.783164000000056],[-122.43963299999996,37.783360000000073],[-122.43947999999995,37.783308000000034],[-122.43935199999999,37.783395000000041],[-122.43893699999995,37.783450000000073],[-122.43855099999996,37.783597000000043],[-122.43826799999999,37.783716000000027],[-122.43801699999995,37.783773000000053],[-122.43784799999997,37.783718000000079],[-122.43775199999999,37.783802000000037],[-122.43465899999995,37.78419400000007],[-122.43456199999997,37.784152000000063],[-122.43446499999999,37.784222000000057],[-122.43373699999995,37.784314000000052],[-122.43296999999995,37.784410000000037],[-122.43291399999998,37.784355000000062]]]},"properties":{"OBJECTID":9,"STATEFP10":"06","COUNTYFP10":"075","TRACTCE10":"015500","GEOID10":"06075015500","NAME10":"155","NAMELSAD10":"Census Tract 155","MTFCC10":"G5020","FUNCSTAT10":"S","ALAND10":312624,"AWATER10":0,"INTPTLAT10":"+37.7850923","INTPTLON10":"-122.4341350","OBJECTID_1":2385,"trctidfp10":"06075015500","stcou":"06075","pdenied":3.2085559368133545,"JOINID":"06075015500","STCOU_TXT":"06075","Shape_Length":0.040715598444126415,"Shape_Area":3.197504249996777e-05}},{"type":"Feature","id":10,"geometry":{"type":"Polygon","coordinates":[[[-122.44336999999996,37.785759000000041],[-122.44355999999999,37.786691000000076],[-122.44375299999996,37.78764700000005],[-122.44540199999994,37.787438000000066],[-122.44679299999996,37.787262000000055],[-122.44846799999999,37.787049000000025],[-122.45011799999997,37.786838000000046],[-122.45022499999999,37.786817000000042],[-122.45175799999998,37.786620000000028],[-122.45328699999999,37.786428000000058],[-122.45340699999997,37.786418000000026],[-122.45477399999999,37.786244000000067],[-122.45504999999997,37.786209000000042],[-122.45586499999996,37.786105000000077],[-122.45668499999999,37.786000000000058],[-122.45696299999997,37.785964000000035],[-122.45806199999998,37.785824000000048],[-122.45917899999995,37.785682000000065],[-122.45913399999995,37.785059000000047],[-122.45904499999995,37.783827000000031],[-122.45899799999995,37.78318900000005],[-122.45885899999996,37.781257000000039],[-122.45872999999995,37.781343000000049],[-122.45782299999996,37.78137600000008],[-122.45773299999996,37.781315000000063],[-122.45764699999995,37.781396000000029],[-122.45662899999996,37.781439000000034],[-122.45639599999998,37.781447000000071],[-122.45629599999995,37.781381000000067],[-122.45622599999996,37.781454000000053],[-122.45563299999998,37.781490000000076],[-122.45552399999997,37.781431000000055],[-122.45546899999999,37.781514000000072],[-122.45537799999994,37.781524000000047],[-122.45528099999996,37.781459000000041],[-122.45521099999996,37.781536000000074],[-122.45428299999998,37.781655000000057],[-122.45417599999996,37.781599000000028],[-122.45406999999994,37.781686000000036],[-122.45326799999998,37.781779000000029],[-122.45316999999994,37.781717000000071],[-122.45309899999995,37.781803000000025],[-122.45225199999999,37.781913000000031],[-122.45214299999998,37.781853000000069],[-122.45206099999996,37.781947000000059],[-122.45123299999995,37.782051000000024],[-122.45111999999995,37.78198400000008],[-122.45104599999996,37.782073000000025],[-122.45019899999994,37.782177000000047],[-122.45009199999998,37.782117000000028],[-122.45002599999998,37.782203000000038],[-122.44907899999998,37.782314000000042],[-122.44898899999998,37.78236000000004],[-122.44806399999999,37.78248300000007],[-122.44736599999999,37.782555000000059],[-122.44731799999994,37.782432000000028],[-122.44730199999998,37.782392000000073],[-122.44677499999995,37.782461000000069],[-122.44585299999994,37.782510000000059],[-122.44582599999995,37.782512000000054],[-122.44580299999996,37.782513000000051],[-122.44571099999996,37.782518000000039],[-122.44444099999998,37.782678000000033],[-122.44279299999999,37.782885000000078],[-122.44298899999995,37.783897000000024],[-122.44318299999998,37.784827000000064],[-122.44336999999996,37.785759000000041]]]},"properties":{"OBJECTID":10,"STATEFP10":"06","COUNTYFP10":"075","TRACTCE10":"015400","GEOID10":"06075015400","NAME10":"154","NAMELSAD10":"Census Tract 154","MTFCC10":"G5020","FUNCSTAT10":"S","ALAND10":719856,"AWATER10":0,"INTPTLAT10":"+37.7843608","INTPTLON10":"-122.4510358","OBJECTID_1":2384,"trctidfp10":"06075015400","stcou":"06075","pdenied":1.4171832799911499,"JOINID":"06075015400","STCOU_TXT":"06075","Shape_Length":0.041638144755521411,"Shape_Area":7.3626095999901607e-05}},{"type":"Feature","id":11,"geometry":{"type":"Polygon","coordinates":[[[-122.43491799999998,37.78587600000003],[-122.43510599999996,37.786811000000057],[-122.43519899999995,37.787275000000079],[-122.43529299999994,37.78774100000004],[-122.43548599999997,37.78869700000007],[-122.43712899999997,37.788488000000029],[-122.43877299999997,37.788278000000048],[-122.44043999999997,37.788067000000069],[-122.44210999999996,37.787856000000033],[-122.44375299999996,37.78764700000005],[-122.44355999999999,37.786691000000076],[-122.44336999999996,37.785759000000041],[-122.44318299999998,37.784827000000064],[-122.44153699999998,37.785036000000048],[-122.43987299999998,37.785248000000024],[-122.43820599999998,37.78545900000006],[-122.43655699999999,37.785668000000044],[-122.43491799999998,37.78587600000003]]]},"properties":{"OBJECTID":11,"STATEFP10":"06","COUNTYFP10":"075","TRACTCE10":"015300","GEOID10":"06075015300","NAME10":"153","NAMELSAD10":"Census Tract 153","MTFCC10":"G5020","FUNCSTAT10":"S","ALAND10":233719,"AWATER10":0,"INTPTLAT10":"+37.7867618","INTPTLON10":"-122.4393346","OBJECTID_1":2383,"trctidfp10":"06075015300","stcou":"06075","pdenied":2.4916942119598389,"JOINID":"06075015300","STCOU_TXT":"06075","Shape_Length":0.022419366171496615,"Shape_Area":2.3905203500041124e-05}},{"type":"Feature","id":12,"geometry":{"type":"Polygon","coordinates":[[[-122.43227099999996,37.786212000000035],[-122.43155199999995,37.78630400000003],[-122.42997899999995,37.786504000000036],[-122.42833599999994,37.786713000000077],[-122.42666699999995,37.786925000000053],[-122.42504699999995,37.787130000000047],[-122.42514099999994,37.787597000000062],[-122.42523699999998,37.788070000000062],[-122.42533099999997,37.788536000000079],[-122.42542299999997,37.788995000000057],[-122.42561599999999,37.789952000000028],[-122.42725999999999,37.789743000000044],[-122.42890499999999,37.78953400000006],[-122.43055099999998,37.789324000000079],[-122.43219699999997,37.789115000000038],[-122.43301899999994,37.789011000000073],[-122.43383999999998,37.788906000000054],[-122.43548599999997,37.78869700000007],[-122.43529299999994,37.78774100000004],[-122.43519899999995,37.787275000000079],[-122.43510599999996,37.786811000000057],[-122.43491799999998,37.78587600000003],[-122.43327199999999,37.786085000000071],[-122.43227099999996,37.786212000000035]]]},"properties":{"OBJECTID":12,"STATEFP10":"06","COUNTYFP10":"075","TRACTCE10":"015200","GEOID10":"06075015200","NAME10":"152","NAMELSAD10":"Census Tract 152","MTFCC10":"G5020","FUNCSTAT10":"S","ALAND10":279195,"AWATER10":0,"INTPTLAT10":"+37.7879139","INTPTLON10":"-122.4302666","OBJECTID_1":2382,"trctidfp10":"06075015200","stcou":"06075","pdenied":0.27137041091918945,"JOINID":"06075015200","STCOU_TXT":"06075","Shape_Length":0.025656212073152485,"Shape_Area":2.8557147500067757e-05}},{"type":"Feature","id":13,"geometry":{"type":"Polygon","coordinates":[[[-122.42119299999996,37.78475300000008],[-122.42127699999998,37.784857000000045],[-122.42135999999999,37.785214000000053],[-122.42144199999996,37.785567000000071],[-122.42139299999997,37.785686000000055],[-122.42129799999998,37.785794000000067],[-122.42137299999996,37.786166000000037],[-122.42144699999994,37.786528000000033],[-122.42156999999997,37.78661900000003],[-122.42168899999996,37.786689000000024],[-122.42176499999999,37.787062000000049],[-122.42184199999997,37.787442000000055],[-122.42175799999995,37.787548000000072],[-122.42187899999999,37.787628000000041],[-122.42195499999997,37.788001000000065],[-122.42203199999994,37.788383000000067],[-122.42194899999998,37.788490000000024],[-122.42206999999996,37.78857000000005],[-122.42214499999994,37.788943000000074],[-122.42221899999998,37.789306000000067],[-122.42213499999997,37.789412000000027],[-122.42225699999995,37.789492000000052],[-122.42240799999996,37.790241000000037],[-122.42232899999999,37.790370000000053],[-122.42397499999998,37.790160000000071],[-122.42561599999999,37.789952000000028],[-122.42542299999997,37.788995000000057],[-122.42533099999997,37.788536000000079],[-122.42523699999998,37.788070000000062],[-122.42514099999994,37.787597000000062],[-122.42504699999995,37.787130000000047],[-122.42485799999997,37.786196000000075],[-122.42468699999995,37.785335000000032],[-122.42453799999998,37.785274000000072],[-122.42416999999995,37.785193000000049],[-122.42387399999996,37.785003000000074],[-122.42361199999999,37.784766000000047],[-122.42332499999998,37.784615000000031],[-122.42303999999996,37.784553000000074],[-122.42283799999996,37.784547000000032],[-122.42119299999996,37.78475300000008]]]},"properties":{"OBJECTID":13,"STATEFP10":"06","COUNTYFP10":"075","TRACTCE10":"015100","GEOID10":"06075015100","NAME10":"151","NAMELSAD10":"Census Tract 151","MTFCC10":"G5020","FUNCSTAT10":"S","ALAND10":174315,"AWATER10":0,"INTPTLAT10":"+37.7874457","INTPTLON10":"-122.4234011","OBJECTID_1":2381,"trctidfp10":"06075015100","stcou":"06075","pdenied":2.1156558990478516,"JOINID":"06075015100","STCOU_TXT":"06075","Shape_Length":0.017963838336674587,"Shape_Area":1.7829266499993838e-05}},{"type":"Feature","id":14,"geometry":{"type":"Polygon","coordinates":[[[-122.43301899999994,37.789011000000073],[-122.43219699999997,37.789115000000038],[-122.43055099999998,37.789324000000079],[-122.42890499999999,37.78953400000006],[-122.42909199999997,37.790459000000055],[-122.42926999999997,37.79133900000005],[-122.42944699999998,37.792217000000051],[-122.42962499999999,37.793098000000043],[-122.43126299999994,37.792889000000059],[-122.43291799999997,37.792680000000075],[-122.43455799999998,37.792472000000032],[-122.43620399999998,37.792263000000048],[-122.43602599999997,37.791383000000053],[-122.43584899999996,37.79050200000006],[-122.43567299999995,37.789629000000048],[-122.43558099999996,37.789172000000065],[-122.43548599999997,37.78869700000007],[-122.43383999999998,37.788906000000054],[-122.43301899999994,37.789011000000073]]]},"properties":{"OBJECTID":14,"STATEFP10":"06","COUNTYFP10":"075","TRACTCE10":"013500","GEOID10":"06075013500","NAME10":"135","NAMELSAD10":"Census Tract 135","MTFCC10":"G5020","FUNCSTAT10":"S","ALAND10":235184,"AWATER10":0,"INTPTLAT10":"+37.7908976","INTPTLON10":"-122.4325551","OBJECTID_1":2380,"trctidfp10":"06075013500","stcou":"06075","pdenied":0.19193857908248901,"JOINID":"06075013500","STCOU_TXT":"06075","Shape_Length":0.020539357474754584,"Shape_Area":2.4056471499881854e-05}},{"type":"Feature","id":15,"geometry":{"type":"Polygon","coordinates":[[[-122.43548599999997,37.78869700000007],[-122.43558099999996,37.789172000000065],[-122.43567299999995,37.789629000000048],[-122.43584899999996,37.79050200000006],[-122.43602599999997,37.791383000000053],[-122.43620399999998,37.792263000000048],[-122.43784599999998,37.792054000000064],[-122.43948799999998,37.791843000000028],[-122.44115499999998,37.791631000000052],[-122.44282699999997,37.791418000000078],[-122.44447799999995,37.79120800000004],[-122.44611699999996,37.790999000000056],[-122.44593399999997,37.790119000000061],[-122.44575799999996,37.789248000000043],[-122.44558899999998,37.788364000000058],[-122.44540199999994,37.787438000000066],[-122.44375299999996,37.78764700000005],[-122.44210999999996,37.787856000000033],[-122.44043999999997,37.788067000000069],[-122.43877299999997,37.788278000000048],[-122.43712899999997,37.788488000000029],[-122.43548599999997,37.78869700000007]]]},"properties":{"OBJECTID":15,"STATEFP10":"06","COUNTYFP10":"075","TRACTCE10":"013400","GEOID10":"06075013400","NAME10":"134","NAMELSAD10":"Census Tract 134","MTFCC10":"G5020","FUNCSTAT10":"S","ALAND10":354173,"AWATER10":0,"INTPTLAT10":"+37.7898490","INTPTLON10":"-122.4407990","OBJECTID_1":2379,"trctidfp10":"06075013400","stcou":"06075","pdenied":0.88832491636276245,"JOINID":"06075013400","STCOU_TXT":"06075","Shape_Length":0.027258567844916873,"Shape_Area":3.6227121500041687e-05}},{"type":"Feature","id":16,"geometry":{"type":"Polygon","coordinates":[[[-122.44558899999998,37.788364000000058],[-122.44575799999996,37.789248000000043],[-122.44593399999997,37.790119000000061],[-122.44611699999996,37.790999000000056],[-122.44629999999995,37.791879000000051],[-122.44767899999999,37.791703000000041],[-122.449367,37.791488000000072],[-122.44942599999996,37.791637000000037],[-122.45099499999998,37.791323000000034],[-122.45273999999995,37.790974000000062],[-122.45422899999994,37.790676000000076],[-122.45583599999998,37.790355000000034],[-122.45747999999998,37.790026000000069],[-122.45902899999999,37.789716000000055],[-122.459476,37.789711000000068],[-122.45945299999994,37.78930100000008],[-122.45938799999999,37.788405000000068],[-122.45932399999998,37.787521000000027],[-122.45927999999998,37.786914000000024],[-122.45925599999998,37.786623000000077],[-122.45917899999995,37.785682000000065],[-122.45806199999998,37.785824000000048],[-122.45696299999997,37.785964000000035],[-122.45668499999999,37.786000000000058],[-122.45586499999996,37.786105000000077],[-122.45504999999997,37.786209000000042],[-122.45477399999999,37.786244000000067],[-122.45340699999997,37.786418000000026],[-122.45328699999999,37.786428000000058],[-122.45175799999998,37.786620000000028],[-122.45022499999999,37.786817000000042],[-122.45011799999997,37.786838000000046],[-122.44846799999999,37.787049000000025],[-122.44679299999996,37.787262000000055],[-122.44540199999994,37.787438000000066],[-122.44558899999998,37.788364000000058]]]},"properties":{"OBJECTID":16,"STATEFP10":"06","COUNTYFP10":"075","TRACTCE10":"013300","GEOID10":"06075013300","NAME10":"133","NAMELSAD10":"Census Tract 133","MTFCC10":"G5020","FUNCSTAT10":"S","ALAND10":581310,"AWATER10":0,"INTPTLAT10":"+37.7887307","INTPTLON10":"-122.4524293","OBJECTID_1":2378,"trctidfp10":"06075013300","stcou":"06075","pdenied":0.53418803215026855,"JOINID":"06075013300","STCOU_TXT":"06075","Shape_Length":0.035952183177720906,"Shape_Area":5.9459076000124164e-05}},{"type":"Feature","id":17,"geometry":{"type":"Polygon","coordinates":[[[-122.43006499999996,37.795273000000066],[-122.43014299999999,37.795657000000062],[-122.43018299999994,37.795854000000077],[-122.43182799999994,37.795644000000038],[-122.43346899999995,37.795435000000055],[-122.43511299999994,37.795226000000071],[-122.43676099999999,37.795016000000032],[-122.43694999999997,37.795949000000064],[-122.43859099999997,37.795741000000078],[-122.44023399999998,37.795533000000034],[-122.44190199999997,37.795321000000058],[-122.44357299999996,37.795108000000027],[-122.44522399999994,37.794898000000046],[-122.44672799999995,37.794706000000076],[-122.44665199999997,37.794195000000059],[-122.44658799999996,37.793765000000064],[-122.44652399999995,37.793337000000065],[-122.44644599999998,37.792811000000029],[-122.44629999999995,37.791879000000051],[-122.44611699999996,37.790999000000056],[-122.44447799999995,37.79120800000004],[-122.44282699999997,37.791418000000078],[-122.44115499999998,37.791631000000052],[-122.43948799999998,37.791843000000028],[-122.43784599999998,37.792054000000064],[-122.43620399999998,37.792263000000048],[-122.43455799999998,37.792472000000032],[-122.43291799999997,37.792680000000075],[-122.43126299999994,37.792889000000059],[-122.42962499999999,37.793098000000043],[-122.42980399999999,37.793977000000041],[-122.42998899999998,37.794895000000054],[-122.43006499999996,37.795273000000066]]]},"properties":{"OBJECTID":17,"STATEFP10":"06","COUNTYFP10":"075","TRACTCE10":"013200","GEOID10":"06075013200","NAME10":"132","NAMELSAD10":"Census Tract 132","MTFCC10":"G5020","FUNCSTAT10":"S","ALAND10":546680,"AWATER10":0,"INTPTLAT10":"+37.7936676","INTPTLON10":"-122.4387455","OBJECTID_1":2377,"trctidfp10":"06075013200","stcou":"06075","pdenied":1.6741070747375488,"JOINID":"06075013200","STCOU_TXT":"06075","Shape_Length":0.040634827326855277,"Shape_Area":5.5920592999910833e-05}},{"type":"Feature","id":18,"geometry":{"type":"Polygon","coordinates":[[[-122.42447999999996,37.796578000000068],[-122.42360099999996,37.796691000000067],[-122.42372599999999,37.796766000000048],[-122.42380499999996,37.79715600000003],[-122.42387699999995,37.797510000000045],[-122.42379299999999,37.797617000000059],[-122.42391399999997,37.797697000000028],[-122.42406599999998,37.798446000000069],[-122.42398199999997,37.798552000000029],[-122.42410399999994,37.798633000000052],[-122.42425399999996,37.799378000000047],[-122.42417099999994,37.799485000000061],[-122.42581399999995,37.799276000000077],[-122.42663099999999,37.799172000000056],[-122.42745699999995,37.799067000000036],[-122.42910199999994,37.798858000000052],[-122.43074699999994,37.798648000000071],[-122.43239299999999,37.79843900000003],[-122.43403599999999,37.798230000000046],[-122.43567799999994,37.798021000000062],[-122.43732599999998,37.797811000000024],[-122.43713799999995,37.796879000000047],[-122.43694999999997,37.795949000000064],[-122.43676099999999,37.795016000000032],[-122.43511299999994,37.795226000000071],[-122.43346899999995,37.795435000000055],[-122.43182799999994,37.795644000000038],[-122.43018299999994,37.795854000000077],[-122.42957399999995,37.795931000000053],[-122.42860099999996,37.796054000000026],[-122.42853799999995,37.796063000000061],[-122.42791599999998,37.796142000000032],[-122.42751099999998,37.796193000000073],[-122.42689299999995,37.796272000000044],[-122.42524999999995,37.796481000000028],[-122.42447999999996,37.796578000000068]]]},"properties":{"OBJECTID":18,"STATEFP10":"06","COUNTYFP10":"075","TRACTCE10":"013000","GEOID10":"06075013000","NAME10":"130","NAMELSAD10":"Census Tract 130","MTFCC10":"G5020","FUNCSTAT10":"S","ALAND10":366103,"AWATER10":0,"INTPTLAT10":"+37.7972449","INTPTLON10":"-122.4305121","OBJECTID_1":2374,"trctidfp10":"06075013000","stcou":"06075","pdenied":1.4030611515045166,"JOINID":"06075013000","STCOU_TXT":"06075","Shape_Length":0.032506151636654386,"Shape_Area":3.7450778500026029e-05}},{"type":"Feature","id":19,"geometry":{"type":"Polygon","coordinates":[[[-122.58458799999994,37.815228000000047],[-122.61228499999999,37.815224000000057],[-122.600236,37.802483000000052],[-122.58817399999998,37.78936200000004],[-122.58472799999998,37.779156000000057],[-122.58329299999997,37.771266000000026],[-122.58198099999998,37.764050000000054],[-122.58128099999999,37.760203000000047],[-122.57989999999995,37.748079000000075],[-122.57829399999997,37.733988000000068],[-122.57518899999997,37.706721000000073],[-122.55068599999998,37.707332000000065],[-122.50710299999997,37.70808500000004],[-122.50725199999999,37.709447000000068],[-122.507882,37.710578000000055],[-122.50811099999999,37.711348000000044],[-122.50845499999997,37.713203000000078],[-122.50965599999995,37.71641500000004],[-122.50976899999995,37.716823000000034],[-122.51022799999998,37.718724000000066],[-122.51017099999996,37.719719000000055],[-122.51057099999997,37.720941000000039],[-122.51125799999994,37.724923000000047],[-122.51153799999997,37.726215000000025],[-122.51228799999996,37.729673000000048],[-122.51222899999999,37.731530000000078],[-122.51240199999995,37.731665000000078],[-122.51240199999995,37.732118000000071],[-122.51263099999994,37.733385000000055],[-122.51234499999998,37.733973000000049],[-122.51251499999995,37.734380000000044],[-122.51273199999997,37.735087000000078],[-122.512655,37.735752000000048],[-122.51292999999998,37.737275000000068],[-122.51292999999998,37.73792700000007],[-122.51299099999994,37.738966000000062],[-122.51292999999998,37.739329000000055],[-122.51302099999998,37.739619000000062],[-122.51317299999999,37.740103000000033],[-122.51332599999995,37.740635000000054],[-122.51335799999998,37.741673000000048],[-122.51323499999995,37.742182000000071],[-122.51344899999998,37.742521000000067],[-122.51372499999997,37.743463000000077],[-122.51375399999995,37.744019000000037],[-122.51375399999995,37.74498600000004],[-122.51357199999995,37.745953000000043],[-122.51384699999994,37.746896000000049],[-122.51396799999998,37.747549000000049],[-122.51387699999998,37.748152000000061],[-122.51409799999999,37.748441000000071],[-122.51432999999997,37.749112000000025],[-122.51460299999997,37.749896000000035],[-122.51456899999999,37.750516000000061],[-122.51484099999999,37.750921000000062],[-122.51508099999995,37.75189400000005],[-122.51511499999998,37.752623000000028],[-122.51549099999994,37.754162000000065],[-122.51528499999995,37.754999000000055],[-122.51542299999994,37.755161000000044],[-122.51572899999996,37.757025000000056],[-122.51593499999996,37.758375000000058],[-122.51610599999998,37.760238000000072],[-122.51624099999998,37.760777000000076],[-122.51658399999997,37.761939000000041],[-122.51661799999999,37.762749000000042],[-122.51687699999997,37.763737000000049],[-122.51687699999997,37.764264000000026],[-122.51689399999998,37.764806000000078],[-122.51684699999998,37.765422000000058],[-122.51707999999996,37.766137000000072],[-122.51720399999999,37.766937000000041],[-122.51721999999995,37.767824000000076],[-122.51717399999995,37.768330000000049],[-122.51720399999999,37.768651000000034],[-122.51721999999995,37.76936500000005],[-122.51725599999997,37.770684000000074],[-122.51729199999994,37.771942000000024],[-122.51739599999996,37.775242000000048],[-122.51783799999998,37.775870000000054],[-122.51863299999997,37.777125000000069],[-122.51898599999998,37.77956800000004],[-122.51889799999998,37.780474000000027],[-122.52085799999998,37.784870000000069],[-122.52643699999999,37.79737700000004],[-122.52688099999995,37.798374000000024],[-122.53002499999997,37.805422000000078],[-122.53056299999997,37.806628000000046],[-122.53197099999994,37.809785000000034],[-122.53408399999995,37.814526000000058],[-122.53408799999994,37.815347000000031],[-122.53623199999998,37.815303000000029],[-122.54638599999998,37.815228000000047],[-122.55088599999999,37.815328000000079],[-122.58458799999994,37.815228000000047]]]},"properties":{"OBJECTID":19,"STATEFP10":"06","COUNTYFP10":"075","TRACTCE10":"990100","GEOID10":"06075990100","NAME10":"9901","NAMELSAD10":"Census Tract 9901","MTFCC10":"G5020","FUNCSTAT10":"S","ALAND10":0,"AWATER10":70939181,"INTPTLAT10":"+37.7621600","INTPTLON10":"-122.5518622","OBJECTID_1":2537,"trctidfp10":"06075990100","stcou":"06075","pdenied":0,"JOINID":"06075990100","STCOU_TXT":"06075","Shape_Length":0.37829856097667514,"Shape_Area":0.0072534674780007679}},{"type":"Feature","id":20,"geometry":{"type":"Polygon","coordinates":[[[-122.43713799999995,37.796879000000047],[-122.43732599999998,37.797811000000024],[-122.43567799999994,37.798021000000062],[-122.43577199999999,37.79848700000008],[-122.43586599999998,37.798952000000043],[-122.43596099999996,37.799419000000057],[-122.43604599999998,37.799843000000067],[-122.43622499999998,37.800722000000064],[-122.43627399999997,37.800814000000059],[-122.43729999999999,37.800684000000047],[-122.43788899999998,37.800609000000065],[-122.43950399999994,37.800403000000074],[-122.44030999999995,37.800301000000047],[-122.44117699999998,37.800190000000043],[-122.44284599999997,37.799978000000067],[-122.44451599999996,37.799765000000036],[-122.44596499999994,37.799581000000046],[-122.44616099999996,37.799556000000052],[-122.44746599999996,37.799390000000074],[-122.44734099999999,37.798553000000027],[-122.44730299999998,37.798459000000037],[-122.44715799999994,37.797515000000033],[-122.44701499999996,37.796579000000065],[-122.44687099999999,37.795641000000046],[-122.44672799999995,37.794706000000076],[-122.44522399999994,37.794898000000046],[-122.44357299999996,37.795108000000027],[-122.44190199999997,37.795321000000058],[-122.44023399999998,37.795533000000034],[-122.43859099999997,37.795741000000078],[-122.43694999999997,37.795949000000064],[-122.43713799999995,37.796879000000047]]]},"properties":{"OBJECTID":20,"STATEFP10":"06","COUNTYFP10":"075","TRACTCE10":"012800","GEOID10":"06075012800","NAME10":"128","NAMELSAD10":"Census Tract 128","MTFCC10":"G5020","FUNCSTAT10":"S","ALAND10":497841,"AWATER10":0,"INTPTLAT10":"+37.7978099","INTPTLON10":"-122.4417466","OBJECTID_1":2371,"trctidfp10":"06075012800","stcou":"06075","pdenied":2.094818115234375,"JOINID":"06075012800","STCOU_TXT":"06075","Shape_Length":0.032304362795429184,"Shape_Area":5.0927357500058266e-05}},{"type":"Feature","id":21,"geometry":{"type":"Polygon","coordinates":[[[-122.44136799999995,37.801126000000068],[-122.44155899999998,37.802050000000065],[-122.44165499999997,37.802510000000041],[-122.44175399999995,37.802985000000035],[-122.44190499999996,37.803744000000052],[-122.44193999999999,37.803917000000069],[-122.44206699999995,37.804556000000048],[-122.44212599999997,37.804850000000044],[-122.44226599999996,37.805551000000037],[-122.44220999999999,37.805786000000069],[-122.44210799999996,37.80631900000003],[-122.44212099999999,37.806552000000067],[-122.44252499999999,37.806947000000036],[-122.44254199999995,37.807045000000073],[-122.44255299999998,37.80706200000003],[-122.44254599999999,37.807089000000076],[-122.44252099999994,37.807115000000067],[-122.44248499999998,37.807131000000027],[-122.44244099999997,37.807133000000078],[-122.44240499999995,37.807122000000049],[-122.44237099999998,37.807095000000061],[-122.44235299999997,37.807057000000043],[-122.44235599999996,37.807022000000075],[-122.44232099999999,37.806831000000045],[-122.44229499999994,37.806797000000074],[-122.44226399999997,37.806775000000073],[-122.44226299999997,37.806815000000029],[-122.44233499999996,37.807192000000043],[-122.44257499999998,37.80715500000008],[-122.44257999999996,37.807182000000068],[-122.44231599999995,37.807223000000079],[-122.44229699999994,37.807120000000054],[-122.44224999999994,37.807130000000029],[-122.44220799999999,37.80724900000007],[-122.44218199999995,37.807242000000031],[-122.44221799999997,37.807137000000068],[-122.44217699999996,37.807146000000046],[-122.44213499999995,37.807264000000032],[-122.44210899999996,37.807259000000045],[-122.44214199999999,37.807154000000025],[-122.44211099999995,37.807160000000067],[-122.44206899999995,37.807277000000056],[-122.44204199999996,37.807271000000071],[-122.44207399999999,37.807168000000047],[-122.44195199999996,37.807195000000036],[-122.44190899999995,37.807316000000071],[-122.44188299999996,37.80731000000003],[-122.44191599999999,37.807203000000072],[-122.44182999999998,37.807221000000027],[-122.44179999999994,37.80730600000004],[-122.44177199999996,37.807300000000055],[-122.44179599999995,37.807229000000063],[-122.44171399999999,37.807247000000075],[-122.44168499999995,37.807329000000038],[-122.44165799999996,37.807323000000054],[-122.44167899999997,37.807254000000057],[-122.44159099999996,37.807273000000066],[-122.44156199999998,37.80735500000003],[-122.44153699999998,37.807350000000042],[-122.44155899999998,37.807280000000048],[-122.44152899999995,37.807287000000031],[-122.44150199999996,37.807364000000064],[-122.44147699999996,37.807358000000079],[-122.44149299999998,37.807295000000067],[-122.44145899999995,37.80730200000005],[-122.44142999999997,37.80738400000007],[-122.44140499999997,37.807378000000028],[-122.44142499999998,37.807309000000032],[-122.44134699999995,37.807326000000046],[-122.44132299999995,37.807395000000042],[-122.44129699999996,37.807389000000057],[-122.44131799999997,37.807333000000028],[-122.44124199999999,37.807349000000045],[-122.44121699999999,37.807419000000039],[-122.44118899999995,37.807413000000054],[-122.44120799999996,37.807356000000027],[-122.44112899999999,37.807374000000038],[-122.44110499999999,37.807443000000035],[-122.44107399999996,37.807435000000055],[-122.44109399999996,37.807381000000078],[-122.44102399999997,37.80739600000004],[-122.44099999999997,37.807471000000078],[-122.44097599999998,37.807465000000036],[-122.44099099999994,37.807410000000061],[-122.44095999999996,37.807312000000024],[-122.44098499999996,37.807307000000037],[-122.44100699999996,37.80738000000008],[-122.44108899999998,37.807363000000066],[-122.44106299999999,37.807285000000036],[-122.44109199999997,37.807278000000053],[-122.44112199999995,37.80735500000003],[-122.44119899999998,37.80733900000007],[-122.44117399999999,37.807259000000045],[-122.44120299999997,37.80725300000006],[-122.44123499999995,37.807331000000033],[-122.44130299999995,37.807316000000071],[-122.44128099999995,37.807237000000043],[-122.44130999999999,37.807230000000061],[-122.44133599999998,37.807309000000032],[-122.44140499999997,37.80729400000007],[-122.44137899999998,37.807216000000039],[-122.44140899999996,37.807210000000055],[-122.44143999999994,37.807286000000033],[-122.44150499999995,37.807272000000069],[-122.44148099999995,37.807193000000041],[-122.44151199999999,37.807186000000058],[-122.44153799999998,37.807265000000029],[-122.44161099999997,37.80724900000007],[-122.44159199999996,37.807184000000063],[-122.44162299999999,37.807179000000076],[-122.44164399999994,37.807242000000031],[-122.44171499999999,37.807227000000069],[-122.44169399999998,37.80716300000006],[-122.44172999999995,37.807154000000025],[-122.44174999999996,37.807219000000032],[-122.44181499999996,37.807205000000067],[-122.44179499999996,37.807139000000063],[-122.44182899999998,37.807134000000076],[-122.44184899999999,37.807197000000031],[-122.44191199999995,37.807184000000063],[-122.44188999999994,37.807119000000057],[-122.44192399999997,37.807112000000075],[-122.44194299999998,37.807177000000024],[-122.44200399999994,37.807164000000057],[-122.44198299999999,37.807099000000051],[-122.44201599999997,37.807093000000066],[-122.44203799999997,37.807156000000077],[-122.44209299999994,37.807144000000051],[-122.44207599999999,37.807079000000044],[-122.44210799999996,37.807075000000054],[-122.44212999999996,37.807136000000071],[-122.44218999999998,37.807123000000047],[-122.44216799999998,37.80706200000003],[-122.44219999999996,37.807056000000046],[-122.44222199999996,37.807116000000065],[-122.44229299999995,37.807101000000046],[-122.44224299999996,37.80683700000003],[-122.44216699999998,37.806845000000067],[-122.44217799999996,37.806910000000073],[-122.44214699999998,37.806912000000068],[-122.44213699999995,37.806849000000057],[-122.44207199999994,37.806856000000039],[-122.44208099999997,37.80692300000004],[-122.44204999999999,37.806926000000033],[-122.44203899999997,37.806860000000029],[-122.44197599999995,37.806867000000068],[-122.44198399999999,37.806934000000069],[-122.44195599999995,37.806936000000064],[-122.44194299999998,37.806871000000058],[-122.44188199999996,37.80687800000004],[-122.44188999999994,37.806947000000036],[-122.44185799999997,37.806949000000031],[-122.44184699999994,37.80688200000003],[-122.44178599999998,37.806889000000069],[-122.44179399999996,37.806959000000063],[-122.44176199999998,37.806962000000055],[-122.44174999999996,37.806893000000059],[-122.44168399999995,37.806901000000039],[-122.44168999999999,37.80697200000003],[-122.44165899999996,37.806973000000028],[-122.44164599999999,37.806905000000029],[-122.44157299999995,37.806913000000065],[-122.44157999999999,37.806982000000062],[-122.44154999999995,37.806984000000057],[-122.44153999999997,37.806917000000055],[-122.44146599999999,37.806925000000035],[-122.44147799999996,37.807010000000048],[-122.44144599999998,37.807012000000043],[-122.44142999999997,37.806930000000079],[-122.44136499999996,37.806941000000052],[-122.44137899999998,37.807025000000067],[-122.44135599999998,37.807026000000064],[-122.44134499999996,37.806957000000068],[-122.44130599999994,37.806959000000063],[-122.44131799999997,37.807031000000052],[-122.44129199999998,37.807033000000047],[-122.44128099999995,37.806965000000048],[-122.44125299999996,37.806969000000038],[-122.44126499999999,37.807041000000027],[-122.44123899999994,37.807043000000078],[-122.44122499999997,37.806962000000055],[-122.44115099999999,37.80697200000003],[-122.44116299999996,37.807056000000046],[-122.44113199999998,37.807059000000038],[-122.44111599999997,37.806977000000074],[-122.44103799999999,37.806988000000047],[-122.44105199999996,37.807071000000064],[-122.44101899999998,37.807072000000062],[-122.44100299999997,37.806993000000034],[-122.44092299999994,37.807004000000063],[-122.44093799999996,37.807080000000042],[-122.44091199999997,37.807082000000037],[-122.44089599999995,37.806988000000047],[-122.44141999999999,37.806912000000068],[-122.44141599999995,37.806884000000025],[-122.44130599999994,37.806883000000028],[-122.44127499999996,37.806900000000041],[-122.44124199999999,37.806896000000052],[-122.44119399999994,37.806917000000055],[-122.44104299999998,37.806926000000033],[-122.44092099999995,37.806944000000044],[-122.44087099999996,37.806979000000069],[-122.43955099999999,37.808883000000037],[-122.44308199999995,37.809728000000064],[-122.44868199999996,37.808628000000056],[-122.44812699999994,37.806896000000052],[-122.44818499999997,37.806755000000067],[-122.44814599999995,37.806350000000066],[-122.44818399999997,37.806339000000037],[-122.44838599999997,37.806220000000053],[-122.44849199999999,37.806088000000045],[-122.44832099999996,37.804994000000079],[-122.44827899999996,37.804724000000078],[-122.44824099999994,37.804478000000074],[-122.44881499999997,37.804229000000078],[-122.44912399999998,37.804008000000067],[-122.44938799999994,37.803711000000078],[-122.44949599999995,37.803470000000061],[-122.44958399999996,37.803153000000066],[-122.44956499999995,37.80279100000007],[-122.44945999999999,37.802454000000068],[-122.44917899999996,37.802074000000061],[-122.44880299999994,37.801772000000028],[-122.44835999999998,37.80158700000004],[-122.44792199999995,37.801532000000066],[-122.44781999999998,37.801633000000038],[-122.44769499999995,37.800832000000071],[-122.44765599999999,37.800681000000054],[-122.44761299999999,37.800324000000046],[-122.44746599999996,37.799390000000074],[-122.44616099999996,37.799556000000052],[-122.44596499999994,37.799581000000046],[-122.44451599999996,37.799765000000036],[-122.44284599999997,37.799978000000067],[-122.44117699999998,37.800190000000043],[-122.44136799999995,37.801126000000068]]]},"properties":{"OBJECTID":21,"STATEFP10":"06","COUNTYFP10":"075","TRACTCE10":"012700","GEOID10":"06075012700","NAME10":"127","NAMELSAD10":"Census Tract 127","MTFCC10":"G5020","FUNCSTAT10":"S","ALAND10":434518,"AWATER10":222050,"INTPTLAT10":"+37.8049898","INTPTLON10":"-122.4447181","OBJECTID_1":2370,"trctidfp10":"06075012700","stcou":"06075","pdenied":1.0510510206222534,"JOINID":"06075012700","STCOU_TXT":"06075","Shape_Length":0.049827176825271047,"Shape_Area":6.7170933499997675e-05}},{"type":"Feature","id":22,"geometry":{"type":"Polygon","coordinates":[[[-122.41372799999999,37.789529000000073],[-122.41449399999999,37.789432000000033],[-122.41537199999999,37.789320000000032],[-122.41518499999995,37.788388000000054],[-122.41499499999998,37.787454000000025],[-122.41335399999997,37.787664000000063],[-122.412736,37.78774100000004],[-122.41253099999994,37.787767000000031],[-122.41234399999996,37.78779000000003],[-122.41169899999994,37.78787200000005],[-122.41005699999999,37.788082000000031],[-122.40840199999997,37.788293000000067],[-122.40859499999999,37.789226000000042],[-122.40872299999995,37.789853000000051],[-122.40878599999996,37.790160000000071],[-122.41043299999995,37.78995100000003],[-122.41207599999996,37.789740000000052],[-122.41218599999996,37.78972600000003],[-122.41372799999999,37.789529000000073]]]},"properties":{"OBJECTID":22,"STATEFP10":"06","COUNTYFP10":"075","TRACTCE10":"012100","GEOID10":"06075012100","NAME10":"121","NAMELSAD10":"Census Tract 121","MTFCC10":"G5020","FUNCSTAT10":"S","ALAND10":123393,"AWATER10":0,"INTPTLAT10":"+37.7888066","INTPTLON10":"-122.4118881","OBJECTID_1":2359,"trctidfp10":"06075012100","stcou":"06075","pdenied":0.67114096879959106,"JOINID":"06075012100","STCOU_TXT":"06075","Shape_Length":0.017095314615892785,"Shape_Area":1.2621197000006357e-05}},{"type":"Feature","id":23,"geometry":{"type":"Polygon","coordinates":[[[-122.41537199999999,37.789320000000032],[-122.41576399999997,37.789270000000045],[-122.41701699999999,37.789110000000051],[-122.41764599999999,37.789033000000074],[-122.41865599999994,37.788910000000044],[-122.42030699999998,37.788699000000065],[-122.42194899999998,37.788490000000024],[-122.42203199999994,37.788383000000067],[-122.42195499999997,37.788001000000065],[-122.42187899999999,37.787628000000041],[-122.42175799999995,37.787548000000072],[-122.42184199999997,37.787442000000055],[-122.42176499999999,37.787062000000049],[-122.42168899999996,37.786689000000024],[-122.42156999999997,37.78661900000003],[-122.41992799999997,37.786828000000071],[-122.41827099999995,37.787038000000052],[-122.41698999999994,37.787201000000039],[-122.41663899999998,37.787245000000041],[-122.41499499999998,37.787454000000025],[-122.41518499999995,37.788388000000054],[-122.41537199999999,37.789320000000032]]]},"properties":{"OBJECTID":23,"STATEFP10":"06","COUNTYFP10":"075","TRACTCE10":"012000","GEOID10":"06075012000","NAME10":"120","NAMELSAD10":"Census Tract 120","MTFCC10":"G5020","FUNCSTAT10":"S","ALAND10":124978,"AWATER10":0,"INTPTLAT10":"+37.7879651","INTPTLON10":"-122.4185205","OBJECTID_1":2358,"trctidfp10":"06075012000","stcou":"06075","pdenied":3.2051284313201904,"JOINID":"06075012000","STCOU_TXT":"06075","Shape_Length":0.017253214292361759,"Shape_Area":1.2783294000040724e-05}},{"type":"Feature","id":24,"geometry":{"type":"Polygon","coordinates":[[[-122.40441799999996,37.792639000000065],[-122.40461299999998,37.793565000000058],[-122.40471099999996,37.794021000000043],[-122.40479599999998,37.794453000000033],[-122.40566299999995,37.794345000000078],[-122.40630499999997,37.794264000000055],[-122.40682099999998,37.794198000000051],[-122.40729399999998,37.794138000000032],[-122.40790299999998,37.794060000000059],[-122.40772699999997,37.793178000000069],[-122.40764499999995,37.792777000000058],[-122.40753599999999,37.792249000000027],[-122.40751299999999,37.792252000000076],[-122.40671799999996,37.792352000000051],[-122.40593799999999,37.792451000000028],[-122.40565399999997,37.792487000000051],[-122.40441799999996,37.792639000000065]]]},"properties":{"OBJECTID":24,"STATEFP10":"06","COUNTYFP10":"075","TRACTCE10":"011800","GEOID10":"06075011800","NAME10":"118","NAMELSAD10":"Census Tract 118","MTFCC10":"G5020","FUNCSTAT10":"S","ALAND10":56564,"AWATER10":0,"INTPTLAT10":"+37.7933506","INTPTLON10":"-122.4061645","OBJECTID_1":2355,"trctidfp10":"06075011800","stcou":"06075","pdenied":7.142857551574707,"JOINID":"06075011800","STCOU_TXT":"06075","Shape_Length":0.009974884377157392,"Shape_Area":5.7860204999882182e-06}},{"type":"Feature","id":25,"geometry":{"type":"Polygon","coordinates":[[[-122.40786899999995,37.790275000000065],[-122.40796999999998,37.790263000000039],[-122.40878599999996,37.790160000000071],[-122.40872299999995,37.789853000000051],[-122.40859499999999,37.789226000000042],[-122.40840199999997,37.788293000000067],[-122.40822699999995,37.787359000000038],[-122.40803599999998,37.786410000000046],[-122.40785299999999,37.785492000000033],[-122.40769799999998,37.784699000000046],[-122.40733699999998,37.784560000000056],[-122.40732599999996,37.78463000000005],[-122.40599999999995,37.785674000000029],[-122.40597599999995,37.785693000000038],[-122.40583099999998,37.785744000000079],[-122.40582299999994,37.785768000000076],[-122.40580299999999,37.785828000000038],[-122.40576699999997,37.785856000000024],[-122.40468799999996,37.786710000000028],[-122.40458299999995,37.786731000000032],[-122.40455599999996,37.786814000000049],[-122.40353499999998,37.787621000000058],[-122.40343099999996,37.787642000000062],[-122.40340299999997,37.78772500000008],[-122.40291399999995,37.788112000000069],[-122.40280699999994,37.788197000000025],[-122.40270199999998,37.788280000000043],[-122.40216999999996,37.788700000000063],[-122.40206599999999,37.788721000000066],[-122.40193899999997,37.788878000000068],[-122.401749,37.789029000000028],[-122.40152799999998,37.789205000000038],[-122.40147899999999,37.789244000000053],[-122.40137499999997,37.78926400000006],[-122.40134799999998,37.789348000000075],[-122.40015199999999,37.790290000000027],[-122.39989599999996,37.790493000000026],[-122.39950499999998,37.790805000000034],[-122.39925499999998,37.790997000000061],[-122.39914899999997,37.791017000000068],[-122.39912299999997,37.791101000000026],[-122.39836899999995,37.791695000000061],[-122.39826399999998,37.791716000000065],[-122.39823499999994,37.79180000000008],[-122.39748999999995,37.792387000000076],[-122.39738299999999,37.792406000000028],[-122.39735899999999,37.792490000000043],[-122.39661199999995,37.793079000000034],[-122.39650399999999,37.793097000000046],[-122.39647999999994,37.793182000000058],[-122.39640999999995,37.793238000000031],[-122.39630199999999,37.793256000000042],[-122.39638999999994,37.793664000000035],[-122.39658599999996,37.794588000000033],[-122.39779599999997,37.794434000000024],[-122.39896999999996,37.794284000000061],[-122.40014899999994,37.794134000000042],[-122.40131499999995,37.793987000000072],[-122.40215999999998,37.793880000000058],[-122.40295699999996,37.793780000000027],[-122.40401599999996,37.793646000000024],[-122.40461299999998,37.793565000000058],[-122.40441799999996,37.792639000000065],[-122.40565399999997,37.792487000000051],[-122.40593799999999,37.792451000000028],[-122.40671799999996,37.792352000000051],[-122.40751299999999,37.792252000000076],[-122.40753599999999,37.792249000000027],[-122.40741699999995,37.791668000000072],[-122.40733999999998,37.791296000000045],[-122.40720899999997,37.790658000000064],[-122.40714899999995,37.790366000000063],[-122.40749999999997,37.79032200000006],[-122.40786899999995,37.790275000000065]]]},"properties":{"OBJECTID":25,"STATEFP10":"06","COUNTYFP10":"075","TRACTCE10":"011700","GEOID10":"06075011700","NAME10":"117","NAMELSAD10":"Census Tract 117","MTFCC10":"G5020","FUNCSTAT10":"S","ALAND10":556044,"AWATER10":0,"INTPTLAT10":"+37.7904674","INTPTLON10":"-122.4034859","OBJECTID_1":2354,"trctidfp10":"06075011700","stcou":"06075","pdenied":6.0301508903503418,"JOINID":"06075011700","STCOU_TXT":"06075","Shape_Length":0.037383437434632197,"Shape_Area":5.6876556500061686e-05}},{"type":"Feature","id":26,"geometry":{"type":"Polygon","coordinates":[[[-122.40753599999999,37.792249000000027],[-122.40764499999995,37.792777000000058],[-122.40772699999997,37.793178000000069],[-122.40790299999998,37.794060000000059],[-122.40807899999999,37.794941000000051],[-122.40825299999995,37.795824000000039],[-122.40843099999995,37.796704000000034],[-122.40875399999999,37.796662000000026],[-122.40884899999998,37.796650000000056],[-122.40925099999998,37.796599000000072],[-122.41007599999995,37.796493000000055],[-122.41051099999999,37.796443000000068],[-122.41089199999999,37.796395000000075],[-122.41171899999995,37.796291000000053],[-122.41162999999995,37.795851000000027],[-122.41154199999994,37.795409000000063],[-122.41147199999995,37.795061000000032],[-122.41136399999999,37.794527000000073],[-122.41053799999997,37.794631000000038],[-122.41007299999995,37.79469000000006],[-122.40972199999999,37.794737000000055],[-122.40954099999999,37.793852000000072],[-122.40953599999995,37.793777000000034],[-122.40948799999995,37.793556000000081],[-122.40936099999999,37.79297100000008],[-122.40925799999997,37.79246900000004],[-122.40917099999996,37.792043000000035],[-122.40886399999999,37.792080000000055],[-122.40836399999995,37.792141000000072],[-122.40808899999996,37.792179000000033],[-122.40753599999999,37.792249000000027]]]},"properties":{"OBJECTID":26,"STATEFP10":"06","COUNTYFP10":"075","TRACTCE10":"011300","GEOID10":"06075011300","NAME10":"113","NAMELSAD10":"Census Tract 113","MTFCC10":"G5020","FUNCSTAT10":"S","ALAND10":102297,"AWATER10":0,"INTPTLAT10":"+37.7946971","INTPTLON10":"-122.4093492","OBJECTID_1":2353,"trctidfp10":"06075011300","stcou":"06075","pdenied":1.1834319829940796,"JOINID":"06075011300","STCOU_TXT":"06075","Shape_Length":0.015711119770283166,"Shape_Area":1.0464435000026932e-05}},{"type":"Feature","id":27,"geometry":{"type":"Polygon","coordinates":[[[-122.41464799999994,37.794110000000046],[-122.41521799999998,37.79402900000008],[-122.41567399999997,37.793971000000056],[-122.41629199999994,37.793892000000028],[-122.41611299999994,37.793014000000028],[-122.41593599999999,37.792133000000035],[-122.41588399999995,37.791872000000069],[-122.41581799999994,37.791542000000049],[-122.41574999999995,37.791206000000045],[-122.41410699999994,37.791416000000027],[-122.41246099999995,37.791627000000062],[-122.41171199999997,37.79172200000005],[-122.41110199999997,37.791799000000026],[-122.41081799999995,37.791835000000049],[-122.40917099999996,37.792043000000035],[-122.40925799999997,37.79246900000004],[-122.40936099999999,37.79297100000008],[-122.40948799999995,37.793556000000081],[-122.40953599999995,37.793777000000034],[-122.40954099999999,37.793852000000072],[-122.40972199999999,37.794737000000055],[-122.41007299999995,37.79469000000006],[-122.41053799999997,37.794631000000038],[-122.41136399999999,37.794527000000073],[-122.41166299999998,37.794490000000053],[-122.41301099999998,37.794321000000025],[-122.41447599999998,37.794132000000047],[-122.41464799999994,37.794110000000046]]]},"properties":{"OBJECTID":27,"STATEFP10":"06","COUNTYFP10":"075","TRACTCE10":"011200","GEOID10":"06075011200","NAME10":"112","NAMELSAD10":"Census Tract 112","MTFCC10":"G5020","FUNCSTAT10":"S","ALAND10":177414,"AWATER10":0,"INTPTLAT10":"+37.7929713","INTPTLON10":"-122.4127333","OBJECTID_1":2352,"trctidfp10":"06075011200","stcou":"06075","pdenied":1.0025062561035156,"JOINID":"06075011200","STCOU_TXT":"06075","Shape_Length":0.018746876536628963,"Shape_Area":1.8147813500007413e-05}},{"type":"Feature","id":28,"geometry":{"type":"Polygon","coordinates":[[[-122.41555899999997,37.790254000000061],[-122.41567099999997,37.790812000000074],[-122.41574999999995,37.791206000000045],[-122.41581799999994,37.791542000000049],[-122.41588399999995,37.791872000000069],[-122.41593599999999,37.792133000000035],[-122.41611299999994,37.793014000000028],[-122.41644299999996,37.792972000000077],[-122.41775899999999,37.792804000000046],[-122.41886,37.792663000000061],[-122.41940199999999,37.792593000000068],[-122.42105299999997,37.792383000000029],[-122.42269399999998,37.792175000000043],[-122.42277799999999,37.792068000000029],[-122.42263599999995,37.791369000000032],[-122.42251499999998,37.791289000000063],[-122.42259899999999,37.791183000000046],[-122.42245499999996,37.790472000000079],[-122.42232899999999,37.790370000000053],[-122.42240799999996,37.790241000000037],[-122.42225699999995,37.789492000000052],[-122.42213499999997,37.789412000000027],[-122.42221899999998,37.789306000000067],[-122.42214499999994,37.788943000000074],[-122.42206999999996,37.78857000000005],[-122.42194899999998,37.788490000000024],[-122.42030699999998,37.788699000000065],[-122.41865599999994,37.788910000000044],[-122.41764599999999,37.789033000000074],[-122.41701699999999,37.789110000000051],[-122.41576399999997,37.789270000000045],[-122.41537199999999,37.789320000000032],[-122.41555899999997,37.790254000000061]]]},"properties":{"OBJECTID":28,"STATEFP10":"06","COUNTYFP10":"075","TRACTCE10":"011100","GEOID10":"06075011100","NAME10":"111","NAMELSAD10":"Census Tract 111","MTFCC10":"G5020","FUNCSTAT10":"S","ALAND10":246649,"AWATER10":0,"INTPTLAT10":"+37.7907445","INTPTLON10":"-122.4190760","OBJECTID_1":2351,"trctidfp10":"06075011100","stcou":"06075","pdenied":3,"JOINID":"06075011100","STCOU_TXT":"06075","Shape_Length":0.021140662394831925,"Shape_Area":2.5229009499999239e-05}},{"type":"Feature","id":29,"geometry":{"type":"Polygon","coordinates":[[[-122.41629199999994,37.793892000000028],[-122.41647299999994,37.794777000000067],[-122.41665299999994,37.79567000000003],[-122.41670399999998,37.795925000000068],[-122.41674099999994,37.796110000000056],[-122.41681899999998,37.79649900000004],[-122.41683899999998,37.796596000000079],[-122.41718699999996,37.796560000000056],[-122.41833599999995,37.796440000000075],[-122.41846199999998,37.796287000000063],[-122.41848599999997,37.796306000000072],[-122.41861399999999,37.796407000000045],[-122.41998599999999,37.796237000000076],[-122.42009399999995,37.796260000000075],[-122.42010999999997,37.796095000000037],[-122.42021699999998,37.796124000000077],[-122.42099099999996,37.79607800000008],[-122.42163499999998,37.795999000000052],[-122.42176799999999,37.795945000000074],[-122.42341299999998,37.795737000000031],[-122.42349299999995,37.795614000000057],[-122.42334799999998,37.794897000000049],[-122.42322699999994,37.79481700000008],[-122.42331099999996,37.794711000000063],[-122.42316999999997,37.794015000000059],[-122.42304899999999,37.793935000000033],[-122.42313299999995,37.793829000000073],[-122.42299299999996,37.793130000000076],[-122.42287099999999,37.793050000000051],[-122.42295499999994,37.792944000000034],[-122.42281599999995,37.792255000000068],[-122.42269399999998,37.792175000000043],[-122.42105299999997,37.792383000000029],[-122.41940199999999,37.792593000000068],[-122.41886,37.792663000000061],[-122.41775899999999,37.792804000000046],[-122.41644299999996,37.792972000000077],[-122.41611299999994,37.793014000000028],[-122.41629199999994,37.793892000000028]]]},"properties":{"OBJECTID":29,"STATEFP10":"06","COUNTYFP10":"075","TRACTCE10":"011000","GEOID10":"06075011000","NAME10":"110","NAMELSAD10":"Census Tract 110","MTFCC10":"G5020","FUNCSTAT10":"S","ALAND10":239937,"AWATER10":0,"INTPTLAT10":"+37.7943823","INTPTLON10":"-122.4198054","OBJECTID_1":2350,"trctidfp10":"06075011000","stcou":"06075","pdenied":1.6583747863769531,"JOINID":"06075011000","STCOU_TXT":"06075","Shape_Length":0.021173238510757673,"Shape_Area":2.4543637500111391e-05}},{"type":"Feature","id":30,"geometry":{"type":"Polygon","coordinates":[[[-122.41734899999994,37.799127000000055],[-122.41738799999996,37.79931700000003],[-122.41738499999997,37.79941400000007],[-122.41749299999998,37.799906000000078],[-122.41758699999997,37.80034100000006],[-122.41923299999996,37.800134000000071],[-122.42030499999998,37.799998000000073],[-122.42076899999995,37.799939000000052],[-122.42088299999995,37.799902000000031],[-122.42252499999995,37.799694000000045],[-122.42417099999994,37.799485000000061],[-122.42425399999996,37.799378000000047],[-122.42410399999994,37.798633000000052],[-122.42398199999997,37.798552000000029],[-122.42406599999998,37.798446000000069],[-122.42391399999997,37.797697000000028],[-122.42379299999999,37.797617000000059],[-122.42387699999995,37.797510000000045],[-122.42380499999996,37.79715600000003],[-122.42372599999999,37.796766000000048],[-122.42360099999996,37.796691000000067],[-122.42368899999997,37.796580000000063],[-122.42353899999995,37.79583800000006],[-122.42341299999998,37.795737000000031],[-122.42176799999999,37.795945000000074],[-122.42163499999998,37.795999000000052],[-122.42099099999996,37.79607800000008],[-122.42021699999998,37.796124000000077],[-122.42010999999997,37.796095000000037],[-122.42009399999995,37.796260000000075],[-122.41998599999999,37.796237000000076],[-122.41861399999999,37.796407000000045],[-122.41848599999997,37.796306000000072],[-122.41846199999998,37.796287000000063],[-122.41833599999995,37.796440000000075],[-122.41718699999996,37.796560000000056],[-122.41683899999998,37.796596000000079],[-122.41693099999998,37.797051000000067],[-122.41693599999996,37.797075000000063],[-122.41702999999995,37.797541000000024],[-122.41721799999999,37.798472000000061],[-122.41731199999998,37.798942000000068],[-122.41734899999994,37.799127000000055]]]},"properties":{"OBJECTID":30,"STATEFP10":"06","COUNTYFP10":"075","TRACTCE10":"010900","GEOID10":"06075010900","NAME10":"109","NAMELSAD10":"Census Tract 109","MTFCC10":"G5020","FUNCSTAT10":"S","ALAND10":249763,"AWATER10":0,"INTPTLAT10":"+37.7980418","INTPTLON10":"-122.4205531","OBJECTID_1":2349,"trctidfp10":"06075010900","stcou":"06075","pdenied":1.716738224029541,"JOINID":"06075010900","STCOU_TXT":"06075","Shape_Length":0.021542975091966888,"Shape_Area":2.5549987499920535e-05}},{"type":"Feature","id":31,"geometry":{"type":"Polygon","coordinates":[[[-122.41301099999998,37.794321000000025],[-122.41166299999998,37.794490000000053],[-122.41136399999999,37.794527000000073],[-122.41147199999995,37.795061000000032],[-122.41154199999994,37.795409000000063],[-122.41162999999995,37.795851000000027],[-122.41171899999995,37.796291000000053],[-122.41188299999999,37.797105000000045],[-122.41188799999998,37.797132000000033],[-122.41207399999996,37.798057000000028],[-122.41209599999996,37.79816500000004],[-122.41228299999995,37.799096000000077],[-122.41293499999995,37.799014000000057],[-122.41393099999999,37.798888000000034],[-122.41457299999996,37.79880600000007],[-122.41557199999994,37.798680000000047],[-122.41721799999999,37.798472000000061],[-122.41702999999995,37.797541000000024],[-122.41693599999996,37.797075000000063],[-122.41693099999998,37.797051000000067],[-122.41683899999998,37.796596000000079],[-122.41681899999998,37.79649900000004],[-122.41674099999994,37.796110000000056],[-122.41670399999998,37.795925000000068],[-122.41665299999994,37.79567000000003],[-122.41647299999994,37.794777000000067],[-122.41629199999994,37.793892000000028],[-122.41567399999997,37.793971000000056],[-122.41521799999998,37.79402900000008],[-122.41464799999994,37.794110000000046],[-122.41447599999998,37.794132000000047],[-122.41301099999998,37.794321000000025]]]},"properties":{"OBJECTID":31,"STATEFP10":"06","COUNTYFP10":"075","TRACTCE10":"010800","GEOID10":"06075010800","NAME10":"108","NAMELSAD10":"Census Tract 108","MTFCC10":"G5020","FUNCSTAT10":"S","ALAND10":226074,"AWATER10":0,"INTPTLAT10":"+37.7964984","INTPTLON10":"-122.4142914","OBJECTID_1":2348,"trctidfp10":"06075010800","stcou":"06075","pdenied":1.0080645084381104,"JOINID":"06075010800","STCOU_TXT":"06075","Shape_Length":0.019276289709637288,"Shape_Area":2.3126512500024053e-05}},{"type":"Feature","id":32,"geometry":{"type":"Polygon","coordinates":[[[-122.40652699999998,37.796944000000053],[-122.40551299999998,37.797065000000032],[-122.40622599999995,37.797559000000035],[-122.40666799999997,37.797865000000058],[-122.40708299999994,37.798152000000073],[-122.40786899999995,37.798697000000061],[-122.40901399999996,37.799490000000048],[-122.41020699999996,37.800315000000069],[-122.41095399999995,37.800833000000068],[-122.41137599999996,37.80112500000007],[-122.41254099999998,37.801931000000025],[-122.41290799999996,37.802184000000068],[-122.41284899999999,37.801893000000064],[-122.41275399999995,37.801430000000039],[-122.41265999999996,37.800965000000076],[-122.41252999999995,37.800323000000049],[-122.41247099999998,37.800032000000044],[-122.41241799999995,37.799765000000036],[-122.41240799999997,37.799718000000041],[-122.41228299999995,37.799096000000077],[-122.41209599999996,37.79816500000004],[-122.41207399999996,37.798057000000028],[-122.41188799999998,37.797132000000033],[-122.41188299999999,37.797105000000045],[-122.41171899999995,37.796291000000053],[-122.41089199999999,37.796395000000075],[-122.41051099999999,37.796443000000068],[-122.41007599999995,37.796493000000055],[-122.40925099999998,37.796599000000072],[-122.40884899999998,37.796650000000056],[-122.40875399999999,37.796662000000026],[-122.40843099999995,37.796704000000034],[-122.40773299999995,37.796790000000044],[-122.40761999999995,37.796804000000066],[-122.40748099999996,37.796821000000079],[-122.40682799999996,37.796902000000046],[-122.40652699999998,37.796944000000053]]]},"properties":{"OBJECTID":32,"STATEFP10":"06","COUNTYFP10":"075","TRACTCE10":"010700","GEOID10":"06075010700","NAME10":"107","NAMELSAD10":"Census Tract 107","MTFCC10":"G5020","FUNCSTAT10":"S","ALAND10":183165,"AWATER10":0,"INTPTLAT10":"+37.7985140","INTPTLON10":"-122.4100466","OBJECTID_1":2347,"trctidfp10":"06075010700","stcou":"06075","pdenied":4.6979866027832031,"JOINID":"06075010700","STCOU_TXT":"06075","Shape_Length":0.021259822980417464,"Shape_Area":1.8737796000028712e-05}},{"type":"Feature","id":33,"geometry":{"type":"Polygon","coordinates":[[[-122.40476999999998,37.797160000000076],[-122.40405799999996,37.797250000000076],[-122.40367599999996,37.797298000000069],[-122.40288699999996,37.797396000000049],[-122.40204099999994,37.797505000000058],[-122.40219199999996,37.798250000000053],[-122.40222899999998,37.798430000000053],[-122.40242099999995,37.799382000000037],[-122.40325299999995,37.799274000000025],[-122.40364499999998,37.799224000000038],[-122.40368999999998,37.799218000000053],[-122.40405299999998,37.799172000000056],[-122.40463299999999,37.799098000000072],[-122.40564499999999,37.798969000000056],[-122.40579699999995,37.799721000000034],[-122.40583399999997,37.799901000000034],[-122.40602399999995,37.800835000000063],[-122.40619899999996,37.801720000000046],[-122.40621699999997,37.801748000000032],[-122.40624899999995,37.801765000000046],[-122.40628699999996,37.801766000000043],[-122.40652699999998,37.801735000000065],[-122.40698799999996,37.801674000000048],[-122.40746099999996,37.801611000000037],[-122.40776999999997,37.801571000000024],[-122.40813299999996,37.801525000000026],[-122.40855199999999,37.801473000000044],[-122.40892899999994,37.801426000000049],[-122.40936899999997,37.801371000000074],[-122.41101899999995,37.80117000000007],[-122.41137599999996,37.80112500000007],[-122.41095399999995,37.800833000000068],[-122.41020699999996,37.800315000000069],[-122.40901399999996,37.799490000000048],[-122.40786899999995,37.798697000000061],[-122.40708299999994,37.798152000000073],[-122.40666799999997,37.797865000000058],[-122.40622599999995,37.797559000000035],[-122.40551299999998,37.797065000000032],[-122.40531799999997,37.797090000000026],[-122.40476999999998,37.797160000000076]]]},"properties":{"OBJECTID":33,"STATEFP10":"06","COUNTYFP10":"075","TRACTCE10":"010600","GEOID10":"06075010600","NAME10":"106","NAMELSAD10":"Census Tract 106","MTFCC10":"G5020","FUNCSTAT10":"S","ALAND10":187222,"AWATER10":0,"INTPTLAT10":"+37.7993784","INTPTLON10":"-122.4063879","OBJECTID_1":2346,"trctidfp10":"06075010600","stcou":"06075","pdenied":1.4285714626312256,"JOINID":"06075010600","STCOU_TXT":"06075","Shape_Length":0.023839731102590508,"Shape_Area":1.9152966999938218e-05}},{"type":"Feature","id":34,"geometry":{"type":"Polygon","coordinates":[[[-122.37258399999996,37.72925500000008],[-122.37277499999999,37.729050000000029],[-122.37315799999999,37.728639000000044],[-122.37343999999996,37.728326000000038],[-122.37363999999997,37.728106000000025],[-122.37369999999999,37.728057000000035],[-122.37376599999999,37.728005000000053],[-122.37668099999996,37.728530000000035],[-122.37768099999994,37.728630000000067],[-122.37827799999997,37.728964000000076],[-122.37854199999998,37.728942000000075],[-122.37917499999998,37.728232000000048],[-122.37959899999998,37.72773200000006],[-122.37969699999996,37.727618000000064],[-122.37881699999997,37.727119000000073],[-122.37783299999995,37.726560000000063],[-122.37839199999996,37.725932000000057],[-122.37895099999997,37.725304000000051],[-122.37951099999998,37.724677000000042],[-122.38014899999996,37.723959000000036],[-122.38078699999994,37.723388000000057],[-122.38142499999998,37.722834000000034],[-122.38217599999996,37.722246000000041],[-122.38226499999996,37.722284000000059],[-122.38232499999998,37.722295000000031],[-122.38237499999997,37.722309000000052],[-122.38241699999998,37.722337000000039],[-122.38245099999995,37.722372000000064],[-122.38247999999999,37.722380000000044],[-122.38253299999997,37.722381000000041],[-122.38256499999994,37.72239600000006],[-122.38258599999995,37.722422000000051],[-122.38259399999998,37.722470000000044],[-122.38264199999998,37.722502000000077],[-122.38276299999995,37.722575000000063],[-122.38285499999995,37.722626000000048],[-122.38292499999994,37.722634000000028],[-122.38294799999994,37.722669000000053],[-122.38298799999995,37.722705000000076],[-122.38303899999994,37.722731000000067],[-122.38311099999999,37.722758000000056],[-122.38318499999997,37.722801000000061],[-122.38326399999994,37.722863000000075],[-122.38335399999994,37.722913000000062],[-122.38361199999997,37.723027000000059],[-122.38364799999999,37.723058000000037],[-122.38368199999996,37.723132000000078],[-122.38371199999995,37.723156000000074],[-122.38373199999995,37.723166000000049],[-122.38373699999994,37.72318400000006],[-122.38376199999999,37.723193000000038],[-122.38380299999994,37.723186000000055],[-122.38382299999995,37.723195000000032],[-122.38384999999994,37.723255000000051],[-122.38385799999998,37.723272000000065],[-122.38387299999999,37.723348000000044],[-122.38389399999994,37.72342100000003],[-122.38391399999995,37.723444000000029],[-122.38393499999995,37.723452000000066],[-122.38418899999999,37.723479000000054],[-122.38428899999997,37.723507000000041],[-122.38436399999995,37.723545000000058],[-122.38441699999998,37.723596000000043],[-122.38450599999999,37.723639000000048],[-122.38454999999999,37.723677000000066],[-122.38459499999999,37.723728000000051],[-122.38465199999996,37.723767000000066],[-122.38472099999996,37.723801000000037],[-122.38475999999997,37.723839000000055],[-122.38478999999995,37.723875000000078],[-122.38482999999997,37.723897000000079],[-122.38485199999997,37.723903000000064],[-122.38488299999995,37.723903000000064],[-122.38492899999994,37.723950000000059],[-122.38497399999994,37.724024000000043],[-122.38500599999998,37.724063000000058],[-122.38502399999999,37.724098000000026],[-122.38504999999998,37.724113000000045],[-122.38508699999994,37.724113000000045],[-122.38514099999998,37.724101000000076],[-122.38520799999998,37.724102000000073],[-122.38526799999994,37.72411900000003],[-122.38533199999995,37.724145000000078],[-122.38539699999995,37.724155000000053],[-122.38545899999997,37.724152000000061],[-122.38554899999997,37.724140000000034],[-122.38558199999994,37.724135000000047],[-122.38561099999998,37.724145000000078],[-122.38567499999999,37.724204000000043],[-122.38574699999998,37.724243000000058],[-122.38585299999994,37.724281000000076],[-122.38591899999994,37.724322000000029],[-122.38596599999994,37.724358000000052],[-122.38602799999995,37.724380000000053],[-122.38608899999997,37.724407000000042],[-122.38612999999998,37.724439000000075],[-122.38618499999995,37.724463000000071],[-122.38624599999997,37.724474000000043],[-122.38638799999995,37.724478000000033],[-122.38648499999999,37.724465000000066],[-122.38663699999995,37.724426000000051],[-122.38670599999995,37.724390000000028],[-122.38675499999999,37.72434700000008],[-122.38677399999995,37.724318000000039],[-122.38679999999999,37.724305000000072],[-122.38689899999997,37.724289000000056],[-122.38692599999996,37.724270000000047],[-122.38693599999999,37.724245000000053],[-122.38692799999995,37.724171000000069],[-122.38690499999996,37.724141000000031],[-122.38674799999995,37.724067000000048],[-122.38659999999999,37.723979000000043],[-122.38654399999996,37.723940000000027],[-122.38605099999995,37.723663000000045],[-122.38591299999996,37.723614000000055],[-122.38588099999998,37.723587000000066],[-122.38585999999998,37.723556000000031],[-122.38575999999995,37.723521000000062],[-122.38573599999995,37.723505000000046],[-122.38571699999994,37.723483000000044],[-122.38569299999995,37.723474000000067],[-122.38557999999995,37.723402000000078],[-122.38549899999998,37.723365000000058],[-122.38544599999994,37.723361000000068],[-122.38540899999998,37.723344000000054],[-122.38534899999996,37.723308000000031],[-122.38527799999997,37.723279000000048],[-122.385201,37.723242000000027],[-122.38510099999996,37.723213000000044],[-122.38503299999996,37.723198000000025],[-122.38496499999997,37.723165000000051],[-122.38484299999999,37.72309400000006],[-122.38471699999997,37.723031000000049],[-122.38467799999995,37.722997000000078],[-122.38463799999994,37.722952000000078],[-122.38460499999997,37.722938000000056],[-122.38451699999996,37.722862000000077],[-122.38423899999998,37.72268500000007],[-122.38419099999999,37.722662000000071],[-122.38405299999999,37.722595000000069],[-122.38399199999998,37.722561000000042],[-122.38388499999996,37.722479000000078],[-122.38380299999994,37.722439000000065],[-122.38374199999998,37.72239600000006],[-122.38371299999994,37.722370000000069],[-122.38365899999997,37.722335000000044],[-122.38356999999996,37.722303000000068],[-122.38349199999999,37.722252000000026],[-122.38342099999994,37.722192000000064],[-122.38332999999994,37.722153000000048],[-122.38325799999996,37.722104000000058],[-122.38319799999999,37.722079000000065],[-122.38312399999995,37.722059000000058],[-122.38301299999995,37.722015000000056],[-122.38292299999995,37.721969000000058],[-122.38287699999995,37.721937000000025],[-122.38281999999998,37.721872000000076],[-122.38276299999995,37.721774000000039],[-122.38272299999994,37.721724000000052],[-122.38272199999994,37.721690000000081],[-122.38273199999998,37.721640000000036],[-122.38273799999996,37.721556000000078],[-122.38280599999996,37.721353000000079],[-122.38290899999998,37.72115000000008],[-122.38294799999994,37.721088000000066],[-122.38299899999998,37.721038000000078],[-122.38305599999995,37.72100000000006],[-122.38311699999997,37.720966000000033],[-122.38316699999996,37.72091800000004],[-122.38332599999995,37.720699000000025],[-122.38336999999996,37.720612000000074],[-122.38339999999999,37.720510000000047],[-122.38340799999997,37.720433000000071],[-122.38339699999995,37.720353000000046],[-122.38336699999996,37.720333000000039],[-122.38331399999998,37.720358000000033],[-122.38330599999995,37.720316000000025],[-122.38325099999997,37.720289000000037],[-122.38325099999997,37.720151000000044],[-122.38319699999994,37.720090000000027],[-122.38284999999996,37.719923000000051],[-122.38272699999999,37.719886000000031],[-122.38262399999996,37.719839000000036],[-122.38251799999995,37.719768000000045],[-122.38214099999999,37.719552000000078],[-122.38200899999998,37.719496000000049],[-122.38174899999996,37.719350000000077],[-122.38168899999999,37.719272000000046],[-122.38160799999997,37.719182000000046],[-122.38156699999996,37.71911300000005],[-122.38150699999994,37.718998000000056],[-122.38140599999997,37.718877000000077],[-122.38129499999997,37.71878300000003],[-122.38111399999997,37.718757000000039],[-122.38095499999997,37.718765000000076],[-122.38082799999995,37.718776000000048],[-122.38071899999994,37.718780000000038],[-122.38056899999998,37.718754000000047],[-122.38042199999995,37.718721000000073],[-122.38032899999996,37.718673000000024],[-122.38026199999996,37.718597000000045],[-122.38020399999999,37.718523000000062],[-122.38010999999995,37.718484000000046],[-122.38001999999994,37.718477000000064],[-122.37994399999997,37.718446000000029],[-122.37987399999997,37.718388000000061],[-122.37978299999997,37.718361000000073],[-122.37970499999994,37.718352000000039],[-122.37965999999994,37.718291000000079],[-122.37959199999995,37.718249000000071],[-122.37953499999998,37.718192000000045],[-122.37947899999995,37.718156000000079],[-122.37943699999994,37.718110000000024],[-122.37940799999996,37.718042000000025],[-122.37922499999996,37.717883000000029],[-122.37907599999994,37.717783000000054],[-122.37903299999999,37.717775000000074],[-122.37901399999998,37.717745000000036],[-122.37893999999994,37.717718000000048],[-122.37885599999998,37.717671000000053],[-122.37865899999997,37.717579000000057],[-122.37855099999996,37.717511000000059],[-122.37822099999994,37.717328000000066],[-122.37788299999994,37.717189000000076],[-122.37745099999995,37.71696200000008],[-122.37727999999998,37.716860000000054],[-122.37719199999998,37.716851000000077],[-122.37717399999997,37.716801000000032],[-122.37687299999999,37.716630000000066],[-122.37678099999999,37.716568000000052],[-122.37663499999996,37.716455000000053],[-122.37657799999999,37.716425000000072],[-122.37653599999999,37.716392000000042],[-122.37648699999994,37.716343000000052],[-122.37643499999996,37.716310000000078],[-122.37623199999996,37.716209000000049],[-122.37616499999996,37.716154000000074],[-122.37613999999996,37.716113000000064],[-122.37611099999998,37.716117000000054],[-122.36038099999996,37.708331000000044],[-122.35864399999997,37.715817000000072],[-122.35854099999995,37.715850000000046],[-122.35687899999999,37.727927000000079],[-122.35655899999995,37.729657000000032],[-122.35952099999997,37.731302000000028],[-122.36582199999998,37.737123000000054],[-122.36715699999996,37.735628000000077],[-122.36739099999994,37.735366000000056],[-122.36828199999997,37.734368000000075],[-122.36884199999997,37.733741000000066],[-122.36940199999998,37.73311300000006],[-122.36984899999999,37.732612000000074],[-122.36994499999997,37.732476000000077],[-122.37097799999998,37.731009000000029],[-122.37144399999994,37.730493000000024],[-122.37200599999994,37.729874000000052],[-122.37223499999999,37.729628000000048],[-122.37258399999996,37.72925500000008]]]},"properties":{"OBJECTID":34,"STATEFP10":"06","COUNTYFP10":"075","TRACTCE10":"980600","GEOID10":"06075980600","NAME10":"9806","NAMELSAD10":"Census Tract 9806","MTFCC10":"G5020","FUNCSTAT10":"S","ALAND10":2132295,"AWATER10":2016109,"INTPTLAT10":"+37.7231655","INTPTLON10":"-122.3685424","OBJECTID_1":2535,"trctidfp10":"06075980600","stcou":"06075","pdenied":2.9787235260009766,"JOINID":"06075980600","STCOU_TXT":"06075","Shape_Length":0.099440792588686072,"Shape_Area":0.00042395010799982239}},{"type":"Feature","id":35,"geometry":{"type":"Polygon","coordinates":[[[-122.42673699999995,37.71122500000007],[-122.42643799999996,37.711113000000068],[-122.42551199999997,37.710789000000034],[-122.42503999999997,37.71054300000003],[-122.42455499999994,37.710172000000057],[-122.42454999999995,37.710102000000063],[-122.42418199999997,37.710265000000049],[-122.42336799999998,37.71030200000007],[-122.42302699999999,37.710377000000051],[-122.42281099999997,37.710511000000054],[-122.42241099999995,37.710971000000029],[-122.42224099999999,37.711317000000065],[-122.42212299999994,37.711718000000076],[-122.42196299999995,37.712018000000057],[-122.42163199999999,37.712185000000034],[-122.42147499999999,37.71220100000005],[-122.42122799999999,37.713310000000035],[-122.42090799999994,37.713774000000058],[-122.42033099999998,37.713967000000025],[-122.41563499999995,37.712733000000071],[-122.41529099999997,37.713504000000057],[-122.41562299999998,37.713594000000057],[-122.41580599999998,37.713694000000032],[-122.41594899999996,37.71382200000005],[-122.41609599999998,37.71401300000008],[-122.41619399999996,37.714273000000048],[-122.41620999999998,37.714531000000079],[-122.41615399999995,37.714799000000028],[-122.41605499999997,37.715014000000053],[-122.41586599999999,37.715278000000069],[-122.41565899999995,37.71549200000004],[-122.41539599999999,37.715474000000029],[-122.41360099999997,37.714987000000065],[-122.41131599999994,37.714367000000038],[-122.411025,37.715057000000058],[-122.41073799999998,37.715739000000042],[-122.41072299999996,37.715830000000039],[-122.41050599999994,37.716322000000048],[-122.41043299999995,37.716414000000043],[-122.41036399999996,37.716691000000026],[-122.40980499999995,37.716595000000041],[-122.40894999999995,37.716458000000046],[-122.40850799999998,37.716292000000067],[-122.40817099999998,37.716157000000067],[-122.40801999999996,37.71650900000003],[-122.40784099999996,37.716923000000065],[-122.40862099999998,37.71711700000003],[-122.40853199999998,37.717209000000025],[-122.40852999999998,37.717320000000029],[-122.40825499999994,37.718090000000075],[-122.40727199999998,37.717820000000074],[-122.40698199999997,37.718485000000044],[-122.40666499999998,37.719215000000077],[-122.40699799999999,37.71999100000005],[-122.40709799999996,37.720088000000032],[-122.40795599999996,37.71986400000003],[-122.40797699999996,37.719736000000069],[-122.40808899999996,37.719830000000059],[-122.40902199999999,37.719587000000047],[-122.41000199999996,37.719332000000065],[-122.41098999999997,37.719074000000035],[-122.41147599999999,37.720252000000073],[-122.41197299999999,37.721458000000041],[-122.41246799999999,37.722658000000024],[-122.41296899999998,37.723858000000064],[-122.41395899999998,37.723599000000036],[-122.41493599999995,37.723343000000057],[-122.41592299999996,37.723085000000026],[-122.41555799999998,37.722226000000035],[-122.41663199999999,37.722157000000038],[-122.41691699999996,37.722825000000057],[-122.41778099999999,37.722597000000064],[-122.41791399999994,37.722627000000045],[-122.41839199999998,37.723768000000064],[-122.41937499999995,37.723498000000063],[-122.41987499999999,37.724710000000073],[-122.42086099999995,37.724454000000037],[-122.42184699999996,37.724199000000056],[-122.42282999999998,37.723944000000074],[-122.42380699999995,37.723691000000031],[-122.42484799999994,37.722053000000074],[-122.42455499999994,37.721648000000073],[-122.42547899999994,37.720233000000064],[-122.42582999999996,37.719302000000027],[-122.42597799999999,37.719107000000065],[-122.42638999999997,37.718561000000079],[-122.42666999999994,37.717078000000072],[-122.42669799999999,37.717046000000039],[-122.42684799999995,37.71665100000007],[-122.42718899999994,37.715748000000076],[-122.42730599999999,37.715070000000026],[-122.42554799999999,37.714517000000058],[-122.42652099999998,37.711805000000027],[-122.42673699999995,37.71122500000007]]]},"properties":{"OBJECTID":35,"STATEFP10":"06","COUNTYFP10":"075","TRACTCE10":"980501","GEOID10":"06075980501","NAME10":"9805.01","NAMELSAD10":"Census Tract 9805.01","MTFCC10":"G5020","FUNCSTAT10":"S","ALAND10":1585076,"AWATER10":9769,"INTPTLAT10":"+37.7162957","INTPTLON10":"-122.4191554","OBJECTID_1":2534,"trctidfp10":"06075980501","stcou":"06075","pdenied":2.7397260665893555,"JOINID":"06075980501","STCOU_TXT":"06075","Shape_Length":0.071589815241478685,"Shape_Area":0.00016297486149985293}},{"type":"Feature","id":36,"geometry":{"type":"Polygon","coordinates":[[[-122.49304399999994,37.78164600000008],[-122.49341699999997,37.782858000000033],[-122.49349099999995,37.783498000000066],[-122.49338299999999,37.786538000000064],[-122.49333799999999,37.78740300000004],[-122.49301799999995,37.78774100000004],[-122.49341899999996,37.790262000000041],[-122.50078299999996,37.795029000000056],[-122.50956299999996,37.78990900000008],[-122.50985399999996,37.784794000000034],[-122.50982999999997,37.784419000000071],[-122.50978299999997,37.784029000000032],[-122.50748399999998,37.782185000000027],[-122.50833699999998,37.782278000000076],[-122.50847999999996,37.782279000000074],[-122.50861599999996,37.782222000000047],[-122.50876199999999,37.782051000000024],[-122.50892399999998,37.782013000000063],[-122.50973899999997,37.782190000000071],[-122.50983699999995,37.782195000000058],[-122.50997399999994,37.782160000000033],[-122.51010199999996,37.782064000000048],[-122.51021499999996,37.782030000000077],[-122.51034999999996,37.782057000000066],[-122.51050599999996,37.782122000000072],[-122.51063599999998,37.78212300000007],[-122.51078099999995,37.782059000000061],[-122.50987899999996,37.780627000000038],[-122.50789199999997,37.780721000000028],[-122.50675199999995,37.780773000000067],[-122.50650899999999,37.780857000000026],[-122.50629999999995,37.780996000000073],[-122.50618799999995,37.781032000000039],[-122.50600799999995,37.781040000000075],[-122.50522599999999,37.781077000000039],[-122.50415999999996,37.781127000000026],[-122.50308599999994,37.781177000000071],[-122.50201199999998,37.781227000000058],[-122.50094499999994,37.781277000000046],[-122.49987099999998,37.781327000000033],[-122.49880099999996,37.781377000000077],[-122.49665999999996,37.781477000000052],[-122.49559099999999,37.78152700000004],[-122.49451999999997,37.781577000000027],[-122.49344599999995,37.781627000000071],[-122.49304399999994,37.78164600000008]]]},"properties":{"OBJECTID":36,"STATEFP10":"06","COUNTYFP10":"075","TRACTCE10":"980200","GEOID10":"06075980200","NAME10":"9802","NAMELSAD10":"Census Tract 9802","MTFCC10":"G5020","FUNCSTAT10":"S","ALAND10":1022567,"AWATER10":779038,"INTPTLAT10":"+37.7860688","INTPTLON10":"-122.5028261","OBJECTID_1":2532,"trctidfp10":"06075980200","stcou":"06075","pdenied":0,"JOINID":"06075980200","STCOU_TXT":"06075","Shape_Length":0.058707051859156402,"Shape_Area":0.00018427064650020252}},{"type":"Feature","id":37,"geometry":{"type":"Polygon","coordinates":[[[-122.41374799999994,37.784734000000071],[-122.41393999999997,37.784710000000075],[-122.41430299999996,37.784664000000078],[-122.41442999999998,37.784657000000038],[-122.41434499999997,37.784239000000071],[-122.41424199999994,37.783724000000063],[-122.41405399999996,37.782794000000024],[-122.41300299999995,37.782928000000027],[-122.41241199999996,37.783004000000062],[-122.41076499999997,37.783214000000044],[-122.41086299999995,37.783702000000062],[-122.41095199999995,37.784141000000034],[-122.41113999999999,37.785075000000063],[-122.41183999999998,37.784985000000063],[-122.41221399999995,37.784938000000068],[-122.41278199999999,37.784866000000079],[-122.41290399999997,37.784842000000026],[-122.41336699999999,37.784783000000061],[-122.41374799999994,37.784734000000071]]]},"properties":{"OBJECTID":37,"STATEFP10":"06","COUNTYFP10":"075","TRACTCE10":"012502","GEOID10":"06075012502","NAME10":"125.02","NAMELSAD10":"Census Tract 125.02","MTFCC10":"G5020","FUNCSTAT10":"S","ALAND10":61278,"AWATER10":0,"INTPTLAT10":"+37.7839330","INTPTLON10":"-122.4125954","OBJECTID_1":2367,"trctidfp10":"06075012502","stcou":"06075","pdenied":0,"JOINID":"06075012502","STCOU_TXT":"06075","Shape_Length":0.010431739885058159,"Shape_Area":6.2671845000701716e-06}},{"type":"Feature","id":38,"geometry":{"type":"Polygon","coordinates":[[[-122.41356199999996,37.785715000000039],[-122.41296999999997,37.785790000000077],[-122.41214799999995,37.785893000000044],[-122.41132599999997,37.785996000000068],[-122.41151599999995,37.786940000000072],[-122.41104299999995,37.787000000000035],[-122.410237,37.787103000000059],[-122.40987399999995,37.787149000000056],[-122.40822699999995,37.787359000000038],[-122.40840199999997,37.788293000000067],[-122.41005699999999,37.788082000000031],[-122.41169899999994,37.78787200000005],[-122.41234399999996,37.78779000000003],[-122.41253099999994,37.787767000000031],[-122.412736,37.78774100000004],[-122.41335399999997,37.787664000000063],[-122.41499499999998,37.787454000000025],[-122.41480699999994,37.786520000000053],[-122.41470999999996,37.786041000000068],[-122.41461699999996,37.785582000000034],[-122.41356199999996,37.785715000000039]]]},"properties":{"OBJECTID":38,"STATEFP10":"06","COUNTYFP10":"075","TRACTCE10":"012302","GEOID10":"06075012302","NAME10":"123.02","NAMELSAD10":"Census Tract 123.02","MTFCC10":"G5020","FUNCSTAT10":"S","ALAND10":92648,"AWATER10":0,"INTPTLAT10":"+37.7870223","INTPTLON10":"-122.4120970","OBJECTID_1":2363,"trctidfp10":"06075012302","stcou":"06075","pdenied":0,"JOINID":"06075012302","STCOU_TXT":"06075","Shape_Length":0.0171016610588728,"Shape_Area":9.4762564999674676e-06}},{"type":"Feature","id":39,"geometry":{"type":"Polygon","coordinates":[[[-122.41336699999999,37.784783000000061],[-122.41290399999997,37.784842000000026],[-122.41278199999999,37.784866000000079],[-122.41221399999995,37.784938000000068],[-122.41183999999998,37.784985000000063],[-122.41113999999999,37.785075000000063],[-122.40949799999999,37.785283000000049],[-122.40878199999997,37.78537300000005],[-122.40866699999998,37.785388000000069],[-122.40785299999999,37.785492000000033],[-122.40803599999998,37.786410000000046],[-122.40822699999995,37.787359000000038],[-122.40987399999995,37.787149000000056],[-122.410237,37.787103000000059],[-122.41104299999995,37.787000000000035],[-122.41151599999995,37.786940000000072],[-122.41132599999997,37.785996000000068],[-122.41214799999995,37.785893000000044],[-122.41296999999997,37.785790000000077],[-122.41356199999996,37.785715000000039],[-122.41461699999996,37.785582000000034],[-122.41456599999998,37.785333000000037],[-122.41452099999998,37.785105000000044],[-122.41442999999998,37.784657000000038],[-122.41430299999996,37.784664000000078],[-122.41393999999997,37.784710000000075],[-122.41374799999994,37.784734000000071],[-122.41336699999999,37.784783000000061]]]},"properties":{"OBJECTID":39,"STATEFP10":"06","COUNTYFP10":"075","TRACTCE10":"012301","GEOID10":"06075012301","NAME10":"123.01","NAMELSAD10":"Census Tract 123.01","MTFCC10":"G5020","FUNCSTAT10":"S","ALAND10":92147,"AWATER10":0,"INTPTLAT10":"+37.7859203","INTPTLON10":"-122.4107461","OBJECTID_1":2362,"trctidfp10":"06075012301","stcou":"06075","pdenied":0,"JOINID":"06075012301","STCOU_TXT":"06075","Shape_Length":0.017073666093286168,"Shape_Area":9.4249554999075924e-06}},{"type":"Feature","id":40,"geometry":{"type":"Polygon","coordinates":[[[-122.37411699999996,37.744975000000068],[-122.37318799999997,37.745948000000055],[-122.37606399999999,37.752560000000074],[-122.37798099999998,37.753629000000046],[-122.38001399999996,37.753358000000048],[-122.38098499999995,37.753228000000036],[-122.38171099999994,37.753186000000028],[-122.38198499999999,37.753170000000068],[-122.38295099999999,37.753114000000039],[-122.38391399999995,37.753058000000067],[-122.38487999999995,37.753002000000038],[-122.38584599999996,37.752946000000065],[-122.38681199999996,37.752890000000036],[-122.38775599999997,37.752836000000059],[-122.38875299999995,37.752778000000035],[-122.38972999999999,37.752721000000065],[-122.39068299999997,37.752663000000041],[-122.39123099999995,37.752630000000067],[-122.39152999999999,37.752612000000056],[-122.39161599999994,37.752606000000071],[-122.39165599999995,37.752604000000076],[-122.39263899999997,37.752545000000055],[-122.39318499999996,37.752512000000024],[-122.39361899999994,37.752485000000036],[-122.39458699999994,37.752427000000068],[-122.39554799999996,37.752369000000044],[-122.39651299999997,37.752311000000077],[-122.39640799999995,37.751179000000036],[-122.39834099999996,37.751055000000065],[-122.39941399999998,37.750990000000058],[-122.39984499999997,37.750883000000044],[-122.40021699999994,37.750753000000032],[-122.40047199999998,37.750673000000063],[-122.40123199999999,37.750632000000053],[-122.40218399999998,37.750581000000068],[-122.40260499999999,37.750558000000069],[-122.40272499999998,37.750497000000053],[-122.40278399999994,37.750386000000049],[-122.40280099999995,37.750201000000061],[-122.40284999999994,37.74965300000008],[-122.40286599999996,37.749478000000067],[-122.40296899999998,37.749550000000056],[-122.40305499999999,37.749544000000071],[-122.40320299999996,37.74953400000004],[-122.40326099999999,37.74953000000005],[-122.40356899999995,37.749475000000075],[-122.40361299999995,37.749337000000025],[-122.40378099999998,37.748801000000071],[-122.40389699999997,37.748429000000044],[-122.40373599999998,37.748385000000042],[-122.40361799999999,37.748121000000026],[-122.40356099999997,37.74776200000008],[-122.40366199999994,37.747412000000054],[-122.40371199999998,37.747202000000073],[-122.40392399999996,37.746594000000073],[-122.40406399999995,37.746253000000024],[-122.40416899999997,37.746110000000044],[-122.40428999999995,37.745961000000079],[-122.40431499999994,37.745930000000044],[-122.40425699999997,37.745665000000031],[-122.40422799999999,37.745568000000048],[-122.40420299999994,37.745484000000033],[-122.40418499999998,37.745237000000031],[-122.40452699999997,37.744298000000072],[-122.40458999999998,37.744126000000051],[-122.40489599999995,37.743692000000067],[-122.40521399999994,37.743247000000054],[-122.40524199999999,37.743051000000037],[-122.40540499999997,37.742985000000033],[-122.40574399999997,37.742521000000067],[-122.40583799999996,37.742392000000052],[-122.40653299999997,37.741439000000071],[-122.40691399999997,37.740763000000072],[-122.40700499999997,37.74024200000008],[-122.40705199999996,37.739706000000069],[-122.40697899999998,37.739566000000025],[-122.40691099999998,37.739430000000027],[-122.40692699999994,37.739234000000067],[-122.40692899999999,37.739207000000079],[-122.40693699999997,37.739088000000038],[-122.40694499999995,37.738694000000066],[-122.40691599999997,37.738456000000042],[-122.40686799999997,37.738144000000034],[-122.40691099999998,37.737966000000029],[-122.40676199999996,37.738077000000033],[-122.40581399999996,37.738338000000056],[-122.40564699999999,37.738321000000042],[-122.40555099999995,37.738407000000052],[-122.40524899999997,37.738495000000057],[-122.40513999999996,37.738526000000036],[-122.40502799999996,37.73849800000005],[-122.40497499999998,37.738571000000036],[-122.40439899999996,37.738732000000027],[-122.40425799999997,37.738713000000075],[-122.40413699999999,37.738797000000034],[-122.40328899999997,37.739044000000035],[-122.40318599999995,37.739074000000073],[-122.40207099999998,37.739381000000037],[-122.40106399999996,37.739658000000077],[-122.40089899999998,37.739659000000074],[-122.40077499999995,37.739742000000035],[-122.40008599999999,37.739942000000042],[-122.39975199999998,37.739908000000071],[-122.39970499999998,37.739920000000041],[-122.39968499999998,37.739902000000029],[-122.39964499999996,37.739880000000028],[-122.39780999999999,37.738847000000078],[-122.39594499999998,37.737784000000033],[-122.39511899999997,37.737314000000026],[-122.39409299999994,37.736729000000025],[-122.39352399999996,37.737351000000046],[-122.39296499999995,37.737961000000041],[-122.39239299999997,37.738603000000069],[-122.39192099999997,37.739128000000051],[-122.39183099999997,37.739228000000026],[-122.39126799999997,37.739853000000039],[-122.38930999999997,37.738742000000059],[-122.38933999999995,37.738869000000079],[-122.38913199999996,37.739459000000068],[-122.38903099999999,37.739533000000051],[-122.38905999999997,37.739660000000072],[-122.38896099999999,37.739940000000047],[-122.38885499999998,37.740243000000078],[-122.38875499999995,37.740317000000061],[-122.38878399999999,37.740444000000025],[-122.38857699999994,37.741033000000073],[-122.38847599999997,37.741108000000054],[-122.38850499999995,37.741235000000074],[-122.38830099999996,37.741814000000034],[-122.38819999999998,37.741889000000072],[-122.38823499999995,37.741977000000077],[-122.38800999999995,37.742645000000039],[-122.38792599999999,37.742703000000063],[-122.38770499999998,37.742697000000078],[-122.38660299999998,37.742068000000074],[-122.38655499999999,37.741950000000031],[-122.38714299999998,37.741297000000031],[-122.38528199999996,37.740240000000028],[-122.38340999999997,37.739177000000041],[-122.38155799999998,37.73812300000003],[-122.38094299999995,37.73876400000006],[-122.38079699999997,37.73877600000003],[-122.38036599999998,37.73853100000008],[-122.38010999999995,37.738308000000075],[-122.37916899999999,37.737766000000079],[-122.37910999999997,37.737680000000069],[-122.37772199999995,37.739221000000043],[-122.37741999999997,37.739557000000048],[-122.37684699999994,37.740192000000036],[-122.37611299999998,37.741477000000032],[-122.37411699999996,37.744975000000068]]]},"properties":{"OBJECTID":40,"STATEFP10":"06","COUNTYFP10":"075","TRACTCE10":"980900","GEOID10":"06075980900","NAME10":"9809","NAMELSAD10":"Census Tract 9809","MTFCC10":"G5020","FUNCSTAT10":"S","ALAND10":3586378,"AWATER10":260679,"INTPTLAT10":"+37.7462861","INTPTLON10":"-122.3894770","OBJECTID_1":2536,"trctidfp10":"06075980900","stcou":"06075","pdenied":2.2222223281860352,"JOINID":"06075980900","STCOU_TXT":"06075","Shape_Length":0.097220362283065978,"Shape_Area":0.00039326888700025851}},{"type":"Feature","id":41,"geometry":{"type":"Polygon","coordinates":[[[-122.40068099999996,37.796777000000077],[-122.40048599999994,37.79587500000008],[-122.40041299999996,37.795448000000079],[-122.40032899999994,37.79501300000004],[-122.40023899999994,37.794575000000066],[-122.40014899999994,37.794134000000042],[-122.39896999999996,37.794284000000061],[-122.39779599999997,37.794434000000024],[-122.39658599999996,37.794588000000033],[-122.39638999999994,37.793664000000035],[-122.39630199999999,37.793256000000042],[-122.396278,37.793342000000052],[-122.39570499999996,37.793793000000051],[-122.39485999999999,37.794459000000074],[-122.39474799999999,37.794480000000078],[-122.39381899999995,37.793738000000076],[-122.39318099999997,37.793230000000051],[-122.39249899999999,37.793769000000054],[-122.39218099999999,37.793928000000051],[-122.39198199999998,37.793872000000079],[-122.39148699999998,37.793859000000054],[-122.38898099999994,37.796628000000055],[-122.39338199999997,37.801928000000032],[-122.39848199999994,37.807228000000066],[-122.40058899999997,37.806022000000041],[-122.40178699999996,37.805314000000067],[-122.40226999999999,37.805127000000027],[-122.40315499999997,37.80512200000004],[-122.40349499999996,37.805089000000066],[-122.40517399999999,37.804763000000037],[-122.40498599999995,37.803833000000054],[-122.40479799999997,37.802901000000077],[-122.40352099999996,37.803055000000029],[-122.40315999999996,37.803098000000034],[-122.40297399999997,37.802167000000054],[-122.40288099999998,37.801698000000044],[-122.40278999999998,37.801242000000059],[-122.40260399999994,37.800307000000032],[-122.40242099999995,37.799382000000037],[-122.40222899999998,37.798430000000053],[-122.40219199999996,37.798250000000053],[-122.40204099999994,37.797505000000058],[-122.40086299999996,37.79765400000008],[-122.40068099999996,37.796777000000077]]]},"properties":{"OBJECTID":41,"STATEFP10":"06","COUNTYFP10":"075","TRACTCE10":"010500","GEOID10":"06075010500","NAME10":"105","NAMELSAD10":"Census Tract 105","MTFCC10":"G5020","FUNCSTAT10":"S","ALAND10":683666,"AWATER10":494331,"INTPTLAT10":"+37.8026841","INTPTLON10":"-122.3990586","OBJECTID_1":2345,"trctidfp10":"06075010500","stcou":"06075","pdenied":1.1235954761505127,"JOINID":"06075010500","STCOU_TXT":"06075","Shape_Length":0.050179055173939065,"Shape_Area":0.00012050791249984698}},{"type":"Feature","id":42,"geometry":{"type":"Polygon","coordinates":[[[-122.40242099999995,37.799382000000037],[-122.40260399999994,37.800307000000032],[-122.40278999999998,37.801242000000059],[-122.40288099999998,37.801698000000044],[-122.40297399999997,37.802167000000054],[-122.40315999999996,37.803098000000034],[-122.40352099999996,37.803055000000029],[-122.40479799999997,37.802901000000077],[-122.40498599999995,37.803833000000054],[-122.40517399999999,37.804763000000037],[-122.40595399999995,37.804664000000059],[-122.40625599999998,37.804606000000035],[-122.40662499999996,37.804535000000044],[-122.40669999999994,37.804495000000031],[-122.40674999999999,37.804455000000075],[-122.40753099999995,37.804466000000048],[-122.40833199999997,37.80436700000007],[-122.40932499999997,37.804243000000042],[-122.40993599999996,37.804168000000061],[-122.41158099999996,37.803963000000067],[-122.41284999999999,37.803807000000063],[-122.41322299999996,37.803761000000065],[-122.41371799999996,37.803695000000062],[-122.41487699999999,37.80354200000005],[-122.41371899999996,37.802743000000078],[-122.41290799999996,37.802184000000068],[-122.41254099999998,37.801931000000025],[-122.41137599999996,37.80112500000007],[-122.41101899999995,37.80117000000007],[-122.40936899999997,37.801371000000074],[-122.40892899999994,37.801426000000049],[-122.40855199999999,37.801473000000044],[-122.40813299999996,37.801525000000026],[-122.40776999999997,37.801571000000024],[-122.40746099999996,37.801611000000037],[-122.40698799999996,37.801674000000048],[-122.40652699999998,37.801735000000065],[-122.40628699999996,37.801766000000043],[-122.40624899999995,37.801765000000046],[-122.40621699999997,37.801748000000032],[-122.40619899999996,37.801720000000046],[-122.40602399999995,37.800835000000063],[-122.40583399999997,37.799901000000034],[-122.40579699999995,37.799721000000034],[-122.40564499999999,37.798969000000056],[-122.40463299999999,37.799098000000072],[-122.40405299999998,37.799172000000056],[-122.40368999999998,37.799218000000053],[-122.40364499999998,37.799224000000038],[-122.40325299999995,37.799274000000025],[-122.40242099999995,37.799382000000037]]]},"properties":{"OBJECTID":42,"STATEFP10":"06","COUNTYFP10":"075","TRACTCE10":"010400","GEOID10":"06075010400","NAME10":"104","NAMELSAD10":"Census Tract 104","MTFCC10":"G5020","FUNCSTAT10":"S","ALAND10":335738,"AWATER10":0,"INTPTLAT10":"+37.8022725","INTPTLON10":"-122.4075581","OBJECTID_1":2344,"trctidfp10":"06075010400","stcou":"06075","pdenied":2.0460357666015625,"JOINID":"06075010400","STCOU_TXT":"06075","Shape_Length":0.032689395181776902,"Shape_Area":3.4347393000018523e-05}},{"type":"Feature","id":43,"geometry":{"type":"Polygon","coordinates":[[[-122.41844499999996,37.804580000000044],[-122.41834099999994,37.804070000000024],[-122.41828099999998,37.804023000000029],[-122.41821599999997,37.803687000000025],[-122.41825599999999,37.803650000000061],[-122.41815099999997,37.803135000000054],[-122.41796599999998,37.802201000000025],[-122.41787699999998,37.801707000000079],[-122.41779899999995,37.801267000000053],[-122.41770199999996,37.800844000000041],[-122.41758699999997,37.80034100000006],[-122.41749299999998,37.799906000000078],[-122.41738499999997,37.79941400000007],[-122.41738799999996,37.79931700000003],[-122.41734899999994,37.799127000000055],[-122.41731199999998,37.798942000000068],[-122.41721799999999,37.798472000000061],[-122.41557199999994,37.798680000000047],[-122.41457299999996,37.79880600000007],[-122.41393099999999,37.798888000000034],[-122.41293499999995,37.799014000000057],[-122.41228299999995,37.799096000000077],[-122.41240799999997,37.799718000000041],[-122.41241799999995,37.799765000000036],[-122.41247099999998,37.800032000000044],[-122.41252999999995,37.800323000000049],[-122.41265999999996,37.800965000000076],[-122.41275399999995,37.801430000000039],[-122.41284899999999,37.801893000000064],[-122.41290799999996,37.802184000000068],[-122.41371899999996,37.802743000000078],[-122.41487699999999,37.80354200000005],[-122.41544599999997,37.803937000000076],[-122.41605099999998,37.804356000000041],[-122.41681799999998,37.804887000000065],[-122.41688799999997,37.80521200000004],[-122.41722599999997,37.805170000000032],[-122.41838099999995,37.805977000000041],[-122.41871799999996,37.805932000000041],[-122.41853099999997,37.804999000000066],[-122.41844499999996,37.804580000000044]]]},"properties":{"OBJECTID":43,"STATEFP10":"06","COUNTYFP10":"075","TRACTCE10":"010300","GEOID10":"06075010300","NAME10":"103","NAMELSAD10":"Census Tract 103","MTFCC10":"G5020","FUNCSTAT10":"S","ALAND10":268266,"AWATER10":0,"INTPTLAT10":"+37.8016201","INTPTLON10":"-122.4156811","OBJECTID_1":2343,"trctidfp10":"06075010300","stcou":"06075","pdenied":2.2448978424072266,"JOINID":"06075010300","STCOU_TXT":"06075","Shape_Length":0.022957273620748519,"Shape_Area":2.7443932000018141e-05}},{"type":"Feature","id":44,"geometry":{"type":"Polygon","coordinates":[[[-122.41844499999996,37.804580000000044],[-122.41853099999997,37.804999000000066],[-122.41871799999996,37.805932000000041],[-122.41878199999996,37.806241000000057],[-122.41890799999999,37.806863000000078],[-122.41908599999999,37.807803000000035],[-122.41920999999996,37.808388000000036],[-122.41922399999999,37.808453000000043],[-122.419693,37.808681000000036],[-122.42001999999997,37.808841000000029],[-122.42080499999997,37.811851000000047],[-122.42081199999996,37.811879000000033],[-122.42107599999997,37.812889000000041],[-122.42248199999995,37.812828000000025],[-122.42449099999999,37.81273200000004],[-122.42458199999999,37.81272800000005],[-122.42518199999995,37.812628000000075],[-122.42590199999995,37.812057000000038],[-122.42487599999998,37.810799000000031],[-122.42489799999998,37.810792000000049],[-122.42506099999997,37.810779000000025],[-122.42522199999996,37.810755000000029],[-122.42537999999996,37.810719000000063],[-122.42556299999995,37.810663000000034],[-122.42573699999997,37.810592000000042],[-122.42587499999996,37.810521000000051],[-122.42600499999998,37.81044200000008],[-122.42614799999996,37.810335000000066],[-122.42616599999997,37.810313000000065],[-122.42621999999994,37.81027000000006],[-122.42627699999997,37.810213000000033],[-122.42640999999998,37.810064000000068],[-122.42652699999996,37.809905000000072],[-122.42662499999994,37.809740000000033],[-122.42667099999994,37.809639000000061],[-122.42648399999996,37.809567000000072],[-122.42653599999994,37.809440000000052],[-122.42658299999999,37.809275000000071],[-122.42661199999998,37.809108000000037],[-122.42662199999995,37.808906000000036],[-122.42663599999997,37.808794000000034],[-122.42661799999996,37.808824000000072],[-122.42659699999996,37.808627000000058],[-122.42653499999994,37.808287000000064],[-122.42652199999998,37.808151000000066],[-122.42648599999995,37.808164000000033],[-122.42647299999999,37.808071000000041],[-122.42661299999997,37.808152000000064],[-122.42659199999997,37.808066000000053],[-122.42648899999995,37.807652000000076],[-122.42625699999996,37.807185000000061],[-122.42577999999997,37.806715000000054],[-122.42562799999996,37.806456000000026],[-122.42548799999997,37.806010000000072],[-122.42529899999994,37.805078000000037],[-122.42538199999996,37.80497100000008],[-122.42523099999994,37.804226000000028],[-122.42510999999996,37.80414600000006],[-122.42519099999998,37.804027000000076],[-122.42504199999996,37.803293000000053],[-122.42491899999999,37.803206000000046],[-122.42500399999994,37.803107000000068],[-122.42485299999998,37.802361000000076],[-122.42473099999995,37.80228100000005],[-122.42481499999997,37.802175000000034],[-122.42466799999994,37.801426000000049],[-122.42453799999998,37.801304000000073],[-122.42462299999994,37.801201000000049],[-122.42447999999996,37.800495000000069],[-122.42435899999998,37.800415000000044],[-122.42444299999994,37.800312000000076],[-122.42429199999998,37.79956500000003],[-122.42417099999994,37.799485000000061],[-122.42252499999995,37.799694000000045],[-122.42088299999995,37.799902000000031],[-122.42076899999995,37.799939000000052],[-122.42030499999998,37.799998000000073],[-122.41923299999996,37.800134000000071],[-122.41758699999997,37.80034100000006],[-122.41770199999996,37.800844000000041],[-122.41779899999995,37.801267000000053],[-122.41787699999998,37.801707000000079],[-122.41796599999998,37.802201000000025],[-122.41815099999997,37.803135000000054],[-122.41825599999999,37.803650000000061],[-122.41821599999997,37.803687000000025],[-122.41828099999998,37.804023000000029],[-122.41834099999994,37.804070000000024],[-122.41844499999996,37.804580000000044]]]},"properties":{"OBJECTID":44,"STATEFP10":"06","COUNTYFP10":"075","TRACTCE10":"010200","GEOID10":"06075010200","NAME10":"102","NAMELSAD10":"Census Tract 102","MTFCC10":"G5020","FUNCSTAT10":"S","ALAND10":515572,"AWATER10":295388,"INTPTLAT10":"+37.8058607","INTPTLON10":"-122.4229252","OBJECTID_1":2342,"trctidfp10":"06075010200","stcou":"06075","pdenied":1.2000000476837158,"JOINID":"06075010200","STCOU_TXT":"06075","Shape_Length":0.040611667656193333,"Shape_Area":8.2967590499764761e-05}},{"type":"Feature","id":45,"geometry":{"type":"Polygon","coordinates":[[[-122.42107599999997,37.812889000000041],[-122.42081199999996,37.811879000000033],[-122.42080499999997,37.811851000000047],[-122.42001999999997,37.808841000000029],[-122.419693,37.808681000000036],[-122.41922399999999,37.808453000000043],[-122.41920999999996,37.808388000000036],[-122.41908599999999,37.807803000000035],[-122.41890799999999,37.806863000000078],[-122.41878199999996,37.806241000000057],[-122.41871799999996,37.805932000000041],[-122.41838099999995,37.805977000000041],[-122.41722599999997,37.805170000000032],[-122.41688799999997,37.80521200000004],[-122.41681799999998,37.804887000000065],[-122.41605099999998,37.804356000000041],[-122.41544599999997,37.803937000000076],[-122.41487699999999,37.80354200000005],[-122.41371799999996,37.803695000000062],[-122.41322299999996,37.803761000000065],[-122.41284999999999,37.803807000000063],[-122.41158099999996,37.803963000000067],[-122.40993599999996,37.804168000000061],[-122.40932499999997,37.804243000000042],[-122.40833199999997,37.80436700000007],[-122.40753099999995,37.804466000000048],[-122.40674999999999,37.804455000000075],[-122.40669999999994,37.804495000000031],[-122.40662499999996,37.804535000000044],[-122.40625599999998,37.804606000000035],[-122.40595399999995,37.804664000000059],[-122.40517399999999,37.804763000000037],[-122.40349499999996,37.805089000000066],[-122.40315499999997,37.80512200000004],[-122.40226999999999,37.805127000000027],[-122.40178699999996,37.805314000000067],[-122.40058899999997,37.806022000000041],[-122.39848199999994,37.807228000000066],[-122.40578199999999,37.811728000000073],[-122.40748199999996,37.81272800000005],[-122.42018199999995,37.812928000000056],[-122.42107599999997,37.812889000000041]]]},"properties":{"OBJECTID":45,"STATEFP10":"06","COUNTYFP10":"075","TRACTCE10":"010100","GEOID10":"06075010100","NAME10":"101","NAMELSAD10":"Census Tract 101","MTFCC10":"G5020","FUNCSTAT10":"S","ALAND10":776482,"AWATER10":646925,"INTPTLAT10":"+37.8084198","INTPTLON10":"-122.4085794","OBJECTID_1":2341,"trctidfp10":"06075010100","stcou":"06075","pdenied":0.73349636793136597,"JOINID":"06075010100","STCOU_TXT":"06075","Shape_Length":0.05364596383723317,"Shape_Area":0.00014562894150022316}},{"type":"Feature","id":46,"geometry":{"type":"Polygon","coordinates":[[[-122.51687699999997,37.763737000000049],[-122.51538299999999,37.763730000000066],[-122.51236999999998,37.763586000000032],[-122.51034099999998,37.764001000000064],[-122.51016099999998,37.764080000000035],[-122.50986999999998,37.764090000000067],[-122.50957499999998,37.764100000000042],[-122.50940199999997,37.76403300000004],[-122.50928399999998,37.764088000000072],[-122.50846199999995,37.764106000000027],[-122.50833099999994,37.764076000000045],[-122.50820899999997,37.764120000000048],[-122.50736499999999,37.764152000000024],[-122.50726199999997,37.764116000000058],[-122.50714899999997,37.764164000000051],[-122.50632299999995,37.764203000000066],[-122.50619099999994,37.764166000000046],[-122.50608999999997,37.764210000000048],[-122.50523199999998,37.764249000000063],[-122.50511999999998,37.764214000000038],[-122.50498199999998,37.764260000000036],[-122.50415799999996,37.764296000000058],[-122.50404899999995,37.764261000000033],[-122.50392599999998,37.764304000000038],[-122.50308399999994,37.764343000000054],[-122.50297599999999,37.764311000000077],[-122.50286099999994,37.764354000000026],[-122.50201499999997,37.764393000000041],[-122.50190099999998,37.764361000000065],[-122.50180999999998,37.764406000000065],[-122.50093599999997,37.764443000000028],[-122.50083099999995,37.764406000000065],[-122.50072899999998,37.764452000000063],[-122.49984999999998,37.764487000000031],[-122.49975999999998,37.764450000000068],[-122.49964099999994,37.764501000000052],[-122.49876999999998,37.764538000000073],[-122.49868699999996,37.764495000000068],[-122.49859799999996,37.764546000000053],[-122.49773899999997,37.764586000000065],[-122.49761599999999,37.764545000000055],[-122.49745699999994,37.764601000000027],[-122.49663099999998,37.764651000000072],[-122.49654699999996,37.76459600000004],[-122.49643099999997,37.764660000000049],[-122.49608499999999,37.764675000000068],[-122.49593399999998,37.764681000000053],[-122.49558599999995,37.764696000000072],[-122.49547499999994,37.764638000000048],[-122.49534499999999,37.764706000000047],[-122.49451399999998,37.764730000000043],[-122.49440199999998,37.76468600000004],[-122.49431599999997,37.764737000000025],[-122.49342099999996,37.76477600000004],[-122.49333099999996,37.764733000000035],[-122.49322099999995,37.764784000000077],[-122.49238099999997,37.76482100000004],[-122.49225799999999,37.76478000000003],[-122.49212799999998,37.764823000000035],[-122.49131799999998,37.764863000000048],[-122.49118599999997,37.764833000000067],[-122.49103699999995,37.764872000000025],[-122.49022999999994,37.764908000000048],[-122.49011599999994,37.764881000000059],[-122.48992199999998,37.76492200000007],[-122.48916799999995,37.764956000000041],[-122.48904199999998,37.764929000000052],[-122.48892899999998,37.764970000000062],[-122.48808699999995,37.765003000000036],[-122.48796699999997,37.76497100000006],[-122.48784299999994,37.76502000000005],[-122.48701499999999,37.765058000000067],[-122.48690199999999,37.765019000000052],[-122.48676899999998,37.765072000000032],[-122.48595399999999,37.76511000000005],[-122.48583099999996,37.76506900000004],[-122.48572499999995,37.765120000000024],[-122.48485499999998,37.76515900000004],[-122.48475899999994,37.765117000000032],[-122.48464099999995,37.765168000000074],[-122.48380399999996,37.765202000000045],[-122.48368499999998,37.765160000000037],[-122.48351499999995,37.76520800000003],[-122.48273999999998,37.765244000000052],[-122.48261499999995,37.765210000000025],[-122.48248599999999,37.765255000000025],[-122.48165099999994,37.76529400000004],[-122.48154099999999,37.765260000000069],[-122.48141199999998,37.765303000000074],[-122.48059499999999,37.765338000000042],[-122.48046899999997,37.765306000000066],[-122.48034899999999,37.765345000000025],[-122.47951999999998,37.76538000000005],[-122.47939799999995,37.765351000000067],[-122.47926799999999,37.765395000000069],[-122.47834699999999,37.765436000000079],[-122.47832499999998,37.765399000000059],[-122.47820299999995,37.765452000000039],[-122.47748899999999,37.765486000000067],[-122.47730799999999,37.765448000000049],[-122.47712499999994,37.765498000000036],[-122.47630699999996,37.765534000000059],[-122.47618699999998,37.765498000000036],[-122.47606399999995,37.765545000000031],[-122.47525299999995,37.765580000000057],[-122.47511899999995,37.765544000000034],[-122.47502099999997,37.765587000000039],[-122.47415899999999,37.765627000000052],[-122.47404499999999,37.765593000000024],[-122.47394299999996,37.765637000000027],[-122.47304399999996,37.765678000000037],[-122.47292299999998,37.765641000000073],[-122.47280299999994,37.765693000000056],[-122.47191999999995,37.765730000000076],[-122.47179999999997,37.765688000000068],[-122.47170199999999,37.765739000000053],[-122.47085599999997,37.765780000000063],[-122.47072699999995,37.765739000000053],[-122.47061399999996,37.765791000000036],[-122.46978999999999,37.765824000000066],[-122.46965399999999,37.765783000000056],[-122.46953099999996,37.765835000000038],[-122.46869799999996,37.765872000000059],[-122.46858299999997,37.765830000000051],[-122.46843899999999,37.765883000000031],[-122.46762799999999,37.765919000000054],[-122.46751499999999,37.765877000000046],[-122.46735399999994,37.76593100000008],[-122.46656099999996,37.765966000000049],[-122.46644199999997,37.765925000000038],[-122.46631499999995,37.765977000000078],[-122.46549799999997,37.766012000000046],[-122.46537699999999,37.765970000000038],[-122.46526599999999,37.765927000000033],[-122.46429699999999,37.765963000000056],[-122.46335399999998,37.766005000000064],[-122.46323299999995,37.766057000000046],[-122.46315799999996,37.766107000000034],[-122.46228699999995,37.766151000000036],[-122.46216199999998,37.766110000000026],[-122.46211099999999,37.766159000000073],[-122.46119699999997,37.766203000000075],[-122.46108999999996,37.766161000000068],[-122.46095399999996,37.766126000000042],[-122.46001599999994,37.766166000000055],[-122.45906399999996,37.76620900000006],[-122.45894699999997,37.766256000000055],[-122.45882499999999,37.766216000000043],[-122.45856799999996,37.76622100000003],[-122.45797699999997,37.76602900000006],[-122.45778999999999,37.766015000000039],[-122.45748999999995,37.76593100000008],[-122.45718899999997,37.765881000000036],[-122.45691299999999,37.765874000000053],[-122.45459299999999,37.766165000000058],[-122.45294699999999,37.766374000000042],[-122.45299599999998,37.766476000000068],[-122.45304999999996,37.766742000000079],[-122.45316499999996,37.767307000000073],[-122.453352,37.768246000000033],[-122.45353699999998,37.769165000000044],[-122.45372599999996,37.770098000000075],[-122.45390199999997,37.771054000000049],[-122.45378199999999,37.771022000000073],[-122.45224199999996,37.77123000000006],[-122.45187099999998,37.771299000000056],[-122.45059999999995,37.771460000000047],[-122.44895799999995,37.771669000000031],[-122.44731199999995,37.771878000000072],[-122.44571699999995,37.772080000000074],[-122.44402399999996,37.772295000000042],[-122.44237799999996,37.772504000000026],[-122.44073499999996,37.772713000000067],[-122.44092199999994,37.77363500000007],[-122.44256499999995,37.773424000000034],[-122.44421599999998,37.773212000000058],[-122.44590199999999,37.772995000000037],[-122.44749699999994,37.772790000000043],[-122.44914299999999,37.772579000000064],[-122.45078699999999,37.772368000000029],[-122.45224199999996,37.772181000000046],[-122.45243699999997,37.772189000000026],[-122.45395899999994,37.771997000000056],[-122.45408299999997,37.771930000000054],[-122.45428499999997,37.772895000000062],[-122.45445099999995,37.773711000000048],[-122.45464199999998,37.774646000000075],[-122.45468299999999,37.774755000000027],[-122.45525299999997,37.774687000000029],[-122.45628399999998,37.774555000000078],[-122.45837099999994,37.774309000000073],[-122.45948599999997,37.774167000000034],[-122.46055299999995,37.774031000000036],[-122.46161999999998,37.773895000000039],[-122.46268399999997,37.773760000000038],[-122.46374899999995,37.773624000000041],[-122.46481199999999,37.773489000000041],[-122.46533199999999,37.773423000000037],[-122.46588299999996,37.773398000000043],[-122.46695199999999,37.773351000000048],[-122.46802399999996,37.773304000000053],[-122.46909199999999,37.773257000000058],[-122.47016299999996,37.773210000000063],[-122.47123999999997,37.77316200000007],[-122.47176199999996,37.773139000000072],[-122.47229699999997,37.773114000000078],[-122.47342799999996,37.773063000000036],[-122.47455099999996,37.773011000000054],[-122.47561399999995,37.772962000000064],[-122.47669399999995,37.772913000000074],[-122.47776699999997,37.772864000000027],[-122.47883699999994,37.772815000000037],[-122.47990499999997,37.772766000000047],[-122.48097899999999,37.772716000000059],[-122.48204899999996,37.772667000000069],[-122.48311899999999,37.77261800000008],[-122.48419399999995,37.772569000000033],[-122.48526199999998,37.772520000000043],[-122.48633399999994,37.77247200000005],[-122.48739799999998,37.77242300000006],[-122.48847099999995,37.77237400000007],[-122.48953899999998,37.77232500000008],[-122.49061699999999,37.772276000000033],[-122.49168799999995,37.772227000000044],[-122.49276099999997,37.772179000000051],[-122.49383199999994,37.772130000000061],[-122.49490299999997,37.772081000000071],[-122.49597199999999,37.772032000000024],[-122.49704699999995,37.771983000000034],[-122.49811399999999,37.771934000000044],[-122.49918299999996,37.771885000000054],[-122.50025799999997,37.771836000000064],[-122.50132799999994,37.771787000000074],[-122.50239999999997,37.771738000000028],[-122.50347299999999,37.771689000000038],[-122.50454399999995,37.771640000000048],[-122.50561099999999,37.771592000000055],[-122.50668499999995,37.771542000000068],[-122.50775099999998,37.771495000000073],[-122.50882299999995,37.771446000000026],[-122.50989499999997,37.771396000000038],[-122.51105399999994,37.771342000000061],[-122.51314699999995,37.77076100000005],[-122.51678699999997,37.770680000000027],[-122.51725599999997,37.770684000000074],[-122.51721999999995,37.76936500000005],[-122.51720399999999,37.768651000000034],[-122.51717399999995,37.768330000000049],[-122.51721999999995,37.767824000000076],[-122.51720399999999,37.766937000000041],[-122.51707999999996,37.766137000000072],[-122.51684699999998,37.765422000000058],[-122.51689399999998,37.764806000000078],[-122.51687699999997,37.764264000000026],[-122.51687699999997,37.763737000000049]]]},"properties":{"OBJECTID":46,"STATEFP10":"06","COUNTYFP10":"075","TRACTCE10":"980300","GEOID10":"06075980300","NAME10":"9803","NAMELSAD10":"Census Tract 9803","MTFCC10":"G5020","FUNCSTAT10":"S","ALAND10":4345271,"AWATER10":409377,"INTPTLAT10":"+37.7684025","INTPTLON10":"-122.4920873","OBJECTID_1":2533,"trctidfp10":"06075980300","stcou":"06075","pdenied":0,"JOINID":"06075980300","STCOU_TXT":"06075","Shape_Length":0.16983371177690806,"Shape_Area":0.00048619875800000464}},{"type":"Feature","id":47,"geometry":{"type":"Polygon","coordinates":[[[-122.39152999999999,37.752612000000056],[-122.39123099999995,37.752630000000067],[-122.39068299999997,37.752663000000041],[-122.39123199999995,37.752657000000056],[-122.39123599999999,37.752722000000063],[-122.39132099999995,37.753292000000044],[-122.39152899999999,37.754012000000046],[-122.39187799999996,37.754916000000037],[-122.39190099999996,37.755155000000059],[-122.39195399999994,37.755152000000066],[-122.39208199999996,37.75514400000003],[-122.39220699999998,37.755137000000047],[-122.392248,37.755254000000036],[-122.39244699999995,37.756436000000065],[-122.39245199999999,37.756763000000035],[-122.39246099999997,37.75739800000008],[-122.39244399999995,37.757692000000077],[-122.39241899999996,37.758118000000024],[-122.39244699999995,37.759671000000026],[-122.39249399999994,37.760245000000054],[-122.39336499999996,37.760202000000049],[-122.39435199999997,37.76014200000003],[-122.39531499999998,37.760084000000063],[-122.39628399999998,37.760026000000039],[-122.39724899999999,37.759967000000074],[-122.39821599999999,37.75990900000005],[-122.39796999999999,37.757359000000065],[-122.39857399999994,37.757323000000042],[-122.39893899999998,37.757301000000041],[-122.39990699999998,37.757243000000074],[-122.40086999999994,37.75718500000005],[-122.40183299999995,37.757121000000041],[-122.40280299999995,37.757068000000061],[-122.40307399999995,37.757052000000044],[-122.40346099999999,37.757029000000045],[-122.40368899999999,37.757015000000024],[-122.40354399999995,37.756804000000045],[-122.40339599999999,37.756471000000033],[-122.40330599999999,37.756166000000064],[-122.40324499999997,37.755760000000066],[-122.40312699999998,37.754478000000063],[-122.40301099999999,37.753202000000044],[-122.40297799999996,37.752750000000049],[-122.40300699999995,37.752446000000077],[-122.40316899999999,37.751909000000069],[-122.40322499999996,37.751722000000029],[-122.40325999999999,37.751624000000049],[-122.40335699999997,37.751351000000057],[-122.40337699999998,37.750931000000037],[-122.40330899999998,37.750885000000039],[-122.40351399999997,37.750282000000027],[-122.40373599999998,37.749584000000027],[-122.40378399999997,37.749433000000067],[-122.40359299999994,37.749472000000026],[-122.40356899999995,37.749475000000075],[-122.40326099999999,37.74953000000005],[-122.40320299999996,37.74953400000004],[-122.40305499999999,37.749544000000071],[-122.40296899999998,37.749550000000056],[-122.40286599999996,37.749478000000067],[-122.40284999999994,37.74965300000008],[-122.40280099999995,37.750201000000061],[-122.40278399999994,37.750386000000049],[-122.40272499999998,37.750497000000053],[-122.40260499999999,37.750558000000069],[-122.40218399999998,37.750581000000068],[-122.40123199999999,37.750632000000053],[-122.40047199999998,37.750673000000063],[-122.40021699999994,37.750753000000032],[-122.39984499999997,37.750883000000044],[-122.39941399999998,37.750990000000058],[-122.39834099999996,37.751055000000065],[-122.39640799999995,37.751179000000036],[-122.39651299999997,37.752311000000077],[-122.39554799999996,37.752369000000044],[-122.39458699999994,37.752427000000068],[-122.39361899999994,37.752485000000036],[-122.39318499999996,37.752512000000024],[-122.39263899999997,37.752545000000055],[-122.39165599999995,37.752604000000076],[-122.39161599999994,37.752606000000071],[-122.39152999999999,37.752612000000056]]]},"properties":{"OBJECTID":47,"STATEFP10":"06","COUNTYFP10":"075","TRACTCE10":"061400","GEOID10":"06075061400","NAME10":"614","NAMELSAD10":"Census Tract 614","MTFCC10":"G5020","FUNCSTAT10":"S","ALAND10":797778,"AWATER10":0,"INTPTLAT10":"+37.7550917","INTPTLON10":"-122.3974733","OBJECTID_1":2530,"trctidfp10":"06075061400","stcou":"06075","pdenied":1.0128291845321655,"JOINID":"06075061400","STCOU_TXT":"06075","Shape_Length":0.0458235838472031,"Shape_Area":8.1563698500104821e-05}},{"type":"Feature","id":48,"geometry":{"type":"Polygon","coordinates":[[[-122.39381899999995,37.793738000000076],[-122.39474799999999,37.794480000000078],[-122.39485999999999,37.794459000000074],[-122.39570499999996,37.793793000000051],[-122.396278,37.793342000000052],[-122.39630199999999,37.793256000000042],[-122.39640999999995,37.793238000000031],[-122.39647999999994,37.793182000000058],[-122.39650399999999,37.793097000000046],[-122.39661199999995,37.793079000000034],[-122.39735899999999,37.792490000000043],[-122.39738299999999,37.792406000000028],[-122.39748999999995,37.792387000000076],[-122.39823499999994,37.79180000000008],[-122.39826399999998,37.791716000000065],[-122.39836899999995,37.791695000000061],[-122.39912299999997,37.791101000000026],[-122.39914899999997,37.791017000000068],[-122.39925499999998,37.790997000000061],[-122.39950499999998,37.790805000000034],[-122.39989599999996,37.790493000000026],[-122.40015199999999,37.790290000000027],[-122.40134799999998,37.789348000000075],[-122.40137499999997,37.78926400000006],[-122.40147899999999,37.789244000000053],[-122.40152799999998,37.789205000000038],[-122.401749,37.789029000000028],[-122.40193899999997,37.788878000000068],[-122.40206599999999,37.788721000000066],[-122.40216999999996,37.788700000000063],[-122.40270199999998,37.788280000000043],[-122.40280699999994,37.788197000000025],[-122.40291399999995,37.788112000000069],[-122.40340299999997,37.78772500000008],[-122.40343099999996,37.787642000000062],[-122.40353499999998,37.787621000000058],[-122.40455599999996,37.786814000000049],[-122.40458299999995,37.786731000000032],[-122.40468799999996,37.786710000000028],[-122.40576699999997,37.785856000000024],[-122.40580299999999,37.785828000000038],[-122.40582299999994,37.785768000000076],[-122.40583099999998,37.785744000000079],[-122.40582199999994,37.78573700000004],[-122.40580699999998,37.78572500000007],[-122.40523599999995,37.785265000000038],[-122.40479499999998,37.78490800000003],[-122.40426699999995,37.784479000000033],[-122.40371199999998,37.784044000000051],[-122.40270799999996,37.783259000000044],[-122.40046799999999,37.785030000000063],[-122.39988699999998,37.784559000000058],[-122.39945999999998,37.784214000000077],[-122.39892999999995,37.78378500000008],[-122.39794299999994,37.782998000000077],[-122.39738599999998,37.782554000000061],[-122.39684099999999,37.78211900000008],[-122.39661299999995,37.781937000000028],[-122.39646099999999,37.781815000000051],[-122.39637999999997,37.781750000000045],[-122.39584299999996,37.781321000000048],[-122.39551799999998,37.781062000000077],[-122.39506499999999,37.780701000000079],[-122.39463099999995,37.780354000000045],[-122.39429999999999,37.78009000000003],[-122.39274999999998,37.778852000000029],[-122.39221099999997,37.779277000000036],[-122.39106499999997,37.780182000000025],[-122.39052699999996,37.780607000000032],[-122.38975399999998,37.781221000000073],[-122.38938999999999,37.781509000000028],[-122.38916799999998,37.781649000000073],[-122.38899599999996,37.78171100000003],[-122.38875799999994,37.781798000000038],[-122.38833999999997,37.781798000000038],[-122.38830599999994,37.781798000000038],[-122.38809599999996,37.781912000000034],[-122.38807499999996,37.782112000000041],[-122.38806999999997,37.782449000000042],[-122.38762799999995,37.782826000000057],[-122.38752499999998,37.782797000000073],[-122.38742099999996,37.782790000000034],[-122.38474799999995,37.782939000000056],[-122.38472999999999,37.782926000000032],[-122.38471199999998,37.782782000000054],[-122.38168099999996,37.783529000000044],[-122.38518099999999,37.791528000000028],[-122.38778099999996,37.795128000000034],[-122.38898099999994,37.796628000000055],[-122.39148699999998,37.793859000000054],[-122.39198199999998,37.793872000000079],[-122.39218099999999,37.793928000000051],[-122.39249899999999,37.793769000000054],[-122.39318099999997,37.793230000000051],[-122.39381899999995,37.793738000000076]]]},"properties":{"OBJECTID":48,"STATEFP10":"06","COUNTYFP10":"075","TRACTCE10":"061500","GEOID10":"06075061500","NAME10":"615","NAMELSAD10":"Census Tract 615","MTFCC10":"G5020","FUNCSTAT10":"S","ALAND10":1669699,"AWATER10":439739,"INTPTLAT10":"+37.7877258","INTPTLON10":"-122.3923886","OBJECTID_1":2531,"trctidfp10":"06075061500","stcou":"06075","pdenied":2.7864992618560791,"JOINID":"06075061500","STCOU_TXT":"06075","Shape_Length":0.066840174483142042,"Shape_Area":0.00021575873499994603}},{"type":"Feature","id":49,"geometry":{"type":"Polygon","coordinates":[[[-122.38903499999998,37.732919000000038],[-122.38848199999995,37.733534000000077],[-122.38790999999998,37.734170000000063],[-122.38739899999996,37.73473800000005],[-122.38738199999995,37.734823000000063],[-122.38717599999995,37.735662000000048],[-122.38725299999999,37.73575100000005],[-122.38852899999995,37.736475000000041],[-122.38865299999998,37.736483000000078],[-122.38809099999997,37.73710600000004],[-122.38752799999997,37.737731000000053],[-122.38696199999998,37.738359000000059],[-122.38639899999998,37.738983000000076],[-122.38583499999999,37.73960900000003],[-122.38528199999996,37.740240000000028],[-122.38714299999998,37.741297000000031],[-122.38655499999999,37.741950000000031],[-122.38660299999998,37.742068000000074],[-122.38770499999998,37.742697000000078],[-122.38792599999999,37.742703000000063],[-122.38800999999995,37.742645000000039],[-122.38823499999995,37.741977000000077],[-122.38819999999998,37.741889000000072],[-122.38830099999996,37.741814000000034],[-122.38850499999995,37.741235000000074],[-122.38847599999997,37.741108000000054],[-122.38857699999994,37.741033000000073],[-122.38878399999999,37.740444000000025],[-122.38875499999995,37.740317000000061],[-122.38885499999998,37.740243000000078],[-122.38896099999999,37.739940000000047],[-122.38905999999997,37.739660000000072],[-122.38903099999999,37.739533000000051],[-122.38913199999996,37.739459000000068],[-122.38933999999995,37.738869000000079],[-122.38930999999997,37.738742000000059],[-122.39126799999997,37.739853000000039],[-122.39183099999997,37.739228000000026],[-122.39192099999997,37.739128000000051],[-122.39239299999997,37.738603000000069],[-122.39296499999995,37.737961000000041],[-122.39352399999996,37.737351000000046],[-122.39409299999994,37.736729000000025],[-122.39511899999997,37.737314000000026],[-122.39594499999998,37.737784000000033],[-122.39623199999994,37.737468000000035],[-122.39651499999997,37.737156000000027],[-122.39568599999996,37.736686000000077],[-122.39492399999995,37.736255000000028],[-122.39466199999998,37.736107000000061],[-122.39277599999997,37.735038000000031],[-122.39333999999997,37.734413000000075],[-122.39390399999996,37.733788000000061],[-122.39152099999995,37.732432000000074],[-122.39153999999996,37.732581000000039],[-122.39134299999995,37.733144000000038],[-122.39124399999997,37.733223000000066],[-122.39126399999998,37.733370000000036],[-122.39115399999997,37.733686000000034],[-122.39106699999996,37.733933000000036],[-122.39096799999999,37.734014000000059],[-122.38903499999998,37.732919000000038]]]},"properties":{"OBJECTID":49,"STATEFP10":"06","COUNTYFP10":"075","TRACTCE10":"061200","GEOID10":"06075061200","NAME10":"612","NAMELSAD10":"Census Tract 612","MTFCC10":"G5020","FUNCSTAT10":"S","ALAND10":433004,"AWATER10":0,"INTPTLAT10":"+37.7370414","INTPTLON10":"-122.3901777","OBJECTID_1":2529,"trctidfp10":"06075061200","stcou":"06075","pdenied":1.3274335861206055,"JOINID":"06075061200","STCOU_TXT":"06075","Shape_Length":0.041329185946579708,"Shape_Area":4.4259372499815679e-05}},{"type":"Feature","id":50,"geometry":{"type":"Polygon","coordinates":[[[-122.40068099999996,37.796777000000077],[-122.40086299999996,37.79765400000008],[-122.40204099999994,37.797505000000058],[-122.40288699999996,37.797396000000049],[-122.40367599999996,37.797298000000069],[-122.40405799999996,37.797250000000076],[-122.40476999999998,37.797160000000076],[-122.40531799999997,37.797090000000026],[-122.40551299999998,37.797065000000032],[-122.40652699999998,37.796944000000053],[-122.40682799999996,37.796902000000046],[-122.40748099999996,37.796821000000079],[-122.40761999999995,37.796804000000066],[-122.40773299999995,37.796790000000044],[-122.40843099999995,37.796704000000034],[-122.40825299999995,37.795824000000039],[-122.40807899999999,37.794941000000051],[-122.40790299999998,37.794060000000059],[-122.40729399999998,37.794138000000032],[-122.40682099999998,37.794198000000051],[-122.40630499999997,37.794264000000055],[-122.40566299999995,37.794345000000078],[-122.40479599999998,37.794453000000033],[-122.40471099999996,37.794021000000043],[-122.40461299999998,37.793565000000058],[-122.40401599999996,37.793646000000024],[-122.40295699999996,37.793780000000027],[-122.40215999999998,37.793880000000058],[-122.40131499999995,37.793987000000072],[-122.40014899999994,37.794134000000042],[-122.40023899999994,37.794575000000066],[-122.40032899999994,37.79501300000004],[-122.40041299999996,37.795448000000079],[-122.40048599999994,37.79587500000008],[-122.40068099999996,37.796777000000077]]]},"properties":{"OBJECTID":50,"STATEFP10":"06","COUNTYFP10":"075","TRACTCE10":"061100","GEOID10":"06075061100","NAME10":"611","NAMELSAD10":"Census Tract 611","MTFCC10":"G5020","FUNCSTAT10":"S","ALAND10":239862,"AWATER10":0,"INTPTLAT10":"+37.7955998","INTPTLON10":"-122.4040647","OBJECTID_1":2528,"trctidfp10":"06075061100","stcou":"06075","pdenied":6.8181819915771484,"JOINID":"06075061100","STCOU_TXT":"06075","Shape_Length":0.022454252483638464,"Shape_Area":2.4536677000127098e-05}},{"type":"Feature","id":51,"geometry":{"type":"Polygon","coordinates":[[[-122.49490299999997,37.772081000000071],[-122.49503899999996,37.773947000000078],[-122.49517499999996,37.775813000000028],[-122.49625899999995,37.775764000000038],[-122.49731899999995,37.775715000000048],[-122.49745499999995,37.77757900000006],[-122.49637899999999,37.77762800000005],[-122.49530999999996,37.77767700000004],[-122.49423999999999,37.777725000000032],[-122.49316799999997,37.777774000000079],[-122.49329699999998,37.779688000000078],[-122.49331399999994,37.779822000000024],[-122.49344599999995,37.781627000000071],[-122.49451999999997,37.781577000000027],[-122.49559099999999,37.78152700000004],[-122.49665999999996,37.781477000000052],[-122.49880099999996,37.781377000000077],[-122.49876999999998,37.780943000000036],[-122.49873999999994,37.780529000000058],[-122.49871399999995,37.780167000000063],[-122.49866499999996,37.779455000000041],[-122.49852099999998,37.777531000000067],[-122.49838599999998,37.775667000000055],[-122.49824999999998,37.773800000000051],[-122.49811399999999,37.771934000000044],[-122.49704699999995,37.771983000000034],[-122.49597199999999,37.772032000000024],[-122.49490299999997,37.772081000000071]]]},"properties":{"OBJECTID":51,"STATEFP10":"06","COUNTYFP10":"075","TRACTCE10":"047802","GEOID10":"06075047802","NAME10":"478.02","NAMELSAD10":"Census Tract 478.02","MTFCC10":"G5020","FUNCSTAT10":"S","ALAND10":339465,"AWATER10":0,"INTPTLAT10":"+37.7792040","INTPTLON10":"-122.4973930","OBJECTID_1":2520,"trctidfp10":"06075047802","stcou":"06075","pdenied":2.8625953197479248,"JOINID":"06075047802","STCOU_TXT":"06075","Shape_Length":0.033954925378311823,"Shape_Area":3.4716578000187891e-05}},{"type":"Feature","id":52,"geometry":{"type":"Polygon","coordinates":[[[-122.48860599999995,37.774241000000075],[-122.48874099999995,37.776107000000025],[-122.48887599999995,37.777972000000034],[-122.48901299999994,37.779891000000077],[-122.48913799999997,37.779957000000024],[-122.48995299999996,37.779919000000064],[-122.49009699999999,37.779840000000036],[-122.49023199999999,37.779911000000027],[-122.49107999999995,37.779876000000058],[-122.49116699999996,37.779795000000036],[-122.49128599999995,37.779854000000057],[-122.49210899999997,37.779828000000066],[-122.49223199999994,37.779747000000043],[-122.49237199999999,37.779814000000044],[-122.49314999999996,37.779777000000024],[-122.49329699999998,37.779688000000078],[-122.49316799999997,37.777774000000079],[-122.49423999999999,37.777725000000032],[-122.49530999999996,37.77767700000004],[-122.49637899999999,37.77762800000005],[-122.49745499999995,37.77757900000006],[-122.49731899999995,37.775715000000048],[-122.49625899999995,37.775764000000038],[-122.49517499999996,37.775813000000028],[-122.49503899999996,37.773947000000078],[-122.49490299999997,37.772081000000071],[-122.49383199999994,37.772130000000061],[-122.49276099999997,37.772179000000051],[-122.49168799999995,37.772227000000044],[-122.49061699999999,37.772276000000033],[-122.48953899999998,37.77232500000008],[-122.48847099999995,37.77237400000007],[-122.48860599999995,37.774241000000075]]]},"properties":{"OBJECTID":52,"STATEFP10":"06","COUNTYFP10":"075","TRACTCE10":"047801","GEOID10":"06075047801","NAME10":"478.01","NAMELSAD10":"Census Tract 478.01","MTFCC10":"G5020","FUNCSTAT10":"S","ALAND10":475941,"AWATER10":0,"INTPTLAT10":"+37.7758371","INTPTLON10":"-122.4921143","OBJECTID_1":2519,"trctidfp10":"06075047801","stcou":"06075","pdenied":0.89686101675033569,"JOINID":"06075047801","STCOU_TXT":"06075","Shape_Length":0.032393101294180084,"Shape_Area":4.8673208000066823e-05}},{"type":"Feature","id":53,"geometry":{"type":"Polygon","coordinates":[[[-122.47245099999998,37.782579000000055],[-122.47238699999997,37.782674000000043],[-122.47251299999999,37.784373000000073],[-122.47258599999998,37.784449000000052],[-122.47252499999996,37.784560000000056],[-122.47259599999995,37.785492000000033],[-122.47259699999995,37.786090000000058],[-122.47257899999994,37.786208000000045],[-122.47262599999999,37.786315000000059],[-122.47325499999999,37.78628800000007],[-122.47438299999999,37.786238000000026],[-122.47550399999994,37.786181000000056],[-122.47657499999997,37.786128000000076],[-122.47764399999994,37.786080000000027],[-122.47871399999997,37.786031000000037],[-122.47857899999997,37.784174000000064],[-122.47844399999997,37.782308000000057],[-122.47830499999998,37.780381000000034],[-122.47818899999999,37.78045000000003],[-122.47735399999999,37.780499000000077],[-122.47723999999999,37.780440000000056],[-122.47711399999997,37.780505000000062],[-122.47630699999996,37.780546000000072],[-122.47616899999997,37.780476000000078],[-122.47604099999995,37.780559000000039],[-122.47520299999996,37.78059600000006],[-122.47508399999998,37.780529000000058],[-122.47497599999997,37.780609000000027],[-122.47410499999995,37.780644000000052],[-122.47398199999998,37.780575000000056],[-122.47385699999995,37.780651000000034],[-122.47294499999998,37.78069400000004],[-122.47284399999995,37.780631000000028],[-122.47274299999998,37.780714000000046],[-122.47247099999998,37.780726000000072],[-122.47231199999999,37.780656000000079],[-122.47225399999996,37.78082900000004],[-122.47237499999994,37.782504000000074],[-122.47245099999998,37.782579000000055]]]},"properties":{"OBJECTID":53,"STATEFP10":"06","COUNTYFP10":"075","TRACTCE10":"042602","GEOID10":"06075042602","NAME10":"426.02","NAMELSAD10":"Census Tract 426.02","MTFCC10":"G5020","FUNCSTAT10":"S","ALAND10":332541,"AWATER10":0,"INTPTLAT10":"+37.7833793","INTPTLON10":"-122.4754787","OBJECTID_1":2511,"trctidfp10":"06075042602","stcou":"06075","pdenied":1.6348773241043091,"JOINID":"06075042602","STCOU_TXT":"06075","Shape_Length":0.023781678571353253,"Shape_Area":3.4011230500024432e-05}},{"type":"Feature","id":54,"geometry":{"type":"Polygon","coordinates":[[[-122.48300499999999,37.785835000000077],[-122.48407999999995,37.785795000000064],[-122.48393599999997,37.783931000000052],[-122.48380399999996,37.782077000000072],[-122.48366199999998,37.780143000000066],[-122.48353099999997,37.780220000000043],[-122.48271099999999,37.78025000000008],[-122.48259199999995,37.780189000000064],[-122.48248599999999,37.780260000000055],[-122.48164599999996,37.78029900000007],[-122.48151599999994,37.780226000000027],[-122.48139299999997,37.78030700000005],[-122.48057499999999,37.780349000000058],[-122.48045099999996,37.780280000000062],[-122.48032499999999,37.780366000000072],[-122.47949499999999,37.780398000000048],[-122.47938299999998,37.780335000000036],[-122.47925499999997,37.780412000000069],[-122.47841399999999,37.78044600000004],[-122.47830499999998,37.780381000000034],[-122.47844399999997,37.782308000000057],[-122.47857899999997,37.784174000000064],[-122.47871399999997,37.786031000000037],[-122.47978599999999,37.785983000000044],[-122.48085999999995,37.785934000000054],[-122.48192899999998,37.785884000000067],[-122.48300499999999,37.785835000000077]]]},"properties":{"OBJECTID":54,"STATEFP10":"06","COUNTYFP10":"075","TRACTCE10":"042601","GEOID10":"06075042601","NAME10":"426.01","NAMELSAD10":"Census Tract 426.01","MTFCC10":"G5020","FUNCSTAT10":"S","ALAND10":293739,"AWATER10":0,"INTPTLAT10":"+37.7831165","INTPTLON10":"-122.4811913","OBJECTID_1":2510,"trctidfp10":"06075042601","stcou":"06075","pdenied":1.388888955116272,"JOINID":"06075042601","STCOU_TXT":"06075","Shape_Length":0.022265163460469622,"Shape_Area":3.0042583999985599e-05}},{"type":"Feature","id":55,"geometry":{"type":"Polygon","coordinates":[[[-122.48238099999998,37.721959000000027],[-122.48249199999998,37.722001000000034],[-122.48334999999997,37.722738000000049],[-122.48341199999999,37.722945000000038],[-122.48362099999997,37.723024000000066],[-122.48371299999997,37.723099000000047],[-122.48373999999995,37.723153000000025],[-122.48481799999996,37.724049000000036],[-122.48507499999999,37.724000000000046],[-122.48512699999998,37.723948000000064],[-122.48512199999999,37.723166000000049],[-122.48514299999999,37.722904000000028],[-122.48512899999997,37.718625000000031],[-122.48507699999999,37.718574000000046],[-122.48477799999995,37.718571000000054],[-122.48463099999998,37.718566000000067],[-122.48314299999998,37.718517000000077],[-122.48315899999994,37.718271000000072],[-122.48317999999995,37.717952000000025],[-122.48320499999994,37.717585000000042],[-122.48154299999999,37.717531000000065],[-122.48071599999997,37.717504000000076],[-122.48053499999997,37.717425000000048],[-122.47998099999995,37.716942000000074],[-122.47867399999996,37.717903000000035],[-122.47844499999997,37.717697000000044],[-122.47811299999995,37.71748400000007],[-122.47772199999997,37.717411000000027],[-122.47737699999999,37.717553000000066],[-122.47730899999999,37.717630000000042],[-122.47719699999999,37.717683000000079],[-122.47598199999999,37.716943000000072],[-122.47591799999998,37.716788000000065],[-122.47535399999998,37.717368000000079],[-122.47525299999995,37.717415000000074],[-122.47438299999999,37.717507000000069],[-122.47443899999996,37.717849000000058],[-122.47448399999996,37.718119000000058],[-122.47453699999994,37.718436000000054],[-122.47459599999996,37.718794000000059],[-122.47486299999997,37.719036000000074],[-122.47465599999998,37.71915400000006],[-122.47452799999996,37.719065000000057],[-122.47484999999995,37.719399000000067],[-122.47489699999994,37.719448000000057],[-122.47516799999994,37.719767000000047],[-122.47522699999996,37.719836000000043],[-122.47534199999996,37.720273000000077],[-122.47522499999997,37.720443000000046],[-122.47534199999996,37.720549000000062],[-122.47534199999996,37.720866000000058],[-122.47522199999997,37.72105700000003],[-122.47540099999998,37.720887000000062],[-122.47572399999996,37.720792000000074],[-122.47601999999995,37.720746000000076],[-122.47606999999999,37.720780000000047],[-122.47616299999999,37.72074200000003],[-122.47702099999998,37.720773000000065],[-122.47887599999996,37.720839000000069],[-122.47898599999996,37.720884000000069],[-122.47902999999997,37.720147000000054],[-122.47911399999998,37.72004000000004],[-122.47975399999996,37.719573000000025],[-122.47982699999994,37.719729000000029],[-122.48082899999997,37.72059500000006],[-122.48105799999996,37.720703000000071],[-122.48113999999998,37.720863000000065],[-122.48211099999997,37.72170200000005],[-122.48230599999999,37.721785000000068],[-122.48238099999998,37.721959000000027]]]},"properties":{"OBJECTID":55,"STATEFP10":"06","COUNTYFP10":"075","TRACTCE10":"033204","GEOID10":"06075033204","NAME10":"332.04","NAMELSAD10":"Census Tract 332.04","MTFCC10":"G5020","FUNCSTAT10":"S","ALAND10":373362,"AWATER10":0,"INTPTLAT10":"+37.7196259","INTPTLON10":"-122.4804118","OBJECTID_1":2501,"trctidfp10":"06075033204","stcou":"06075","pdenied":0,"JOINID":"06075033204","STCOU_TXT":"06075","Shape_Length":0.035618913411823987,"Shape_Area":3.8154211499995571e-05}},{"type":"Feature","id":56,"geometry":{"type":"Polygon","coordinates":[[[-122.47135499999996,37.712802000000067],[-122.47147199999995,37.713427000000024],[-122.47159799999997,37.713849000000039],[-122.47163899999998,37.713986000000034],[-122.47171099999997,37.714229000000046],[-122.47183599999994,37.71464700000007],[-122.47237499999994,37.716123000000039],[-122.47254199999998,37.716631000000064],[-122.47263299999997,37.716908000000046],[-122.47257199999996,37.717174000000057],[-122.47284399999995,37.717312000000049],[-122.47452799999996,37.719065000000057],[-122.47465599999998,37.71915400000006],[-122.47486299999997,37.719036000000074],[-122.47459599999996,37.718794000000059],[-122.47453699999994,37.718436000000054],[-122.47448399999996,37.718119000000058],[-122.47443899999996,37.717849000000058],[-122.47438299999999,37.717507000000069],[-122.47525299999995,37.717415000000074],[-122.47535399999998,37.717368000000079],[-122.47591799999998,37.716788000000065],[-122.47598199999999,37.716943000000072],[-122.47719699999999,37.717683000000079],[-122.47730899999999,37.717630000000042],[-122.47737699999999,37.717553000000066],[-122.47772199999997,37.717411000000027],[-122.47811299999995,37.71748400000007],[-122.47844499999997,37.717697000000044],[-122.47867399999996,37.717903000000035],[-122.47998099999995,37.716942000000074],[-122.48053499999997,37.717425000000048],[-122.48071599999997,37.717504000000076],[-122.48154299999999,37.717531000000065],[-122.48320499999994,37.717585000000042],[-122.48317999999995,37.717952000000025],[-122.48315899999994,37.718271000000072],[-122.48314299999998,37.718517000000077],[-122.48463099999998,37.718566000000067],[-122.48477799999995,37.718571000000054],[-122.48507699999999,37.718574000000046],[-122.48512899999997,37.718534000000034],[-122.48512799999997,37.718361000000073],[-122.48507599999999,37.718328000000042],[-122.48512799999997,37.718277000000057],[-122.48512699999998,37.718056000000047],[-122.48521099999999,37.716209000000049],[-122.48527599999994,37.714792000000045],[-122.48522899999995,37.714695000000063],[-122.48504299999996,37.714754000000028],[-122.48182199999997,37.714658000000043],[-122.48039099999994,37.714600000000075],[-122.48030199999999,37.714540000000056],[-122.48020499999996,37.714592000000039],[-122.47996099999995,37.714591000000041],[-122.47888599999999,37.714567000000045],[-122.47701599999999,37.714593000000036],[-122.47662399999996,37.714567000000045],[-122.47629299999994,37.714499000000046],[-122.47590699999995,37.714398000000074],[-122.47553699999997,37.714247000000057],[-122.47547499999996,37.714157000000057],[-122.47534199999996,37.714160000000049],[-122.47396399999997,37.713446000000033],[-122.47339099999999,37.713233000000059],[-122.47282099999995,37.713020000000029],[-122.472737,37.712927000000036],[-122.47258399999998,37.71293200000008],[-122.47237099999995,37.712868000000071],[-122.47226899999998,37.712838000000033],[-122.47186899999997,37.71279700000008],[-122.47135499999996,37.712802000000067]]]},"properties":{"OBJECTID":56,"STATEFP10":"06","COUNTYFP10":"075","TRACTCE10":"033203","GEOID10":"06075033203","NAME10":"332.03","NAMELSAD10":"Census Tract 332.03","MTFCC10":"G5020","FUNCSTAT10":"S","ALAND10":438008,"AWATER10":0,"INTPTLAT10":"+37.7159256","INTPTLON10":"-122.4782503","OBJECTID_1":2500,"trctidfp10":"06075033203","stcou":"06075","pdenied":3.6144576072692871,"JOINID":"06075033203","STCOU_TXT":"06075","Shape_Length":0.040666516458023307,"Shape_Area":4.4758275000288641e-05}},{"type":"Feature","id":57,"geometry":{"type":"Polygon","coordinates":[[[-122.48598799999996,37.751951000000076],[-122.48611799999998,37.753815000000031],[-122.48624799999999,37.755683000000033],[-122.48731599999996,37.755635000000041],[-122.48838599999999,37.755588000000046],[-122.48945899999995,37.755541000000051],[-122.49053399999997,37.755493000000058],[-122.49160499999999,37.755446000000063],[-122.49267499999996,37.755398000000071],[-122.49375099999997,37.755351000000076],[-122.49481999999995,37.755301000000031],[-122.49535799999995,37.755276000000038],[-122.49543199999999,37.75521400000008],[-122.49531499999995,37.753541000000041],[-122.49522699999994,37.753414000000078],[-122.49529699999999,37.753283000000067],[-122.49518399999999,37.751651000000038],[-122.49509799999998,37.751545000000078],[-122.49516799999998,37.751431000000025],[-122.49505299999998,37.749786000000029],[-122.49496899999997,37.749684000000059],[-122.49442699999997,37.74970600000006],[-122.49335799999994,37.749753000000055],[-122.49228499999998,37.749801000000048],[-122.49121199999996,37.749848000000043],[-122.49013899999994,37.749895000000038],[-122.48906599999998,37.74994300000003],[-122.48799599999995,37.749990000000025],[-122.48692299999999,37.750037000000077],[-122.48585699999995,37.75008500000007],[-122.48598799999996,37.751951000000076]]]},"properties":{"OBJECTID":57,"STATEFP10":"06","COUNTYFP10":"075","TRACTCE10":"032902","GEOID10":"06075032902","NAME10":"329.02","NAMELSAD10":"Census Tract 329.02","MTFCC10":"G5020","FUNCSTAT10":"S","ALAND10":504364,"AWATER10":0,"INTPTLAT10":"+37.7526805","INTPTLON10":"-122.4906443","OBJECTID_1":2496,"trctidfp10":"06075032902","stcou":"06075","pdenied":0.94899171590805054,"JOINID":"06075032902","STCOU_TXT":"06075","Shape_Length":0.029615552338471119,"Shape_Area":5.1563935000112037e-05}},{"type":"Feature","id":58,"geometry":{"type":"Polygon","coordinates":[[[-122.48546599999997,37.744493000000034],[-122.48559699999998,37.746354000000053],[-122.48572699999994,37.74822000000006],[-122.48585699999995,37.75008500000007],[-122.48692299999999,37.750037000000077],[-122.48799599999995,37.749990000000025],[-122.48906599999998,37.74994300000003],[-122.49013899999994,37.749895000000038],[-122.49121199999996,37.749848000000043],[-122.49228499999998,37.749801000000048],[-122.49335799999994,37.749753000000055],[-122.49442699999997,37.74970600000006],[-122.49496899999997,37.749684000000059],[-122.49503499999997,37.749574000000052],[-122.49492299999997,37.747923000000071],[-122.49483699999996,37.747817000000055],[-122.49490399999996,37.747704000000056],[-122.49478999999997,37.746058000000062],[-122.49470599999995,37.745952000000045],[-122.49477199999995,37.745878000000062],[-122.49465499999997,37.74419800000004],[-122.49457399999994,37.74409200000008],[-122.49463899999995,37.743979000000024],[-122.49452399999996,37.742331000000036],[-122.49444299999999,37.742225000000076],[-122.49390699999998,37.742249000000072],[-122.49283699999995,37.742296000000067],[-122.49176799999998,37.742343000000062],[-122.49069199999997,37.742390000000057],[-122.48961999999995,37.742437000000052],[-122.48854699999998,37.742485000000045],[-122.48747599999996,37.74253200000004],[-122.48640799999998,37.742579000000035],[-122.48533499999996,37.74262600000003],[-122.48546599999997,37.744493000000034]]]},"properties":{"OBJECTID":58,"STATEFP10":"06","COUNTYFP10":"075","TRACTCE10":"032901","GEOID10":"06075032901","NAME10":"329.01","NAMELSAD10":"Census Tract 329.01","MTFCC10":"G5020","FUNCSTAT10":"S","ALAND10":671724,"AWATER10":0,"INTPTLAT10":"+37.7461534","INTPTLON10":"-122.4901861","OBJECTID_1":2495,"trctidfp10":"06075032901","stcou":"06075","pdenied":0.86124402284622192,"JOINID":"06075032901","STCOU_TXT":"06075","Shape_Length":0.033383431136795802,"Shape_Area":6.8668049499944454e-05}},{"type":"Feature","id":59,"geometry":{"type":"Polygon","coordinates":[[[-122.47713299999998,37.756085000000041],[-122.47767999999996,37.756061000000045],[-122.47874399999995,37.75601400000005],[-122.47981699999997,37.755966000000058],[-122.48088999999999,37.755919000000063],[-122.48195999999996,37.755872000000068],[-122.48303399999998,37.755824000000075],[-122.48410399999995,37.75577700000008],[-122.48517599999997,37.755730000000028],[-122.48624799999999,37.755683000000033],[-122.48611799999998,37.753815000000031],[-122.48598799999996,37.751951000000076],[-122.48585699999995,37.75008500000007],[-122.48572699999994,37.74822000000006],[-122.48465399999998,37.748267000000055],[-122.48358199999996,37.748315000000048],[-122.48251399999998,37.748362000000043],[-122.48143999999996,37.748409000000038],[-122.48036799999994,37.748456000000033],[-122.47929599999998,37.748504000000025],[-122.47942599999999,37.750368000000037],[-122.47835399999997,37.75041600000003],[-122.47728299999994,37.750463000000025],[-122.47616299999999,37.750512000000072],[-122.47622899999999,37.750622000000078],[-122.47634299999999,37.752263000000028],[-122.47629199999994,37.752379000000076],[-122.47636399999999,37.752484000000038],[-122.47647999999998,37.754129000000034],[-122.47642399999995,37.754242000000033],[-122.47649499999994,37.754349000000047],[-122.47661399999998,37.756046000000026],[-122.47655399999996,37.756110000000035],[-122.47713299999998,37.756085000000041]]]},"properties":{"OBJECTID":59,"STATEFP10":"06","COUNTYFP10":"075","TRACTCE10":"032802","GEOID10":"06075032802","NAME10":"328.02","NAMELSAD10":"Census Tract 328.02","MTFCC10":"G5020","FUNCSTAT10":"S","ALAND10":549701,"AWATER10":97204,"INTPTLAT10":"+37.7530955","INTPTLON10":"-122.4812305","OBJECTID_1":2494,"trctidfp10":"06075032802","stcou":"06075","pdenied":1.0062892436981201,"JOINID":"06075032802","STCOU_TXT":"06075","Shape_Length":0.034476310949422849,"Shape_Area":6.6136417000031109e-05}},{"type":"Feature","id":60,"geometry":{"type":"Polygon","coordinates":[[[-122.47564399999999,37.743052000000034],[-122.47570999999999,37.74317300000007],[-122.47582399999999,37.74480600000004],[-122.47577299999995,37.744919000000039],[-122.47583899999995,37.745026000000053],[-122.47595399999994,37.746670000000051],[-122.47590199999996,37.746782000000053],[-122.47597299999995,37.746889000000067],[-122.47608699999995,37.748537000000056],[-122.47603299999997,37.74864800000006],[-122.47610199999997,37.748755000000074],[-122.47621599999997,37.750399000000073],[-122.47616299999999,37.750512000000072],[-122.47728299999994,37.750463000000025],[-122.47835399999997,37.75041600000003],[-122.47942599999999,37.750368000000037],[-122.47929599999998,37.748504000000025],[-122.48036799999994,37.748456000000033],[-122.48143999999996,37.748409000000038],[-122.48251399999998,37.748362000000043],[-122.48358199999996,37.748315000000048],[-122.48465399999998,37.748267000000055],[-122.48572699999994,37.74822000000006],[-122.48559699999998,37.746354000000053],[-122.48546599999997,37.744493000000034],[-122.48533499999996,37.74262600000003],[-122.48426399999994,37.742673000000025],[-122.48319199999997,37.742720000000077],[-122.48212199999995,37.742767000000072],[-122.48104999999998,37.742814000000067],[-122.47997799999996,37.742862000000059],[-122.47890499999994,37.742909000000054],[-122.47783599999997,37.742956000000049],[-122.47676499999994,37.743003000000044],[-122.47564399999999,37.743052000000034]]]},"properties":{"OBJECTID":60,"STATEFP10":"06","COUNTYFP10":"075","TRACTCE10":"032801","GEOID10":"06075032801","NAME10":"328.01","NAMELSAD10":"Census Tract 328.01","MTFCC10":"G5020","FUNCSTAT10":"S","ALAND10":587710,"AWATER10":0,"INTPTLAT10":"+37.7460215","INTPTLON10":"-122.4804177","OBJECTID_1":2493,"trctidfp10":"06075032801","stcou":"06075","pdenied":0.84269660711288452,"JOINID":"06075032801","STCOU_TXT":"06075","Shape_Length":0.034479915462213358,"Shape_Area":6.0079563499960281e-05}},{"type":"Feature","id":61,"geometry":{"type":"Polygon","coordinates":[[[-122.47655399999996,37.756110000000035],[-122.47662899999995,37.756172000000049],[-122.47674999999998,37.757904000000053],[-122.47668399999998,37.75796900000006],[-122.47676599999994,37.758080000000064],[-122.47688099999999,37.759722000000068],[-122.47681399999999,37.759834000000069],[-122.47793699999994,37.759784000000025],[-122.47858899999994,37.759755000000041],[-122.47900499999997,37.75973700000003],[-122.48007599999994,37.759690000000035],[-122.48114799999996,37.75964300000004],[-122.48222099999998,37.759596000000045],[-122.48329199999995,37.75954900000005],[-122.48436499999997,37.759501000000057],[-122.48449599999998,37.761370000000056],[-122.48462699999999,37.763231000000076],[-122.48475899999994,37.765117000000032],[-122.48485499999998,37.76515900000004],[-122.48572499999995,37.765120000000024],[-122.48583099999996,37.76506900000004],[-122.48595399999999,37.76511000000005],[-122.48676899999998,37.765072000000032],[-122.48690199999999,37.765019000000052],[-122.48676999999998,37.763137000000029],[-122.48663999999997,37.761276000000066],[-122.48651199999995,37.759407000000067],[-122.48638199999999,37.757542000000058],[-122.48624799999999,37.755683000000033],[-122.48517599999997,37.755730000000028],[-122.48410399999995,37.75577700000008],[-122.48303399999998,37.755824000000075],[-122.48195999999996,37.755872000000068],[-122.48088999999999,37.755919000000063],[-122.47981699999997,37.755966000000058],[-122.47874399999995,37.75601400000005],[-122.47767999999996,37.756061000000045],[-122.47713299999998,37.756085000000041],[-122.47655399999996,37.756110000000035]]]},"properties":{"OBJECTID":61,"STATEFP10":"06","COUNTYFP10":"075","TRACTCE10":"032602","GEOID10":"06075032602","NAME10":"326.02","NAMELSAD10":"Census Tract 326.02","MTFCC10":"G5020","FUNCSTAT10":"S","ALAND10":470713,"AWATER10":0,"INTPTLAT10":"+37.7589003","INTPTLON10":"-122.4825954","OBJECTID_1":2491,"trctidfp10":"06075032602","stcou":"06075","pdenied":0.79051387310028076,"JOINID":"06075032602","STCOU_TXT":"06075","Shape_Length":0.03827312947280001,"Shape_Area":4.8127439499891364e-05}},{"type":"Feature","id":62,"geometry":{"type":"Polygon","coordinates":[[[-122.47858899999994,37.759755000000041],[-122.47793699999994,37.759784000000025],[-122.47681399999999,37.759834000000069],[-122.47674799999999,37.759953000000053],[-122.47692499999999,37.761584000000028],[-122.47701099999995,37.761699000000078],[-122.47696399999995,37.76181100000008],[-122.47710099999995,37.763455000000079],[-122.47717399999999,37.763559000000043],[-122.47712099999995,37.763675000000035],[-122.47724099999999,37.765321000000029],[-122.47730799999999,37.765448000000049],[-122.47748899999999,37.765486000000067],[-122.47820299999995,37.765452000000039],[-122.47832499999998,37.765399000000059],[-122.47834699999999,37.765436000000079],[-122.47926799999999,37.765395000000069],[-122.47939799999995,37.765351000000067],[-122.47951999999998,37.76538000000005],[-122.48034899999999,37.765345000000025],[-122.48046899999997,37.765306000000066],[-122.48059499999999,37.765338000000042],[-122.48141199999998,37.765303000000074],[-122.48154099999999,37.765260000000069],[-122.48165099999994,37.76529400000004],[-122.48248599999999,37.765255000000025],[-122.48261499999995,37.765210000000025],[-122.48273999999998,37.765244000000052],[-122.48351499999995,37.76520800000003],[-122.48368499999998,37.765160000000037],[-122.48380399999996,37.765202000000045],[-122.48464099999995,37.765168000000074],[-122.48475899999994,37.765117000000032],[-122.48462699999999,37.763231000000076],[-122.48449599999998,37.761370000000056],[-122.48436499999997,37.759501000000057],[-122.48329199999995,37.75954900000005],[-122.48222099999998,37.759596000000045],[-122.48114799999996,37.75964300000004],[-122.48007599999994,37.759690000000035],[-122.47900499999997,37.75973700000003],[-122.47858899999994,37.759755000000041]]]},"properties":{"OBJECTID":62,"STATEFP10":"06","COUNTYFP10":"075","TRACTCE10":"032601","GEOID10":"06075032601","NAME10":"326.01","NAMELSAD10":"Census Tract 326.01","MTFCC10":"G5020","FUNCSTAT10":"S","ALAND10":417958,"AWATER10":0,"INTPTLAT10":"+37.7624848","INTPTLON10":"-122.4807924","OBJECTID_1":2490,"trctidfp10":"06075032601","stcou":"06075","pdenied":1.5717092752456665,"JOINID":"06075032601","STCOU_TXT":"06075","Shape_Length":0.026490256010496732,"Shape_Area":4.2735732500080059e-05}},{"type":"Feature","id":63,"geometry":{"type":"Polygon","coordinates":[[[-122.46493899999996,37.710436000000072],[-122.46476699999999,37.71048200000007],[-122.46437199999997,37.710526000000073],[-122.46417599999995,37.710548000000074],[-122.46347499999996,37.710556000000054],[-122.46256099999999,37.710567000000026],[-122.46234699999997,37.710570000000075],[-122.46115999999995,37.71058400000004],[-122.46085799999997,37.710586000000035],[-122.46102899999994,37.710665000000063],[-122.46132299999999,37.710793000000024],[-122.46190099999995,37.710974000000078],[-122.46236199999998,37.711175000000026],[-122.46254599999997,37.711171000000036],[-122.46256999999997,37.711370000000045],[-122.46258099999994,37.712274000000036],[-122.46258099999994,37.712523000000033],[-122.46256899999997,37.713150000000041],[-122.46255499999995,37.71390400000007],[-122.46258899999998,37.714030000000037],[-122.46260199999995,37.714308000000074],[-122.46260799999999,37.71488400000004],[-122.46261499999997,37.715619000000061],[-122.46261999999996,37.716144000000043],[-122.46262499999995,37.716571000000044],[-122.46263299999998,37.717421000000058],[-122.46263999999996,37.717936000000066],[-122.46354199999996,37.717930000000024],[-122.46443999999997,37.717924000000039],[-122.46534199999996,37.717918000000054],[-122.46623499999998,37.717912000000069],[-122.46713699999998,37.717906000000028],[-122.46803599999998,37.717900000000043],[-122.46801699999997,37.716103000000032],[-122.46891899999997,37.716098000000045],[-122.46981799999998,37.716093000000058],[-122.47071399999999,37.716089000000068],[-122.47145699999999,37.716085000000078],[-122.47157199999998,37.716126000000031],[-122.47252299999997,37.717123000000072],[-122.47257199999996,37.717174000000057],[-122.47263299999997,37.716908000000046],[-122.47254199999998,37.716631000000064],[-122.47237499999994,37.716123000000039],[-122.47183599999994,37.71464700000007],[-122.47171099999997,37.714229000000046],[-122.47163899999998,37.713986000000034],[-122.47159799999997,37.713849000000039],[-122.47147199999995,37.713427000000024],[-122.47135499999996,37.712802000000067],[-122.47133699999995,37.712689000000069],[-122.47131099999996,37.71247500000004],[-122.47125499999999,37.711831000000075],[-122.47125199999999,37.711592000000053],[-122.47123899999997,37.710648000000049],[-122.47122499999995,37.70965700000005],[-122.47121499999997,37.708939000000044],[-122.47126799999995,37.708656000000076],[-122.47127699999999,37.708609000000024],[-122.47131899999999,37.708305000000053],[-122.47107699999998,37.708264000000042],[-122.47100099999994,37.708252000000073],[-122.47088299999996,37.708232000000066],[-122.46923599999997,37.708232000000066],[-122.46905699999996,37.708232000000066],[-122.46893899999998,37.708232000000066],[-122.46847399999996,37.70868500000006],[-122.46815599999996,37.708936000000051],[-122.46771799999999,37.70928200000003],[-122.46720999999997,37.70960400000007],[-122.46716199999997,37.709634000000051],[-122.46679199999994,37.709826000000078],[-122.46620299999995,37.710068000000035],[-122.46599399999997,37.710154000000045],[-122.46493899999996,37.710436000000072]]]},"properties":{"OBJECTID":63,"STATEFP10":"06","COUNTYFP10":"075","TRACTCE10":"031302","GEOID10":"06075031302","NAME10":"313.02","NAMELSAD10":"Census Tract 313.02","MTFCC10":"G5020","FUNCSTAT10":"S","ALAND10":684760,"AWATER10":0,"INTPTLAT10":"+37.7133955","INTPTLON10":"-122.4670970","OBJECTID_1":2488,"trctidfp10":"06075031302","stcou":"06075","pdenied":0.61940813064575195,"JOINID":"06075031302","STCOU_TXT":"06075","Shape_Length":0.040987474000945823,"Shape_Area":6.9969991999903209e-05}},{"type":"Feature","id":64,"geometry":{"type":"Polygon","coordinates":[[[-122.47071399999999,37.716089000000068],[-122.46981799999998,37.716093000000058],[-122.46891899999997,37.716098000000045],[-122.46801699999997,37.716103000000032],[-122.46803599999998,37.717900000000043],[-122.46713699999998,37.717906000000028],[-122.46623499999998,37.717912000000069],[-122.46534199999996,37.717918000000054],[-122.46443999999997,37.717924000000039],[-122.46354199999996,37.717930000000024],[-122.46263999999996,37.717936000000066],[-122.46263899999997,37.718211000000053],[-122.46224499999994,37.718220000000031],[-122.46224499999994,37.718768000000068],[-122.46226199999995,37.719929000000036],[-122.46225399999997,37.720009000000061],[-122.46226499999995,37.721695000000068],[-122.46268299999997,37.721692000000075],[-122.46358199999997,37.721686000000034],[-122.46448399999997,37.721680000000049],[-122.46539099999995,37.721674000000064],[-122.46556399999997,37.721673000000067],[-122.46627799999999,37.721668000000079],[-122.46658799999994,37.721666000000027],[-122.46718499999997,37.721662000000038],[-122.46761499999997,37.721659000000045],[-122.46807599999994,37.721656000000053],[-122.46865999999994,37.721652000000063],[-122.46897399999995,37.721650000000068],[-122.46973999999994,37.721644000000026],[-122.46987699999994,37.721643000000029],[-122.47077899999999,37.721637000000044],[-122.47167399999995,37.721631000000059],[-122.47175999999996,37.721671000000072],[-122.47198299999997,37.72166100000004],[-122.47232199999996,37.721624000000077],[-122.47244899999998,37.721453000000054],[-122.47254699999996,37.719640000000027],[-122.47260399999999,37.718577000000039],[-122.47262999999998,37.718097000000057],[-122.47264399999995,37.717853000000048],[-122.47265199999998,37.717698000000041],[-122.47265499999997,37.71750000000003],[-122.47257199999996,37.717174000000057],[-122.47252299999997,37.717123000000072],[-122.47157199999998,37.716126000000031],[-122.47145699999999,37.716085000000078],[-122.47071399999999,37.716089000000068]]]},"properties":{"OBJECTID":64,"STATEFP10":"06","COUNTYFP10":"075","TRACTCE10":"031301","GEOID10":"06075031301","NAME10":"313.01","NAMELSAD10":"Census Tract 313.01","MTFCC10":"G5020","FUNCSTAT10":"S","ALAND10":451685,"AWATER10":0,"INTPTLAT10":"+37.7193263","INTPTLON10":"-122.4678672","OBJECTID_1":2487,"trctidfp10":"06075031301","stcou":"06075","pdenied":0.91836732625961304,"JOINID":"06075031301","STCOU_TXT":"06075","Shape_Length":0.030924788019443681,"Shape_Area":4.6157695500095387e-05}},{"type":"Feature","id":65,"geometry":{"type":"Polygon","coordinates":[[[-122.44860499999999,37.718396000000041],[-122.44858199999999,37.71841100000006],[-122.44851699999998,37.718922000000077],[-122.44843399999996,37.719411000000036],[-122.44840899999997,37.719656000000043],[-122.44834899999995,37.720229000000074],[-122.44822199999999,37.721262000000024],[-122.44820199999998,37.721408000000054],[-122.44812199999996,37.721997000000044],[-122.44798999999995,37.722669000000053],[-122.44790799999998,37.722916000000055],[-122.44787799999995,37.723005000000057],[-122.44809799999996,37.723005000000057],[-122.44917799999996,37.723003000000062],[-122.44948399999998,37.723003000000062],[-122.44955899999997,37.722961000000055],[-122.45011799999997,37.722083000000055],[-122.45092699999998,37.720813000000078],[-122.45164599999998,37.719686000000024],[-122.45232899999996,37.719959000000074],[-122.45250599999997,37.720030000000065],[-122.45257499999997,37.720042000000035],[-122.45309199999997,37.720041000000037],[-122.45409599999999,37.720038000000045],[-122.45511799999997,37.72003600000005],[-122.45613299999997,37.720033000000058],[-122.45715799999999,37.720030000000065],[-122.45817799999998,37.720027000000073],[-122.45919799999996,37.72002400000008],[-122.45918699999999,37.718230000000062],[-122.45816299999996,37.718232000000057],[-122.45714499999997,37.718233000000055],[-122.45610799999997,37.71823500000005],[-122.45511099999999,37.718237000000045],[-122.45418899999999,37.71823900000004],[-122.45408199999997,37.718174000000033],[-122.45405,37.718126000000041],[-122.45337799999999,37.717768000000035],[-122.45264199999997,37.717376000000058],[-122.45189499999998,37.71697800000004],[-122.45115499999997,37.716583000000071],[-122.45037799999994,37.716169000000036],[-122.44990399999995,37.716725000000054],[-122.44957199999999,37.717115000000035],[-122.44926199999998,37.717538000000047],[-122.44908499999997,37.717882000000031],[-122.44888699999996,37.718170000000043],[-122.44860499999999,37.718396000000041]]]},"properties":{"OBJECTID":65,"STATEFP10":"06","COUNTYFP10":"075","TRACTCE10":"031202","GEOID10":"06075031202","NAME10":"312.02","NAMELSAD10":"Census Tract 312.02","MTFCC10":"G5020","FUNCSTAT10":"S","ALAND10":309328,"AWATER10":0,"INTPTLAT10":"+37.7193276","INTPTLON10":"-122.4523964","OBJECTID_1":2486,"trctidfp10":"06075031202","stcou":"06075","pdenied":1.1308561563491821,"JOINID":"06075031202","STCOU_TXT":"06075","Shape_Length":0.03187811339117607,"Shape_Area":3.1610173000145524e-05}},{"type":"Feature","id":66,"geometry":{"type":"Polygon","coordinates":[[[-122.45092699999998,37.720813000000078],[-122.45011799999997,37.722083000000055],[-122.44955899999997,37.722961000000055],[-122.44961499999999,37.723019000000079],[-122.44989299999997,37.723033000000044],[-122.45007299999997,37.723042000000078],[-122.45065499999998,37.723072000000059],[-122.45147399999996,37.723078000000044],[-122.45159499999994,37.722992000000033],[-122.45171099999999,37.723046000000068],[-122.45221999999995,37.723115000000064],[-122.45233199999996,37.723080000000039],[-122.45237299999997,37.723117000000059],[-122.45304199999998,37.723259000000041],[-122.45310699999999,37.723244000000079],[-122.45316399999996,37.723228000000063],[-122.45404199999996,37.72341300000005],[-122.45411599999994,37.723457000000053],[-122.45416099999994,37.723495000000071],[-122.45506999999998,37.723687000000041],[-122.45513599999998,37.723672000000079],[-122.45517399999994,37.723709000000042],[-122.45608799999997,37.723902000000066],[-122.45614999999998,37.723887000000047],[-122.45618099999996,37.723921000000075],[-122.45646899999997,37.723982000000035],[-122.45651599999997,37.72396400000008],[-122.45655199999999,37.724000000000046],[-122.45710899999995,37.724117000000035],[-122.45716899999996,37.724102000000073],[-122.45718499999998,37.724133000000052],[-122.45729999999998,37.724158000000045],[-122.45734099999999,37.724138000000039],[-122.45736799999997,37.724172000000067],[-122.45812099999995,37.724331000000063],[-122.45819099999994,37.724318000000039],[-122.45824299999998,37.724357000000055],[-122.45913999999999,37.724546000000032],[-122.45921299999998,37.724533000000065],[-122.45925599999998,37.724571000000026],[-122.45989399999996,37.724705000000029],[-122.45995499999998,37.724690000000066],[-122.45999499999999,37.72472700000003],[-122.46018099999998,37.724766000000045],[-122.46023399999996,37.724749000000031],[-122.46028599999994,37.724788000000046],[-122.46113499999996,37.724962000000062],[-122.46121099999999,37.724950000000035],[-122.46128099999999,37.72499700000003],[-122.46210399999995,37.72527000000008],[-122.46221299999996,37.725266000000033],[-122.46227999999996,37.72514700000005],[-122.46227899999997,37.724866000000077],[-122.46227599999997,37.724271000000044],[-122.46227399999998,37.723637000000053],[-122.46227099999999,37.723021000000074],[-122.46226499999995,37.721828000000073],[-122.46226499999995,37.721695000000068],[-122.46225399999997,37.720009000000061],[-122.46226199999995,37.719929000000036],[-122.46224499999994,37.718768000000068],[-122.46224499999994,37.718220000000031],[-122.46123099999994,37.718232000000057],[-122.46020899999996,37.71823100000006],[-122.45918699999999,37.718230000000062],[-122.45919799999996,37.72002400000008],[-122.45817799999998,37.720027000000073],[-122.45715799999999,37.720030000000065],[-122.45613299999997,37.720033000000058],[-122.45511799999997,37.72003600000005],[-122.45409599999999,37.720038000000045],[-122.45309199999997,37.720041000000037],[-122.45257499999997,37.720042000000035],[-122.45250599999997,37.720030000000065],[-122.45232899999996,37.719959000000074],[-122.45164599999998,37.719686000000024],[-122.45092699999998,37.720813000000078]]]},"properties":{"OBJECTID":66,"STATEFP10":"06","COUNTYFP10":"075","TRACTCE10":"031201","GEOID10":"06075031201","NAME10":"312.01","NAMELSAD10":"Census Tract 312.01","MTFCC10":"G5020","FUNCSTAT10":"S","ALAND10":512034,"AWATER10":0,"INTPTLAT10":"+37.7217805","INTPTLON10":"-122.4573334","OBJECTID_1":2485,"trctidfp10":"06075031201","stcou":"06075","pdenied":0.86788815259933472,"JOINID":"06075031201","STCOU_TXT":"06075","Shape_Length":0.036574733779120308,"Shape_Area":5.2326522499879795e-05}},{"type":"Feature","id":67,"geometry":{"type":"Polygon","coordinates":[[[-122.40144199999997,37.723773000000051],[-122.40135999999995,37.723753000000045],[-122.40104699999995,37.723678000000064],[-122.40088799999995,37.723641000000043],[-122.40078499999998,37.72361600000005],[-122.40118299999995,37.72458800000004],[-122.40147099999996,37.725516000000027],[-122.40182199999998,37.726775000000032],[-122.40187499999996,37.726965000000064],[-122.40210499999995,37.727790000000027],[-122.40220899999997,37.728102000000035],[-122.40275199999996,37.72935700000005],[-122.40302199999996,37.729902000000038],[-122.40339999999998,37.730658000000062],[-122.40396199999998,37.731610000000046],[-122.40465699999999,37.732949000000076],[-122.40505999999999,37.733652000000063],[-122.40509599999996,37.733716000000072],[-122.40549499999997,37.734287000000052],[-122.40617799999995,37.735158000000069],[-122.40629499999994,37.735307000000034],[-122.40650899999997,37.735242000000028],[-122.40664599999997,37.73519900000008],[-122.40681499999999,37.735146000000043],[-122.40684799999997,37.735135000000071],[-122.40713,37.735047000000066],[-122.40681599999999,37.734521000000029],[-122.40680199999997,37.734497000000033],[-122.40661499999999,37.734184000000027],[-122.40653299999997,37.734047000000032],[-122.40651499999996,37.734018000000049],[-122.40620999999999,37.733487000000025],[-122.40590899999995,37.732963000000041],[-122.40560799999997,37.732439000000056],[-122.40657499999998,37.73214100000007],[-122.40676399999995,37.732083000000046],[-122.40753899999999,37.731847000000073],[-122.40850899999998,37.731552000000079],[-122.40805699999999,37.730461000000048],[-122.40755999999999,37.729261000000065],[-122.40854899999999,37.729003000000034],[-122.40953399999995,37.72874500000006],[-122.41051899999997,37.728488000000027],[-122.41002199999997,37.727284000000054],[-122.40952699999997,37.726084000000071],[-122.40902699999998,37.724884000000031],[-122.40852899999999,37.723688000000038],[-122.40754099999998,37.723941000000025],[-122.40655299999997,37.724194000000068],[-122.40557199999995,37.724461000000076],[-122.40458599999999,37.724718000000053],[-122.40360099999998,37.724976000000026],[-122.40259999999995,37.725235000000055],[-122.40210799999994,37.724036000000069],[-122.40206099999995,37.723920000000078],[-122.40144199999997,37.723773000000051]]]},"properties":{"OBJECTID":67,"STATEFP10":"06","COUNTYFP10":"075","TRACTCE10":"025702","GEOID10":"06075025702","NAME10":"257.02","NAMELSAD10":"Census Tract 257.02","MTFCC10":"G5020","FUNCSTAT10":"S","ALAND10":533460,"AWATER10":0,"INTPTLAT10":"+37.7281305","INTPTLON10":"-122.4057589","OBJECTID_1":2455,"trctidfp10":"06075025702","stcou":"06075","pdenied":0.9025270938873291,"JOINID":"06075025702","STCOU_TXT":"06075","Shape_Length":0.03954585108203957,"Shape_Area":5.4520475500096383e-05}},{"type":"Feature","id":68,"geometry":{"type":"Polygon","coordinates":[[[-122.41928199999995,37.731164000000035],[-122.41937299999995,37.730430000000069],[-122.41953599999999,37.729129000000057],[-122.41948599999995,37.729046000000039],[-122.41919999999999,37.729082000000062],[-122.41874399999995,37.729089000000045],[-122.41838099999995,37.729039000000057],[-122.41720599999996,37.728840000000048],[-122.41686399999998,37.728796000000045],[-122.41663699999998,37.728809000000069],[-122.41617399999996,37.728919000000076],[-122.41519299999999,37.729223000000047],[-122.41495599999996,37.728658000000053],[-122.41445999999996,37.727457000000072],[-122.41347499999995,37.727715000000046],[-122.41248999999999,37.727972000000079],[-122.41150499999998,37.728230000000053],[-122.41051899999997,37.728488000000027],[-122.40953399999995,37.72874500000006],[-122.40854899999999,37.729003000000034],[-122.40755999999999,37.729261000000065],[-122.40805699999999,37.730461000000048],[-122.40850899999998,37.731552000000079],[-122.40753899999999,37.731847000000073],[-122.40676399999995,37.732083000000046],[-122.40657499999998,37.73214100000007],[-122.40560799999997,37.732439000000056],[-122.40590899999995,37.732963000000041],[-122.40620999999999,37.733487000000025],[-122.40651499999996,37.734018000000049],[-122.40653299999997,37.734047000000032],[-122.40661499999999,37.734184000000027],[-122.40680199999997,37.734497000000033],[-122.40681599999999,37.734521000000029],[-122.40713,37.735047000000066],[-122.40684799999997,37.735135000000071],[-122.40681499999999,37.735146000000043],[-122.40664599999997,37.73519900000008],[-122.40650899999997,37.735242000000028],[-122.40629499999994,37.735307000000034],[-122.40638199999995,37.735418000000038],[-122.40645499999999,37.735511000000031],[-122.40661899999998,37.73589700000008],[-122.40670399999999,37.736309000000062],[-122.40677199999999,37.736424000000056],[-122.40694699999995,37.737829000000033],[-122.40691099999998,37.737966000000029],[-122.40710299999995,37.737966000000029],[-122.40755399999995,37.73783700000007],[-122.40765799999997,37.737813000000074],[-122.40768499999996,37.737806000000035],[-122.40778899999998,37.737777000000051],[-122.40785099999999,37.73775500000005],[-122.40798699999999,37.73770600000006],[-122.40812499999998,37.73765700000007],[-122.40821699999998,37.73761200000007],[-122.40821599999998,37.737582000000032],[-122.40821099999999,37.737400000000036],[-122.40824499999997,37.737063000000035],[-122.40833699999996,37.73667800000004],[-122.40835799999996,37.736617000000024],[-122.40846799999997,37.736342000000036],[-122.40848799999998,37.736291000000051],[-122.40858199999997,37.736125000000072],[-122.40865499999995,37.735998000000052],[-122.40877899999998,37.735817000000054],[-122.40880999999996,37.735773000000052],[-122.40883599999995,37.735745000000065],[-122.40892299999996,37.735650000000078],[-122.40899299999995,37.73557500000004],[-122.40908599999995,37.735449000000074],[-122.40914099999998,37.735375000000033],[-122.40950499999997,37.735044000000073],[-122.40979799999997,37.73482800000005],[-122.40994999999998,37.734715000000051],[-122.41147299999994,37.733786000000066],[-122.41208499999999,37.733457000000044],[-122.41343699999999,37.732837000000075],[-122.41378399999996,37.732672000000036],[-122.41438799999997,37.732417000000055],[-122.41511499999996,37.732230000000072],[-122.41545899999994,37.732164000000068],[-122.41593899999998,37.732072000000073],[-122.41665699999999,37.732013000000052],[-122.41739199999995,37.732050000000072],[-122.41846099999998,37.732060000000047],[-122.41946399999995,37.732060000000047],[-122.42035799999996,37.732006000000069],[-122.421134,37.731891000000076],[-122.42127899999997,37.731869000000074],[-122.42170299999998,37.73180700000006],[-122.42171499999995,37.731608000000051],[-122.42172599999998,37.731438000000026],[-122.42173099999997,37.731352000000072],[-122.42175299999997,37.731085000000064],[-122.42094499999996,37.731309000000067],[-122.42018499999995,37.731463000000076],[-122.41984999999994,37.731476000000043],[-122.41951399999999,37.731490000000065],[-122.41935599999999,37.73143900000008],[-122.41926999999998,37.731330000000071],[-122.41928199999995,37.731164000000035]]]},"properties":{"OBJECTID":68,"STATEFP10":"06","COUNTYFP10":"075","TRACTCE10":"025701","GEOID10":"06075025701","NAME10":"257.01","NAMELSAD10":"Census Tract 257.01","MTFCC10":"G5020","FUNCSTAT10":"S","ALAND10":624487,"AWATER10":0,"INTPTLAT10":"+37.7315763","INTPTLON10":"-122.4121411","OBJECTID_1":2454,"trctidfp10":"06075025701","stcou":"06075","pdenied":1.5776699781417847,"JOINID":"06075025701","STCOU_TXT":"06075","Shape_Length":0.04852659007485953,"Shape_Area":6.3826512999896613e-05}},{"type":"Feature","id":69,"geometry":{"type":"Polygon","coordinates":[[[-122.39893899999998,37.757301000000041],[-122.39857399999994,37.757323000000042],[-122.39796999999999,37.757359000000065],[-122.39821599999999,37.75990900000005],[-122.39827799999995,37.760556000000065],[-122.39833799999997,37.761184000000071],[-122.39846099999994,37.762463000000025],[-122.39857999999998,37.763736000000051],[-122.39870299999995,37.765014000000065],[-122.39966199999998,37.764956000000041],[-122.40063299999997,37.764898000000073],[-122.40159899999998,37.764839000000052],[-122.40256299999999,37.764781000000028],[-122.40352699999994,37.76472300000006],[-122.40449699999999,37.764664000000039],[-122.40483999999998,37.764643000000035],[-122.40508999999997,37.764628000000073],[-122.40505999999999,37.764311000000077],[-122.40510499999999,37.763852000000043],[-122.40520299999997,37.763478000000077],[-122.40525799999995,37.763323000000071],[-122.40532399999995,37.763137000000029],[-122.40538399999997,37.762970000000053],[-122.40565399999997,37.762433000000044],[-122.40592599999997,37.762012000000027],[-122.40602199999995,37.761863000000062],[-122.40614699999998,37.761638000000062],[-122.40628299999997,37.761393000000055],[-122.40647999999999,37.760731000000078],[-122.40649299999995,37.760686000000078],[-122.40649199999996,37.760255000000029],[-122.40638899999999,37.759804000000031],[-122.40626199999997,37.759452000000067],[-122.40624399999996,37.759422000000029],[-122.40610399999997,37.759196000000031],[-122.40590299999997,37.758934000000067],[-122.40554499999996,37.758537000000047],[-122.40504799999997,37.758189000000073],[-122.40483599999999,37.758034000000066],[-122.40444199999996,37.757748000000049],[-122.40416899999997,37.757530000000031],[-122.40377399999994,37.757138000000054],[-122.40368899999999,37.757015000000024],[-122.40346099999999,37.757029000000045],[-122.40307399999995,37.757052000000044],[-122.40280299999995,37.757068000000061],[-122.40183299999995,37.757121000000041],[-122.40086999999994,37.75718500000005],[-122.39990699999998,37.757243000000074],[-122.39893899999998,37.757301000000041]]]},"properties":{"OBJECTID":69,"STATEFP10":"06","COUNTYFP10":"075","TRACTCE10":"022704","GEOID10":"06075022704","NAME10":"227.04","NAMELSAD10":"Census Tract 227.04","MTFCC10":"G5020","FUNCSTAT10":"S","ALAND10":544608,"AWATER10":0,"INTPTLAT10":"+37.7609519","INTPTLON10":"-122.4019893","OBJECTID_1":2432,"trctidfp10":"06075022704","stcou":"06075","pdenied":1.0777521133422852,"JOINID":"06075022704","STCOU_TXT":"06075","Shape_Length":0.028923262784001605,"Shape_Area":5.5684543499996538e-05}},{"type":"Feature","id":70,"geometry":{"type":"Polygon","coordinates":[[[-122.44298099999997,37.756160000000079],[-122.44333399999999,37.756424000000038],[-122.44327599999997,37.756234000000063],[-122.44338299999998,37.75633700000003],[-122.44393299999996,37.756707000000063],[-122.44469599999996,37.757224000000065],[-122.44481199999996,37.757253000000048],[-122.44496399999997,37.757273000000055],[-122.44497899999999,37.757204000000058],[-122.44510599999995,37.756961000000047],[-122.44481999999999,37.756808000000035],[-122.44440699999996,37.756568000000073],[-122.44435499999997,37.756503000000066],[-122.44435699999997,37.756456000000071],[-122.44437499999998,37.756422000000043],[-122.44438499999995,37.756402000000037],[-122.44448499999999,37.756354000000044],[-122.44450099999995,37.756374000000051],[-122.44454499999995,37.75643000000008],[-122.44476299999997,37.756558000000041],[-122.44502599999998,37.756612000000075],[-122.44528299999996,37.75657300000006],[-122.44564599999995,37.756449000000032],[-122.44584899999995,37.756425000000036],[-122.44594599999999,37.756413000000066],[-122.44694999999996,37.756550000000061],[-122.44677699999994,37.75629900000007],[-122.44633899999997,37.755911000000026],[-122.44612599999999,37.755804000000069],[-122.44592899999998,37.75583000000006],[-122.44546399999996,37.755984000000069],[-122.44526799999994,37.755921000000058],[-122.44522199999994,37.755737000000067],[-122.44534799999997,37.755619000000024],[-122.44578199999995,37.75550700000008],[-122.44615199999998,37.755464000000075],[-122.44655999999998,37.755346000000031],[-122.44680899999997,37.755349000000024],[-122.44700399999999,37.755438000000026],[-122.44752999999997,37.755821000000026],[-122.44768299999998,37.755868000000078],[-122.44785199999995,37.755821000000026],[-122.44796199999996,37.755673000000058],[-122.44794299999995,37.755532000000073],[-122.44769899999994,37.754830000000027],[-122.44743499999998,37.754329000000041],[-122.44737599999996,37.754218000000037],[-122.44720999999998,37.754043000000024],[-122.44686899999999,37.753762000000052],[-122.44673399999999,37.753573000000074],[-122.44671599999998,37.753388000000029],[-122.44677699999994,37.753249000000039],[-122.44722499999995,37.752848000000029],[-122.44735699999995,37.752721000000065],[-122.44753599999996,37.752482000000043],[-122.44739799999996,37.75226200000003],[-122.44709499999999,37.75193100000007],[-122.44702899999999,37.751775000000066],[-122.44703399999997,37.751659000000075],[-122.44708999999995,37.751505000000066],[-122.44763299999994,37.750908000000038],[-122.44776899999999,37.750831000000062],[-122.44792799999999,37.750798000000032],[-122.44872999999995,37.750902000000053],[-122.44883799999997,37.75082800000007],[-122.44918499999994,37.75063700000004],[-122.44930499999998,37.75054700000004],[-122.44942299999997,37.75041200000004],[-122.44949799999995,37.750256000000036],[-122.44968199999994,37.749823000000049],[-122.44971699999996,37.749540000000025],[-122.44963999999999,37.749314000000027],[-122.44954299999995,37.749182000000076],[-122.44939999999997,37.74910600000004],[-122.44924499999996,37.74910600000004],[-122.44905099999994,37.749183000000073],[-122.44888499999996,37.749339000000077],[-122.44826399999999,37.750168000000031],[-122.44813299999998,37.750250000000051],[-122.44795799999997,37.750270000000057],[-122.44771599999996,37.750197000000071],[-122.44706099999996,37.749999000000059],[-122.44692399999997,37.749962000000039],[-122.44580299999996,37.749296000000072],[-122.44565799999998,37.749137000000076],[-122.44563499999998,37.748983000000067],[-122.44569699999994,37.748855000000049],[-122.44589999999999,37.748761000000059],[-122.44614599999994,37.748733000000072],[-122.44632099999995,37.748782000000062],[-122.44651299999998,37.74887300000006],[-122.44714899999997,37.749339000000077],[-122.44734799999998,37.749454000000071],[-122.44755799999996,37.749513000000036],[-122.44769599999995,37.74948500000005],[-122.44779399999999,37.749408000000074],[-122.44827199999997,37.748586000000046],[-122.44864899999999,37.747988000000078],[-122.44873799999999,37.747816000000057],[-122.44904799999995,37.747075000000052],[-122.44914599999998,37.746860000000027],[-122.44930999999997,37.746716000000049],[-122.44944699999996,37.746660000000077],[-122.44979699999999,37.746442000000059],[-122.45016899999996,37.746269000000041],[-122.45052099999998,37.746207000000027],[-122.45072699999997,37.746187000000077],[-122.45086999999995,37.746078000000068],[-122.450853,37.745826000000079],[-122.45070499999997,37.745929000000046],[-122.44972099999995,37.746056000000067],[-122.44889299999994,37.746232000000077],[-122.44856199999998,37.746316000000036],[-122.44791599999996,37.746480000000076],[-122.44778599999995,37.746438000000069],[-122.44765899999999,37.746537000000046],[-122.44739899999996,37.746596000000068],[-122.44684099999995,37.746722000000034],[-122.44664799999998,37.746760000000052],[-122.44618599999995,37.746843000000069],[-122.44541399999997,37.746960000000058],[-122.44504999999998,37.747015000000033],[-122.44484699999998,37.746945000000039],[-122.44478299999997,37.746771000000024],[-122.44460299999997,37.746683000000075],[-122.44455599999998,37.746687000000065],[-122.44478599999997,37.746934000000067],[-122.44481999999999,37.746970000000033],[-122.44473999999997,37.747045000000071],[-122.44461999999999,37.747081000000037],[-122.44442599999996,37.74717400000003],[-122.44429199999996,37.74730900000003],[-122.44417199999998,37.747556000000031],[-122.44415799999996,37.747791000000063],[-122.44422099999997,37.748031000000026],[-122.44426699999997,37.748380000000054],[-122.44409299999995,37.74868500000008],[-122.44370399999997,37.749177000000032],[-122.44355299999995,37.749443000000042],[-122.44344099999995,37.750015000000076],[-122.44334699999996,37.750083000000075],[-122.44340199999999,37.750187000000039],[-122.44325499999997,37.750769000000048],[-122.44321299999996,37.750935000000027],[-122.44306199999994,37.751528000000064],[-122.44299099999995,37.75180800000004],[-122.44284699999997,37.752375000000029],[-122.44270399999999,37.752377000000024],[-122.44252499999999,37.752380000000073],[-122.44249299999996,37.752607000000069],[-122.44223899999997,37.752830000000074],[-122.44205699999998,37.753071000000034],[-122.44188599999995,37.753365000000031],[-122.44180699999998,37.753471000000047],[-122.44130699999999,37.753880000000038],[-122.44116299999996,37.754090000000076],[-122.44107599999995,37.754178000000024],[-122.44089699999995,37.754493000000025],[-122.44076799999999,37.754609000000073],[-122.44044999999994,37.755065000000059],[-122.44034499999998,37.755228000000045],[-122.44003299999997,37.755229000000043],[-122.43964699999998,37.75532000000004],[-122.43897399999997,37.755389000000037],[-122.43886399999997,37.755434000000037],[-122.43883899999997,37.755525000000034],[-122.43897699999997,37.757022000000063],[-122.43900299999996,37.757090000000062],[-122.43903299999999,37.757415000000037],[-122.43907399999995,37.757855000000063],[-122.43911399999996,37.758463000000063],[-122.43916699999994,37.759028000000058],[-122.44009599999998,37.758979000000068],[-122.44038099999995,37.759032000000047],[-122.44059099999998,37.759042000000079],[-122.44079799999997,37.759025000000065],[-122.44103399999995,37.759010000000046],[-122.44217499999996,37.758939000000055],[-122.44216399999999,37.758754000000067],[-122.44220899999999,37.758514000000048],[-122.44222299999996,37.758323000000075],[-122.44223799999997,37.75810400000006],[-122.44225799999998,37.757734000000028],[-122.44228099999998,37.757630000000063],[-122.44237099999998,37.757584000000065],[-122.44228699999996,37.756854000000033],[-122.44224399999996,37.756755000000055],[-122.44221999999996,37.756639000000064],[-122.44227299999994,37.756575000000055],[-122.44237899999996,37.756512000000043],[-122.44298099999997,37.756160000000079]]]},"properties":{"OBJECTID":70,"STATEFP10":"06","COUNTYFP10":"075","TRACTCE10":"020402","GEOID10":"06075020402","NAME10":"204.02","NAMELSAD10":"Census Tract 204.02","MTFCC10":"G5020","FUNCSTAT10":"S","ALAND10":591639,"AWATER10":0,"INTPTLAT10":"+37.7528357","INTPTLON10":"-122.4444148","OBJECTID_1":2415,"trctidfp10":"06075020402","stcou":"06075","pdenied":1.2218044996261597,"JOINID":"06075020402","STCOU_TXT":"06075","Shape_Length":0.062104996015950251,"Shape_Area":6.0486710500027373e-05}},{"type":"Feature","id":71,"geometry":{"type":"Polygon","coordinates":[[[-122.44221999999996,37.756639000000064],[-122.44224399999996,37.756755000000055],[-122.44228699999996,37.756854000000033],[-122.44237099999998,37.757584000000065],[-122.44228099999998,37.757630000000063],[-122.44225799999998,37.757734000000028],[-122.44223799999997,37.75810400000006],[-122.44222299999996,37.758323000000075],[-122.44220899999999,37.758514000000048],[-122.44216399999999,37.758754000000067],[-122.44217499999996,37.758939000000055],[-122.44103399999995,37.759010000000046],[-122.44079799999997,37.759025000000065],[-122.44059099999998,37.759042000000079],[-122.44038099999995,37.759032000000047],[-122.44009599999998,37.758979000000068],[-122.43916699999994,37.759028000000058],[-122.43925599999994,37.759808000000078],[-122.43933699999997,37.760627000000056],[-122.43941399999994,37.761425000000031],[-122.43949099999998,37.762227000000053],[-122.44016799999997,37.76218700000004],[-122.44290799999999,37.762023000000056],[-122.44335899999999,37.761997000000065],[-122.44419599999998,37.761947000000077],[-122.44530899999995,37.761880000000076],[-122.44638399999997,37.761816000000067],[-122.44678299999998,37.761781000000042],[-122.44652999999994,37.761396000000047],[-122.44640999999996,37.761094000000071],[-122.44643399999995,37.761007000000063],[-122.44639399999994,37.760907000000032],[-122.44634299999996,37.760411000000033],[-122.44639899999999,37.760013000000072],[-122.44641299999995,37.759855000000073],[-122.44645399999996,37.759047000000066],[-122.44639499999994,37.758856000000037],[-122.44677199999995,37.758454000000029],[-122.44703599999997,37.758174000000054],[-122.44730299999998,37.757891000000029],[-122.44748799999996,37.757799000000034],[-122.44776799999994,37.757662000000039],[-122.44791499999997,37.757589000000053],[-122.44781899999998,37.757490000000075],[-122.44770699999998,37.757345000000043],[-122.44754699999999,37.757190000000037],[-122.44730699999997,37.757042000000069],[-122.44716499999998,37.756916000000047],[-122.44711899999999,37.756875000000036],[-122.44703299999998,37.756756000000053],[-122.44694999999996,37.756550000000061],[-122.44594599999999,37.756413000000066],[-122.44584899999995,37.756425000000036],[-122.44564599999995,37.756449000000032],[-122.44528299999996,37.75657300000006],[-122.44502599999998,37.756612000000075],[-122.44476299999997,37.756558000000041],[-122.44454499999995,37.75643000000008],[-122.44450099999995,37.756374000000051],[-122.44448499999999,37.756354000000044],[-122.44438499999995,37.756402000000037],[-122.44437499999998,37.756422000000043],[-122.44435699999997,37.756456000000071],[-122.44435499999997,37.756503000000066],[-122.44440699999996,37.756568000000073],[-122.44481999999999,37.756808000000035],[-122.44510599999995,37.756961000000047],[-122.44497899999999,37.757204000000058],[-122.44496399999997,37.757273000000055],[-122.44481199999996,37.757253000000048],[-122.44469599999996,37.757224000000065],[-122.44393299999996,37.756707000000063],[-122.44338299999998,37.75633700000003],[-122.44327599999997,37.756234000000063],[-122.44333399999999,37.756424000000038],[-122.44298099999997,37.756160000000079],[-122.44237899999996,37.756512000000043],[-122.44227299999994,37.756575000000055],[-122.44221999999996,37.756639000000064]]]},"properties":{"OBJECTID":71,"STATEFP10":"06","COUNTYFP10":"075","TRACTCE10":"020401","GEOID10":"06075020401","NAME10":"204.01","NAMELSAD10":"Census Tract 204.01","MTFCC10":"G5020","FUNCSTAT10":"S","ALAND10":327213,"AWATER10":0,"INTPTLAT10":"+37.7595166","INTPTLON10":"-122.4434836","OBJECTID_1":2414,"trctidfp10":"06075020401","stcou":"06075","pdenied":1.1066398620605469,"JOINID":"06075020401","STCOU_TXT":"06075","Shape_Length":0.029999438420921978,"Shape_Area":3.345586849998805e-05}},{"type":"Feature","id":72,"geometry":{"type":"Polygon","coordinates":[[[-122.40769099999994,37.779318000000046],[-122.40827199999995,37.778861000000063],[-122.40883299999996,37.77841600000005],[-122.40938699999998,37.777977000000078],[-122.40992299999999,37.777553000000069],[-122.41050599999994,37.777092000000039],[-122.41101399999997,37.776690000000031],[-122.41160599999995,37.776221000000078],[-122.41316099999995,37.774992000000054],[-122.41358699999995,37.77466000000004],[-122.41376899999995,37.774516000000062],[-122.41394399999996,37.77437800000007],[-122.41436799999997,37.774043000000063],[-122.41556099999997,37.773101000000054],[-122.41500199999996,37.772649000000058],[-122.41439199999996,37.772158000000047],[-122.41402699999998,37.771864000000051],[-122.41247999999996,37.77063000000004],[-122.41184099999998,37.771135000000072],[-122.41127799999998,37.771579000000031],[-122.41067799999996,37.772052000000031],[-122.41007699999994,37.772526000000028],[-122.40968299999997,37.772838000000036],[-122.40891299999998,37.773447000000033],[-122.40851599999996,37.773760000000038],[-122.40798599999999,37.774179000000061],[-122.40776799999998,37.774351000000024],[-122.40740499999998,37.774638000000039],[-122.40682899999996,37.775093000000027],[-122.40636899999998,37.775457000000074],[-122.40629599999994,37.775514000000044],[-122.40547599999996,37.776162000000056],[-122.40489599999995,37.776620000000037],[-122.40460999999999,37.776846000000035],[-122.40406999999999,37.777273000000037],[-122.40352999999999,37.777700000000038],[-122.40296099999995,37.778149000000042],[-122.40238499999998,37.77860400000003],[-122.40184299999999,37.779032000000029],[-122.40237699999994,37.779459000000031],[-122.40248699999995,37.779547000000036],[-122.40251799999999,37.77957200000003],[-122.40265799999997,37.779683000000034],[-122.40284099999997,37.779829000000063],[-122.40338699999995,37.780265000000043],[-122.40392099999997,37.780699000000027],[-122.40440399999994,37.781077000000039],[-122.40493299999997,37.781500000000051],[-122.40571899999998,37.78087800000003],[-122.40715899999998,37.779739000000063],[-122.40769099999994,37.779318000000046]]]},"properties":{"OBJECTID":72,"STATEFP10":"06","COUNTYFP10":"075","TRACTCE10":"017802","GEOID10":"06075017802","NAME10":"178.02","NAMELSAD10":"Census Tract 178.02","MTFCC10":"G5020","FUNCSTAT10":"S","ALAND10":510134,"AWATER10":0,"INTPTLAT10":"+37.7760649","INTPTLON10":"-122.4087033","OBJECTID_1":2408,"trctidfp10":"06075017802","stcou":"06075","pdenied":2.1725635528564453,"JOINID":"06075017802","STCOU_TXT":"06075","Shape_Length":0.035005385434861688,"Shape_Area":5.2170208500072964e-05}},{"type":"Feature","id":73,"geometry":{"type":"Polygon","coordinates":[[[-122.40046799999999,37.785030000000063],[-122.40270799999996,37.783259000000044],[-122.40324999999996,37.782831000000044],[-122.40493299999997,37.781500000000051],[-122.40440399999994,37.781077000000039],[-122.40392099999997,37.780699000000027],[-122.40338699999995,37.780265000000043],[-122.40284099999997,37.779829000000063],[-122.40265799999997,37.779683000000034],[-122.40251799999999,37.77957200000003],[-122.40248699999995,37.779547000000036],[-122.40237699999994,37.779459000000031],[-122.40184299999999,37.779032000000029],[-122.39961599999998,37.780791000000079],[-122.39834099999996,37.781799000000035],[-122.39738599999998,37.782554000000061],[-122.39794299999994,37.782998000000077],[-122.39892999999995,37.78378500000008],[-122.39945999999998,37.784214000000077],[-122.39988699999998,37.784559000000058],[-122.40046799999999,37.785030000000063]]]},"properties":{"OBJECTID":73,"STATEFP10":"06","COUNTYFP10":"075","TRACTCE10":"017801","GEOID10":"06075017801","NAME10":"178.01","NAMELSAD10":"Census Tract 178.01","MTFCC10":"G5020","FUNCSTAT10":"S","ALAND10":214052,"AWATER10":0,"INTPTLAT10":"+37.7820284","INTPTLON10":"-122.4011589","OBJECTID_1":2407,"trctidfp10":"06075017801","stcou":"06075","pdenied":0.99573254585266113,"JOINID":"06075017801","STCOU_TXT":"06075","Shape_Length":0.019280566491412757,"Shape_Area":2.1892491000052482e-05}},{"type":"Feature","id":74,"geometry":{"type":"Polygon","coordinates":[[[-122.44810899999999,37.763367000000073],[-122.44827399999997,37.764196000000027],[-122.44844099999995,37.765036000000066],[-122.44763499999999,37.765139000000033],[-122.44782399999997,37.766072000000065],[-122.44801299999995,37.767007000000035],[-122.44838999999996,37.768865000000062],[-122.44945399999995,37.768729000000064],[-122.45052199999998,37.768593000000067],[-122.45167599999996,37.76844600000004],[-122.45320599999997,37.768249000000026],[-122.453352,37.768246000000033],[-122.45316499999996,37.767307000000073],[-122.45304999999996,37.766742000000079],[-122.45299599999998,37.766476000000068],[-122.45294699999999,37.766374000000042],[-122.45275799999996,37.765443000000062],[-122.45256899999998,37.764509000000032],[-122.45239999999995,37.76366900000005],[-122.45223299999998,37.762843000000032],[-122.45209699999998,37.762167000000034],[-122.45195799999999,37.761478000000068],[-122.45057999999995,37.761561000000029],[-122.44911999999999,37.761648000000037],[-122.44929599999995,37.762519000000054],[-122.44943299999994,37.76320000000004],[-122.44810899999999,37.763367000000073]]]},"properties":{"OBJECTID":74,"STATEFP10":"06","COUNTYFP10":"075","TRACTCE10":"017102","GEOID10":"06075017102","NAME10":"171.02","NAMELSAD10":"Census Tract 171.02","MTFCC10":"G5020","FUNCSTAT10":"S","ALAND10":294894,"AWATER10":0,"INTPTLAT10":"+37.7654353","INTPTLON10":"-122.4504754","OBJECTID_1":2404,"trctidfp10":"06075017102","stcou":"06075","pdenied":1.9157087802886963,"JOINID":"06075017102","STCOU_TXT":"06075","Shape_Length":0.023991572753771437,"Shape_Area":3.0153788000095592e-05}},{"type":"Feature","id":75,"geometry":{"type":"Polygon","coordinates":[[[-122.44351099999994,37.765340000000037],[-122.44257499999998,37.765928000000031],[-122.44281099999995,37.766011000000049],[-122.44300399999997,37.766145000000051],[-122.44304199999999,37.766215000000045],[-122.44310499999995,37.766414000000054],[-122.44353299999995,37.766691000000037],[-122.44369499999999,37.766954000000055],[-122.44376399999999,37.767067000000054],[-122.44386599999996,37.767536000000064],[-122.44335599999999,37.768944000000033],[-122.44316699999996,37.769037000000026],[-122.44241099999999,37.769493000000068],[-122.44238399999995,37.769600000000025],[-122.44250599999998,37.769686000000036],[-122.44264699999997,37.769690000000026],[-122.44276499999995,37.769661000000042],[-122.44284299999998,37.76960500000007],[-122.44307899999995,37.769565000000057],[-122.44333999999998,37.769533000000024],[-122.44346099999996,37.769497000000058],[-122.44510599999995,37.769284000000027],[-122.44592199999994,37.769179000000065],[-122.44674499999996,37.769074000000046],[-122.44756799999999,37.768969000000027],[-122.44838999999996,37.768865000000062],[-122.44801299999995,37.767007000000035],[-122.44782399999997,37.766072000000065],[-122.44763499999999,37.765139000000033],[-122.44844099999995,37.765036000000066],[-122.44827399999997,37.764196000000027],[-122.44810899999999,37.763367000000073],[-122.44943299999994,37.76320000000004],[-122.44929599999995,37.762519000000054],[-122.44911999999999,37.761648000000037],[-122.44777999999997,37.761726000000067],[-122.44678299999998,37.761781000000042],[-122.44638399999997,37.761816000000067],[-122.44640099999998,37.762070000000051],[-122.44639199999995,37.76223200000004],[-122.44628699999998,37.76231000000007],[-122.44624699999997,37.762247000000059],[-122.44616799999994,37.762219000000073],[-122.44593099999997,37.762233000000037],[-122.44582599999995,37.762264000000073],[-122.44569199999995,37.762348000000031],[-122.44466399999999,37.763327000000061],[-122.44441199999994,37.763987000000043],[-122.44430099999994,37.764307000000031],[-122.44420299999996,37.76437100000004],[-122.44412899999998,37.764427000000069],[-122.44407199999995,37.764504000000045],[-122.44403699999998,37.764598000000035],[-122.44399699999997,37.764696000000072],[-122.44399199999998,37.764808000000073],[-122.44404499999996,37.764952000000051],[-122.44401299999998,37.765025000000037],[-122.44353799999999,37.76532300000008],[-122.44334699999996,37.765333000000055],[-122.44351099999994,37.765340000000037]]]},"properties":{"OBJECTID":75,"STATEFP10":"06","COUNTYFP10":"075","TRACTCE10":"017101","GEOID10":"06075017101","NAME10":"171.01","NAMELSAD10":"Census Tract 171.01","MTFCC10":"G5020","FUNCSTAT10":"S","ALAND10":313382,"AWATER10":0,"INTPTLAT10":"+37.7657245","INTPTLON10":"-122.4460837","OBJECTID_1":2403,"trctidfp10":"06075017101","stcou":"06075","pdenied":1.5855040550231934,"JOINID":"06075017101","STCOU_TXT":"06075","Shape_Length":0.029541232426529906,"Shape_Area":3.2044417499930468e-05}},{"type":"Feature","id":76,"geometry":{"type":"Polygon","coordinates":[[[-122.41925599999996,37.775147000000061],[-122.41935499999994,37.775234000000069],[-122.41939699999995,37.775422000000049],[-122.42079499999994,37.775249000000031],[-122.42095999999998,37.775232000000074],[-122.42109699999997,37.77521900000005],[-122.42259799999999,37.775021000000038],[-122.42424599999998,37.774811000000057],[-122.42434299999996,37.77479900000003],[-122.42588799999999,37.77459900000008],[-122.42754599999995,37.774388000000044],[-122.42917799999998,37.774181000000056],[-122.43082499999997,37.773973000000069],[-122.43062899999995,37.77303900000004],[-122.42898999999994,37.773248000000081],[-122.42888999999997,37.772754000000077],[-122.42880199999996,37.772316000000046],[-122.42715799999996,37.77252500000003],[-122.42551199999997,37.772734000000071],[-122.42532199999999,37.771795000000054],[-122.42513599999995,37.770869000000062],[-122.42485299999998,37.770748000000026],[-122.42482899999999,37.770829000000049],[-122.42400799999996,37.771474000000069],[-122.42372499999999,37.771696000000077],[-122.42361999999997,37.771717000000081],[-122.42359599999997,37.771798000000047],[-122.42326699999995,37.772058000000072],[-122.42273199999994,37.77248000000003],[-122.42261999999999,37.772503000000029],[-122.42259499999994,37.772587000000044],[-122.42218599999995,37.772909000000027],[-122.42205099999995,37.773016000000041],[-122.42194099999995,37.773036000000047],[-122.42191599999995,37.773123000000055],[-122.42108899999999,37.773775000000057],[-122.42080799999997,37.773997000000065],[-122.42069899999996,37.774008000000038],[-122.42067499999996,37.774087000000065],[-122.42038599999995,37.774316000000056],[-122.42025399999994,37.774359000000061],[-122.42023099999994,37.774438000000032],[-122.41935699999999,37.775128000000052],[-122.41925599999996,37.775147000000061]]]},"properties":{"OBJECTID":76,"STATEFP10":"06","COUNTYFP10":"075","TRACTCE10":"016802","GEOID10":"06075016802","NAME10":"168.02","NAMELSAD10":"Census Tract 168.02","MTFCC10":"G5020","FUNCSTAT10":"S","ALAND10":215590,"AWATER10":0,"INTPTLAT10":"+37.7735403","INTPTLON10":"-122.4249293","OBJECTID_1":2400,"trctidfp10":"06075016802","stcou":"06075","pdenied":1.3582342863082886,"JOINID":"06075016802","STCOU_TXT":"06075","Shape_Length":0.028215335328362488,"Shape_Area":2.2046770500037334e-05}},{"type":"Feature","id":77,"geometry":{"type":"Polygon","coordinates":[[[-122.42485299999998,37.770748000000026],[-122.42513599999995,37.770869000000062],[-122.42532199999999,37.771795000000054],[-122.42551199999997,37.772734000000071],[-122.42715799999996,37.77252500000003],[-122.42880199999996,37.772316000000046],[-122.42888999999997,37.772754000000077],[-122.42898999999994,37.773248000000081],[-122.43062899999995,37.77303900000004],[-122.43082499999997,37.773973000000069],[-122.43235099999998,37.773779000000047],[-122.43246699999997,37.773757000000046],[-122.43227999999999,37.772829000000058],[-122.43209199999995,37.771897000000024],[-122.43199799999996,37.771431000000064],[-122.43190399999997,37.770964000000049],[-122.43181099999998,37.770501000000024],[-122.43171699999999,37.770035000000064],[-122.43156999999997,37.769307000000026],[-122.43135699999999,37.769321000000048],[-122.43024699999995,37.769392000000039],[-122.42990599999996,37.769408000000055],[-122.42912799999999,37.769456000000048],[-122.42899099999994,37.769394000000034],[-122.42821999999995,37.769441000000029],[-122.42668399999997,37.769534000000078],[-122.42630899999995,37.769603000000075],[-122.42628499999995,37.769684000000041],[-122.42495799999995,37.770726000000025],[-122.42485299999998,37.770748000000026]]]},"properties":{"OBJECTID":77,"STATEFP10":"06","COUNTYFP10":"075","TRACTCE10":"016801","GEOID10":"06075016801","NAME10":"168.01","NAMELSAD10":"Census Tract 168.01","MTFCC10":"G5020","FUNCSTAT10":"S","ALAND10":226847,"AWATER10":0,"INTPTLAT10":"+37.7713294","INTPTLON10":"-122.4290086","OBJECTID_1":2399,"trctidfp10":"06075016801","stcou":"06075","pdenied":2.3847377300262451,"JOINID":"06075016801","STCOU_TXT":"06075","Shape_Length":0.022448472120559011,"Shape_Area":2.3197658500108633e-05}},{"type":"Feature","id":78,"geometry":{"type":"Polygon","coordinates":[[[-122.44167799999997,37.777373000000068],[-122.44163399999996,37.777156000000048],[-122.44148799999999,37.776435000000049],[-122.44033999999999,37.776580000000024],[-122.43984399999999,37.776644000000033],[-122.43817699999994,37.776856000000066],[-122.43650699999995,37.777068000000043],[-122.43486399999995,37.777281000000073],[-122.43321899999995,37.777490000000057],[-122.43340699999999,37.778422000000035],[-122.43505199999998,37.778213000000051],[-122.43669699999998,37.778006000000062],[-122.43688499999996,37.778938000000039],[-122.43697899999995,37.779404000000056],[-122.43707199999994,37.779867000000024],[-122.43789499999997,37.779765000000054],[-122.43873999999994,37.779660000000035],[-122.44039699999996,37.779439000000025],[-122.44095799999997,37.779364000000044],[-122.44111899999996,37.77937200000008],[-122.44205299999999,37.779244000000062],[-122.44186599999995,37.778300000000058],[-122.44167799999997,37.777373000000068]]]},"properties":{"OBJECTID":78,"STATEFP10":"06","COUNTYFP10":"075","TRACTCE10":"015802","GEOID10":"06075015802","NAME10":"158.02","NAMELSAD10":"Census Tract 158.02","MTFCC10":"G5020","FUNCSTAT10":"S","ALAND10":170754,"AWATER10":0,"INTPTLAT10":"+37.7780790","INTPTLON10":"-122.4385023","OBJECTID_1":2389,"trctidfp10":"06075015802","stcou":"06075","pdenied":0.89686101675033569,"JOINID":"06075015802","STCOU_TXT":"06075","Shape_Length":0.022389062868293175,"Shape_Area":1.7463157999957266e-05}},{"type":"Feature","id":79,"geometry":{"type":"Polygon","coordinates":[[[-122.43505199999998,37.778213000000051],[-122.43340699999999,37.778422000000035],[-122.43359599999997,37.779355000000066],[-122.43378499999994,37.780287000000044],[-122.43397299999998,37.781219000000078],[-122.43416199999996,37.782151000000056],[-122.43434999999999,37.783083000000033],[-122.43456199999997,37.784152000000063],[-122.43465899999995,37.78419400000007],[-122.43775199999999,37.783802000000037],[-122.43784799999997,37.783718000000079],[-122.43801699999995,37.783773000000053],[-122.43826799999999,37.783716000000027],[-122.43855099999996,37.783597000000043],[-122.43893699999995,37.783450000000073],[-122.43935199999999,37.783395000000041],[-122.43947999999995,37.783308000000034],[-122.43963299999996,37.783360000000073],[-122.44115799999997,37.783164000000056],[-122.44270199999994,37.782972000000029],[-122.44279299999999,37.782885000000078],[-122.44269199999997,37.782643000000064],[-122.44181999999995,37.78230700000006],[-122.44167199999998,37.782234000000074],[-122.44151199999999,37.782096000000024],[-122.44133999999997,37.781235000000038],[-122.44114899999994,37.780293000000029],[-122.44095799999997,37.779364000000044],[-122.44039699999996,37.779439000000025],[-122.43873999999994,37.779660000000035],[-122.43789499999997,37.779765000000054],[-122.43707199999994,37.779867000000024],[-122.43697899999995,37.779404000000056],[-122.43688499999996,37.778938000000039],[-122.43669699999998,37.778006000000062],[-122.43505199999998,37.778213000000051]]]},"properties":{"OBJECTID":79,"STATEFP10":"06","COUNTYFP10":"075","TRACTCE10":"015801","GEOID10":"06075015801","NAME10":"158.01","NAMELSAD10":"Census Tract 158.01","MTFCC10":"G5020","FUNCSTAT10":"S","ALAND10":343641,"AWATER10":0,"INTPTLAT10":"+37.7813029","INTPTLON10":"-122.4373557","OBJECTID_1":2388,"trctidfp10":"06075015801","stcou":"06075","pdenied":1.4209592342376709,"JOINID":"06075015801","STCOU_TXT":"06075","Shape_Length":0.027799460481239067,"Shape_Area":3.5145620500039062e-05}},{"type":"Feature","id":80,"geometry":{"type":"Polygon","coordinates":[[[-122.42689299999995,37.796272000000044],[-122.42751099999998,37.796193000000073],[-122.42791599999998,37.796142000000032],[-122.42853799999995,37.796063000000061],[-122.42860099999996,37.796054000000026],[-122.42957399999995,37.795931000000053],[-122.43018299999994,37.795854000000077],[-122.43014299999999,37.795657000000062],[-122.43006499999996,37.795273000000066],[-122.42998899999998,37.794895000000054],[-122.42980399999999,37.793977000000041],[-122.42962499999999,37.793098000000043],[-122.42944699999998,37.792217000000051],[-122.42926999999997,37.79133900000005],[-122.42909199999997,37.790459000000055],[-122.42890499999999,37.78953400000006],[-122.42725999999999,37.789743000000044],[-122.42561599999999,37.789952000000028],[-122.42397499999998,37.790160000000071],[-122.42232899999999,37.790370000000053],[-122.42245499999996,37.790472000000079],[-122.42259899999999,37.791183000000046],[-122.42251499999998,37.791289000000063],[-122.42416099999997,37.791081000000077],[-122.42580199999998,37.790874000000031],[-122.42597999999998,37.791757000000075],[-122.42615699999999,37.792634000000078],[-122.42633499999999,37.793517000000065],[-122.42651399999994,37.794398000000058],[-122.42669999999998,37.795316000000071],[-122.42687199999995,37.796171000000072],[-122.42689299999995,37.796272000000044]]]},"properties":{"OBJECTID":80,"STATEFP10":"06","COUNTYFP10":"075","TRACTCE10":"013102","GEOID10":"06075013102","NAME10":"131.02","NAMELSAD10":"Census Tract 131.02","MTFCC10":"G5020","FUNCSTAT10":"S","ALAND10":237981,"AWATER10":0,"INTPTLAT10":"+37.7926193","INTPTLON10":"-122.4274293","OBJECTID_1":2376,"trctidfp10":"06075013102","stcou":"06075","pdenied":1.1655011177062988,"JOINID":"06075013102","STCOU_TXT":"06075","Shape_Length":0.026236346088027607,"Shape_Area":2.4343133500069307e-05}},{"type":"Feature","id":81,"geometry":{"type":"Polygon","coordinates":[[[-122.42447999999996,37.796578000000068],[-122.42524999999995,37.796481000000028],[-122.42689299999995,37.796272000000044],[-122.42687199999995,37.796171000000072],[-122.42669999999998,37.795316000000071],[-122.42651399999994,37.794398000000058],[-122.42633499999999,37.793517000000065],[-122.42615699999999,37.792634000000078],[-122.42597999999998,37.791757000000075],[-122.42580199999998,37.790874000000031],[-122.42416099999997,37.791081000000077],[-122.42251499999998,37.791289000000063],[-122.42263599999995,37.791369000000032],[-122.42277799999999,37.792068000000029],[-122.42269399999998,37.792175000000043],[-122.42281599999995,37.792255000000068],[-122.42295499999994,37.792944000000034],[-122.42287099999999,37.793050000000051],[-122.42299299999996,37.793130000000076],[-122.42313299999995,37.793829000000073],[-122.42304899999999,37.793935000000033],[-122.42316999999997,37.794015000000059],[-122.42331099999996,37.794711000000063],[-122.42322699999994,37.79481700000008],[-122.42334799999998,37.794897000000049],[-122.42349299999995,37.795614000000057],[-122.42341299999998,37.795737000000031],[-122.42353899999995,37.79583800000006],[-122.42368899999997,37.796580000000063],[-122.42360099999996,37.796691000000067],[-122.42447999999996,37.796578000000068]]]},"properties":{"OBJECTID":81,"STATEFP10":"06","COUNTYFP10":"075","TRACTCE10":"013101","GEOID10":"06075013101","NAME10":"131.01","NAMELSAD10":"Census Tract 131.01","MTFCC10":"G5020","FUNCSTAT10":"S","ALAND10":172973,"AWATER10":0,"INTPTLAT10":"+37.7937758","INTPTLON10":"-122.4247493","OBJECTID_1":2375,"trctidfp10":"06075013101","stcou":"06075","pdenied":0.60060060024261475,"JOINID":"06075013101","STCOU_TXT":"06075","Shape_Length":0.018185094662543384,"Shape_Area":1.7693714999998629e-05}},{"type":"Feature","id":82,"geometry":{"type":"Polygon","coordinates":[[[-122.42947099999998,37.800678000000062],[-122.42966699999999,37.801654000000042],[-122.42985499999998,37.802583000000027],[-122.43004499999995,37.803518000000054],[-122.43167899999997,37.803267000000062],[-122.43332799999996,37.803057000000024],[-122.43497299999996,37.80284800000004],[-122.43669299999999,37.802628000000027],[-122.43676399999998,37.80252500000006],[-122.43638099999998,37.800895000000025],[-122.43627399999997,37.800814000000059],[-122.43622499999998,37.800722000000064],[-122.43604599999998,37.799843000000067],[-122.43596099999996,37.799419000000057],[-122.43586599999998,37.798952000000043],[-122.43577199999999,37.79848700000008],[-122.43567799999994,37.798021000000062],[-122.43403599999999,37.798230000000046],[-122.43239299999999,37.79843900000003],[-122.43074699999994,37.798648000000071],[-122.42910199999994,37.798858000000052],[-122.42745699999995,37.799067000000036],[-122.42663099999999,37.799172000000056],[-122.42581399999995,37.799276000000077],[-122.42417099999994,37.799485000000061],[-122.42429199999998,37.79956500000003],[-122.42444299999994,37.800312000000076],[-122.42435899999998,37.800415000000044],[-122.42600099999999,37.80020600000006],[-122.42649399999999,37.800143000000048],[-122.42678799999999,37.800106000000028],[-122.42764499999998,37.799997000000076],[-122.42928999999998,37.799788000000035],[-122.42947099999998,37.800678000000062]]]},"properties":{"OBJECTID":82,"STATEFP10":"06","COUNTYFP10":"075","TRACTCE10":"012902","GEOID10":"06075012902","NAME10":"129.02","NAMELSAD10":"Census Tract 129.02","MTFCC10":"G5020","FUNCSTAT10":"S","ALAND10":352546,"AWATER10":0,"INTPTLAT10":"+37.8006155","INTPTLON10":"-122.4321032","OBJECTID_1":2373,"trctidfp10":"06075012902","stcou":"06075","pdenied":2.2026431560516357,"JOINID":"06075012902","STCOU_TXT":"06075","Shape_Length":0.032917662098025893,"Shape_Area":3.6065236999932748e-05}},{"type":"Feature","id":83,"geometry":{"type":"Polygon","coordinates":[[[-122.42462299999994,37.801201000000049],[-122.42453799999998,37.801304000000073],[-122.42466799999994,37.801426000000049],[-122.42481499999997,37.802175000000034],[-122.42473099999995,37.80228100000005],[-122.42485299999998,37.802361000000076],[-122.42500399999994,37.803107000000068],[-122.42491899999999,37.803206000000046],[-122.42504199999996,37.803293000000053],[-122.42519099999998,37.804027000000076],[-122.42510999999996,37.80414600000006],[-122.42564599999997,37.804078000000061],[-122.42675599999995,37.803936000000078],[-122.42768699999999,37.803818000000035],[-122.42839999999995,37.803727000000038],[-122.43004499999995,37.803518000000054],[-122.42985499999998,37.802583000000027],[-122.42966699999999,37.801654000000042],[-122.42947099999998,37.800678000000062],[-122.42928999999998,37.799788000000035],[-122.42764499999998,37.799997000000076],[-122.42678799999999,37.800106000000028],[-122.42649399999999,37.800143000000048],[-122.42600099999999,37.80020600000006],[-122.42435899999998,37.800415000000044],[-122.42447999999996,37.800495000000069],[-122.42462299999994,37.801201000000049]]]},"properties":{"OBJECTID":83,"STATEFP10":"06","COUNTYFP10":"075","TRACTCE10":"012901","GEOID10":"06075012901","NAME10":"129.01","NAMELSAD10":"Census Tract 129.01","MTFCC10":"G5020","FUNCSTAT10":"S","ALAND10":181115,"AWATER10":0,"INTPTLAT10":"+37.8019611","INTPTLON10":"-122.4272460","OBJECTID_1":2372,"trctidfp10":"06075012901","stcou":"06075","pdenied":2.2935779094696045,"JOINID":"06075012901","STCOU_TXT":"06075","Shape_Length":0.01790798390381863,"Shape_Area":1.8528285000065875e-05}},{"type":"Feature","id":84,"geometry":{"type":"Polygon","coordinates":[[[-122.42768699999999,37.803818000000035],[-122.42675599999995,37.803936000000078],[-122.42564599999997,37.804078000000061],[-122.42510999999996,37.80414600000006],[-122.42523099999994,37.804226000000028],[-122.42538199999996,37.80497100000008],[-122.42529899999994,37.805078000000037],[-122.42548799999997,37.806010000000072],[-122.42562799999996,37.806456000000026],[-122.42577999999997,37.806715000000054],[-122.42625699999996,37.807185000000061],[-122.42648899999995,37.807652000000076],[-122.42659199999997,37.808066000000053],[-122.42661299999997,37.808152000000064],[-122.42647299999999,37.808071000000041],[-122.42648599999995,37.808164000000033],[-122.42652199999998,37.808151000000066],[-122.42653499999994,37.808287000000064],[-122.42659699999996,37.808627000000058],[-122.42661799999996,37.808824000000072],[-122.42663599999997,37.808794000000034],[-122.42662199999995,37.808906000000036],[-122.42661199999998,37.809108000000037],[-122.42658299999999,37.809275000000071],[-122.42653599999994,37.809440000000052],[-122.42648399999996,37.809567000000072],[-122.42667099999994,37.809639000000061],[-122.42662499999994,37.809740000000033],[-122.42652699999996,37.809905000000072],[-122.42640999999998,37.810064000000068],[-122.42627699999997,37.810213000000033],[-122.42621999999994,37.81027000000006],[-122.42616599999997,37.810313000000065],[-122.42614799999996,37.810335000000066],[-122.42600499999998,37.81044200000008],[-122.42587499999996,37.810521000000051],[-122.42573699999997,37.810592000000042],[-122.42556299999995,37.810663000000034],[-122.42537999999996,37.810719000000063],[-122.42522199999996,37.810755000000029],[-122.42506099999997,37.810779000000025],[-122.42489799999998,37.810792000000049],[-122.42487599999998,37.810799000000031],[-122.42590199999995,37.812057000000038],[-122.42518199999995,37.812628000000075],[-122.43008199999997,37.811828000000048],[-122.44308199999995,37.809728000000064],[-122.43955099999999,37.808883000000037],[-122.44087099999996,37.806979000000069],[-122.44092099999995,37.806944000000044],[-122.44104299999998,37.806926000000033],[-122.44119399999994,37.806917000000055],[-122.44124199999999,37.806896000000052],[-122.44127499999996,37.806900000000041],[-122.44130599999994,37.806883000000028],[-122.44141599999995,37.806884000000025],[-122.44141999999999,37.806912000000068],[-122.44089599999995,37.806988000000047],[-122.44091199999997,37.807082000000037],[-122.44093799999996,37.807080000000042],[-122.44092299999994,37.807004000000063],[-122.44100299999997,37.806993000000034],[-122.44101899999998,37.807072000000062],[-122.44105199999996,37.807071000000064],[-122.44103799999999,37.806988000000047],[-122.44111599999997,37.806977000000074],[-122.44113199999998,37.807059000000038],[-122.44116299999996,37.807056000000046],[-122.44115099999999,37.80697200000003],[-122.44122499999997,37.806962000000055],[-122.44123899999994,37.807043000000078],[-122.44126499999999,37.807041000000027],[-122.44125299999996,37.806969000000038],[-122.44128099999995,37.806965000000048],[-122.44129199999998,37.807033000000047],[-122.44131799999997,37.807031000000052],[-122.44130599999994,37.806959000000063],[-122.44134499999996,37.806957000000068],[-122.44135599999998,37.807026000000064],[-122.44137899999998,37.807025000000067],[-122.44136499999996,37.806941000000052],[-122.44142999999997,37.806930000000079],[-122.44144599999998,37.807012000000043],[-122.44147799999996,37.807010000000048],[-122.44146599999999,37.806925000000035],[-122.44153999999997,37.806917000000055],[-122.44154999999995,37.806984000000057],[-122.44157999999999,37.806982000000062],[-122.44157299999995,37.806913000000065],[-122.44164599999999,37.806905000000029],[-122.44165899999996,37.806973000000028],[-122.44168999999999,37.80697200000003],[-122.44168399999995,37.806901000000039],[-122.44174999999996,37.806893000000059],[-122.44176199999998,37.806962000000055],[-122.44179399999996,37.806959000000063],[-122.44178599999998,37.806889000000069],[-122.44184699999994,37.80688200000003],[-122.44185799999997,37.806949000000031],[-122.44188999999994,37.806947000000036],[-122.44188199999996,37.80687800000004],[-122.44194299999998,37.806871000000058],[-122.44195599999995,37.806936000000064],[-122.44198399999999,37.806934000000069],[-122.44197599999995,37.806867000000068],[-122.44203899999997,37.806860000000029],[-122.44204999999999,37.806926000000033],[-122.44208099999997,37.80692300000004],[-122.44207199999994,37.806856000000039],[-122.44213699999995,37.806849000000057],[-122.44214699999998,37.806912000000068],[-122.44217799999996,37.806910000000073],[-122.44216699999998,37.806845000000067],[-122.44224299999996,37.80683700000003],[-122.44229299999995,37.807101000000046],[-122.44222199999996,37.807116000000065],[-122.44219999999996,37.807056000000046],[-122.44216799999998,37.80706200000003],[-122.44218999999998,37.807123000000047],[-122.44212999999996,37.807136000000071],[-122.44210799999996,37.807075000000054],[-122.44207599999999,37.807079000000044],[-122.44209299999994,37.807144000000051],[-122.44203799999997,37.807156000000077],[-122.44201599999997,37.807093000000066],[-122.44198299999999,37.807099000000051],[-122.44200399999994,37.807164000000057],[-122.44194299999998,37.807177000000024],[-122.44192399999997,37.807112000000075],[-122.44188999999994,37.807119000000057],[-122.44191199999995,37.807184000000063],[-122.44184899999999,37.807197000000031],[-122.44182899999998,37.807134000000076],[-122.44179499999996,37.807139000000063],[-122.44181499999996,37.807205000000067],[-122.44174999999996,37.807219000000032],[-122.44172999999995,37.807154000000025],[-122.44169399999998,37.80716300000006],[-122.44171499999999,37.807227000000069],[-122.44164399999994,37.807242000000031],[-122.44162299999999,37.807179000000076],[-122.44159199999996,37.807184000000063],[-122.44161099999997,37.80724900000007],[-122.44153799999998,37.807265000000029],[-122.44151199999999,37.807186000000058],[-122.44148099999995,37.807193000000041],[-122.44150499999995,37.807272000000069],[-122.44143999999994,37.807286000000033],[-122.44140899999996,37.807210000000055],[-122.44137899999998,37.807216000000039],[-122.44140499999997,37.80729400000007],[-122.44133599999998,37.807309000000032],[-122.44130999999999,37.807230000000061],[-122.44128099999995,37.807237000000043],[-122.44130299999995,37.807316000000071],[-122.44123499999995,37.807331000000033],[-122.44120299999997,37.80725300000006],[-122.44117399999999,37.807259000000045],[-122.44119899999998,37.80733900000007],[-122.44112199999995,37.80735500000003],[-122.44109199999997,37.807278000000053],[-122.44106299999999,37.807285000000036],[-122.44108899999998,37.807363000000066],[-122.44100699999996,37.80738000000008],[-122.44098499999996,37.807307000000037],[-122.44095999999996,37.807312000000024],[-122.44099099999994,37.807410000000061],[-122.44097599999998,37.807465000000036],[-122.44099999999997,37.807471000000078],[-122.44102399999997,37.80739600000004],[-122.44109399999996,37.807381000000078],[-122.44107399999996,37.807435000000055],[-122.44110499999999,37.807443000000035],[-122.44112899999999,37.807374000000038],[-122.44120799999996,37.807356000000027],[-122.44118899999995,37.807413000000054],[-122.44121699999999,37.807419000000039],[-122.44124199999999,37.807349000000045],[-122.44131799999997,37.807333000000028],[-122.44129699999996,37.807389000000057],[-122.44132299999995,37.807395000000042],[-122.44134699999995,37.807326000000046],[-122.44142499999998,37.807309000000032],[-122.44140499999997,37.807378000000028],[-122.44142999999997,37.80738400000007],[-122.44145899999995,37.80730200000005],[-122.44149299999998,37.807295000000067],[-122.44147699999996,37.807358000000079],[-122.44150199999996,37.807364000000064],[-122.44152899999995,37.807287000000031],[-122.44155899999998,37.807280000000048],[-122.44153699999998,37.807350000000042],[-122.44156199999998,37.80735500000003],[-122.44159099999996,37.807273000000066],[-122.44167899999997,37.807254000000057],[-122.44165799999996,37.807323000000054],[-122.44168499999995,37.807329000000038],[-122.44171399999999,37.807247000000075],[-122.44179599999995,37.807229000000063],[-122.44177199999996,37.807300000000055],[-122.44179999999994,37.80730600000004],[-122.44182999999998,37.807221000000027],[-122.44191599999999,37.807203000000072],[-122.44188299999996,37.80731000000003],[-122.44190899999995,37.807316000000071],[-122.44195199999996,37.807195000000036],[-122.44207399999999,37.807168000000047],[-122.44204199999996,37.807271000000071],[-122.44206899999995,37.807277000000056],[-122.44211099999995,37.807160000000067],[-122.44214199999999,37.807154000000025],[-122.44210899999996,37.807259000000045],[-122.44213499999995,37.807264000000032],[-122.44217699999996,37.807146000000046],[-122.44221799999997,37.807137000000068],[-122.44218199999995,37.807242000000031],[-122.44220799999999,37.80724900000007],[-122.44224999999994,37.807130000000029],[-122.44229699999994,37.807120000000054],[-122.44231599999995,37.807223000000079],[-122.44257999999996,37.807182000000068],[-122.44257499999998,37.80715500000008],[-122.44233499999996,37.807192000000043],[-122.44226299999997,37.806815000000029],[-122.44226399999997,37.806775000000073],[-122.44229499999994,37.806797000000074],[-122.44232099999999,37.806831000000045],[-122.44235599999996,37.807022000000075],[-122.44235299999997,37.807057000000043],[-122.44237099999998,37.807095000000061],[-122.44240499999995,37.807122000000049],[-122.44244099999997,37.807133000000078],[-122.44248499999998,37.807131000000027],[-122.44252099999994,37.807115000000067],[-122.44254599999999,37.807089000000076],[-122.44255299999998,37.80706200000003],[-122.44254199999995,37.807045000000073],[-122.44252499999999,37.806947000000036],[-122.44212099999999,37.806552000000067],[-122.44210799999996,37.80631900000003],[-122.44220999999999,37.805786000000069],[-122.44226599999996,37.805551000000037],[-122.44212599999997,37.804850000000044],[-122.44206699999995,37.804556000000048],[-122.44193999999999,37.803917000000069],[-122.44190499999996,37.803744000000052],[-122.44103199999995,37.803858000000048],[-122.44019499999996,37.803963000000067],[-122.43925499999995,37.804081000000053],[-122.43800499999998,37.804238000000055],[-122.43704599999995,37.804359000000034],[-122.43711599999995,37.804256000000066],[-122.43699899999996,37.803683000000035],[-122.43689199999994,37.803603000000066],[-122.43696199999999,37.803500000000042],[-122.43681499999997,37.802777000000049],[-122.43669299999999,37.802628000000027],[-122.43497299999996,37.80284800000004],[-122.43332799999996,37.803057000000024],[-122.43167899999997,37.803267000000062],[-122.43004499999995,37.803518000000054],[-122.42839999999995,37.803727000000038],[-122.42768699999999,37.803818000000035]]]},"properties":{"OBJECTID":84,"STATEFP10":"06","COUNTYFP10":"075","TRACTCE10":"012602","GEOID10":"06075012602","NAME10":"126.02","NAMELSAD10":"Census Tract 126.02","MTFCC10":"G5020","FUNCSTAT10":"S","ALAND10":629174,"AWATER10":544218,"INTPTLAT10":"+37.8064760","INTPTLON10":"-122.4356807","OBJECTID_1":2369,"trctidfp10":"06075012602","stcou":"06075","pdenied":1.6064256429672241,"JOINID":"06075012602","STCOU_TXT":"06075","Shape_Length":0.070575887487442118,"Shape_Area":0.0001200479490002315}},{"type":"Feature","id":85,"geometry":{"type":"Polygon","coordinates":[[[-122.43729999999999,37.800684000000047],[-122.43627399999997,37.800814000000059],[-122.43638099999998,37.800895000000025],[-122.43676399999998,37.80252500000006],[-122.43669299999999,37.802628000000027],[-122.43681499999997,37.802777000000049],[-122.43696199999999,37.803500000000042],[-122.43689199999994,37.803603000000066],[-122.43699899999996,37.803683000000035],[-122.43711599999995,37.804256000000066],[-122.43704599999995,37.804359000000034],[-122.43800499999998,37.804238000000055],[-122.43925499999995,37.804081000000053],[-122.44019499999996,37.803963000000067],[-122.44103199999995,37.803858000000048],[-122.44190499999996,37.803744000000052],[-122.44175399999995,37.802985000000035],[-122.44165499999997,37.802510000000041],[-122.44155899999998,37.802050000000065],[-122.44136799999995,37.801126000000068],[-122.44117699999998,37.800190000000043],[-122.44030999999995,37.800301000000047],[-122.43950399999994,37.800403000000074],[-122.43788899999998,37.800609000000065],[-122.43729999999999,37.800684000000047]]]},"properties":{"OBJECTID":85,"STATEFP10":"06","COUNTYFP10":"075","TRACTCE10":"012601","GEOID10":"06075012601","NAME10":"126.01","NAMELSAD10":"Census Tract 126.01","MTFCC10":"G5020","FUNCSTAT10":"S","ALAND10":170683,"AWATER10":0,"INTPTLAT10":"+37.8022695","INTPTLON10":"-122.4391478","OBJECTID_1":2368,"trctidfp10":"06075012601","stcou":"06075","pdenied":2.8571429252624512,"JOINID":"06075012601","STCOU_TXT":"06075","Shape_Length":0.017299692992035012,"Shape_Area":1.7461353999923319e-05}},{"type":"Feature","id":86,"geometry":{"type":"Polygon","coordinates":[[[-122.41086299999995,37.783702000000062],[-122.41076499999997,37.783214000000044],[-122.41241199999996,37.783004000000062],[-122.41300299999995,37.782928000000027],[-122.41405399999996,37.782794000000024],[-122.41386599999998,37.781863000000044],[-122.41367599999995,37.780927000000077],[-122.41348699999998,37.77999200000005],[-122.41336499999994,37.779862000000037],[-122.41260899999997,37.780459000000064],[-122.41251199999999,37.780479000000071],[-122.41249199999999,37.780552000000057],[-122.41198499999996,37.78095200000007],[-122.41169999999994,37.781177000000071],[-122.41145699999998,37.781369000000041],[-122.41039099999995,37.782211000000075],[-122.41029199999997,37.782231000000024],[-122.41027099999997,37.782306000000062],[-122.41005199999995,37.78247900000008],[-122.40918399999998,37.783164000000056],[-122.40905299999997,37.783268000000078],[-122.40895199999994,37.783288000000027],[-122.40893099999994,37.783364000000063],[-122.40868799999998,37.783556000000033],[-122.40815999999995,37.78397300000006],[-122.40806699999996,37.783991000000071],[-122.40804199999997,37.784066000000053],[-122.40742399999999,37.784552000000076],[-122.40733699999998,37.784560000000056],[-122.40769799999998,37.784699000000046],[-122.40785299999999,37.785492000000033],[-122.40866699999998,37.785388000000069],[-122.40878199999997,37.78537300000005],[-122.40949799999999,37.785283000000049],[-122.41113999999999,37.785075000000063],[-122.41095199999995,37.784141000000034],[-122.41086299999995,37.783702000000062]]]},"properties":{"OBJECTID":86,"STATEFP10":"06","COUNTYFP10":"075","TRACTCE10":"012501","GEOID10":"06075012501","NAME10":"125.01","NAMELSAD10":"Census Tract 125.01","MTFCC10":"G5020","FUNCSTAT10":"S","ALAND10":135625,"AWATER10":0,"INTPTLAT10":"+37.7830160","INTPTLON10":"-122.4109765","OBJECTID_1":2366,"trctidfp10":"06075012501","stcou":"06075","pdenied":2.34375,"JOINID":"06075012501","STCOU_TXT":"06075","Shape_Length":0.02051707889597185,"Shape_Area":1.3871294499918297e-05}},{"type":"Feature","id":87,"geometry":{"type":"Polygon","coordinates":[[[-122.41752899999994,37.783311000000026],[-122.41761899999995,37.783778000000041],[-122.41770699999995,37.784236000000078],[-122.41936399999997,37.784029000000032],[-122.42100799999997,37.783824000000038],[-122.42104999999998,37.783712000000037],[-122.42097699999999,37.783352000000036],[-122.42090099999996,37.782977000000074],[-122.42081699999994,37.782894000000056],[-122.42088199999995,37.782776000000069],[-122.42080999999996,37.782417000000066],[-122.42073799999997,37.782053000000076],[-122.42063799999994,37.781961000000024],[-122.42069299999997,37.781852000000072],[-122.42062299999998,37.781494000000066],[-122.42055199999999,37.781126000000029],[-122.42043999999999,37.781031000000041],[-122.42049899999995,37.780909000000065],[-122.42042499999997,37.780583000000036],[-122.42033599999996,37.780190000000061],[-122.42024699999996,37.780075000000068],[-122.42031099999997,37.779917000000069],[-122.41996799999998,37.778312000000028],[-122.41988299999997,37.778251000000068],[-122.41993399999996,37.778120000000058],[-122.41985699999998,37.777732000000071],[-122.41978799999998,37.777387000000033],[-122.41969399999999,37.777300000000025],[-122.41974999999996,37.77719200000007],[-122.419603,37.77645700000005],[-122.41950599999996,37.776369000000045],[-122.41956499999998,37.776262000000031],[-122.41949199999999,37.775894000000051],[-122.41939699999995,37.775422000000049],[-122.41935499999994,37.775234000000069],[-122.41925599999996,37.775147000000061],[-122.41916799999996,37.775278000000071],[-122.41870399999999,37.775645000000054],[-122.41762899999998,37.776494000000071],[-122.41750099999996,37.776541000000066],[-122.41747099999998,37.776618000000042],[-122.41687799999994,37.777085000000056],[-122.41639199999997,37.777469000000053],[-122.41629199999994,37.777494000000047],[-122.41626099999996,37.777572000000077],[-122.41600899999997,37.777773000000025],[-122.41483499999998,37.778701000000069],[-122.41474099999999,37.778719000000081],[-122.41472099999999,37.778791000000069],[-122.41336499999994,37.779862000000037],[-122.41348699999998,37.77999200000005],[-122.41367599999995,37.780927000000077],[-122.41386599999998,37.781863000000044],[-122.41468299999997,37.781759000000079],[-122.41550499999994,37.78165400000006],[-122.41634099999999,37.781549000000041],[-122.41679899999997,37.781491000000074],[-122.41714599999995,37.781447000000071],[-122.41733899999997,37.782379000000049],[-122.41749399999998,37.783139000000062],[-122.41752899999994,37.783311000000026]]]},"properties":{"OBJECTID":87,"STATEFP10":"06","COUNTYFP10":"075","TRACTCE10":"012402","GEOID10":"06075012402","NAME10":"124.02","NAMELSAD10":"Census Tract 124.02","MTFCC10":"G5020","FUNCSTAT10":"S","ALAND10":359016,"AWATER10":0,"INTPTLAT10":"+37.7801250","INTPTLON10":"-122.4177669","OBJECTID_1":2365,"trctidfp10":"06075012402","stcou":"06075","pdenied":2.5735294818878174,"JOINID":"06075012402","STCOU_TXT":"06075","Shape_Length":0.028441715439260988,"Shape_Area":3.6717374000044524e-05}},{"type":"Feature","id":88,"geometry":{"type":"Polygon","coordinates":[[[-122.41733899999997,37.782379000000049],[-122.41714599999995,37.781447000000071],[-122.41679899999997,37.781491000000074],[-122.41634099999999,37.781549000000041],[-122.41550499999994,37.78165400000006],[-122.41468299999997,37.781759000000079],[-122.41386599999998,37.781863000000044],[-122.41405399999996,37.782794000000024],[-122.41424199999994,37.783724000000063],[-122.41434499999997,37.784239000000071],[-122.41442999999998,37.784657000000038],[-122.41477799999996,37.784613000000036],[-122.41607199999999,37.784449000000052],[-122.41770699999995,37.784236000000078],[-122.41761899999995,37.783778000000041],[-122.41752899999994,37.783311000000026],[-122.41749399999998,37.783139000000062],[-122.41733899999997,37.782379000000049]]]},"properties":{"OBJECTID":88,"STATEFP10":"06","COUNTYFP10":"075","TRACTCE10":"012401","GEOID10":"06075012401","NAME10":"124.01","NAMELSAD10":"Census Tract 124.01","MTFCC10":"G5020","FUNCSTAT10":"S","ALAND10":91969,"AWATER10":0,"INTPTLAT10":"+37.7830511","INTPTLON10":"-122.4157890","OBJECTID_1":2364,"trctidfp10":"06075012401","stcou":"06075","pdenied":0,"JOINID":"06075012401","STCOU_TXT":"06075","Shape_Length":0.012305486043436313,"Shape_Area":9.4062689999546281e-06}},{"type":"Feature","id":89,"geometry":{"type":"Polygon","coordinates":[[[-122.41770699999995,37.784236000000078],[-122.41780599999998,37.784710000000075],[-122.41790099999997,37.785167000000058],[-122.41799599999996,37.785642000000053],[-122.41808799999995,37.786101000000031],[-122.41817899999995,37.78656600000005],[-122.41827099999995,37.787038000000052],[-122.41992799999997,37.786828000000071],[-122.42156999999997,37.78661900000003],[-122.42144699999994,37.786528000000033],[-122.42137299999996,37.786166000000037],[-122.42129799999998,37.785794000000067],[-122.42139299999997,37.785686000000055],[-122.42144199999996,37.785567000000071],[-122.42135999999999,37.785214000000053],[-122.42127699999998,37.784857000000045],[-122.42119299999996,37.78475300000008],[-122.42124299999995,37.784635000000037],[-122.42117099999996,37.784283000000073],[-122.42109799999997,37.783915000000036],[-122.42100799999997,37.783824000000038],[-122.41936399999997,37.784029000000032],[-122.41770699999995,37.784236000000078]]]},"properties":{"OBJECTID":89,"STATEFP10":"06","COUNTYFP10":"075","TRACTCE10":"012202","GEOID10":"06075012202","NAME10":"122.02","NAMELSAD10":"Census Tract 122.02","MTFCC10":"G5020","FUNCSTAT10":"S","ALAND10":92784,"AWATER10":0,"INTPTLAT10":"+37.7854142","INTPTLON10":"-122.4196438","OBJECTID_1":2361,"trctidfp10":"06075012202","stcou":"06075","pdenied":5.9259257316589355,"JOINID":"06075012202","STCOU_TXT":"06075","Shape_Length":0.012538065431986916,"Shape_Area":9.4898345000528087e-06}},{"type":"Feature","id":90,"geometry":{"type":"Polygon","coordinates":[[[-122.41461699999996,37.785582000000034],[-122.41470999999996,37.786041000000068],[-122.41480699999994,37.786520000000053],[-122.41499499999998,37.787454000000025],[-122.41663899999998,37.787245000000041],[-122.41698999999994,37.787201000000039],[-122.41827099999995,37.787038000000052],[-122.41817899999995,37.78656600000005],[-122.41808799999995,37.786101000000031],[-122.41799599999996,37.785642000000053],[-122.41790099999997,37.785167000000058],[-122.41780599999998,37.784710000000075],[-122.41770699999995,37.784236000000078],[-122.41607199999999,37.784449000000052],[-122.41477799999996,37.784613000000036],[-122.41442999999998,37.784657000000038],[-122.41452099999998,37.785105000000044],[-122.41456599999998,37.785333000000037],[-122.41461699999996,37.785582000000034]]]},"properties":{"OBJECTID":90,"STATEFP10":"06","COUNTYFP10":"075","TRACTCE10":"012201","GEOID10":"06075012201","NAME10":"122.01","NAMELSAD10":"Census Tract 122.01","MTFCC10":"G5020","FUNCSTAT10":"S","ALAND10":92046,"AWATER10":0,"INTPTLAT10":"+37.7858464","INTPTLON10":"-122.4163535","OBJECTID_1":2360,"trctidfp10":"06075012201","stcou":"06075","pdenied":1.7467249631881714,"JOINID":"06075012201","STCOU_TXT":"06075","Shape_Length":0.012317981477114734,"Shape_Area":9.4147189999384768e-06}},{"type":"Feature","id":91,"geometry":{"type":"Polygon","coordinates":[[[-122.40749999999997,37.79032200000006],[-122.40714899999995,37.790366000000063],[-122.40720899999997,37.790658000000064],[-122.40733999999998,37.791296000000045],[-122.40741699999995,37.791668000000072],[-122.40753599999999,37.792249000000027],[-122.40808899999996,37.792179000000033],[-122.40836399999995,37.792141000000072],[-122.40886399999999,37.792080000000055],[-122.40917099999996,37.792043000000035],[-122.41081799999995,37.791835000000049],[-122.41110199999997,37.791799000000026],[-122.41171199999997,37.79172200000005],[-122.41246099999995,37.791627000000062],[-122.41226599999999,37.790673000000027],[-122.41215399999999,37.790124000000048],[-122.41207599999996,37.789740000000052],[-122.41043299999995,37.78995100000003],[-122.40878599999996,37.790160000000071],[-122.40796999999998,37.790263000000039],[-122.40786899999995,37.790275000000065],[-122.40749999999997,37.79032200000006]]]},"properties":{"OBJECTID":91,"STATEFP10":"06","COUNTYFP10":"075","TRACTCE10":"011902","GEOID10":"06075011902","NAME10":"119.02","NAMELSAD10":"Census Tract 119.02","MTFCC10":"G5020","FUNCSTAT10":"S","ALAND10":93053,"AWATER10":0,"INTPTLAT10":"+37.7909959","INTPTLON10":"-122.4098067","OBJECTID_1":2357,"trctidfp10":"06075011902","stcou":"06075","pdenied":3.2894737720489502,"JOINID":"06075011902","STCOU_TXT":"06075","Shape_Length":0.013778998461375787,"Shape_Area":9.5182349999945795e-06}},{"type":"Feature","id":92,"geometry":{"type":"Polygon","coordinates":[[[-122.41207599999996,37.789740000000052],[-122.41215399999999,37.790124000000048],[-122.41226599999999,37.790673000000027],[-122.41246099999995,37.791627000000062],[-122.41410699999994,37.791416000000027],[-122.41574999999995,37.791206000000045],[-122.41567099999997,37.790812000000074],[-122.41555899999997,37.790254000000061],[-122.41537199999999,37.789320000000032],[-122.41449399999999,37.789432000000033],[-122.41372799999999,37.789529000000073],[-122.41218599999996,37.78972600000003],[-122.41207599999996,37.789740000000052]]]},"properties":{"OBJECTID":92,"STATEFP10":"06","COUNTYFP10":"075","TRACTCE10":"011901","GEOID10":"06075011901","NAME10":"119.01","NAMELSAD10":"Census Tract 119.01","MTFCC10":"G5020","FUNCSTAT10":"S","ALAND10":62294,"AWATER10":0,"INTPTLAT10":"+37.7904728","INTPTLON10":"-122.4139142","OBJECTID_1":2356,"trctidfp10":"06075011901","stcou":"06075","pdenied":1.296296238899231,"JOINID":"06075011901","STCOU_TXT":"06075","Shape_Length":0.010487869707546603,"Shape_Area":6.3719379999589593e-06}},{"type":"Feature","id":93,"geometry":{"type":"Polygon","coordinates":[[[-122.37223499999999,37.729628000000048],[-122.37200599999994,37.729874000000052],[-122.37144399999994,37.730493000000024],[-122.37097799999998,37.731009000000029],[-122.36994499999997,37.732476000000077],[-122.36984899999999,37.732612000000074],[-122.36988999999994,37.732639000000063],[-122.36992899999996,37.732672000000036],[-122.36999099999997,37.732714000000044],[-122.37007699999998,37.732788000000028],[-122.37023199999999,37.732868000000053],[-122.37044499999996,37.732950000000073],[-122.37051099999996,37.733006000000046],[-122.37060399999996,37.733035000000029],[-122.37071299999997,37.733112000000062],[-122.37073399999997,37.733167000000037],[-122.37074199999995,37.733209000000045],[-122.37073899999996,37.733237000000031],[-122.37076299999995,37.733251000000052],[-122.37081199999994,37.733242000000075],[-122.37085499999995,37.73325600000004],[-122.37090699999999,37.733349000000032],[-122.37094599999995,37.733385000000055],[-122.37100899999996,37.733463000000029],[-122.37104099999999,37.733514000000071],[-122.37106899999998,37.733544000000052],[-122.37111899999996,37.733565000000056],[-122.37114299999996,37.733604000000071],[-122.37118199999998,37.733631000000059],[-122.37124799999998,37.733663000000035],[-122.37130599999995,37.733699000000058],[-122.37134499999996,37.733757000000026],[-122.37136599999997,37.733789000000058],[-122.37141299999996,37.733822000000032],[-122.37145199999998,37.733867000000032],[-122.37158999999997,37.734007000000076],[-122.37175699999995,37.734099000000072],[-122.37178399999999,37.734123000000068],[-122.37184999999999,37.734170000000063],[-122.37189299999994,37.734188000000074],[-122.37191299999995,37.734209000000078],[-122.37197699999996,37.734199000000046],[-122.37202399999995,37.734213000000068],[-122.37206599999996,37.734218000000055],[-122.37213499999996,37.73422000000005],[-122.37222999999994,37.734198000000049],[-122.37226399999997,37.734164000000078],[-122.37233799999996,37.734074000000078],[-122.37239099999999,37.734046000000035],[-122.37246699999997,37.734021000000041],[-122.37251599999996,37.73399900000004],[-122.37254699999994,37.73395400000004],[-122.37257099999999,37.733900000000062],[-122.37265999999994,37.733790000000056],[-122.37278699999996,37.733675000000062],[-122.37284299999999,37.73361600000004],[-122.37298799999996,37.733444000000077],[-122.37302599999998,37.733416000000034],[-122.37305599999996,37.733385000000055],[-122.37313299999994,37.73334200000005],[-122.37318399999998,37.733313000000066],[-122.37321699999995,37.733255000000042],[-122.37325499999997,37.733221000000071],[-122.37329199999999,37.73319900000007],[-122.37332699999996,37.733186000000046],[-122.37337199999996,37.733155000000068],[-122.37341199999997,37.733100000000036],[-122.37343599999997,37.733106000000078],[-122.37348099999997,37.733087000000069],[-122.37349999999998,37.733071000000052],[-122.37350099999998,37.732980000000055],[-122.37351199999995,37.732949000000076],[-122.37356799999998,37.732909000000063],[-122.37363699999997,37.732893000000047],[-122.37369399999994,37.732895000000042],[-122.37372499999998,37.732885000000067],[-122.37374699999998,37.732855000000029],[-122.37376099999994,37.732800000000054],[-122.37379899999996,37.732775000000061],[-122.37388299999998,37.732773000000066],[-122.37389299999995,37.732737000000043],[-122.37391199999996,37.732712000000049],[-122.37400299999996,37.732674000000031],[-122.37411299999997,37.732657000000074],[-122.37411999999995,37.732621000000051],[-122.37417699999997,37.732586000000026],[-122.37422999999995,37.732576000000051],[-122.37430999999998,37.732548000000065],[-122.374394,37.732540000000029],[-122.37467599999997,37.732639000000063],[-122.37482299999999,37.732530000000054],[-122.37490499999996,37.732605000000035],[-122.37455799999998,37.732820000000061],[-122.37460899999996,37.73288000000008],[-122.37480499999998,37.732756000000052],[-122.37483299999997,37.732786000000033],[-122.37486699999999,37.732773000000066],[-122.37489099999999,37.732800000000054],[-122.37496999999996,37.732753000000059],[-122.37500899999998,37.732774000000063],[-122.37503399999997,37.732799000000057],[-122.37519699999996,37.732959000000051],[-122.37547599999999,37.73277900000005],[-122.37557399999997,37.732716000000039],[-122.37561699999998,37.732755000000054],[-122.37555399999997,37.732823000000053],[-122.37553999999994,37.732845000000054],[-122.37564499999996,37.732900000000029],[-122.37568499999998,37.732896000000039],[-122.37565199999995,37.732934000000057],[-122.37550699999997,37.733106000000078],[-122.37552299999999,37.733139000000051],[-122.37550999999996,37.733200000000068],[-122.37546399999997,37.733228000000054],[-122.37538199999995,37.733312000000069],[-122.37537599999996,37.733376000000078],[-122.37536199999994,37.73342400000007],[-122.37528899999995,37.733553000000029],[-122.37524999999999,37.733599000000027],[-122.37522899999999,37.733624000000077],[-122.37517099999997,37.733765000000062],[-122.37517199999996,37.733795000000043],[-122.37515399999995,37.733820000000037],[-122.37512299999997,37.733826000000079],[-122.37501299999997,37.733843000000036],[-122.37498199999999,37.733862000000045],[-122.37496399999998,37.733890000000031],[-122.37495699999999,37.733926000000054],[-122.37495199999995,37.734015000000056],[-122.37492699999996,37.73407300000008],[-122.37486799999999,37.73417100000006],[-122.37486899999999,37.734207000000026],[-122.37488199999996,37.734280000000069],[-122.37490299999996,37.734347000000071],[-122.37489299999999,37.734398000000056],[-122.37489299999999,37.734423000000049],[-122.37491299999999,37.734435000000076],[-122.37493899999998,37.734419000000059],[-122.37498099999999,37.734427000000039],[-122.37503599999997,37.734454000000028],[-122.37512899999996,37.734522000000027],[-122.37514599999997,37.734562000000039],[-122.37511599999999,37.734586000000036],[-122.37510499999996,37.734629000000041],[-122.37502999999998,37.734682000000078],[-122.37498799999997,37.734704000000079],[-122.37494699999996,37.734741000000042],[-122.37491399999999,37.734808000000044],[-122.37487099999998,37.734924000000035],[-122.37487699999997,37.734976000000074],[-122.37490799999995,37.735003000000063],[-122.37496599999997,37.735029000000054],[-122.37500799999998,37.735029000000054],[-122.37505799999997,37.735043000000076],[-122.37503699999996,37.73509800000005],[-122.37504199999995,37.735165000000052],[-122.37507499999998,37.735265000000027],[-122.37512599999997,37.735291000000075],[-122.37516499999998,37.735324000000048],[-122.37525399999998,37.735380000000077],[-122.37531999999999,37.735394000000042],[-122.37537299999997,37.735397000000034],[-122.37546099999997,37.735359000000074],[-122.37550199999998,37.735331000000031],[-122.37557199999998,37.735239000000036],[-122.37562899999995,37.735207000000059],[-122.37572999999998,37.735121000000049],[-122.37578299999996,37.735099000000048],[-122.37583299999994,37.735088000000076],[-122.37587399999995,37.735048000000063],[-122.37591699999996,37.735087000000078],[-122.37599999999998,37.735186000000056],[-122.37598999999994,37.73524100000003],[-122.37592799999999,37.735385000000065],[-122.37590199999994,37.735416000000043],[-122.37584999999996,37.735453000000064],[-122.37587699999995,37.735471000000075],[-122.37582799999996,37.735493000000076],[-122.37585499999994,37.735520000000065],[-122.37589799999995,37.735531000000037],[-122.37590999999998,37.735561000000075],[-122.37588099999999,37.735629000000074],[-122.37590499999999,37.73565300000007],[-122.37596499999995,37.735773000000052],[-122.37596599999995,37.735816000000057],[-122.37594799999999,37.735843000000045],[-122.37590199999994,37.735838000000058],[-122.37583099999995,37.735819000000049],[-122.37573699999996,37.735829000000024],[-122.37566499999997,37.735884000000055],[-122.37556499999999,37.735998000000052],[-122.37549299999995,37.736054000000024],[-122.37523699999997,37.736225000000047],[-122.37521999999996,37.736299000000031],[-122.37516499999998,37.736415000000079],[-122.37516799999997,37.736504000000025],[-122.37515199999996,37.736576000000071],[-122.37512199999998,37.736630000000048],[-122.37505099999998,37.736698000000047],[-122.37502799999999,37.736747000000037],[-122.37502899999998,37.736798000000078],[-122.37505199999998,37.736843000000079],[-122.37499399999996,37.73691400000007],[-122.37494199999998,37.73700000000008],[-122.37490499999996,37.737092000000075],[-122.37488399999995,37.737199000000032],[-122.37488299999995,37.737295000000074],[-122.37490199999996,37.737402000000031],[-122.37491599999998,37.737453000000073],[-122.37495099999995,37.73756300000008],[-122.37499599999995,37.737647000000038],[-122.37505499999997,37.737724000000071],[-122.375137,37.737803000000042],[-122.37523299999998,37.737870000000044],[-122.37534199999999,37.737925000000075],[-122.37544599999995,37.737961000000041],[-122.37556299999994,37.737987000000032],[-122.37570399999998,37.738001000000054],[-122.37586899999997,37.738003000000049],[-122.37601799999999,37.737991000000079],[-122.37645799999996,37.738252000000045],[-122.37641699999995,37.73831000000007],[-122.37635199999994,37.738372000000027],[-122.37627199999997,37.738421000000073],[-122.37618199999997,37.738456000000042],[-122.37608399999999,37.738475000000051],[-122.37597899999997,37.738477000000046],[-122.37579099999999,37.738432000000046],[-122.37560899999994,37.738374000000078],[-122.37543299999999,37.738304000000028],[-122.37529899999998,37.738239000000078],[-122.37513999999999,37.738148000000024],[-122.37499999999994,37.738053000000036],[-122.37478199999998,37.737941000000035],[-122.37452699999994,37.737820000000056],[-122.37444299999999,37.737823000000049],[-122.37437899999998,37.737812000000076],[-122.37432799999999,37.737790000000075],[-122.37432199999995,37.737787000000026],[-122.37394999999998,37.737510000000043],[-122.37353699999994,37.737176000000034],[-122.37345599999998,37.737142000000063],[-122.37332799999996,37.737101000000052],[-122.37319599999995,37.737070000000074],[-122.37305999999995,37.737051000000065],[-122.37292299999996,37.737043000000028],[-122.37273699999997,37.737047000000075],[-122.37250899999998,37.737062000000037],[-122.37229899999994,37.737089000000026],[-122.37229999999994,37.737107000000037],[-122.37228799999997,37.737126000000046],[-122.37222199999997,37.737149000000045],[-122.37212899999997,37.737163000000066],[-122.37209999999999,37.737123000000054],[-122.37204999999994,37.737076000000059],[-122.37199599999997,37.737043000000028],[-122.37192799999997,37.737034000000051],[-122.37185799999997,37.737037000000043],[-122.37173699999994,37.73706500000003],[-122.37161599999996,37.737080000000049],[-122.37149399999998,37.737078000000054],[-122.37137399999995,37.737059000000045],[-122.37138099999999,37.737080000000049],[-122.37134799999995,37.737056000000052],[-122.37129699999997,37.737063000000035],[-122.37121699999994,37.737081000000046],[-122.37112299999995,37.737115000000074],[-122.37103799999994,37.737162000000069],[-122.37096499999996,37.737220000000036],[-122.37088399999999,37.737312000000031],[-122.37082899999996,37.737349000000052],[-122.37076699999994,37.737371000000053],[-122.37069999999994,37.737378000000035],[-122.37063299999994,37.737371000000053],[-122.37058999999999,37.737364000000071],[-122.37054899999998,37.737373000000048],[-122.37051699999995,37.737397000000044],[-122.37043099999994,37.737442000000044],[-122.37030699999997,37.737490000000037],[-122.37017599999996,37.737525000000062],[-122.37000099999995,37.737552000000051],[-122.36993599999994,37.737569000000065],[-122.36987299999998,37.737600000000043],[-122.36980899999998,37.737629000000027],[-122.36964799999998,37.737684000000058],[-122.36947999999995,37.737726000000066],[-122.36927899999995,37.737757000000045],[-122.36911299999997,37.737767000000076],[-122.36907199999996,37.737760000000037],[-122.36901999999998,37.737767000000076],[-122.36898099999996,37.737787000000026],[-122.36895299999998,37.737817000000064],[-122.36885499999994,37.737868000000049],[-122.36874999999998,37.737908000000061],[-122.36862399999995,37.737941000000035],[-122.36849399999994,37.737960000000044],[-122.36844599999995,37.737957000000051],[-122.36838899999998,37.737967000000026],[-122.36815399999995,37.737990000000025],[-122.36792099999997,37.738023000000055],[-122.36764899999997,37.73807400000004],[-122.36755399999998,37.738100000000031],[-122.36747499999996,37.738139000000047],[-122.36740399999996,37.738194000000078],[-122.36739399999999,37.738224000000059],[-122.36739899999998,37.738264000000072],[-122.36742199999998,37.738300000000038],[-122.36745999999999,37.738326000000029],[-122.36749799999996,37.738337000000058],[-122.36751899999996,37.738344000000041],[-122.36807999999996,37.738282000000027],[-122.36841199999998,37.73825400000004],[-122.36874399999999,37.738246000000061],[-122.36899399999999,37.738251000000048],[-122.36906699999997,37.738262000000077],[-122.36915199999999,37.73826100000008],[-122.36920899999996,37.738268000000062],[-122.36934199999996,37.738275000000044],[-122.36947499999997,37.738269000000059],[-122.36959799999994,37.738251000000048],[-122.36983899999996,37.738225000000057],[-122.37016099999994,37.73820500000005],[-122.37040399999995,37.738203000000055],[-122.37054199999994,37.738153000000068],[-122.37058599999995,37.738199000000066],[-122.37076199999996,37.738181000000054],[-122.37098299999997,37.738171000000079],[-122.37120399999998,37.738177000000064],[-122.37141799999995,37.738198000000068],[-122.37234199999995,37.738275000000044],[-122.37243699999999,37.738273000000049],[-122.37260299999997,37.738282000000027],[-122.37276599999996,37.738308000000075],[-122.37292399999995,37.73834800000003],[-122.37307399999997,37.73840400000006],[-122.37319599999995,37.738463000000024],[-122.37330899999995,37.738532000000077],[-122.37342899999999,37.738623000000075],[-122.37354699999997,37.738741000000061],[-122.37363299999998,37.73885400000006],[-122.37369199999995,37.738957000000028],[-122.37374799999998,37.73909400000008],[-122.37381099999999,37.739228000000026],[-122.37389899999999,37.739354000000048],[-122.37395999999995,37.739420000000052],[-122.37400399999996,37.739467000000047],[-122.37401199999999,37.73949900000008],[-122.37400399999996,37.739530000000059],[-122.37360699999999,37.73959300000007],[-122.37345299999998,37.739619000000062],[-122.37342299999995,37.739635000000078],[-122.37340799999998,37.739659000000074],[-122.37126399999994,37.739793000000077],[-122.37125899999995,37.73974000000004],[-122.37125299999997,37.739664000000062],[-122.37123499999996,37.739665000000059],[-122.37121899999994,37.739666000000057],[-122.36827399999999,37.739828000000045],[-122.36828599999996,37.73997600000007],[-122.36786799999999,37.739994000000024],[-122.36763099999996,37.740134000000069],[-122.36907899999994,37.741644000000065],[-122.37276199999997,37.745505000000037],[-122.37295599999999,37.745387000000051],[-122.37298599999997,37.745397000000025],[-122.37307299999998,37.745413000000042],[-122.37317099999996,37.745415000000037],[-122.37327499999998,37.745400000000075],[-122.37335699999994,37.745372000000032],[-122.37343099999998,37.745333000000073],[-122.37385399999999,37.745086000000072],[-122.37384299999997,37.745047000000056],[-122.37386399999997,37.745013000000029],[-122.37390699999997,37.74497800000006],[-122.37396099999995,37.744956000000059],[-122.37402399999996,37.744949000000076],[-122.37408699999997,37.744960000000049],[-122.37411699999996,37.744975000000068],[-122.37611299999998,37.741477000000032],[-122.37684699999994,37.740192000000036],[-122.37741999999997,37.739557000000048],[-122.37772199999995,37.739221000000043],[-122.37910999999997,37.737680000000069],[-122.37916899999999,37.737766000000079],[-122.38010999999995,37.738308000000075],[-122.38036599999998,37.73853100000008],[-122.38079699999997,37.73877600000003],[-122.38094299999995,37.73876400000006],[-122.38155799999998,37.73812300000003],[-122.38174299999997,37.73792700000007],[-122.38179499999995,37.737770000000069],[-122.38180699999998,37.737732000000051],[-122.38179999999994,37.737568000000067],[-122.38176699999997,37.73746600000004],[-122.38173699999999,37.737371000000053],[-122.38172499999996,37.737254000000064],[-122.38180799999998,37.737141000000065],[-122.38197299999996,37.737083000000041],[-122.38212099999998,37.737097000000063],[-122.38287199999996,37.73727800000006],[-122.38339399999995,37.737552000000051],[-122.38373199999995,37.737590000000068],[-122.38404699999995,37.737514000000033],[-122.38384199999996,37.737220000000036],[-122.38369299999999,37.736813000000041],[-122.38363799999996,37.736605000000054],[-122.38357599999995,37.736370000000079],[-122.38342499999999,37.735803000000033],[-122.38338399999998,37.735647000000029],[-122.38323399999996,37.735211000000049],[-122.38313399999998,37.734977000000072],[-122.38296199999996,37.73460300000005],[-122.38293399999998,37.734543000000031],[-122.38291899999996,37.734511000000055],[-122.38235999999995,37.733715000000075],[-122.38227899999998,37.733632000000057],[-122.38202999999999,37.733373000000029],[-122.38185199999998,37.733188000000041],[-122.38131299999998,37.732812000000024],[-122.38098199999996,37.732645000000048],[-122.38062299999996,37.732508000000053],[-122.38032699999997,37.732425000000035],[-122.38018499999998,37.732422000000042],[-122.38013299999994,37.73255400000005],[-122.38018599999998,37.732660000000067],[-122.38065999999998,37.732984000000044],[-122.38101799999998,37.733237000000031],[-122.38129499999997,37.733463000000029],[-122.38147599999996,37.733714000000077],[-122.38143999999994,37.733889000000033],[-122.38128399999999,37.734034000000065],[-122.38019999999995,37.73343200000005],[-122.38011099999994,37.733398000000079],[-122.37993199999994,37.733381000000065],[-122.37992299999996,37.733210000000042],[-122.37959599999999,37.732465000000047],[-122.37958099999997,37.732392000000061],[-122.37947499999996,37.732192000000055],[-122.37934599999994,37.731837000000041],[-122.37934699999994,37.731679000000042],[-122.37934799999999,37.731544000000042],[-122.37947499999996,37.731228000000044],[-122.37955199999999,37.73110900000006],[-122.37964799999997,37.730960000000039],[-122.37977899999998,37.730799000000047],[-122.37990099999996,37.730719000000079],[-122.37999499999995,37.730657000000065],[-122.38031099999995,37.730529000000047],[-122.38063999999997,37.730504000000053],[-122.38143899999994,37.730582000000027],[-122.38178199999999,37.730617000000052],[-122.38208999999995,37.730635000000063],[-122.38226999999995,37.730620000000044],[-122.38262799999995,37.730512000000033],[-122.38277599999998,37.73041900000004],[-122.38288799999998,37.730342000000064],[-122.38343099999997,37.729738000000054],[-122.38156399999997,37.728678000000059],[-122.37999199999996,37.72778500000004],[-122.37969699999996,37.727618000000064],[-122.37959899999998,37.72773200000006],[-122.37917499999998,37.728232000000048],[-122.37854199999998,37.728942000000075],[-122.37827799999997,37.728964000000076],[-122.37768099999994,37.728630000000067],[-122.37668099999996,37.728530000000035],[-122.37376599999999,37.728005000000053],[-122.37369999999999,37.728057000000035],[-122.37363999999997,37.728106000000025],[-122.37343999999996,37.728326000000038],[-122.37315799999999,37.728639000000044],[-122.37277499999999,37.729050000000029],[-122.37258399999996,37.72925500000008],[-122.37223499999999,37.729628000000048]]]},"properties":{"OBJECTID":93,"STATEFP10":"06","COUNTYFP10":"075","TRACTCE10":"023103","GEOID10":"06075023103","NAME10":"231.03","NAMELSAD10":"Census Tract 231.03","MTFCC10":"G5020","FUNCSTAT10":"S","ALAND10":1255643,"AWATER10":0,"INTPTLAT10":"+37.7356318","INTPTLON10":"-122.3759653","OBJECTID_1":2442,"trctidfp10":"06075023103","stcou":"06075","pdenied":1.8867924213409424,"JOINID":"06075023103","STCOU_TXT":"06075","Shape_Length":0.10069997511446964,"Shape_Area":0.00012834233950007244}},{"type":"Feature","id":94,"geometry":{"type":"Polygon","coordinates":[[[-122.39234899999997,37.730067000000076],[-122.39237199999997,37.730203000000074],[-122.39224099999996,37.730577000000039],[-122.39214699999997,37.730642000000046],[-122.39219199999997,37.730697000000077],[-122.39214899999996,37.730822000000046],[-122.39207299999998,37.730855000000076],[-122.39211099999994,37.730950000000064],[-122.39189899999997,37.731555000000071],[-122.39179699999994,37.731644000000074],[-122.39181999999994,37.731781000000069],[-122.39164,37.732295000000079],[-122.39152099999995,37.732432000000074],[-122.39390399999996,37.733788000000061],[-122.39333999999997,37.734413000000075],[-122.39277599999997,37.735038000000031],[-122.39466199999998,37.736107000000061],[-122.39492399999995,37.736255000000028],[-122.39568599999996,37.736686000000077],[-122.39651499999997,37.737156000000027],[-122.39708199999995,37.736533000000065],[-122.39764899999994,37.735913000000039],[-122.39801399999999,37.735515000000078],[-122.39820899999995,37.735308000000032],[-122.39834199999996,37.734311000000048],[-122.39839099999995,37.734088000000042],[-122.39848799999999,37.733808000000067],[-122.39858499999997,37.733639000000039],[-122.40002199999998,37.732311000000038],[-122.39942299999996,37.731703000000039],[-122.40029299999998,37.731478000000038],[-122.40028099999995,37.731399000000067],[-122.39985399999995,37.730382000000077],[-122.39986699999997,37.730292000000077],[-122.39896999999996,37.730165000000056],[-122.39807399999995,37.730037000000038],[-122.39738999999997,37.729940000000056],[-122.39717699999994,37.729910000000075],[-122.39696899999996,37.729880000000037],[-122.39640899999995,37.729801000000066],[-122.39601399999998,37.729745000000037],[-122.39537699999994,37.729654000000039],[-122.39488599999999,37.729584000000045],[-122.39447899999999,37.729527000000076],[-122.39358199999998,37.729399000000058],[-122.39262499999995,37.729278000000079],[-122.39266099999998,37.729376000000059],[-122.39245299999999,37.729972000000032],[-122.39234899999997,37.730067000000076]]]},"properties":{"OBJECTID":94,"STATEFP10":"06","COUNTYFP10":"075","TRACTCE10":"023003","GEOID10":"06075023003","NAME10":"230.03","NAMELSAD10":"Census Tract 230.03","MTFCC10":"G5020","FUNCSTAT10":"S","ALAND10":409985,"AWATER10":0,"INTPTLAT10":"+37.7326723","INTPTLON10":"-122.3958269","OBJECTID_1":2440,"trctidfp10":"06075023003","stcou":"06075","pdenied":0.42283296585083008,"JOINID":"06075023003","STCOU_TXT":"06075","Shape_Length":0.028805272235280292,"Shape_Area":4.1903919999922349e-05}},{"type":"Feature","id":95,"geometry":{"type":"Polygon","coordinates":[[[-122.38897599999996,37.708331000000044],[-122.38748199999998,37.708331000000044],[-122.38108099999999,37.708431000000076],[-122.37948899999998,37.708414000000062],[-122.37940099999997,37.708406000000025],[-122.37606299999999,37.708364000000074],[-122.37562399999996,37.708373000000051],[-122.37168099999997,37.708331000000044],[-122.36038099999996,37.708331000000044],[-122.37611099999998,37.716117000000054],[-122.37613999999996,37.716113000000064],[-122.37616499999996,37.716154000000074],[-122.37623199999996,37.716209000000049],[-122.37643499999996,37.716310000000078],[-122.37648699999994,37.716343000000052],[-122.37653599999999,37.716392000000042],[-122.37657799999999,37.716425000000072],[-122.37663499999996,37.716455000000053],[-122.37678099999999,37.716568000000052],[-122.37687299999999,37.716630000000066],[-122.37717399999997,37.716801000000032],[-122.37719199999998,37.716851000000077],[-122.37727999999998,37.716860000000054],[-122.37745099999995,37.71696200000008],[-122.37788299999994,37.717189000000076],[-122.37822099999994,37.717328000000066],[-122.37855099999996,37.717511000000059],[-122.37865899999997,37.717579000000057],[-122.37885599999998,37.717671000000053],[-122.37893999999994,37.717718000000048],[-122.37901399999998,37.717745000000036],[-122.37903299999999,37.717775000000074],[-122.37907599999994,37.717783000000054],[-122.37922499999996,37.717883000000029],[-122.37940799999996,37.718042000000025],[-122.37943699999994,37.718110000000024],[-122.37947899999995,37.718156000000079],[-122.37953499999998,37.718192000000045],[-122.37959199999995,37.718249000000071],[-122.37965999999994,37.718291000000079],[-122.37970499999994,37.718352000000039],[-122.37978299999997,37.718361000000073],[-122.37987399999997,37.718388000000061],[-122.37994399999997,37.718446000000029],[-122.38001999999994,37.718477000000064],[-122.38010999999995,37.718484000000046],[-122.38020399999999,37.718523000000062],[-122.38026199999996,37.718597000000045],[-122.38032899999996,37.718673000000024],[-122.38042199999995,37.718721000000073],[-122.38056899999998,37.718754000000047],[-122.38071899999994,37.718780000000038],[-122.38082799999995,37.718776000000048],[-122.38095499999997,37.718765000000076],[-122.38111399999997,37.718757000000039],[-122.38129499999997,37.71878300000003],[-122.38140599999997,37.718877000000077],[-122.38150699999994,37.718998000000056],[-122.38156699999996,37.71911300000005],[-122.38160799999997,37.719182000000046],[-122.38168899999999,37.719272000000046],[-122.38174899999996,37.719350000000077],[-122.38200899999998,37.719496000000049],[-122.38214099999999,37.719552000000078],[-122.38251799999995,37.719768000000045],[-122.38262399999996,37.719839000000036],[-122.38272699999999,37.719886000000031],[-122.38284999999996,37.719923000000051],[-122.38319699999994,37.720090000000027],[-122.38325099999997,37.720151000000044],[-122.38325099999997,37.720289000000037],[-122.38330599999995,37.720316000000025],[-122.38331399999998,37.720358000000033],[-122.38336699999996,37.720333000000039],[-122.38339699999995,37.720353000000046],[-122.38340799999997,37.720433000000071],[-122.38339999999999,37.720510000000047],[-122.38336999999996,37.720612000000074],[-122.38332599999995,37.720699000000025],[-122.38316699999996,37.72091800000004],[-122.38311699999997,37.720966000000033],[-122.38305599999995,37.72100000000006],[-122.38299899999998,37.721038000000078],[-122.38294799999994,37.721088000000066],[-122.38290899999998,37.72115000000008],[-122.38280599999996,37.721353000000079],[-122.38273799999996,37.721556000000078],[-122.38273199999998,37.721640000000036],[-122.38272199999994,37.721690000000081],[-122.38272299999994,37.721724000000052],[-122.38276299999995,37.721774000000039],[-122.38281999999998,37.721872000000076],[-122.38364699999994,37.720413000000065],[-122.38408599999997,37.719667000000072],[-122.38415599999996,37.719521000000043],[-122.38515699999999,37.71840700000007],[-122.38569699999999,37.717797000000076],[-122.38626499999998,37.717179000000044],[-122.38684999999998,37.717509000000064],[-122.38791199999997,37.716328000000033],[-122.38813099999999,37.716298000000052],[-122.38913599999995,37.716879000000063],[-122.38927799999999,37.716961000000026],[-122.39020499999998,37.717498000000035],[-122.39114099999995,37.71804000000003],[-122.39159899999999,37.717526000000078],[-122.39238899999998,37.717886000000078],[-122.39261299999998,37.717959000000064],[-122.39354499999996,37.718487000000039],[-122.39543099999997,37.719558000000063],[-122.39661699999999,37.720231000000069],[-122.39673399999998,37.720139000000074],[-122.39697499999994,37.719608000000051],[-122.39695399999999,37.71947700000004],[-122.39707299999998,37.719381000000055],[-122.39747099999994,37.718941000000029],[-122.39747899999998,37.718834000000072],[-122.39749399999999,37.718728000000056],[-122.39798099999996,37.71817800000008],[-122.39802899999995,37.718204000000071],[-122.39843399999995,37.717740000000049],[-122.39851499999997,37.71766400000007],[-122.39840699999996,37.717049000000031],[-122.39836699999995,37.716413000000045],[-122.39832799999999,37.716259000000036],[-122.39848099999995,37.715984000000049],[-122.39859599999994,37.715810000000033],[-122.39864999999998,37.715729000000067],[-122.39881899999995,37.715473000000031],[-122.39883399999997,37.71545100000003],[-122.39891199999994,37.715396000000055],[-122.39899099999997,37.715339000000029],[-122.39894299999997,37.715187000000071],[-122.39919899999995,37.714536000000066],[-122.39935899999995,37.714273000000048],[-122.39975499999997,37.713858000000073],[-122.40001699999999,37.713584000000026],[-122.40047399999997,37.71311600000007],[-122.40065799999996,37.713058000000046],[-122.40083399999997,37.713008000000059],[-122.40096999999997,37.712869000000069],[-122.40103799999997,37.712815000000035],[-122.40125999999998,37.712642000000073],[-122.40164399999998,37.712484000000075],[-122.40199599999994,37.712398000000064],[-122.40212799999995,37.712361000000044],[-122.40236599999997,37.712294000000043],[-122.40245899999996,37.712179000000049],[-122.40265499999998,37.712198000000058],[-122.40281999999996,37.712135000000046],[-122.40310099999999,37.711969000000067],[-122.40328,37.711818000000051],[-122.40368699999999,37.71127800000005],[-122.40364999999997,37.711189000000047],[-122.40377499999994,37.711159000000066],[-122.40424899999999,37.710519000000033],[-122.40422599999999,37.710409000000027],[-122.40437699999995,37.710365000000024],[-122.40468199999998,37.709930000000043],[-122.40505499999995,37.70922100000007],[-122.40515299999998,37.708964000000037],[-122.40510899999998,37.708854000000031],[-122.40524399999998,37.708802000000048],[-122.40544299999999,37.70835500000004],[-122.40558199999998,37.708231000000069],[-122.40548699999999,37.708241000000044],[-122.40545299999997,37.708245000000034],[-122.40536499999996,37.708255000000065],[-122.40528999999998,37.708264000000042],[-122.40528099999995,37.70826500000004],[-122.40522599999997,37.708271000000025],[-122.40468199999998,37.708331000000044],[-122.40328199999999,37.708331000000044],[-122.40298199999995,37.708331000000044],[-122.40268199999997,37.708331000000044],[-122.40238199999999,37.708331000000044],[-122.40198199999998,37.708231000000069],[-122.40176499999995,37.708274000000074],[-122.40159099999994,37.708309000000042],[-122.40148199999999,37.708331000000044],[-122.40132699999998,37.708331000000044],[-122.40130699999997,37.708331000000044],[-122.40098199999994,37.708331000000044],[-122.40028199999995,37.708331000000044],[-122.39618099999996,37.708331000000044],[-122.39578199999994,37.708331000000044],[-122.39510699999994,37.70833900000008],[-122.39496999999994,37.708328000000051],[-122.39483399999995,37.708317000000079],[-122.39462799999995,37.708300000000065],[-122.39430799999997,37.708274000000074],[-122.39378199999999,37.708231000000069],[-122.39331999999996,37.708273000000077],[-122.39322599999997,37.708282000000054],[-122.39268199999998,37.708331000000044],[-122.38897599999996,37.708331000000044]]]},"properties":{"OBJECTID":95,"STATEFP10":"06","COUNTYFP10":"075","TRACTCE10":"061000","GEOID10":"06075061000","NAME10":"610","NAMELSAD10":"Census Tract 610","MTFCC10":"G5020","FUNCSTAT10":"S","ALAND10":2169017,"AWATER10":865060,"INTPTLAT10":"+37.7132283","INTPTLON10":"-122.3846994","OBJECTID_1":2527,"trctidfp10":"06075061000","stcou":"06075","pdenied":1.3782541751861572,"JOINID":"06075061000","STCOU_TXT":"06075","Shape_Length":0.10796757998956641,"Shape_Area":0.00031002214150015948}},{"type":"Feature","id":96,"geometry":{"type":"Polygon","coordinates":[[[-122.39091799999994,37.766795000000059],[-122.39058899999998,37.766815000000065],[-122.39028999999999,37.766833000000076],[-122.38909899999999,37.76690300000007],[-122.38816399999996,37.766958000000045],[-122.38803699999994,37.765628000000049],[-122.38791699999996,37.764379000000076],[-122.38760599999995,37.764483000000041],[-122.38661499999995,37.765668000000062],[-122.38593299999997,37.767027000000041],[-122.38582299999996,37.767255000000034],[-122.38486999999998,37.767240000000072],[-122.38484699999998,37.767013000000077],[-122.38298899999995,37.767131000000063],[-122.38286399999998,37.767170000000078],[-122.37968099999995,37.767629000000056],[-122.38058099999995,37.775129000000049],[-122.38168099999996,37.783529000000044],[-122.38471199999998,37.782782000000054],[-122.38472999999999,37.782926000000032],[-122.38474799999995,37.782939000000056],[-122.38742099999996,37.782790000000034],[-122.38752499999998,37.782797000000073],[-122.38762799999995,37.782826000000057],[-122.38806999999997,37.782449000000042],[-122.38807499999996,37.782112000000041],[-122.38809599999996,37.781912000000034],[-122.38830599999994,37.781798000000038],[-122.38833999999997,37.781798000000038],[-122.38875799999994,37.781798000000038],[-122.38899599999996,37.78171100000003],[-122.38916799999998,37.781649000000073],[-122.38938999999999,37.781509000000028],[-122.38975399999998,37.781221000000073],[-122.39052699999996,37.780607000000032],[-122.39106499999997,37.780182000000025],[-122.39221099999997,37.779277000000036],[-122.39274999999998,37.778852000000029],[-122.39328699999999,37.778427000000079],[-122.39353699999998,37.778230000000065],[-122.39385699999997,37.777977000000078],[-122.39498099999997,37.777089000000046],[-122.39720599999998,37.775332000000049],[-122.39796899999999,37.775941000000046],[-122.39875499999999,37.776568000000054],[-122.40091399999994,37.774862000000041],[-122.40098199999994,37.774809000000062],[-122.40056999999996,37.77448000000004],[-122.40021199999995,37.774195000000077],[-122.39943299999999,37.773573000000056],[-122.39951599999995,37.773507000000052],[-122.39964799999996,37.773404000000028],[-122.40165699999994,37.771817000000055],[-122.40387799999996,37.77006300000005],[-122.40408299999996,37.76996900000006],[-122.40439099999998,37.769750000000045],[-122.40498999999994,37.769715000000076],[-122.40487499999995,37.768531000000053],[-122.40474999999998,37.767257000000029],[-122.40462299999996,37.765958000000069],[-122.40449699999999,37.764664000000039],[-122.40352699999994,37.76472300000006],[-122.40256299999999,37.764781000000028],[-122.40159899999998,37.764839000000052],[-122.40063299999997,37.764898000000073],[-122.39966199999998,37.764956000000041],[-122.39870299999995,37.765014000000065],[-122.39773699999995,37.765072000000032],[-122.39677099999994,37.765130000000056],[-122.39580699999999,37.765189000000078],[-122.39482899999996,37.765248000000042],[-122.39384799999999,37.765307000000064],[-122.39386199999996,37.765460000000076],[-122.39387599999998,37.765611000000035],[-122.39390499999996,37.765923000000043],[-122.39391899999998,37.76607400000006],[-122.39396799999997,37.766614000000061],[-122.39300099999997,37.766671000000031],[-122.39097599999997,37.766792000000066],[-122.39091799999994,37.766795000000059]]]},"properties":{"OBJECTID":96,"STATEFP10":"06","COUNTYFP10":"075","TRACTCE10":"060700","GEOID10":"06075060700","NAME10":"607","NAMELSAD10":"Census Tract 607","MTFCC10":"G5020","FUNCSTAT10":"S","ALAND10":2082042,"AWATER10":844297,"INTPTLAT10":"+37.7723808","INTPTLON10":"-122.3906714","OBJECTID_1":2526,"trctidfp10":"06075060700","stcou":"06075","pdenied":2.3905529975891113,"JOINID":"06075060700","STCOU_TXT":"06075","Shape_Length":0.083839489457126784,"Shape_Area":0.00029925494599992807}},{"type":"Feature","id":97,"geometry":{"type":"Polygon","coordinates":[[[-122.42008199999998,37.708231000000069],[-122.42008299999998,37.708311000000037],[-122.41934799999996,37.709947000000057],[-122.41850099999999,37.709709000000032],[-122.41765699999996,37.709471000000065],[-122.41723599999995,37.710057000000063],[-122.41688399999998,37.709950000000049],[-122.41664799999995,37.710473000000036],[-122.41599999999994,37.711915000000033],[-122.41563499999995,37.712733000000071],[-122.42033099999998,37.713967000000025],[-122.42090799999994,37.713774000000058],[-122.42122799999999,37.713310000000035],[-122.42147499999999,37.71220100000005],[-122.42163199999999,37.712185000000034],[-122.42196299999995,37.712018000000057],[-122.42212299999994,37.711718000000076],[-122.42224099999999,37.711317000000065],[-122.42241099999995,37.710971000000029],[-122.42281099999997,37.710511000000054],[-122.42302699999999,37.710377000000051],[-122.42336799999998,37.71030200000007],[-122.42418199999997,37.710265000000049],[-122.42454999999995,37.710102000000063],[-122.42441699999995,37.710047000000031],[-122.42397099999999,37.709678000000054],[-122.42344199999997,37.709376000000077],[-122.42335299999996,37.709251000000052],[-122.42376499999995,37.708342000000073],[-122.42388999999997,37.708236000000056],[-122.42378199999996,37.708230000000071],[-122.42238199999997,37.708230000000071],[-122.42008199999998,37.708231000000069]]]},"properties":{"OBJECTID":97,"STATEFP10":"06","COUNTYFP10":"075","TRACTCE10":"060502","GEOID10":"06075060502","NAME10":"605.02","NAMELSAD10":"Census Tract 605.02","MTFCC10":"G5020","FUNCSTAT10":"S","ALAND10":276433,"AWATER10":0,"INTPTLAT10":"+37.7109991","INTPTLON10":"-122.4199075","OBJECTID_1":2525,"trctidfp10":"06075060502","stcou":"06075","pdenied":2.4844720363616943,"JOINID":"06075060502","STCOU_TXT":"06075","Shape_Length":0.025491549552576254,"Shape_Area":2.824573899999568e-05}},{"type":"Feature","id":98,"geometry":{"type":"Polygon","coordinates":[[[-122.50283199999996,37.708133000000032],[-122.50277799999998,37.708133000000032],[-122.50248499999998,37.708133000000032],[-122.49823299999997,37.708132000000035],[-122.49816899999996,37.708132000000035],[-122.49778299999997,37.708132000000035],[-122.49358299999994,37.708232000000066],[-122.48668999999995,37.708233000000064],[-122.48604199999994,37.708233000000064],[-122.48570199999995,37.708232000000066],[-122.48562999999996,37.708232000000066],[-122.48558999999995,37.708231000000069],[-122.48538199999996,37.708231000000069],[-122.48511699999995,37.708285000000046],[-122.48488299999997,37.708332000000041],[-122.48378299999996,37.708332000000041],[-122.48108299999996,37.708232000000066],[-122.47183699999999,37.708332000000041],[-122.47176099999996,37.708334000000036],[-122.47153099999997,37.708332000000041],[-122.47148499999997,37.708331000000044],[-122.47131899999999,37.708305000000053],[-122.47127699999999,37.708609000000024],[-122.47126799999995,37.708656000000076],[-122.47121499999997,37.708939000000044],[-122.47122499999995,37.70965700000005],[-122.47123899999997,37.710648000000049],[-122.47125199999999,37.711592000000053],[-122.47125499999999,37.711831000000075],[-122.47131099999996,37.71247500000004],[-122.47133699999995,37.712689000000069],[-122.47135499999996,37.712802000000067],[-122.47186899999997,37.71279700000008],[-122.47226899999998,37.712838000000033],[-122.47237099999995,37.712868000000071],[-122.47258399999998,37.71293200000008],[-122.472737,37.712927000000036],[-122.47282099999995,37.713020000000029],[-122.47339099999999,37.713233000000059],[-122.47396399999997,37.713446000000033],[-122.47534199999996,37.714160000000049],[-122.47547499999996,37.714157000000057],[-122.47553699999997,37.714247000000057],[-122.47590699999995,37.714398000000074],[-122.47629299999994,37.714499000000046],[-122.47662399999996,37.714567000000045],[-122.47701599999999,37.714593000000036],[-122.47888599999999,37.714567000000045],[-122.47996099999995,37.714591000000041],[-122.48020499999996,37.714592000000039],[-122.48030199999999,37.714540000000056],[-122.48039099999994,37.714600000000075],[-122.48182199999997,37.714658000000043],[-122.48504299999996,37.714754000000028],[-122.48522899999995,37.714695000000063],[-122.48527599999994,37.714792000000045],[-122.48521099999999,37.716209000000049],[-122.48512699999998,37.718056000000047],[-122.48512799999997,37.718277000000057],[-122.48507599999999,37.718328000000042],[-122.48512799999997,37.718361000000073],[-122.48512899999997,37.718534000000034],[-122.48507699999999,37.718574000000046],[-122.48512899999997,37.718625000000031],[-122.48514299999999,37.722904000000028],[-122.48512199999999,37.723166000000049],[-122.48512699999998,37.723948000000064],[-122.48507499999999,37.724000000000046],[-122.48496199999994,37.724095000000034],[-122.48462899999998,37.724890000000073],[-122.48439299999995,37.725452000000075],[-122.48388099999994,37.726673000000062],[-122.48381599999999,37.726931000000036],[-122.48386399999998,37.727020000000039],[-122.48395699999998,37.727090000000032],[-122.48405299999996,37.727412000000072],[-122.48540499999996,37.729019000000051],[-122.48572199999995,37.729292000000044],[-122.48647299999999,37.729504000000077],[-122.48655199999996,37.729585000000043],[-122.48672399999998,37.729587000000038],[-122.48888999999997,37.730257000000051],[-122.48920499999997,37.730319000000065],[-122.48957999999999,37.730286000000035],[-122.48990099999997,37.730165000000056],[-122.49013499999995,37.730003000000067],[-122.49042499999996,37.729692000000057],[-122.49054699999999,37.729652000000044],[-122.49055899999996,37.729548000000079],[-122.49097399999999,37.729112000000043],[-122.49101099999996,37.729073000000028],[-122.49144199999995,37.728864000000044],[-122.49170899999996,37.728827000000024],[-122.49192899999997,37.728797000000043],[-122.49226699999997,37.728840000000048],[-122.49253799999997,37.728947000000062],[-122.49331099999995,37.729363000000035],[-122.49344399999995,37.729485000000068],[-122.49346999999995,37.729597000000069],[-122.49428599999999,37.729399000000058],[-122.49568799999997,37.729059000000063],[-122.49603499999995,37.729012000000068],[-122.49635699999999,37.72903400000007],[-122.49669899999998,37.72912400000007],[-122.49701699999997,37.729303000000073],[-122.49723299999999,37.729490000000055],[-122.49735399999997,37.729668000000061],[-122.49736399999995,37.729689000000064],[-122.49787099999998,37.730730000000051],[-122.49805999999995,37.731165000000033],[-122.49800199999999,37.731278000000032],[-122.49822999999998,37.731376000000068],[-122.49905899999999,37.731576000000075],[-122.49810699999995,37.732268000000033],[-122.49745599999994,37.733013000000028],[-122.49675999999999,37.733586000000059],[-122.49663599999997,37.733771000000047],[-122.49685599999998,37.733867000000032],[-122.49748699999998,37.733925000000056],[-122.49803099999997,37.734027000000026],[-122.498606,37.734186000000079],[-122.49903299999994,37.73435900000004],[-122.49919599999998,37.734312000000045],[-122.49923899999999,37.734454000000028],[-122.50006299999995,37.734905000000026],[-122.50049299999995,37.735105000000033],[-122.50090199999994,37.735253000000057],[-122.50109699999996,37.735206000000062],[-122.50117899999998,37.73534200000006],[-122.50159499999995,37.735438000000045],[-122.50203099999999,37.735515000000078],[-122.50255799999996,37.735557000000028],[-122.50299499999994,37.735555000000033],[-122.50310499999995,37.735466000000031],[-122.50321899999994,37.735551000000044],[-122.50418499999995,37.735558000000026],[-122.50515299999995,37.735565000000065],[-122.50525699999997,37.735475000000065],[-122.50536899999997,37.73538300000007],[-122.50651599999998,37.735384000000067],[-122.50671699999998,37.735470000000078],[-122.50853799999999,37.735402000000079],[-122.51008299999995,37.735131000000024],[-122.51273199999997,37.735087000000078],[-122.51251499999995,37.734380000000044],[-122.51234499999998,37.733973000000049],[-122.51263099999994,37.733385000000055],[-122.51240199999995,37.732118000000071],[-122.51240199999995,37.731665000000078],[-122.51222899999999,37.731530000000078],[-122.51228799999996,37.729673000000048],[-122.51153799999997,37.726215000000025],[-122.51125799999994,37.724923000000047],[-122.51057099999997,37.720941000000039],[-122.51017099999996,37.719719000000055],[-122.51022799999998,37.718724000000066],[-122.50976899999995,37.716823000000034],[-122.50965599999995,37.71641500000004],[-122.50845499999997,37.713203000000078],[-122.50811099999999,37.711348000000044],[-122.507882,37.710578000000055],[-122.50725199999999,37.709447000000068],[-122.50710299999997,37.70808500000004],[-122.50693099999995,37.708088000000032],[-122.50438499999996,37.708132000000035],[-122.50283199999996,37.708133000000032]]]},"properties":{"OBJECTID":98,"STATEFP10":"06","COUNTYFP10":"075","TRACTCE10":"060400","GEOID10":"06075060400","NAME10":"604","NAMELSAD10":"Census Tract 604","MTFCC10":"G5020","FUNCSTAT10":"S","ALAND10":4396004,"AWATER10":2420403,"INTPTLAT10":"+37.7223022","INTPTLON10":"-122.4911286","OBJECTID_1":2524,"trctidfp10":"06075060400","stcou":"06075","pdenied":1.4354066848754883,"JOINID":"06075060400","STCOU_TXT":"06075","Shape_Length":0.13420281248170207,"Shape_Area":0.00069657641899992619}},{"type":"Feature","id":99,"geometry":{"type":"Polygon","coordinates":[[[-122.46807899999999,37.833687000000054],[-122.47224799999998,37.832107000000065],[-122.47284499999995,37.83201100000008],[-122.47361899999999,37.831929000000059],[-122.47416899999996,37.833365000000072],[-122.47756499999997,37.832572000000027],[-122.47806299999996,37.832457000000034],[-122.47863299999995,37.831298000000061],[-122.47852999999998,37.831258000000048],[-122.47845699999999,37.831214000000045],[-122.47828199999998,37.831225000000074],[-122.47835499999997,37.830964000000051],[-122.47847499999995,37.831181000000072],[-122.47863999999998,37.83117100000004],[-122.47877599999998,37.83116300000006],[-122.47919799999994,37.830874000000051],[-122.47950999999995,37.830418000000066],[-122.47964299999995,37.830510000000061],[-122.47876899999994,37.828858000000025],[-122.47872799999999,37.828782000000047],[-122.47835899999995,37.828082000000052],[-122.47880699999996,37.826674000000025],[-122.47905599999996,37.825892000000067],[-122.47915599999999,37.825579000000062],[-122.47933199999994,37.825548000000026],[-122.48101299999996,37.825843000000077],[-122.48138299999999,37.825928000000033],[-122.48278299999998,37.825628000000052],[-122.48348299999998,37.82672800000006],[-122.48628299999996,37.826228000000071],[-122.49118299999998,37.826428000000078],[-122.49138299999998,37.825728000000026],[-122.49208299999998,37.82532800000007],[-122.49248299999999,37.824828000000025],[-122.49318299999999,37.824628000000075],[-122.49348299999997,37.823828000000049],[-122.49449899999996,37.82342600000004],[-122.49478299999998,37.822728000000041],[-122.49548299999998,37.822428000000059],[-122.49626699999999,37.822361000000058],[-122.49884299999997,37.822328000000027],[-122.49898199999996,37.822326000000032],[-122.49987799999997,37.821820000000059],[-122.49896799999999,37.82022900000004],[-122.49976399999997,37.819724000000065],[-122.50127199999997,37.82121200000006],[-122.50147499999997,37.821710000000053],[-122.50286699999998,37.820902000000046],[-122.50336899999996,37.821198000000038],[-122.50416599999994,37.820993000000044],[-122.50466999999998,37.821689000000049],[-122.50539299999997,37.822088000000065],[-122.50518799999998,37.822888000000034],[-122.51108099999999,37.824444000000028],[-122.51187999999996,37.824339000000066],[-122.51608099999999,37.825210000000027],[-122.51677599999999,37.824606000000074],[-122.51767799999999,37.825199000000055],[-122.51847799999996,37.825294000000042],[-122.51927499999999,37.824989000000073],[-122.52356899999995,37.824661000000049],[-122.52396299999998,37.823859000000027],[-122.52453499999996,37.822988000000066],[-122.524385,37.822528000000034],[-122.52538499999997,37.822428000000059],[-122.52578499999998,37.821728000000064],[-122.52560199999999,37.821218000000044],[-122.52708499999994,37.821028000000069],[-122.52918499999998,37.81902800000006],[-122.52841399999994,37.817438000000038],[-122.52730399999996,37.815648000000067],[-122.52739899999995,37.814947000000075],[-122.52839999999998,37.815240000000074],[-122.52919799999995,37.815135000000055],[-122.53009999999995,37.815430000000049],[-122.53408799999994,37.815347000000031],[-122.53408399999995,37.814526000000058],[-122.53197099999994,37.809785000000034],[-122.53056299999997,37.806628000000046],[-122.52877999999998,37.806408000000033],[-122.52569999999997,37.80568500000004],[-122.51574799999997,37.80335000000008],[-122.50616399999996,37.799055000000067],[-122.50078299999996,37.795029000000056],[-122.48594299999996,37.790839000000062],[-122.48542599999996,37.789825000000064],[-122.48504599999995,37.789533000000063],[-122.48440599999998,37.789641000000074],[-122.48432099999997,37.789949000000036],[-122.48431499999998,37.790071000000069],[-122.48398499999996,37.789769000000035],[-122.48453399999994,37.78922300000005],[-122.48379899999998,37.787740000000042],[-122.48187099999996,37.787220000000048],[-122.48100299999999,37.787067000000036],[-122.47984499999995,37.786796000000038],[-122.47877999999997,37.78690000000006],[-122.47769599999998,37.786797000000035],[-122.47662499999996,37.786796000000038],[-122.47554699999995,37.786782000000073],[-122.47442699999999,37.786975000000041],[-122.47332099999994,37.787193000000059],[-122.47247299999998,37.787229000000025],[-122.47235199999994,37.787234000000069],[-122.47223399999996,37.787232000000074],[-122.47115999999994,37.78722300000004],[-122.47091199999994,37.787221000000045],[-122.47008099999999,37.78739900000005],[-122.46798899999999,37.787849000000051],[-122.46692399999995,37.788132000000076],[-122.46584199999995,37.788350000000037],[-122.46478099999996,37.788564000000065],[-122.46358099999998,37.788806000000079],[-122.45992499999994,37.789543000000037],[-122.459476,37.789711000000068],[-122.45902899999999,37.789716000000055],[-122.45747999999998,37.790026000000069],[-122.45583599999998,37.790355000000034],[-122.45422899999994,37.790676000000076],[-122.45273999999995,37.790974000000062],[-122.45099499999998,37.791323000000034],[-122.44942599999996,37.791637000000037],[-122.449367,37.791488000000072],[-122.44767899999999,37.791703000000041],[-122.44629999999995,37.791879000000051],[-122.44644599999998,37.792811000000029],[-122.44652399999995,37.793337000000065],[-122.44658799999996,37.793765000000064],[-122.44665199999997,37.794195000000059],[-122.44672799999995,37.794706000000076],[-122.44687099999999,37.795641000000046],[-122.44701499999996,37.796579000000065],[-122.44715799999994,37.797515000000033],[-122.44730299999998,37.798459000000037],[-122.44734099999999,37.798553000000027],[-122.44746599999996,37.799390000000074],[-122.44761299999999,37.800324000000046],[-122.44765599999999,37.800681000000054],[-122.44769499999995,37.800832000000071],[-122.44781999999998,37.801633000000038],[-122.44792199999995,37.801532000000066],[-122.44835999999998,37.80158700000004],[-122.44880299999994,37.801772000000028],[-122.44917899999996,37.802074000000061],[-122.44945999999999,37.802454000000068],[-122.44956499999995,37.80279100000007],[-122.44958399999996,37.803153000000066],[-122.44949599999995,37.803470000000061],[-122.44938799999994,37.803711000000078],[-122.44912399999998,37.804008000000067],[-122.44881499999997,37.804229000000078],[-122.44824099999994,37.804478000000074],[-122.44827899999996,37.804724000000078],[-122.44832099999996,37.804994000000079],[-122.44849199999999,37.806088000000045],[-122.44838599999997,37.806220000000053],[-122.44818399999997,37.806339000000037],[-122.44814599999995,37.806350000000066],[-122.44818499999997,37.806755000000067],[-122.44812699999994,37.806896000000052],[-122.44868199999996,37.808628000000056],[-122.44918199999995,37.811728000000073],[-122.45398299999999,37.839027000000044],[-122.46807899999999,37.833687000000054]]]},"properties":{"OBJECTID":99,"STATEFP10":"06","COUNTYFP10":"075","TRACTCE10":"060100","GEOID10":"06075060100","NAME10":"601","NAMELSAD10":"Census Tract 601","MTFCC10":"G5020","FUNCSTAT10":"S","ALAND10":6108838,"AWATER10":20314025,"INTPTLAT10":"+37.7991353","INTPTLON10":"-122.4801090","OBJECTID_1":2523,"trctidfp10":"06075060100","stcou":"06075","pdenied":0,"JOINID":"06075060100","STCOU_TXT":"06075","Shape_Length":0.26087430084110341,"Shape_Area":0.0027034304514994261}},{"type":"Feature","id":100,"geometry":{"type":"Polygon","coordinates":[[[-122.52569999999997,37.80568500000004],[-122.52877999999998,37.806408000000033],[-122.53056299999997,37.806628000000046],[-122.53002499999997,37.805422000000078],[-122.52688099999995,37.798374000000024],[-122.52643699999999,37.79737700000004],[-122.52085799999998,37.784870000000069],[-122.51889799999998,37.780474000000027],[-122.51898599999998,37.77956800000004],[-122.51863299999997,37.777125000000069],[-122.51783799999998,37.775870000000054],[-122.51739599999996,37.775242000000048],[-122.51729199999994,37.771942000000024],[-122.51725599999997,37.770684000000074],[-122.51678699999997,37.770680000000027],[-122.51314699999995,37.77076100000005],[-122.51105399999994,37.771342000000061],[-122.50989499999997,37.771396000000038],[-122.50882299999995,37.771446000000026],[-122.50775099999998,37.771495000000073],[-122.50668499999995,37.771542000000068],[-122.50561099999999,37.771592000000055],[-122.50454399999995,37.771640000000048],[-122.50347299999999,37.771689000000038],[-122.50239999999997,37.771738000000028],[-122.50132799999994,37.771787000000074],[-122.50025799999997,37.771836000000064],[-122.49918299999996,37.771885000000054],[-122.49811399999999,37.771934000000044],[-122.49824999999998,37.773800000000051],[-122.49838599999998,37.775667000000055],[-122.49852099999998,37.777531000000067],[-122.49959099999995,37.777482000000077],[-122.50065999999998,37.777435000000025],[-122.50173299999994,37.777385000000038],[-122.50280699999996,37.777336000000048],[-122.50388099999998,37.777287000000058],[-122.50495199999995,37.777239000000066],[-122.50602199999997,37.777190000000076],[-122.507094,37.777141000000029],[-122.50816099999997,37.777093000000036],[-122.50922799999995,37.777044000000046],[-122.50936799999999,37.778965000000028],[-122.50943299999994,37.779851000000065],[-122.509593,37.780173000000048],[-122.50987899999996,37.780627000000038],[-122.51078099999995,37.782059000000061],[-122.51063599999998,37.78212300000007],[-122.51050599999996,37.782122000000072],[-122.51034999999996,37.782057000000066],[-122.51021499999996,37.782030000000077],[-122.51010199999996,37.782064000000048],[-122.50997399999994,37.782160000000033],[-122.50983699999995,37.782195000000058],[-122.50973899999997,37.782190000000071],[-122.50892399999998,37.782013000000063],[-122.50876199999999,37.782051000000024],[-122.50861599999996,37.782222000000047],[-122.50847999999996,37.782279000000074],[-122.50833699999998,37.782278000000076],[-122.50748399999998,37.782185000000027],[-122.50978299999997,37.784029000000032],[-122.50982999999997,37.784419000000071],[-122.50985399999996,37.784794000000034],[-122.50956299999996,37.78990900000008],[-122.50078299999996,37.795029000000056],[-122.50616399999996,37.799055000000067],[-122.51574799999997,37.80335000000008],[-122.52569999999997,37.80568500000004]]]},"properties":{"OBJECTID":100,"STATEFP10":"06","COUNTYFP10":"075","TRACTCE10":"047901","GEOID10":"06075047901","NAME10":"479.01","NAMELSAD10":"Census Tract 479.01","MTFCC10":"G5020","FUNCSTAT10":"S","ALAND10":1166594,"AWATER10":4096057,"INTPTLAT10":"+37.7824907","INTPTLON10":"-122.5098633","OBJECTID_1":2521,"trctidfp10":"06075047901","stcou":"06075","pdenied":0.73367571830749512,"JOINID":"06075047901","STCOU_TXT":"06075","Shape_Length":0.13469284956320079,"Shape_Area":0.00053829137700024123}},{"type":"Feature","id":101,"geometry":{"type":"Polygon","coordinates":[[[-122.41949199999999,37.775894000000051],[-122.41956499999998,37.776262000000031],[-122.41950599999996,37.776369000000045],[-122.419603,37.77645700000005],[-122.41974999999996,37.77719200000007],[-122.41969399999999,37.777300000000025],[-122.41978799999998,37.777387000000033],[-122.41985699999998,37.777732000000071],[-122.41993399999996,37.778120000000058],[-122.41988299999997,37.778251000000068],[-122.41996799999998,37.778312000000028],[-122.42031099999997,37.779917000000069],[-122.42024699999996,37.780075000000068],[-122.42046099999999,37.780069000000026],[-122.42189199999996,37.77989000000008],[-122.42354099999994,37.779674000000057],[-122.42344799999995,37.779213000000027],[-122.42335399999996,37.778747000000067],[-122.42499799999996,37.778538000000026],[-122.42664099999996,37.778329000000042],[-122.42654799999997,37.777862000000027],[-122.42645199999998,37.77738800000003],[-122.42635899999999,37.77693000000005],[-122.42626299999995,37.776464000000033],[-122.42616699999996,37.775997000000075],[-122.42606999999998,37.775525000000073],[-122.42597899999998,37.775049000000024],[-122.42588799999999,37.77459900000008],[-122.42434299999996,37.77479900000003],[-122.42424599999998,37.774811000000057],[-122.42259799999999,37.775021000000038],[-122.42109699999997,37.77521900000005],[-122.42095999999998,37.775232000000074],[-122.42079499999994,37.775249000000031],[-122.41939699999995,37.775422000000049],[-122.41949199999999,37.775894000000051]]]},"properties":{"OBJECTID":101,"STATEFP10":"06","COUNTYFP10":"075","TRACTCE10":"016200","GEOID10":"06075016200","NAME10":"162","NAMELSAD10":"Census Tract 162","MTFCC10":"G5020","FUNCSTAT10":"S","ALAND10":272897,"AWATER10":0,"INTPTLAT10":"+37.7771580","INTPTLON10":"-122.4228856","OBJECTID_1":2393,"trctidfp10":"06075016200","stcou":"06075","pdenied":3.2496306896209717,"JOINID":"06075016200","STCOU_TXT":"06075","Shape_Length":0.022840262461623746,"Shape_Area":2.7909044999983699e-05}},{"type":"Feature","id":102,"geometry":{"type":"Polygon","coordinates":[[[-122.47897199999994,37.774681000000044],[-122.47910599999994,37.776546000000053],[-122.48017499999997,37.776498000000061],[-122.48124699999994,37.776449000000071],[-122.48231799999996,37.776400000000081],[-122.48338999999999,37.776351000000034],[-122.48446099999995,37.776302000000044],[-122.48553199999998,37.776252000000056],[-122.48660299999995,37.776204000000064],[-122.48766899999998,37.776155000000074],[-122.48874099999995,37.776107000000025],[-122.48860599999995,37.774241000000075],[-122.48847099999995,37.77237400000007],[-122.48739799999998,37.77242300000006],[-122.48633399999994,37.77247200000005],[-122.48526199999998,37.772520000000043],[-122.48419399999995,37.772569000000033],[-122.48311899999999,37.77261800000008],[-122.48204899999996,37.772667000000069],[-122.48097899999999,37.772716000000059],[-122.47990499999997,37.772766000000047],[-122.47883699999994,37.772815000000037],[-122.47897199999994,37.774681000000044]]]},"properties":{"OBJECTID":102,"STATEFP10":"06","COUNTYFP10":"075","TRACTCE10":"047702","GEOID10":"06075047702","NAME10":"477.02","NAMELSAD10":"Census Tract 477.02","MTFCC10":"G5020","FUNCSTAT10":"S","ALAND10":352786,"AWATER10":0,"INTPTLAT10":"+37.7744602","INTPTLON10":"-122.4837889","OBJECTID_1":2518,"trctidfp10":"06075047702","stcou":"06075","pdenied":0.42105260491371155,"JOINID":"06075047702","STCOU_TXT":"06075","Shape_Length":0.026772523051529554,"Shape_Area":3.6077838500040553e-05}},{"type":"Feature","id":103,"geometry":{"type":"Polygon","coordinates":[[[-122.49852099999998,37.777531000000067],[-122.49866499999996,37.779455000000041],[-122.49871399999995,37.780167000000063],[-122.49873999999994,37.780529000000058],[-122.49876999999998,37.780943000000036],[-122.49880099999996,37.781377000000077],[-122.49987099999998,37.781327000000033],[-122.50094499999994,37.781277000000046],[-122.50201199999998,37.781227000000058],[-122.50308599999994,37.781177000000071],[-122.50415999999996,37.781127000000026],[-122.50522599999999,37.781077000000039],[-122.50600799999995,37.781040000000075],[-122.50618799999995,37.781032000000039],[-122.50629999999995,37.780996000000073],[-122.50650899999999,37.780857000000026],[-122.50675199999995,37.780773000000067],[-122.50789199999997,37.780721000000028],[-122.50987899999996,37.780627000000038],[-122.509593,37.780173000000048],[-122.50943299999994,37.779851000000065],[-122.50936799999999,37.778965000000028],[-122.50922799999995,37.777044000000046],[-122.50816099999997,37.777093000000036],[-122.507094,37.777141000000029],[-122.50602199999997,37.777190000000076],[-122.50495199999995,37.777239000000066],[-122.50388099999998,37.777287000000058],[-122.50280699999996,37.777336000000048],[-122.50173299999994,37.777385000000038],[-122.50065999999998,37.777435000000025],[-122.49959099999995,37.777482000000077],[-122.49852099999998,37.777531000000067]]]},"properties":{"OBJECTID":103,"STATEFP10":"06","COUNTYFP10":"075","TRACTCE10":"047902","GEOID10":"06075047902","NAME10":"479.02","NAMELSAD10":"Census Tract 479.02","MTFCC10":"G5020","FUNCSTAT10":"S","ALAND10":397739,"AWATER10":0,"INTPTLAT10":"+37.7791834","INTPTLON10":"-122.5039633","OBJECTID_1":2522,"trctidfp10":"06075047902","stcou":"06075","pdenied":1.0989011526107788,"JOINID":"06075047902","STCOU_TXT":"06075","Shape_Length":0.029436087031406384,"Shape_Area":4.0677163499983358e-05}},{"type":"Feature","id":104,"geometry":{"type":"Polygon","coordinates":[[[-122.47190499999999,37.775003000000027],[-122.47184699999997,37.775100000000066],[-122.47196299999996,37.776774000000046],[-122.47203999999999,37.776868000000036],[-122.47196599999995,37.776970000000063],[-122.472084,37.778628000000026],[-122.47217399999994,37.778728000000058],[-122.47209999999995,37.778852000000029],[-122.47222099999999,37.780521000000078],[-122.47231199999999,37.780656000000079],[-122.47247099999998,37.780726000000072],[-122.47274299999998,37.780714000000046],[-122.47284399999995,37.780631000000028],[-122.47294499999998,37.78069400000004],[-122.47385699999995,37.780651000000034],[-122.47398199999998,37.780575000000056],[-122.47410499999995,37.780644000000052],[-122.47497599999997,37.780609000000027],[-122.47508399999998,37.780529000000058],[-122.47520299999996,37.78059600000006],[-122.47604099999995,37.780559000000039],[-122.47616899999997,37.780476000000078],[-122.47630699999996,37.780546000000072],[-122.47711399999997,37.780505000000062],[-122.47723999999999,37.780440000000056],[-122.47735399999999,37.780499000000077],[-122.47818899999999,37.78045000000003],[-122.47830499999998,37.780381000000034],[-122.47841399999999,37.78044600000004],[-122.47925499999997,37.780412000000069],[-122.47938299999998,37.780335000000036],[-122.47924099999994,37.77840800000007],[-122.47910599999994,37.776546000000053],[-122.47897199999994,37.774681000000044],[-122.47883699999994,37.772815000000037],[-122.47776699999997,37.772864000000027],[-122.47669399999995,37.772913000000074],[-122.47561399999995,37.772962000000064],[-122.47455099999996,37.773011000000054],[-122.47342799999996,37.773063000000036],[-122.47229699999997,37.773114000000078],[-122.47176199999996,37.773139000000072],[-122.47171099999997,37.773244000000034],[-122.47183299999995,37.774913000000026],[-122.47190499999999,37.775003000000027]]]},"properties":{"OBJECTID":104,"STATEFP10":"06","COUNTYFP10":"075","TRACTCE10":"047600","GEOID10":"06075047600","NAME10":"476","NAMELSAD10":"Census Tract 476","MTFCC10":"G5020","FUNCSTAT10":"S","ALAND10":530695,"AWATER10":0,"INTPTLAT10":"+37.7767698","INTPTLON10":"-122.4755430","OBJECTID_1":2516,"trctidfp10":"06075047600","stcou":"06075","pdenied":0.65616798400878906,"JOINID":"06075047600","STCOU_TXT":"06075","Shape_Length":0.029695965216791433,"Shape_Area":5.4273172499840584e-05}},{"type":"Feature","id":105,"geometry":{"type":"Polygon","coordinates":[[[-122.46387599999997,37.775369000000069],[-122.46401099999997,37.777235000000076],[-122.46414499999997,37.779091000000051],[-122.46427899999998,37.781019000000072],[-122.46441299999998,37.781082000000026],[-122.46523899999994,37.781049000000053],[-122.46535299999999,37.780965000000037],[-122.46547599999997,37.781037000000026],[-122.46629699999994,37.780998000000068],[-122.46642699999995,37.780925000000025],[-122.46655499999997,37.780991000000029],[-122.46737399999995,37.780955000000063],[-122.46748799999995,37.780880000000025],[-122.46760999999998,37.780940000000044],[-122.46843399999995,37.780899000000034],[-122.46856399999996,37.780822000000057],[-122.46870399999995,37.780890000000056],[-122.46950099999998,37.780843000000061],[-122.46962699999995,37.780769000000078],[-122.46975699999996,37.780838000000074],[-122.47058299999998,37.780805000000043],[-122.47071699999998,37.78072300000008],[-122.47084999999998,37.780789000000027],[-122.47167699999994,37.780755000000056],[-122.47177499999998,37.780681000000072],[-122.47187399999996,37.780745000000024],[-122.47216699999996,37.780736000000047],[-122.47231199999999,37.780656000000079],[-122.47222099999999,37.780521000000078],[-122.47209999999995,37.778852000000029],[-122.47217399999994,37.778728000000058],[-122.472084,37.778628000000026],[-122.47196599999995,37.776970000000063],[-122.47203999999999,37.776868000000036],[-122.47196299999996,37.776774000000046],[-122.47184699999997,37.775100000000066],[-122.47190499999999,37.775003000000027],[-122.47183299999995,37.774913000000026],[-122.47171099999997,37.773244000000034],[-122.47176199999996,37.773139000000072],[-122.47123999999997,37.77316200000007],[-122.47016299999996,37.773210000000063],[-122.46909199999999,37.773257000000058],[-122.46802399999996,37.773304000000053],[-122.46695199999999,37.773351000000048],[-122.46588299999996,37.773398000000043],[-122.46533199999999,37.773423000000037],[-122.46481199999999,37.773489000000041],[-122.46374899999995,37.773624000000041],[-122.46387599999997,37.775369000000069]]]},"properties":{"OBJECTID":105,"STATEFP10":"06","COUNTYFP10":"075","TRACTCE10":"045200","GEOID10":"06075045200","NAME10":"452","NAMELSAD10":"Census Tract 452","MTFCC10":"G5020","FUNCSTAT10":"S","ALAND10":591101,"AWATER10":0,"INTPTLAT10":"+37.7771137","INTPTLON10":"-122.4679990","OBJECTID_1":2515,"trctidfp10":"06075045200","stcou":"06075","pdenied":1.3374485969543457,"JOINID":"06075045200","STCOU_TXT":"06075","Shape_Length":0.031516168112794743,"Shape_Area":6.0451080499946093e-05}},{"type":"Feature","id":106,"geometry":{"type":"Polygon","coordinates":[[[-122.45837099999994,37.774309000000073],[-122.45843499999995,37.775240000000053],[-122.45846299999999,37.775618000000065],[-122.45850499999995,37.776190000000042],[-122.45858099999998,37.777254000000028],[-122.45863799999995,37.778008000000057],[-122.45873199999994,37.779333000000065],[-122.45885899999996,37.781257000000039],[-122.45904899999999,37.781325000000038],[-122.45987999999994,37.781289000000072],[-122.45999999999998,37.781213000000037],[-122.46012299999995,37.781278000000043],[-122.46093299999995,37.781242000000077],[-122.46106299999997,37.781160000000057],[-122.46119399999998,37.781223000000068],[-122.46200199999998,37.78118900000004],[-122.46213899999998,37.781111000000067],[-122.46226999999999,37.781180000000063],[-122.46308899999997,37.781145000000038],[-122.46321099999994,37.781070000000057],[-122.46333899999996,37.781141000000048],[-122.46415199999996,37.781100000000038],[-122.46427899999998,37.781019000000072],[-122.46414499999997,37.779091000000051],[-122.46401099999997,37.777235000000076],[-122.46387599999997,37.775369000000069],[-122.46374899999995,37.773624000000041],[-122.46268399999997,37.773760000000038],[-122.46161999999998,37.773895000000039],[-122.46055299999995,37.774031000000036],[-122.45948599999997,37.774167000000034],[-122.45837099999994,37.774309000000073]]]},"properties":{"OBJECTID":106,"STATEFP10":"06","COUNTYFP10":"075","TRACTCE10":"045100","GEOID10":"06075045100","NAME10":"451","NAMELSAD10":"Census Tract 451","MTFCC10":"G5020","FUNCSTAT10":"S","ALAND10":384304,"AWATER10":0,"INTPTLAT10":"+37.7775830","INTPTLON10":"-122.4613476","OBJECTID_1":2514,"trctidfp10":"06075045100","stcou":"06075","pdenied":0.4477611780166626,"JOINID":"06075045100","STCOU_TXT":"06075","Shape_Length":0.025413599487682664,"Shape_Area":3.9302705500155953e-05}},{"type":"Feature","id":107,"geometry":{"type":"Polygon","coordinates":[[[-122.49036399999994,37.783640000000048],[-122.48977099999996,37.783667000000037],[-122.48928999999998,37.783689000000038],[-122.48875099999998,37.783713000000034],[-122.48821699999996,37.783737000000031],[-122.48715099999998,37.78378500000008],[-122.48728599999998,37.785649000000035],[-122.48622399999999,37.785697000000027],[-122.48514799999998,37.785746000000074],[-122.48407999999995,37.785795000000064],[-122.48300499999999,37.785835000000077],[-122.48192899999998,37.785884000000067],[-122.48085999999995,37.785934000000054],[-122.47978599999999,37.785983000000044],[-122.47871399999997,37.786031000000037],[-122.47764399999994,37.786080000000027],[-122.47657499999997,37.786128000000076],[-122.47550399999994,37.786181000000056],[-122.47438299999999,37.786238000000026],[-122.47325499999999,37.78628800000007],[-122.47262599999999,37.786315000000059],[-122.47254499999997,37.786409000000049],[-122.47248899999994,37.786775000000034],[-122.47238799999997,37.787139000000025],[-122.47235199999994,37.787234000000069],[-122.47247299999998,37.787229000000025],[-122.47332099999994,37.787193000000059],[-122.47442699999999,37.786975000000041],[-122.47554699999995,37.786782000000073],[-122.47662499999996,37.786796000000038],[-122.47769599999998,37.786797000000035],[-122.47877999999997,37.78690000000006],[-122.47984499999995,37.786796000000038],[-122.48100299999999,37.787067000000036],[-122.48187099999996,37.787220000000048],[-122.48379899999998,37.787740000000042],[-122.48453399999994,37.78922300000005],[-122.48398499999996,37.789769000000035],[-122.48431499999998,37.790071000000069],[-122.48432099999997,37.789949000000036],[-122.48440599999998,37.789641000000074],[-122.48504599999995,37.789533000000063],[-122.48542599999996,37.789825000000064],[-122.48594299999996,37.790839000000062],[-122.50078299999996,37.795029000000056],[-122.49341899999996,37.790262000000041],[-122.49301799999995,37.78774100000004],[-122.49333799999999,37.78740300000004],[-122.49338299999999,37.786538000000064],[-122.49349099999995,37.783498000000066],[-122.49250999999998,37.783543000000066],[-122.49143599999996,37.783591000000058],[-122.49036399999994,37.783640000000048]]]},"properties":{"OBJECTID":107,"STATEFP10":"06","COUNTYFP10":"075","TRACTCE10":"042800","GEOID10":"06075042800","NAME10":"428","NAMELSAD10":"Census Tract 428","MTFCC10":"G5020","FUNCSTAT10":"S","ALAND10":551516,"AWATER10":302821,"INTPTLAT10":"+37.7880433","INTPTLON10":"-122.4885865","OBJECTID_1":2513,"trctidfp10":"06075042800","stcou":"06075","pdenied":0.83916085958480835,"JOINID":"06075042800","STCOU_TXT":"06075","Shape_Length":0.072177082091179429,"Shape_Area":8.7383221000085596e-05}},{"type":"Feature","id":108,"geometry":{"type":"Polygon","coordinates":[[[-122.48928999999998,37.783689000000038],[-122.48977099999996,37.783667000000037],[-122.49036399999994,37.783640000000048],[-122.49143599999996,37.783591000000058],[-122.49250999999998,37.783543000000066],[-122.49349099999995,37.783498000000066],[-122.49341699999997,37.782858000000033],[-122.49304399999994,37.78164600000008],[-122.49344599999995,37.781627000000071],[-122.49331399999994,37.779822000000024],[-122.49329699999998,37.779688000000078],[-122.49314999999996,37.779777000000024],[-122.49237199999999,37.779814000000044],[-122.49223199999994,37.779747000000043],[-122.49210899999997,37.779828000000066],[-122.49128599999995,37.779854000000057],[-122.49116699999996,37.779795000000036],[-122.49107999999995,37.779876000000058],[-122.49023199999999,37.779911000000027],[-122.49009699999999,37.779840000000036],[-122.48995299999996,37.779919000000064],[-122.48913799999997,37.779957000000024],[-122.48901299999994,37.779891000000077],[-122.48888299999999,37.779974000000038],[-122.48806499999995,37.780006000000071],[-122.48794599999997,37.77994700000005],[-122.48781499999996,37.780016000000046],[-122.48700499999995,37.780054000000064],[-122.48687799999999,37.779994000000045],[-122.48676199999994,37.780058000000054],[-122.48592899999994,37.780099000000064],[-122.48580799999996,37.780038000000047],[-122.48568399999999,37.780111000000034],[-122.48488199999997,37.780157000000031],[-122.48473199999995,37.780093000000079],[-122.48460399999999,37.78016800000006],[-122.48378899999994,37.780206000000078],[-122.48366199999998,37.780143000000066],[-122.48380399999996,37.782077000000072],[-122.48393599999997,37.783931000000052],[-122.48407999999995,37.785795000000064],[-122.48514799999998,37.785746000000074],[-122.48622399999999,37.785697000000027],[-122.48728599999998,37.785649000000035],[-122.48715099999998,37.78378500000008],[-122.48821699999996,37.783737000000031],[-122.48875099999998,37.783713000000034],[-122.48928999999998,37.783689000000038]]]},"properties":{"OBJECTID":108,"STATEFP10":"06","COUNTYFP10":"075","TRACTCE10":"042700","GEOID10":"06075042700","NAME10":"427","NAMELSAD10":"Census Tract 427","MTFCC10":"G5020","FUNCSTAT10":"S","ALAND10":408065,"AWATER10":0,"INTPTLAT10":"+37.7822651","INTPTLON10":"-122.4881473","OBJECTID_1":2512,"trctidfp10":"06075042700","stcou":"06075","pdenied":0.64205455780029297,"JOINID":"06075042700","STCOU_TXT":"06075","Shape_Length":0.031326300699228884,"Shape_Area":4.1735258999984938e-05}},{"type":"Feature","id":109,"geometry":{"type":"Polygon","coordinates":[[[-122.47091199999994,37.787221000000045],[-122.47115999999994,37.78722300000004],[-122.47223399999996,37.787232000000074],[-122.47235199999994,37.787234000000069],[-122.47238799999997,37.787139000000025],[-122.47248899999994,37.786775000000034],[-122.47254499999997,37.786409000000049],[-122.47262599999999,37.786315000000059],[-122.47257899999994,37.786208000000045],[-122.47259699999995,37.786090000000058],[-122.47259599999995,37.785492000000033],[-122.47252499999996,37.784560000000056],[-122.47258599999998,37.784449000000052],[-122.47251299999999,37.784373000000073],[-122.47238699999997,37.782674000000043],[-122.47245099999998,37.782579000000055],[-122.47237499999994,37.782504000000074],[-122.47225399999996,37.78082900000004],[-122.47231199999999,37.780656000000079],[-122.47216699999996,37.780736000000047],[-122.47187399999996,37.780745000000024],[-122.47177499999998,37.780681000000072],[-122.47167699999994,37.780755000000056],[-122.47084999999998,37.780789000000027],[-122.47071699999998,37.78072300000008],[-122.47058299999998,37.780805000000043],[-122.46975699999996,37.780838000000074],[-122.46962699999995,37.780769000000078],[-122.46950099999998,37.780843000000061],[-122.46870399999995,37.780890000000056],[-122.46856399999996,37.780822000000057],[-122.46843399999995,37.780899000000034],[-122.46760999999998,37.780940000000044],[-122.46748799999995,37.780880000000025],[-122.46737399999995,37.780955000000063],[-122.46655499999997,37.780991000000029],[-122.46642699999995,37.780925000000025],[-122.46629699999994,37.780998000000068],[-122.46547599999997,37.781037000000026],[-122.46535299999999,37.780965000000037],[-122.46523899999994,37.781049000000053],[-122.46441299999998,37.781082000000026],[-122.46427899999998,37.781019000000072],[-122.46442499999995,37.782940000000053],[-122.46455099999997,37.784792000000039],[-122.46457199999998,37.78499400000004],[-122.46469299999995,37.786670000000072],[-122.46481699999998,37.78837800000008],[-122.46478099999996,37.788564000000065],[-122.46584199999995,37.788350000000037],[-122.46692399999995,37.788132000000076],[-122.46798899999999,37.787849000000051],[-122.47008099999999,37.78739900000005],[-122.47091199999994,37.787221000000045]]]},"properties":{"OBJECTID":109,"STATEFP10":"06","COUNTYFP10":"075","TRACTCE10":"040200","GEOID10":"06075040200","NAME10":"402","NAMELSAD10":"Census Tract 402","MTFCC10":"G5020","FUNCSTAT10":"S","ALAND10":532360,"AWATER10":0,"INTPTLAT10":"+37.7843252","INTPTLON10":"-122.4683889","OBJECTID_1":2508,"trctidfp10":"06075040200","stcou":"06075","pdenied":0.81632649898529053,"JOINID":"06075040200","STCOU_TXT":"06075","Shape_Length":0.030396424441730633,"Shape_Area":5.4448734500051842e-05}},{"type":"Feature","id":110,"geometry":{"type":"Polygon","coordinates":[[[-122.45917899999995,37.785682000000065],[-122.45925599999998,37.786623000000077],[-122.45927999999998,37.786914000000024],[-122.45932399999998,37.787521000000027],[-122.45938799999999,37.788405000000068],[-122.45945299999994,37.78930100000008],[-122.459476,37.789711000000068],[-122.45992499999994,37.789543000000037],[-122.46358099999998,37.788806000000079],[-122.46478099999996,37.788564000000065],[-122.46481699999998,37.78837800000008],[-122.46469299999995,37.786670000000072],[-122.46457199999998,37.78499400000004],[-122.46455099999997,37.784792000000039],[-122.46442499999995,37.782940000000053],[-122.46427899999998,37.781019000000072],[-122.46415199999996,37.781100000000038],[-122.46333899999996,37.781141000000048],[-122.46321099999994,37.781070000000057],[-122.46308899999997,37.781145000000038],[-122.46226999999999,37.781180000000063],[-122.46213899999998,37.781111000000067],[-122.46200199999998,37.78118900000004],[-122.46119399999998,37.781223000000068],[-122.46106299999997,37.781160000000057],[-122.46093299999995,37.781242000000077],[-122.46012299999995,37.781278000000043],[-122.45999999999998,37.781213000000037],[-122.45987999999994,37.781289000000072],[-122.45904899999999,37.781325000000038],[-122.45885899999996,37.781257000000039],[-122.45899799999995,37.78318900000005],[-122.45904499999995,37.783827000000031],[-122.45913399999995,37.785059000000047],[-122.45917899999995,37.785682000000065]]]},"properties":{"OBJECTID":110,"STATEFP10":"06","COUNTYFP10":"075","TRACTCE10":"040100","GEOID10":"06075040100","NAME10":"401","NAMELSAD10":"Census Tract 401","MTFCC10":"G5020","FUNCSTAT10":"S","ALAND10":419621,"AWATER10":0,"INTPTLAT10":"+37.7851543","INTPTLON10":"-122.4618142","OBJECTID_1":2507,"trctidfp10":"06075040100","stcou":"06075","pdenied":0.61162084341049194,"JOINID":"06075040100","STCOU_TXT":"06075","Shape_Length":0.027090942034261378,"Shape_Area":4.2918543000058862e-05}},{"type":"Feature","id":111,"geometry":{"type":"Polygon","coordinates":[[[-122.50853799999999,37.735402000000079],[-122.50671699999998,37.735470000000078],[-122.50651599999998,37.735384000000067],[-122.50536899999997,37.73538300000007],[-122.50525699999997,37.735475000000065],[-122.50515299999995,37.735565000000065],[-122.50418499999995,37.735558000000026],[-122.50321899999994,37.735551000000044],[-122.50310499999995,37.735466000000031],[-122.50299499999994,37.735555000000033],[-122.50255799999996,37.735557000000028],[-122.50203099999999,37.735515000000078],[-122.50159499999995,37.735438000000045],[-122.50117899999998,37.73534200000006],[-122.50109699999996,37.735206000000062],[-122.50095899999997,37.735471000000075],[-122.50100999999995,37.736324000000025],[-122.50114199999996,37.738192000000026],[-122.50127199999997,37.740049000000056],[-122.50140399999998,37.741910000000075],[-122.50153599999999,37.743785000000059],[-122.50166899999999,37.745645000000025],[-122.50179799999995,37.747510000000034],[-122.50192999999996,37.749377000000038],[-122.50300399999998,37.749330000000043],[-122.50407399999995,37.749282000000051],[-122.50514799999996,37.749235000000056],[-122.50621899999999,37.749187000000063],[-122.50728699999996,37.749140000000068],[-122.50794199999996,37.749111000000028],[-122.50834699999996,37.74895900000007],[-122.50846299999995,37.748915000000068],[-122.50887899999998,37.748830000000055],[-122.50970699999999,37.748847000000069],[-122.51328999999998,37.748446000000058],[-122.51409799999999,37.748441000000071],[-122.51387699999998,37.748152000000061],[-122.51396799999998,37.747549000000049],[-122.51384699999994,37.746896000000049],[-122.51357199999995,37.745953000000043],[-122.51375399999995,37.74498600000004],[-122.51375399999995,37.744019000000037],[-122.51372499999997,37.743463000000077],[-122.51344899999998,37.742521000000067],[-122.51323499999995,37.742182000000071],[-122.51335799999998,37.741673000000048],[-122.51332599999995,37.740635000000054],[-122.51317299999999,37.740103000000033],[-122.51302099999998,37.739619000000062],[-122.51292999999998,37.739329000000055],[-122.51299099999994,37.738966000000062],[-122.51292999999998,37.73792700000007],[-122.51292999999998,37.737275000000068],[-122.512655,37.735752000000048],[-122.51273199999997,37.735087000000078],[-122.51008299999995,37.735131000000024],[-122.50853799999999,37.735402000000079]]]},"properties":{"OBJECTID":111,"STATEFP10":"06","COUNTYFP10":"075","TRACTCE10":"035400","GEOID10":"06075035400","NAME10":"354","NAMELSAD10":"Census Tract 354","MTFCC10":"G5020","FUNCSTAT10":"S","ALAND10":1034373,"AWATER10":557642,"INTPTLAT10":"+37.7421024","INTPTLON10":"-122.5072276","OBJECTID_1":2506,"trctidfp10":"06075035400","stcou":"06075","pdenied":0.77192986011505127,"JOINID":"06075035400","STCOU_TXT":"06075","Shape_Length":0.052094784416292859,"Shape_Area":0.00016273767049999091}},{"type":"Feature","id":112,"geometry":{"type":"Polygon","coordinates":[[[-122.49378399999995,37.733989000000065],[-122.49385699999999,37.735028000000057],[-122.49397299999998,37.736562000000049],[-122.49405399999995,37.736635000000035],[-122.49413399999997,37.736710000000073],[-122.49424699999997,37.738402000000065],[-122.49418099999997,37.738496000000055],[-122.49426099999999,37.738595000000032],[-122.49438099999998,37.740285000000029],[-122.49431299999998,37.740356000000077],[-122.49439199999995,37.740441000000033],[-122.49450899999999,37.742112000000077],[-122.49444299999999,37.742225000000076],[-122.49452399999996,37.742331000000036],[-122.49463899999995,37.743979000000024],[-122.49457399999994,37.74409200000008],[-122.49465499999997,37.74419800000004],[-122.49477199999995,37.745878000000062],[-122.49470599999995,37.745952000000045],[-122.49478999999997,37.746058000000062],[-122.49490399999996,37.747704000000056],[-122.49483699999996,37.747817000000055],[-122.49492299999997,37.747923000000071],[-122.49503499999997,37.749574000000052],[-122.49496899999997,37.749684000000059],[-122.49505299999998,37.749786000000029],[-122.49516799999998,37.751431000000025],[-122.49509799999998,37.751545000000078],[-122.49562999999995,37.751527000000067],[-122.49670199999997,37.751476000000025],[-122.49776999999995,37.751426000000038],[-122.49884199999997,37.751381000000038],[-122.49991399999999,37.751334000000043],[-122.49978399999998,37.749472000000026],[-122.50085699999994,37.749425000000031],[-122.50192999999996,37.749377000000038],[-122.50179799999995,37.747510000000034],[-122.50166899999999,37.745645000000025],[-122.50153599999999,37.743785000000059],[-122.50140399999998,37.741910000000075],[-122.50127199999997,37.740049000000056],[-122.50114199999996,37.738192000000026],[-122.50100999999995,37.736324000000025],[-122.50095899999997,37.735471000000075],[-122.50109699999996,37.735206000000062],[-122.50090199999994,37.735253000000057],[-122.50049299999995,37.735105000000033],[-122.50006299999995,37.734905000000026],[-122.49923899999999,37.734454000000028],[-122.49919599999998,37.734312000000045],[-122.49903299999994,37.73435900000004],[-122.498606,37.734186000000079],[-122.49803099999997,37.734027000000026],[-122.49748699999998,37.733925000000056],[-122.49685599999998,37.733867000000032],[-122.49663599999997,37.733771000000047],[-122.49644899999998,37.733877000000064],[-122.49440299999998,37.733960000000025],[-122.49394199999995,37.733981000000028],[-122.49378399999995,37.733989000000065]]]},"properties":{"OBJECTID":112,"STATEFP10":"06","COUNTYFP10":"075","TRACTCE10":"035300","GEOID10":"06075035300","NAME10":"353","NAMELSAD10":"Census Tract 353","MTFCC10":"G5020","FUNCSTAT10":"S","ALAND10":1127328,"AWATER10":0,"INTPTLAT10":"+37.7425001","INTPTLON10":"-122.4978433","OBJECTID_1":2505,"trctidfp10":"06075035300","stcou":"06075","pdenied":0.47651463747024536,"JOINID":"06075035300","STCOU_TXT":"06075","Shape_Length":0.048842476878433426,"Shape_Area":0.0001152372254999839}},{"type":"Feature","id":113,"geometry":{"type":"Polygon","coordinates":[[[-122.51409799999999,37.748441000000071],[-122.51328999999998,37.748446000000058],[-122.50970699999999,37.748847000000069],[-122.50887899999998,37.748830000000055],[-122.50846299999995,37.748915000000068],[-122.50834699999996,37.74895900000007],[-122.50794199999996,37.749111000000028],[-122.50728699999996,37.749140000000068],[-122.50621899999999,37.749187000000063],[-122.50514799999996,37.749235000000056],[-122.50407399999995,37.749282000000051],[-122.50300399999998,37.749330000000043],[-122.50192999999996,37.749377000000038],[-122.50205999999997,37.751240000000053],[-122.50219099999998,37.753106000000059],[-122.50231799999995,37.754953000000057],[-122.50244999999995,37.756835000000081],[-122.50258199999996,37.758700000000033],[-122.50365199999999,37.758653000000038],[-122.50472499999995,37.758606000000043],[-122.50579699999997,37.758560000000045],[-122.50686799999994,37.75851300000005],[-122.50793599999997,37.758466000000055],[-122.50911099999996,37.758414000000073],[-122.50916599999999,37.758488000000057],[-122.50938199999996,37.760272000000043],[-122.50962199999998,37.762127000000078],[-122.50981699999994,37.763729000000069],[-122.50983299999996,37.763969000000031],[-122.50986999999998,37.764090000000067],[-122.51016099999998,37.764080000000035],[-122.51034099999998,37.764001000000064],[-122.51236999999998,37.763586000000032],[-122.51538299999999,37.763730000000066],[-122.51687699999997,37.763737000000049],[-122.51661799999999,37.762749000000042],[-122.51658399999997,37.761939000000041],[-122.51624099999998,37.760777000000076],[-122.51610599999998,37.760238000000072],[-122.51593499999996,37.758375000000058],[-122.51572899999996,37.757025000000056],[-122.51542299999994,37.755161000000044],[-122.51528499999995,37.754999000000055],[-122.51549099999994,37.754162000000065],[-122.51511499999998,37.752623000000028],[-122.51508099999995,37.75189400000005],[-122.51484099999999,37.750921000000062],[-122.51456899999999,37.750516000000061],[-122.51460299999997,37.749896000000035],[-122.51432999999997,37.749112000000025],[-122.51409799999999,37.748441000000071]]]},"properties":{"OBJECTID":113,"STATEFP10":"06","COUNTYFP10":"075","TRACTCE10":"035201","GEOID10":"06075035201","NAME10":"352.01","NAMELSAD10":"Census Tract 352.01","MTFCC10":"G5020","FUNCSTAT10":"S","ALAND10":938889,"AWATER10":630051,"INTPTLAT10":"+37.7566148","INTPTLON10":"-122.5104339","OBJECTID_1":2503,"trctidfp10":"06075035201","stcou":"06075","pdenied":0.78057241439819336,"JOINID":"06075035201","STCOU_TXT":"06075","Shape_Length":0.056696173053954392,"Shape_Area":0.00016040715949994558}},{"type":"Feature","id":114,"geometry":{"type":"Polygon","coordinates":[[[-122.47924099999994,37.77840800000007],[-122.47938299999998,37.780335000000036],[-122.47949499999999,37.780398000000048],[-122.48032499999999,37.780366000000072],[-122.48045099999996,37.780280000000062],[-122.48057499999999,37.780349000000058],[-122.48139299999997,37.78030700000005],[-122.48151599999994,37.780226000000027],[-122.48164599999996,37.78029900000007],[-122.48248599999999,37.780260000000055],[-122.48259199999995,37.780189000000064],[-122.48271099999999,37.78025000000008],[-122.48353099999997,37.780220000000043],[-122.48366199999998,37.780143000000066],[-122.48378899999994,37.780206000000078],[-122.48460399999999,37.78016800000006],[-122.48473199999995,37.780093000000079],[-122.48488199999997,37.780157000000031],[-122.48568399999999,37.780111000000034],[-122.48580799999996,37.780038000000047],[-122.48592899999994,37.780099000000064],[-122.48676199999994,37.780058000000054],[-122.48687799999999,37.779994000000045],[-122.48700499999995,37.780054000000064],[-122.48781499999996,37.780016000000046],[-122.48794599999997,37.77994700000005],[-122.48806499999995,37.780006000000071],[-122.48888299999999,37.779974000000038],[-122.48901299999994,37.779891000000077],[-122.48887599999995,37.777972000000034],[-122.48874099999995,37.776107000000025],[-122.48766899999998,37.776155000000074],[-122.48660299999995,37.776204000000064],[-122.48553199999998,37.776252000000056],[-122.48446099999995,37.776302000000044],[-122.48338999999999,37.776351000000034],[-122.48231799999996,37.776400000000081],[-122.48124699999994,37.776449000000071],[-122.48017499999997,37.776498000000061],[-122.47910599999994,37.776546000000053],[-122.47924099999994,37.77840800000007]]]},"properties":{"OBJECTID":114,"STATEFP10":"06","COUNTYFP10":"075","TRACTCE10":"047701","GEOID10":"06075047701","NAME10":"477.01","NAMELSAD10":"Census Tract 477.01","MTFCC10":"G5020","FUNCSTAT10":"S","ALAND10":363722,"AWATER10":0,"INTPTLAT10":"+37.7782506","INTPTLON10":"-122.4840627","OBJECTID_1":2517,"trctidfp10":"06075047701","stcou":"06075","pdenied":1.4760147333145142,"JOINID":"06075047701","STCOU_TXT":"06075","Shape_Length":0.027205005405136096,"Shape_Area":3.7197929999962426e-05}},{"type":"Feature","id":115,"geometry":{"type":"Polygon","coordinates":[[[-122.49522699999994,37.753414000000078],[-122.49531499999995,37.753541000000041],[-122.49543199999999,37.75521400000008],[-122.49535799999995,37.755276000000038],[-122.49544099999997,37.755384000000049],[-122.49555499999997,37.757027000000051],[-122.49548699999997,37.757140000000049],[-122.49556299999995,37.757205000000056],[-122.49568299999999,37.758930000000078],[-122.49561699999998,37.759004000000061],[-122.49569299999996,37.759073000000058],[-122.49581099999995,37.760761000000059],[-122.49574899999999,37.760874000000058],[-122.49583199999995,37.760974000000033],[-122.49594499999995,37.762628000000063],[-122.49587699999995,37.762735000000077],[-122.49595899999997,37.762835000000052],[-122.49607799999995,37.764568000000054],[-122.49608499999999,37.764675000000068],[-122.49643099999997,37.764660000000049],[-122.49654699999996,37.76459600000004],[-122.49663099999998,37.764651000000072],[-122.49745699999994,37.764601000000027],[-122.49761599999999,37.764545000000055],[-122.49773899999997,37.764586000000065],[-122.49859799999996,37.764546000000053],[-122.49868699999996,37.764495000000068],[-122.49876999999998,37.764538000000073],[-122.49964099999994,37.764501000000052],[-122.49975999999998,37.764450000000068],[-122.49984999999998,37.764487000000031],[-122.50072899999998,37.764452000000063],[-122.50083099999995,37.764406000000065],[-122.50093599999997,37.764443000000028],[-122.50180999999998,37.764406000000065],[-122.50190099999998,37.764361000000065],[-122.50201499999997,37.764393000000041],[-122.50286099999994,37.764354000000026],[-122.50297599999999,37.764311000000077],[-122.50284399999998,37.762427000000059],[-122.50271299999997,37.760567000000037],[-122.50258199999996,37.758700000000033],[-122.50244999999995,37.756835000000081],[-122.50231799999995,37.754953000000057],[-122.50219099999998,37.753106000000059],[-122.50205999999997,37.751240000000053],[-122.50192999999996,37.749377000000038],[-122.50085699999994,37.749425000000031],[-122.49978399999998,37.749472000000026],[-122.49991399999999,37.751334000000043],[-122.49884199999997,37.751381000000038],[-122.49776999999995,37.751426000000038],[-122.49670199999997,37.751476000000025],[-122.49562999999995,37.751527000000067],[-122.49509799999998,37.751545000000078],[-122.49518399999999,37.751651000000038],[-122.49529699999999,37.753283000000067],[-122.49522699999994,37.753414000000078]]]},"properties":{"OBJECTID":115,"STATEFP10":"06","COUNTYFP10":"075","TRACTCE10":"035100","GEOID10":"06075035100","NAME10":"351","NAMELSAD10":"Census Tract 351","MTFCC10":"G5020","FUNCSTAT10":"S","ALAND10":925873,"AWATER10":0,"INTPTLAT10":"+37.7576269","INTPTLON10":"-122.4991499","OBJECTID_1":2502,"trctidfp10":"06075035100","stcou":"06075","pdenied":1.2717536687850952,"JOINID":"06075035100","STCOU_TXT":"06075","Shape_Length":0.044337011025631735,"Shape_Area":9.466358550006511e-05}},{"type":"Feature","id":116,"geometry":{"type":"Polygon","coordinates":[[[-122.50258199999996,37.758700000000033],[-122.50271299999997,37.760567000000037],[-122.50284399999998,37.762427000000059],[-122.50297599999999,37.764311000000077],[-122.50308399999994,37.764343000000054],[-122.50392599999998,37.764304000000038],[-122.50404899999995,37.764261000000033],[-122.50415799999996,37.764296000000058],[-122.50498199999998,37.764260000000036],[-122.50511999999998,37.764214000000038],[-122.50523199999998,37.764249000000063],[-122.50608999999997,37.764210000000048],[-122.50619099999994,37.764166000000046],[-122.50632299999995,37.764203000000066],[-122.50714899999997,37.764164000000051],[-122.50726199999997,37.764116000000058],[-122.50736499999999,37.764152000000024],[-122.50820899999997,37.764120000000048],[-122.50833099999994,37.764076000000045],[-122.50846199999995,37.764106000000027],[-122.50928399999998,37.764088000000072],[-122.50940199999997,37.76403300000004],[-122.50957499999998,37.764100000000042],[-122.50986999999998,37.764090000000067],[-122.50983299999996,37.763969000000031],[-122.50981699999994,37.763729000000069],[-122.50962199999998,37.762127000000078],[-122.50938199999996,37.760272000000043],[-122.50916599999999,37.758488000000057],[-122.50911099999996,37.758414000000073],[-122.50793599999997,37.758466000000055],[-122.50686799999994,37.75851300000005],[-122.50579699999997,37.758560000000045],[-122.50472499999995,37.758606000000043],[-122.50365199999999,37.758653000000038],[-122.50258199999996,37.758700000000033]]]},"properties":{"OBJECTID":116,"STATEFP10":"06","COUNTYFP10":"075","TRACTCE10":"035202","GEOID10":"06075035202","NAME10":"352.02","NAMELSAD10":"Census Tract 352.02","MTFCC10":"G5020","FUNCSTAT10":"S","ALAND10":372475,"AWATER10":0,"INTPTLAT10":"+37.7613974","INTPTLON10":"-122.5061466","OBJECTID_1":2504,"trctidfp10":"06075035202","stcou":"06075","pdenied":1.0835913419723511,"JOINID":"06075035202","STCOU_TXT":"06075","Shape_Length":0.02489528249670362,"Shape_Area":3.8084763499952805e-05}},{"type":"Feature","id":117,"geometry":{"type":"Polygon","coordinates":[[[-122.49097399999999,37.729112000000043],[-122.49055899999996,37.729548000000079],[-122.49054699999999,37.729652000000044],[-122.49042499999996,37.729692000000057],[-122.49013499999995,37.730003000000067],[-122.48990099999997,37.730165000000056],[-122.48957999999999,37.730286000000035],[-122.48920499999997,37.730319000000065],[-122.48888999999997,37.730257000000051],[-122.48672399999998,37.729587000000038],[-122.48655199999996,37.729585000000043],[-122.48651599999999,37.729802000000063],[-122.48631099999994,37.730221000000029],[-122.48617699999994,37.730591000000061],[-122.48617899999999,37.730879000000073],[-122.48530199999999,37.730946000000074],[-122.48442299999999,37.731013000000075],[-122.48354499999999,37.731080000000077],[-122.48266399999994,37.731147000000078],[-122.48192999999998,37.731172000000072],[-122.48178699999994,37.731170000000077],[-122.48089999999996,37.73115800000005],[-122.48001499999998,37.731148000000076],[-122.47913199999999,37.731139000000042],[-122.47824699999995,37.731129000000067],[-122.47723199999996,37.731118000000038],[-122.47683899999998,37.731114000000048],[-122.47592699999996,37.731104000000073],[-122.47485699999999,37.731066000000055],[-122.47493299999996,37.731181000000049],[-122.47500399999996,37.732353000000046],[-122.47495499999997,37.73245600000007],[-122.47503699999999,37.732622000000049],[-122.47516399999995,37.734483000000068],[-122.47510199999999,37.734626000000048],[-122.47530799999998,37.734718000000044],[-122.47608999999994,37.734725000000026],[-122.47639199999998,37.734728000000075],[-122.47696999999999,37.734714000000054],[-122.47708099999994,37.734618000000069],[-122.47718599999996,37.734706000000074],[-122.47802299999995,37.734676000000036],[-122.47936899999996,37.734629000000041],[-122.47945999999996,37.734533000000056],[-122.47970299999997,37.734614000000079],[-122.48025399999995,37.734590000000026],[-122.48113299999994,37.734552000000065],[-122.48148699999996,37.734537000000046],[-122.48189699999995,37.734519000000034],[-122.48201399999999,37.734420000000057],[-122.48210999999998,37.73450900000006],[-122.48235099999999,37.734497000000033],[-122.48287499999998,37.734472000000039],[-122.48321599999997,37.734455000000025],[-122.48367499999995,37.734433000000024],[-122.48377499999998,37.734342000000026],[-122.48388099999994,37.734423000000049],[-122.48407499999996,37.73441500000007],[-122.48470999999995,37.734389000000078],[-122.48497299999997,37.734378000000049],[-122.48551799999996,37.734356000000048],[-122.48577499999999,37.734345000000076],[-122.48593299999999,37.734247000000039],[-122.48610099999996,37.734329000000059],[-122.48638399999999,37.734317000000033],[-122.48724799999997,37.734280000000069],[-122.48817199999996,37.734240000000057],[-122.48874499999999,37.734215000000063],[-122.48895599999997,37.734113000000036],[-122.48908599999999,37.734197000000052],[-122.49032599999998,37.734136000000035],[-122.49044399999997,37.734050000000025],[-122.49054999999998,37.734125000000063],[-122.49113199999999,37.734096000000079],[-122.49134299999997,37.734008000000074],[-122.49150899999995,37.734092000000032],[-122.49225899999999,37.734058000000061],[-122.49334499999998,37.734009000000071],[-122.49378399999995,37.733989000000065],[-122.49394199999995,37.733981000000028],[-122.49440299999998,37.733960000000025],[-122.49644899999998,37.733877000000064],[-122.49663599999997,37.733771000000047],[-122.49675999999999,37.733586000000059],[-122.49745599999994,37.733013000000028],[-122.49810699999995,37.732268000000033],[-122.49905899999999,37.731576000000075],[-122.49822999999998,37.731376000000068],[-122.49800199999999,37.731278000000032],[-122.49805999999995,37.731165000000033],[-122.49787099999998,37.730730000000051],[-122.49736399999995,37.729689000000064],[-122.49735399999997,37.729668000000061],[-122.49723299999999,37.729490000000055],[-122.49701699999997,37.729303000000073],[-122.49669899999998,37.72912400000007],[-122.49635699999999,37.72903400000007],[-122.49603499999995,37.729012000000068],[-122.49568799999997,37.729059000000063],[-122.49428599999999,37.729399000000058],[-122.49346999999995,37.729597000000069],[-122.49344399999995,37.729485000000068],[-122.49331099999995,37.729363000000035],[-122.49253799999997,37.728947000000062],[-122.49226699999997,37.728840000000048],[-122.49192899999997,37.728797000000043],[-122.49170899999996,37.728827000000024],[-122.49144199999995,37.728864000000044],[-122.49101099999996,37.729073000000028],[-122.49097399999999,37.729112000000043]]]},"properties":{"OBJECTID":117,"STATEFP10":"06","COUNTYFP10":"075","TRACTCE10":"033100","GEOID10":"06075033100","NAME10":"331","NAMELSAD10":"Census Tract 331","MTFCC10":"G5020","FUNCSTAT10":"S","ALAND10":895122,"AWATER10":0,"INTPTLAT10":"+37.7321973","INTPTLON10":"-122.4872238","OBJECTID_1":2498,"trctidfp10":"06075033100","stcou":"06075","pdenied":1.0091743469238281,"JOINID":"06075033100","STCOU_TXT":"06075","Shape_Length":0.056575584176063613,"Shape_Area":9.148845649976208e-05}},{"type":"Feature","id":118,"geometry":{"type":"Polygon","coordinates":[[[-122.48377499999998,37.734342000000026],[-122.48367499999995,37.734433000000024],[-122.48321599999997,37.734455000000025],[-122.48287499999998,37.734472000000039],[-122.48235099999999,37.734497000000033],[-122.48210999999998,37.73450900000006],[-122.48201399999999,37.734420000000057],[-122.48189699999995,37.734519000000034],[-122.48148699999996,37.734537000000046],[-122.48113299999994,37.734552000000065],[-122.48025399999995,37.734590000000026],[-122.47970299999997,37.734614000000079],[-122.47945999999996,37.734533000000056],[-122.47936899999996,37.734629000000041],[-122.47802299999995,37.734676000000036],[-122.47718599999996,37.734706000000074],[-122.47708099999994,37.734618000000069],[-122.47696999999999,37.734714000000054],[-122.47639199999998,37.734728000000075],[-122.47608999999994,37.734725000000026],[-122.47530799999998,37.734718000000044],[-122.47510199999999,37.734626000000048],[-122.47518399999996,37.734764000000041],[-122.47528799999998,37.736379000000056],[-122.47535199999999,37.737363000000073],[-122.47528899999998,37.737455000000068],[-122.47536199999996,37.737546000000066],[-122.47547099999997,37.739213000000063],[-122.47540899999996,37.739325000000065],[-122.47548499999999,37.739432000000079],[-122.47560599999997,37.741099000000077],[-122.47553999999997,37.741187000000025],[-122.47561699999994,37.74127500000003],[-122.47571099999999,37.74294400000008],[-122.47564399999999,37.743052000000034],[-122.47676499999994,37.743003000000044],[-122.47783599999997,37.742956000000049],[-122.47890499999994,37.742909000000054],[-122.47997799999996,37.742862000000059],[-122.48104999999998,37.742814000000067],[-122.48212199999995,37.742767000000072],[-122.48319199999997,37.742720000000077],[-122.48426399999994,37.742673000000025],[-122.48533499999996,37.74262600000003],[-122.48640799999998,37.742579000000035],[-122.48747599999996,37.74253200000004],[-122.48854699999998,37.742485000000045],[-122.48961999999995,37.742437000000052],[-122.49069199999997,37.742390000000057],[-122.49176799999998,37.742343000000062],[-122.49283699999995,37.742296000000067],[-122.49390699999998,37.742249000000072],[-122.49444299999999,37.742225000000076],[-122.49450899999999,37.742112000000077],[-122.49439199999995,37.740441000000033],[-122.49431299999998,37.740356000000077],[-122.49438099999998,37.740285000000029],[-122.49426099999999,37.738595000000032],[-122.49418099999997,37.738496000000055],[-122.49424699999997,37.738402000000065],[-122.49413399999997,37.736710000000073],[-122.49405399999995,37.736635000000035],[-122.49397299999998,37.736562000000049],[-122.49385699999999,37.735028000000057],[-122.49378399999995,37.733989000000065],[-122.49334499999998,37.734009000000071],[-122.49225899999999,37.734058000000061],[-122.49150899999995,37.734092000000032],[-122.49134299999997,37.734008000000074],[-122.49113199999999,37.734096000000079],[-122.49054999999998,37.734125000000063],[-122.49044399999997,37.734050000000025],[-122.49032599999998,37.734136000000035],[-122.48908599999999,37.734197000000052],[-122.48895599999997,37.734113000000036],[-122.48874499999999,37.734215000000063],[-122.48817199999996,37.734240000000057],[-122.48724799999997,37.734280000000069],[-122.48638399999999,37.734317000000033],[-122.48610099999996,37.734329000000059],[-122.48593299999999,37.734247000000039],[-122.48577499999999,37.734345000000076],[-122.48551799999996,37.734356000000048],[-122.48497299999997,37.734378000000049],[-122.48470999999995,37.734389000000078],[-122.48407499999996,37.73441500000007],[-122.48388099999994,37.734423000000049],[-122.48377499999998,37.734342000000026]]]},"properties":{"OBJECTID":118,"STATEFP10":"06","COUNTYFP10":"075","TRACTCE10":"033000","GEOID10":"06075033000","NAME10":"330","NAMELSAD10":"Census Tract 330","MTFCC10":"G5020","FUNCSTAT10":"S","ALAND10":1506892,"AWATER10":8871,"INTPTLAT10":"+37.7381567","INTPTLON10":"-122.4834271","OBJECTID_1":2497,"trctidfp10":"06075033000","stcou":"06075","pdenied":0.81159418821334839,"JOINID":"06075033000","STCOU_TXT":"06075","Shape_Length":0.055044473957972476,"Shape_Area":0.00015493582250007061}},{"type":"Feature","id":119,"geometry":{"type":"Polygon","coordinates":[[[-122.48638199999999,37.757542000000058],[-122.48651199999995,37.759407000000067],[-122.48663999999997,37.761276000000066],[-122.48676999999998,37.763137000000029],[-122.48690199999999,37.765019000000052],[-122.48701499999999,37.765058000000067],[-122.48784299999994,37.76502000000005],[-122.48796699999997,37.76497100000006],[-122.48808699999995,37.765003000000036],[-122.48892899999998,37.764970000000062],[-122.48904199999998,37.764929000000052],[-122.48916799999995,37.764956000000041],[-122.48992199999998,37.76492200000007],[-122.49011599999994,37.764881000000059],[-122.49022999999994,37.764908000000048],[-122.49103699999995,37.764872000000025],[-122.49118599999997,37.764833000000067],[-122.49131799999998,37.764863000000048],[-122.49212799999998,37.764823000000035],[-122.49225799999999,37.76478000000003],[-122.49238099999997,37.76482100000004],[-122.49322099999995,37.764784000000077],[-122.49333099999996,37.764733000000035],[-122.49342099999996,37.76477600000004],[-122.49431599999997,37.764737000000025],[-122.49440199999998,37.76468600000004],[-122.49451399999998,37.764730000000043],[-122.49534499999999,37.764706000000047],[-122.49547499999994,37.764638000000048],[-122.49558599999995,37.764696000000072],[-122.49593399999998,37.764681000000053],[-122.49608499999999,37.764675000000068],[-122.49607799999995,37.764568000000054],[-122.49595899999997,37.762835000000052],[-122.49587699999995,37.762735000000077],[-122.49594499999995,37.762628000000063],[-122.49583199999995,37.760974000000033],[-122.49574899999999,37.760874000000058],[-122.49581099999995,37.760761000000059],[-122.49569299999996,37.759073000000058],[-122.49561699999998,37.759004000000061],[-122.49568299999999,37.758930000000078],[-122.49556299999995,37.757205000000056],[-122.49548699999997,37.757140000000049],[-122.49555499999997,37.757027000000051],[-122.49544099999997,37.755384000000049],[-122.49535799999995,37.755276000000038],[-122.49481999999995,37.755301000000031],[-122.49375099999997,37.755351000000076],[-122.49267499999996,37.755398000000071],[-122.49160499999999,37.755446000000063],[-122.49053399999997,37.755493000000058],[-122.48945899999995,37.755541000000051],[-122.48838599999999,37.755588000000046],[-122.48731599999996,37.755635000000041],[-122.48624799999999,37.755683000000033],[-122.48638199999999,37.757542000000058]]]},"properties":{"OBJECTID":119,"STATEFP10":"06","COUNTYFP10":"075","TRACTCE10":"032700","GEOID10":"06075032700","NAME10":"327","NAMELSAD10":"Census Tract 327","MTFCC10":"G5020","FUNCSTAT10":"S","ALAND10":844038,"AWATER10":0,"INTPTLAT10":"+37.7601670","INTPTLON10":"-122.4911676","OBJECTID_1":2492,"trctidfp10":"06075032700","stcou":"06075","pdenied":1.1666666269302368,"JOINID":"06075032700","STCOU_TXT":"06075","Shape_Length":0.037456558551673708,"Shape_Area":8.6299707499826243e-05}},{"type":"Feature","id":120,"geometry":{"type":"Polygon","coordinates":[[[-122.45399899999995,37.711960000000033],[-122.45387099999999,37.712043000000051],[-122.45295099999998,37.712772000000029],[-122.45288399999998,37.712829000000056],[-122.45227799999998,37.713344000000063],[-122.45176599999996,37.713816000000065],[-122.45163399999996,37.713937000000044],[-122.45120799999995,37.714294000000052],[-122.45096099999995,37.714501000000041],[-122.45036599999997,37.715016000000048],[-122.45023499999996,37.71513200000004],[-122.44974899999994,37.715617000000066],[-122.44962699999996,37.715739000000042],[-122.44938099999996,37.716075000000046],[-122.44931599999995,37.716164000000049],[-122.44925699999999,37.716244000000074],[-122.44921099999999,37.716306000000031],[-122.44895699999995,37.716814000000056],[-122.44883699999997,37.717055000000073],[-122.44872699999996,37.717450000000042],[-122.44868599999995,37.717596000000071],[-122.44867399999998,37.717688000000066],[-122.44866599999995,37.717751000000078],[-122.44859499999995,37.718310000000031],[-122.44858199999999,37.71841100000006],[-122.44860499999999,37.718396000000041],[-122.44888699999996,37.718170000000043],[-122.44908499999997,37.717882000000031],[-122.44926199999998,37.717538000000047],[-122.44957199999999,37.717115000000035],[-122.44990399999995,37.716725000000054],[-122.45037799999994,37.716169000000036],[-122.45115499999997,37.716583000000071],[-122.45189499999998,37.71697800000004],[-122.45264199999997,37.717376000000058],[-122.45337799999999,37.717768000000035],[-122.45405,37.718126000000041],[-122.45408199999997,37.718174000000033],[-122.45418899999999,37.71823900000004],[-122.45511099999999,37.718237000000045],[-122.45610799999997,37.71823500000005],[-122.45714499999997,37.718233000000055],[-122.45816299999996,37.718232000000057],[-122.45918699999999,37.718230000000062],[-122.46020899999996,37.71823100000006],[-122.46123099999994,37.718232000000057],[-122.46224499999994,37.718220000000031],[-122.46263899999997,37.718211000000053],[-122.46263999999996,37.717936000000066],[-122.46263299999998,37.717421000000058],[-122.46262499999995,37.716571000000044],[-122.46261999999996,37.716144000000043],[-122.46261499999997,37.715619000000061],[-122.46260799999999,37.71488400000004],[-122.46260199999995,37.714308000000074],[-122.46258899999998,37.714030000000037],[-122.46255499999995,37.71390400000007],[-122.46256899999997,37.713150000000041],[-122.46258099999994,37.712523000000033],[-122.46258099999994,37.712274000000036],[-122.46256999999997,37.711370000000045],[-122.46254599999997,37.711171000000036],[-122.46236199999998,37.711175000000026],[-122.46190099999995,37.710974000000078],[-122.46132299999999,37.710793000000024],[-122.46102899999994,37.710665000000063],[-122.46085799999997,37.710586000000035],[-122.45900199999994,37.710596000000066],[-122.45830699999999,37.710600000000056],[-122.45731199999994,37.710648000000049],[-122.45637599999998,37.710825000000057],[-122.45633899999996,37.710832000000039],[-122.45604999999995,37.710927000000027],[-122.45562199999995,37.711068000000068],[-122.45559599999996,37.711076000000048],[-122.45502799999997,37.711317000000065],[-122.45450399999999,37.71163400000006],[-122.45399899999995,37.711960000000033]]]},"properties":{"OBJECTID":120,"STATEFP10":"06","COUNTYFP10":"075","TRACTCE10":"031400","GEOID10":"06075031400","NAME10":"314","NAMELSAD10":"Census Tract 314","MTFCC10":"G5020","FUNCSTAT10":"S","ALAND10":770611,"AWATER10":0,"INTPTLAT10":"+37.7147206","INTPTLON10":"-122.4571446","OBJECTID_1":2489,"trctidfp10":"06075031400","stcou":"06075","pdenied":1.2490814924240112,"JOINID":"06075031400","STCOU_TXT":"06075","Shape_Length":0.04039275489217925,"Shape_Area":7.8743966499954615e-05}},{"type":"Feature","id":121,"geometry":{"type":"Polygon","coordinates":[[[-122.45340899999997,37.730672000000027],[-122.45339399999995,37.729837000000032],[-122.45407199999994,37.729834000000039],[-122.45400699999999,37.729448000000048],[-122.45400199999995,37.729166000000077],[-122.45399599999996,37.728803000000028],[-122.45399099999997,37.72851200000008],[-122.45244199999996,37.728502000000049],[-122.45232799999997,37.728303000000039],[-122.45238199999994,37.727868000000058],[-122.45236999999997,37.726738000000068],[-122.45234399999998,37.724255000000028],[-122.45233599999995,37.723548000000051],[-122.45233199999996,37.723080000000039],[-122.45221999999995,37.723115000000064],[-122.45171099999999,37.723046000000068],[-122.45159499999994,37.722992000000033],[-122.45147399999996,37.723078000000044],[-122.45065499999998,37.723072000000059],[-122.45007299999997,37.723042000000078],[-122.44989299999997,37.723033000000044],[-122.44961499999999,37.723019000000079],[-122.44955899999997,37.722961000000055],[-122.44948399999998,37.723003000000062],[-122.44917799999996,37.723003000000062],[-122.44809799999996,37.723005000000057],[-122.44787799999995,37.723005000000057],[-122.44760099999996,37.723835000000065],[-122.44758599999994,37.723880000000065],[-122.44753399999996,37.724005000000034],[-122.44723699999997,37.724569000000031],[-122.44720099999995,37.724638000000027],[-122.44686399999995,37.725213000000053],[-122.44639099999995,37.725863000000061],[-122.44630799999999,37.725978000000055],[-122.44595299999997,37.726365000000044],[-122.44572399999998,37.726613000000043],[-122.44560299999995,37.726734000000079],[-122.44504099999995,37.727295000000026],[-122.44468799999999,37.727583000000038],[-122.44442299999997,37.727799000000061],[-122.44379099999998,37.728233000000046],[-122.44366399999996,37.728304000000037],[-122.44307499999996,37.728634000000056],[-122.44272199999995,37.72879400000005],[-122.44196999999997,37.72913600000004],[-122.44180099999994,37.729202000000043],[-122.44122999999996,37.729423000000054],[-122.44113499999997,37.729460000000074],[-122.44078099999996,37.729605000000049],[-122.44025599999998,37.729820000000075],[-122.44010199999997,37.729878000000042],[-122.43948299999994,37.730112000000076],[-122.43955799999998,37.730191000000048],[-122.43854099999999,37.730568000000062],[-122.43819099999996,37.730698000000075],[-122.43701199999998,37.731118000000038],[-122.43644999999998,37.731333000000063],[-122.43613299999998,37.731470000000058],[-122.43589199999997,37.731577000000073],[-122.43542499999995,37.731786000000056],[-122.43506099999996,37.731965000000059],[-122.43491399999999,37.732038000000045],[-122.43429899999995,37.732311000000038],[-122.43253499999997,37.733123000000035],[-122.43242199999997,37.733176000000071],[-122.43244799999997,37.733191000000033],[-122.43257199999999,37.733243000000073],[-122.43280199999998,37.733340000000055],[-122.43297399999994,37.733311000000072],[-122.43320099999994,37.733439000000033],[-122.43402099999997,37.733588000000054],[-122.43414499999994,37.733550000000037],[-122.43423799999999,37.733626000000072],[-122.43489899999997,37.733751000000041],[-122.43499599999996,37.733718000000067],[-122.43506699999995,37.733782000000076],[-122.43573899999996,37.733899000000065],[-122.43583999999998,37.733875000000069],[-122.43591999999995,37.733931000000041],[-122.43657999999999,37.734068000000036],[-122.43667299999998,37.73404000000005],[-122.43675199999996,37.734096000000079],[-122.43751399999996,37.734246000000041],[-122.43839199999996,37.734420000000057],[-122.43840799999998,37.734341000000029],[-122.43855499999995,37.733887000000038],[-122.43864599999995,37.733609000000058],[-122.43881599999997,37.733087000000069],[-122.43945999999994,37.733083000000079],[-122.43962099999999,37.733112000000062],[-122.43975199999994,37.733111000000065],[-122.44090299999999,37.733104000000026],[-122.44200199999995,37.733098000000041],[-122.44431999999995,37.733088000000066],[-122.44660099999999,37.733077000000037],[-122.44887299999999,37.733069000000057],[-122.45116099999996,37.733058000000028],[-122.45333399999998,37.733049000000051],[-122.45342499999998,37.733040000000074],[-122.45341899999994,37.732306000000051],[-122.45341099999996,37.731531000000075],[-122.45340999999996,37.73145100000005],[-122.45340999999996,37.731137000000047],[-122.45340899999997,37.730672000000027]]]},"properties":{"OBJECTID":121,"STATEFP10":"06","COUNTYFP10":"075","TRACTCE10":"031100","GEOID10":"06075031100","NAME10":"311","NAMELSAD10":"Census Tract 311","MTFCC10":"G5020","FUNCSTAT10":"S","ALAND10":1077732,"AWATER10":0,"INTPTLAT10":"+37.7296356","INTPTLON10":"-122.4461642","OBJECTID_1":2484,"trctidfp10":"06075031100","stcou":"06075","pdenied":0.72747623920440674,"JOINID":"06075031100","STCOU_TXT":"06075","Shape_Length":0.058325728906661017,"Shape_Area":0.00011014881949990323}},{"type":"Feature","id":122,"geometry":{"type":"Polygon","coordinates":[[[-122.45341099999996,37.731531000000075],[-122.45341899999994,37.732306000000051],[-122.45342499999998,37.733040000000074],[-122.45385599999997,37.732993000000079],[-122.45405199999999,37.732990000000029],[-122.45427299999994,37.733025000000055],[-122.45451099999997,37.733296000000053],[-122.45460399999996,37.733480000000043],[-122.45465899999999,37.733599000000027],[-122.45474099999996,37.733718000000067],[-122.45498999999995,37.733896000000072],[-122.45524299999994,37.733978000000036],[-122.45549299999999,37.73399900000004],[-122.45573399999995,37.734045000000037],[-122.45596599999999,37.734132000000045],[-122.45615599999996,37.73421200000007],[-122.45651599999997,37.734267000000045],[-122.45662399999998,37.734442000000058],[-122.45679299999995,37.734539000000041],[-122.45704699999999,37.734574000000066],[-122.45741899999996,37.734484000000066],[-122.45756299999999,37.734486000000061],[-122.45768499999997,37.734488000000056],[-122.45810999999998,37.734568000000024],[-122.45837999999998,37.734581000000048],[-122.45875499999994,37.734539000000041],[-122.45904999999999,37.734458000000075],[-122.45950499999998,37.734291000000042],[-122.45906399999996,37.733645000000024],[-122.45922199999995,37.733486000000028],[-122.45927699999999,37.733382000000063],[-122.45929299999995,37.733229000000051],[-122.45934499999998,37.73312100000004],[-122.45946199999997,37.733008000000041],[-122.46000899999996,37.732706000000064],[-122.46020399999998,37.732642000000055],[-122.46042899999998,37.732629000000031],[-122.46045699999996,37.732316000000026],[-122.46054499999997,37.732043000000033],[-122.46055899999999,37.731919000000062],[-122.46099599999997,37.731620000000078],[-122.46115099999997,37.73148800000007],[-122.46129199999996,37.731326000000024],[-122.46134299999994,37.730895000000032],[-122.46137899999997,37.730689000000041],[-122.46146299999998,37.730470000000025],[-122.46164199999998,37.73023100000006],[-122.46173699999997,37.730022000000076],[-122.46152399999994,37.729319000000032],[-122.46180599999997,37.728720000000067],[-122.46159899999998,37.728764000000069],[-122.46137899999997,37.728787000000068],[-122.46113899999995,37.728765000000067],[-122.46081599999997,37.728681000000051],[-122.46094599999998,37.72860600000007],[-122.46142199999997,37.728330000000028],[-122.46182399999998,37.728119000000049],[-122.46206799999999,37.728050000000053],[-122.46237799999994,37.728011000000038],[-122.46270299999998,37.728024000000062],[-122.46288799999996,37.728056000000038],[-122.46273599999995,37.727784000000042],[-122.46261599999997,37.727529000000061],[-122.46254699999997,37.727225000000033],[-122.46254599999997,37.727131000000043],[-122.46254499999998,37.72699700000004],[-122.46257499999996,37.726736000000074],[-122.46268699999996,37.725775000000056],[-122.46281499999998,37.725482000000056],[-122.46272999999997,37.725490000000036],[-122.46227999999996,37.725328000000047],[-122.46221299999996,37.725266000000033],[-122.46210399999995,37.72527000000008],[-122.46128099999999,37.72499700000003],[-122.46121099999999,37.724950000000035],[-122.46113499999996,37.724962000000062],[-122.46028599999994,37.724788000000046],[-122.46023399999996,37.724749000000031],[-122.46018099999998,37.724766000000045],[-122.45999499999999,37.72472700000003],[-122.45995499999998,37.724690000000066],[-122.45989399999996,37.724705000000029],[-122.45925599999998,37.724571000000026],[-122.45921299999998,37.724533000000065],[-122.45913999999999,37.724546000000032],[-122.45824299999998,37.724357000000055],[-122.45819099999994,37.724318000000039],[-122.45812099999995,37.724331000000063],[-122.45736799999997,37.724172000000067],[-122.45734099999999,37.724138000000039],[-122.45729999999998,37.724158000000045],[-122.45718499999998,37.724133000000052],[-122.45716899999996,37.724102000000073],[-122.45710899999995,37.724117000000035],[-122.45655199999999,37.724000000000046],[-122.45651599999997,37.72396400000008],[-122.45646899999997,37.723982000000035],[-122.45618099999996,37.723921000000075],[-122.45614999999998,37.723887000000047],[-122.45608799999997,37.723902000000066],[-122.45517399999994,37.723709000000042],[-122.45513599999998,37.723672000000079],[-122.45506999999998,37.723687000000041],[-122.45416099999994,37.723495000000071],[-122.45411599999994,37.723457000000053],[-122.45404199999996,37.72341300000005],[-122.45316399999996,37.723228000000063],[-122.45310699999999,37.723244000000079],[-122.45304199999998,37.723259000000041],[-122.45237299999997,37.723117000000059],[-122.45233199999996,37.723080000000039],[-122.45233599999995,37.723548000000051],[-122.45234399999998,37.724255000000028],[-122.45236999999997,37.726738000000068],[-122.45238199999994,37.727868000000058],[-122.45232799999997,37.728303000000039],[-122.45244199999996,37.728502000000049],[-122.45399099999997,37.72851200000008],[-122.45399599999996,37.728803000000028],[-122.45400199999995,37.729166000000077],[-122.45400699999999,37.729448000000048],[-122.45407199999994,37.729834000000039],[-122.45339399999995,37.729837000000032],[-122.45340899999997,37.730672000000027],[-122.45340999999996,37.731137000000047],[-122.45340999999996,37.73145100000005],[-122.45341099999996,37.731531000000075]]]},"properties":{"OBJECTID":122,"STATEFP10":"06","COUNTYFP10":"075","TRACTCE10":"031000","GEOID10":"06075031000","NAME10":"310","NAMELSAD10":"Census Tract 310","MTFCC10":"G5020","FUNCSTAT10":"S","ALAND10":820075,"AWATER10":0,"INTPTLAT10":"+37.7286172","INTPTLON10":"-122.4571587","OBJECTID_1":2483,"trctidfp10":"06075031000","stcou":"06075","pdenied":0.48661801218986511,"JOINID":"06075031000","STCOU_TXT":"06075","Shape_Length":0.042950572839458037,"Shape_Area":8.3813833500055168e-05}},{"type":"Feature","id":123,"geometry":{"type":"Polygon","coordinates":[[[-122.464204,37.735708000000045],[-122.46433599999995,37.735797000000048],[-122.46465499999999,37.735925000000066],[-122.46488999999997,37.736045000000047],[-122.46464599999996,37.735727000000054],[-122.46448799999996,37.73547300000007],[-122.46445199999999,37.735019000000079],[-122.46455599999996,37.735135000000071],[-122.46532099999996,37.73509800000005],[-122.46535099999994,37.734989000000041],[-122.46541199999996,37.735093000000063],[-122.46590199999997,37.735069000000067],[-122.46624799999995,37.734937000000059],[-122.46713499999998,37.734898000000044],[-122.46796299999994,37.734866000000068],[-122.46880899999996,37.734825000000058],[-122.46968699999996,37.734786000000042],[-122.47050399999995,37.734749000000079],[-122.47125899999998,37.734792000000027],[-122.47156899999999,37.734707000000071],[-122.47175499999997,37.734822000000065],[-122.47233099999994,37.734806000000049],[-122.47263099999998,37.734798000000069],[-122.47323299999999,37.734781000000055],[-122.47405099999997,37.734758000000056],[-122.47420399999999,37.734754000000066],[-122.47494099999994,37.734733000000062],[-122.47510199999999,37.734626000000048],[-122.47516399999995,37.734483000000068],[-122.47503699999999,37.732622000000049],[-122.47495499999997,37.73245600000007],[-122.47500399999996,37.732353000000046],[-122.47493299999996,37.731181000000049],[-122.47485699999999,37.731066000000055],[-122.47478199999995,37.730993000000069],[-122.47473499999995,37.730361000000073],[-122.47463399999998,37.728992000000062],[-122.47462999999999,37.728934000000038],[-122.47473299999996,37.727033000000063],[-122.47489999999999,37.726991000000055],[-122.47474199999999,37.726874000000066],[-122.47481099999999,37.72559300000006],[-122.47484799999995,37.724906000000033],[-122.47494699999999,37.72308600000008],[-122.47504899999996,37.721211000000039],[-122.47522199999997,37.72105700000003],[-122.47534199999996,37.720866000000058],[-122.47534199999996,37.720549000000062],[-122.47522499999997,37.720443000000046],[-122.47534199999996,37.720273000000077],[-122.47522699999996,37.719836000000043],[-122.47516799999994,37.719767000000047],[-122.47489699999994,37.719448000000057],[-122.47484999999995,37.719399000000067],[-122.47452799999996,37.719065000000057],[-122.47284399999995,37.717312000000049],[-122.47257199999996,37.717174000000057],[-122.47265499999997,37.71750000000003],[-122.47265199999998,37.717698000000041],[-122.47264399999995,37.717853000000048],[-122.47262999999998,37.718097000000057],[-122.47260399999999,37.718577000000039],[-122.47254699999996,37.719640000000027],[-122.47244899999998,37.721453000000054],[-122.47232199999996,37.721624000000077],[-122.47198299999997,37.72166100000004],[-122.47175999999996,37.721671000000072],[-122.47167399999995,37.721631000000059],[-122.47077899999999,37.721637000000044],[-122.46987699999994,37.721643000000029],[-122.46973999999994,37.721644000000026],[-122.46897399999995,37.721650000000068],[-122.46865999999994,37.721652000000063],[-122.46807599999994,37.721656000000053],[-122.46761499999997,37.721659000000045],[-122.46718499999997,37.721662000000038],[-122.46658799999994,37.721666000000027],[-122.46627799999999,37.721668000000079],[-122.46556399999997,37.721673000000067],[-122.46539099999995,37.721674000000064],[-122.46448399999997,37.721680000000049],[-122.46358199999997,37.721686000000034],[-122.46268299999997,37.721692000000075],[-122.46226499999995,37.721695000000068],[-122.46226499999995,37.721828000000073],[-122.46227099999999,37.723021000000074],[-122.46227399999998,37.723637000000053],[-122.46227599999997,37.724271000000044],[-122.46227899999997,37.724866000000077],[-122.46227999999996,37.72514700000005],[-122.46221299999996,37.725266000000033],[-122.46227999999996,37.725328000000047],[-122.46272999999997,37.725490000000036],[-122.46281499999998,37.725482000000056],[-122.46268699999996,37.725775000000056],[-122.46257499999996,37.726736000000074],[-122.46254499999998,37.72699700000004],[-122.46254599999997,37.727131000000043],[-122.46254699999997,37.727225000000033],[-122.46261599999997,37.727529000000061],[-122.46273599999995,37.727784000000042],[-122.46288799999996,37.728056000000038],[-122.46270299999998,37.728024000000062],[-122.46237799999994,37.728011000000038],[-122.46206799999999,37.728050000000053],[-122.46182399999998,37.728119000000049],[-122.46142199999997,37.728330000000028],[-122.46094599999998,37.72860600000007],[-122.46081599999997,37.728681000000051],[-122.46113899999995,37.728765000000067],[-122.46137899999997,37.728787000000068],[-122.46159899999998,37.728764000000069],[-122.46180599999997,37.728720000000067],[-122.46152399999994,37.729319000000032],[-122.46173699999997,37.730022000000076],[-122.46164199999998,37.73023100000006],[-122.46146299999998,37.730470000000025],[-122.46137899999997,37.730689000000041],[-122.46134299999994,37.730895000000032],[-122.46129199999996,37.731326000000024],[-122.46115099999997,37.73148800000007],[-122.46099599999997,37.731620000000078],[-122.46055899999999,37.731919000000062],[-122.46054499999997,37.732043000000033],[-122.46045699999996,37.732316000000026],[-122.46042899999998,37.732629000000031],[-122.46020399999998,37.732642000000055],[-122.46000899999996,37.732706000000064],[-122.45946199999997,37.733008000000041],[-122.45934499999998,37.73312100000004],[-122.45929299999995,37.733229000000051],[-122.45927699999999,37.733382000000063],[-122.45922199999995,37.733486000000028],[-122.45906399999996,37.733645000000024],[-122.45950499999998,37.734291000000042],[-122.46000699999996,37.734797000000071],[-122.46033599999998,37.735065000000077],[-122.46047699999997,37.735180000000071],[-122.46124199999997,37.735782000000029],[-122.46203899999995,37.73634700000008],[-122.46313599999996,37.737023000000079],[-122.46287899999999,37.73621200000008],[-122.46291299999996,37.736013000000071],[-122.46307699999994,37.73584500000004],[-122.46337299999999,37.735729000000049],[-122.46377199999995,37.735670000000027],[-122.46401599999996,37.735704000000055],[-122.464204,37.735708000000045]]]},"properties":{"OBJECTID":123,"STATEFP10":"06","COUNTYFP10":"075","TRACTCE10":"030900","GEOID10":"06075030900","NAME10":"309","NAMELSAD10":"Census Tract 309","MTFCC10":"G5020","FUNCSTAT10":"S","ALAND10":1851739,"AWATER10":0,"INTPTLAT10":"+37.7283108","INTPTLON10":"-122.4682602","OBJECTID_1":2482,"trctidfp10":"06075030900","stcou":"06075","pdenied":0.67842608690261841,"JOINID":"06075030900","STCOU_TXT":"06075","Shape_Length":0.070825219104249409,"Shape_Area":0.00018925302900007758}},{"type":"Feature","id":124,"geometry":{"type":"Polygon","coordinates":[[[-122.46194199999996,37.743006000000037],[-122.46203499999996,37.743001000000049],[-122.46239399999996,37.743139000000042],[-122.46277399999997,37.743305000000078],[-122.46285999999998,37.743384000000049],[-122.46368599999994,37.743749000000037],[-122.46473699999996,37.743659000000036],[-122.46580699999998,37.743574000000081],[-122.46604299999996,37.743555000000072],[-122.46685899999994,37.743491000000063],[-122.46774799999997,37.743413000000032],[-122.46807299999995,37.743384000000049],[-122.46916499999998,37.743336000000056],[-122.47023499999995,37.743289000000061],[-122.47135699999995,37.743240000000071],[-122.47247899999996,37.743191000000024],[-122.47355299999998,37.743144000000029],[-122.47462399999995,37.743097000000034],[-122.47564399999999,37.743052000000034],[-122.47571099999999,37.74294400000008],[-122.47561699999994,37.74127500000003],[-122.47553999999997,37.741187000000025],[-122.47560599999997,37.741099000000077],[-122.47548499999999,37.739432000000079],[-122.47540899999996,37.739325000000065],[-122.47547099999997,37.739213000000063],[-122.47536199999996,37.737546000000066],[-122.47528899999998,37.737455000000068],[-122.47535199999999,37.737363000000073],[-122.47528799999998,37.736379000000056],[-122.47518399999996,37.734764000000041],[-122.47510199999999,37.734626000000048],[-122.47494099999994,37.734733000000062],[-122.47420399999999,37.734754000000066],[-122.47405099999997,37.734758000000056],[-122.47323299999999,37.734781000000055],[-122.47263099999998,37.734798000000069],[-122.47233099999994,37.734806000000049],[-122.47175499999997,37.734822000000065],[-122.47156899999999,37.734707000000071],[-122.47125899999998,37.734792000000027],[-122.47050399999995,37.734749000000079],[-122.46968699999996,37.734786000000042],[-122.46880899999996,37.734825000000058],[-122.46796299999994,37.734866000000068],[-122.46713499999998,37.734898000000044],[-122.46624799999995,37.734937000000059],[-122.46590199999997,37.735069000000067],[-122.46541199999996,37.735093000000063],[-122.46535099999994,37.734989000000041],[-122.46532099999996,37.73509800000005],[-122.46455599999996,37.735135000000071],[-122.46445199999999,37.735019000000079],[-122.46448799999996,37.73547300000007],[-122.46464599999996,37.735727000000054],[-122.46488999999997,37.736045000000047],[-122.46465499999999,37.735925000000066],[-122.46433599999995,37.735797000000048],[-122.464204,37.735708000000045],[-122.46401599999996,37.735704000000055],[-122.46377199999995,37.735670000000027],[-122.46337299999999,37.735729000000049],[-122.46307699999994,37.73584500000004],[-122.46291299999996,37.736013000000071],[-122.46287899999999,37.73621200000008],[-122.46313599999996,37.737023000000079],[-122.46203899999995,37.73634700000008],[-122.46124199999997,37.735782000000029],[-122.46047699999997,37.735180000000071],[-122.46033599999998,37.735065000000077],[-122.46000699999996,37.734797000000071],[-122.45950499999998,37.734291000000042],[-122.45939099999998,37.734425000000044],[-122.45936799999998,37.734739000000047],[-122.45939599999997,37.734938000000056],[-122.45947199999995,37.73515400000008],[-122.45970699999998,37.735504000000049],[-122.45980699999996,37.735763000000077],[-122.45989999999995,37.736087000000055],[-122.45998399999996,37.736256000000026],[-122.46011899999996,37.736442000000068],[-122.46029599999997,37.736627000000055],[-122.46037899999999,37.736762000000056],[-122.46043499999996,37.736972000000037],[-122.46042999999997,37.737655000000075],[-122.46037699999999,37.737774000000059],[-122.46028199999995,37.737855000000025],[-122.46007899999995,37.737904000000071],[-122.45995699999997,37.737880000000075],[-122.45980199999997,37.737813000000074],[-122.45971399999996,37.737805000000037],[-122.45955899999996,37.738448000000062],[-122.45959199999999,37.738533000000075],[-122.45932799999997,37.739011000000062],[-122.45924899999994,37.73908700000004],[-122.45915599999995,37.739140000000077],[-122.45898099999999,37.739185000000077],[-122.45884899999999,37.739158000000032],[-122.45911099999995,37.739596000000063],[-122.45918399999999,37.739871000000051],[-122.45912299999998,37.740138000000059],[-122.45885799999996,37.740334000000075],[-122.45890499999996,37.740535000000079],[-122.45927999999998,37.74058000000008],[-122.45949599999994,37.74067400000007],[-122.45983999999999,37.741061000000059],[-122.46101299999998,37.742354000000034],[-122.46123399999999,37.742584000000079],[-122.46136699999994,37.742689000000041],[-122.46167099999997,37.742863000000057],[-122.46194199999996,37.743006000000037]]]},"properties":{"OBJECTID":124,"STATEFP10":"06","COUNTYFP10":"075","TRACTCE10":"030800","GEOID10":"06075030800","NAME10":"308","NAMELSAD10":"Census Tract 308","MTFCC10":"G5020","FUNCSTAT10":"S","ALAND10":1241506,"AWATER10":0,"INTPTLAT10":"+37.7391922","INTPTLON10":"-122.4678545","OBJECTID_1":2481,"trctidfp10":"06075030800","stcou":"06075","pdenied":0.68337130546569824,"JOINID":"06075030800","STCOU_TXT":"06075","Shape_Length":0.054382707447843168,"Shape_Area":0.00012690380499985669}},{"type":"Feature","id":125,"geometry":{"type":"Polygon","coordinates":[[[-122.44240399999995,37.737640000000056],[-122.44244599999996,37.73780000000005],[-122.44257899999997,37.738172000000077],[-122.44262499999996,37.738314000000059],[-122.44262799999996,37.738565000000051],[-122.44250399999999,37.739238000000057],[-122.44252499999999,37.739448000000039],[-122.44257799999997,37.739521000000025],[-122.44259699999998,37.73954800000007],[-122.44271799999996,37.739682000000073],[-122.44285699999995,37.739767000000029],[-122.44301999999999,37.739814000000024],[-122.44341899999995,37.739902000000029],[-122.44369399999999,37.739971000000025],[-122.44387599999999,37.740064000000075],[-122.44392199999999,37.740088000000071],[-122.44409799999994,37.740234000000044],[-122.44413299999997,37.740279000000044],[-122.44436599999995,37.740576000000033],[-122.44451799999996,37.740693000000078],[-122.44468199999994,37.740793000000053],[-122.44491099999999,37.740872000000024],[-122.44519599999995,37.740921000000071],[-122.44552299999998,37.740972000000056],[-122.44573799999995,37.741022000000044],[-122.44589799999994,37.741117000000031],[-122.44596399999995,37.741199000000051],[-122.44605899999999,37.74127500000003],[-122.44609999999994,37.741358000000048],[-122.44615699999997,37.741535000000056],[-122.44619499999999,37.741872000000058],[-122.44623899999999,37.742013000000043],[-122.44625699999995,37.742072000000064],[-122.44632399999995,37.742185000000063],[-122.44637099999994,37.742238000000043],[-122.44641099999996,37.742282000000046],[-122.44651599999997,37.742359000000079],[-122.44665799999996,37.74244200000004],[-122.44683999999995,37.742519000000073],[-122.44710999999995,37.742580000000032],[-122.44738499999994,37.742609000000073],[-122.448489,37.742705000000058],[-122.44882099999995,37.74274900000006],[-122.44913699999995,37.742829000000029],[-122.44935699999996,37.742922000000078],[-122.44958299999996,37.743065000000058],[-122.44978999999995,37.743257000000028],[-122.44986099999994,37.743265000000065],[-122.44993399999998,37.742970000000071],[-122.45005699999996,37.743005000000039],[-122.45035599999994,37.743022000000053],[-122.45098899999999,37.742967000000078],[-122.45113499999997,37.74299300000007],[-122.45158999999995,37.742836000000068],[-122.45198199999999,37.742797000000053],[-122.45230599999996,37.742819000000054],[-122.45262199999996,37.742890000000045],[-122.45286899999996,37.742996000000062],[-122.45293999999996,37.743025000000046],[-122.45344499999999,37.743408000000045],[-122.45364399999994,37.74331200000006],[-122.45377299999996,37.743219000000067],[-122.45394899999997,37.743095000000039],[-122.45423799999998,37.742835000000071],[-122.45446999999996,37.742570000000057],[-122.45463999999998,37.742326000000048],[-122.45479799999998,37.742020000000025],[-122.45493199999999,37.74177700000007],[-122.45498099999998,37.74168700000007],[-122.45514199999997,37.741478000000029],[-122.45537399999995,37.741251000000034],[-122.45557599999995,37.741107000000056],[-122.45564099999996,37.741073000000029],[-122.45593599999995,37.740920000000074],[-122.45660699999996,37.740608000000066],[-122.45699399999995,37.740420000000029],[-122.45772499999998,37.74006600000007],[-122.45782999999994,37.739957000000061],[-122.45786099999998,37.739733000000058],[-122.45780199999996,37.739619000000062],[-122.45779299999998,37.739438000000064],[-122.45787799999999,37.739262000000053],[-122.45808199999999,37.739099000000067],[-122.45828499999999,37.739041000000043],[-122.45852699999995,37.739037000000053],[-122.45884899999999,37.739158000000032],[-122.45898099999999,37.739185000000077],[-122.45915599999995,37.739140000000077],[-122.45924899999994,37.73908700000004],[-122.45932799999997,37.739011000000062],[-122.45959199999999,37.738533000000075],[-122.45955899999996,37.738448000000062],[-122.45971399999996,37.737805000000037],[-122.45980199999997,37.737813000000074],[-122.45995699999997,37.737880000000075],[-122.46007899999995,37.737904000000071],[-122.46028199999995,37.737855000000025],[-122.46037699999999,37.737774000000059],[-122.46042999999997,37.737655000000075],[-122.46043499999996,37.736972000000037],[-122.46037899999999,37.736762000000056],[-122.46029599999997,37.736627000000055],[-122.46011899999996,37.736442000000068],[-122.45998399999996,37.736256000000026],[-122.45989999999995,37.736087000000055],[-122.45980699999996,37.735763000000077],[-122.45970699999998,37.735504000000049],[-122.45947199999995,37.73515400000008],[-122.45939599999997,37.734938000000056],[-122.45936799999998,37.734739000000047],[-122.45939099999998,37.734425000000044],[-122.45950499999998,37.734291000000042],[-122.45904999999999,37.734458000000075],[-122.45875499999994,37.734539000000041],[-122.45837999999998,37.734581000000048],[-122.45810999999998,37.734568000000024],[-122.45768499999997,37.734488000000056],[-122.45756299999999,37.734486000000061],[-122.45741899999996,37.734484000000066],[-122.45704699999999,37.734574000000066],[-122.45679299999995,37.734539000000041],[-122.45662399999998,37.734442000000058],[-122.45651599999997,37.734267000000045],[-122.45615599999996,37.73421200000007],[-122.45596599999999,37.734132000000045],[-122.45573399999995,37.734045000000037],[-122.45549299999999,37.73399900000004],[-122.45524299999994,37.733978000000036],[-122.45498999999995,37.733896000000072],[-122.45474099999996,37.733718000000067],[-122.45465899999999,37.733599000000027],[-122.45460399999996,37.733480000000043],[-122.45451099999997,37.733296000000053],[-122.45427299999994,37.733025000000055],[-122.45405199999999,37.732990000000029],[-122.45385599999997,37.732993000000079],[-122.45342499999998,37.733040000000074],[-122.45333399999998,37.733049000000051],[-122.45116099999996,37.733058000000028],[-122.44887299999999,37.733069000000057],[-122.44660099999999,37.733077000000037],[-122.44431999999995,37.733088000000066],[-122.44200199999995,37.733098000000041],[-122.44090299999999,37.733104000000026],[-122.43975199999994,37.733111000000065],[-122.43962099999999,37.733112000000062],[-122.43945999999994,37.733083000000079],[-122.43881599999997,37.733087000000069],[-122.43864599999995,37.733609000000058],[-122.43855499999995,37.733887000000038],[-122.43840799999998,37.734341000000029],[-122.43839199999996,37.734420000000057],[-122.43862899999999,37.734494000000041],[-122.43891999999994,37.734600000000057],[-122.43919099999999,37.734735000000057],[-122.43957299999994,37.734843000000069],[-122.43993399999999,37.734857000000034],[-122.44002399999999,37.734909000000073],[-122.44069399999995,37.735069000000067],[-122.44101499999999,37.735570000000052],[-122.44115199999999,37.735709000000043],[-122.44138399999997,37.735860000000059],[-122.44169799999997,37.735951000000057],[-122.44186699999995,37.735977000000048],[-122.44192699999996,37.735968000000071],[-122.44202899999999,37.73599100000007],[-122.44215499999996,37.735971000000063],[-122.44242899999995,37.73589400000003],[-122.44316199999997,37.735688000000039],[-122.44330099999996,37.735676000000069],[-122.44345299999998,37.735692000000029],[-122.44356599999998,37.735729000000049],[-122.44366599999995,37.735786000000076],[-122.44374599999998,37.735856000000069],[-122.44379199999997,37.735922000000073],[-122.44382399999995,37.736009000000024],[-122.44382899999999,37.73613400000005],[-122.44380099999995,37.736239000000069],[-122.44374599999998,37.73635500000006],[-122.44365499999998,37.736428000000046],[-122.44360199999994,37.736503000000027],[-122.44353199999995,37.736602000000062],[-122.44265699999994,37.737119000000064],[-122.44248899999997,37.737289000000033],[-122.44242099999997,37.737438000000054],[-122.44240399999995,37.737640000000056]]]},"properties":{"OBJECTID":125,"STATEFP10":"06","COUNTYFP10":"075","TRACTCE10":"030700","GEOID10":"06075030700","NAME10":"307","NAMELSAD10":"Census Tract 307","MTFCC10":"G5020","FUNCSTAT10":"S","ALAND10":1431192,"AWATER10":9359,"INTPTLAT10":"+37.7372232","INTPTLON10":"-122.4503095","OBJECTID_1":2480,"trctidfp10":"06075030700","stcou":"06075","pdenied":0.97200620174407959,"JOINID":"06075030700","STCOU_TXT":"06075","Shape_Length":0.059860729231682744,"Shape_Area":0.00014724615300011176}},{"type":"Feature","id":126,"geometry":{"type":"Polygon","coordinates":[[[-122.45631499999996,37.746530000000064],[-122.45637699999997,37.746590000000026],[-122.45667399999996,37.746660000000077],[-122.45707899999996,37.746725000000026],[-122.45716699999997,37.746698000000038],[-122.45724799999999,37.746754000000067],[-122.45791199999996,37.746861000000024],[-122.45847199999997,37.746871000000056],[-122.45865699999996,37.746823000000063],[-122.45872899999995,37.746755000000064],[-122.45869099999999,37.746859000000029],[-122.45902999999998,37.747259000000042],[-122.45917399999996,37.747286000000031],[-122.45934699999998,37.747150000000033],[-122.46138099999996,37.745569000000046],[-122.46340899999996,37.743967000000055],[-122.46368599999994,37.743749000000037],[-122.46285999999998,37.743384000000049],[-122.46277399999997,37.743305000000078],[-122.46239399999996,37.743139000000042],[-122.46203499999996,37.743001000000049],[-122.46194199999996,37.743006000000037],[-122.46167099999997,37.742863000000057],[-122.46136699999994,37.742689000000041],[-122.46123399999999,37.742584000000079],[-122.46101299999998,37.742354000000034],[-122.45983999999999,37.741061000000059],[-122.45949599999994,37.74067400000007],[-122.45927999999998,37.74058000000008],[-122.45890499999996,37.740535000000079],[-122.45885799999996,37.740334000000075],[-122.45912299999998,37.740138000000059],[-122.45918399999999,37.739871000000051],[-122.45911099999995,37.739596000000063],[-122.45884899999999,37.739158000000032],[-122.45852699999995,37.739037000000053],[-122.45828499999999,37.739041000000043],[-122.45808199999999,37.739099000000067],[-122.45787799999999,37.739262000000053],[-122.45779299999998,37.739438000000064],[-122.45780199999996,37.739619000000062],[-122.45786099999998,37.739733000000058],[-122.45782999999994,37.739957000000061],[-122.45772499999998,37.74006600000007],[-122.45699399999995,37.740420000000029],[-122.45660699999996,37.740608000000066],[-122.45593599999995,37.740920000000074],[-122.45564099999996,37.741073000000029],[-122.45557599999995,37.741107000000056],[-122.45537399999995,37.741251000000034],[-122.45514199999997,37.741478000000029],[-122.45498099999998,37.74168700000007],[-122.45493199999999,37.74177700000007],[-122.45479799999998,37.742020000000025],[-122.45463999999998,37.742326000000048],[-122.45446999999996,37.742570000000057],[-122.45423799999998,37.742835000000071],[-122.45394899999997,37.743095000000039],[-122.45377299999996,37.743219000000067],[-122.45364399999994,37.74331200000006],[-122.45344499999999,37.743408000000045],[-122.45293999999996,37.743025000000046],[-122.45286899999996,37.742996000000062],[-122.45262199999996,37.742890000000045],[-122.45230599999996,37.742819000000054],[-122.45198199999999,37.742797000000053],[-122.45158999999995,37.742836000000068],[-122.45113499999997,37.74299300000007],[-122.45098899999999,37.742967000000078],[-122.45035599999994,37.743022000000053],[-122.45005699999996,37.743005000000039],[-122.44993399999998,37.742970000000071],[-122.44986099999994,37.743265000000065],[-122.44991899999997,37.743272000000047],[-122.45059199999997,37.744091000000026],[-122.45058699999998,37.744213000000059],[-122.45158899999996,37.745429000000058],[-122.45162399999998,37.745534000000077],[-122.45169099999998,37.745606000000066],[-122.45181599999995,37.745671000000073],[-122.45222799999999,37.745692000000076],[-122.45337599999999,37.74568800000003],[-122.45364499999999,37.745696000000066],[-122.45382899999998,37.745724000000052],[-122.45391599999999,37.745700000000056],[-122.45395899999994,37.745765000000063],[-122.45427499999994,37.745908000000043],[-122.45458499999995,37.746107000000052],[-122.45466399999998,37.746106000000054],[-122.45472199999995,37.746178000000043],[-122.45481499999994,37.746217000000058],[-122.45537499999995,37.746348000000069],[-122.45546699999994,37.746328000000062],[-122.45553399999994,37.746394000000066],[-122.45583899999997,37.746466000000055],[-122.45622399999996,37.74655800000005],[-122.45631499999996,37.746530000000064]]]},"properties":{"OBJECTID":126,"STATEFP10":"06","COUNTYFP10":"075","TRACTCE10":"030600","GEOID10":"06075030600","NAME10":"306","NAMELSAD10":"Census Tract 306","MTFCC10":"G5020","FUNCSTAT10":"S","ALAND10":521370,"AWATER10":0,"INTPTLAT10":"+37.7437540","INTPTLON10":"-122.4571446","OBJECTID_1":2479,"trctidfp10":"06075030600","stcou":"06075","pdenied":0.73529410362243652,"JOINID":"06075030600","STCOU_TXT":"06075","Shape_Length":0.036015479783579475,"Shape_Area":5.3296308499945363e-05}},{"type":"Feature","id":127,"geometry":{"type":"Polygon","coordinates":[[[-122.45289499999996,37.75806300000005],[-122.45331699999997,37.757820000000038],[-122.45359399999995,37.757622000000026],[-122.45366899999999,37.757556000000079],[-122.45376899999997,37.757468000000074],[-122.45387199999999,37.757378000000074],[-122.45402699999994,37.757180000000062],[-122.45407799999998,37.757027000000051],[-122.45417199999997,37.756507000000056],[-122.45424999999994,37.756347000000062],[-122.45482099999998,37.755547000000035],[-122.45505199999997,37.755116000000044],[-122.45509499999997,37.754976000000056],[-122.45512499999995,37.754876000000024],[-122.45517499999994,37.754337000000078],[-122.45523599999996,37.75420500000007],[-122.45553699999999,37.753774000000078],[-122.45578399999999,37.753410000000031],[-122.45591899999999,37.753148000000067],[-122.45603199999999,37.752886000000046],[-122.45602999999994,37.75285400000007],[-122.45601399999998,37.752359000000069],[-122.45600499999995,37.752094000000056],[-122.45609099999996,37.75180400000005],[-122.45644799999997,37.751483000000064],[-122.45703199999997,37.751402000000041],[-122.45795699999996,37.751660000000072],[-122.45898499999998,37.751946000000032],[-122.45920899999999,37.751928000000078],[-122.46066799999994,37.751814000000024],[-122.46115999999995,37.751694000000043],[-122.46152399999994,37.751504000000068],[-122.46141799999998,37.751446000000044],[-122.46103999999997,37.750958000000026],[-122.46055199999995,37.74993900000004],[-122.46040299999999,37.749757000000045],[-122.45963899999998,37.749019000000033],[-122.45962599999996,37.748942000000056],[-122.45949699999994,37.74891800000006],[-122.45885399999997,37.748259000000076],[-122.45866199999995,37.748038000000065],[-122.45863499999996,37.747769000000062],[-122.45871199999999,37.747605000000078],[-122.45901699999996,37.747306000000037],[-122.45917399999996,37.747286000000031],[-122.45902999999998,37.747259000000042],[-122.45869099999999,37.746859000000029],[-122.45872899999995,37.746755000000064],[-122.45865699999996,37.746823000000063],[-122.45847199999997,37.746871000000056],[-122.45791199999996,37.746861000000024],[-122.45724799999999,37.746754000000067],[-122.45716699999997,37.746698000000038],[-122.45707899999996,37.746725000000026],[-122.45667399999996,37.746660000000077],[-122.45637699999997,37.746590000000026],[-122.45631499999996,37.746530000000064],[-122.45622399999996,37.74655800000005],[-122.45583899999997,37.746466000000055],[-122.45553399999994,37.746394000000066],[-122.45546699999994,37.746328000000062],[-122.45537499999995,37.746348000000069],[-122.45481499999994,37.746217000000058],[-122.45472199999995,37.746178000000043],[-122.45466399999998,37.746106000000054],[-122.45458499999995,37.746107000000052],[-122.45427499999994,37.745908000000043],[-122.45395899999994,37.745765000000063],[-122.45391599999999,37.745700000000056],[-122.45382899999998,37.745724000000052],[-122.45364499999999,37.745696000000066],[-122.45337599999999,37.74568800000003],[-122.45222799999999,37.745692000000076],[-122.45181599999995,37.745671000000073],[-122.45169099999998,37.745606000000066],[-122.45162399999998,37.745534000000077],[-122.45156999999995,37.745654000000059],[-122.45096999999998,37.745870000000025],[-122.450853,37.745826000000079],[-122.45086999999995,37.746078000000068],[-122.45072699999997,37.746187000000077],[-122.45052099999998,37.746207000000027],[-122.45016899999996,37.746269000000041],[-122.44979699999999,37.746442000000059],[-122.44944699999996,37.746660000000077],[-122.44930999999997,37.746716000000049],[-122.44914599999998,37.746860000000027],[-122.44904799999995,37.747075000000052],[-122.44873799999999,37.747816000000057],[-122.44864899999999,37.747988000000078],[-122.44827199999997,37.748586000000046],[-122.44779399999999,37.749408000000074],[-122.44769599999995,37.74948500000005],[-122.44755799999996,37.749513000000036],[-122.44734799999998,37.749454000000071],[-122.44714899999997,37.749339000000077],[-122.44651299999998,37.74887300000006],[-122.44632099999995,37.748782000000062],[-122.44614599999994,37.748733000000072],[-122.44589999999999,37.748761000000059],[-122.44569699999994,37.748855000000049],[-122.44563499999998,37.748983000000067],[-122.44565799999998,37.749137000000076],[-122.44580299999996,37.749296000000072],[-122.44692399999997,37.749962000000039],[-122.44706099999996,37.749999000000059],[-122.44771599999996,37.750197000000071],[-122.44795799999997,37.750270000000057],[-122.44813299999998,37.750250000000051],[-122.44826399999999,37.750168000000031],[-122.44888499999996,37.749339000000077],[-122.44905099999994,37.749183000000073],[-122.44924499999996,37.74910600000004],[-122.44939999999997,37.74910600000004],[-122.44954299999995,37.749182000000076],[-122.44963999999999,37.749314000000027],[-122.44971699999996,37.749540000000025],[-122.44968199999994,37.749823000000049],[-122.44949799999995,37.750256000000036],[-122.44942299999997,37.75041200000004],[-122.44930499999998,37.75054700000004],[-122.44918499999994,37.75063700000004],[-122.44883799999997,37.75082800000007],[-122.44872999999995,37.750902000000053],[-122.44792799999999,37.750798000000032],[-122.44776899999999,37.750831000000062],[-122.44763299999994,37.750908000000038],[-122.44708999999995,37.751505000000066],[-122.44703399999997,37.751659000000075],[-122.44702899999999,37.751775000000066],[-122.44709499999999,37.75193100000007],[-122.44739799999996,37.75226200000003],[-122.44753599999996,37.752482000000043],[-122.44735699999995,37.752721000000065],[-122.44722499999995,37.752848000000029],[-122.44677699999994,37.753249000000039],[-122.44671599999998,37.753388000000029],[-122.44673399999999,37.753573000000074],[-122.44686899999999,37.753762000000052],[-122.44720999999998,37.754043000000024],[-122.44737599999996,37.754218000000037],[-122.44743499999998,37.754329000000041],[-122.44769899999994,37.754830000000027],[-122.44794299999995,37.755532000000073],[-122.44796199999996,37.755673000000058],[-122.44785199999995,37.755821000000026],[-122.44768299999998,37.755868000000078],[-122.44752999999997,37.755821000000026],[-122.44700399999999,37.755438000000026],[-122.44680899999997,37.755349000000024],[-122.44655999999998,37.755346000000031],[-122.44615199999998,37.755464000000075],[-122.44578199999995,37.75550700000008],[-122.44534799999997,37.755619000000024],[-122.44522199999994,37.755737000000067],[-122.44526799999994,37.755921000000058],[-122.44546399999996,37.755984000000069],[-122.44592899999998,37.75583000000006],[-122.44612599999999,37.755804000000069],[-122.44633899999997,37.755911000000026],[-122.44677699999994,37.75629900000007],[-122.44694999999996,37.756550000000061],[-122.44703299999998,37.756756000000053],[-122.44711899999999,37.756875000000036],[-122.44716499999998,37.756916000000047],[-122.44730699999997,37.757042000000069],[-122.44754699999999,37.757190000000037],[-122.44770699999998,37.757345000000043],[-122.44781899999998,37.757490000000075],[-122.44791499999997,37.757589000000053],[-122.44818199999997,37.757850000000076],[-122.44829499999997,37.758029000000079],[-122.44848399999995,37.758609000000035],[-122.44847399999998,37.758954000000074],[-122.44853499999999,37.759045000000071],[-122.45092899999997,37.758725000000027],[-122.45136699999995,37.758576000000062],[-122.45204799999999,37.758344000000079],[-122.45211699999999,37.75832500000007],[-122.45229799999998,37.758277000000078],[-122.45255099999997,37.758192000000065],[-122.45283499999999,37.758097000000078],[-122.45289499999996,37.75806300000005]]]},"properties":{"OBJECTID":127,"STATEFP10":"06","COUNTYFP10":"075","TRACTCE10":"030500","GEOID10":"06075030500","NAME10":"305","NAMELSAD10":"Census Tract 305","MTFCC10":"G5020","FUNCSTAT10":"S","ALAND10":1089205,"AWATER10":35680,"INTPTLAT10":"+37.7523832","INTPTLON10":"-122.4517871","OBJECTID_1":2478,"trctidfp10":"06075030500","stcou":"06075","pdenied":0.86767899990081787,"JOINID":"06075030500","STCOU_TXT":"06075","Shape_Length":0.062368272206380887,"Shape_Area":0.00011500147500010806}},{"type":"Feature","id":128,"geometry":{"type":"Polygon","coordinates":[[[-122.45934699999998,37.747150000000033],[-122.45917399999996,37.747286000000031],[-122.45901699999996,37.747306000000037],[-122.45871199999999,37.747605000000078],[-122.45863499999996,37.747769000000062],[-122.45866199999995,37.748038000000065],[-122.45885399999997,37.748259000000076],[-122.45949699999994,37.74891800000006],[-122.45962599999996,37.748942000000056],[-122.45963899999998,37.749019000000033],[-122.46040299999999,37.749757000000045],[-122.46055199999995,37.74993900000004],[-122.46103999999997,37.750958000000026],[-122.46141799999998,37.751446000000044],[-122.46152399999994,37.751504000000068],[-122.46158699999995,37.751565000000028],[-122.46180999999996,37.751668000000052],[-122.46212499999996,37.751903000000027],[-122.46241399999997,37.752222000000074],[-122.46272399999998,37.752488000000028],[-122.46311399999996,37.75278000000003],[-122.46334099999996,37.753012000000069],[-122.46336099999996,37.753039000000058],[-122.46343299999995,37.753028000000029],[-122.46418399999999,37.752912000000038],[-122.46446199999997,37.75289900000007],[-122.46441799999997,37.752319000000057],[-122.46427599999998,37.752321000000052],[-122.46384499999999,37.75198400000005],[-122.46344199999999,37.751195000000052],[-122.46427699999998,37.750981000000024],[-122.46418599999998,37.750717000000066],[-122.46445899999998,37.750867000000028],[-122.46489999999994,37.75100800000007],[-122.46540299999998,37.750986000000069],[-122.46646899999996,37.750939000000074],[-122.46633599999996,37.749075000000062],[-122.46737799999994,37.749028000000067],[-122.46802599999995,37.748999000000026],[-122.46848099999994,37.748946000000046],[-122.46855999999997,37.748936000000072],[-122.46954899999997,37.748903000000041],[-122.47059499999995,37.74886900000007],[-122.47073999999998,37.748843000000079],[-122.47158699999994,37.748806000000059],[-122.47174899999999,37.74883600000004],[-122.47232199999996,37.748810000000049],[-122.47287299999999,37.74878700000005],[-122.47394599999996,37.748740000000055],[-122.47501699999998,37.748692000000062],[-122.47603299999997,37.74864800000006],[-122.47608699999995,37.748537000000056],[-122.47597299999995,37.746889000000067],[-122.47590199999996,37.746782000000053],[-122.47595399999994,37.746670000000051],[-122.47583899999995,37.745026000000053],[-122.47577299999995,37.744919000000039],[-122.47582399999999,37.74480600000004],[-122.47570999999999,37.74317300000007],[-122.47564399999999,37.743052000000034],[-122.47462399999995,37.743097000000034],[-122.47355299999998,37.743144000000029],[-122.47247899999996,37.743191000000024],[-122.47135699999995,37.743240000000071],[-122.47023499999995,37.743289000000061],[-122.46916499999998,37.743336000000056],[-122.46807299999995,37.743384000000049],[-122.46774799999997,37.743413000000032],[-122.46685899999994,37.743491000000063],[-122.46604299999996,37.743555000000072],[-122.46580699999998,37.743574000000081],[-122.46473699999996,37.743659000000036],[-122.46368599999994,37.743749000000037],[-122.46340899999996,37.743967000000055],[-122.46138099999996,37.745569000000046],[-122.45934699999998,37.747150000000033]]]},"properties":{"OBJECTID":128,"STATEFP10":"06","COUNTYFP10":"075","TRACTCE10":"030400","GEOID10":"06075030400","NAME10":"304","NAMELSAD10":"Census Tract 304","MTFCC10":"G5020","FUNCSTAT10":"S","ALAND10":969434,"AWATER10":0,"INTPTLAT10":"+37.7469509","INTPTLON10":"-122.4675173","OBJECTID_1":2477,"trctidfp10":"06075030400","stcou":"06075","pdenied":0.21171487867832184,"JOINID":"06075030400","STCOU_TXT":"06075","Shape_Length":0.0497853995031751,"Shape_Area":9.9102890000103862e-05}},{"type":"Feature","id":129,"geometry":{"type":"Polygon","coordinates":[[[-122.47232199999996,37.748810000000049],[-122.47174899999999,37.74883600000004],[-122.47158699999994,37.748806000000059],[-122.47073999999998,37.748843000000079],[-122.47059499999995,37.74886900000007],[-122.46954899999997,37.748903000000041],[-122.46855999999997,37.748936000000072],[-122.46848099999994,37.748946000000046],[-122.46802599999995,37.748999000000026],[-122.46737799999994,37.749028000000067],[-122.46633599999996,37.749075000000062],[-122.46646899999996,37.750939000000074],[-122.46540299999998,37.750986000000069],[-122.46489999999994,37.75100800000007],[-122.46445899999998,37.750867000000028],[-122.46418599999998,37.750717000000066],[-122.46427699999998,37.750981000000024],[-122.46344199999999,37.751195000000052],[-122.46384499999999,37.75198400000005],[-122.46427599999998,37.752321000000052],[-122.46441799999997,37.752319000000057],[-122.46446199999997,37.75289900000007],[-122.46553299999999,37.752851000000078],[-122.46659999999997,37.752803000000029],[-122.46764299999995,37.752756000000034],[-122.46780399999994,37.75272300000006],[-122.46791499999995,37.75273500000003],[-122.46803099999994,37.752787000000069],[-122.46818099999996,37.75295600000004],[-122.46833499999997,37.753244000000052],[-122.46868099999995,37.753117000000032],[-122.46878099999998,37.753054000000077],[-122.46909599999998,37.752924000000064],[-122.46978199999995,37.752675000000067],[-122.46989399999995,37.752777000000037],[-122.47067999999996,37.752376000000027],[-122.47084599999999,37.752583000000072],[-122.47090799999995,37.752616000000046],[-122.47117399999996,37.753356000000053],[-122.47118799999998,37.753494000000046],[-122.47119099999998,37.753606000000048],[-122.47117099999997,37.753734000000065],[-122.47113199999995,37.753877000000045],[-122.47103599999997,37.754100000000051],[-122.47101599999996,37.75421700000004],[-122.47101899999996,37.75426600000003],[-122.47104299999995,37.754466000000036],[-122.47104899999999,37.754515000000026],[-122.47101699999996,37.754797000000053],[-122.47116799999998,37.75509900000003],[-122.47120999999999,37.755194000000074],[-122.47128599999996,37.755253000000039],[-122.47142199999996,37.755349000000024],[-122.47168899999997,37.755475000000047],[-122.47189999999995,37.755586000000051],[-122.47208999999998,37.755688000000077],[-122.47227899999996,37.755836000000045],[-122.47238099999998,37.755943000000059],[-122.47244699999999,37.756011000000058],[-122.47260899999998,37.756210000000067],[-122.47264299999995,37.756285000000048],[-122.47263899999996,37.756322000000068],[-122.47271699999999,37.756282000000056],[-122.47368299999999,37.756237000000056],[-122.47376099999997,37.756281000000058],[-122.47433199999995,37.756255000000067],[-122.47446399999995,37.75620200000003],[-122.47553699999997,37.756155000000035],[-122.47655399999996,37.756110000000035],[-122.47661399999998,37.756046000000026],[-122.47649499999994,37.754349000000047],[-122.47642399999995,37.754242000000033],[-122.47647999999998,37.754129000000034],[-122.47636399999999,37.752484000000038],[-122.47629199999994,37.752379000000076],[-122.47634299999999,37.752263000000028],[-122.47622899999999,37.750622000000078],[-122.47616299999999,37.750512000000072],[-122.47621599999997,37.750399000000073],[-122.47610199999997,37.748755000000074],[-122.47603299999997,37.74864800000006],[-122.47501699999998,37.748692000000062],[-122.47394599999996,37.748740000000055],[-122.47287299999999,37.74878700000005],[-122.47232199999996,37.748810000000049]]]},"properties":{"OBJECTID":129,"STATEFP10":"06","COUNTYFP10":"075","TRACTCE10":"030302","GEOID10":"06075030302","NAME10":"303.02","NAMELSAD10":"Census Tract 303.02","MTFCC10":"G5020","FUNCSTAT10":"S","ALAND10":596628,"AWATER10":0,"INTPTLAT10":"+37.7519442","INTPTLON10":"-122.4716376","OBJECTID_1":2476,"trctidfp10":"06075030302","stcou":"06075","pdenied":0.19940179586410522,"JOINID":"06075030302","STCOU_TXT":"06075","Shape_Length":0.040434240972833255,"Shape_Area":6.0996323499959476e-05}},{"type":"Feature","id":130,"geometry":{"type":"Polygon","coordinates":[[[-122.48238099999998,37.721959000000027],[-122.48230599999999,37.721785000000068],[-122.48211099999997,37.72170200000005],[-122.48113999999998,37.720863000000065],[-122.48105799999996,37.720703000000071],[-122.48082899999997,37.72059500000006],[-122.47982699999994,37.719729000000029],[-122.47975399999996,37.719573000000025],[-122.47911399999998,37.72004000000004],[-122.47902999999997,37.720147000000054],[-122.47898599999996,37.720884000000069],[-122.47887599999996,37.720839000000069],[-122.47702099999998,37.720773000000065],[-122.47616299999999,37.72074200000003],[-122.47606999999999,37.720780000000047],[-122.47601999999995,37.720746000000076],[-122.47572399999996,37.720792000000074],[-122.47540099999998,37.720887000000062],[-122.47522199999997,37.72105700000003],[-122.47504899999996,37.721211000000039],[-122.47494699999999,37.72308600000008],[-122.47484799999995,37.724906000000033],[-122.47481099999999,37.72559300000006],[-122.47474199999999,37.726874000000066],[-122.47489999999999,37.726991000000055],[-122.47473299999996,37.727033000000063],[-122.47462999999999,37.728934000000038],[-122.47463399999998,37.728992000000062],[-122.47473499999995,37.730361000000073],[-122.47478199999995,37.730993000000069],[-122.47485699999999,37.731066000000055],[-122.47592699999996,37.731104000000073],[-122.47683899999998,37.731114000000048],[-122.47723199999996,37.731118000000038],[-122.47824699999995,37.731129000000067],[-122.47913199999999,37.731139000000042],[-122.48001499999998,37.731148000000076],[-122.48089999999996,37.73115800000005],[-122.48178699999994,37.731170000000077],[-122.48192999999998,37.731172000000072],[-122.48266399999994,37.731147000000078],[-122.48354499999999,37.731080000000077],[-122.48442299999999,37.731013000000075],[-122.48530199999999,37.730946000000074],[-122.48617899999999,37.730879000000073],[-122.48617699999994,37.730591000000061],[-122.48631099999994,37.730221000000029],[-122.48651599999999,37.729802000000063],[-122.48655199999996,37.729585000000043],[-122.48647299999999,37.729504000000077],[-122.48572199999995,37.729292000000044],[-122.48540499999996,37.729019000000051],[-122.48405299999996,37.727412000000072],[-122.48395699999998,37.727090000000032],[-122.48386399999998,37.727020000000039],[-122.48381599999999,37.726931000000036],[-122.48388099999994,37.726673000000062],[-122.48439299999995,37.725452000000075],[-122.48462899999998,37.724890000000073],[-122.48496199999994,37.724095000000034],[-122.48507499999999,37.724000000000046],[-122.48481799999996,37.724049000000036],[-122.48373999999995,37.723153000000025],[-122.48371299999997,37.723099000000047],[-122.48362099999997,37.723024000000066],[-122.48341199999999,37.722945000000038],[-122.48334999999997,37.722738000000049],[-122.48249199999998,37.722001000000034],[-122.48238099999998,37.721959000000027]]]},"properties":{"OBJECTID":130,"STATEFP10":"06","COUNTYFP10":"075","TRACTCE10":"033201","GEOID10":"06075033201","NAME10":"332.01","NAMELSAD10":"Census Tract 332.01","MTFCC10":"G5020","FUNCSTAT10":"S","ALAND10":971364,"AWATER10":0,"INTPTLAT10":"+37.7262650","INTPTLON10":"-122.4796588","OBJECTID_1":2499,"trctidfp10":"06075033201","stcou":"06075","pdenied":0,"JOINID":"06075033201","STCOU_TXT":"06075","Shape_Length":0.042911240456964872,"Shape_Area":9.9272979000073372e-05}},{"type":"Feature","id":131,"geometry":{"type":"Polygon","coordinates":[[[-122.46363199999996,37.756395000000055],[-122.46365799999995,37.756764000000032],[-122.46378199999998,37.758538000000044],[-122.46391199999999,37.760405000000048],[-122.46498099999997,37.760358000000053],[-122.46604999999994,37.760312000000056],[-122.46712199999996,37.760265000000061],[-122.46819099999999,37.760218000000066],[-122.46926299999996,37.760171000000071],[-122.47033499999998,37.760124000000076],[-122.47140899999999,37.760076000000026],[-122.47244599999999,37.760029000000031],[-122.47365199999996,37.759975000000054],[-122.47472399999998,37.759927000000062],[-122.47579699999994,37.759879000000069],[-122.47681399999999,37.759834000000069],[-122.47688099999999,37.759722000000068],[-122.47676599999994,37.758080000000064],[-122.47668399999998,37.75796900000006],[-122.47674999999998,37.757904000000053],[-122.47662899999995,37.756172000000049],[-122.47655399999996,37.756110000000035],[-122.47553699999997,37.756155000000035],[-122.47446399999995,37.75620200000003],[-122.47433199999995,37.756255000000067],[-122.47376099999997,37.756281000000058],[-122.47368299999999,37.756237000000056],[-122.47271699999999,37.756282000000056],[-122.47263899999996,37.756322000000068],[-122.47264299999995,37.756285000000048],[-122.47260899999998,37.756210000000067],[-122.47244699999999,37.756011000000058],[-122.47238099999998,37.755943000000059],[-122.47227899999996,37.755836000000045],[-122.47208999999998,37.755688000000077],[-122.47189999999995,37.755586000000051],[-122.47168899999997,37.755475000000047],[-122.47142199999996,37.755349000000024],[-122.47128599999996,37.755253000000039],[-122.47120999999999,37.755194000000074],[-122.47116799999998,37.75509900000003],[-122.47101699999996,37.754797000000053],[-122.47104899999999,37.754515000000026],[-122.47104299999995,37.754466000000036],[-122.47101899999996,37.75426600000003],[-122.47101599999996,37.75421700000004],[-122.47103599999997,37.754100000000051],[-122.47113199999995,37.753877000000045],[-122.47117099999997,37.753734000000065],[-122.47119099999998,37.753606000000048],[-122.47118799999998,37.753494000000046],[-122.47117399999996,37.753356000000053],[-122.47090799999995,37.752616000000046],[-122.47084599999999,37.752583000000072],[-122.47067999999996,37.752376000000027],[-122.46989399999995,37.752777000000037],[-122.46978199999995,37.752675000000067],[-122.46909599999998,37.752924000000064],[-122.46878099999998,37.753054000000077],[-122.46868099999995,37.753117000000032],[-122.46833499999997,37.753244000000052],[-122.46818099999996,37.75295600000004],[-122.46803099999994,37.752787000000069],[-122.46791499999995,37.75273500000003],[-122.46780399999994,37.75272300000006],[-122.46764299999995,37.752756000000034],[-122.46659999999997,37.752803000000029],[-122.46553299999999,37.752851000000078],[-122.46446199999997,37.75289900000007],[-122.46418399999999,37.752912000000038],[-122.46343299999995,37.753028000000029],[-122.46336099999996,37.753039000000058],[-122.46357799999998,37.753334000000052],[-122.46371099999999,37.753618000000074],[-122.46375199999994,37.753749000000028],[-122.46377299999995,37.753815000000031],[-122.46376999999995,37.754142000000058],[-122.46365499999996,37.754590000000064],[-122.46360799999997,37.754736000000037],[-122.46362699999997,37.754788000000076],[-122.46358099999998,37.755014000000074],[-122.46355499999999,37.755298000000039],[-122.46363199999996,37.756395000000055]]]},"properties":{"OBJECTID":131,"STATEFP10":"06","COUNTYFP10":"075","TRACTCE10":"030301","GEOID10":"06075030301","NAME10":"303.01","NAMELSAD10":"Census Tract 303.01","MTFCC10":"G5020","FUNCSTAT10":"S","ALAND10":753827,"AWATER10":0,"INTPTLAT10":"+37.7569429","INTPTLON10":"-122.4692415","OBJECTID_1":2475,"trctidfp10":"06075030301","stcou":"06075","pdenied":0.93167704343795776,"JOINID":"06075030301","STCOU_TXT":"06075","Shape_Length":0.040975426710295484,"Shape_Area":7.7072490500060514e-05}},{"type":"Feature","id":132,"geometry":{"type":"Polygon","coordinates":[[[-122.46391199999999,37.760405000000048],[-122.46404199999995,37.76226900000006],[-122.46417199999996,37.764131000000077],[-122.46423699999997,37.765067000000045],[-122.46429699999999,37.765963000000056],[-122.46526599999999,37.765927000000033],[-122.46537699999999,37.765970000000038],[-122.46549799999997,37.766012000000046],[-122.46631499999995,37.765977000000078],[-122.46644199999997,37.765925000000038],[-122.46656099999996,37.765966000000049],[-122.46735399999994,37.76593100000008],[-122.46751499999999,37.765877000000046],[-122.46762799999999,37.765919000000054],[-122.46843899999999,37.765883000000031],[-122.46858299999997,37.765830000000051],[-122.46869799999996,37.765872000000059],[-122.46953099999996,37.765835000000038],[-122.46965399999999,37.765783000000056],[-122.46978999999999,37.765824000000066],[-122.47061399999996,37.765791000000036],[-122.47072699999995,37.765739000000053],[-122.47059499999995,37.76384900000005],[-122.47046499999999,37.761987000000033],[-122.47033499999998,37.760124000000076],[-122.46926299999996,37.760171000000071],[-122.46819099999999,37.760218000000066],[-122.46712199999996,37.760265000000061],[-122.46604999999994,37.760312000000056],[-122.46498099999997,37.760358000000053],[-122.46391199999999,37.760405000000048]]]},"properties":{"OBJECTID":132,"STATEFP10":"06","COUNTYFP10":"075","TRACTCE10":"030202","GEOID10":"06075030202","NAME10":"302.02","NAMELSAD10":"Census Tract 302.02","MTFCC10":"G5020","FUNCSTAT10":"S","ALAND10":355302,"AWATER10":0,"INTPTLAT10":"+37.7630839","INTPTLON10":"-122.4673274","OBJECTID_1":2474,"trctidfp10":"06075030202","stcou":"06075","pdenied":1.3435701131820679,"JOINID":"06075030202","STCOU_TXT":"06075","Shape_Length":0.024157038090449962,"Shape_Area":3.6329645499941819e-05}},{"type":"Feature","id":133,"geometry":{"type":"Polygon","coordinates":[[[-122.46322599999996,37.75856200000004],[-122.46378199999998,37.758538000000044],[-122.46365799999995,37.756764000000032],[-122.46363199999996,37.756395000000055],[-122.46355499999999,37.755298000000039],[-122.46358099999998,37.755014000000074],[-122.46362699999997,37.754788000000076],[-122.46360799999997,37.754736000000037],[-122.46365499999996,37.754590000000064],[-122.46376999999995,37.754142000000058],[-122.46377299999995,37.753815000000031],[-122.46375199999994,37.753749000000028],[-122.46371099999999,37.753618000000074],[-122.46357799999998,37.753334000000052],[-122.46336099999996,37.753039000000058],[-122.46334099999996,37.753012000000069],[-122.46311399999996,37.75278000000003],[-122.46272399999998,37.752488000000028],[-122.46241399999997,37.752222000000074],[-122.46212499999996,37.751903000000027],[-122.46180999999996,37.751668000000052],[-122.46158699999995,37.751565000000028],[-122.46152399999994,37.751504000000068],[-122.46115999999995,37.751694000000043],[-122.46066799999994,37.751814000000024],[-122.45920899999999,37.751928000000078],[-122.45898499999998,37.751946000000032],[-122.45795699999996,37.751660000000072],[-122.45703199999997,37.751402000000041],[-122.45644799999997,37.751483000000064],[-122.45609099999996,37.75180400000005],[-122.45600499999995,37.752094000000056],[-122.45601399999998,37.752359000000069],[-122.45602999999994,37.75285400000007],[-122.45603199999999,37.752886000000046],[-122.45591899999999,37.753148000000067],[-122.45578399999999,37.753410000000031],[-122.45553699999999,37.753774000000078],[-122.45523599999996,37.75420500000007],[-122.45517499999994,37.754337000000078],[-122.45512499999995,37.754876000000024],[-122.45509499999997,37.754976000000056],[-122.45505199999997,37.755116000000044],[-122.45482099999998,37.755547000000035],[-122.45424999999994,37.756347000000062],[-122.45417199999997,37.756507000000056],[-122.45407799999998,37.757027000000051],[-122.45402699999994,37.757180000000062],[-122.45387199999999,37.757378000000074],[-122.45376899999997,37.757468000000074],[-122.45366899999999,37.757556000000079],[-122.45359399999995,37.757622000000026],[-122.45331699999997,37.757820000000038],[-122.45289499999996,37.75806300000005],[-122.45283499999999,37.758097000000078],[-122.45255099999997,37.758192000000065],[-122.45229799999998,37.758277000000078],[-122.45211699999999,37.75832500000007],[-122.45204799999999,37.758344000000079],[-122.45136699999995,37.758576000000062],[-122.45092899999997,37.758725000000027],[-122.44853499999999,37.759045000000071],[-122.44847399999998,37.758954000000074],[-122.44848399999995,37.758609000000035],[-122.44829499999997,37.758029000000079],[-122.44818199999997,37.757850000000076],[-122.44791499999997,37.757589000000053],[-122.44776799999994,37.757662000000039],[-122.44748799999996,37.757799000000034],[-122.44730299999998,37.757891000000029],[-122.44703599999997,37.758174000000054],[-122.44677199999995,37.758454000000029],[-122.44639499999994,37.758856000000037],[-122.44645399999996,37.759047000000066],[-122.44641299999995,37.759855000000073],[-122.44639899999999,37.760013000000072],[-122.44634299999996,37.760411000000033],[-122.44639399999994,37.760907000000032],[-122.44643399999995,37.761007000000063],[-122.44640999999996,37.761094000000071],[-122.44652999999994,37.761396000000047],[-122.44678299999998,37.761781000000042],[-122.44777999999997,37.761726000000067],[-122.44911999999999,37.761648000000037],[-122.45057999999995,37.761561000000029],[-122.45195799999999,37.761478000000068],[-122.45209699999998,37.762167000000034],[-122.45223299999998,37.762843000000032],[-122.45239999999995,37.76366900000005],[-122.45256899999998,37.764509000000032],[-122.45351599999998,37.764395000000036],[-122.45421699999997,37.764311000000077],[-122.45546599999994,37.764161000000058],[-122.45578099999994,37.764070000000061],[-122.45642399999997,37.763885000000073],[-122.45666999999997,37.763815000000079],[-122.45753599999995,37.763566000000026],[-122.45782699999995,37.763482000000067],[-122.45978999999994,37.76292600000005],[-122.46084299999995,37.762628000000063],[-122.46190099999995,37.76236300000005],[-122.46297199999998,37.762316000000055],[-122.46284199999997,37.760452000000043],[-122.46279199999998,37.759736000000032],[-122.46324999999996,37.759479000000056],[-122.46338599999996,37.759222000000079],[-122.46340099999998,37.759007000000054],[-122.46326599999998,37.75870800000007],[-122.46322599999996,37.75856200000004]]]},"properties":{"OBJECTID":133,"STATEFP10":"06","COUNTYFP10":"075","TRACTCE10":"030102","GEOID10":"06075030102","NAME10":"301.02","NAMELSAD10":"Census Tract 301.02","MTFCC10":"G5020","FUNCSTAT10":"S","ALAND10":1261011,"AWATER10":14870,"INTPTLAT10":"+37.7594542","INTPTLON10":"-122.4580012","OBJECTID_1":2472,"trctidfp10":"06075030102","stcou":"06075","pdenied":0.51124745607376099,"JOINID":"06075030102","STCOU_TXT":"06075","Shape_Length":0.055929690582384416,"Shape_Area":0.00013044999650001663}},{"type":"Feature","id":134,"geometry":{"type":"Polygon","coordinates":[[[-122.46326599999998,37.75870800000007],[-122.46340099999998,37.759007000000054],[-122.46338599999996,37.759222000000079],[-122.46324999999996,37.759479000000056],[-122.46279199999998,37.759736000000032],[-122.46284199999997,37.760452000000043],[-122.46297199999998,37.762316000000055],[-122.46190099999995,37.76236300000005],[-122.46084299999995,37.762628000000063],[-122.45978999999994,37.76292600000005],[-122.45782699999995,37.763482000000067],[-122.45753599999995,37.763566000000026],[-122.45666999999997,37.763815000000079],[-122.45642399999997,37.763885000000073],[-122.45578099999994,37.764070000000061],[-122.45546599999994,37.764161000000058],[-122.45421699999997,37.764311000000077],[-122.45351599999998,37.764395000000036],[-122.45256899999998,37.764509000000032],[-122.45275799999996,37.765443000000062],[-122.45294699999999,37.766374000000042],[-122.45459299999999,37.766165000000058],[-122.45691299999999,37.765874000000053],[-122.45718899999997,37.765881000000036],[-122.45748999999995,37.76593100000008],[-122.45778999999999,37.766015000000039],[-122.45797699999997,37.76602900000006],[-122.45856799999996,37.76622100000003],[-122.45882499999999,37.766216000000043],[-122.45894699999997,37.766256000000055],[-122.45906399999996,37.76620900000006],[-122.46001599999994,37.766166000000055],[-122.46095399999996,37.766126000000042],[-122.46108999999996,37.766161000000068],[-122.46119699999997,37.766203000000075],[-122.46211099999999,37.766159000000073],[-122.46216199999998,37.766110000000026],[-122.46228699999995,37.766151000000036],[-122.46315799999996,37.766107000000034],[-122.46323299999995,37.766057000000046],[-122.46335399999998,37.766005000000064],[-122.46429699999999,37.765963000000056],[-122.46423699999997,37.765067000000045],[-122.46417199999996,37.764131000000077],[-122.46404199999995,37.76226900000006],[-122.46391199999999,37.760405000000048],[-122.46378199999998,37.758538000000044],[-122.46322599999996,37.75856200000004],[-122.46326599999998,37.75870800000007]]]},"properties":{"OBJECTID":134,"STATEFP10":"06","COUNTYFP10":"075","TRACTCE10":"030101","GEOID10":"06075030101","NAME10":"301.01","NAMELSAD10":"Census Tract 301.01","MTFCC10":"G5020","FUNCSTAT10":"S","ALAND10":346094,"AWATER10":0,"INTPTLAT10":"+37.7642357","INTPTLON10":"-122.4597306","OBJECTID_1":2471,"trctidfp10":"06075030101","stcou":"06075","pdenied":1.404056191444397,"JOINID":"06075030101","STCOU_TXT":"06075","Shape_Length":0.036184304319092274,"Shape_Area":3.5388370000009737e-05}},{"type":"Feature","id":135,"geometry":{"type":"Polygon","coordinates":[[[-122.41912799999994,37.708236000000056],[-122.41869299999996,37.708279000000061],[-122.41820399999995,37.708327000000054],[-122.41816499999999,37.708331000000044],[-122.41721099999995,37.708331000000044],[-122.41708199999999,37.708331000000044],[-122.41622199999995,37.708328000000051],[-122.41527199999996,37.708239000000049],[-122.41526899999997,37.708239000000049],[-122.41518199999996,37.708231000000069],[-122.41448199999996,37.708231000000069],[-122.41432199999997,37.708231000000069],[-122.41418199999998,37.708231000000069],[-122.41399699999999,37.708252000000073],[-122.41373899999996,37.708274000000074],[-122.41348099999999,37.708297000000073],[-122.41338099999996,37.70830600000005],[-122.41328099999998,37.708315000000027],[-122.41289799999998,37.708309000000042],[-122.41251599999998,37.708304000000055],[-122.41237999999998,37.708303000000058],[-122.41235999999998,37.708328000000051],[-122.41223299999996,37.708615000000066],[-122.41196799999994,37.709210000000041],[-122.41134899999997,37.710605000000044],[-122.41228099999995,37.710866000000067],[-122.41288699999996,37.711036000000036],[-122.41508099999999,37.711655000000064],[-122.41599999999994,37.711915000000033],[-122.41664799999995,37.710473000000036],[-122.41688399999998,37.709950000000049],[-122.41723599999995,37.710057000000063],[-122.41765699999996,37.709471000000065],[-122.41850099999999,37.709709000000032],[-122.41934799999996,37.709947000000057],[-122.42008299999998,37.708311000000037],[-122.42008199999998,37.708231000000069],[-122.41980199999995,37.708231000000069],[-122.41918199999998,37.708231000000069],[-122.41912799999994,37.708236000000056]]]},"properties":{"OBJECTID":135,"STATEFP10":"06","COUNTYFP10":"075","TRACTCE10":"026404","GEOID10":"06075026404","NAME10":"264.04","NAMELSAD10":"Census Tract 264.04","MTFCC10":"G5020","FUNCSTAT10":"S","ALAND10":188347,"AWATER10":0,"INTPTLAT10":"+37.7096499","INTPTLON10":"-122.4152838","OBJECTID_1":2470,"trctidfp10":"06075026404","stcou":"06075","pdenied":3.2738096714019775,"JOINID":"06075026404","STCOU_TXT":"06075","Shape_Length":0.021945207586357447,"Shape_Area":1.9244715499928715e-05}},{"type":"Feature","id":136,"geometry":{"type":"Polygon","coordinates":[[[-122.40618899999998,37.715244000000041],[-122.406477,37.714575000000025],[-122.40676699999995,37.713901000000078],[-122.40705599999995,37.713226000000077],[-122.40734799999996,37.712547000000029],[-122.40746499999995,37.712489000000062],[-122.40792699999997,37.711448000000075],[-122.40882699999997,37.711702000000059],[-122.40972799999997,37.711952000000053],[-122.41064099999994,37.712206000000037],[-122.41134899999997,37.710605000000044],[-122.41196799999994,37.709210000000041],[-122.41223299999996,37.708615000000066],[-122.41235999999998,37.708328000000051],[-122.41237999999998,37.708303000000058],[-122.41237099999995,37.708303000000058],[-122.41144199999997,37.708292000000029],[-122.41036999999994,37.708283000000051],[-122.40886999999998,37.708259000000055],[-122.40736999999996,37.708235000000059],[-122.40727599999997,37.708233000000064],[-122.40718199999998,37.708231000000069],[-122.40648099999999,37.708323000000064],[-122.40558199999998,37.708231000000069],[-122.40544299999999,37.70835500000004],[-122.40524399999998,37.708802000000048],[-122.40510899999998,37.708854000000031],[-122.40515299999998,37.708964000000037],[-122.40505499999995,37.70922100000007],[-122.40468199999998,37.709930000000043],[-122.40437699999995,37.710365000000024],[-122.40422599999999,37.710409000000027],[-122.40424899999999,37.710519000000033],[-122.40377499999994,37.711159000000066],[-122.40364999999997,37.711189000000047],[-122.40368699999999,37.71127800000005],[-122.40328,37.711818000000051],[-122.40310099999999,37.711969000000067],[-122.40281999999996,37.712135000000046],[-122.40265499999998,37.712198000000058],[-122.40245899999996,37.712179000000049],[-122.40247099999999,37.71243400000003],[-122.40225799999996,37.712560000000053],[-122.40211299999999,37.712712000000067],[-122.40209899999996,37.712795000000028],[-122.40209799999997,37.712995000000035],[-122.40209599999997,37.713508000000047],[-122.40241699999996,37.714277000000038],[-122.40244099999995,37.714436000000035],[-122.40235199999995,37.714579000000072],[-122.40218799999997,37.714731000000029],[-122.40232499999996,37.714711000000079],[-122.40256199999999,37.714650000000063],[-122.40265399999998,37.714586000000054],[-122.40311299999996,37.714462000000026],[-122.40350699999999,37.714357000000064],[-122.40361699999994,37.714327000000026],[-122.40369299999998,37.714341000000047],[-122.40382299999999,37.714396000000079],[-122.40552299999996,37.715059000000053],[-122.40618899999998,37.715244000000041]]]},"properties":{"OBJECTID":136,"STATEFP10":"06","COUNTYFP10":"075","TRACTCE10":"026403","GEOID10":"06075026403","NAME10":"264.03","NAMELSAD10":"Census Tract 264.03","MTFCC10":"G5020","FUNCSTAT10":"S","ALAND10":380650,"AWATER10":0,"INTPTLAT10":"+37.7111894","INTPTLON10":"-122.4069033","OBJECTID_1":2469,"trctidfp10":"06075026403","stcou":"06075","pdenied":0.76628351211547852,"JOINID":"06075026403","STCOU_TXT":"06075","Shape_Length":0.030676480856307461,"Shape_Area":3.8894531999932582e-05}},{"type":"Feature","id":137,"geometry":{"type":"Polygon","coordinates":[[[-122.47046499999999,37.761987000000033],[-122.47059499999995,37.76384900000005],[-122.47072699999995,37.765739000000053],[-122.47085599999997,37.765780000000063],[-122.47170199999999,37.765739000000053],[-122.47179999999997,37.765688000000068],[-122.47191999999995,37.765730000000076],[-122.47280299999994,37.765693000000056],[-122.47292299999998,37.765641000000073],[-122.47304399999996,37.765678000000037],[-122.47394299999996,37.765637000000027],[-122.47404499999999,37.765593000000024],[-122.47415899999999,37.765627000000052],[-122.47502099999997,37.765587000000039],[-122.47511899999995,37.765544000000034],[-122.47525299999995,37.765580000000057],[-122.47606399999995,37.765545000000031],[-122.47618699999998,37.765498000000036],[-122.47630699999996,37.765534000000059],[-122.47712499999994,37.765498000000036],[-122.47730799999999,37.765448000000049],[-122.47724099999999,37.765321000000029],[-122.47712099999995,37.763675000000035],[-122.47717399999999,37.763559000000043],[-122.47710099999995,37.763455000000079],[-122.47696399999995,37.76181100000008],[-122.47701099999995,37.761699000000078],[-122.47692499999999,37.761584000000028],[-122.47674799999999,37.759953000000053],[-122.47681399999999,37.759834000000069],[-122.47579699999994,37.759879000000069],[-122.47472399999998,37.759927000000062],[-122.47365199999996,37.759975000000054],[-122.47244599999999,37.760029000000031],[-122.47140899999999,37.760076000000026],[-122.47033499999998,37.760124000000076],[-122.47046499999999,37.761987000000033]]]},"properties":{"OBJECTID":137,"STATEFP10":"06","COUNTYFP10":"075","TRACTCE10":"030201","GEOID10":"06075030201","NAME10":"302.01","NAMELSAD10":"Census Tract 302.01","MTFCC10":"G5020","FUNCSTAT10":"S","ALAND10":360074,"AWATER10":0,"INTPTLAT10":"+37.7628146","INTPTLON10":"-122.4737784","OBJECTID_1":2473,"trctidfp10":"06075030201","stcou":"06075","pdenied":0.43572983145713806,"JOINID":"06075030201","STCOU_TXT":"06075","Shape_Length":0.0245310685133905,"Shape_Area":3.6817199000000231e-05}},{"type":"Feature","id":138,"geometry":{"type":"Polygon","coordinates":[[[-122.41565899999995,37.71549200000004],[-122.41586599999999,37.715278000000069],[-122.41605499999997,37.715014000000053],[-122.41615399999995,37.714799000000028],[-122.41620999999998,37.714531000000079],[-122.41619399999996,37.714273000000048],[-122.41609599999998,37.71401300000008],[-122.41594899999996,37.71382200000005],[-122.41580599999998,37.713694000000032],[-122.41562299999998,37.713594000000057],[-122.41529099999997,37.713504000000057],[-122.41563499999995,37.712733000000071],[-122.41599999999994,37.711915000000033],[-122.41508099999999,37.711655000000064],[-122.41288699999996,37.711036000000036],[-122.41228099999995,37.710866000000067],[-122.41134899999997,37.710605000000044],[-122.41064099999994,37.712206000000037],[-122.40972799999997,37.711952000000053],[-122.40882699999997,37.711702000000059],[-122.40792699999997,37.711448000000075],[-122.40746499999995,37.712489000000062],[-122.40734799999996,37.712547000000029],[-122.40705599999995,37.713226000000077],[-122.40676699999995,37.713901000000078],[-122.406477,37.714575000000025],[-122.40618899999998,37.715244000000041],[-122.40830999999997,37.715835000000027],[-122.40912199999997,37.716056000000037],[-122.40993999999995,37.716279000000043],[-122.41035899999997,37.716393000000039],[-122.41043299999995,37.716414000000043],[-122.41050599999994,37.716322000000048],[-122.41072299999996,37.715830000000039],[-122.41073799999998,37.715739000000042],[-122.411025,37.715057000000058],[-122.41131599999994,37.714367000000038],[-122.41360099999997,37.714987000000065],[-122.41539599999999,37.715474000000029],[-122.41565899999995,37.71549200000004]]]},"properties":{"OBJECTID":138,"STATEFP10":"06","COUNTYFP10":"075","TRACTCE10":"026401","GEOID10":"06075026401","NAME10":"264.01","NAMELSAD10":"Census Tract 264.01","MTFCC10":"G5020","FUNCSTAT10":"S","ALAND10":341043,"AWATER10":0,"INTPTLAT10":"+37.7135251","INTPTLON10":"-122.4112834","OBJECTID_1":2467,"trctidfp10":"06075026401","stcou":"06075","pdenied":0.8210180401802063,"JOINID":"06075026401","STCOU_TXT":"06075","Shape_Length":0.029129752857116109,"Shape_Area":3.4848609999919211e-05}},{"type":"Feature","id":139,"geometry":{"type":"Polygon","coordinates":[[[-122.43836999999996,37.711133000000075],[-122.43791799999997,37.711770000000058],[-122.43781099999995,37.711920000000077],[-122.43805899999995,37.71202100000005],[-122.43856299999999,37.711888000000044],[-122.43908199999998,37.711750000000052],[-122.43958899999996,37.711615000000052],[-122.44010799999995,37.711477000000059],[-122.44061699999997,37.711345000000051],[-122.44112999999999,37.711211000000048],[-122.44165999999996,37.711073000000056],[-122.44215599999995,37.71094400000004],[-122.44269999999995,37.71076400000004],[-122.44333499999999,37.710555000000056],[-122.44368599999996,37.711203000000069],[-122.44409699999994,37.711689000000035],[-122.44457099999994,37.712783000000059],[-122.44474299999996,37.712622000000067],[-122.44552799999997,37.711887000000047],[-122.44609099999997,37.711592000000053],[-122.44638299999997,37.711436000000049],[-122.44767199999995,37.710749000000078],[-122.44837699999999,37.710373000000061],[-122.44893099999996,37.710074000000077],[-122.44930899999997,37.709946000000059],[-122.45009499999998,37.709680000000048],[-122.45049899999998,37.709543000000053],[-122.45088399999997,37.70941300000004],[-122.45189499999998,37.709068000000059],[-122.45266499999997,37.708806000000038],[-122.45428099999998,37.708256000000063],[-122.45398299999999,37.708232000000066],[-122.45380699999998,37.708222000000035],[-122.45299499999999,37.708177000000035],[-122.45218299999999,37.708132000000035],[-122.45167499999997,37.708149000000049],[-122.45038599999998,37.708201000000031],[-122.45021999999994,37.708198000000039],[-122.45015799999999,37.708200000000033],[-122.44975099999999,37.708213000000057],[-122.44955399999998,37.70822000000004],[-122.44923299999999,37.708218000000045],[-122.44728099999998,37.708229000000074],[-122.44722499999995,37.708245000000034],[-122.44638099999997,37.708229000000074],[-122.44587499999994,37.708233000000064],[-122.44538099999994,37.708232000000066],[-122.44508899999994,37.708267000000035],[-122.44469199999997,37.708308000000045],[-122.44448199999999,37.708332000000041],[-122.44321199999996,37.708279000000061],[-122.44313799999998,37.70825700000006],[-122.44207899999998,37.708231000000069],[-122.44181199999997,37.708256000000063],[-122.44154599999996,37.708281000000056],[-122.44125799999995,37.708311000000037],[-122.44125799999995,37.708312000000035],[-122.44122299999998,37.708325000000059],[-122.44085499999994,37.708327000000054],[-122.44078099999996,37.708304000000055],[-122.44071099999996,37.708282000000054],[-122.44062299999996,37.708254000000068],[-122.44053799999995,37.708227000000079],[-122.44053699999995,37.708226000000025],[-122.44053599999995,37.708225000000027],[-122.44049699999999,37.708282000000054],[-122.44045899999998,37.708338000000026],[-122.43967699999996,37.708333000000039],[-122.43920299999996,37.708284000000049],[-122.43911899999995,37.70826900000003],[-122.43903299999999,37.708259000000055],[-122.43889499999995,37.708248000000026],[-122.43868199999997,37.708231000000069],[-122.43855799999994,37.708232000000066],[-122.43818199999998,37.708232000000066],[-122.43658199999999,37.708232000000066],[-122.43620099999998,37.708232000000066],[-122.43617699999999,37.708232000000066],[-122.43588199999999,37.708232000000066],[-122.43538199999995,37.708132000000035],[-122.43504099999996,37.708292000000029],[-122.43499999999995,37.708311000000037],[-122.43532199999999,37.708686000000057],[-122.43573899999996,37.709066000000064],[-122.43596799999995,37.709299000000044],[-122.43617599999999,37.709407000000056],[-122.43659699999995,37.709881000000053],[-122.43668799999995,37.710023000000035],[-122.43677099999996,37.71015600000004],[-122.43697799999995,37.710637000000077],[-122.43699299999997,37.710746000000029],[-122.43758699999995,37.710860000000025],[-122.43836999999996,37.711133000000075]]]},"properties":{"OBJECTID":139,"STATEFP10":"06","COUNTYFP10":"075","TRACTCE10":"026303","GEOID10":"06075026303","NAME10":"263.03","NAMELSAD10":"Census Tract 263.03","MTFCC10":"G5020","FUNCSTAT10":"S","ALAND10":426599,"AWATER10":0,"INTPTLAT10":"+37.7096646","INTPTLON10":"-122.4434663","OBJECTID_1":2466,"trctidfp10":"06075026303","stcou":"06075","pdenied":0.96952903270721436,"JOINID":"06075026303","STCOU_TXT":"06075","Shape_Length":0.044178126878851323,"Shape_Area":4.3588431000072563e-05}},{"type":"Feature","id":140,"geometry":{"type":"Polygon","coordinates":[[[-122.42554799999999,37.714517000000058],[-122.42730599999999,37.715070000000026],[-122.42718899999994,37.715748000000076],[-122.42832699999997,37.71600600000005],[-122.42925499999996,37.716213000000039],[-122.43020599999994,37.716394000000037],[-122.43066999999996,37.716453000000058],[-122.43106699999998,37.716549000000043],[-122.43115399999999,37.716594000000043],[-122.43232299999994,37.71503800000005],[-122.43277699999999,37.714437000000032],[-122.43283799999995,37.714387000000045],[-122.43363499999998,37.713281000000052],[-122.43370699999997,37.713143000000059],[-122.43381099999999,37.713223000000028],[-122.43400399999996,37.713286000000039],[-122.43439599999999,37.713461000000052],[-122.43454099999997,37.713476000000071],[-122.43461999999994,37.713562000000024],[-122.43520899999999,37.71382600000004],[-122.43536099999994,37.713844000000051],[-122.43544799999995,37.713933000000054],[-122.43599999999998,37.714181000000053],[-122.43617599999999,37.714209000000039],[-122.43664199999995,37.713550000000055],[-122.43748599999998,37.712373000000071],[-122.43781099999995,37.711920000000077],[-122.43791799999997,37.711770000000058],[-122.43836999999996,37.711133000000075],[-122.43758699999995,37.710860000000025],[-122.43699299999997,37.710746000000029],[-122.43697799999995,37.710637000000077],[-122.43677099999996,37.71015600000004],[-122.43668799999995,37.710023000000035],[-122.43659699999995,37.709881000000053],[-122.43617599999999,37.709407000000056],[-122.43596799999995,37.709299000000044],[-122.43573899999996,37.709066000000064],[-122.43532199999999,37.708686000000057],[-122.43499999999995,37.708311000000037],[-122.43504099999996,37.708292000000029],[-122.43538199999995,37.708132000000035],[-122.43509999999998,37.708132000000035],[-122.43486999999999,37.708132000000035],[-122.43431299999997,37.708132000000035],[-122.43398199999996,37.708132000000035],[-122.43338199999999,37.708232000000066],[-122.43234999999999,37.708232000000066],[-122.43228899999997,37.708229000000074],[-122.43218199999995,37.708229000000074],[-122.43134099999997,37.708231000000069],[-122.43088199999994,37.708231000000069],[-122.43002699999994,37.708281000000056],[-122.42934099999997,37.708323000000064],[-122.42918199999997,37.708331000000044],[-122.42829399999999,37.708410000000072],[-122.42808199999996,37.708431000000076],[-122.42791499999998,37.708423000000039],[-122.42716399999995,37.70838800000007],[-122.42710599999998,37.708385000000078],[-122.42692699999998,37.708378000000039],[-122.42636599999997,37.70835100000005],[-122.42626999999999,37.70834700000006],[-122.42619299999996,37.708344000000068],[-122.42609099999999,37.70833900000008],[-122.42598899999996,37.708333000000039],[-122.42561899999998,37.708316000000025],[-122.42528999999996,37.708301000000063],[-122.42388999999997,37.708236000000056],[-122.42376499999995,37.708342000000073],[-122.42335299999996,37.709251000000052],[-122.42344199999997,37.709376000000077],[-122.42397099999999,37.709678000000054],[-122.42441699999995,37.710047000000031],[-122.42454999999995,37.710102000000063],[-122.42455499999994,37.710172000000057],[-122.42503999999997,37.71054300000003],[-122.42551199999997,37.710789000000034],[-122.42643799999996,37.711113000000068],[-122.42673699999995,37.71122500000007],[-122.42652099999998,37.711805000000027],[-122.42554799999999,37.714517000000058]]]},"properties":{"OBJECTID":140,"STATEFP10":"06","COUNTYFP10":"075","TRACTCE10":"026302","GEOID10":"06075026302","NAME10":"263.02","NAMELSAD10":"Census Tract 263.02","MTFCC10":"G5020","FUNCSTAT10":"S","ALAND10":759978,"AWATER10":0,"INTPTLAT10":"+37.7116589","INTPTLON10":"-122.4307918","OBJECTID_1":2465,"trctidfp10":"06075026302","stcou":"06075","pdenied":1.0901882648468018,"JOINID":"06075026302","STCOU_TXT":"06075","Shape_Length":0.042640478617208342,"Shape_Area":7.7654141499853527e-05}},{"type":"Feature","id":141,"geometry":{"type":"Polygon","coordinates":[[[-122.40311299999996,37.714462000000026],[-122.40265399999998,37.714586000000054],[-122.40256199999999,37.714650000000063],[-122.40232499999996,37.714711000000079],[-122.40218799999997,37.714731000000029],[-122.40235199999995,37.714579000000072],[-122.40244099999995,37.714436000000035],[-122.40241699999996,37.714277000000038],[-122.40209599999997,37.713508000000047],[-122.40209799999997,37.712995000000035],[-122.40209899999996,37.712795000000028],[-122.40211299999999,37.712712000000067],[-122.40225799999996,37.712560000000053],[-122.40247099999999,37.71243400000003],[-122.40245899999996,37.712179000000049],[-122.40236599999997,37.712294000000043],[-122.40212799999995,37.712361000000044],[-122.40199599999994,37.712398000000064],[-122.40164399999998,37.712484000000075],[-122.40125999999998,37.712642000000073],[-122.40103799999997,37.712815000000035],[-122.40096999999997,37.712869000000069],[-122.40083399999997,37.713008000000059],[-122.40065799999996,37.713058000000046],[-122.40047399999997,37.71311600000007],[-122.40001699999999,37.713584000000026],[-122.39975499999997,37.713858000000073],[-122.39935899999995,37.714273000000048],[-122.39919899999995,37.714536000000066],[-122.39894299999997,37.715187000000071],[-122.39899099999997,37.715339000000029],[-122.39891199999994,37.715396000000055],[-122.39883399999997,37.71545100000003],[-122.39881899999995,37.715473000000031],[-122.39864999999998,37.715729000000067],[-122.39859599999994,37.715810000000033],[-122.39848099999995,37.715984000000049],[-122.39832799999999,37.716259000000036],[-122.39836699999995,37.716413000000045],[-122.39840699999996,37.717049000000031],[-122.39851499999997,37.71766400000007],[-122.39854899999995,37.717859000000033],[-122.39865999999995,37.718153000000029],[-122.39881199999996,37.718511000000035],[-122.39886299999995,37.718683000000055],[-122.39888199999996,37.71864800000003],[-122.39909999999998,37.718249000000071],[-122.39918799999998,37.71808800000008],[-122.39921899999996,37.717906000000028],[-122.39928299999997,37.71752900000007],[-122.39940199999995,37.717066000000045],[-122.39941999999996,37.716995000000054],[-122.39946199999997,37.716834000000063],[-122.39956799999999,37.716447000000073],[-122.39961499999998,37.716278000000045],[-122.39973999999995,37.716183000000058],[-122.39982799999996,37.716650000000072],[-122.40001199999995,37.717411000000027],[-122.40004199999998,37.717538000000047],[-122.40013099999999,37.717906000000028],[-122.40027599999996,37.718506000000048],[-122.40043499999996,37.71916200000004],[-122.40112199999999,37.718980000000045],[-122.40210299999995,37.718721000000073],[-122.40307099999995,37.718465000000037],[-122.40355499999998,37.718337000000076],[-122.40385399999997,37.718830000000025],[-122.40405099999998,37.718928000000062],[-122.40452999999997,37.719174000000066],[-122.40479199999999,37.719309000000067],[-122.40531899999996,37.719579000000067],[-122.40556399999997,37.719660000000033],[-122.40579699999995,37.719737000000066],[-122.40609999999998,37.719837000000041],[-122.40643099999994,37.71975400000008],[-122.40666499999998,37.719215000000077],[-122.40698199999997,37.718485000000044],[-122.40727199999998,37.717820000000074],[-122.40825499999994,37.718090000000075],[-122.40852999999998,37.717320000000029],[-122.40853199999998,37.717209000000025],[-122.40862099999998,37.71711700000003],[-122.40784099999996,37.716923000000065],[-122.40801999999996,37.71650900000003],[-122.40817099999998,37.716157000000067],[-122.40850799999998,37.716292000000067],[-122.40894999999995,37.716458000000046],[-122.40980499999995,37.716595000000041],[-122.41036399999996,37.716691000000026],[-122.41043299999995,37.716414000000043],[-122.41035899999997,37.716393000000039],[-122.40993999999995,37.716279000000043],[-122.40912199999997,37.716056000000037],[-122.40830999999997,37.715835000000027],[-122.40618899999998,37.715244000000041],[-122.40552299999996,37.715059000000053],[-122.40382299999999,37.714396000000079],[-122.40369299999998,37.714341000000047],[-122.40361699999994,37.714327000000026],[-122.40350699999999,37.714357000000064],[-122.40311299999996,37.714462000000026]]]},"properties":{"OBJECTID":141,"STATEFP10":"06","COUNTYFP10":"075","TRACTCE10":"026402","GEOID10":"06075026402","NAME10":"264.02","NAMELSAD10":"Census Tract 264.02","MTFCC10":"G5020","FUNCSTAT10":"S","ALAND10":409887,"AWATER10":0,"INTPTLAT10":"+37.7164873","INTPTLON10":"-122.4032560","OBJECTID_1":2468,"trctidfp10":"06075026402","stcou":"06075","pdenied":1.1695907115936279,"JOINID":"06075026402","STCOU_TXT":"06075","Shape_Length":0.040940705178554276,"Shape_Area":4.1884954500112481e-05}},{"type":"Feature","id":142,"geometry":{"type":"Polygon","coordinates":[[[-122.45398299999999,37.708232000000066],[-122.45428099999998,37.708256000000063],[-122.45266499999997,37.708806000000038],[-122.45189499999998,37.709068000000059],[-122.45088399999997,37.70941300000004],[-122.45049899999998,37.709543000000053],[-122.45009499999998,37.709680000000048],[-122.44930899999997,37.709946000000059],[-122.44893099999996,37.710074000000077],[-122.44837699999999,37.710373000000061],[-122.44767199999995,37.710749000000078],[-122.44638299999997,37.711436000000049],[-122.44609099999997,37.711592000000053],[-122.44552799999997,37.711887000000047],[-122.44474299999996,37.712622000000067],[-122.44457099999994,37.712783000000059],[-122.44395199999997,37.713362000000075],[-122.44370599999996,37.713592000000062],[-122.44432499999999,37.714087000000063],[-122.44493599999998,37.714577000000077],[-122.44564599999995,37.715146000000061],[-122.44583499999999,37.715298000000075],[-122.44637199999994,37.71572800000007],[-122.44694499999997,37.716187000000048],[-122.44735299999996,37.716515000000072],[-122.44795999999997,37.717000000000041],[-122.44849599999998,37.717314000000044],[-122.44872699999996,37.717450000000042],[-122.44883699999997,37.717055000000073],[-122.44895699999995,37.716814000000056],[-122.44921099999999,37.716306000000031],[-122.44925699999999,37.716244000000074],[-122.44931599999995,37.716164000000049],[-122.44938099999996,37.716075000000046],[-122.44962699999996,37.715739000000042],[-122.44974899999994,37.715617000000066],[-122.45023499999996,37.71513200000004],[-122.45036599999997,37.715016000000048],[-122.45096099999995,37.714501000000041],[-122.45120799999995,37.714294000000052],[-122.45163399999996,37.713937000000044],[-122.45176599999996,37.713816000000065],[-122.45227799999998,37.713344000000063],[-122.45288399999998,37.712829000000056],[-122.45295099999998,37.712772000000029],[-122.45387099999999,37.712043000000051],[-122.45399899999995,37.711960000000033],[-122.45450399999999,37.71163400000006],[-122.45502799999997,37.711317000000065],[-122.45559599999996,37.711076000000048],[-122.45562199999995,37.711068000000068],[-122.45604999999995,37.710927000000027],[-122.45633899999996,37.710832000000039],[-122.45637599999998,37.710825000000057],[-122.45731199999994,37.710648000000049],[-122.45830699999999,37.710600000000056],[-122.45900199999994,37.710596000000066],[-122.46085799999997,37.710586000000035],[-122.46115999999995,37.71058400000004],[-122.46234699999997,37.710570000000075],[-122.46256099999999,37.710567000000026],[-122.46347499999996,37.710556000000054],[-122.46417599999995,37.710548000000074],[-122.46437199999997,37.710526000000073],[-122.46476699999999,37.71048200000007],[-122.46493899999996,37.710436000000072],[-122.46599399999997,37.710154000000045],[-122.46620299999995,37.710068000000035],[-122.46679199999994,37.709826000000078],[-122.46716199999997,37.709634000000051],[-122.46720999999997,37.70960400000007],[-122.46771799999999,37.70928200000003],[-122.46815599999996,37.708936000000051],[-122.46847399999996,37.70868500000006],[-122.46893899999998,37.708232000000066],[-122.46891499999998,37.708232000000066],[-122.46888299999995,37.708232000000066],[-122.46860699999996,37.708232000000066],[-122.46788299999997,37.708232000000066],[-122.46718299999998,37.708232000000066],[-122.46697899999998,37.708210000000065],[-122.46695399999999,37.708206000000075],[-122.46679099999994,37.708187000000066],[-122.46663199999995,37.708169000000055],[-122.46662799999996,37.708169000000055],[-122.46628399999997,37.708131000000037],[-122.46576199999998,37.708131000000037],[-122.46575699999994,37.708132000000035],[-122.46538299999997,37.708132000000035],[-122.46489599999995,37.708186000000069],[-122.46489199999996,37.708186000000069],[-122.46466999999996,37.708211000000063],[-122.46448299999997,37.708232000000066],[-122.46444999999994,37.708232000000066],[-122.46408299999996,37.708232000000066],[-122.46404299999995,37.708240000000046],[-122.46358299999997,37.708332000000041],[-122.46278299999994,37.708232000000066],[-122.46273999999994,37.708232000000066],[-122.46260099999995,37.708232000000066],[-122.46228199999996,37.708232000000066],[-122.46205299999997,37.708232000000066],[-122.46138299999996,37.708232000000066],[-122.46127499999994,37.708232000000066],[-122.45989399999996,37.708232000000066],[-122.45904999999999,37.708231000000069],[-122.45850899999999,37.708231000000069],[-122.45791599999995,37.708243000000039],[-122.45718299999999,37.708235000000059],[-122.45574699999997,37.708231000000069],[-122.45435599999996,37.708232000000066],[-122.45434099999994,37.708232000000066],[-122.45398299999999,37.708232000000066]]]},"properties":{"OBJECTID":142,"STATEFP10":"06","COUNTYFP10":"075","TRACTCE10":"026200","GEOID10":"06075026200","NAME10":"262","NAMELSAD10":"Census Tract 262","MTFCC10":"G5020","FUNCSTAT10":"S","ALAND10":774528,"AWATER10":0,"INTPTLAT10":"+37.7113172","INTPTLON10":"-122.4539535","OBJECTID_1":2463,"trctidfp10":"06075026200","stcou":"06075","pdenied":1.5293118953704834,"JOINID":"06075026200","STCOU_TXT":"06075","Shape_Length":0.057242094691396815,"Shape_Area":7.9140422499873349e-05}},{"type":"Feature","id":143,"geometry":{"type":"Polygon","coordinates":[[[-122.43949999999995,37.718467000000032],[-122.43949699999996,37.718525000000056],[-122.43892199999999,37.719286000000068],[-122.43886299999997,37.719309000000067],[-122.43885499999999,37.719374000000073],[-122.43838899999997,37.71999100000005],[-122.43832899999995,37.720016000000044],[-122.43831199999994,37.720093000000077],[-122.43753299999997,37.721122000000037],[-122.43746099999998,37.721164000000044],[-122.43745699999999,37.721222000000068],[-122.43720899999994,37.721550000000036],[-122.43714999999997,37.72157500000003],[-122.43646799999999,37.722465000000057],[-122.43603999999999,37.723044000000073],[-122.43597699999998,37.723130000000026],[-122.43538499999994,37.723909000000049],[-122.43644899999998,37.72378800000007],[-122.43701999999996,37.723723000000064],[-122.43743899999998,37.723716000000024],[-122.43754499999994,37.723733000000038],[-122.43826999999999,37.723676000000069],[-122.43835499999994,37.723645000000033],[-122.43843699999996,37.723672000000079],[-122.43870399999997,37.723648000000026],[-122.43880899999999,37.723601000000031],[-122.43890399999998,37.723620000000039],[-122.43976299999997,37.723521000000062],[-122.43984999999998,37.723481000000049],[-122.43995699999999,37.723499000000061],[-122.44095799999997,37.723383000000069],[-122.44104999999996,37.723342000000059],[-122.44115199999999,37.723360000000071],[-122.44243799999998,37.723211000000049],[-122.44255399999997,37.723168000000044],[-122.44264999999996,37.72318000000007],[-122.44316299999997,37.723121000000049],[-122.44327399999997,37.723085000000026],[-122.44337799999994,37.72310200000004],[-122.44449799999995,37.722970000000032],[-122.44460699999996,37.722975000000076],[-122.44474699999995,37.72296700000004],[-122.44481099999996,37.722998000000075],[-122.44721699999997,37.72299600000008],[-122.44727199999994,37.722957000000065],[-122.44732799999997,37.723006000000055],[-122.44745299999994,37.723006000000055],[-122.44763899999998,37.723006000000055],[-122.44787799999995,37.723005000000057],[-122.44790799999998,37.722916000000055],[-122.44798999999995,37.722669000000053],[-122.44812199999996,37.721997000000044],[-122.44820199999998,37.721408000000054],[-122.44822199999999,37.721262000000024],[-122.44834899999995,37.720229000000074],[-122.44840899999997,37.719656000000043],[-122.44843399999996,37.719411000000036],[-122.44851699999998,37.718922000000077],[-122.44858199999999,37.71841100000006],[-122.44859499999995,37.718310000000031],[-122.44866599999995,37.717751000000078],[-122.44867399999998,37.717688000000066],[-122.44868599999995,37.717596000000071],[-122.44872699999996,37.717450000000042],[-122.44849599999998,37.717314000000044],[-122.44795999999997,37.717000000000041],[-122.44735299999996,37.716515000000072],[-122.44694499999997,37.716187000000048],[-122.44637199999994,37.71572800000007],[-122.44583499999999,37.715298000000075],[-122.44564599999995,37.715146000000061],[-122.44493599999998,37.714577000000077],[-122.44432499999999,37.714087000000063],[-122.44370599999996,37.713592000000062],[-122.44334599999996,37.713928000000067],[-122.44266199999998,37.714567000000045],[-122.44256499999995,37.714661000000035],[-122.44189599999999,37.71530800000005],[-122.44179899999995,37.715430000000026],[-122.44169099999999,37.715573000000063],[-122.44155399999994,37.715753000000063],[-122.44101999999998,37.716460000000041],[-122.44041799999997,37.717245000000048],[-122.44041799999997,37.717310000000055],[-122.44018599999998,37.717624000000058],[-122.44010699999995,37.717665000000068],[-122.44010599999996,37.717719000000045],[-122.43955699999998,37.718446000000029],[-122.43949999999995,37.718467000000032]]]},"properties":{"OBJECTID":143,"STATEFP10":"06","COUNTYFP10":"075","TRACTCE10":"026100","GEOID10":"06075026100","NAME10":"261","NAMELSAD10":"Census Tract 261","MTFCC10":"G5020","FUNCSTAT10":"S","ALAND10":751112,"AWATER10":0,"INTPTLAT10":"+37.7196219","INTPTLON10":"-122.4431582","OBJECTID_1":2462,"trctidfp10":"06075026100","stcou":"06075","pdenied":1.247600793838501,"JOINID":"06075026100","STCOU_TXT":"06075","Shape_Length":0.037997280733569457,"Shape_Area":7.6756624500020241e-05}},{"type":"Feature","id":144,"geometry":{"type":"Polygon","coordinates":[[[-122.42684799999995,37.71665100000007],[-122.42669799999999,37.717046000000039],[-122.42666999999994,37.717078000000072],[-122.42638999999997,37.718561000000079],[-122.42597799999999,37.719107000000065],[-122.42582999999996,37.719302000000027],[-122.42547899999994,37.720233000000064],[-122.42455499999994,37.721648000000073],[-122.42484799999994,37.722053000000074],[-122.42523899999998,37.722240000000056],[-122.42564999999996,37.722435000000075],[-122.42646799999994,37.722826000000055],[-122.42725299999995,37.723200000000077],[-122.42807399999998,37.723591000000056],[-122.42883699999999,37.723955000000046],[-122.43002599999994,37.722398000000055],[-122.43120499999998,37.720856000000026],[-122.43238499999995,37.719298000000038],[-122.43355499999996,37.717744000000039],[-122.43275399999999,37.717360000000042],[-122.43195299999996,37.716976000000045],[-122.43115399999999,37.716594000000043],[-122.43106699999998,37.716549000000043],[-122.43066999999996,37.716453000000058],[-122.43020599999994,37.716394000000037],[-122.42925499999996,37.716213000000039],[-122.42832699999997,37.71600600000005],[-122.42718899999994,37.715748000000076],[-122.42684799999995,37.71665100000007]]]},"properties":{"OBJECTID":144,"STATEFP10":"06","COUNTYFP10":"075","TRACTCE10":"026003","GEOID10":"06075026003","NAME10":"260.03","NAMELSAD10":"Census Tract 260.03","MTFCC10":"G5020","FUNCSTAT10":"S","ALAND10":399410,"AWATER10":0,"INTPTLAT10":"+37.7196247","INTPTLON10":"-122.4287994","OBJECTID_1":2460,"trctidfp10":"06075026003","stcou":"06075","pdenied":0.43620499968528748,"JOINID":"06075026003","STCOU_TXT":"06075","Shape_Length":0.025994217254909566,"Shape_Area":4.0816054500057567e-05}},{"type":"Feature","id":145,"geometry":{"type":"Polygon","coordinates":[[[-122.43370699999997,37.713143000000059],[-122.43363499999998,37.713281000000052],[-122.43283799999995,37.714387000000045],[-122.43277699999999,37.714437000000032],[-122.43363899999997,37.714752000000033],[-122.43449199999998,37.715065000000038],[-122.43534599999998,37.715379000000041],[-122.43619499999994,37.715693000000044],[-122.43704599999995,37.716008000000045],[-122.43790099999995,37.716320000000053],[-122.43875799999995,37.716632000000061],[-122.43963999999994,37.716959000000031],[-122.44041799999997,37.717245000000048],[-122.44101999999998,37.716460000000041],[-122.44155399999994,37.715753000000063],[-122.44169099999999,37.715573000000063],[-122.44179899999995,37.715430000000026],[-122.44189599999999,37.71530800000005],[-122.44256499999995,37.714661000000035],[-122.44266199999998,37.714567000000045],[-122.44334599999996,37.713928000000067],[-122.44370599999996,37.713592000000062],[-122.44395199999997,37.713362000000075],[-122.44457099999994,37.712783000000059],[-122.44409699999994,37.711689000000035],[-122.44368599999996,37.711203000000069],[-122.44333499999999,37.710555000000056],[-122.44269999999995,37.71076400000004],[-122.44215599999995,37.71094400000004],[-122.44165999999996,37.711073000000056],[-122.44112999999999,37.711211000000048],[-122.44061699999997,37.711345000000051],[-122.44010799999995,37.711477000000059],[-122.43958899999996,37.711615000000052],[-122.43908199999998,37.711750000000052],[-122.43856299999999,37.711888000000044],[-122.43805899999995,37.71202100000005],[-122.43781099999995,37.711920000000077],[-122.43748599999998,37.712373000000071],[-122.43664199999995,37.713550000000055],[-122.43617599999999,37.714209000000039],[-122.43599999999998,37.714181000000053],[-122.43544799999995,37.713933000000054],[-122.43536099999994,37.713844000000051],[-122.43520899999999,37.71382600000004],[-122.43461999999994,37.713562000000024],[-122.43454099999997,37.713476000000071],[-122.43439599999999,37.713461000000052],[-122.43400399999996,37.713286000000039],[-122.43381099999999,37.713223000000028],[-122.43370699999997,37.713143000000059]]]},"properties":{"OBJECTID":145,"STATEFP10":"06","COUNTYFP10":"075","TRACTCE10":"026301","GEOID10":"06075026301","NAME10":"263.01","NAMELSAD10":"Census Tract 263.01","MTFCC10":"G5020","FUNCSTAT10":"S","ALAND10":368000,"AWATER10":0,"INTPTLAT10":"+37.7138685","INTPTLON10":"-122.4395330","OBJECTID_1":2464,"trctidfp10":"06075026301","stcou":"06075","pdenied":0.97244733572006226,"JOINID":"06075026301","STCOU_TXT":"06075","Shape_Length":0.029710150643419656,"Shape_Area":3.7603249999937675e-05}},{"type":"Feature","id":146,"geometry":{"type":"Polygon","coordinates":[[[-122.43115399999999,37.716594000000043],[-122.43195299999996,37.716976000000045],[-122.43275399999999,37.717360000000042],[-122.43355499999996,37.717744000000039],[-122.43238499999995,37.719298000000038],[-122.43318499999998,37.719681000000037],[-122.43398499999995,37.720063000000039],[-122.43478499999998,37.720445000000041],[-122.43558499999995,37.720827000000043],[-122.43638499999997,37.721209000000044],[-122.43714999999997,37.72157500000003],[-122.43720899999994,37.721550000000036],[-122.43745699999999,37.721222000000068],[-122.43746099999998,37.721164000000044],[-122.43753299999997,37.721122000000037],[-122.43831199999994,37.720093000000077],[-122.43832899999995,37.720016000000044],[-122.43838899999997,37.71999100000005],[-122.43885499999999,37.719374000000073],[-122.43886299999997,37.719309000000067],[-122.43892199999999,37.719286000000068],[-122.43949699999996,37.718525000000056],[-122.43949999999995,37.718467000000032],[-122.43955699999998,37.718446000000029],[-122.44010599999996,37.717719000000045],[-122.44010699999995,37.717665000000068],[-122.44018599999998,37.717624000000058],[-122.44041799999997,37.717310000000055],[-122.44041799999997,37.717245000000048],[-122.43963999999994,37.716959000000031],[-122.43875799999995,37.716632000000061],[-122.43790099999995,37.716320000000053],[-122.43704599999995,37.716008000000045],[-122.43619499999994,37.715693000000044],[-122.43534599999998,37.715379000000041],[-122.43449199999998,37.715065000000038],[-122.43363899999997,37.714752000000033],[-122.43277699999999,37.714437000000032],[-122.43232299999994,37.71503800000005],[-122.43115399999999,37.716594000000043]]]},"properties":{"OBJECTID":146,"STATEFP10":"06","COUNTYFP10":"075","TRACTCE10":"026004","GEOID10":"06075026004","NAME10":"260.04","NAMELSAD10":"Census Tract 260.04","MTFCC10":"G5020","FUNCSTAT10":"S","ALAND10":335952,"AWATER10":0,"INTPTLAT10":"+37.7178905","INTPTLON10":"-122.4357008","OBJECTID_1":2461,"trctidfp10":"06075026004","stcou":"06075","pdenied":1.4471780061721802,"JOINID":"06075026004","STCOU_TXT":"06075","Shape_Length":0.026263860592994348,"Shape_Area":3.4330247000025866e-05}},{"type":"Feature","id":147,"geometry":{"type":"Polygon","coordinates":[[[-122.42807399999998,37.723591000000056],[-122.42691199999996,37.725151000000039],[-122.42768399999994,37.725520000000074],[-122.42848199999997,37.725901000000079],[-122.42927999999995,37.726282000000026],[-122.43007999999998,37.72666300000003],[-122.43016999999998,37.726544000000047],[-122.43096499999996,37.726926000000049],[-122.43176699999998,37.727311000000043],[-122.43244699999997,37.727637000000072],[-122.43280799999997,37.727315000000033],[-122.43291199999999,37.727178000000038],[-122.43335699999994,37.726588000000049],[-122.43362399999995,37.726236000000029],[-122.43398199999996,37.725762000000032],[-122.43442599999997,37.725175000000036],[-122.43479799999994,37.724683000000027],[-122.43486999999999,37.72458800000004],[-122.43531299999995,37.724005000000034],[-122.43538499999994,37.723909000000049],[-122.43597699999998,37.723130000000026],[-122.43603999999999,37.723044000000073],[-122.43646799999999,37.722465000000057],[-122.43714999999997,37.72157500000003],[-122.43638499999997,37.721209000000044],[-122.43558499999995,37.720827000000043],[-122.43478499999998,37.720445000000041],[-122.43398499999995,37.720063000000039],[-122.43318499999998,37.719681000000037],[-122.43238499999995,37.719298000000038],[-122.43120499999998,37.720856000000026],[-122.43002599999994,37.722398000000055],[-122.42883699999999,37.723955000000046],[-122.42807399999998,37.723591000000056]]]},"properties":{"OBJECTID":147,"STATEFP10":"06","COUNTYFP10":"075","TRACTCE10":"026001","GEOID10":"06075026001","NAME10":"260.01","NAMELSAD10":"Census Tract 260.01","MTFCC10":"G5020","FUNCSTAT10":"S","ALAND10":407294,"AWATER10":0,"INTPTLAT10":"+37.7235502","INTPTLON10":"-122.4322434","OBJECTID_1":2458,"trctidfp10":"06075026001","stcou":"06075","pdenied":1.0695186853408813,"JOINID":"06075026001","STCOU_TXT":"06075","Shape_Length":0.027792617102403397,"Shape_Area":4.1623922000086045e-05}},{"type":"Feature","id":148,"geometry":{"type":"Polygon","coordinates":[[[-122.40496099999996,37.723015000000032],[-122.40508699999998,37.723290000000077],[-122.40530999999999,37.723827000000028],[-122.40557199999995,37.724461000000076],[-122.40655299999997,37.724194000000068],[-122.40754099999998,37.723941000000025],[-122.40852899999999,37.723688000000038],[-122.40902699999998,37.724884000000031],[-122.40952699999997,37.726084000000071],[-122.41002199999997,37.727284000000054],[-122.41051899999997,37.728488000000027],[-122.41150499999998,37.728230000000053],[-122.41248999999999,37.727972000000079],[-122.41347499999995,37.727715000000046],[-122.41445999999996,37.727457000000072],[-122.41545199999996,37.727198000000044],[-122.41642599999994,37.726943000000063],[-122.41740999999996,37.726685000000032],[-122.41840399999995,37.726425000000063],[-122.41790599999996,37.725221000000033],[-122.41888799999998,37.724966000000052],[-122.41987499999999,37.724710000000073],[-122.41937499999995,37.723498000000063],[-122.41839199999998,37.723768000000064],[-122.41791399999994,37.722627000000045],[-122.41778099999999,37.722597000000064],[-122.41691699999996,37.722825000000057],[-122.41663199999999,37.722157000000038],[-122.41555799999998,37.722226000000035],[-122.41592299999996,37.723085000000026],[-122.41493599999995,37.723343000000057],[-122.41395899999998,37.723599000000036],[-122.41296899999998,37.723858000000064],[-122.41246799999999,37.722658000000024],[-122.41197299999999,37.721458000000041],[-122.41147599999999,37.720252000000073],[-122.41098999999997,37.719074000000035],[-122.41000199999996,37.719332000000065],[-122.40902199999999,37.719587000000047],[-122.40808899999996,37.719830000000059],[-122.40797699999996,37.719736000000069],[-122.40795599999996,37.71986400000003],[-122.40709799999996,37.720088000000032],[-122.40699799999999,37.71999100000005],[-122.40666499999998,37.719215000000077],[-122.40643099999994,37.71975400000008],[-122.40609999999998,37.719837000000041],[-122.40579699999995,37.719737000000066],[-122.40556399999997,37.719660000000033],[-122.40531899999996,37.719579000000067],[-122.40479199999999,37.719309000000067],[-122.40452999999997,37.719174000000066],[-122.40405099999998,37.718928000000062],[-122.40385399999997,37.718830000000025],[-122.40355499999998,37.718337000000076],[-122.40307099999995,37.718465000000037],[-122.40210299999995,37.718721000000073],[-122.40211899999997,37.718803000000037],[-122.40258499999999,37.719923000000051],[-122.40303399999999,37.721023000000059],[-122.40312599999999,37.721122000000037],[-122.40401799999995,37.720890000000054],[-122.40401799999995,37.72076700000008],[-122.40456499999999,37.722064000000046],[-122.40490699999998,37.722897000000046],[-122.40496099999996,37.723015000000032]]]},"properties":{"OBJECTID":148,"STATEFP10":"06","COUNTYFP10":"075","TRACTCE10":"025900","GEOID10":"06075025900","NAME10":"259","NAMELSAD10":"Census Tract 259","MTFCC10":"G5020","FUNCSTAT10":"S","ALAND10":658329,"AWATER10":81108,"INTPTLAT10":"+37.7234533","INTPTLON10":"-122.4105033","OBJECTID_1":2457,"trctidfp10":"06075025900","stcou":"06075","pdenied":1.0556621551513672,"JOINID":"06075025900","STCOU_TXT":"06075","Shape_Length":0.053596070003374734,"Shape_Area":7.5567221999991025e-05}},{"type":"Feature","id":149,"geometry":{"type":"Polygon","coordinates":[[[-122.40496099999996,37.723015000000032],[-122.40490699999998,37.722897000000046],[-122.40456499999999,37.722064000000046],[-122.40401799999995,37.72076700000008],[-122.40401799999995,37.720890000000054],[-122.40312599999999,37.721122000000037],[-122.40303399999999,37.721023000000059],[-122.40258499999999,37.719923000000051],[-122.40211899999997,37.718803000000037],[-122.40210299999995,37.718721000000073],[-122.40112199999999,37.718980000000045],[-122.40043499999996,37.71916200000004],[-122.40027599999996,37.718506000000048],[-122.40013099999999,37.717906000000028],[-122.40004199999998,37.717538000000047],[-122.40001199999995,37.717411000000027],[-122.39982799999996,37.716650000000072],[-122.39973999999995,37.716183000000058],[-122.39961499999998,37.716278000000045],[-122.39956799999999,37.716447000000073],[-122.39946199999997,37.716834000000063],[-122.39941999999996,37.716995000000054],[-122.39940199999995,37.717066000000045],[-122.39928299999997,37.71752900000007],[-122.39921899999996,37.717906000000028],[-122.39918799999998,37.71808800000008],[-122.39909999999998,37.718249000000071],[-122.39888199999996,37.71864800000003],[-122.39886299999995,37.718683000000055],[-122.39889799999997,37.718808000000024],[-122.39896699999997,37.719030000000032],[-122.39908899999995,37.719572000000028],[-122.39912499999997,37.719730000000027],[-122.39938699999999,37.719882000000041],[-122.39937699999996,37.720005000000072],[-122.39946399999997,37.720330000000047],[-122.39968099999999,37.720864000000063],[-122.39973799999996,37.721006000000045],[-122.39992199999995,37.721460000000036],[-122.39992499999994,37.721517000000063],[-122.40038199999998,37.72263300000003],[-122.40078499999998,37.72361600000005],[-122.40088799999995,37.723641000000043],[-122.40104699999995,37.723678000000064],[-122.40135999999995,37.723753000000045],[-122.40144199999997,37.723773000000051],[-122.40206099999995,37.723920000000078],[-122.40210799999994,37.724036000000069],[-122.40259999999995,37.725235000000055],[-122.40360099999998,37.724976000000026],[-122.40458599999999,37.724718000000053],[-122.40557199999995,37.724461000000076],[-122.40530999999999,37.723827000000028],[-122.40508699999998,37.723290000000077],[-122.40496099999996,37.723015000000032]]]},"properties":{"OBJECTID":149,"STATEFP10":"06","COUNTYFP10":"075","TRACTCE10":"025800","GEOID10":"06075025800","NAME10":"258","NAMELSAD10":"Census Tract 258","MTFCC10":"G5020","FUNCSTAT10":"S","ALAND10":241624,"AWATER10":0,"INTPTLAT10":"+37.7216202","INTPTLON10":"-122.4020019","OBJECTID_1":2456,"trctidfp10":"06075025800","stcou":"06075","pdenied":0.89820361137390137,"JOINID":"06075025800","STCOU_TXT":"06075","Shape_Length":0.026344949681475504,"Shape_Area":2.4692480000081264e-05}},{"type":"Feature","id":150,"geometry":{"type":"Polygon","coordinates":[[[-122.42018499999995,37.731463000000076],[-122.42094499999996,37.731309000000067],[-122.42175299999997,37.731085000000064],[-122.42173099999997,37.731352000000072],[-122.42172599999998,37.731438000000026],[-122.42171499999995,37.731608000000051],[-122.42170299999998,37.73180700000006],[-122.42281999999994,37.731641000000025],[-122.42391999999995,37.731553000000076],[-122.42398199999997,37.731552000000079],[-122.42455399999994,37.73154900000003],[-122.42464499999994,37.73154900000003],[-122.42498599999999,37.731560000000059],[-122.42556299999995,37.731579000000067],[-122.42610399999995,37.731651000000056],[-122.42639099999997,37.731690000000071],[-122.42711899999995,37.731826000000069],[-122.42734299999995,37.731868000000077],[-122.42803799999996,37.732016000000044],[-122.42820299999994,37.731851000000063],[-122.42868599999997,37.731365000000039],[-122.42887299999995,37.731175000000064],[-122.42930399999995,37.730742000000077],[-122.42937799999999,37.730720000000076],[-122.43010499999997,37.729988000000048],[-122.43011099999995,37.729931000000079],[-122.43018099999995,37.729860000000031],[-122.43025999999998,37.729832000000044],[-122.43080499999996,37.729284000000064],[-122.43080899999995,37.729228000000035],[-122.43087799999995,37.729209000000026],[-122.43126899999999,37.728807000000074],[-122.43129399999998,37.728730000000041],[-122.43038999999999,37.728547000000049],[-122.42866699999996,37.728534000000025],[-122.42820899999998,37.728545000000054],[-122.42757999999998,37.728566000000058],[-122.42642299999994,37.728617000000042],[-122.42596399999996,37.728641000000039],[-122.42528999999996,37.728677000000062],[-122.42487999999997,37.728699000000063],[-122.42419899999999,37.728736000000026],[-122.42373999999995,37.728760000000079],[-122.42350899999997,37.728207000000054],[-122.42333599999995,37.727792000000079],[-122.42312199999998,37.727277000000072],[-122.42283999999995,37.726597000000027],[-122.42234299999996,37.725395000000049],[-122.42184699999996,37.724199000000056],[-122.42086099999995,37.724454000000037],[-122.41987499999999,37.724710000000073],[-122.41888799999998,37.724966000000052],[-122.41790599999996,37.725221000000033],[-122.41840399999995,37.726425000000063],[-122.41740999999996,37.726685000000032],[-122.41642599999994,37.726943000000063],[-122.41545199999996,37.727198000000044],[-122.41445999999996,37.727457000000072],[-122.41495599999996,37.728658000000053],[-122.41519299999999,37.729223000000047],[-122.41617399999996,37.728919000000076],[-122.41663699999998,37.728809000000069],[-122.41686399999998,37.728796000000045],[-122.41720599999996,37.728840000000048],[-122.41838099999995,37.729039000000057],[-122.41874399999995,37.729089000000045],[-122.41919999999999,37.729082000000062],[-122.41948599999995,37.729046000000039],[-122.41953599999999,37.729129000000057],[-122.41937299999995,37.730430000000069],[-122.41928199999995,37.731164000000035],[-122.41926999999998,37.731330000000071],[-122.41935599999999,37.73143900000008],[-122.41951399999999,37.731490000000065],[-122.41984999999994,37.731476000000043],[-122.42018499999995,37.731463000000076]]]},"properties":{"OBJECTID":150,"STATEFP10":"06","COUNTYFP10":"075","TRACTCE10":"025600","GEOID10":"06075025600","NAME10":"256","NAMELSAD10":"Census Tract 256","MTFCC10":"G5020","FUNCSTAT10":"S","ALAND10":562782,"AWATER10":0,"INTPTLAT10":"+37.7287139","INTPTLON10":"-122.4224279","OBJECTID_1":2453,"trctidfp10":"06075025600","stcou":"06075","pdenied":0.27958992123603821,"JOINID":"06075025600","STCOU_TXT":"06075","Shape_Length":0.044963867820459892,"Shape_Area":5.7518141000123321e-05}},{"type":"Feature","id":151,"geometry":{"type":"Polygon","coordinates":[[[-122.42639099999997,37.733675000000062],[-122.42637499999995,37.733736000000079],[-122.42617499999994,37.73393800000008],[-122.42611499999998,37.73395400000004],[-122.42740099999997,37.734507000000065],[-122.42783899999995,37.734694000000047],[-122.42835399999996,37.734915000000058],[-122.42843699999997,37.734951000000081],[-122.42857299999997,37.735082000000034],[-122.42860699999994,37.735060000000033],[-122.42884299999997,37.734932000000072],[-122.42939099999995,37.73463600000008],[-122.42959999999999,37.734518000000037],[-122.42979899999995,37.734406000000035],[-122.43039599999997,37.734121000000073],[-122.43092799999999,37.733867000000032],[-122.43242199999997,37.733176000000071],[-122.43253499999997,37.733123000000035],[-122.43429899999995,37.732311000000038],[-122.43491399999999,37.732038000000045],[-122.43506099999996,37.731965000000059],[-122.43542499999995,37.731786000000056],[-122.43589199999997,37.731577000000073],[-122.43613299999998,37.731470000000058],[-122.43644999999998,37.731333000000063],[-122.43701199999998,37.731118000000038],[-122.43819099999996,37.730698000000075],[-122.43854099999999,37.730568000000062],[-122.43955799999998,37.730191000000048],[-122.43948299999994,37.730112000000076],[-122.44010199999997,37.729878000000042],[-122.44025599999998,37.729820000000075],[-122.44078099999996,37.729605000000049],[-122.44113499999997,37.729460000000074],[-122.44122999999996,37.729423000000054],[-122.44180099999994,37.729202000000043],[-122.44196999999997,37.72913600000004],[-122.44272199999995,37.72879400000005],[-122.44307499999996,37.728634000000056],[-122.44366399999996,37.728304000000037],[-122.44379099999998,37.728233000000046],[-122.44442299999997,37.727799000000061],[-122.44468799999999,37.727583000000038],[-122.44504099999995,37.727295000000026],[-122.44560299999995,37.726734000000079],[-122.44572399999998,37.726613000000043],[-122.44595299999997,37.726365000000044],[-122.44630799999999,37.725978000000055],[-122.44639099999995,37.725863000000061],[-122.44686399999995,37.725213000000053],[-122.44720099999995,37.724638000000027],[-122.44723699999997,37.724569000000031],[-122.44753399999996,37.724005000000034],[-122.44758599999994,37.723880000000065],[-122.44760099999996,37.723835000000065],[-122.44787799999995,37.723005000000057],[-122.44763899999998,37.723006000000055],[-122.44745299999994,37.723006000000055],[-122.44732799999997,37.723006000000055],[-122.44727199999994,37.722957000000065],[-122.44721699999997,37.72299600000008],[-122.44481099999996,37.722998000000075],[-122.44474699999995,37.72296700000004],[-122.44460699999996,37.722975000000076],[-122.44449799999995,37.722970000000032],[-122.44337799999994,37.72310200000004],[-122.44327399999997,37.723085000000026],[-122.44316299999997,37.723121000000049],[-122.44264999999996,37.72318000000007],[-122.44255399999997,37.723168000000044],[-122.44243799999998,37.723211000000049],[-122.44115199999999,37.723360000000071],[-122.44104999999996,37.723342000000059],[-122.44095799999997,37.723383000000069],[-122.43995699999999,37.723499000000061],[-122.43984999999998,37.723481000000049],[-122.43976299999997,37.723521000000062],[-122.43890399999998,37.723620000000039],[-122.43880899999999,37.723601000000031],[-122.43870399999997,37.723648000000026],[-122.43843699999996,37.723672000000079],[-122.43835499999994,37.723645000000033],[-122.43826999999999,37.723676000000069],[-122.43754499999994,37.723733000000038],[-122.43743899999998,37.723716000000024],[-122.43701999999996,37.723723000000064],[-122.43644899999998,37.72378800000007],[-122.43538499999994,37.723909000000049],[-122.43531299999995,37.724005000000034],[-122.43486999999999,37.72458800000004],[-122.43479799999994,37.724683000000027],[-122.43442599999997,37.725175000000036],[-122.43398199999996,37.725762000000032],[-122.43362399999995,37.726236000000029],[-122.43335699999994,37.726588000000049],[-122.43291199999999,37.727178000000038],[-122.43280799999997,37.727315000000033],[-122.43244699999997,37.727637000000072],[-122.43236299999995,37.727717000000041],[-122.43180099999995,37.728249000000062],[-122.43129399999998,37.728730000000041],[-122.43126899999999,37.728807000000074],[-122.43087799999995,37.729209000000026],[-122.43080899999995,37.729228000000035],[-122.43080499999996,37.729284000000064],[-122.43025999999998,37.729832000000044],[-122.43018099999995,37.729860000000031],[-122.43011099999995,37.729931000000079],[-122.43010499999997,37.729988000000048],[-122.42937799999999,37.730720000000076],[-122.42930399999995,37.730742000000077],[-122.42887299999995,37.731175000000064],[-122.42868599999997,37.731365000000039],[-122.42820299999994,37.731851000000063],[-122.42803799999996,37.732016000000044],[-122.42733799999996,37.732721000000026],[-122.42639099999997,37.733675000000062]]]},"properties":{"OBJECTID":151,"STATEFP10":"06","COUNTYFP10":"075","TRACTCE10":"025500","GEOID10":"06075025500","NAME10":"255","NAMELSAD10":"Census Tract 255","MTFCC10":"G5020","FUNCSTAT10":"S","ALAND10":1076740,"AWATER10":0,"INTPTLAT10":"+37.7280611","INTPTLON10":"-122.4372627","OBJECTID_1":2452,"trctidfp10":"06075025500","stcou":"06075","pdenied":0.85836911201477051,"JOINID":"06075025500","STCOU_TXT":"06075","Shape_Length":0.052762069391686227,"Shape_Area":0.00011004474999997059}},{"type":"Feature","id":152,"geometry":{"type":"Polygon","coordinates":[[[-122.42212099999995,37.735153000000025],[-122.42186099999998,37.735140000000058],[-122.42022399999996,37.735058000000038],[-122.42016299999995,37.735777000000041],[-122.41675999999995,37.735605000000078],[-122.41671799999995,37.736074000000031],[-122.41669599999994,37.736317000000042],[-122.416631,37.737037000000043],[-122.41661299999998,37.737248000000079],[-122.41595499999994,37.737211000000059],[-122.41584099999994,37.738452000000052],[-122.41580099999999,37.738949000000048],[-122.41589899999997,37.739002000000028],[-122.41651999999999,37.739062000000047],[-122.41713899999996,37.739121000000068],[-122.41777899999994,37.73918400000008],[-122.41846099999998,37.739249000000029],[-122.41858399999995,37.739297000000079],[-122.41916499999996,37.739533000000051],[-122.41956599999997,37.739696000000038],[-122.41971999999998,37.739759000000049],[-122.42027499999995,37.739985000000047],[-122.42085599999996,37.740221000000076],[-122.42174199999999,37.740581000000077],[-122.42284099999995,37.741027000000031],[-122.42308999999995,37.740642000000037],[-122.42357999999996,37.739884000000075],[-122.42414699999995,37.739869000000056],[-122.42427599999996,37.739784000000043],[-122.42448499999995,37.73899300000005],[-122.42472399999997,37.738431000000048],[-122.42495099999996,37.738063000000068],[-122.42508199999997,37.737851000000035],[-122.42528599999997,37.737640000000056],[-122.42559799999998,37.737317000000075],[-122.42616599999997,37.736835000000042],[-122.42665899999997,37.736418000000072],[-122.42672199999998,37.736372000000074],[-122.42654499999998,37.73626900000005],[-122.42620899999997,37.736074000000031],[-122.42459499999995,37.735944000000075],[-122.42446599999994,37.736061000000063],[-122.42326399999996,37.735965000000078],[-122.42315199999996,37.735928000000058],[-122.42268799999999,37.735205000000065],[-122.42260199999998,37.735177000000078],[-122.42227199999996,37.735160000000064],[-122.42212099999995,37.735153000000025]]]},"properties":{"OBJECTID":152,"STATEFP10":"06","COUNTYFP10":"075","TRACTCE10":"025401","GEOID10":"06075025401","NAME10":"254.01","NAMELSAD10":"Census Tract 254.01","MTFCC10":"G5020","FUNCSTAT10":"S","ALAND10":363667,"AWATER10":12207,"INTPTLAT10":"+37.7396295","INTPTLON10":"-122.4224695","OBJECTID_1":2449,"trctidfp10":"06075025401","stcou":"06075","pdenied":1.1644833087921143,"JOINID":"06075025401","STCOU_TXT":"06075","Shape_Length":0.029040187056637811,"Shape_Area":3.8420138500018855e-05}},{"type":"Feature","id":153,"geometry":{"type":"Polygon","coordinates":[[[-122.42487999999997,37.728699000000063],[-122.42528999999996,37.728677000000062],[-122.42596399999996,37.728641000000039],[-122.42642299999994,37.728617000000042],[-122.42757999999998,37.728566000000058],[-122.42820899999998,37.728545000000054],[-122.42866699999996,37.728534000000025],[-122.43038999999999,37.728547000000049],[-122.43129399999998,37.728730000000041],[-122.43180099999995,37.728249000000062],[-122.43236299999995,37.727717000000041],[-122.43244699999997,37.727637000000072],[-122.43176699999998,37.727311000000043],[-122.43096499999996,37.726926000000049],[-122.43016999999998,37.726544000000047],[-122.43007999999998,37.72666300000003],[-122.42927999999995,37.726282000000026],[-122.42848199999997,37.725901000000079],[-122.42768399999994,37.725520000000074],[-122.42691199999996,37.725151000000039],[-122.42807399999998,37.723591000000056],[-122.42725299999995,37.723200000000077],[-122.42646799999994,37.722826000000055],[-122.42564999999996,37.722435000000075],[-122.42523899999998,37.722240000000056],[-122.42484799999994,37.722053000000074],[-122.42380699999995,37.723691000000031],[-122.42282999999998,37.723944000000074],[-122.42184699999996,37.724199000000056],[-122.42234299999996,37.725395000000049],[-122.42283999999995,37.726597000000027],[-122.42312199999998,37.727277000000072],[-122.42333599999995,37.727792000000079],[-122.42350899999997,37.728207000000054],[-122.42373999999995,37.728760000000079],[-122.42419899999999,37.728736000000026],[-122.42487999999997,37.728699000000063]]]},"properties":{"OBJECTID":153,"STATEFP10":"06","COUNTYFP10":"075","TRACTCE10":"026002","GEOID10":"06075026002","NAME10":"260.02","NAMELSAD10":"Census Tract 260.02","MTFCC10":"G5020","FUNCSTAT10":"S","ALAND10":357861,"AWATER10":0,"INTPTLAT10":"+37.7261197","INTPTLON10":"-122.4262823","OBJECTID_1":2459,"trctidfp10":"06075026002","stcou":"06075","pdenied":0.79365086555480957,"JOINID":"06075026002","STCOU_TXT":"06075","Shape_Length":0.029774683092256497,"Shape_Area":3.6573006999935832e-05}},{"type":"Feature","id":154,"geometry":{"type":"Polygon","coordinates":[[[-122.42227199999996,37.735160000000064],[-122.42260199999998,37.735177000000078],[-122.42268799999999,37.735205000000065],[-122.42315199999996,37.735928000000058],[-122.42326399999996,37.735965000000078],[-122.42446599999994,37.736061000000063],[-122.42459499999995,37.735944000000075],[-122.42620899999997,37.736074000000031],[-122.42654499999998,37.73626900000005],[-122.42672199999998,37.736372000000074],[-122.42787399999997,37.735537000000079],[-122.42801699999995,37.73544400000003],[-122.42857299999997,37.735082000000034],[-122.42843699999997,37.734951000000081],[-122.42835399999996,37.734915000000058],[-122.42783899999995,37.734694000000047],[-122.42740099999997,37.734507000000065],[-122.42611499999998,37.73395400000004],[-122.42617499999994,37.73393800000008],[-122.42637499999995,37.733736000000079],[-122.42639099999997,37.733675000000062],[-122.42733799999996,37.732721000000026],[-122.42803799999996,37.732016000000044],[-122.42734299999995,37.731868000000077],[-122.42711899999995,37.731826000000069],[-122.42639099999997,37.731690000000071],[-122.42610399999995,37.731651000000056],[-122.42556299999995,37.731579000000067],[-122.42498599999999,37.731560000000059],[-122.42464499999994,37.73154900000003],[-122.42455399999994,37.73154900000003],[-122.42398199999997,37.731552000000079],[-122.42391999999995,37.731553000000076],[-122.42281999999994,37.731641000000025],[-122.42170299999998,37.73180700000006],[-122.42127899999997,37.731869000000074],[-122.421134,37.731891000000076],[-122.42035799999996,37.732006000000069],[-122.41946399999995,37.732060000000047],[-122.41846099999998,37.732060000000047],[-122.41739199999995,37.732050000000072],[-122.41665699999999,37.732013000000052],[-122.41593899999998,37.732072000000073],[-122.41545899999994,37.732164000000068],[-122.41511499999996,37.732230000000072],[-122.41438799999997,37.732417000000055],[-122.41378399999996,37.732672000000036],[-122.41343699999999,37.732837000000075],[-122.41208499999999,37.733457000000044],[-122.41147299999994,37.733786000000066],[-122.40994999999998,37.734715000000051],[-122.40979799999997,37.73482800000005],[-122.40986499999997,37.734904000000029],[-122.41034399999995,37.734621000000061],[-122.41051299999998,37.734592000000077],[-122.41082999999998,37.734733000000062],[-122.41116599999998,37.735072000000059],[-122.41182599999996,37.734638000000075],[-122.41244699999999,37.734670000000051],[-122.41282599999994,37.734688000000062],[-122.41306899999995,37.73470100000003],[-122.41368899999998,37.734732000000065],[-122.41431299999999,37.734763000000044],[-122.41493499999996,37.734794000000079],[-122.41555399999999,37.734825000000058],[-122.41617199999996,37.734856000000036],[-122.41682399999996,37.734888000000069],[-122.41675999999995,37.735605000000078],[-122.42016299999995,37.735777000000041],[-122.42022399999996,37.735058000000038],[-122.42186099999998,37.735140000000058],[-122.42212099999995,37.735153000000025],[-122.42227199999996,37.735160000000064]]]},"properties":{"OBJECTID":154,"STATEFP10":"06","COUNTYFP10":"075","TRACTCE10":"025403","GEOID10":"06075025403","NAME10":"254.03","NAMELSAD10":"Census Tract 254.03","MTFCC10":"G5020","FUNCSTAT10":"S","ALAND10":519270,"AWATER10":0,"INTPTLAT10":"+37.7337691","INTPTLON10":"-122.4205619","OBJECTID_1":2451,"trctidfp10":"06075025403","stcou":"06075","pdenied":0.40000000596046448,"JOINID":"06075025403","STCOU_TXT":"06075","Shape_Length":0.046016617570104064,"Shape_Area":5.3074744999938937e-05}},{"type":"Feature","id":155,"geometry":{"type":"Polygon","coordinates":[[[-122.42243899999994,37.744759000000045],[-122.42270599999995,37.744040000000041],[-122.42266899999998,37.743942000000061],[-122.42276299999997,37.743855000000053],[-122.42304299999995,37.743114000000048],[-122.42330199999998,37.74242600000008],[-122.42328599999996,37.74229500000007],[-122.42340299999995,37.742203000000075],[-122.42362099999997,37.741671000000053],[-122.42394199999995,37.740889000000038],[-122.42403599999994,37.740658000000053],[-122.42404799999997,37.740630000000067],[-122.42413699999997,37.74033600000007],[-122.42425799999995,37.73993500000006],[-122.42414699999995,37.739869000000056],[-122.42357999999996,37.739884000000075],[-122.42308999999995,37.740642000000037],[-122.42284099999995,37.741027000000031],[-122.42174199999999,37.740581000000077],[-122.42085599999996,37.740221000000076],[-122.42027499999995,37.739985000000047],[-122.41971999999998,37.739759000000049],[-122.41956599999997,37.739696000000038],[-122.41916499999996,37.739533000000051],[-122.41858399999995,37.739297000000079],[-122.41776999999996,37.740564000000063],[-122.41834699999998,37.740789000000063],[-122.41883399999995,37.740983000000028],[-122.41875199999998,37.741180000000043],[-122.41849399999995,37.741592000000026],[-122.41841799999997,37.741663000000074],[-122.41798799999998,37.742351000000042],[-122.41792899999996,37.74248700000004],[-122.41763599999996,37.742935000000045],[-122.41756899999996,37.743011000000024],[-122.41742199999999,37.743223000000057],[-122.41610299999996,37.745253000000048],[-122.41655899999995,37.745439000000033],[-122.41723999999999,37.745718000000068],[-122.41763999999995,37.745882000000051],[-122.41782299999994,37.745957000000033],[-122.41828499999997,37.746694000000048],[-122.41912099999996,37.746775000000071],[-122.41822099999996,37.748166000000026],[-122.41835699999996,37.748198000000059],[-122.41917099999995,37.74817900000005],[-122.42013899999995,37.748157000000049],[-122.42027899999999,37.748125000000073],[-122.42046999999997,37.748161000000039],[-122.42129899999998,37.748143000000027],[-122.42139299999997,37.748124000000075],[-122.42138499999999,37.74803200000008],[-122.42132799999996,37.747442000000035],[-122.42140599999999,37.747231000000056],[-122.42170399999998,37.746412000000078],[-122.42191799999995,37.745826000000079],[-122.42221799999999,37.745579000000077],[-122.42228299999999,37.745482000000038],[-122.42227599999995,37.745348000000035],[-122.42229299999997,37.745184000000052],[-122.42236899999995,37.744959000000051],[-122.42243899999994,37.744759000000045]]]},"properties":{"OBJECTID":155,"STATEFP10":"06","COUNTYFP10":"075","TRACTCE10":"025300","GEOID10":"06075025300","NAME10":"253","NAMELSAD10":"Census Tract 253","MTFCC10":"G5020","FUNCSTAT10":"S","ALAND10":383733,"AWATER10":0,"INTPTLAT10":"+37.7437059","INTPTLON10":"-122.4201527","OBJECTID_1":2448,"trctidfp10":"06075025300","stcou":"06075","pdenied":0.89730805158615112,"JOINID":"06075025300","STCOU_TXT":"06075","Shape_Length":0.031684123430360971,"Shape_Area":3.9226641499973137e-05}},{"type":"Feature","id":156,"geometry":{"type":"Polygon","coordinates":[[[-122.41366899999997,37.748255000000029],[-122.41381799999999,37.748292000000049],[-122.41482599999995,37.74827300000004],[-122.41491899999994,37.748231000000033],[-122.41502599999995,37.748267000000055],[-122.41572799999994,37.748255000000029],[-122.41586299999994,37.74821200000008],[-122.41600899999997,37.748251000000039],[-122.41804699999994,37.748211000000026],[-122.41822099999996,37.748166000000026],[-122.41912099999996,37.746775000000071],[-122.41828499999997,37.746694000000048],[-122.41782299999994,37.745957000000033],[-122.41763999999995,37.745882000000051],[-122.41723999999999,37.745718000000068],[-122.41655899999995,37.745439000000033],[-122.41610299999996,37.745253000000048],[-122.41742199999999,37.743223000000057],[-122.41756899999996,37.743011000000024],[-122.41763599999996,37.742935000000045],[-122.41792899999996,37.74248700000004],[-122.41798799999998,37.742351000000042],[-122.41841799999997,37.741663000000074],[-122.41849399999995,37.741592000000026],[-122.41875199999998,37.741180000000043],[-122.41883399999995,37.740983000000028],[-122.41834699999998,37.740789000000063],[-122.41776999999996,37.740564000000063],[-122.41858399999995,37.739297000000079],[-122.41846099999998,37.739249000000029],[-122.41777899999994,37.73918400000008],[-122.41713899999996,37.739121000000068],[-122.41651999999999,37.739062000000047],[-122.41589899999997,37.739002000000028],[-122.41518399999995,37.738933000000031],[-122.41466599999995,37.738883000000044],[-122.41455899999994,37.738881000000049],[-122.41393799999997,37.738930000000039],[-122.41331199999996,37.738982000000078],[-122.41318599999994,37.738998000000038],[-122.41265699999997,37.739311000000043],[-122.41199199999994,37.739710000000059],[-122.41174799999999,37.739854000000037],[-122.41136999999998,37.739831000000038],[-122.41073299999999,37.739792000000079],[-122.41050699999994,37.739779000000055],[-122.41036499999996,37.741362000000038],[-122.41073199999994,37.741381000000047],[-122.41071799999997,37.74156000000005],[-122.41069799999997,37.74182200000007],[-122.41066899999998,37.742192000000045],[-122.41066199999995,37.742424000000028],[-122.41061199999996,37.74242600000008],[-122.41043099999996,37.742458000000056],[-122.41023399999995,37.742546000000061],[-122.40998899999994,37.742772000000059],[-122.40996799999999,37.743050000000039],[-122.40962499999995,37.743071000000043],[-122.40948499999996,37.74303100000003],[-122.40937799999995,37.742923000000076],[-122.40936099999999,37.74326300000007],[-122.40946699999995,37.743255000000033],[-122.40974499999999,37.743290000000059],[-122.40985699999999,37.743338000000051],[-122.40999099999999,37.743442000000073],[-122.41022299999997,37.743622000000073],[-122.41033799999997,37.743749000000037],[-122.41038899999995,37.74432500000006],[-122.41044099999999,37.744918000000041],[-122.41047399999997,37.745298000000048],[-122.41049799999996,37.745571000000041],[-122.41056499999996,37.746323000000075],[-122.41061899999994,37.746941000000049],[-122.41058899999996,37.747137000000066],[-122.41049499999997,37.74735400000003],[-122.41046099999994,37.747430000000065],[-122.41054599999995,37.748317000000043],[-122.41065399999997,37.74836300000004],[-122.41134599999998,37.748344000000031],[-122.41148399999997,37.748298000000034],[-122.41162799999995,37.748341000000039],[-122.41258899999997,37.74832200000003],[-122.41353599999997,37.748304000000076],[-122.41366899999997,37.748255000000029]]]},"properties":{"OBJECTID":156,"STATEFP10":"06","COUNTYFP10":"075","TRACTCE10":"025200","GEOID10":"06075025200","NAME10":"252","NAMELSAD10":"Census Tract 252","MTFCC10":"G5020","FUNCSTAT10":"S","ALAND10":656575,"AWATER10":0,"INTPTLAT10":"+37.7437089","INTPTLON10":"-122.4142164","OBJECTID_1":2447,"trctidfp10":"06075025200","stcou":"06075","pdenied":0.71013557910919189,"JOINID":"06075025200","STCOU_TXT":"06075","Shape_Length":0.039846935444177757,"Shape_Area":6.711736149999193e-05}},{"type":"Feature","id":157,"geometry":{"type":"Polygon","coordinates":[[[-122.40691099999998,37.737966000000029],[-122.40686799999997,37.738144000000034],[-122.40691599999997,37.738456000000042],[-122.40694499999995,37.738694000000066],[-122.40693699999997,37.739088000000038],[-122.40692899999999,37.739207000000079],[-122.40692699999994,37.739234000000067],[-122.40691099999998,37.739430000000027],[-122.40697899999998,37.739566000000025],[-122.40705199999996,37.739706000000069],[-122.40700499999997,37.74024200000008],[-122.40691399999997,37.740763000000072],[-122.40653299999997,37.741439000000071],[-122.40583799999996,37.742392000000052],[-122.40574399999997,37.742521000000067],[-122.40540499999997,37.742985000000033],[-122.40524199999999,37.743051000000037],[-122.40521399999994,37.743247000000054],[-122.40489599999995,37.743692000000067],[-122.40458999999998,37.744126000000051],[-122.40452699999997,37.744298000000072],[-122.40418499999998,37.745237000000031],[-122.40420299999994,37.745484000000033],[-122.40422799999999,37.745568000000048],[-122.40425699999997,37.745665000000031],[-122.40431499999994,37.745930000000044],[-122.40428999999995,37.745961000000079],[-122.40416899999997,37.746110000000044],[-122.40406399999995,37.746253000000024],[-122.40392399999996,37.746594000000073],[-122.40371199999998,37.747202000000073],[-122.40366199999994,37.747412000000054],[-122.40356099999997,37.74776200000008],[-122.40361799999999,37.748121000000026],[-122.40373599999998,37.748385000000042],[-122.40389699999997,37.748429000000044],[-122.40378099999998,37.748801000000071],[-122.40361299999995,37.749337000000025],[-122.40356899999995,37.749475000000075],[-122.40359299999994,37.749472000000026],[-122.40378399999997,37.749433000000067],[-122.40430599999996,37.749319000000071],[-122.40477699999997,37.749217000000044],[-122.40480999999994,37.749210000000062],[-122.40480799999995,37.749235000000056],[-122.40488699999997,37.749213000000054],[-122.40502499999997,37.749178000000029],[-122.40509199999997,37.749154000000033],[-122.40523899999999,37.749125000000049],[-122.40550099999996,37.749081000000047],[-122.40568199999996,37.749044000000026],[-122.40631199999996,37.748939000000064],[-122.40649899999994,37.74888500000003],[-122.40672799999999,37.748819000000026],[-122.40675799999997,37.748766000000046],[-122.40689199999997,37.748772000000031],[-122.40715199999994,37.74868500000008],[-122.40777399999996,37.748475000000042],[-122.40788199999997,37.748405000000048],[-122.40806999999995,37.748398000000066],[-122.40860399999997,37.748402000000056],[-122.408706,37.748353000000066],[-122.40885399999996,37.748397000000068],[-122.40954699999998,37.748385000000042],[-122.40964599999995,37.748334000000057],[-122.40974899999998,37.748380000000054],[-122.41044899999997,37.748365000000035],[-122.41054599999995,37.748317000000043],[-122.41046099999994,37.747430000000065],[-122.41049499999997,37.74735400000003],[-122.41058899999996,37.747137000000066],[-122.41061899999994,37.746941000000049],[-122.41056499999996,37.746323000000075],[-122.41049799999996,37.745571000000041],[-122.41047399999997,37.745298000000048],[-122.41044099999999,37.744918000000041],[-122.41038899999995,37.74432500000006],[-122.41033799999997,37.743749000000037],[-122.41022299999997,37.743622000000073],[-122.40999099999999,37.743442000000073],[-122.40985699999999,37.743338000000051],[-122.40974499999999,37.743290000000059],[-122.40946699999995,37.743255000000033],[-122.40936099999999,37.74326300000007],[-122.40937799999995,37.742923000000076],[-122.40948499999996,37.74303100000003],[-122.40962499999995,37.743071000000043],[-122.40996799999999,37.743050000000039],[-122.40998899999994,37.742772000000059],[-122.41023399999995,37.742546000000061],[-122.41043099999996,37.742458000000056],[-122.41061199999996,37.74242600000008],[-122.41066199999995,37.742424000000028],[-122.41066899999998,37.742192000000045],[-122.41069799999997,37.74182200000007],[-122.41071799999997,37.74156000000005],[-122.41073199999994,37.741381000000047],[-122.41036499999996,37.741362000000038],[-122.41050699999994,37.739779000000055],[-122.41011499999996,37.739755000000059],[-122.41019099999994,37.738923000000057],[-122.41026399999998,37.73812300000003],[-122.41037699999998,37.736894000000063],[-122.40976199999994,37.736858000000041],[-122.40913799999998,37.736823000000072],[-122.40899299999995,37.73682800000006],[-122.40885399999996,37.736831000000052],[-122.40878999999995,37.736997000000031],[-122.40868399999999,37.737234000000058],[-122.40846499999998,37.737489000000039],[-122.40821699999998,37.73761200000007],[-122.40812499999998,37.73765700000007],[-122.40798699999999,37.73770600000006],[-122.40785099999999,37.73775500000005],[-122.40778899999998,37.737777000000051],[-122.40768499999996,37.737806000000035],[-122.40765799999997,37.737813000000074],[-122.40755399999995,37.73783700000007],[-122.40710299999995,37.737966000000029],[-122.40691099999998,37.737966000000029]]]},"properties":{"OBJECTID":157,"STATEFP10":"06","COUNTYFP10":"075","TRACTCE10":"025100","GEOID10":"06075025100","NAME10":"251","NAMELSAD10":"Census Tract 251","MTFCC10":"G5020","FUNCSTAT10":"S","ALAND10":556586,"AWATER10":0,"INTPTLAT10":"+37.7439369","INTPTLON10":"-122.4076735","OBJECTID_1":2446,"trctidfp10":"06075025100","stcou":"06075","pdenied":1.0566762685775757,"JOINID":"06075025100","STCOU_TXT":"06075","Shape_Length":0.038039843995582232,"Shape_Area":5.689702799987982e-05}},{"type":"Feature","id":158,"geometry":{"type":"Polygon","coordinates":[[[-122.38419099999999,37.722662000000071],[-122.38423899999998,37.72268500000007],[-122.38451699999996,37.722862000000077],[-122.38520999999997,37.723088000000075],[-122.38613899999996,37.723583000000076],[-122.38679999999999,37.723987000000079],[-122.38726999999994,37.724282000000073],[-122.38736199999994,37.724393000000077],[-122.38792999999998,37.724729000000025],[-122.38980099999998,37.725791000000072],[-122.39166999999998,37.726851000000067],[-122.39323299999995,37.727733000000057],[-122.39333999999997,37.727660000000071],[-122.39358099999998,37.727122000000065],[-122.39356999999995,37.726980000000026],[-122.39367799999997,37.726905000000045],[-122.39391099999995,37.72638500000005],[-122.39390299999997,37.726237000000026],[-122.39401299999997,37.726157000000057],[-122.39414699999998,37.725859000000071],[-122.39425299999999,37.725621000000046],[-122.39424299999996,37.725476000000072],[-122.39435199999997,37.725408000000073],[-122.39469199999996,37.72466200000008],[-122.39495099999999,37.724096000000031],[-122.39492599999994,37.723973000000058],[-122.39506399999999,37.723870000000034],[-122.39529699999997,37.723360000000071],[-122.39526499999999,37.723222000000078],[-122.39540599999998,37.723122000000046],[-122.39565399999998,37.722578000000055],[-122.39562299999994,37.722432000000026],[-122.39574599999997,37.722326000000066],[-122.39597699999996,37.721820000000037],[-122.39594399999999,37.721716000000072],[-122.39604799999995,37.721635000000049],[-122.39629699999995,37.721081000000027],[-122.39627299999995,37.720982000000049],[-122.39638399999995,37.72091400000005],[-122.39646299999998,37.720740000000035],[-122.39663599999994,37.720364000000075],[-122.39661699999999,37.720231000000069],[-122.39543099999997,37.719558000000063],[-122.39354499999996,37.718487000000039],[-122.39261299999998,37.717959000000064],[-122.39238899999998,37.717886000000078],[-122.39159899999999,37.717526000000078],[-122.39114099999995,37.71804000000003],[-122.39020499999998,37.717498000000035],[-122.38927799999999,37.716961000000026],[-122.38913599999995,37.716879000000063],[-122.38813099999999,37.716298000000052],[-122.38791199999997,37.716328000000033],[-122.38684999999998,37.717509000000064],[-122.38626499999998,37.717179000000044],[-122.38569699999999,37.717797000000076],[-122.38515699999999,37.71840700000007],[-122.38415599999996,37.719521000000043],[-122.38408599999997,37.719667000000072],[-122.38364699999994,37.720413000000065],[-122.38281999999998,37.721872000000076],[-122.38287699999995,37.721937000000025],[-122.38292299999995,37.721969000000058],[-122.38301299999995,37.722015000000056],[-122.38312399999995,37.722059000000058],[-122.38319799999999,37.722079000000065],[-122.38325799999996,37.722104000000058],[-122.38332999999994,37.722153000000048],[-122.38342099999994,37.722192000000064],[-122.38349199999999,37.722252000000026],[-122.38356999999996,37.722303000000068],[-122.38365899999997,37.722335000000044],[-122.38371299999994,37.722370000000069],[-122.38374199999998,37.72239600000006],[-122.38380299999994,37.722439000000065],[-122.38388499999996,37.722479000000078],[-122.38399199999998,37.722561000000042],[-122.38405299999999,37.722595000000069],[-122.38419099999999,37.722662000000071]]]},"properties":{"OBJECTID":158,"STATEFP10":"06","COUNTYFP10":"075","TRACTCE10":"023400","GEOID10":"06075023400","NAME10":"234","NAMELSAD10":"Census Tract 234","MTFCC10":"G5020","FUNCSTAT10":"S","ALAND10":853819,"AWATER10":0,"INTPTLAT10":"+37.7215929","INTPTLON10":"-122.3900882","OBJECTID_1":2445,"trctidfp10":"06075023400","stcou":"06075","pdenied":1.8083182573318481,"JOINID":"06075023400","STCOU_TXT":"06075","Shape_Length":0.038811098908776723,"Shape_Area":8.7254699000090952e-05}},{"type":"Feature","id":159,"geometry":{"type":"Polygon","coordinates":[[[-122.39356999999995,37.726980000000026],[-122.39358099999998,37.727122000000065],[-122.39333999999997,37.727660000000071],[-122.39323299999995,37.727733000000057],[-122.39324399999998,37.72787500000004],[-122.39298499999995,37.728454000000056],[-122.39289899999994,37.728490000000079],[-122.39293299999997,37.728607000000068],[-122.39273699999995,37.729161000000033],[-122.39262499999995,37.729278000000079],[-122.39358199999998,37.729399000000058],[-122.39447899999999,37.729527000000076],[-122.39488599999999,37.729584000000045],[-122.39537699999994,37.729654000000039],[-122.39601399999998,37.729745000000037],[-122.39640899999995,37.729801000000066],[-122.39696899999996,37.729880000000037],[-122.39717699999994,37.729910000000075],[-122.39738999999997,37.729940000000056],[-122.39807399999995,37.730037000000038],[-122.39896999999996,37.730165000000056],[-122.39986699999997,37.730292000000077],[-122.40027399999997,37.729838000000029],[-122.40083399999997,37.729211000000078],[-122.40139499999998,37.728584000000069],[-122.40195499999999,37.72795700000006],[-122.40210499999995,37.727790000000027],[-122.40187499999996,37.726965000000064],[-122.40182199999998,37.726775000000032],[-122.40147099999996,37.725516000000027],[-122.40118299999995,37.72458800000004],[-122.40078499999998,37.72361600000005],[-122.40038199999998,37.72263300000003],[-122.39992499999994,37.721517000000063],[-122.39992199999995,37.721460000000036],[-122.39973799999996,37.721006000000045],[-122.39968099999999,37.720864000000063],[-122.39946399999997,37.720330000000047],[-122.39937699999996,37.720005000000072],[-122.39938699999999,37.719882000000041],[-122.39912499999997,37.719730000000027],[-122.39908899999995,37.719572000000028],[-122.39896699999997,37.719030000000032],[-122.39889799999997,37.718808000000024],[-122.39886299999995,37.718683000000055],[-122.39881199999996,37.718511000000035],[-122.39865999999995,37.718153000000029],[-122.39854899999995,37.717859000000033],[-122.39851499999997,37.71766400000007],[-122.39843399999995,37.717740000000049],[-122.39802899999995,37.718204000000071],[-122.39798099999996,37.71817800000008],[-122.39749399999999,37.718728000000056],[-122.39747899999998,37.718834000000072],[-122.39747099999994,37.718941000000029],[-122.39707299999998,37.719381000000055],[-122.39695399999999,37.71947700000004],[-122.39697499999994,37.719608000000051],[-122.39673399999998,37.720139000000074],[-122.39661699999999,37.720231000000069],[-122.39663599999994,37.720364000000075],[-122.39646299999998,37.720740000000035],[-122.39638399999995,37.72091400000005],[-122.39627299999995,37.720982000000049],[-122.39629699999995,37.721081000000027],[-122.39604799999995,37.721635000000049],[-122.39594399999999,37.721716000000072],[-122.39597699999996,37.721820000000037],[-122.39574599999997,37.722326000000066],[-122.39562299999994,37.722432000000026],[-122.39565399999998,37.722578000000055],[-122.39540599999998,37.723122000000046],[-122.39526499999999,37.723222000000078],[-122.39529699999997,37.723360000000071],[-122.39506399999999,37.723870000000034],[-122.39492599999994,37.723973000000058],[-122.39495099999999,37.724096000000031],[-122.39469199999996,37.72466200000008],[-122.39435199999997,37.725408000000073],[-122.39424299999996,37.725476000000072],[-122.39425299999999,37.725621000000046],[-122.39414699999998,37.725859000000071],[-122.39401299999997,37.726157000000057],[-122.39390299999997,37.726237000000026],[-122.39391099999995,37.72638500000005],[-122.39367799999997,37.726905000000045],[-122.39356999999995,37.726980000000026]]]},"properties":{"OBJECTID":159,"STATEFP10":"06","COUNTYFP10":"075","TRACTCE10":"023300","GEOID10":"06075023300","NAME10":"233","NAMELSAD10":"Census Tract 233","MTFCC10":"G5020","FUNCSTAT10":"S","ALAND10":636655,"AWATER10":0,"INTPTLAT10":"+37.7254139","INTPTLON10":"-122.3977689","OBJECTID_1":2444,"trctidfp10":"06075023300","stcou":"06075","pdenied":1.5974441766738892,"JOINID":"06075023300","STCOU_TXT":"06075","Shape_Length":0.035211728085102187,"Shape_Area":6.5065035000049897e-05}},{"type":"Feature","id":160,"geometry":{"type":"Polygon","coordinates":[[[-122.37881699999997,37.727119000000073],[-122.37969699999996,37.727618000000064],[-122.37999199999996,37.72778500000004],[-122.38156399999997,37.728678000000059],[-122.38343099999997,37.729738000000054],[-122.38528699999995,37.730791000000067],[-122.38716699999998,37.731857000000048],[-122.38903499999998,37.732919000000038],[-122.39096799999999,37.734014000000059],[-122.39106699999996,37.733933000000036],[-122.39115399999997,37.733686000000034],[-122.39126399999998,37.733370000000036],[-122.39124399999997,37.733223000000066],[-122.39134299999995,37.733144000000038],[-122.39153999999996,37.732581000000039],[-122.39152099999995,37.732432000000074],[-122.39164,37.732295000000079],[-122.39181999999994,37.731781000000069],[-122.39179699999994,37.731644000000074],[-122.39189899999997,37.731555000000071],[-122.39211099999994,37.730950000000064],[-122.39207299999998,37.730855000000076],[-122.39214899999996,37.730822000000046],[-122.39219199999997,37.730697000000077],[-122.39214699999997,37.730642000000046],[-122.39224099999996,37.730577000000039],[-122.39237199999997,37.730203000000074],[-122.39234899999997,37.730067000000076],[-122.39245299999999,37.729972000000032],[-122.39266099999998,37.729376000000059],[-122.39262499999995,37.729278000000079],[-122.39273699999995,37.729161000000033],[-122.39293299999997,37.728607000000068],[-122.39289899999994,37.728490000000079],[-122.39298499999995,37.728454000000056],[-122.39324399999998,37.72787500000004],[-122.39323299999995,37.727733000000057],[-122.39166999999998,37.726851000000067],[-122.38980099999998,37.725791000000072],[-122.38792999999998,37.724729000000025],[-122.38736199999994,37.724393000000077],[-122.38726999999994,37.724282000000073],[-122.38679999999999,37.723987000000079],[-122.38613899999996,37.723583000000076],[-122.38520999999997,37.723088000000075],[-122.38451699999996,37.722862000000077],[-122.38460499999997,37.722938000000056],[-122.38463799999994,37.722952000000078],[-122.38467799999995,37.722997000000078],[-122.38471699999997,37.723031000000049],[-122.38484299999999,37.72309400000006],[-122.38496499999997,37.723165000000051],[-122.38503299999996,37.723198000000025],[-122.38510099999996,37.723213000000044],[-122.385201,37.723242000000027],[-122.38527799999997,37.723279000000048],[-122.38534899999996,37.723308000000031],[-122.38540899999998,37.723344000000054],[-122.38544599999994,37.723361000000068],[-122.38549899999998,37.723365000000058],[-122.38557999999995,37.723402000000078],[-122.38569299999995,37.723474000000067],[-122.38571699999994,37.723483000000044],[-122.38573599999995,37.723505000000046],[-122.38575999999995,37.723521000000062],[-122.38585999999998,37.723556000000031],[-122.38588099999998,37.723587000000066],[-122.38591299999996,37.723614000000055],[-122.38605099999995,37.723663000000045],[-122.38654399999996,37.723940000000027],[-122.38659999999999,37.723979000000043],[-122.38674799999995,37.724067000000048],[-122.38690499999996,37.724141000000031],[-122.38692799999995,37.724171000000069],[-122.38693599999999,37.724245000000053],[-122.38692599999996,37.724270000000047],[-122.38689899999997,37.724289000000056],[-122.38679999999999,37.724305000000072],[-122.38677399999995,37.724318000000039],[-122.38675499999999,37.72434700000008],[-122.38670599999995,37.724390000000028],[-122.38663699999995,37.724426000000051],[-122.38648499999999,37.724465000000066],[-122.38638799999995,37.724478000000033],[-122.38624599999997,37.724474000000043],[-122.38618499999995,37.724463000000071],[-122.38612999999998,37.724439000000075],[-122.38608899999997,37.724407000000042],[-122.38602799999995,37.724380000000053],[-122.38596599999994,37.724358000000052],[-122.38591899999994,37.724322000000029],[-122.38585299999994,37.724281000000076],[-122.38574699999998,37.724243000000058],[-122.38567499999999,37.724204000000043],[-122.38561099999998,37.724145000000078],[-122.38558199999994,37.724135000000047],[-122.38554899999997,37.724140000000034],[-122.38545899999997,37.724152000000061],[-122.38539699999995,37.724155000000053],[-122.38533199999995,37.724145000000078],[-122.38526799999994,37.72411900000003],[-122.38520799999998,37.724102000000073],[-122.38514099999998,37.724101000000076],[-122.38508699999994,37.724113000000045],[-122.38504999999998,37.724113000000045],[-122.38502399999999,37.724098000000026],[-122.38500599999998,37.724063000000058],[-122.38497399999994,37.724024000000043],[-122.38492899999994,37.723950000000059],[-122.38488299999995,37.723903000000064],[-122.38485199999997,37.723903000000064],[-122.38482999999997,37.723897000000079],[-122.38478999999995,37.723875000000078],[-122.38475999999997,37.723839000000055],[-122.38472099999996,37.723801000000037],[-122.38465199999996,37.723767000000066],[-122.38459499999999,37.723728000000051],[-122.38454999999999,37.723677000000066],[-122.38450599999999,37.723639000000048],[-122.38441699999998,37.723596000000043],[-122.38436399999995,37.723545000000058],[-122.38428899999997,37.723507000000041],[-122.38418899999999,37.723479000000054],[-122.38393499999995,37.723452000000066],[-122.38391399999995,37.723444000000029],[-122.38389399999994,37.72342100000003],[-122.38387299999999,37.723348000000044],[-122.38385799999998,37.723272000000065],[-122.38384999999994,37.723255000000051],[-122.38382299999995,37.723195000000032],[-122.38380299999994,37.723186000000055],[-122.38376199999999,37.723193000000038],[-122.38373699999994,37.72318400000006],[-122.38373199999995,37.723166000000049],[-122.38371199999995,37.723156000000074],[-122.38368199999996,37.723132000000078],[-122.38364799999999,37.723058000000037],[-122.38361199999997,37.723027000000059],[-122.38335399999994,37.722913000000062],[-122.38326399999994,37.722863000000075],[-122.38318499999997,37.722801000000061],[-122.38311099999999,37.722758000000056],[-122.38303899999994,37.722731000000067],[-122.38298799999995,37.722705000000076],[-122.38294799999994,37.722669000000053],[-122.38292499999994,37.722634000000028],[-122.38285499999995,37.722626000000048],[-122.38276299999995,37.722575000000063],[-122.38264199999998,37.722502000000077],[-122.38259399999998,37.722470000000044],[-122.38258599999995,37.722422000000051],[-122.38256499999994,37.72239600000006],[-122.38253299999997,37.722381000000041],[-122.38247999999999,37.722380000000044],[-122.38245099999995,37.722372000000064],[-122.38241699999998,37.722337000000039],[-122.38237499999997,37.722309000000052],[-122.38232499999998,37.722295000000031],[-122.38226499999996,37.722284000000059],[-122.38217599999996,37.722246000000041],[-122.38142499999998,37.722834000000034],[-122.38078699999994,37.723388000000057],[-122.38014899999996,37.723959000000036],[-122.37951099999998,37.724677000000042],[-122.37895099999997,37.725304000000051],[-122.37839199999996,37.725932000000057],[-122.37783299999995,37.726560000000063],[-122.37881699999997,37.727119000000073]]]},"properties":{"OBJECTID":160,"STATEFP10":"06","COUNTYFP10":"075","TRACTCE10":"023200","GEOID10":"06075023200","NAME10":"232","NAMELSAD10":"Census Tract 232","MTFCC10":"G5020","FUNCSTAT10":"S","ALAND10":854800,"AWATER10":0,"INTPTLAT10":"+37.7277547","INTPTLON10":"-122.3861386","OBJECTID_1":2443,"trctidfp10":"06075023200","stcou":"06075","pdenied":1.5384615659713745,"JOINID":"06075023200","STCOU_TXT":"06075","Shape_Length":0.046841605765986984,"Shape_Area":8.7362338499925946e-05}},{"type":"Feature","id":161,"geometry":{"type":"Polygon","coordinates":[[[-122.41282599999994,37.734688000000062],[-122.41244699999999,37.734670000000051],[-122.41182599999996,37.734638000000075],[-122.41116599999998,37.735072000000059],[-122.41082999999998,37.734733000000062],[-122.41051299999998,37.734592000000077],[-122.41034399999995,37.734621000000061],[-122.40986499999997,37.734904000000029],[-122.40979799999997,37.73482800000005],[-122.40950499999997,37.735044000000073],[-122.40914099999998,37.735375000000033],[-122.40908599999995,37.735449000000074],[-122.40899299999995,37.73557500000004],[-122.40892299999996,37.735650000000078],[-122.40883599999995,37.735745000000065],[-122.40880999999996,37.735773000000052],[-122.40877899999998,37.735817000000054],[-122.40865499999995,37.735998000000052],[-122.40858199999997,37.736125000000072],[-122.40848799999998,37.736291000000051],[-122.40846799999997,37.736342000000036],[-122.40835799999996,37.736617000000024],[-122.40833699999996,37.73667800000004],[-122.40824499999997,37.737063000000035],[-122.40821099999999,37.737400000000036],[-122.40821599999998,37.737582000000032],[-122.40821699999998,37.73761200000007],[-122.40846499999998,37.737489000000039],[-122.40868399999999,37.737234000000058],[-122.40878999999995,37.736997000000031],[-122.40885399999996,37.736831000000052],[-122.40899299999995,37.73682800000006],[-122.40913799999998,37.736823000000072],[-122.40976199999994,37.736858000000041],[-122.41037699999998,37.736894000000063],[-122.41026399999998,37.73812300000003],[-122.41019099999994,37.738923000000057],[-122.41011499999996,37.739755000000059],[-122.41050699999994,37.739779000000055],[-122.41073299999999,37.739792000000079],[-122.41136999999998,37.739831000000038],[-122.41174799999999,37.739854000000037],[-122.41199199999994,37.739710000000059],[-122.41265699999997,37.739311000000043],[-122.41318599999994,37.738998000000038],[-122.41331199999996,37.738982000000078],[-122.41393799999997,37.738930000000039],[-122.41455899999994,37.738881000000049],[-122.41466599999995,37.738883000000044],[-122.41518399999995,37.738933000000031],[-122.41589899999997,37.739002000000028],[-122.41580099999999,37.738949000000048],[-122.41584099999994,37.738452000000052],[-122.41595499999994,37.737211000000059],[-122.41661299999998,37.737248000000079],[-122.416631,37.737037000000043],[-122.41669599999994,37.736317000000042],[-122.41671799999995,37.736074000000031],[-122.41675999999995,37.735605000000078],[-122.41682399999996,37.734888000000069],[-122.41617199999996,37.734856000000036],[-122.41555399999999,37.734825000000058],[-122.41493499999996,37.734794000000079],[-122.41431299999999,37.734763000000044],[-122.41368899999998,37.734732000000065],[-122.41306899999995,37.73470100000003],[-122.41282599999994,37.734688000000062]]]},"properties":{"OBJECTID":161,"STATEFP10":"06","COUNTYFP10":"075","TRACTCE10":"025402","GEOID10":"06075025402","NAME10":"254.02","NAMELSAD10":"Census Tract 254.02","MTFCC10":"G5020","FUNCSTAT10":"S","ALAND10":300171,"AWATER10":0,"INTPTLAT10":"+37.7368829","INTPTLON10":"-122.4127860","OBJECTID_1":2450,"trctidfp10":"06075025402","stcou":"06075","pdenied":1.0706638097763062,"JOINID":"06075025402","STCOU_TXT":"06075","Shape_Length":0.027161237314561229,"Shape_Area":3.0681590499903423e-05}},{"type":"Feature","id":162,"geometry":{"type":"Polygon","coordinates":[[[-122.37934699999994,37.731679000000042],[-122.37934599999994,37.731837000000041],[-122.37947499999996,37.732192000000055],[-122.37958099999997,37.732392000000061],[-122.37959599999999,37.732465000000047],[-122.37992299999996,37.733210000000042],[-122.37993199999994,37.733381000000065],[-122.38011099999994,37.733398000000079],[-122.38019999999995,37.73343200000005],[-122.38128399999999,37.734034000000065],[-122.38143999999994,37.733889000000033],[-122.38147599999996,37.733714000000077],[-122.38129499999997,37.733463000000029],[-122.38101799999998,37.733237000000031],[-122.38065999999998,37.732984000000044],[-122.38018599999998,37.732660000000067],[-122.38013299999994,37.73255400000005],[-122.38018499999998,37.732422000000042],[-122.38032699999997,37.732425000000035],[-122.38062299999996,37.732508000000053],[-122.38098199999996,37.732645000000048],[-122.38131299999998,37.732812000000024],[-122.38185199999998,37.733188000000041],[-122.38202999999999,37.733373000000029],[-122.38227899999998,37.733632000000057],[-122.38235999999995,37.733715000000075],[-122.38291899999996,37.734511000000055],[-122.38293399999998,37.734543000000031],[-122.38296199999996,37.73460300000005],[-122.38313399999998,37.734977000000072],[-122.38323399999996,37.735211000000049],[-122.38338399999998,37.735647000000029],[-122.38342499999999,37.735803000000033],[-122.38357599999995,37.736370000000079],[-122.38363799999996,37.736605000000054],[-122.38369299999999,37.736813000000041],[-122.38384199999996,37.737220000000036],[-122.38404699999995,37.737514000000033],[-122.38373199999995,37.737590000000068],[-122.38339399999995,37.737552000000051],[-122.38287199999996,37.73727800000006],[-122.38212099999998,37.737097000000063],[-122.38197299999996,37.737083000000041],[-122.38180799999998,37.737141000000065],[-122.38172499999996,37.737254000000064],[-122.38173699999999,37.737371000000053],[-122.38176699999997,37.73746600000004],[-122.38179999999994,37.737568000000067],[-122.38180699999998,37.737732000000051],[-122.38179499999995,37.737770000000069],[-122.38174299999997,37.73792700000007],[-122.38155799999998,37.73812300000003],[-122.38340999999997,37.739177000000041],[-122.38528199999996,37.740240000000028],[-122.38583499999999,37.73960900000003],[-122.38639899999998,37.738983000000076],[-122.38696199999998,37.738359000000059],[-122.38752799999997,37.737731000000053],[-122.38809099999997,37.73710600000004],[-122.38865299999998,37.736483000000078],[-122.38852899999995,37.736475000000041],[-122.38725299999999,37.73575100000005],[-122.38717599999995,37.735662000000048],[-122.38738199999995,37.734823000000063],[-122.38739899999996,37.73473800000005],[-122.38790999999998,37.734170000000063],[-122.38848199999995,37.733534000000077],[-122.38903499999998,37.732919000000038],[-122.38716699999998,37.731857000000048],[-122.38528699999995,37.730791000000067],[-122.38343099999997,37.729738000000054],[-122.38288799999998,37.730342000000064],[-122.38277599999998,37.73041900000004],[-122.38262799999995,37.730512000000033],[-122.38226999999995,37.730620000000044],[-122.38208999999995,37.730635000000063],[-122.38178199999999,37.730617000000052],[-122.38143899999994,37.730582000000027],[-122.38063999999997,37.730504000000053],[-122.38031099999995,37.730529000000047],[-122.37999499999995,37.730657000000065],[-122.37990099999996,37.730719000000079],[-122.37977899999998,37.730799000000047],[-122.37964799999997,37.730960000000039],[-122.37955199999999,37.73110900000006],[-122.37947499999996,37.731228000000044],[-122.37934799999999,37.731544000000042],[-122.37934699999994,37.731679000000042]]]},"properties":{"OBJECTID":162,"STATEFP10":"06","COUNTYFP10":"075","TRACTCE10":"023102","GEOID10":"06075023102","NAME10":"231.02","NAMELSAD10":"Census Tract 231.02","MTFCC10":"G5020","FUNCSTAT10":"S","ALAND10":500773,"AWATER10":0,"INTPTLAT10":"+37.7344920","INTPTLON10":"-122.3844982","OBJECTID_1":2441,"trctidfp10":"06075023102","stcou":"06075","pdenied":0.81168830394744873,"JOINID":"06075023102","STCOU_TXT":"06075","Shape_Length":0.04186088538835632,"Shape_Area":5.118451699995171e-05}},{"type":"Feature","id":163,"geometry":{"type":"Polygon","coordinates":[[[-122.40378399999997,37.749433000000067],[-122.40373599999998,37.749584000000027],[-122.40351399999997,37.750282000000027],[-122.40330899999998,37.750885000000039],[-122.40337699999998,37.750931000000037],[-122.40335699999997,37.751351000000057],[-122.40325999999999,37.751624000000049],[-122.40322499999996,37.751722000000029],[-122.40316899999999,37.751909000000069],[-122.40300699999995,37.752446000000077],[-122.40297799999996,37.752750000000049],[-122.40301099999999,37.753202000000044],[-122.40312699999998,37.754478000000063],[-122.40352299999995,37.754454000000067],[-122.40448399999997,37.754396000000042],[-122.40503199999995,37.754363000000069],[-122.40545399999996,37.754337000000078],[-122.40645299999994,37.754277000000059],[-122.40640199999996,37.754351000000042],[-122.40641799999997,37.754514000000029],[-122.40647999999999,37.754564000000073],[-122.40744899999999,37.754506000000049],[-122.40834299999995,37.754453000000069],[-122.40925299999998,37.754398000000037],[-122.40923899999996,37.75426200000004],[-122.40926599999995,37.754223000000025],[-122.40912999999995,37.752796000000046],[-122.40897799999999,37.751201000000037],[-122.40882499999998,37.749601000000041],[-122.408706,37.748353000000066],[-122.40860399999997,37.748402000000056],[-122.40806999999995,37.748398000000066],[-122.40788199999997,37.748405000000048],[-122.40777399999996,37.748475000000042],[-122.40715199999994,37.74868500000008],[-122.40689199999997,37.748772000000031],[-122.40675799999997,37.748766000000046],[-122.40672799999999,37.748819000000026],[-122.40649899999994,37.74888500000003],[-122.40631199999996,37.748939000000064],[-122.40568199999996,37.749044000000026],[-122.40550099999996,37.749081000000047],[-122.40523899999999,37.749125000000049],[-122.40509199999997,37.749154000000033],[-122.40502499999997,37.749178000000029],[-122.40488699999997,37.749213000000054],[-122.40480799999995,37.749235000000056],[-122.40480999999994,37.749210000000062],[-122.40477699999997,37.749217000000044],[-122.40430599999996,37.749319000000071],[-122.40378399999997,37.749433000000067]]]},"properties":{"OBJECTID":163,"STATEFP10":"06","COUNTYFP10":"075","TRACTCE10":"022903","GEOID10":"06075022903","NAME10":"229.03","NAMELSAD10":"Census Tract 229.03","MTFCC10":"G5020","FUNCSTAT10":"S","ALAND10":309875,"AWATER10":0,"INTPTLAT10":"+37.7517621","INTPTLON10":"-122.4062364","OBJECTID_1":2438,"trctidfp10":"06075022903","stcou":"06075","pdenied":1.7374517917633057,"JOINID":"06075022903","STCOU_TXT":"06075","Shape_Length":0.022876427021169741,"Shape_Area":3.1679900000039344e-05}},{"type":"Feature","id":164,"geometry":{"type":"Polygon","coordinates":[[[-122.41154399999999,37.748932000000025],[-122.41148399999997,37.748298000000034],[-122.41134599999998,37.748344000000031],[-122.41065399999997,37.74836300000004],[-122.41054599999995,37.748317000000043],[-122.41044899999997,37.748365000000035],[-122.40974899999998,37.748380000000054],[-122.40964599999995,37.748334000000057],[-122.40954699999998,37.748385000000042],[-122.40885399999996,37.748397000000068],[-122.408706,37.748353000000066],[-122.40882499999998,37.749601000000041],[-122.40897799999999,37.751201000000037],[-122.40912999999995,37.752796000000046],[-122.40926599999995,37.754223000000025],[-122.40923899999996,37.75426200000004],[-122.40925299999998,37.754398000000037],[-122.41021999999998,37.754341000000068],[-122.41111999999998,37.754287000000033],[-122.41204699999997,37.754230000000064],[-122.41189999999995,37.75262900000007],[-122.41174599999999,37.751034000000061],[-122.41159299999998,37.74943600000006],[-122.41154399999999,37.748932000000025]]]},"properties":{"OBJECTID":164,"STATEFP10":"06","COUNTYFP10":"075","TRACTCE10":"022902","GEOID10":"06075022902","NAME10":"229.02","NAMELSAD10":"Census Tract 229.02","MTFCC10":"G5020","FUNCSTAT10":"S","ALAND10":161991,"AWATER10":0,"INTPTLAT10":"+37.7513411","INTPTLON10":"-122.4103784","OBJECTID_1":2437,"trctidfp10":"06075022902","stcou":"06075","pdenied":2.1798365116119385,"JOINID":"06075022902","STCOU_TXT":"06075","Shape_Length":0.017673697344174372,"Shape_Area":1.6560938500024596e-05}},{"type":"Feature","id":165,"geometry":{"type":"Polygon","coordinates":[[[-122.39942299999996,37.731703000000039],[-122.40002199999998,37.732311000000038],[-122.39858499999997,37.733639000000039],[-122.39848799999999,37.733808000000067],[-122.39839099999995,37.734088000000042],[-122.39834199999996,37.734311000000048],[-122.39820899999995,37.735308000000032],[-122.39801399999999,37.735515000000078],[-122.39764899999994,37.735913000000039],[-122.39708199999995,37.736533000000065],[-122.39651499999997,37.737156000000027],[-122.39623199999994,37.737468000000035],[-122.39594499999998,37.737784000000033],[-122.39780999999999,37.738847000000078],[-122.39964499999996,37.739880000000028],[-122.39968499999998,37.739902000000029],[-122.39970499999998,37.739920000000041],[-122.39975199999998,37.739908000000071],[-122.40008599999999,37.739942000000042],[-122.40077499999995,37.739742000000035],[-122.40089899999998,37.739659000000074],[-122.40106399999996,37.739658000000077],[-122.40207099999998,37.739381000000037],[-122.40318599999995,37.739074000000073],[-122.40328899999997,37.739044000000035],[-122.40413699999999,37.738797000000034],[-122.40425799999997,37.738713000000075],[-122.40439899999996,37.738732000000027],[-122.40497499999998,37.738571000000036],[-122.40502799999996,37.73849800000005],[-122.40513999999996,37.738526000000036],[-122.40524899999997,37.738495000000057],[-122.40555099999995,37.738407000000052],[-122.40564699999999,37.738321000000042],[-122.40581399999996,37.738338000000056],[-122.40676199999996,37.738077000000033],[-122.40691099999998,37.737966000000029],[-122.40694699999995,37.737829000000033],[-122.40677199999999,37.736424000000056],[-122.40670399999999,37.736309000000062],[-122.40661899999998,37.73589700000008],[-122.40645499999999,37.735511000000031],[-122.40638199999995,37.735418000000038],[-122.40629499999994,37.735307000000034],[-122.40617799999995,37.735158000000069],[-122.40549499999997,37.734287000000052],[-122.40509599999996,37.733716000000072],[-122.40505999999999,37.733652000000063],[-122.40465699999999,37.732949000000076],[-122.40396199999998,37.731610000000046],[-122.40339999999998,37.730658000000062],[-122.40302199999996,37.729902000000038],[-122.40275199999996,37.72935700000005],[-122.40220899999997,37.728102000000035],[-122.40210499999995,37.727790000000027],[-122.40195499999999,37.72795700000006],[-122.40139499999998,37.728584000000069],[-122.40083399999997,37.729211000000078],[-122.40027399999997,37.729838000000029],[-122.39986699999997,37.730292000000077],[-122.39985399999995,37.730382000000077],[-122.40028099999995,37.731399000000067],[-122.40029299999998,37.731478000000038],[-122.39942299999996,37.731703000000039]]]},"properties":{"OBJECTID":165,"STATEFP10":"06","COUNTYFP10":"075","TRACTCE10":"023001","GEOID10":"06075023001","NAME10":"230.01","NAMELSAD10":"Census Tract 230.01","MTFCC10":"G5020","FUNCSTAT10":"S","ALAND10":666184,"AWATER10":0,"INTPTLAT10":"+37.7351925","INTPTLON10":"-122.4017602","OBJECTID_1":2439,"trctidfp10":"06075023001","stcou":"06075","pdenied":1.2687427997589111,"JOINID":"06075023001","STCOU_TXT":"06075","Shape_Length":0.036770242884934488,"Shape_Area":6.8091609000031416e-05}},{"type":"Feature","id":166,"geometry":{"type":"Polygon","coordinates":[[[-122.40842399999997,37.764427000000069],[-122.40830299999999,37.763122000000067],[-122.40818699999994,37.761876000000029],[-122.40806399999997,37.760601000000065],[-122.40793999999994,37.75930500000004],[-122.40789799999999,37.759220000000028],[-122.40775399999995,37.757705000000044],[-122.40760199999994,37.756109000000038],[-122.40744899999999,37.754506000000049],[-122.40647999999999,37.754564000000073],[-122.40641799999997,37.754514000000029],[-122.40640199999996,37.754351000000042],[-122.40645299999994,37.754277000000059],[-122.40545399999996,37.754337000000078],[-122.40503199999995,37.754363000000069],[-122.40448399999997,37.754396000000042],[-122.40352299999995,37.754454000000067],[-122.40312699999998,37.754478000000063],[-122.40324499999997,37.755760000000066],[-122.40330599999999,37.756166000000064],[-122.40339599999999,37.756471000000033],[-122.40354399999995,37.756804000000045],[-122.40368899999999,37.757015000000024],[-122.40377399999994,37.757138000000054],[-122.40416899999997,37.757530000000031],[-122.40444199999996,37.757748000000049],[-122.40483599999999,37.758034000000066],[-122.40504799999997,37.758189000000073],[-122.40554499999996,37.758537000000047],[-122.40590299999997,37.758934000000067],[-122.40610399999997,37.759196000000031],[-122.40624399999996,37.759422000000029],[-122.40626199999997,37.759452000000067],[-122.40638899999999,37.759804000000031],[-122.40649199999996,37.760255000000029],[-122.40649299999995,37.760686000000078],[-122.40647999999999,37.760731000000078],[-122.40628299999997,37.761393000000055],[-122.40614699999998,37.761638000000062],[-122.40602199999995,37.761863000000062],[-122.40592599999997,37.762012000000027],[-122.40565399999997,37.762433000000044],[-122.40538399999997,37.762970000000053],[-122.40532399999995,37.763137000000029],[-122.40525799999995,37.763323000000071],[-122.40520299999997,37.763478000000077],[-122.40510499999999,37.763852000000043],[-122.40505999999999,37.764311000000077],[-122.40508999999997,37.764628000000073],[-122.40546299999994,37.764606000000072],[-122.40642899999995,37.764548000000048],[-122.40741999999995,37.764488000000028],[-122.40842399999997,37.764427000000069]]]},"properties":{"OBJECTID":166,"STATEFP10":"06","COUNTYFP10":"075","TRACTCE10":"022802","GEOID10":"06075022802","NAME10":"228.02","NAMELSAD10":"Census Tract 228.02","MTFCC10":"G5020","FUNCSTAT10":"S","ALAND10":290877,"AWATER10":0,"INTPTLAT10":"+37.7589152","INTPTLON10":"-122.4062322","OBJECTID_1":2434,"trctidfp10":"06075022802","stcou":"06075","pdenied":1.0676156282424927,"JOINID":"06075022802","STCOU_TXT":"06075","Shape_Length":0.029692754754026652,"Shape_Area":2.9740474499850341e-05}},{"type":"Feature","id":167,"geometry":{"type":"Polygon","coordinates":[[[-122.40760199999994,37.756109000000038],[-122.40775399999995,37.757705000000044],[-122.40865099999996,37.757651000000067],[-122.40958799999999,37.757595000000038],[-122.41052699999995,37.757539000000065],[-122.41142399999995,37.757485000000031],[-122.41234799999995,37.757430000000056],[-122.41344699999996,37.757363000000055],[-122.41454099999999,37.757298000000048],[-122.41562599999997,37.757232000000045],[-122.41671999999994,37.757167000000038],[-122.41656699999999,37.755568000000039],[-122.41641299999998,37.753968000000043],[-122.41531999999995,37.754034000000047],[-122.41423399999996,37.754099000000053],[-122.41314099999994,37.754165000000057],[-122.41204699999997,37.754230000000064],[-122.41111999999998,37.754287000000033],[-122.41021999999998,37.754341000000068],[-122.40925299999998,37.754398000000037],[-122.40834299999995,37.754453000000069],[-122.40744899999999,37.754506000000049],[-122.40760199999994,37.756109000000038]]]},"properties":{"OBJECTID":167,"STATEFP10":"06","COUNTYFP10":"075","TRACTCE10":"022803","GEOID10":"06075022803","NAME10":"228.03","NAMELSAD10":"Census Tract 228.03","MTFCC10":"G5020","FUNCSTAT10":"S","ALAND10":282080,"AWATER10":0,"INTPTLAT10":"+37.7558368","INTPTLON10":"-122.4120842","OBJECTID_1":2435,"trctidfp10":"06075022803","stcou":"06075","pdenied":1.8571429252624512,"JOINID":"06075022803","STCOU_TXT":"06075","Shape_Length":0.024389464891489302,"Shape_Area":2.8839767500026504e-05}},{"type":"Feature","id":168,"geometry":{"type":"Polygon","coordinates":[[[-122.41258899999997,37.74832200000003],[-122.41162799999995,37.748341000000039],[-122.41148399999997,37.748298000000034],[-122.41154399999999,37.748932000000025],[-122.41159299999998,37.74943600000006],[-122.41174599999999,37.751034000000061],[-122.41189999999995,37.75262900000007],[-122.41204699999997,37.754230000000064],[-122.41314099999994,37.754165000000057],[-122.41423399999996,37.754099000000053],[-122.41531999999995,37.754034000000047],[-122.41641299999998,37.753968000000043],[-122.41626599999995,37.752373000000034],[-122.41610799999995,37.750771000000043],[-122.41595499999994,37.749172000000044],[-122.41586299999994,37.74821200000008],[-122.41572799999994,37.748255000000029],[-122.41502599999995,37.748267000000055],[-122.41491899999994,37.748231000000033],[-122.41482599999995,37.74827300000004],[-122.41381799999999,37.748292000000049],[-122.41366899999997,37.748255000000029],[-122.41353599999997,37.748304000000076],[-122.41258899999997,37.74832200000003]]]},"properties":{"OBJECTID":168,"STATEFP10":"06","COUNTYFP10":"075","TRACTCE10":"022901","GEOID10":"06075022901","NAME10":"229.01","NAMELSAD10":"Census Tract 229.01","MTFCC10":"G5020","FUNCSTAT10":"S","ALAND10":249200,"AWATER10":0,"INTPTLAT10":"+37.7511975","INTPTLON10":"-122.4139453","OBJECTID_1":2436,"trctidfp10":"06075022901","stcou":"06075","pdenied":1.8567638397216797,"JOINID":"06075022901","STCOU_TXT":"06075","Shape_Length":0.020535565408959833,"Shape_Area":2.5476469499913188e-05}},{"type":"Feature","id":169,"geometry":{"type":"Polygon","coordinates":[[[-122.40939299999997,37.764369000000045],[-122.41036399999996,37.76431000000008],[-122.41132999999996,37.764252000000056],[-122.41229299999998,37.764193000000034],[-122.41285899999997,37.764159000000063],[-122.41300299999995,37.764091000000064],[-122.41358799999995,37.763823000000059],[-122.41372199999995,37.763779000000056],[-122.41515499999997,37.763697000000036],[-122.41622699999999,37.763635000000079],[-122.41733199999999,37.763572000000067],[-122.41717899999998,37.761968000000024],[-122.41702599999996,37.760367000000031],[-122.41687199999996,37.758764000000042],[-122.41671999999994,37.757167000000038],[-122.41562599999997,37.757232000000045],[-122.41454099999999,37.757298000000048],[-122.41344699999996,37.757363000000055],[-122.41234799999995,37.757430000000056],[-122.41142399999995,37.757485000000031],[-122.41052699999995,37.757539000000065],[-122.40958799999999,37.757595000000038],[-122.40865099999996,37.757651000000067],[-122.40775399999995,37.757705000000044],[-122.40789799999999,37.759220000000028],[-122.40793999999994,37.75930500000004],[-122.40806399999997,37.760601000000065],[-122.40818699999994,37.761876000000029],[-122.40830299999999,37.763122000000067],[-122.40842399999997,37.764427000000069],[-122.40939299999997,37.764369000000045]]]},"properties":{"OBJECTID":169,"STATEFP10":"06","COUNTYFP10":"075","TRACTCE10":"022801","GEOID10":"06075022801","NAME10":"228.01","NAMELSAD10":"Census Tract 228.01","MTFCC10":"G5020","FUNCSTAT10":"S","ALAND10":578307,"AWATER10":0,"INTPTLAT10":"+37.7607261","INTPTLON10":"-122.4125093","OBJECTID_1":2433,"trctidfp10":"06075022801","stcou":"06075","pdenied":1.2633624076843262,"JOINID":"06075022801","STCOU_TXT":"06075","Shape_Length":0.031180536804827613,"Shape_Area":5.9130226500077549e-05}},{"type":"Feature","id":170,"geometry":{"type":"Polygon","coordinates":[[[-122.39249399999994,37.760245000000054],[-122.39241499999997,37.760613000000035],[-122.39231899999999,37.761060000000043],[-122.39237099999997,37.761544000000072],[-122.39245099999999,37.76228100000003],[-122.39251999999999,37.762819000000036],[-122.39259999999996,37.763438000000065],[-122.39271399999996,37.764084000000025],[-122.39274499999999,37.76408200000003],[-122.39299499999998,37.764067000000068],[-122.39317399999999,37.764056000000039],[-122.39322099999998,37.764053000000047],[-122.39372999999995,37.764021000000071],[-122.39384799999999,37.765307000000064],[-122.39482899999996,37.765248000000042],[-122.39580699999999,37.765189000000078],[-122.39677099999994,37.765130000000056],[-122.39773699999995,37.765072000000032],[-122.39870299999995,37.765014000000065],[-122.39857999999998,37.763736000000051],[-122.39846099999994,37.762463000000025],[-122.39833799999997,37.761184000000071],[-122.39827799999995,37.760556000000065],[-122.39821599999999,37.75990900000005],[-122.39724899999999,37.759967000000074],[-122.39628399999998,37.760026000000039],[-122.39531499999998,37.760084000000063],[-122.39435199999997,37.76014200000003],[-122.39336499999996,37.760202000000049],[-122.39249399999994,37.760245000000054]]]},"properties":{"OBJECTID":170,"STATEFP10":"06","COUNTYFP10":"075","TRACTCE10":"022702","GEOID10":"06075022702","NAME10":"227.02","NAMELSAD10":"Census Tract 227.02","MTFCC10":"G5020","FUNCSTAT10":"S","ALAND10":283840,"AWATER10":0,"INTPTLAT10":"+37.7625436","INTPTLON10":"-122.3956056","OBJECTID_1":2431,"trctidfp10":"06075022702","stcou":"06075","pdenied":1.298701286315918,"JOINID":"06075022702","STCOU_TXT":"06075","Shape_Length":0.021917497714731438,"Shape_Area":2.9022142499955664e-05}},{"type":"Feature","id":171,"geometry":{"type":"Polygon","coordinates":[[[-122.39091799999994,37.766795000000059],[-122.39097599999997,37.766792000000066],[-122.39300099999997,37.766671000000031],[-122.39396799999997,37.766614000000061],[-122.39391899999998,37.76607400000006],[-122.39390499999996,37.765923000000043],[-122.39387599999998,37.765611000000035],[-122.39386199999996,37.765460000000076],[-122.39384799999999,37.765307000000064],[-122.39372999999995,37.764021000000071],[-122.39322099999998,37.764053000000047],[-122.39317399999999,37.764056000000039],[-122.39299499999998,37.764067000000068],[-122.39274499999999,37.76408200000003],[-122.39271399999996,37.764084000000025],[-122.39259999999996,37.763438000000065],[-122.39251999999999,37.762819000000036],[-122.39245099999999,37.76228100000003],[-122.39237099999997,37.761544000000072],[-122.39231899999999,37.761060000000043],[-122.39241499999997,37.760613000000035],[-122.39249399999994,37.760245000000054],[-122.39244699999995,37.759671000000026],[-122.39241899999996,37.758118000000024],[-122.39244399999995,37.757692000000077],[-122.39246099999997,37.75739800000008],[-122.39245199999999,37.756763000000035],[-122.39244699999995,37.756436000000065],[-122.392248,37.755254000000036],[-122.39220699999998,37.755137000000047],[-122.39208199999996,37.75514400000003],[-122.39195399999994,37.755152000000066],[-122.39190099999996,37.755155000000059],[-122.39187799999996,37.754916000000037],[-122.39152899999999,37.754012000000046],[-122.39132099999995,37.753292000000044],[-122.39123599999999,37.752722000000063],[-122.39123199999995,37.752657000000056],[-122.39068299999997,37.752663000000041],[-122.38972999999999,37.752721000000065],[-122.38875299999995,37.752778000000035],[-122.38775599999997,37.752836000000059],[-122.38681199999996,37.752890000000036],[-122.38584599999996,37.752946000000065],[-122.38487999999995,37.753002000000038],[-122.38391399999995,37.753058000000067],[-122.38295099999999,37.753114000000039],[-122.38198499999999,37.753170000000068],[-122.38171099999994,37.753186000000028],[-122.38098499999995,37.753228000000036],[-122.38001399999996,37.753358000000048],[-122.37798099999998,37.753629000000046],[-122.37968099999995,37.767629000000056],[-122.38286399999998,37.767170000000078],[-122.38298899999995,37.767131000000063],[-122.38484699999998,37.767013000000077],[-122.38486999999998,37.767240000000072],[-122.38582299999996,37.767255000000034],[-122.38593299999997,37.767027000000041],[-122.38661499999995,37.765668000000062],[-122.38760599999995,37.764483000000041],[-122.38791699999996,37.764379000000076],[-122.38803699999994,37.765628000000049],[-122.38816399999996,37.766958000000045],[-122.38909899999999,37.76690300000007],[-122.39028999999999,37.766833000000076],[-122.39058899999998,37.766815000000065],[-122.39091799999994,37.766795000000059]]]},"properties":{"OBJECTID":171,"STATEFP10":"06","COUNTYFP10":"075","TRACTCE10":"022600","GEOID10":"06075022600","NAME10":"226","NAMELSAD10":"Census Tract 226","MTFCC10":"G5020","FUNCSTAT10":"S","ALAND10":1357761,"AWATER10":503898,"INTPTLAT10":"+37.7624790","INTPTLON10":"-122.3835595","OBJECTID_1":2430,"trctidfp10":"06075022600","stcou":"06075","pdenied":3.0830037593841553,"JOINID":"06075022600","STCOU_TXT":"06075","Shape_Length":0.061385937659296667,"Shape_Area":0.0001903452650002656}},{"type":"Feature","id":172,"geometry":{"type":"Polygon","coordinates":[[[-122.42927099999997,37.737970000000075],[-122.42949599999997,37.737824000000046],[-122.43007199999994,37.737449000000026],[-122.43134899999995,37.736618000000078],[-122.431378,37.736574000000076],[-122.43244299999998,37.735879000000068],[-122.43253499999997,37.735854000000074],[-122.43286799999998,37.735839000000055],[-122.43310399999996,37.736063000000058],[-122.43370999999996,37.736638000000028],[-122.43400199999996,37.736885000000029],[-122.43421099999995,37.737119000000064],[-122.43437399999999,37.737238000000048],[-122.43460799999997,37.737273000000073],[-122.43469699999997,37.737256000000059],[-122.43456399999997,37.73677900000007],[-122.43440099999998,37.736199000000056],[-122.43461199999996,37.736094000000037],[-122.43477299999995,37.735872000000029],[-122.43498499999998,37.735682000000054],[-122.43507699999998,37.735577000000035],[-122.43537999999995,37.735339000000067],[-122.43539299999998,37.735299000000055],[-122.43555099999998,37.734797000000071],[-122.43583999999998,37.733875000000069],[-122.43573899999996,37.733899000000065],[-122.43506699999995,37.733782000000076],[-122.43499599999996,37.733718000000067],[-122.43489899999997,37.733751000000041],[-122.43423799999999,37.733626000000072],[-122.43414499999994,37.733550000000037],[-122.43402099999997,37.733588000000054],[-122.43320099999994,37.733439000000033],[-122.43297399999994,37.733311000000072],[-122.43280199999998,37.733340000000055],[-122.43257199999999,37.733243000000073],[-122.43244799999997,37.733191000000033],[-122.43242199999997,37.733176000000071],[-122.43092799999999,37.733867000000032],[-122.43039599999997,37.734121000000073],[-122.42979899999995,37.734406000000035],[-122.42959999999999,37.734518000000037],[-122.42939099999995,37.73463600000008],[-122.42884299999997,37.734932000000072],[-122.42860699999994,37.735060000000033],[-122.42857299999997,37.735082000000034],[-122.42801699999995,37.73544400000003],[-122.42787399999997,37.735537000000079],[-122.42672199999998,37.736372000000074],[-122.42665899999997,37.736418000000072],[-122.42616599999997,37.736835000000042],[-122.42559799999998,37.737317000000075],[-122.42528599999997,37.737640000000056],[-122.42508199999997,37.737851000000035],[-122.42495099999996,37.738063000000068],[-122.42472399999997,37.738431000000048],[-122.42448499999995,37.73899300000005],[-122.42427599999996,37.739784000000043],[-122.42414699999995,37.739869000000056],[-122.42425799999995,37.73993500000006],[-122.42413699999997,37.74033600000007],[-122.42404799999997,37.740630000000067],[-122.42403599999994,37.740658000000053],[-122.42394199999995,37.740889000000038],[-122.42362099999997,37.741671000000053],[-122.42340299999995,37.742203000000075],[-122.42328599999996,37.74229500000007],[-122.42423299999996,37.742236000000048],[-122.42581399999995,37.742141000000061],[-122.42651799999999,37.742098000000055],[-122.42684599999995,37.742078000000049],[-122.42787899999996,37.742015000000038],[-122.42872899999998,37.741964000000053],[-122.42891099999997,37.74195300000008],[-122.42994699999997,37.741890000000069],[-122.43088799999998,37.741833000000042],[-122.43074099999995,37.740424000000075],[-122.43074999999999,37.740351000000032],[-122.43175899999994,37.739803000000052],[-122.43130799999994,37.73927800000007],[-122.43117499999994,37.739153000000044],[-122.43102899999997,37.739151000000049],[-122.43030099999999,37.739189000000067],[-122.42924799999997,37.738982000000078],[-122.42872899999998,37.738631000000055],[-122.42872799999998,37.73850200000004],[-122.42872699999998,37.738412000000039],[-122.42872599999998,37.738326000000029],[-122.42927099999997,37.737970000000075]]]},"properties":{"OBJECTID":172,"STATEFP10":"06","COUNTYFP10":"075","TRACTCE10":"021800","GEOID10":"06075021800","NAME10":"218","NAMELSAD10":"Census Tract 218","MTFCC10":"G5020","FUNCSTAT10":"S","ALAND10":501350,"AWATER10":0,"INTPTLAT10":"+37.7379520","INTPTLON10":"-122.4290987","OBJECTID_1":2429,"trctidfp10":"06075021800","stcou":"06075","pdenied":0.81366962194442749,"JOINID":"06075021800","STCOU_TXT":"06075","Shape_Length":0.042553126324285998,"Shape_Area":5.1246022999944394e-05}},{"type":"Feature","id":173,"geometry":{"type":"Polygon","coordinates":[[[-122.42872599999998,37.738326000000029],[-122.42872699999998,37.738412000000039],[-122.42872799999998,37.73850200000004],[-122.42872899999998,37.738631000000055],[-122.42924799999997,37.738982000000078],[-122.43030099999999,37.739189000000067],[-122.43102899999997,37.739151000000049],[-122.43117499999994,37.739153000000044],[-122.43130799999994,37.73927800000007],[-122.43175899999994,37.739803000000052],[-122.43074999999999,37.740351000000032],[-122.43074099999995,37.740424000000075],[-122.43088799999998,37.741833000000042],[-122.43111799999997,37.741832000000045],[-122.43201699999997,37.741794000000027],[-122.43222499999996,37.741783000000055],[-122.43244399999998,37.741772000000026],[-122.43259699999999,37.741800000000069],[-122.43278099999998,37.741899000000046],[-122.43290199999996,37.741925000000037],[-122.43325899999996,37.741903000000036],[-122.43331499999999,37.742495000000076],[-122.43337999999994,37.743175000000065],[-122.43331999999998,37.743296000000043],[-122.43462199999999,37.74321800000007],[-122.43555899999996,37.743161000000043],[-122.43553599999996,37.742697000000078],[-122.43550899999997,37.742592000000059],[-122.43546199999997,37.742273000000068],[-122.43538699999999,37.741923000000043],[-122.43542499999995,37.741688000000067],[-122.43552499999998,37.741652000000045],[-122.43562099999997,37.741534000000058],[-122.43558399999995,37.741612000000032],[-122.43579999999997,37.742105000000038],[-122.43609799999996,37.742519000000073],[-122.43647199999998,37.742886000000055],[-122.43722699999995,37.743421000000069],[-122.43751399999996,37.74359400000003],[-122.43768299999999,37.743609000000049],[-122.43773899999997,37.74372900000003],[-122.43952899999999,37.744804000000045],[-122.43976399999997,37.74497000000008],[-122.43996799999996,37.745227000000057],[-122.44008799999995,37.745296000000053],[-122.44126999999997,37.745231000000047],[-122.44127099999997,37.745048000000054],[-122.44136599999996,37.744907000000069],[-122.44170999999994,37.744629000000032],[-122.44201399999997,37.744452000000024],[-122.44227099999995,37.744375000000048],[-122.44262899999995,37.744348000000059],[-122.44264399999997,37.744193000000053],[-122.44274099999996,37.743995000000041],[-122.44289299999997,37.743843000000027],[-122.44374299999998,37.743370000000027],[-122.44390099999998,37.74330400000008],[-122.44414799999998,37.743297000000041],[-122.44435999999996,37.74336900000003],[-122.44465799999995,37.743528000000026],[-122.44521399999996,37.743688000000077],[-122.44541099999998,37.743766000000051],[-122.44558999999998,37.743906000000038],[-122.44567899999998,37.744139000000075],[-122.44573299999996,37.744417000000055],[-122.44578499999994,37.744652000000031],[-122.44586599999997,37.744805000000042],[-122.44602599999996,37.745134000000064],[-122.44617899999997,37.745314000000064],[-122.44633599999997,37.745460000000037],[-122.44642799999997,37.745518000000061],[-122.44673899999998,37.745841000000041],[-122.44681699999995,37.745951000000048],[-122.44685299999998,37.746123000000068],[-122.44728499999997,37.746055000000069],[-122.44737499999997,37.746482000000071],[-122.44739899999996,37.746596000000068],[-122.44765899999999,37.746537000000046],[-122.44778599999995,37.746438000000069],[-122.44791599999996,37.746480000000076],[-122.44856199999998,37.746316000000036],[-122.44889299999994,37.746232000000077],[-122.44972099999995,37.746056000000067],[-122.45070499999997,37.745929000000046],[-122.450853,37.745826000000079],[-122.45096999999998,37.745870000000025],[-122.45156999999995,37.745654000000059],[-122.45162399999998,37.745534000000077],[-122.45158899999996,37.745429000000058],[-122.45058699999998,37.744213000000059],[-122.45059199999997,37.744091000000026],[-122.44991899999997,37.743272000000047],[-122.44986099999994,37.743265000000065],[-122.44978999999995,37.743257000000028],[-122.44958299999996,37.743065000000058],[-122.44935699999996,37.742922000000078],[-122.44913699999995,37.742829000000029],[-122.44882099999995,37.74274900000006],[-122.448489,37.742705000000058],[-122.44738499999994,37.742609000000073],[-122.44710999999995,37.742580000000032],[-122.44683999999995,37.742519000000073],[-122.44665799999996,37.74244200000004],[-122.44651599999997,37.742359000000079],[-122.44641099999996,37.742282000000046],[-122.44637099999994,37.742238000000043],[-122.44632399999995,37.742185000000063],[-122.44625699999995,37.742072000000064],[-122.44623899999999,37.742013000000043],[-122.44619499999999,37.741872000000058],[-122.44615699999997,37.741535000000056],[-122.44609999999994,37.741358000000048],[-122.44605899999999,37.74127500000003],[-122.44596399999995,37.741199000000051],[-122.44589799999994,37.741117000000031],[-122.44573799999995,37.741022000000044],[-122.44552299999998,37.740972000000056],[-122.44519599999995,37.740921000000071],[-122.44491099999999,37.740872000000024],[-122.44468199999994,37.740793000000053],[-122.44451799999996,37.740693000000078],[-122.44436599999995,37.740576000000033],[-122.44413299999997,37.740279000000044],[-122.44409799999994,37.740234000000044],[-122.44392199999999,37.740088000000071],[-122.44387599999999,37.740064000000075],[-122.44369399999999,37.739971000000025],[-122.44341899999995,37.739902000000029],[-122.44301999999999,37.739814000000024],[-122.44285699999995,37.739767000000029],[-122.44271799999996,37.739682000000073],[-122.44259699999998,37.73954800000007],[-122.44257799999997,37.739521000000025],[-122.44252499999999,37.739448000000039],[-122.44250399999999,37.739238000000057],[-122.44262799999996,37.738565000000051],[-122.44262499999996,37.738314000000059],[-122.44257899999997,37.738172000000077],[-122.44244599999996,37.73780000000005],[-122.44240399999995,37.737640000000056],[-122.44242099999997,37.737438000000054],[-122.44248899999997,37.737289000000033],[-122.44265699999994,37.737119000000064],[-122.44353199999995,37.736602000000062],[-122.44360199999994,37.736503000000027],[-122.44365499999998,37.736428000000046],[-122.44374599999998,37.73635500000006],[-122.44380099999995,37.736239000000069],[-122.44382899999999,37.73613400000005],[-122.44382399999995,37.736009000000024],[-122.44379199999997,37.735922000000073],[-122.44374599999998,37.735856000000069],[-122.44366599999995,37.735786000000076],[-122.44356599999998,37.735729000000049],[-122.44345299999998,37.735692000000029],[-122.44330099999996,37.735676000000069],[-122.44316199999997,37.735688000000039],[-122.44242899999995,37.73589400000003],[-122.44215499999996,37.735971000000063],[-122.44202899999999,37.73599100000007],[-122.44192699999996,37.735968000000071],[-122.44186699999995,37.735977000000048],[-122.44169799999997,37.735951000000057],[-122.44138399999997,37.735860000000059],[-122.44115199999999,37.735709000000043],[-122.44101499999999,37.735570000000052],[-122.44069399999995,37.735069000000067],[-122.44002399999999,37.734909000000073],[-122.43993399999999,37.734857000000034],[-122.43957299999994,37.734843000000069],[-122.43919099999999,37.734735000000057],[-122.43891999999994,37.734600000000057],[-122.43862899999999,37.734494000000041],[-122.43839199999996,37.734420000000057],[-122.43751399999996,37.734246000000041],[-122.43675199999996,37.734096000000079],[-122.43667299999998,37.73404000000005],[-122.43657999999999,37.734068000000036],[-122.43591999999995,37.733931000000041],[-122.43583999999998,37.733875000000069],[-122.43555099999998,37.734797000000071],[-122.43539299999998,37.735299000000055],[-122.43537999999995,37.735339000000067],[-122.43507699999998,37.735577000000035],[-122.43498499999998,37.735682000000054],[-122.43477299999995,37.735872000000029],[-122.43461199999996,37.736094000000037],[-122.43440099999998,37.736199000000056],[-122.43456399999997,37.73677900000007],[-122.43469699999997,37.737256000000059],[-122.43460799999997,37.737273000000073],[-122.43437399999999,37.737238000000048],[-122.43421099999995,37.737119000000064],[-122.43400199999996,37.736885000000029],[-122.43370999999996,37.736638000000028],[-122.43310399999996,37.736063000000058],[-122.43286799999998,37.735839000000055],[-122.43253499999997,37.735854000000074],[-122.43244299999998,37.735879000000068],[-122.431378,37.736574000000076],[-122.43134899999995,37.736618000000078],[-122.43007199999994,37.737449000000026],[-122.42949599999997,37.737824000000046],[-122.42927099999997,37.737970000000075],[-122.42872599999998,37.738326000000029]]]},"properties":{"OBJECTID":173,"STATEFP10":"06","COUNTYFP10":"075","TRACTCE10":"021700","GEOID10":"06075021700","NAME10":"217","NAMELSAD10":"Census Tract 217","MTFCC10":"G5020","FUNCSTAT10":"S","ALAND10":1230146,"AWATER10":0,"INTPTLAT10":"+37.7402780","INTPTLON10":"-122.4392706","OBJECTID_1":2428,"trctidfp10":"06075021700","stcou":"06075","pdenied":0.86682426929473877,"JOINID":"06075021700","STCOU_TXT":"06075","Shape_Length":0.070859002378298189,"Shape_Area":0.00012574385049996244}},{"type":"Feature","id":174,"geometry":{"type":"Polygon","coordinates":[[[-122.433697,37.74729700000006],[-122.43438299999997,37.74725600000005],[-122.43502599999999,37.747224000000074],[-122.43591599999996,37.747179000000074],[-122.43808999999999,37.747050000000058],[-122.43816599999997,37.747832000000074],[-122.43824599999999,37.748665000000074],[-122.43885799999998,37.748659000000032],[-122.43971799999997,37.748649000000057],[-122.44069299999995,37.748639000000026],[-122.44140799999997,37.748610000000042],[-122.44155499999999,37.748571000000027],[-122.44191699999999,37.748474000000044],[-122.44251899999995,37.74818300000004],[-122.44258399999995,37.748079000000075],[-122.44316199999997,37.747504000000049],[-122.44396099999994,37.746765000000039],[-122.44409499999995,37.746722000000034],[-122.44455599999998,37.746687000000065],[-122.44460299999997,37.746683000000075],[-122.44478299999997,37.746771000000024],[-122.44484699999998,37.746945000000039],[-122.44504999999998,37.747015000000033],[-122.44541399999997,37.746960000000058],[-122.44618599999995,37.746843000000069],[-122.44664799999998,37.746760000000052],[-122.44684099999995,37.746722000000034],[-122.44739899999996,37.746596000000068],[-122.44737499999997,37.746482000000071],[-122.44728499999997,37.746055000000069],[-122.44685299999998,37.746123000000068],[-122.44681699999995,37.745951000000048],[-122.44673899999998,37.745841000000041],[-122.44642799999997,37.745518000000061],[-122.44633599999997,37.745460000000037],[-122.44617899999997,37.745314000000064],[-122.44602599999996,37.745134000000064],[-122.44586599999997,37.744805000000042],[-122.44578499999994,37.744652000000031],[-122.44573299999996,37.744417000000055],[-122.44567899999998,37.744139000000075],[-122.44558999999998,37.743906000000038],[-122.44541099999998,37.743766000000051],[-122.44521399999996,37.743688000000077],[-122.44465799999995,37.743528000000026],[-122.44435999999996,37.74336900000003],[-122.44414799999998,37.743297000000041],[-122.44390099999998,37.74330400000008],[-122.44374299999998,37.743370000000027],[-122.44289299999997,37.743843000000027],[-122.44274099999996,37.743995000000041],[-122.44264399999997,37.744193000000053],[-122.44262899999995,37.744348000000059],[-122.44227099999995,37.744375000000048],[-122.44201399999997,37.744452000000024],[-122.44170999999994,37.744629000000032],[-122.44136599999996,37.744907000000069],[-122.44127099999997,37.745048000000054],[-122.44126999999997,37.745231000000047],[-122.44008799999995,37.745296000000053],[-122.43996799999996,37.745227000000057],[-122.43976399999997,37.74497000000008],[-122.43952899999999,37.744804000000045],[-122.43773899999997,37.74372900000003],[-122.43768299999999,37.743609000000049],[-122.43751399999996,37.74359400000003],[-122.43722699999995,37.743421000000069],[-122.43647199999998,37.742886000000055],[-122.43609799999996,37.742519000000073],[-122.43579999999997,37.742105000000038],[-122.43558399999995,37.741612000000032],[-122.43562099999997,37.741534000000058],[-122.43552499999998,37.741652000000045],[-122.43542499999995,37.741688000000067],[-122.43538699999999,37.741923000000043],[-122.43546199999997,37.742273000000068],[-122.43550899999997,37.742592000000059],[-122.43553599999996,37.742697000000078],[-122.43555899999996,37.743161000000043],[-122.43462199999999,37.74321800000007],[-122.43331999999998,37.743296000000043],[-122.43337999999994,37.743175000000065],[-122.43331499999999,37.742495000000076],[-122.43325899999996,37.741903000000036],[-122.43290199999996,37.741925000000037],[-122.43278099999998,37.741899000000046],[-122.43259699999999,37.741800000000069],[-122.43244399999998,37.741772000000026],[-122.43222499999996,37.741783000000055],[-122.43201699999997,37.741794000000027],[-122.43111799999997,37.741832000000045],[-122.43088799999998,37.741833000000042],[-122.43095299999999,37.741917000000058],[-122.43102199999998,37.742631000000074],[-122.43109999999996,37.743431000000044],[-122.43117999999998,37.744245000000035],[-122.43125599999996,37.745032000000037],[-122.43132499999996,37.745828000000074],[-122.43141199999997,37.746630000000039],[-122.43147699999997,37.747434000000055],[-122.43177399999996,37.747413000000051],[-122.43212899999997,37.747390000000053],[-122.433697,37.74729700000006]]]},"properties":{"OBJECTID":174,"STATEFP10":"06","COUNTYFP10":"075","TRACTCE10":"021600","GEOID10":"06075021600","NAME10":"216","NAMELSAD10":"Census Tract 216","MTFCC10":"G5020","FUNCSTAT10":"S","ALAND10":597984,"AWATER10":0,"INTPTLAT10":"+37.7454964","INTPTLON10":"-122.4381417","OBJECTID_1":2427,"trctidfp10":"06075021600","stcou":"06075","pdenied":0.94280326366424561,"JOINID":"06075021600","STCOU_TXT":"06075","Shape_Length":0.04793032179416596,"Shape_Area":6.1129238500060999e-05}},{"type":"Feature","id":175,"geometry":{"type":"Polygon","coordinates":[[[-122.42236899999995,37.744959000000051],[-122.42229299999997,37.745184000000052],[-122.42227599999995,37.745348000000035],[-122.42228299999999,37.745482000000038],[-122.42221799999999,37.745579000000077],[-122.42191799999995,37.745826000000079],[-122.42170399999998,37.746412000000078],[-122.42140599999999,37.747231000000056],[-122.42132799999996,37.747442000000035],[-122.42138499999999,37.74803200000008],[-122.42139299999997,37.748124000000075],[-122.42229999999995,37.748070000000041],[-122.42248699999999,37.748013000000071],[-122.42287799999997,37.747948000000065],[-122.42458399999998,37.747847000000036],[-122.42476799999997,37.747830000000079],[-122.42704499999996,37.747696000000076],[-122.42926999999997,37.747564000000068],[-122.43147699999997,37.747434000000055],[-122.43141199999997,37.746630000000039],[-122.43132499999996,37.745828000000074],[-122.43125599999996,37.745032000000037],[-122.43117999999998,37.744245000000035],[-122.43109999999996,37.743431000000044],[-122.43102199999998,37.742631000000074],[-122.43095299999999,37.741917000000058],[-122.43088799999998,37.741833000000042],[-122.42994699999997,37.741890000000069],[-122.42891099999997,37.74195300000008],[-122.42872899999998,37.741964000000053],[-122.42787899999996,37.742015000000038],[-122.42684599999995,37.742078000000049],[-122.42651799999999,37.742098000000055],[-122.42581399999995,37.742141000000061],[-122.42423299999996,37.742236000000048],[-122.42328599999996,37.74229500000007],[-122.42330199999998,37.74242600000008],[-122.42304299999995,37.743114000000048],[-122.42276299999997,37.743855000000053],[-122.42266899999998,37.743942000000061],[-122.42270599999995,37.744040000000041],[-122.42243899999994,37.744759000000045],[-122.42236899999995,37.744959000000051]]]},"properties":{"OBJECTID":175,"STATEFP10":"06","COUNTYFP10":"075","TRACTCE10":"021500","GEOID10":"06075021500","NAME10":"215","NAMELSAD10":"Census Tract 215","MTFCC10":"G5020","FUNCSTAT10":"S","ALAND10":494467,"AWATER10":0,"INTPTLAT10":"+37.7450512","INTPTLON10":"-122.4267050","OBJECTID_1":2426,"trctidfp10":"06075021500","stcou":"06075","pdenied":0.8196721076965332,"JOINID":"06075021500","STCOU_TXT":"06075","Shape_Length":0.029697467347659365,"Shape_Area":5.0547068000118281e-05}},{"type":"Feature","id":176,"geometry":{"type":"Polygon","coordinates":[[[-122.43177399999996,37.747413000000051],[-122.43147699999997,37.747434000000055],[-122.42926999999997,37.747564000000068],[-122.42704499999996,37.747696000000076],[-122.42476799999997,37.747830000000079],[-122.42486299999996,37.747939000000031],[-122.42491799999999,37.748512000000062],[-122.42484499999995,37.748633000000041],[-122.42477299999996,37.748752000000025],[-122.42482999999999,37.749331000000041],[-122.42492299999998,37.749435000000062],[-122.42485099999999,37.749548000000061],[-122.42486899999994,37.749725000000069],[-122.42490799999996,37.750125000000025],[-122.42499899999996,37.750233000000037],[-122.42492999999996,37.750349000000028],[-122.42498699999999,37.750926000000049],[-122.42507599999999,37.751033000000064],[-122.42500899999999,37.751149000000055],[-122.42506599999996,37.751724000000024],[-122.42515299999997,37.751842000000067],[-122.42579399999994,37.751803000000052],[-122.42633299999994,37.751771000000076],[-122.42743699999994,37.751705000000072],[-122.42854799999998,37.751638000000071],[-122.42965899999996,37.751571000000069],[-122.43187699999999,37.751437000000067],[-122.43408999999997,37.751304000000061],[-122.43400699999995,37.750495000000058],[-122.43392899999998,37.749696000000029],[-122.43385099999995,37.748896000000059],[-122.43376899999998,37.74809700000003],[-122.433697,37.74729700000006],[-122.43212899999997,37.747390000000053],[-122.43177399999996,37.747413000000051]]]},"properties":{"OBJECTID":176,"STATEFP10":"06","COUNTYFP10":"075","TRACTCE10":"021400","GEOID10":"06075021400","NAME10":"214","NAMELSAD10":"Census Tract 214","MTFCC10":"G5020","FUNCSTAT10":"S","ALAND10":353694,"AWATER10":0,"INTPTLAT10":"+37.7495758","INTPTLON10":"-122.4294049","OBJECTID_1":2425,"trctidfp10":"06075021400","stcou":"06075","pdenied":0.94450998306274414,"JOINID":"06075021400","STCOU_TXT":"06075","Shape_Length":0.0262136689073398,"Shape_Area":3.6158718999996512e-05}},{"type":"Feature","id":177,"geometry":{"type":"Polygon","coordinates":[[[-122.433697,37.74729700000006],[-122.43376899999998,37.74809700000003],[-122.43385099999995,37.748896000000059],[-122.43392899999998,37.749696000000029],[-122.43400699999995,37.750495000000058],[-122.43408999999997,37.751304000000061],[-122.43629899999996,37.751153000000045],[-122.43847399999999,37.751024000000029],[-122.43954699999995,37.75096300000007],[-122.44061599999998,37.750902000000053],[-122.44168699999994,37.750836000000049],[-122.44278299999996,37.750773000000038],[-122.44310299999995,37.750771000000043],[-122.44325499999997,37.750769000000048],[-122.44340199999999,37.750187000000039],[-122.44334699999996,37.750083000000075],[-122.44344099999995,37.750015000000076],[-122.44355299999995,37.749443000000042],[-122.44370399999997,37.749177000000032],[-122.44409299999995,37.74868500000008],[-122.44426699999997,37.748380000000054],[-122.44422099999997,37.748031000000026],[-122.44415799999996,37.747791000000063],[-122.44417199999998,37.747556000000031],[-122.44429199999996,37.74730900000003],[-122.44442599999996,37.74717400000003],[-122.44461999999999,37.747081000000037],[-122.44473999999997,37.747045000000071],[-122.44481999999999,37.746970000000033],[-122.44478599999997,37.746934000000067],[-122.44455599999998,37.746687000000065],[-122.44409499999995,37.746722000000034],[-122.44396099999994,37.746765000000039],[-122.44316199999997,37.747504000000049],[-122.44258399999995,37.748079000000075],[-122.44251899999995,37.74818300000004],[-122.44191699999999,37.748474000000044],[-122.44155499999999,37.748571000000027],[-122.44140799999997,37.748610000000042],[-122.44069299999995,37.748639000000026],[-122.43971799999997,37.748649000000057],[-122.43885799999998,37.748659000000032],[-122.43824599999999,37.748665000000074],[-122.43816599999997,37.747832000000074],[-122.43808999999999,37.747050000000058],[-122.43591599999996,37.747179000000074],[-122.43502599999999,37.747224000000074],[-122.43438299999997,37.74725600000005],[-122.433697,37.74729700000006]]]},"properties":{"OBJECTID":177,"STATEFP10":"06","COUNTYFP10":"075","TRACTCE10":"021300","GEOID10":"06075021300","NAME10":"213","NAMELSAD10":"Census Tract 213","MTFCC10":"G5020","FUNCSTAT10":"S","ALAND10":312306,"AWATER10":0,"INTPTLAT10":"+37.7492646","INTPTLON10":"-122.4384676","OBJECTID_1":2424,"trctidfp10":"06075021300","stcou":"06075","pdenied":1.3333333730697632,"JOINID":"06075021300","STCOU_TXT":"06075","Shape_Length":0.03105616670215499,"Shape_Area":3.1927159499951883e-05}},{"type":"Feature","id":178,"geometry":{"type":"Polygon","coordinates":[[[-122.43416299999996,37.752092000000061],[-122.43423999999999,37.752891000000034],[-122.43431699999996,37.753690000000063],[-122.43439399999994,37.754494000000079],[-122.43446999999998,37.755289000000062],[-122.43454599999995,37.756093000000078],[-122.43467099999998,37.756109000000038],[-122.43564199999997,37.756041000000039],[-122.43674399999998,37.755966000000058],[-122.43780299999997,37.755893000000071],[-122.43776899999995,37.755541000000051],[-122.43886399999997,37.755434000000037],[-122.43897399999997,37.755389000000037],[-122.43964699999998,37.75532000000004],[-122.44003299999997,37.755229000000043],[-122.44034499999998,37.755228000000045],[-122.44044999999994,37.755065000000059],[-122.44076799999999,37.754609000000073],[-122.44089699999995,37.754493000000025],[-122.44107599999995,37.754178000000024],[-122.44116299999996,37.754090000000076],[-122.44130699999999,37.753880000000038],[-122.44180699999998,37.753471000000047],[-122.44188599999995,37.753365000000031],[-122.44205699999998,37.753071000000034],[-122.44223899999997,37.752830000000074],[-122.44249299999996,37.752607000000069],[-122.44252499999999,37.752380000000073],[-122.44270399999999,37.752377000000024],[-122.44284699999997,37.752375000000029],[-122.44299099999995,37.75180800000004],[-122.44306199999994,37.751528000000064],[-122.44321299999996,37.750935000000027],[-122.44325499999997,37.750769000000048],[-122.44310299999995,37.750771000000043],[-122.44278299999996,37.750773000000038],[-122.44168699999994,37.750836000000049],[-122.44061599999998,37.750902000000053],[-122.43954699999995,37.75096300000007],[-122.43847399999999,37.751024000000029],[-122.43629899999996,37.751153000000045],[-122.43408999999997,37.751304000000061],[-122.43416299999996,37.752092000000061]]]},"properties":{"OBJECTID":178,"STATEFP10":"06","COUNTYFP10":"075","TRACTCE10":"021200","GEOID10":"06075021200","NAME10":"212","NAMELSAD10":"Census Tract 212","MTFCC10":"G5020","FUNCSTAT10":"S","ALAND10":345793,"AWATER10":0,"INTPTLAT10":"+37.7531762","INTPTLON10":"-122.4381261","OBJECTID_1":2423,"trctidfp10":"06075021200","stcou":"06075","pdenied":1.1891891956329346,"JOINID":"06075021200","STCOU_TXT":"06075","Shape_Length":0.025845825959803177,"Shape_Area":3.535244949999677e-05}},{"type":"Feature","id":179,"geometry":{"type":"Polygon","coordinates":[[[-122.42633299999994,37.751771000000076],[-122.42579399999994,37.751803000000052],[-122.42515299999997,37.751842000000067],[-122.42508599999996,37.751929000000075],[-122.42515499999996,37.752627000000075],[-122.42522799999995,37.753356000000053],[-122.42530299999999,37.753432000000032],[-122.42523599999998,37.75351900000004],[-122.42537799999997,37.754945000000077],[-122.42545699999999,37.755029000000036],[-122.42538599999995,37.755122000000028],[-122.42552799999999,37.756549000000064],[-122.42561199999994,37.756631000000027],[-122.42678699999999,37.756561000000033],[-122.42789199999999,37.756494000000032],[-122.43011499999994,37.756360000000029],[-122.43176999999997,37.756260000000054],[-122.43233099999998,37.756227000000024],[-122.43454599999995,37.756093000000078],[-122.43446999999998,37.755289000000062],[-122.43439399999994,37.754494000000079],[-122.43431699999996,37.753690000000063],[-122.43423999999999,37.752891000000034],[-122.43416299999996,37.752092000000061],[-122.43408999999997,37.751304000000061],[-122.43187699999999,37.751437000000067],[-122.42965899999996,37.751571000000069],[-122.42854799999998,37.751638000000071],[-122.42743699999994,37.751705000000072],[-122.42633299999994,37.751771000000076]]]},"properties":{"OBJECTID":179,"STATEFP10":"06","COUNTYFP10":"075","TRACTCE10":"021100","GEOID10":"06075021100","NAME10":"211","NAMELSAD10":"Census Tract 211","MTFCC10":"G5020","FUNCSTAT10":"S","ALAND10":424317,"AWATER10":0,"INTPTLAT10":"+37.7539700","INTPTLON10":"-122.4298144","OBJECTID_1":2422,"trctidfp10":"06075021100","stcou":"06075","pdenied":0.96670252084732056,"JOINID":"06075021100","STCOU_TXT":"06075","Shape_Length":0.027691276504957275,"Shape_Area":4.3381029999726407e-05}},{"type":"Feature","id":180,"geometry":{"type":"Polygon","coordinates":[[[-122.42027899999999,37.748125000000073],[-122.42035399999997,37.748907000000031],[-122.42050699999999,37.75050600000003],[-122.42066499999999,37.752104000000031],[-122.42081199999996,37.75370300000003],[-122.42096399999997,37.755295000000046],[-122.42143499999997,37.755268000000058],[-122.42318099999994,37.755170000000078],[-122.42375699999997,37.755137000000047],[-122.42428999999998,37.755106000000069],[-122.42482299999995,37.755075000000033],[-122.42545699999999,37.755029000000036],[-122.42537799999997,37.754945000000077],[-122.42523599999998,37.75351900000004],[-122.42530299999999,37.753432000000032],[-122.42522799999995,37.753356000000053],[-122.42515499999996,37.752627000000075],[-122.42508599999996,37.751929000000075],[-122.42515299999997,37.751842000000067],[-122.42506599999996,37.751724000000024],[-122.42500899999999,37.751149000000055],[-122.42507599999999,37.751033000000064],[-122.42498699999999,37.750926000000049],[-122.42492999999996,37.750349000000028],[-122.42499899999996,37.750233000000037],[-122.42490799999996,37.750125000000025],[-122.42486899999994,37.749725000000069],[-122.42485099999999,37.749548000000061],[-122.42492299999998,37.749435000000062],[-122.42482999999999,37.749331000000041],[-122.42477299999996,37.748752000000025],[-122.42484499999995,37.748633000000041],[-122.42491799999999,37.748512000000062],[-122.42486299999996,37.747939000000031],[-122.42476799999997,37.747830000000079],[-122.42458399999998,37.747847000000036],[-122.42287799999997,37.747948000000065],[-122.42248699999999,37.748013000000071],[-122.42229999999995,37.748070000000041],[-122.42139299999997,37.748124000000075],[-122.42129899999998,37.748143000000027],[-122.42046999999997,37.748161000000039],[-122.42027899999999,37.748125000000073]]]},"properties":{"OBJECTID":180,"STATEFP10":"06","COUNTYFP10":"075","TRACTCE10":"021000","GEOID10":"06075021000","NAME10":"210","NAMELSAD10":"Census Tract 210","MTFCC10":"G5020","FUNCSTAT10":"S","ALAND10":312413,"AWATER10":0,"INTPTLAT10":"+37.7515789","INTPTLON10":"-122.4228490","OBJECTID_1":2421,"trctidfp10":"06075021000","stcou":"06075","pdenied":0.73349636793136597,"JOINID":"06075021000","STCOU_TXT":"06075","Shape_Length":0.023815406020286506,"Shape_Area":3.1939208499969033e-05}},{"type":"Feature","id":181,"geometry":{"type":"Polygon","coordinates":[[[-122.41917099999995,37.74817900000005],[-122.41835699999996,37.748198000000059],[-122.41822099999996,37.748166000000026],[-122.41804699999994,37.748211000000026],[-122.41600899999997,37.748251000000039],[-122.41586299999994,37.74821200000008],[-122.41595499999994,37.749172000000044],[-122.41610799999995,37.750771000000043],[-122.41626599999995,37.752373000000034],[-122.41641299999998,37.753968000000043],[-122.41656699999999,37.755568000000039],[-122.41765899999996,37.755502000000035],[-122.41874799999999,37.755437000000029],[-122.41985799999998,37.755366000000038],[-122.42096399999997,37.755295000000046],[-122.42081199999996,37.75370300000003],[-122.42066499999999,37.752104000000031],[-122.42050699999999,37.75050600000003],[-122.42035399999997,37.748907000000031],[-122.42027899999999,37.748125000000073],[-122.42013899999995,37.748157000000049],[-122.41917099999995,37.74817900000005]]]},"properties":{"OBJECTID":181,"STATEFP10":"06","COUNTYFP10":"075","TRACTCE10":"020900","GEOID10":"06075020900","NAME10":"209","NAMELSAD10":"Census Tract 209","MTFCC10":"G5020","FUNCSTAT10":"S","ALAND10":312899,"AWATER10":0,"INTPTLAT10":"+37.7518186","INTPTLON10":"-122.4184125","OBJECTID_1":2420,"trctidfp10":"06075020900","stcou":"06075","pdenied":1.6470588445663452,"JOINID":"06075020900","STCOU_TXT":"06075","Shape_Length":0.023432802642786143,"Shape_Area":3.1989140500111852e-05}},{"type":"Feature","id":182,"geometry":{"type":"Polygon","coordinates":[[[-122.42096399999997,37.755295000000046],[-122.41985799999998,37.755366000000038],[-122.41874799999999,37.755437000000029],[-122.41765899999996,37.755502000000035],[-122.41656699999999,37.755568000000039],[-122.41671999999994,37.757167000000038],[-122.41687199999996,37.758764000000042],[-122.41702599999996,37.760367000000031],[-122.41717899999998,37.761968000000024],[-122.41733199999999,37.763572000000067],[-122.41848399999998,37.763496000000032],[-122.41951299999999,37.763429000000031],[-122.42043299999995,37.763376000000051],[-122.42108399999995,37.763338000000033],[-122.42173199999996,37.763300000000072],[-122.42169499999994,37.762917000000073],[-122.42166199999997,37.762579000000073],[-122.42157799999995,37.761701000000073],[-122.42142499999994,37.760101000000077],[-122.42135499999995,37.759372000000042],[-122.42127199999999,37.758499000000029],[-122.42119399999996,37.757701000000054],[-122.42111799999998,37.756902000000025],[-122.42104099999995,37.756102000000055],[-122.42096399999997,37.755295000000046]]]},"properties":{"OBJECTID":182,"STATEFP10":"06","COUNTYFP10":"075","TRACTCE10":"020800","GEOID10":"06075020800","NAME10":"208","NAMELSAD10":"Census Tract 208","MTFCC10":"G5020","FUNCSTAT10":"S","ALAND10":346098,"AWATER10":0,"INTPTLAT10":"+37.7594331","INTPTLON10":"-122.4191487","OBJECTID_1":2419,"trctidfp10":"06075020800","stcou":"06075","pdenied":2.2941970825195312,"JOINID":"06075020800","STCOU_TXT":"06075","Shape_Length":0.024896140499863689,"Shape_Area":3.5386638499966213e-05}},{"type":"Feature","id":183,"geometry":{"type":"Polygon","coordinates":[[[-122.42143499999997,37.755268000000058],[-122.42096399999997,37.755295000000046],[-122.42104099999995,37.756102000000055],[-122.42111799999998,37.756902000000025],[-122.42119399999996,37.757701000000054],[-122.42127199999999,37.758499000000029],[-122.42135499999995,37.759372000000042],[-122.42142499999994,37.760101000000077],[-122.42157799999995,37.761701000000073],[-122.42166199999997,37.762579000000073],[-122.42169499999994,37.762917000000073],[-122.42173199999996,37.763300000000072],[-122.42269899999997,37.763243000000045],[-122.42307499999998,37.763221000000044],[-122.42395899999997,37.763168000000064],[-122.42480699999999,37.763117000000079],[-122.42622799999998,37.763031000000069],[-122.42613099999994,37.762912000000028],[-122.42610399999995,37.762631000000056],[-122.42606499999999,37.762222000000065],[-122.42614599999996,37.762160000000051],[-122.42605399999997,37.762102000000027],[-122.42600199999998,37.761549000000059],[-122.42607699999996,37.761427000000026],[-122.42597899999998,37.761315000000025],[-122.42584599999998,37.759949000000063],[-122.42591999999996,37.759830000000079],[-122.42582199999998,37.759710000000041],[-122.42576899999995,37.75915400000008],[-122.42584299999999,37.759029000000055],[-122.42574599999995,37.758912000000066],[-122.42569199999997,37.758349000000067],[-122.42576699999995,37.758227000000034],[-122.42568299999999,37.75814500000007],[-122.42562699999996,37.757518000000061],[-122.42568899999998,37.757430000000056],[-122.42560499999996,37.757347000000038],[-122.42554999999999,37.75672000000003],[-122.42561199999994,37.756631000000027],[-122.42552799999999,37.756549000000064],[-122.42538599999995,37.755122000000028],[-122.42545699999999,37.755029000000036],[-122.42482299999995,37.755075000000033],[-122.42428999999998,37.755106000000069],[-122.42375699999997,37.755137000000047],[-122.42318099999994,37.755170000000078],[-122.42143499999997,37.755268000000058]]]},"properties":{"OBJECTID":183,"STATEFP10":"06","COUNTYFP10":"075","TRACTCE10":"020700","GEOID10":"06075020700","NAME10":"207","NAMELSAD10":"Census Tract 207","MTFCC10":"G5020","FUNCSTAT10":"S","ALAND10":347995,"AWATER10":0,"INTPTLAT10":"+37.7591680","INTPTLON10":"-122.4235588","OBJECTID_1":2418,"trctidfp10":"06075020700","stcou":"06075","pdenied":0.90293455123901367,"JOINID":"06075020700","STCOU_TXT":"06075","Shape_Length":0.02556265647349195,"Shape_Area":3.5580425500129727e-05}},{"type":"Feature","id":184,"geometry":{"type":"Polygon","coordinates":[[[-122.42568899999998,37.757430000000056],[-122.42562699999996,37.757518000000061],[-122.42568299999999,37.75814500000007],[-122.42576699999995,37.758227000000034],[-122.42569199999997,37.758349000000067],[-122.42574599999995,37.758912000000066],[-122.42584299999999,37.759029000000055],[-122.42576899999995,37.75915400000008],[-122.42582199999998,37.759710000000041],[-122.42591999999996,37.759830000000079],[-122.42584599999998,37.759949000000063],[-122.42597899999998,37.761315000000025],[-122.42607699999996,37.761427000000026],[-122.42600199999998,37.761549000000059],[-122.42605399999997,37.762102000000027],[-122.42614599999996,37.762160000000051],[-122.42606499999999,37.762222000000065],[-122.42610399999995,37.762631000000056],[-122.42613099999994,37.762912000000028],[-122.42622799999998,37.763031000000069],[-122.42716699999994,37.762973000000045],[-122.42850899999996,37.762890000000027],[-122.43072699999999,37.762753000000032],[-122.43154499999997,37.762703000000045],[-122.43212399999999,37.762668000000076],[-122.43294899999995,37.762618000000032],[-122.43406199999998,37.76255100000003],[-122.43493999999998,37.76250200000004],[-122.43518799999998,37.762671000000068],[-122.43514099999999,37.762414000000035],[-122.43500099999994,37.760889000000077],[-122.43485399999997,37.759289000000024],[-122.43469799999997,37.757687000000033],[-122.43462199999999,37.756887000000063],[-122.43454599999995,37.756093000000078],[-122.43233099999998,37.756227000000024],[-122.43176999999997,37.756260000000054],[-122.43011499999994,37.756360000000029],[-122.42789199999999,37.756494000000032],[-122.42678699999999,37.756561000000033],[-122.42561199999994,37.756631000000027],[-122.42554999999999,37.75672000000003],[-122.42560499999996,37.757347000000038],[-122.42568899999998,37.757430000000056]]]},"properties":{"OBJECTID":184,"STATEFP10":"06","COUNTYFP10":"075","TRACTCE10":"020600","GEOID10":"06075020600","NAME10":"206","NAMELSAD10":"Census Tract 206","MTFCC10":"G5020","FUNCSTAT10":"S","ALAND10":566490,"AWATER10":0,"INTPTLAT10":"+37.7595628","INTPTLON10":"-122.4303496","OBJECTID_1":2417,"trctidfp10":"06075020600","stcou":"06075","pdenied":1.4669927358627319,"JOINID":"06075020600","STCOU_TXT":"06075","Shape_Length":0.031436056837361982,"Shape_Area":5.7920519999989988e-05}},{"type":"Feature","id":185,"geometry":{"type":"Polygon","coordinates":[[[-122.43933699999997,37.760627000000056],[-122.43925599999994,37.759808000000078],[-122.43916699999994,37.759028000000058],[-122.43911399999996,37.758463000000063],[-122.43907399999995,37.757855000000063],[-122.43903299999999,37.757415000000037],[-122.43900299999996,37.757090000000062],[-122.43897699999997,37.757022000000063],[-122.43883899999997,37.755525000000034],[-122.43886399999997,37.755434000000037],[-122.43776899999995,37.755541000000051],[-122.43780299999997,37.755893000000071],[-122.43674399999998,37.755966000000058],[-122.43564199999997,37.756041000000039],[-122.43467099999998,37.756109000000038],[-122.43454599999995,37.756093000000078],[-122.43462199999999,37.756887000000063],[-122.43469799999997,37.757687000000033],[-122.43485399999997,37.759289000000024],[-122.43500099999994,37.760889000000077],[-122.43514099999999,37.762414000000035],[-122.43518799999998,37.762671000000068],[-122.43532199999999,37.762691000000075],[-122.43580399999996,37.762499000000048],[-122.43597299999999,37.762449000000061],[-122.43636899999996,37.762430000000052],[-122.43643699999996,37.762409000000048],[-122.43734199999994,37.762355000000071],[-122.43841799999996,37.762291000000062],[-122.43949099999998,37.762227000000053],[-122.43941399999994,37.761425000000031],[-122.43933699999997,37.760627000000056]]]},"properties":{"OBJECTID":185,"STATEFP10":"06","COUNTYFP10":"075","TRACTCE10":"020500","GEOID10":"06075020500","NAME10":"205","NAMELSAD10":"Census Tract 205","MTFCC10":"G5020","FUNCSTAT10":"S","ALAND10":276920,"AWATER10":0,"INTPTLAT10":"+37.7591285","INTPTLON10":"-122.4370296","OBJECTID_1":2416,"trctidfp10":"06075020500","stcou":"06075","pdenied":0.97902101278305054,"JOINID":"06075020500","STCOU_TXT":"06075","Shape_Length":0.022518191260361545,"Shape_Area":2.8313654999983425e-05}},{"type":"Feature","id":186,"geometry":{"type":"Polygon","coordinates":[[[-122.42622799999998,37.763031000000069],[-122.42615299999994,37.763150000000053],[-122.42622599999999,37.763916000000052],[-122.42631699999998,37.763970000000029],[-122.42623999999995,37.764060000000029],[-122.42628199999996,37.76450600000004],[-122.42638199999999,37.764646000000027],[-122.42630899999995,37.764792000000057],[-122.42639799999995,37.765711000000067],[-122.42649099999994,37.765774000000079],[-122.42640999999998,37.765835000000038],[-122.42644399999995,37.766185000000064],[-122.42653799999999,37.766268000000025],[-122.42646099999996,37.766361000000074],[-122.42652399999997,37.767013000000077],[-122.42661599999997,37.767070000000047],[-122.42653499999994,37.767128000000071],[-122.42659599999996,37.767758000000072],[-122.42669299999994,37.767869000000076],[-122.42661799999996,37.767990000000054],[-122.42671299999995,37.768982000000051],[-122.42685799999998,37.76904200000007],[-122.42694799999998,37.769175000000075],[-122.42746199999999,37.768770000000075],[-122.42863499999999,37.767846000000077],[-122.42865699999999,37.767735000000073],[-122.428969,37.767729000000031],[-122.42894899999999,37.767504000000031],[-122.42918199999997,37.767413000000033],[-122.43074899999999,37.766177000000027],[-122.43082399999997,37.766014000000041],[-122.43083999999999,37.765928000000031],[-122.43091199999998,37.765876000000048],[-122.43102499999998,37.765868000000069],[-122.43123099999997,37.765788000000043],[-122.43292299999996,37.764468000000079],[-122.43307399999998,37.764196000000027],[-122.43341099999998,37.764069000000063],[-122.43455999999998,37.763138000000026],[-122.43515199999996,37.762743000000057],[-122.43518799999998,37.762671000000068],[-122.43493999999998,37.76250200000004],[-122.43406199999998,37.76255100000003],[-122.43294899999995,37.762618000000032],[-122.43212399999999,37.762668000000076],[-122.43154499999997,37.762703000000045],[-122.43072699999999,37.762753000000032],[-122.42850899999996,37.762890000000027],[-122.42716699999994,37.762973000000045],[-122.42622799999998,37.763031000000069]]]},"properties":{"OBJECTID":186,"STATEFP10":"06","COUNTYFP10":"075","TRACTCE10":"020300","GEOID10":"06075020300","NAME10":"203","NAMELSAD10":"Census Tract 203","MTFCC10":"G5020","FUNCSTAT10":"S","ALAND10":286072,"AWATER10":0,"INTPTLAT10":"+37.7649411","INTPTLON10":"-122.4294368","OBJECTID_1":2413,"trctidfp10":"06075020300","stcou":"06075","pdenied":1.605136513710022,"JOINID":"06075020300","STCOU_TXT":"06075","Shape_Length":0.026603158217190535,"Shape_Area":2.9251196500232218e-05}},{"type":"Feature","id":187,"geometry":{"type":"Polygon","coordinates":[[[-122.42213999999996,37.767531000000076],[-122.42219899999998,37.768140000000074],[-122.42225799999994,37.768754000000058],[-122.42230799999999,37.769278000000043],[-122.42236499999996,37.769868000000031],[-122.42244399999998,37.770715000000052],[-122.42252599999995,37.771595000000048],[-122.42248499999999,37.771712000000036],[-122.42254199999996,37.772315000000049],[-122.42261999999999,37.772503000000029],[-122.42273199999994,37.77248000000003],[-122.42326699999995,37.772058000000072],[-122.42359599999997,37.771798000000047],[-122.42361999999997,37.771717000000081],[-122.42372499999999,37.771696000000077],[-122.42400799999996,37.771474000000069],[-122.42482899999999,37.770829000000049],[-122.42485299999998,37.770748000000026],[-122.42495799999995,37.770726000000025],[-122.42628499999995,37.769684000000041],[-122.42630899999995,37.769603000000075],[-122.42655499999995,37.769485000000032],[-122.42694799999998,37.769175000000075],[-122.42685799999998,37.76904200000007],[-122.42671299999995,37.768982000000051],[-122.42661799999996,37.767990000000054],[-122.42669299999994,37.767869000000076],[-122.42659599999996,37.767758000000072],[-122.42653499999994,37.767128000000071],[-122.42661599999997,37.767070000000047],[-122.42652399999997,37.767013000000077],[-122.42646099999996,37.766361000000074],[-122.42653799999999,37.766268000000025],[-122.42644399999995,37.766185000000064],[-122.42640999999998,37.765835000000038],[-122.42649099999994,37.765774000000079],[-122.42639799999995,37.765711000000067],[-122.42630899999995,37.764792000000057],[-122.42638199999999,37.764646000000027],[-122.42628199999996,37.76450600000004],[-122.42623999999995,37.764060000000029],[-122.42631699999998,37.763970000000029],[-122.42622599999999,37.763916000000052],[-122.42615299999994,37.763150000000053],[-122.42622799999998,37.763031000000069],[-122.42480699999999,37.763117000000079],[-122.42395899999997,37.763168000000064],[-122.42307499999998,37.763221000000044],[-122.42269899999997,37.763243000000045],[-122.42173199999996,37.763300000000072],[-122.42188599999997,37.764917000000025],[-122.42196399999995,37.765721000000042],[-122.42204399999997,37.766540000000077],[-122.42212199999994,37.767344000000037],[-122.42213999999996,37.767531000000076]]]},"properties":{"OBJECTID":187,"STATEFP10":"06","COUNTYFP10":"075","TRACTCE10":"020200","GEOID10":"06075020200","NAME10":"202","NAMELSAD10":"Census Tract 202","MTFCC10":"G5020","FUNCSTAT10":"S","ALAND10":338342,"AWATER10":0,"INTPTLAT10":"+37.7671163","INTPTLON10":"-122.4241789","OBJECTID_1":2412,"trctidfp10":"06075020200","stcou":"06075","pdenied":1.1376564502716064,"JOINID":"06075020200","STCOU_TXT":"06075","Shape_Length":0.02606950629857421,"Shape_Area":3.4596858999859049e-05}},{"type":"Feature","id":188,"geometry":{"type":"Polygon","coordinates":[[[-122.39328699999999,37.778427000000079],[-122.39274999999998,37.778852000000029],[-122.39429999999999,37.78009000000003],[-122.39463099999995,37.780354000000045],[-122.39506499999999,37.780701000000079],[-122.39551799999998,37.781062000000077],[-122.39584299999996,37.781321000000048],[-122.39637999999997,37.781750000000045],[-122.39646099999999,37.781815000000051],[-122.39661299999995,37.781937000000028],[-122.39684099999999,37.78211900000008],[-122.39738599999998,37.782554000000061],[-122.39834099999996,37.781799000000035],[-122.39961599999998,37.780791000000079],[-122.40184299999999,37.779032000000029],[-122.40238499999998,37.77860400000003],[-122.40296099999995,37.778149000000042],[-122.40352999999999,37.777700000000038],[-122.40406999999999,37.777273000000037],[-122.40460999999999,37.776846000000035],[-122.40489599999995,37.776620000000037],[-122.40547599999996,37.776162000000056],[-122.40629599999994,37.775514000000044],[-122.40636899999998,37.775457000000074],[-122.40682899999996,37.775093000000027],[-122.40740499999998,37.774638000000039],[-122.40776799999998,37.774351000000024],[-122.40798599999999,37.774179000000061],[-122.40851599999996,37.773760000000038],[-122.40891299999998,37.773447000000033],[-122.40968299999997,37.772838000000036],[-122.41007699999994,37.772526000000028],[-122.41067799999996,37.772052000000031],[-122.41127799999998,37.771579000000031],[-122.41184099999998,37.771135000000072],[-122.41247999999996,37.77063000000004],[-122.41098899999997,37.769456000000048],[-122.41095899999999,37.769433000000049],[-122.41093099999995,37.769411000000048],[-122.41090799999995,37.769429000000059],[-122.41088599999995,37.769447000000071],[-122.40973599999995,37.770349000000067],[-122.40903499999996,37.76979300000005],[-122.40843599999999,37.769318000000055],[-122.40800699999994,37.769244000000072],[-122.40789499999994,37.769343000000049],[-122.40773899999999,37.769466000000079],[-122.40763999999996,37.769545000000051],[-122.40762299999994,37.769558000000075],[-122.40758699999998,37.769586000000061],[-122.40700099999998,37.770050000000026],[-122.40621299999998,37.76946300000003],[-122.40593899999999,37.769659000000047],[-122.40584399999995,37.769665000000032],[-122.40558899999996,37.769680000000051],[-122.40540799999997,37.769690000000026],[-122.40520299999997,37.769702000000052],[-122.40498999999994,37.769715000000076],[-122.40439099999998,37.769750000000045],[-122.40408299999996,37.76996900000006],[-122.40387799999996,37.77006300000005],[-122.40165699999994,37.771817000000055],[-122.39964799999996,37.773404000000028],[-122.39951599999995,37.773507000000052],[-122.39943299999999,37.773573000000056],[-122.40021199999995,37.774195000000077],[-122.40056999999996,37.77448000000004],[-122.40098199999994,37.774809000000062],[-122.40091399999994,37.774862000000041],[-122.39875499999999,37.776568000000054],[-122.39796899999999,37.775941000000046],[-122.39720599999998,37.775332000000049],[-122.39498099999997,37.777089000000046],[-122.39385699999997,37.777977000000078],[-122.39353699999998,37.778230000000065],[-122.39328699999999,37.778427000000079]]]},"properties":{"OBJECTID":188,"STATEFP10":"06","COUNTYFP10":"075","TRACTCE10":"018000","GEOID10":"06075018000","NAME10":"180","NAMELSAD10":"Census Tract 180","MTFCC10":"G5020","FUNCSTAT10":"S","ALAND10":937025,"AWATER10":0,"INTPTLAT10":"+37.7753304","INTPTLON10":"-122.4022764","OBJECTID_1":2410,"trctidfp10":"06075018000","stcou":"06075","pdenied":2.692307710647583,"JOINID":"06075018000","STCOU_TXT":"06075","Shape_Length":0.053659736396611903,"Shape_Area":9.5825965000007784e-05}},{"type":"Feature","id":189,"geometry":{"type":"Polygon","coordinates":[[[-122.42422699999997,37.85045000000008],[-122.43362499999995,37.846912000000032],[-122.44548299999997,37.842427000000043],[-122.45398299999999,37.839027000000044],[-122.44918199999995,37.811728000000073],[-122.44868199999996,37.808628000000056],[-122.44308199999995,37.809728000000064],[-122.43008199999997,37.811828000000048],[-122.42518199999995,37.812628000000075],[-122.42458199999999,37.81272800000005],[-122.42449099999999,37.81273200000004],[-122.42248199999995,37.812828000000025],[-122.42107599999997,37.812889000000041],[-122.42018199999995,37.812928000000056],[-122.40748199999996,37.81272800000005],[-122.40578199999999,37.811728000000073],[-122.39848199999994,37.807228000000066],[-122.39338199999997,37.801928000000032],[-122.38898099999994,37.796628000000055],[-122.38778099999996,37.795128000000034],[-122.38518099999999,37.791528000000028],[-122.38168099999996,37.783529000000044],[-122.38058099999995,37.775129000000049],[-122.37968099999995,37.767629000000056],[-122.37798099999998,37.753629000000046],[-122.37606399999999,37.752560000000074],[-122.37318799999997,37.745948000000055],[-122.37411699999996,37.744975000000068],[-122.37408699999997,37.744960000000049],[-122.37402399999996,37.744949000000076],[-122.37396099999995,37.744956000000059],[-122.37390699999997,37.74497800000006],[-122.37386399999997,37.745013000000029],[-122.37384299999997,37.745047000000056],[-122.37385399999999,37.745086000000072],[-122.37343099999998,37.745333000000073],[-122.37335699999994,37.745372000000032],[-122.37327499999998,37.745400000000075],[-122.37317099999996,37.745415000000037],[-122.37307299999998,37.745413000000042],[-122.37298599999997,37.745397000000025],[-122.37295599999999,37.745387000000051],[-122.37276199999997,37.745505000000037],[-122.36907899999994,37.741644000000065],[-122.36763099999996,37.740134000000069],[-122.36786799999999,37.739994000000024],[-122.36828599999996,37.73997600000007],[-122.36827399999999,37.739828000000045],[-122.37121899999994,37.739666000000057],[-122.37123499999996,37.739665000000059],[-122.37125299999997,37.739664000000062],[-122.37125899999995,37.73974000000004],[-122.37126399999994,37.739793000000077],[-122.37340799999998,37.739659000000074],[-122.37342299999995,37.739635000000078],[-122.37345299999998,37.739619000000062],[-122.37360699999999,37.73959300000007],[-122.37400399999996,37.739530000000059],[-122.37401199999999,37.73949900000008],[-122.37400399999996,37.739467000000047],[-122.37395999999995,37.739420000000052],[-122.37389899999999,37.739354000000048],[-122.37381099999999,37.739228000000026],[-122.37374799999998,37.73909400000008],[-122.37369199999995,37.738957000000028],[-122.37363299999998,37.73885400000006],[-122.37354699999997,37.738741000000061],[-122.37342899999999,37.738623000000075],[-122.37330899999995,37.738532000000077],[-122.37319599999995,37.738463000000024],[-122.37307399999997,37.73840400000006],[-122.37292399999995,37.73834800000003],[-122.37276599999996,37.738308000000075],[-122.37260299999997,37.738282000000027],[-122.37243699999999,37.738273000000049],[-122.37234199999995,37.738275000000044],[-122.37141799999995,37.738198000000068],[-122.37120399999998,37.738177000000064],[-122.37098299999997,37.738171000000079],[-122.37076199999996,37.738181000000054],[-122.37058599999995,37.738199000000066],[-122.37054199999994,37.738153000000068],[-122.37040399999995,37.738203000000055],[-122.37016099999994,37.73820500000005],[-122.36983899999996,37.738225000000057],[-122.36959799999994,37.738251000000048],[-122.36947499999997,37.738269000000059],[-122.36934199999996,37.738275000000044],[-122.36920899999996,37.738268000000062],[-122.36915199999999,37.73826100000008],[-122.36906699999997,37.738262000000077],[-122.36899399999999,37.738251000000048],[-122.36874399999999,37.738246000000061],[-122.36841199999998,37.73825400000004],[-122.36807999999996,37.738282000000027],[-122.36751899999996,37.738344000000041],[-122.36749799999996,37.738337000000058],[-122.36745999999999,37.738326000000029],[-122.36742199999998,37.738300000000038],[-122.36739899999998,37.738264000000072],[-122.36739399999999,37.738224000000059],[-122.36740399999996,37.738194000000078],[-122.36747499999996,37.738139000000047],[-122.36755399999998,37.738100000000031],[-122.36764899999997,37.73807400000004],[-122.36792099999997,37.738023000000055],[-122.36815399999995,37.737990000000025],[-122.36838899999998,37.737967000000026],[-122.36844599999995,37.737957000000051],[-122.36849399999994,37.737960000000044],[-122.36862399999995,37.737941000000035],[-122.36874999999998,37.737908000000061],[-122.36885499999994,37.737868000000049],[-122.36895299999998,37.737817000000064],[-122.36898099999996,37.737787000000026],[-122.36901999999998,37.737767000000076],[-122.36907199999996,37.737760000000037],[-122.36911299999997,37.737767000000076],[-122.36927899999995,37.737757000000045],[-122.36947999999995,37.737726000000066],[-122.36964799999998,37.737684000000058],[-122.36980899999998,37.737629000000027],[-122.36987299999998,37.737600000000043],[-122.36993599999994,37.737569000000065],[-122.37000099999995,37.737552000000051],[-122.37017599999996,37.737525000000062],[-122.37030699999997,37.737490000000037],[-122.37043099999994,37.737442000000044],[-122.37051699999995,37.737397000000044],[-122.37054899999998,37.737373000000048],[-122.37058999999999,37.737364000000071],[-122.37063299999994,37.737371000000053],[-122.37069999999994,37.737378000000035],[-122.37076699999994,37.737371000000053],[-122.37082899999996,37.737349000000052],[-122.37088399999999,37.737312000000031],[-122.37096499999996,37.737220000000036],[-122.37103799999994,37.737162000000069],[-122.37112299999995,37.737115000000074],[-122.37121699999994,37.737081000000046],[-122.37129699999997,37.737063000000035],[-122.37134799999995,37.737056000000052],[-122.37138099999999,37.737080000000049],[-122.37137399999995,37.737059000000045],[-122.37149399999998,37.737078000000054],[-122.37161599999996,37.737080000000049],[-122.37173699999994,37.73706500000003],[-122.37185799999997,37.737037000000043],[-122.37192799999997,37.737034000000051],[-122.37199599999997,37.737043000000028],[-122.37204999999994,37.737076000000059],[-122.37209999999999,37.737123000000054],[-122.37212899999997,37.737163000000066],[-122.37222199999997,37.737149000000045],[-122.37228799999997,37.737126000000046],[-122.37229999999994,37.737107000000037],[-122.37229899999994,37.737089000000026],[-122.37250899999998,37.737062000000037],[-122.37273699999997,37.737047000000075],[-122.37292299999996,37.737043000000028],[-122.37305999999995,37.737051000000065],[-122.37319599999995,37.737070000000074],[-122.37332799999996,37.737101000000052],[-122.37345599999998,37.737142000000063],[-122.37353699999994,37.737176000000034],[-122.37394999999998,37.737510000000043],[-122.37432199999995,37.737787000000026],[-122.37432799999999,37.737790000000075],[-122.37437899999998,37.737812000000076],[-122.37444299999999,37.737823000000049],[-122.37452699999994,37.737820000000056],[-122.37478199999998,37.737941000000035],[-122.37499999999994,37.738053000000036],[-122.37513999999999,37.738148000000024],[-122.37529899999998,37.738239000000078],[-122.37543299999999,37.738304000000028],[-122.37560899999994,37.738374000000078],[-122.37579099999999,37.738432000000046],[-122.37597899999997,37.738477000000046],[-122.37608399999999,37.738475000000051],[-122.37618199999997,37.738456000000042],[-122.37627199999997,37.738421000000073],[-122.37635199999994,37.738372000000027],[-122.37641699999995,37.73831000000007],[-122.37645799999996,37.738252000000045],[-122.37601799999999,37.737991000000079],[-122.37586899999997,37.738003000000049],[-122.37570399999998,37.738001000000054],[-122.37556299999994,37.737987000000032],[-122.37544599999995,37.737961000000041],[-122.37534199999999,37.737925000000075],[-122.37523299999998,37.737870000000044],[-122.375137,37.737803000000042],[-122.37505499999997,37.737724000000071],[-122.37499599999995,37.737647000000038],[-122.37495099999995,37.73756300000008],[-122.37491599999998,37.737453000000073],[-122.37490199999996,37.737402000000031],[-122.37488299999995,37.737295000000074],[-122.37488399999995,37.737199000000032],[-122.37490499999996,37.737092000000075],[-122.37494199999998,37.73700000000008],[-122.37499399999996,37.73691400000007],[-122.37505199999998,37.736843000000079],[-122.37502899999998,37.736798000000078],[-122.37502799999999,37.736747000000037],[-122.37505099999998,37.736698000000047],[-122.37512199999998,37.736630000000048],[-122.37515199999996,37.736576000000071],[-122.37516799999997,37.736504000000025],[-122.37516499999998,37.736415000000079],[-122.37521999999996,37.736299000000031],[-122.37523699999997,37.736225000000047],[-122.37549299999995,37.736054000000024],[-122.37556499999999,37.735998000000052],[-122.37566499999997,37.735884000000055],[-122.37573699999996,37.735829000000024],[-122.37583099999995,37.735819000000049],[-122.37590199999994,37.735838000000058],[-122.37594799999999,37.735843000000045],[-122.37596599999995,37.735816000000057],[-122.37596499999995,37.735773000000052],[-122.37590499999999,37.73565300000007],[-122.37588099999999,37.735629000000074],[-122.37590999999998,37.735561000000075],[-122.37589799999995,37.735531000000037],[-122.37585499999994,37.735520000000065],[-122.37582799999996,37.735493000000076],[-122.37587699999995,37.735471000000075],[-122.37584999999996,37.735453000000064],[-122.37590199999994,37.735416000000043],[-122.37592799999999,37.735385000000065],[-122.37598999999994,37.73524100000003],[-122.37599999999998,37.735186000000056],[-122.37591699999996,37.735087000000078],[-122.37587399999995,37.735048000000063],[-122.37583299999994,37.735088000000076],[-122.37578299999996,37.735099000000048],[-122.37572999999998,37.735121000000049],[-122.37562899999995,37.735207000000059],[-122.37557199999998,37.735239000000036],[-122.37550199999998,37.735331000000031],[-122.37546099999997,37.735359000000074],[-122.37537299999997,37.735397000000034],[-122.37531999999999,37.735394000000042],[-122.37525399999998,37.735380000000077],[-122.37516499999998,37.735324000000048],[-122.37512599999997,37.735291000000075],[-122.37507499999998,37.735265000000027],[-122.37504199999995,37.735165000000052],[-122.37503699999996,37.73509800000005],[-122.37505799999997,37.735043000000076],[-122.37500799999998,37.735029000000054],[-122.37496599999997,37.735029000000054],[-122.37490799999995,37.735003000000063],[-122.37487699999997,37.734976000000074],[-122.37487099999998,37.734924000000035],[-122.37491399999999,37.734808000000044],[-122.37494699999996,37.734741000000042],[-122.37498799999997,37.734704000000079],[-122.37502999999998,37.734682000000078],[-122.37510499999996,37.734629000000041],[-122.37511599999999,37.734586000000036],[-122.37514599999997,37.734562000000039],[-122.37512899999996,37.734522000000027],[-122.37503599999997,37.734454000000028],[-122.37498099999999,37.734427000000039],[-122.37493899999998,37.734419000000059],[-122.37491299999999,37.734435000000076],[-122.37489299999999,37.734423000000049],[-122.37489299999999,37.734398000000056],[-122.37490299999996,37.734347000000071],[-122.37488199999996,37.734280000000069],[-122.37486899999999,37.734207000000026],[-122.37486799999999,37.73417100000006],[-122.37492699999996,37.73407300000008],[-122.37495199999995,37.734015000000056],[-122.37495699999999,37.733926000000054],[-122.37496399999998,37.733890000000031],[-122.37498199999999,37.733862000000045],[-122.37501299999997,37.733843000000036],[-122.37512299999997,37.733826000000079],[-122.37515399999995,37.733820000000037],[-122.37517199999996,37.733795000000043],[-122.37517099999997,37.733765000000062],[-122.37522899999999,37.733624000000077],[-122.37524999999999,37.733599000000027],[-122.37528899999995,37.733553000000029],[-122.37536199999994,37.73342400000007],[-122.37537599999996,37.733376000000078],[-122.37538199999995,37.733312000000069],[-122.37546399999997,37.733228000000054],[-122.37550999999996,37.733200000000068],[-122.37552299999999,37.733139000000051],[-122.37550699999997,37.733106000000078],[-122.37565199999995,37.732934000000057],[-122.37568499999998,37.732896000000039],[-122.37564499999996,37.732900000000029],[-122.37553999999994,37.732845000000054],[-122.37555399999997,37.732823000000053],[-122.37561699999998,37.732755000000054],[-122.37557399999997,37.732716000000039],[-122.37547599999999,37.73277900000005],[-122.37519699999996,37.732959000000051],[-122.37503399999997,37.732799000000057],[-122.37500899999998,37.732774000000063],[-122.37496999999996,37.732753000000059],[-122.37489099999999,37.732800000000054],[-122.37486699999999,37.732773000000066],[-122.37483299999997,37.732786000000033],[-122.37480499999998,37.732756000000052],[-122.37460899999996,37.73288000000008],[-122.37455799999998,37.732820000000061],[-122.37490499999996,37.732605000000035],[-122.37482299999999,37.732530000000054],[-122.37467599999997,37.732639000000063],[-122.374394,37.732540000000029],[-122.37430999999998,37.732548000000065],[-122.37422999999995,37.732576000000051],[-122.37417699999997,37.732586000000026],[-122.37411999999995,37.732621000000051],[-122.37411299999997,37.732657000000074],[-122.37400299999996,37.732674000000031],[-122.37391199999996,37.732712000000049],[-122.37389299999995,37.732737000000043],[-122.37388299999998,37.732773000000066],[-122.37379899999996,37.732775000000061],[-122.37376099999994,37.732800000000054],[-122.37374699999998,37.732855000000029],[-122.37372499999998,37.732885000000067],[-122.37369399999994,37.732895000000042],[-122.37363699999997,37.732893000000047],[-122.37356799999998,37.732909000000063],[-122.37351199999995,37.732949000000076],[-122.37350099999998,37.732980000000055],[-122.37349999999998,37.733071000000052],[-122.37348099999997,37.733087000000069],[-122.37343599999997,37.733106000000078],[-122.37341199999997,37.733100000000036],[-122.37337199999996,37.733155000000068],[-122.37332699999996,37.733186000000046],[-122.37329199999999,37.73319900000007],[-122.37325499999997,37.733221000000071],[-122.37321699999995,37.733255000000042],[-122.37318399999998,37.733313000000066],[-122.37313299999994,37.73334200000005],[-122.37305599999996,37.733385000000055],[-122.37302599999998,37.733416000000034],[-122.37298799999996,37.733444000000077],[-122.37284299999999,37.73361600000004],[-122.37278699999996,37.733675000000062],[-122.37265999999994,37.733790000000056],[-122.37257099999999,37.733900000000062],[-122.37254699999994,37.73395400000004],[-122.37251599999996,37.73399900000004],[-122.37246699999997,37.734021000000041],[-122.37239099999999,37.734046000000035],[-122.37233799999996,37.734074000000078],[-122.37226399999997,37.734164000000078],[-122.37222999999994,37.734198000000049],[-122.37213499999996,37.73422000000005],[-122.37206599999996,37.734218000000055],[-122.37202399999995,37.734213000000068],[-122.37197699999996,37.734199000000046],[-122.37191299999995,37.734209000000078],[-122.37189299999994,37.734188000000074],[-122.37184999999999,37.734170000000063],[-122.37178399999999,37.734123000000068],[-122.37175699999995,37.734099000000072],[-122.37158999999997,37.734007000000076],[-122.37145199999998,37.733867000000032],[-122.37141299999996,37.733822000000032],[-122.37136599999997,37.733789000000058],[-122.37134499999996,37.733757000000026],[-122.37130599999995,37.733699000000058],[-122.37124799999998,37.733663000000035],[-122.37118199999998,37.733631000000059],[-122.37114299999996,37.733604000000071],[-122.37111899999996,37.733565000000056],[-122.37106899999998,37.733544000000052],[-122.37104099999999,37.733514000000071],[-122.37100899999996,37.733463000000029],[-122.37094599999995,37.733385000000055],[-122.37090699999999,37.733349000000032],[-122.37085499999995,37.73325600000004],[-122.37081199999994,37.733242000000075],[-122.37076299999995,37.733251000000052],[-122.37073899999996,37.733237000000031],[-122.37074199999995,37.733209000000045],[-122.37073399999997,37.733167000000037],[-122.37071299999997,37.733112000000062],[-122.37060399999996,37.733035000000029],[-122.37051099999996,37.733006000000046],[-122.37044499999996,37.732950000000073],[-122.37023199999999,37.732868000000053],[-122.37007699999998,37.732788000000028],[-122.36999099999997,37.732714000000044],[-122.36992899999996,37.732672000000036],[-122.36988999999994,37.732639000000063],[-122.36984899999999,37.732612000000074],[-122.36940199999998,37.73311300000006],[-122.36884199999997,37.733741000000066],[-122.36828199999997,37.734368000000075],[-122.36739099999994,37.735366000000056],[-122.36715699999996,37.735628000000077],[-122.36582199999998,37.737123000000054],[-122.35952099999997,37.731302000000028],[-122.35655899999995,37.729657000000032],[-122.35687899999999,37.727927000000079],[-122.35854099999995,37.715850000000046],[-122.35864399999997,37.715817000000072],[-122.36038099999996,37.708331000000044],[-122.29457999999994,37.708230000000071],[-122.28177999999997,37.708230000000071],[-122.28245999999996,37.709309000000076],[-122.28449999999998,37.712550000000078],[-122.28517999999997,37.71363000000008],[-122.28609899999998,37.715070000000026],[-122.28885999999994,37.719390000000033],[-122.28977999999995,37.720830000000035],[-122.29019999999997,37.721490000000074],[-122.29145999999997,37.723470000000077],[-122.29187999999999,37.724130000000059],[-122.29221999999999,37.724630000000047],[-122.29323999999997,37.726130000000069],[-122.29357999999996,37.726630000000057],[-122.29375999999996,37.726910000000032],[-122.29429999999996,37.727750000000071],[-122.29447999999996,37.728030000000047],[-122.29766799999999,37.733196000000078],[-122.30027999999999,37.737429000000077],[-122.30117999999999,37.738829000000067],[-122.30727999999999,37.748668000000066],[-122.31047999999998,37.753829000000053],[-122.31313599999999,37.757999000000041],[-122.31609199999997,37.762638000000038],[-122.32155499999999,37.771215000000041],[-122.32495999999998,37.776560000000075],[-122.32791699999996,37.781202000000064],[-122.32863999999995,37.782350000000065],[-122.32873399999994,37.782498000000032],[-122.32880499999999,37.782610000000034],[-122.32887599999998,37.782723000000033],[-122.32943999999998,37.783618000000047],[-122.32953199999997,37.783764000000076],[-122.32962299999997,37.783909000000051],[-122.33016399999997,37.784766000000047],[-122.33038699999997,37.785120000000063],[-122.33060999999998,37.785474000000079],[-122.33081099999998,37.785794000000067],[-122.33153599999997,37.786942000000067],[-122.33244299999996,37.788398000000029],[-122.33516999999995,37.792768000000081],[-122.33607999999998,37.79422500000004],[-122.33608199999998,37.794228000000032],[-122.33608799999996,37.794239000000061],[-122.33609099999995,37.794243000000051],[-122.33646699999997,37.794846000000064],[-122.33658099999997,37.795028000000059],[-122.33664199999998,37.795121000000051],[-122.34028099999995,37.800628000000074],[-122.34156099999996,37.802707000000055],[-122.34540099999998,37.808947000000046],[-122.34668099999999,37.811027000000024],[-122.34688099999994,37.811427000000037],[-122.34718099999998,37.81224700000007],[-122.34854599999994,37.815967000000057],[-122.34900099999999,37.817208000000051],[-122.34919399999995,37.817728000000045],[-122.34938699999998,37.81824800000004],[-122.35037599999998,37.820911000000081],[-122.35263399999997,37.826988000000028],[-122.35450399999996,37.832023000000049],[-122.35588099999995,37.835727000000077],[-122.35825999999997,37.841926000000058],[-122.36539999999997,37.86052600000005],[-122.36778099999998,37.866726000000028],[-122.36897999999997,37.87012500000003],[-122.36922799999996,37.870826000000079],[-122.37067599999995,37.874927000000071],[-122.37222899999995,37.879326000000049],[-122.37258099999997,37.880325000000028],[-122.37378199999995,37.883725000000027],[-122.37398199999996,37.88388400000008],[-122.37458199999998,37.884364000000062],[-122.37478199999998,37.884525000000053],[-122.38173999999998,37.889955000000043],[-122.39938199999995,37.903725000000065],[-122.40259299999997,37.906274000000053],[-122.40950699999996,37.911763000000064],[-122.41214199999996,37.913855000000069],[-122.42004699999995,37.920131000000026],[-122.42268299999995,37.922224000000028],[-122.42460199999999,37.923744000000056],[-122.42644399999995,37.92520200000007],[-122.43020499999994,37.928179000000057],[-122.43036199999995,37.928304000000026],[-122.43221599999998,37.929771000000073],[-122.43228299999998,37.929824000000053],[-122.43018299999994,37.91842500000007],[-122.42758299999997,37.904025000000047],[-122.42408299999994,37.884626000000026],[-122.42268299999995,37.878126000000066],[-122.42248299999994,37.876426000000038],[-122.42216199999996,37.87443600000006],[-122.42037999999997,37.863426000000061],[-122.42034199999995,37.863203000000055],[-122.41990699999997,37.86057900000003],[-122.41988099999998,37.860425000000077],[-122.41879399999999,37.853496000000064],[-122.41878199999996,37.853425000000072],[-122.41867299999996,37.852505000000065],[-122.41870999999998,37.852491000000043],[-122.42247499999996,37.851110000000062],[-122.42422699999997,37.85045000000008]]]},"properties":{"OBJECTID":189,"STATEFP10":"06","COUNTYFP10":"075","TRACTCE10":"017902","GEOID10":"06075017902","NAME10":"179.02","NAMELSAD10":"Census Tract 179.02","MTFCC10":"G5020","FUNCSTAT10":"S","ALAND10":2720913,"AWATER10":123838689,"INTPTLAT10":"+37.8619483","INTPTLON10":"-122.4197010","OBJECTID_1":2409,"trctidfp10":"06075017902","stcou":"06075","pdenied":0,"JOINID":"06075017902","STCOU_TXT":"06075","Shape_Length":0.71224557805972966,"Shape_Area":0.012948308886498327}},{"type":"Feature","id":190,"geometry":{"type":"Polygon","coordinates":[[[-122.41556099999997,37.773101000000054],[-122.41610399999996,37.773532000000046],[-122.41657599999996,37.773906000000068],[-122.41710399999999,37.774325000000033],[-122.41751499999998,37.774651000000063],[-122.41865899999999,37.775558000000046],[-122.41870399999999,37.775645000000054],[-122.41916799999996,37.775278000000071],[-122.41925599999996,37.775147000000061],[-122.41927999999996,37.774945000000059],[-122.41901499999994,37.774098000000038],[-122.41872999999998,37.773183000000074],[-122.41861799999998,37.773053000000061],[-122.41860799999995,37.772731000000078],[-122.41846899999996,37.772323000000029],[-122.41835199999997,37.772222000000056],[-122.41839899999997,37.772102000000075],[-122.41802899999999,37.770876000000044],[-122.41799499999996,37.77076500000004],[-122.41791499999999,37.77062600000005],[-122.41779399999996,37.770435000000077],[-122.41760899999997,37.770407000000034],[-122.41770599999995,37.770364000000029],[-122.41776599999997,37.770143000000076],[-122.41777699999994,37.769975000000045],[-122.41778099999999,37.769918000000075],[-122.41776399999998,37.769857000000059],[-122.41775299999995,37.769815000000051],[-122.41780299999999,37.769739000000072],[-122.41780999999997,37.769670000000076],[-122.41785699999997,37.769194000000027],[-122.41783799999996,37.768486000000053],[-122.41780199999999,37.76840500000003],[-122.41764499999999,37.766805000000033],[-122.41754199999997,37.765752000000077],[-122.41748699999999,37.765183000000036],[-122.41733199999999,37.763572000000067],[-122.41622699999999,37.763635000000079],[-122.41515499999997,37.763697000000036],[-122.41372199999995,37.763779000000056],[-122.41358799999995,37.763823000000059],[-122.41300299999995,37.764091000000064],[-122.41285899999997,37.764159000000063],[-122.41229299999998,37.764193000000034],[-122.41132999999996,37.764252000000056],[-122.41036399999996,37.76431000000008],[-122.40939299999997,37.764369000000045],[-122.40842399999997,37.764427000000069],[-122.40741999999995,37.764488000000028],[-122.40642899999995,37.764548000000048],[-122.40546299999994,37.764606000000072],[-122.40508999999997,37.764628000000073],[-122.40483999999998,37.764643000000035],[-122.40449699999999,37.764664000000039],[-122.40462299999996,37.765958000000069],[-122.40474999999998,37.767257000000029],[-122.40487499999995,37.768531000000053],[-122.40498999999994,37.769715000000076],[-122.40520299999997,37.769702000000052],[-122.40540799999997,37.769690000000026],[-122.40558899999996,37.769680000000051],[-122.40584399999995,37.769665000000032],[-122.40593899999999,37.769659000000047],[-122.40621299999998,37.76946300000003],[-122.40700099999998,37.770050000000026],[-122.40758699999998,37.769586000000061],[-122.40762299999994,37.769558000000075],[-122.40763999999996,37.769545000000051],[-122.40773899999999,37.769466000000079],[-122.40789499999994,37.769343000000049],[-122.40800699999994,37.769244000000072],[-122.40843599999999,37.769318000000055],[-122.40903499999996,37.76979300000005],[-122.40973599999995,37.770349000000067],[-122.41088599999995,37.769447000000071],[-122.41090799999995,37.769429000000059],[-122.41093099999995,37.769411000000048],[-122.41095899999999,37.769433000000049],[-122.41098899999997,37.769456000000048],[-122.41247999999996,37.77063000000004],[-122.41402699999998,37.771864000000051],[-122.41439199999996,37.772158000000047],[-122.41500199999996,37.772649000000058],[-122.41556099999997,37.773101000000054]]]},"properties":{"OBJECTID":190,"STATEFP10":"06","COUNTYFP10":"075","TRACTCE10":"017700","GEOID10":"06075017700","NAME10":"177","NAMELSAD10":"Census Tract 177","MTFCC10":"G5020","FUNCSTAT10":"S","ALAND10":903361,"AWATER10":0,"INTPTLAT10":"+37.7680392","INTPTLON10":"-122.4124868","OBJECTID_1":2406,"trctidfp10":"06075017700","stcou":"06075","pdenied":1.8348623514175415,"JOINID":"06075017700","STCOU_TXT":"06075","Shape_Length":0.048093530980861797,"Shape_Area":9.2373992000029109e-05}},{"type":"Feature","id":191,"geometry":{"type":"Polygon","coordinates":[[[-122.42213999999996,37.767531000000076],[-122.42212199999994,37.767344000000037],[-122.42204399999997,37.766540000000077],[-122.42196399999995,37.765721000000042],[-122.42188599999997,37.764917000000025],[-122.42173199999996,37.763300000000072],[-122.42108399999995,37.763338000000033],[-122.42043299999995,37.763376000000051],[-122.41951299999999,37.763429000000031],[-122.41848399999998,37.763496000000032],[-122.41733199999999,37.763572000000067],[-122.41748699999999,37.765183000000036],[-122.41754199999997,37.765752000000077],[-122.41764499999999,37.766805000000033],[-122.41780199999999,37.76840500000003],[-122.41783799999996,37.768486000000053],[-122.41785699999997,37.769194000000027],[-122.41780999999997,37.769670000000076],[-122.41780299999999,37.769739000000072],[-122.41775299999995,37.769815000000051],[-122.41776399999998,37.769857000000059],[-122.41778099999999,37.769918000000075],[-122.41777699999994,37.769975000000045],[-122.41776599999997,37.770143000000076],[-122.41770599999995,37.770364000000029],[-122.41760899999997,37.770407000000034],[-122.41779399999996,37.770435000000077],[-122.41791499999999,37.77062600000005],[-122.41799499999996,37.77076500000004],[-122.41802899999999,37.770876000000044],[-122.41839899999997,37.772102000000075],[-122.41835199999997,37.772222000000056],[-122.41846899999996,37.772323000000029],[-122.41860799999995,37.772731000000078],[-122.41861799999998,37.773053000000061],[-122.41872999999998,37.773183000000074],[-122.41901499999994,37.774098000000038],[-122.41927999999996,37.774945000000059],[-122.41925599999996,37.775147000000061],[-122.41935699999999,37.775128000000052],[-122.42023099999994,37.774438000000032],[-122.42025399999994,37.774359000000061],[-122.42038599999995,37.774316000000056],[-122.42067499999996,37.774087000000065],[-122.42069899999996,37.774008000000038],[-122.42080799999997,37.773997000000065],[-122.42108899999999,37.773775000000057],[-122.42191599999995,37.773123000000055],[-122.42194099999995,37.773036000000047],[-122.42205099999995,37.773016000000041],[-122.42218599999995,37.772909000000027],[-122.42259499999994,37.772587000000044],[-122.42261999999999,37.772503000000029],[-122.42254199999996,37.772315000000049],[-122.42248499999999,37.771712000000036],[-122.42252599999995,37.771595000000048],[-122.42244399999998,37.770715000000052],[-122.42236499999996,37.769868000000031],[-122.42230799999999,37.769278000000043],[-122.42225799999994,37.768754000000058],[-122.42219899999998,37.768140000000074],[-122.42213999999996,37.767531000000076]]]},"properties":{"OBJECTID":191,"STATEFP10":"06","COUNTYFP10":"075","TRACTCE10":"020100","GEOID10":"06075020100","NAME10":"201","NAMELSAD10":"Census Tract 201","MTFCC10":"G5020","FUNCSTAT10":"S","ALAND10":445726,"AWATER10":0,"INTPTLAT10":"+37.7686074","INTPTLON10":"-122.4200011","OBJECTID_1":2411,"trctidfp10":"06075020100","stcou":"06075","pdenied":1.1494252681732178,"JOINID":"06075020100","STCOU_TXT":"06075","Shape_Length":0.030253271100418668,"Shape_Area":4.5578484499913601e-05}},{"type":"Feature","id":192,"geometry":{"type":"Polygon","coordinates":[[[-122.40715899999998,37.779739000000063],[-122.40571899999998,37.78087800000003],[-122.40493299999997,37.781500000000051],[-122.40324999999996,37.782831000000044],[-122.40270799999996,37.783259000000044],[-122.40371199999998,37.784044000000051],[-122.40426699999995,37.784479000000033],[-122.40479499999998,37.78490800000003],[-122.40523599999995,37.785265000000038],[-122.40580699999998,37.78572500000007],[-122.40582199999994,37.78573700000004],[-122.40583099999998,37.785744000000079],[-122.40597599999995,37.785693000000038],[-122.40599999999995,37.785674000000029],[-122.40732599999996,37.78463000000005],[-122.40733699999998,37.784560000000056],[-122.40742399999999,37.784552000000076],[-122.40804199999997,37.784066000000053],[-122.40806699999996,37.783991000000071],[-122.40815999999995,37.78397300000006],[-122.40868799999998,37.783556000000033],[-122.40893099999994,37.783364000000063],[-122.40895199999994,37.783288000000027],[-122.40905299999997,37.783268000000078],[-122.40918399999998,37.783164000000056],[-122.41005199999995,37.78247900000008],[-122.41027099999997,37.782306000000062],[-122.41029199999997,37.782231000000024],[-122.41039099999995,37.782211000000075],[-122.41145699999998,37.781369000000041],[-122.41169999999994,37.781177000000071],[-122.41198499999996,37.78095200000007],[-122.41249199999999,37.780552000000057],[-122.41251199999999,37.780479000000071],[-122.41260899999997,37.780459000000064],[-122.41336499999994,37.779862000000037],[-122.41472099999999,37.778791000000069],[-122.41474099999999,37.778719000000081],[-122.41483499999998,37.778701000000069],[-122.41600899999997,37.777773000000025],[-122.41626099999996,37.777572000000077],[-122.41629199999994,37.777494000000047],[-122.41639199999997,37.777469000000053],[-122.41687799999994,37.777085000000056],[-122.41747099999998,37.776618000000042],[-122.41750099999996,37.776541000000066],[-122.41762899999998,37.776494000000071],[-122.41870399999999,37.775645000000054],[-122.41865899999999,37.775558000000046],[-122.41751499999998,37.774651000000063],[-122.41710399999999,37.774325000000033],[-122.41657599999996,37.773906000000068],[-122.41610399999996,37.773532000000046],[-122.41556099999997,37.773101000000054],[-122.41436799999997,37.774043000000063],[-122.41394399999996,37.77437800000007],[-122.41376899999995,37.774516000000062],[-122.41358699999995,37.77466000000004],[-122.41316099999995,37.774992000000054],[-122.41160599999995,37.776221000000078],[-122.41101399999997,37.776690000000031],[-122.41050599999994,37.777092000000039],[-122.40992299999999,37.777553000000069],[-122.40938699999998,37.777977000000078],[-122.40883299999996,37.77841600000005],[-122.40827199999995,37.778861000000063],[-122.40769099999994,37.779318000000046],[-122.40715899999998,37.779739000000063]]]},"properties":{"OBJECTID":192,"STATEFP10":"06","COUNTYFP10":"075","TRACTCE10":"017601","GEOID10":"06075017601","NAME10":"176.01","NAMELSAD10":"Census Tract 176.01","MTFCC10":"G5020","FUNCSTAT10":"S","ALAND10":631206,"AWATER10":0,"INTPTLAT10":"+37.7794338","INTPTLON10":"-122.4107241","OBJECTID_1":2405,"trctidfp10":"06075017601","stcou":"06075","pdenied":2.4434390068054199,"JOINID":"06075017601","STCOU_TXT":"06075","Shape_Length":0.04099340811091514,"Shape_Area":6.4554646500052757e-05}},{"type":"Feature","id":193,"geometry":{"type":"Polygon","coordinates":[[[-122.44257499999998,37.765928000000031],[-122.44351099999994,37.765340000000037],[-122.44334699999996,37.765333000000055],[-122.44353799999999,37.76532300000008],[-122.44401299999998,37.765025000000037],[-122.44404499999996,37.764952000000051],[-122.44399199999998,37.764808000000073],[-122.44399699999997,37.764696000000072],[-122.44403699999998,37.764598000000035],[-122.44407199999995,37.764504000000045],[-122.44412899999998,37.764427000000069],[-122.44420299999996,37.76437100000004],[-122.44430099999994,37.764307000000031],[-122.44441199999994,37.763987000000043],[-122.44466399999999,37.763327000000061],[-122.44569199999995,37.762348000000031],[-122.44582599999995,37.762264000000073],[-122.44593099999997,37.762233000000037],[-122.44616799999994,37.762219000000073],[-122.44624699999997,37.762247000000059],[-122.44628699999998,37.76231000000007],[-122.44639199999995,37.76223200000004],[-122.44640099999998,37.762070000000051],[-122.44638399999997,37.761816000000067],[-122.44530899999995,37.761880000000076],[-122.44419599999998,37.761947000000077],[-122.44335899999999,37.761997000000065],[-122.44290799999999,37.762023000000056],[-122.44016799999997,37.76218700000004],[-122.43949099999998,37.762227000000053],[-122.43841799999996,37.762291000000062],[-122.43734199999994,37.762355000000071],[-122.43643699999996,37.762409000000048],[-122.43636899999996,37.762430000000052],[-122.43597299999999,37.762449000000061],[-122.43580399999996,37.762499000000048],[-122.43532199999999,37.762691000000075],[-122.43518799999998,37.762671000000068],[-122.43525899999997,37.763463000000058],[-122.43531699999994,37.764102000000037],[-122.43539599999997,37.76492600000006],[-122.43547199999995,37.765727000000027],[-122.43554799999998,37.766528000000051],[-122.43562399999996,37.767328000000077],[-122.43579399999999,37.76905800000003],[-122.43658799999997,37.76900100000006],[-122.43710599999997,37.768963000000042],[-122.43723099999994,37.769060000000025],[-122.43755599999997,37.769043000000067],[-122.43833799999999,37.769007000000045],[-122.43881999999996,37.76840100000004],[-122.43930099999994,37.768166000000065],[-122.44013699999999,37.767757000000074],[-122.44060399999995,37.766955000000053],[-122.44193799999999,37.765953000000025],[-122.44200899999998,37.765907000000027],[-122.44216699999998,37.765888000000075],[-122.44236099999995,37.765885000000026],[-122.44257499999998,37.765928000000031]]]},"properties":{"OBJECTID":193,"STATEFP10":"06","COUNTYFP10":"075","TRACTCE10":"017000","GEOID10":"06075017000","NAME10":"170","NAMELSAD10":"Census Tract 170","MTFCC10":"G5020","FUNCSTAT10":"S","ALAND10":469526,"AWATER10":0,"INTPTLAT10":"+37.7648874","INTPTLON10":"-122.4394975","OBJECTID_1":2402,"trctidfp10":"06075017000","stcou":"06075","pdenied":0.911854088306427,"JOINID":"06075017000","STCOU_TXT":"06075","Shape_Length":0.032307771589738014,"Shape_Area":4.8010046999883473e-05}},{"type":"Feature","id":194,"geometry":{"type":"Polygon","coordinates":[[[-122.42694799999998,37.769175000000075],[-122.42655499999995,37.769485000000032],[-122.42630899999995,37.769603000000075],[-122.42668399999997,37.769534000000078],[-122.42821999999995,37.769441000000029],[-122.42899099999994,37.769394000000034],[-122.42912799999999,37.769456000000048],[-122.42990599999996,37.769408000000055],[-122.43024699999995,37.769392000000039],[-122.43135699999999,37.769321000000048],[-122.43156999999997,37.769307000000026],[-122.43246399999998,37.769250000000056],[-122.43357199999997,37.769178000000068],[-122.43489299999999,37.769114000000059],[-122.43579399999999,37.76905800000003],[-122.43562399999996,37.767328000000077],[-122.43554799999998,37.766528000000051],[-122.43547199999995,37.765727000000027],[-122.43539599999997,37.76492600000006],[-122.43531699999994,37.764102000000037],[-122.43525899999997,37.763463000000058],[-122.43518799999998,37.762671000000068],[-122.43515199999996,37.762743000000057],[-122.43455999999998,37.763138000000026],[-122.43341099999998,37.764069000000063],[-122.43307399999998,37.764196000000027],[-122.43292299999996,37.764468000000079],[-122.43123099999997,37.765788000000043],[-122.43102499999998,37.765868000000069],[-122.43091199999998,37.765876000000048],[-122.43083999999999,37.765928000000031],[-122.43082399999997,37.766014000000041],[-122.43074899999999,37.766177000000027],[-122.42918199999997,37.767413000000033],[-122.42894899999999,37.767504000000031],[-122.428969,37.767729000000031],[-122.42865699999999,37.767735000000073],[-122.42863499999999,37.767846000000077],[-122.42746199999999,37.768770000000075],[-122.42694799999998,37.769175000000075]]]},"properties":{"OBJECTID":194,"STATEFP10":"06","COUNTYFP10":"075","TRACTCE10":"016900","GEOID10":"06075016900","NAME10":"169","NAMELSAD10":"Census Tract 169","MTFCC10":"G5020","FUNCSTAT10":"S","ALAND10":294192,"AWATER10":0,"INTPTLAT10":"+37.7670961","INTPTLON10":"-122.4324782","OBJECTID_1":2401,"trctidfp10":"06075016900","stcou":"06075","pdenied":1.0886470079421997,"JOINID":"06075016900","STCOU_TXT":"06075","Shape_Length":0.027532907989268711,"Shape_Area":3.0082590999926573e-05}},{"type":"Feature","id":195,"geometry":{"type":"Polygon","coordinates":[[[-122.43930099999994,37.768166000000065],[-122.43881999999996,37.76840100000004],[-122.43833799999999,37.769007000000045],[-122.43755599999997,37.769043000000067],[-122.43723099999994,37.769060000000025],[-122.43710599999997,37.768963000000042],[-122.43658799999997,37.76900100000006],[-122.43579399999999,37.76905800000003],[-122.43489299999999,37.769114000000059],[-122.43357199999997,37.769178000000068],[-122.43246399999998,37.769250000000056],[-122.43156999999997,37.769307000000026],[-122.43171699999999,37.770035000000064],[-122.43181099999998,37.770501000000024],[-122.43190399999997,37.770964000000049],[-122.43199799999996,37.771431000000064],[-122.43209199999995,37.771897000000024],[-122.43227999999999,37.772829000000058],[-122.43246699999997,37.773757000000046],[-122.43410899999998,37.77354900000006],[-122.43575099999998,37.77334600000006],[-122.43742299999997,37.77313300000003],[-122.43908899999997,37.772922000000051],[-122.44073499999996,37.772713000000067],[-122.44054599999998,37.771779000000038],[-122.44035799999995,37.77084700000006],[-122.44199799999996,37.770638000000076],[-122.44331199999999,37.770470000000046],[-122.44326499999994,37.770180000000039],[-122.44315499999999,37.769972000000053],[-122.44301899999999,37.769825000000026],[-122.44276499999995,37.769661000000042],[-122.44264699999997,37.769690000000026],[-122.44250599999998,37.769686000000036],[-122.44238399999995,37.769600000000025],[-122.44241099999999,37.769493000000068],[-122.44316699999996,37.769037000000026],[-122.44335599999999,37.768944000000033],[-122.44386599999996,37.767536000000064],[-122.44376399999999,37.767067000000054],[-122.44369499999999,37.766954000000055],[-122.44353299999995,37.766691000000037],[-122.44310499999995,37.766414000000054],[-122.44304199999999,37.766215000000045],[-122.44300399999997,37.766145000000051],[-122.44281099999995,37.766011000000049],[-122.44257499999998,37.765928000000031],[-122.44236099999995,37.765885000000026],[-122.44216699999998,37.765888000000075],[-122.44200899999998,37.765907000000027],[-122.44193799999999,37.765953000000025],[-122.44060399999995,37.766955000000053],[-122.44013699999999,37.767757000000074],[-122.43930099999994,37.768166000000065]]]},"properties":{"OBJECTID":195,"STATEFP10":"06","COUNTYFP10":"075","TRACTCE10":"016700","GEOID10":"06075016700","NAME10":"167","NAMELSAD10":"Census Tract 167","MTFCC10":"G5020","FUNCSTAT10":"S","ALAND10":490693,"AWATER10":0,"INTPTLAT10":"+37.7703481","INTPTLON10":"-122.4377358","OBJECTID_1":2398,"trctidfp10":"06075016700","stcou":"06075","pdenied":1.4721345901489258,"JOINID":"06075016700","STCOU_TXT":"06075","Shape_Length":0.036410523772308884,"Shape_Area":5.0177985000016783e-05}},{"type":"Feature","id":196,"geometry":{"type":"Polygon","coordinates":[[[-122.44054599999998,37.771779000000038],[-122.44073499999996,37.772713000000067],[-122.44237799999996,37.772504000000026],[-122.44402399999996,37.772295000000042],[-122.44571699999995,37.772080000000074],[-122.44731199999995,37.771878000000072],[-122.44895799999995,37.771669000000031],[-122.45059999999995,37.771460000000047],[-122.45187099999998,37.771299000000056],[-122.45224199999996,37.77123000000006],[-122.45378199999999,37.771022000000073],[-122.45390199999997,37.771054000000049],[-122.45372599999996,37.770098000000075],[-122.45353699999998,37.769165000000044],[-122.453352,37.768246000000033],[-122.45320599999997,37.768249000000026],[-122.45167599999996,37.76844600000004],[-122.45052199999998,37.768593000000067],[-122.44945399999995,37.768729000000064],[-122.44838999999996,37.768865000000062],[-122.44756799999999,37.768969000000027],[-122.44674499999996,37.769074000000046],[-122.44592199999994,37.769179000000065],[-122.44510599999995,37.769284000000027],[-122.44346099999996,37.769497000000058],[-122.44333999999998,37.769533000000024],[-122.44307899999995,37.769565000000057],[-122.44284299999998,37.76960500000007],[-122.44276499999995,37.769661000000042],[-122.44301899999999,37.769825000000026],[-122.44315499999999,37.769972000000053],[-122.44326499999994,37.770180000000039],[-122.44331199999999,37.770470000000046],[-122.44199799999996,37.770638000000076],[-122.44035799999995,37.77084700000006],[-122.44054599999998,37.771779000000038]]]},"properties":{"OBJECTID":196,"STATEFP10":"06","COUNTYFP10":"075","TRACTCE10":"016600","GEOID10":"06075016600","NAME10":"166","NAMELSAD10":"Census Tract 166","MTFCC10":"G5020","FUNCSTAT10":"S","ALAND10":343168,"AWATER10":0,"INTPTLAT10":"+37.7704942","INTPTLON10":"-122.4474539","OBJECTID_1":2397,"trctidfp10":"06075016600","stcou":"06075","pdenied":1.6806724071502686,"JOINID":"06075016600","STCOU_TXT":"06075","Shape_Length":0.032750958415656235,"Shape_Area":3.5092275500013843e-05}}]}