{"type":"FeatureCollection","features":[{"type":"Feature","id":1,"geometry":{"type":"Polygon","coordinates":[[[-75.067729844999974,40.005402759000049],[-75.068336960999943,40.00692622400004],[-75.068543771999941,40.00732467000006],[-75.068866635999939,40.008552511000062],[-75.068874477999941,40.008582333000049],[-75.072597565999956,40.008118342000046],[-75.074870554999961,40.006330095000067],[-75.075732078999977,40.005605444000025],[-75.076437466999948,40.005038249000052],[-75.07690389399994,40.004757299000062],[-75.077510021999956,40.004131327000039],[-75.079554458999951,40.002525369000068],[-75.086053880999941,39.999107446000039],[-75.086380408999958,39.998936631000049],[-75.086343150999937,39.998899593000033],[-75.086327422999943,39.998883958000079],[-75.08578575699994,39.998345475000065],[-75.083722646999945,39.996765658000072],[-75.083717389999947,39.996761450000065],[-75.083713062999948,39.996757985000045],[-75.083708017999982,39.996753614000056],[-75.083702973999948,39.996749242000078],[-75.08369868799997,39.996744772000056],[-75.083693487999938,39.996740521000049],[-75.083688360999986,39.996736213000077],[-75.083683898999936,39.996732848000079],[-75.08367960299995,39.996729358000039],[-75.083675849999963,39.996726420000073],[-75.083671695999953,39.996722820000059],[-75.083666201999961,39.996718573000066],[-75.083660004999956,39.996713631000034],[-75.083654303999936,39.996709015000079],[-75.083649881999975,39.996705621000046],[-75.083645751999939,39.996701586000029],[-75.083641196999963,39.996697739000069],[-75.083636866999939,39.996694274000049],[-75.083632550999937,39.996691122000072],[-75.083628863999934,39.996688132000031],[-75.083625177999977,39.996685144000026],[-75.083620261999954,39.996681158000058],[-75.083615345999988,39.99667717300008],[-75.083610429999965,39.996673188000045],[-75.083605101999979,39.996668872000043],[-75.083598948999963,39.996663897000076],[-75.083594034999976,39.996659912000041],[-75.083590347999973,39.996656922000057],[-75.083586661999959,39.996653933000061],[-75.083582974999956,39.996650944000066],[-75.083579289999989,39.996647955000071],[-75.083574374999955,39.996643969000047],[-75.083570059999943,39.99664081700007],[-75.083565729999975,39.99663735300004],[-75.083561176999979,39.996633505000034],[-75.083556353999938,39.996629039000027],[-75.083551378999971,39.996625101000063],[-75.083546404999936,39.996621163000043],[-75.083542193999961,39.996617604000051],[-75.083537706999948,39.996614267000041],[-75.083532692999938,39.996610028000077],[-75.083527264999987,39.996605489000046],[-75.083522036999966,39.996601086000055],[-75.083517868999934,39.996597500000064],[-75.083513554999968,39.996594027000071],[-75.083508089999953,39.99658998600006],[-75.083503462999943,39.996585291000031],[-75.083499738999933,39.996582335000028],[-75.083495791999951,39.996578576000047],[-75.083491441999968,39.996575132000032],[-75.083487090999938,39.996571688000074],[-75.083482129999936,39.996566270000073],[-75.083476096999959,39.996561210000038],[-75.083470064999972,39.996556145000056],[-75.083464940999988,39.996551841000041],[-75.083460119999984,39.996547789000033],[-75.083455300999958,39.996543735000046],[-75.083451086999958,39.996540186000061],[-75.083445969999957,39.996535877000042],[-75.083440855999982,39.996531567000034],[-75.08343724599996,39.996528523000052],[-75.083433637999974,39.996525478000081],[-75.083429430999956,39.996521925000025],[-75.083425223999939,39.996518372000025],[-75.083420419999982,39.996514309000077],[-75.083415318999982,39.996509991000039],[-75.083409618999951,39.996505163000052],[-75.083406020999973,39.996502114000066],[-75.083402424999974,39.996499062000055],[-75.083398229999943,39.996495502000073],[-75.083393737999984,39.99649168500008],[-75.083387153999979,39.996486085000072],[-75.083382667999956,39.996482265000054],[-75.083379080999975,39.996479210000075],[-75.083374300999935,39.996475132000057],[-75.083369521999941,39.99647105300005],[-75.083364747999951,39.996466973000054],[-75.083361168999943,39.996463911000035],[-75.08335759199997,39.996460848000027],[-75.083354014999941,39.996457784000029],[-75.083350440999936,39.996454720000031],[-75.083345677999944,39.996450633000052],[-75.083340917999976,39.996446542000058],[-75.083336161999966,39.996442451000064],[-75.083332595999934,39.996439380000027],[-75.083329031999938,39.996436309000046],[-75.083324283999957,39.996432212000059],[-75.083319538999945,39.996428114000025],[-75.083314796999957,39.99642401300008],[-75.083310058999984,39.996419910000043],[-75.08330532399998,39.996415805000026],[-75.083300592999933,39.996411698000031],[-75.083295865999958,39.996407587000078],[-75.08329114199995,39.996403476000069],[-75.083286421999958,39.996399362000034],[-75.083281704999933,39.996395245000031],[-75.083278170999961,39.99639215600007],[-75.083274638999967,39.996389065000074],[-75.083271108999952,39.996385974000077],[-75.083267580999973,39.996382880000056],[-75.083264054999972,39.996379786000034],[-75.08326053199994,39.99637669100008],[-75.083255838999946,39.996372560000054],[-75.083251147999988,39.996368428000039],[-75.083246462999966,39.996364292000067],[-75.08324178099997,39.996360154000058],[-75.083238273999939,39.996357050000029],[-75.083234767999954,39.996353943000031],[-75.083231263999949,39.996350834000054],[-75.083227763999957,39.996347725000078],[-75.083223099999941,39.996343575000026],[-75.083218439999939,39.996339424000041],[-75.083214948999967,39.996336308000025],[-75.083211460999962,39.996333191000076],[-75.083207974999937,39.996330072000035],[-75.083204490999947,39.996326952000061],[-75.083199850999961,39.996322788000043],[-75.083195215999979,39.996318622000047],[-75.083190584999954,39.996314453000025],[-75.08318595999998,39.996310281000035],[-75.083181338999964,39.996306105000031],[-75.083177876999969,39.99630297200008],[-75.083174417999942,39.996299837000038],[-75.083169810999948,39.99629565400005],[-75.083165207999969,39.996291467000049],[-75.083161759999939,39.996288324000034],[-75.083158314999935,39.996285180000029],[-75.083154871999966,39.996282034000046],[-75.083151432999955,39.996278887000074],[-75.083147996999969,39.996275738000065],[-75.083144563999952,39.996272586000032],[-75.08314113299997,39.996269433000066],[-75.083137705999945,39.996266277000075],[-75.083134282999936,39.996263121000027],[-75.083130861999962,39.996259961000078],[-75.083126306999986,39.996255746000031],[-75.083121755999969,39.996251527000027],[-75.083117211999934,39.996247305000054],[-75.083113806999961,39.99624413600003],[-75.083110405999946,39.996240964000037],[-75.083107008999946,39.996237790000066],[-75.083103613999981,39.996234616000038],[-75.083099092999987,39.996230378000064],[-75.083093709999957,39.996226609000075],[-75.083089408999967,39.996222252000052],[-75.083085676999985,39.996219262000068],[-75.083082449999949,39.996215994000067],[-75.08307743499995,39.99621202600008],[-75.083073879999972,39.996208940000031],[-75.083070927999984,39.996205516000032],[-75.083066702999986,39.996201112000051],[-75.083062176999988,39.996196875000066],[-75.08305792699997,39.996192482000026],[-75.083053682999946,39.996188085000028],[-75.083049445999961,39.996183683000027],[-75.083044895999933,39.996179457000039],[-75.083040632999939,39.99617506900006],[-75.083036375999939,39.996170674000041],[-75.083032126999967,39.996166277000043],[-75.083027883999989,39.996161874000052],[-75.083023646999948,39.996157468000035],[-75.083019414999967,39.996153058000061],[-75.083015190999959,39.996148644000073],[-75.083010971999954,39.99614422500008],[-75.083006759999989,39.996139802000073],[-75.083002551999982,39.99613537700003],[-75.082998351999947,39.99613094700004],[-75.082994155999984,39.996126514000025],[-75.082989964999967,39.996122077000052],[-75.08298578199998,39.996117637000054],[-75.082981601999961,39.996113193000042],[-75.082977426999946,39.996108746000061],[-75.082973256999935,39.996104295000066],[-75.082969092999974,39.996099842000035],[-75.082964932999971,39.996095385000046],[-75.082960777999972,39.996090925000033],[-75.082956627999977,39.996086462000051],[-75.08295248099995,39.996081997000033],[-75.082948339999973,39.996077528000058],[-75.082944201999965,39.996073057000046],[-75.08294006899996,39.996068583000067],[-75.082936970999981,39.996065226000042],[-75.08293387599997,39.996061867000037],[-75.082930782999938,39.996058506000054],[-75.082927392999977,39.996054467000079],[-75.082923234999953,39.996050005000029],[-75.082919715999935,39.996046033000027],[-75.082915961999959,39.99604219400004],[-75.082911552999974,39.996037322000063],[-75.08290661999996,39.996032144000026],[-75.082902991999958,39.996027384000058],[-75.082899263999934,39.99602352900007],[-75.082896155999947,39.996020175000069],[-75.082892521999952,39.996015843000066],[-75.082887735999975,39.996010457000068],[-75.082883558999981,39.996004729000049],[-75.08287844299997,39.995999103000031],[-75.082875111999954,39.995994599000028],[-75.082872043999942,39.995991223000033],[-75.082868209999958,39.99598700100006],[-75.082863355999962,39.995981651000079],[-75.082242668999982,39.995331066000062],[-75.081246613999951,39.994180756000048],[-75.080728229999977,39.99360333900006],[-75.078875590999985,39.99153962400004],[-75.077538660999949,39.990368727000032],[-75.077096917999938,39.990014372000076],[-75.075287103999983,39.988619034000067],[-75.073795836999977,39.987469227000076],[-75.071791532999953,39.985923761000038],[-75.071692029999952,39.986006060000079],[-75.071588646999942,39.986091568000063],[-75.071553195999968,39.986120891000041],[-75.071182237999949,39.98589628700006],[-75.070971262999933,39.985802442000079],[-75.070763290999935,39.985632452000061],[-75.070699150999985,39.98555033100007],[-75.070629009999948,39.985522506000052],[-75.070506912999974,39.985450864000029],[-75.070466237999938,39.985431598000048],[-75.070450452999978,39.985426098000062],[-75.070296301999974,39.985403416000054],[-75.070284232999938,39.985406922000038],[-75.070253313999956,39.985421392000035],[-75.070222730999944,39.985449987000038],[-75.070117312999969,39.985655994000069],[-75.070081136999988,39.98571326900003],[-75.070028349999973,39.985843941000041],[-75.069838853999954,39.986042759000043],[-75.069580360999964,39.986316182000053],[-75.067857573999959,39.985615390000078],[-75.065735940999957,39.984986508000077],[-75.065448514999957,39.984906116000047],[-75.06543551599998,39.984918116000074],[-75.065414515999976,39.984937116000026],[-75.065389514999936,39.984959116000027],[-75.065329514999974,39.985013115000072],[-75.065094514999942,39.985219114000074],[-75.064625515999978,39.985632111000029],[-75.064173515999983,39.986028108000028],[-75.06395351499998,39.986300106000044],[-75.062062510999965,39.988651090000076],[-75.059945506999952,39.991452070000037],[-75.059911505999935,39.991530071000057],[-75.059645504999935,39.992146067000078],[-75.059544821999964,39.992379486000061],[-75.059133502999941,39.993333060000055],[-75.058500497999944,39.994802052000068],[-75.058087490999981,39.997405038000068],[-75.056698486999949,39.999332025000058],[-75.055666253999959,40.000971680000077],[-75.054510789999938,40.002806984000074],[-75.054077828999937,40.003494656000044],[-75.054484386999945,40.003651966000064],[-75.061709020999956,40.006693000000041],[-75.062742715999946,40.005967639000062],[-75.063439165999966,40.005915959000049],[-75.064669565999964,40.005982656000072],[-75.065537078999967,40.006001429000037],[-75.067311471999972,40.005358755000032],[-75.067648556999984,40.005198774000064],[-75.067729844999974,40.005402759000049]]]},"properties":{"OBJECTID":1,"NAME":"BRIDESBURG","LISTNAME":"Bridesburg","MAPNAME":"Bridesburg","Shape_Leng":27814.546520799999,"Shape_Length":0.08770894203844827,"Shape_Area":0.00043685346089147062}},{"type":"Feature","id":2,"geometry":{"type":"Polygon","coordinates":[[[-75.01559789199996,40.094871924000074],[-75.018264576999968,40.097075688000075],[-75.018853649999983,40.097647137000081],[-75.019696420999935,40.098300041000073],[-75.021841621999954,40.100100031000068],[-75.022800669999981,40.100412442000049],[-75.024063568999964,40.100739591000035],[-75.025666730999944,40.101117047000059],[-75.026906463999978,40.101589435000051],[-75.027615581999953,40.101842121000061],[-75.028815479999935,40.102560944000061],[-75.029940084999964,40.103289480000058],[-75.032907290999958,40.105154723000055],[-75.033873516999961,40.105724131000045],[-75.034720676999939,40.106273460000068],[-75.035585814999934,40.10674841000008],[-75.037142048999954,40.106964994000066],[-75.038842114999966,40.107113990000073],[-75.04116978899998,40.108402315000035],[-75.047767655999962,40.112251241000081],[-75.048560496999983,40.112673292000068],[-75.048595531999979,40.112691556000073],[-75.049298694999948,40.112199900000064],[-75.049390693999953,40.112135901000045],[-75.049524693999956,40.112042901000052],[-75.050656691999961,40.111252905000072],[-75.051410278999981,40.110726525000075],[-75.052132688999961,40.110221910000064],[-75.052923688999954,40.109669912000072],[-75.052973688999941,40.109636912000042],[-75.054319686999975,40.108692917000042],[-75.055326684999955,40.107990921000066],[-75.057176681999977,40.106694926000046],[-75.057065681999973,40.106632926000032],[-75.057516681999971,40.10637792700004],[-75.057951680999963,40.106163929000047],[-75.058340679999958,40.105892930000039],[-75.059194677999983,40.105011933000071],[-75.059538676999978,40.104656934000047],[-75.060316675999957,40.103859938000028],[-75.061399672999983,40.10274194200008],[-75.062730669999951,40.101367946000039],[-75.06279466899997,40.101300947000027],[-75.063535667999986,40.100533949000067],[-75.063601667999933,40.100466950000055],[-75.063743666999983,40.10032195000008],[-75.064201665999974,40.099846952000064],[-75.064455664999969,40.099584953000033],[-75.064931663999971,40.09909295500006],[-75.065649662999988,40.098354957000026],[-75.067172657999947,40.096772963000035],[-75.067701656999986,40.096224965000033],[-75.069385844999942,40.094483136000065],[-75.068495562999942,40.094638080000038],[-75.065967751999949,40.092675306000046],[-75.066131394999957,40.092470559000049],[-75.064463997999951,40.090877676000048],[-75.064096026999948,40.090678271000058],[-75.063720927999952,40.090598629000056],[-75.063183337999988,40.090542822000032],[-75.05829321899995,40.090184493000038],[-75.057740419999959,40.090021034000074],[-75.057073715999934,40.089752015000045],[-75.056608377999964,40.089109713000028],[-75.05640679399994,40.088781347000065],[-75.056272877999959,40.088326112000061],[-75.056327087999989,40.087820258000079],[-75.056453757999975,40.087429583000073],[-75.056672556999956,40.087066151000045],[-75.057030889999965,40.086781484000028],[-75.054929710999943,40.08098183900006],[-75.052570957999933,40.079584148000038],[-75.051532975999976,40.080624048000061],[-75.050924219999956,40.080272094000065],[-75.047442579999938,40.082914429000027],[-75.043726956999933,40.077850590000025],[-75.043691214999967,40.07748373700008],[-75.042962102999979,40.07705547900008],[-75.04058222499998,40.073647871000048],[-75.039896617999943,40.072674587000051],[-75.039956890999974,40.072229881000055],[-75.041269156999988,40.071105605000071],[-75.041767921999963,40.07028125100004],[-75.041641307999953,40.06970623400008],[-75.041360875999942,40.069291962000079],[-75.040908158999969,40.068945461000055],[-75.040369301999988,40.068632842000056],[-75.040342159999966,40.068741442000032],[-75.04033260999995,40.068755447000058],[-75.039584479999974,40.069852457000025],[-75.038326339999969,40.071271805000038],[-75.036614577999956,40.073090188000037],[-75.036308199999951,40.073334789000057],[-75.035086025999988,40.074619068000061],[-75.033095041999957,40.076778579000063],[-75.032984908999936,40.076799960000073],[-75.031433392999986,40.07850813500005],[-75.030833261999987,40.079069563000076],[-75.028975922999962,40.081004319000044],[-75.027719154999943,40.082365656000036],[-75.026541732999988,40.083614423000029],[-75.025260186999958,40.084822774000031],[-75.024653232999981,40.08543114400004],[-75.024025440999935,40.086165989000051],[-75.022712245999969,40.087501284000041],[-75.02207111499996,40.088175340000078],[-75.021892262999984,40.088316205000069],[-75.021119447999979,40.089132240000026],[-75.017682821999983,40.092756946000065],[-75.01559789199996,40.094871924000074]]]},"properties":{"OBJECTID":2,"NAME":"BUSTLETON","LISTNAME":"Bustleton","MAPNAME":"Bustleton","Shape_Leng":48868.458364799997,"Shape_Length":0.1535529418459691,"Shape_Area":0.0011190436553116384}},{"type":"Feature","id":3,"geometry":{"type":"Polygon","coordinates":[[[-75.188475709999977,40.072730381000042],[-75.188106562999963,40.072524969000028],[-75.187330316999976,40.072077548000038],[-75.186621985999977,40.071679126000049],[-75.185918500999946,40.071280820000027],[-75.184730938999962,40.07059961300007],[-75.183948270999963,40.070214680000049],[-75.183255799999984,40.06983217700008],[-75.182519541999966,40.069414203000065],[-75.181771665999975,40.068966587000034],[-75.180960245999984,40.068482306000078],[-75.180541925999989,40.068241103000048],[-75.180146535999938,40.068018240000072],[-75.179372041999954,40.067577802000073],[-75.178702847999944,40.067196075000027],[-75.178044831999955,40.066819876000068],[-75.177297436999936,40.066394115000037],[-75.176530237999941,40.065959286000066],[-75.175356194999949,40.06528017100004],[-75.174764081999967,40.065896524000038],[-75.174209002999987,40.066452938000054],[-75.173566861999973,40.067113564000067],[-75.173047857999961,40.067614740000067],[-75.172260150999989,40.068322059000025],[-75.171300035999934,40.069284012000026],[-75.170686789999934,40.069883628000071],[-75.170098733999964,40.070467800000074],[-75.169594165999968,40.070968008000079],[-75.169026256999985,40.071531614000037],[-75.168334264999942,40.072218428000042],[-75.167688990999977,40.072858703000065],[-75.167214344999934,40.073336324000024],[-75.166722033999974,40.073841099000049],[-75.166166493999981,40.074403068000038],[-75.16559658999995,40.074941264000074],[-75.164617835999934,40.075934692000033],[-75.16407368199998,40.076503882000054],[-75.163594872999965,40.076998161000063],[-75.163553521999972,40.077042507000044],[-75.164968536999936,40.077870259000065],[-75.167639539999982,40.07948026300005],[-75.168241540999986,40.079835264000053],[-75.169912543999942,40.080819267000038],[-75.171659545999944,40.081849271000067],[-75.171904545999951,40.081988271000057],[-75.172949547999963,40.082582273000071],[-75.173590547999936,40.082959274000075],[-75.174154548999979,40.083295275000069],[-75.17478054999998,40.083665276000033],[-75.175070550999976,40.083836277000046],[-75.175329550999948,40.083989277000057],[-75.17587155199999,40.084310278000032],[-75.176168552999968,40.084491279000076],[-75.176436552999974,40.084650279000073],[-75.176479552999979,40.084608279000065],[-75.176526900999988,40.084560387000067],[-75.177694546999987,40.083379285000035],[-75.178221543999939,40.082856287000027],[-75.178709541999979,40.082368290000034],[-75.17921254099997,40.081868292000024],[-75.179754537999941,40.081334294000044],[-75.18001753599998,40.081076295000059],[-75.180273534999969,40.080831296000042],[-75.180581532999952,40.080531298000039],[-75.180899531999955,40.080220299000075],[-75.181471529999953,40.079671302000065],[-75.181817527999954,40.079330304000052],[-75.182051526999942,40.079103304000057],[-75.182303660999935,40.078857430000028],[-75.182615523999971,40.07855330700005],[-75.182896522999954,40.078277309000043],[-75.183111521999933,40.078065309000067],[-75.183397520999961,40.077790311000058],[-75.183684828999958,40.077503195000077],[-75.184950512999933,40.076238318000037],[-75.185034511999959,40.076154318000079],[-75.185377509999967,40.075822320000043],[-75.185835507999968,40.07537932200006],[-75.18609450699995,40.075124323000068],[-75.187063501999944,40.074178328000073],[-75.188459493999972,40.072751334000031],[-75.188475709999977,40.072730381000042]]]},"properties":{"OBJECTID":3,"NAME":"CEDARBROOK","LISTNAME":"Cedarbrook","MAPNAME":"Cedarbrook","Shape_Leng":20021.4158021,"Shape_Length":0.063660042603731259,"Shape_Area":0.00024397084881768065}},{"type":"Feature","id":4,"geometry":{"type":"Polygon","coordinates":[[[-75.212206533999961,40.08603537700003],[-75.212295532999974,40.08605037600006],[-75.21237653299994,40.086091377000059],[-75.212487532999944,40.086181377000059],[-75.21272853499994,40.086389377000046],[-75.212774534999937,40.086446377000073],[-75.213118535999968,40.086824378000074],[-75.213129386999981,40.086836193000067],[-75.213163536999957,40.086873378000064],[-75.213278536999951,40.086976378000031],[-75.213568536999958,40.087155378000034],[-75.214346538999962,40.087606379000079],[-75.215170540999964,40.088075381000067],[-75.216694543999949,40.088956383000038],[-75.21678054399996,40.089006384000072],[-75.216796543999976,40.089016384000047],[-75.217962546999956,40.089685386000042],[-75.217999546999977,40.089706386000046],[-75.219648549999988,40.090655389000062],[-75.220054550999976,40.090890389000037],[-75.22023255199997,40.090991389000067],[-75.220303551999962,40.091031389000079],[-75.221220552999966,40.091558391000035],[-75.221571553999979,40.091756391000047],[-75.22241855599998,40.092233393000072],[-75.223608557999967,40.092908395000052],[-75.225180548999958,40.091348402000051],[-75.227705535999974,40.088819414000056],[-75.22777453599997,40.08874641500006],[-75.22782753499996,40.08869741400008],[-75.227880533999951,40.088643415000035],[-75.228275532999987,40.088252417000035],[-75.228688530999989,40.087840419000031],[-75.229059527999937,40.087470420000045],[-75.229579525999952,40.086954423000066],[-75.229610524999941,40.086923424000076],[-75.229770523999946,40.086759424000036],[-75.230485403999978,40.086036689000025],[-75.230457987999955,40.086019337000039],[-75.228390042999933,40.084725745000071],[-75.227735218999953,40.08412626300003],[-75.226127489999953,40.082786168000041],[-75.22454242799995,40.081535302000077],[-75.22365646999998,40.080330221000054],[-75.223959405999949,40.080029271000058],[-75.223450064999952,40.079259183000033],[-75.222571158999983,40.078690552000069],[-75.221722547999946,40.07892029900006],[-75.222194027999933,40.078391667000062],[-75.218584337999971,40.075741590000064],[-75.217228969999951,40.076926584000034],[-75.216884347999951,40.076881601000025],[-75.21652020199997,40.076924863000045],[-75.216102937999949,40.077074680000067],[-75.215671595999936,40.077154564000068],[-75.215288490999967,40.077149951000081],[-75.215116178999949,40.077127457000074],[-75.217169638999962,40.075057578000042],[-75.215297076999946,40.073371266000038],[-75.215416391999952,40.073235965000038],[-75.215800137999963,40.072870891000036],[-75.218772251999951,40.072897347000037],[-75.220539785999961,40.072858178000047],[-75.221279212999946,40.072874450000029],[-75.221579220999956,40.072661722000078],[-75.22150918799997,40.072476646000041],[-75.221921883999983,40.072017429000027],[-75.221644366999953,40.071857598000065],[-75.222492808999959,40.071251568000037],[-75.221671714999957,40.070442879000041],[-75.221393486999943,40.070749104000072],[-75.220805241999983,40.070170031000032],[-75.220619875999944,40.070370929000035],[-75.219885086999966,40.069974081000055],[-75.220641794999949,40.069434604000037],[-75.219043154999952,40.067788999000072],[-75.218127480999954,40.068055345000062],[-75.21719171899997,40.068546046000051],[-75.216721394999979,40.068802425000058],[-75.216212025999937,40.069235291000041],[-75.214735741999959,40.068429696000067],[-75.215947410999945,40.067225988000075],[-75.216673344999947,40.067683934000058],[-75.218305364999935,40.066716669000073],[-75.221356402999959,40.064141440000071],[-75.21933189899994,40.061005872000067],[-75.219788082999969,40.060679549000042],[-75.217949731999965,40.058305927000049],[-75.217375903999937,40.059297829000059],[-75.216522826999949,40.058346610000058],[-75.216637291999973,40.057294733000049],[-75.216265749999934,40.05683765100008],[-75.215628116999937,40.057049470000038],[-75.214878474999978,40.056565707000061],[-75.214264673999935,40.056803329000047],[-75.213779210999974,40.057261996000079],[-75.213414030999957,40.057577481000067],[-75.213010946999987,40.057797221000044],[-75.212894394999978,40.058190572000058],[-75.212557667999988,40.05838350700003],[-75.212722700999961,40.058081998000034],[-75.212819876999959,40.057802257000048],[-75.213426745999982,40.057000472000027],[-75.213769529999979,40.056687618000069],[-75.214038630999937,40.056507546000034],[-75.214723768999988,40.05618544500004],[-75.214982143999976,40.056125142000042],[-75.215161995999949,40.056118310000045],[-75.215461545999972,40.056168121000042],[-75.215630646999955,40.056198254000037],[-75.215820525999959,40.056218159000025],[-75.216025479999985,40.056205762000047],[-75.216206317999934,40.056172547000074],[-75.216499512999974,40.056099808000056],[-75.216765565999935,40.05595926500007],[-75.216872180999985,40.055864410000027],[-75.21716242499997,40.055535988000031],[-75.217236077999985,40.055485196000063],[-75.217320088999941,40.055434241000057],[-75.217507800999954,40.055320387000052],[-75.217581235999944,40.055351087000076],[-75.217805002999967,40.055392221000034],[-75.217819524999982,40.055364779000058],[-75.217772958999944,40.055137836000029],[-75.217707908999955,40.054616076000059],[-75.217605049999975,40.053977398000029],[-75.217583342999944,40.053872581000064],[-75.217536913999936,40.053717792000043],[-75.217474916999947,40.053567454000074],[-75.217438079999965,40.053493955000079],[-75.217397349999942,40.053421568000033],[-75.217358592999972,40.053359257000068],[-75.21731069599997,40.053256618000034],[-75.217252816999974,40.053114504000064],[-75.21720714099996,40.053023235000069],[-75.217171673999985,40.052953775000049],[-75.217115382999964,40.052866150000057],[-75.21693110199999,40.052639447000047],[-75.216858104999972,40.052555038000037],[-75.216703613999982,40.052445203000048],[-75.216264776999935,40.052215527000044],[-75.215811730999974,40.051934354000025],[-75.215688692999947,40.051842602000079],[-75.215381193999974,40.051613294000049],[-75.214908881999975,40.051175028000046],[-75.21455122499998,40.05079506900006],[-75.214327436999952,40.050446306000026],[-75.214195912999969,40.050146500000039],[-75.213981243999967,40.049804619000042],[-75.213816380999958,40.049392159000035],[-75.213707369999952,40.049247709000042],[-75.213380011999959,40.049224915000025],[-75.213155463999954,40.049164483000027],[-75.213054029999967,40.049128413000062],[-75.213078657999972,40.049057965000031],[-75.21304177899998,40.048867840000071],[-75.213000857999987,40.048785803000044],[-75.212854580999988,40.04869805900006],[-75.212709414999949,40.048698234000028],[-75.212005267999984,40.048733650000031],[-75.211615488999939,40.048656637000079],[-75.21152232999998,40.048627754000051],[-75.211433059999933,40.048588229000075],[-75.211345835999964,40.048540701000036],[-75.210901319999948,40.04820094400003],[-75.21069035499994,40.048017722000054],[-75.210631543999966,40.047982930000046],[-75.209755350999956,40.048746502000029],[-75.210165847999974,40.049027119000073],[-75.210260004999952,40.049402598000029],[-75.210229572999935,40.049807199000043],[-75.209920675999967,40.050402406000046],[-75.208767766999983,40.051341319000073],[-75.208965829999954,40.052048157000058],[-75.209194337999975,40.05235039400003],[-75.206213839999975,40.053005112000051],[-75.205341663999945,40.053208924000046],[-75.204510506999952,40.054515347000063],[-75.202804371999946,40.055444821000037],[-75.202306421999936,40.05595766700003],[-75.201895426999954,40.056472438000071],[-75.201573482999947,40.056933451000077],[-75.201322743999981,40.057429482000032],[-75.201238972999988,40.05772858000006],[-75.201328710999974,40.058042672000056],[-75.201483803999963,40.05854770500008],[-75.201810472999966,40.058733295000025],[-75.20228889699996,40.059513013000071],[-75.202486252999961,40.059906156000068],[-75.202511997999977,40.060234600000058],[-75.202414139999973,40.060471651000057],[-75.202264236999952,40.060673373000043],[-75.202096299999937,40.060881531000064],[-75.201919731999965,40.061082661000057],[-75.201857678999943,40.06131367200004],[-75.201831434999974,40.061538640000038],[-75.201868945999934,40.061724014000049],[-75.201917551999941,40.061936654000078],[-75.202500690999955,40.062580173000072],[-75.20214464299994,40.06298399800005],[-75.201162575999945,40.063934457000073],[-75.200822419999952,40.063742829000034],[-75.20035405699997,40.063454508000063],[-75.200272235999989,40.063593906000051],[-75.200127874999964,40.063767219000056],[-75.199905228999967,40.063985867000042],[-75.199608276999982,40.064144025000076],[-75.199282926999956,40.064242714000045],[-75.199019674999988,40.064319245000036],[-75.198770398999955,40.064431389000049],[-75.198567030999982,40.06454455100004],[-75.198392942999988,40.064693668000075],[-75.198262108999984,40.064914351000027],[-75.198163649999969,40.065088682000066],[-75.198082706999969,40.065204562000076],[-75.197872697999969,40.065494093000041],[-75.197245062999968,40.065892026000029],[-75.19679619599998,40.066423372000031],[-75.196448840999949,40.066614768000079],[-75.195885007999948,40.067008201000078],[-75.195526344999962,40.067268261000038],[-75.195231810999985,40.067436519000069],[-75.195013929999959,40.06758317200007],[-75.19454434499994,40.067968953000047],[-75.193291592999969,40.069056979000038],[-75.19254975299998,40.069799450000062],[-75.192043248999937,40.070385566000027],[-75.191703788999973,40.070936226000072],[-75.191370968999934,40.071310754000081],[-75.190892871999949,40.071819152000046],[-75.190457778999985,40.072201194000058],[-75.189630593999937,40.07283891700007],[-75.189276254999982,40.07318570800004],[-75.189256145999934,40.073206575000029],[-75.190829497999971,40.074115339000059],[-75.191738499999985,40.074653340000054],[-75.194990504999964,40.076497346000053],[-75.195936506999942,40.077035348000038],[-75.196417506999978,40.077306348000036],[-75.197599508999986,40.077992350000045],[-75.197719508999967,40.078062351000028],[-75.198332509999943,40.078416352000033],[-75.198490509999942,40.078508352000028],[-75.200376512999981,40.079591355000048],[-75.200926514999935,40.079900356000053],[-75.202650516999938,40.080895359000067],[-75.20414551999994,40.081742362000057],[-75.204714520999971,40.082072363000066],[-75.204863521999982,40.082158363000076],[-75.206320522999988,40.082994366000037],[-75.206709524999951,40.083215366000047],[-75.207239806999951,40.083472030000053],[-75.20764752599996,40.083669369000063],[-75.207838525999989,40.083779369000069],[-75.208105205999971,40.083964461000051],[-75.208410527999945,40.084176369000033],[-75.208738528999959,40.084436370000049],[-75.209394530999987,40.084928371000046],[-75.209768531999941,40.085134372000027],[-75.210386531999973,40.085393373000045],[-75.210447531999989,40.085420373000034],[-75.211523532999934,40.085916375000068],[-75.211866533999967,40.086087375000034],[-75.211879333999946,40.086084176000043],[-75.211990532999948,40.086056376000045],[-75.212104532999945,40.086030376000053],[-75.212206533999961,40.08603537700003]]]},"properties":{"OBJECTID":4,"NAME":"CHESTNUT_HILL","LISTNAME":"Chestnut Hill","MAPNAME":"Chestnut Hill","Shape_Leng":56394.297194600003,"Shape_Length":0.17859641559901798,"Shape_Area":0.00078094564131080059}},{"type":"Feature","id":5,"geometry":{"type":"Polygon","coordinates":[[[-75.184757777999948,40.02829478700005],[-75.186196115999962,40.029478059000041],[-75.187379658999987,40.030432036000036],[-75.187778851999951,40.030780734000075],[-75.187764726999944,40.030583569000044],[-75.187773378999964,40.030354408000051],[-75.187837979999983,40.030092093000064],[-75.187964764999947,40.029864727000074],[-75.18799798799995,40.029805147000047],[-75.188126810999961,40.029685699000026],[-75.188294944999939,40.029578595000032],[-75.18872186699997,40.029465796000068],[-75.188832899999966,40.029422401000033],[-75.188904462999972,40.029352243000062],[-75.189409586999943,40.029293825000025],[-75.189710279999986,40.029231723000066],[-75.18990006599995,40.029156452000052],[-75.189947534999988,40.029137625000033],[-75.190156566999974,40.029000850000045],[-75.190285814999982,40.028869941000039],[-75.190476610999951,40.028392146000044],[-75.190501329999961,40.02803378200008],[-75.190546547999986,40.027889533000064],[-75.190645984999946,40.027757959000041],[-75.190900299999953,40.027606902000059],[-75.191051073999972,40.027564390000066],[-75.191231079999966,40.027537821000067],[-75.191767211999945,40.027561232000039],[-75.192358352999975,40.027444433000028],[-75.192484139999976,40.027405186000067],[-75.192614252999988,40.027324225000029],[-75.193258734999972,40.024942340000052],[-75.19353575599996,40.024457078000069],[-75.193161704999966,40.024103923000041],[-75.195172163999985,40.023193573000071],[-75.195968819999962,40.022653489000049],[-75.195662866999953,40.022364647000074],[-75.196126215999982,40.022015998000029],[-75.196303219999947,40.022186593000072],[-75.198778027999936,40.020228890000055],[-75.200341497999943,40.018558579000057],[-75.201108107999971,40.017060118000074],[-75.202211297999952,40.01616139600003],[-75.202229986999953,40.016076923000071],[-75.202286050999987,40.015823506000061],[-75.205055844999947,40.015055791000066],[-75.205897388999972,40.015339657000027],[-75.206150878999949,40.014736962000029],[-75.206246069999963,40.01469695000003],[-75.206441631999951,40.014736244000062],[-75.207486265999989,40.012947220000058],[-75.207744585999933,40.012819104000073],[-75.207726206999951,40.012806501000057],[-75.207626206999976,40.01273750200005],[-75.207597206999935,40.012720501000047],[-75.206403205999948,40.012003499000059],[-75.206284205999964,40.011924499000031],[-75.206600393999963,40.011667675000069],[-75.205836593999948,40.011267494000037],[-75.203350019999959,40.010116122000056],[-75.197556646999942,40.008182303000069],[-75.196493434999979,40.00783860100006],[-75.196479475999979,40.007836802000043],[-75.193384256999934,40.006833427000061],[-75.192994369999951,40.006636335000053],[-75.192722619999984,40.006467335000025],[-75.191877556999941,40.006575809000026],[-75.191737655999987,40.006598152000038],[-75.191742354999974,40.006649178000032],[-75.19208279999998,40.007036651000078],[-75.19220560499997,40.007119125000031],[-75.192343209999933,40.007201929000075],[-75.192245607999951,40.007291439000028],[-75.190684332999979,40.008339308000075],[-75.189826014999937,40.008866365000074],[-75.189417702999947,40.009087918000034],[-75.187127262999979,40.009966421000058],[-75.186959498999954,40.009989730000029],[-75.185856566999973,40.010351054000068],[-75.185089366999989,40.010588479000035],[-75.184139140999946,40.010928061000072],[-75.182554454999945,40.011821061000035],[-75.181108482999946,40.01268095000006],[-75.178319665999936,40.014502296000046],[-75.175848693999967,40.016115924000076],[-75.175248661999944,40.016515914000024],[-75.172556060999966,40.017782241000077],[-75.173271179999972,40.018412916000045],[-75.174999118999949,40.019896884000048],[-75.176903120999953,40.021472596000081],[-75.176913972999955,40.021482204000051],[-75.178174677999948,40.02259859000003],[-75.179108370999984,40.023382061000063],[-75.179848758999981,40.024115746000064],[-75.181730727999934,40.02568855800007],[-75.182076829999971,40.026079705000029],[-75.183540967999988,40.027309039000045],[-75.183548875999975,40.027315679000026],[-75.184167895999963,40.027788668000028],[-75.184261991999961,40.027895192000074],[-75.184757777999948,40.02829478700005]]]},"properties":{"OBJECTID":5,"NAME":"EAST_FALLS","LISTNAME":"East Falls","MAPNAME":"East Falls","Shape_Leng":27400.776417100002,"Shape_Length":0.09217741905923417,"Shape_Area":0.00040866982723199977}},{"type":"Feature","id":6,"geometry":{"type":"Polygon","coordinates":[[[-75.180873719999965,40.043248002000041],[-75.179612222999936,40.044482566000056],[-75.177758634999975,40.046294026000055],[-75.176598572999978,40.047438330000034],[-75.175545327999941,40.048441981000053],[-75.174921275999964,40.049058648000027],[-75.173243855999942,40.05065197700003],[-75.173284163999938,40.050699996000048],[-75.172810357999936,40.051191632000041],[-75.172233559999938,40.051745537000045],[-75.172194171999934,40.051783363000027],[-75.168960442999946,40.054943067000067],[-75.168303066999954,40.055582067000046],[-75.167557469999963,40.056306582000047],[-75.166084909999938,40.057738291000078],[-75.165691379999942,40.058119979000026],[-75.164730321999969,40.059100501000046],[-75.165547653999965,40.059614919000069],[-75.166233104999947,40.060045503000026],[-75.16705084299997,40.060509707000051],[-75.167885936999937,40.060975951000046],[-75.168718247999948,40.06144062900006],[-75.169437822999953,40.061842357000046],[-75.170070969999983,40.06219582600005],[-75.170846805999986,40.062670858000047],[-75.171495369999946,40.063046984000039],[-75.172196861999964,40.063452577000078],[-75.172966568999982,40.063897833000055],[-75.173754128999974,40.064353427000071],[-75.17405636999996,40.064528268000061],[-75.174488016999987,40.064777964000029],[-75.175356194999949,40.06528017100004],[-75.176530237999941,40.065959286000066],[-75.177297436999936,40.066394115000037],[-75.178044831999955,40.066819876000068],[-75.178702847999944,40.067196075000027],[-75.179372041999954,40.067577802000073],[-75.180146535999938,40.068018240000072],[-75.180541925999989,40.068241103000048],[-75.180960245999984,40.068482306000078],[-75.181771665999975,40.068966587000034],[-75.182519541999966,40.069414203000065],[-75.183255799999984,40.06983217700008],[-75.183948270999963,40.070214680000049],[-75.184730938999962,40.07059961300007],[-75.185918500999946,40.071280820000027],[-75.186621985999977,40.071679126000049],[-75.187330316999976,40.072077548000038],[-75.188106562999963,40.072524969000028],[-75.188475709999977,40.072730381000042],[-75.188459493999972,40.072751334000031],[-75.188512120999974,40.072780106000039],[-75.18874849599996,40.07290933400003],[-75.188864495999951,40.072972335000031],[-75.189115495999943,40.073125335000043],[-75.189256145999934,40.073206575000029],[-75.189276254999982,40.07318570800004],[-75.189630593999937,40.07283891700007],[-75.190457778999985,40.072201194000058],[-75.190892871999949,40.071819152000046],[-75.191370968999934,40.071310754000081],[-75.191703788999973,40.070936226000072],[-75.192043248999937,40.070385566000027],[-75.19254975299998,40.069799450000062],[-75.193291592999969,40.069056979000038],[-75.19454434499994,40.067968953000047],[-75.195013929999959,40.06758317200007],[-75.195231810999985,40.067436519000069],[-75.195526344999962,40.067268261000038],[-75.195885007999948,40.067008201000078],[-75.196448840999949,40.066614768000079],[-75.196248845999946,40.065814786000033],[-75.19614884799995,40.065414796000027],[-75.195165685999939,40.064894910000078],[-75.19420379099995,40.064408496000055],[-75.194007908999936,40.063973752000038],[-75.193003676999979,40.062558393000074],[-75.191995660999964,40.061244513000076],[-75.191347006999933,40.060417478000033],[-75.191149087999975,40.060157100000026],[-75.190969213999949,40.059906245000036],[-75.190299126999946,40.05916073700007],[-75.19007843199995,40.058956124000076],[-75.18948766799997,40.058384539000031],[-75.188496307999969,40.057393795000053],[-75.188202886999989,40.056897596000056],[-75.187408695999977,40.055471238000052],[-75.187070098999982,40.054851689000031],[-75.186895604999961,40.054509335000034],[-75.186565144999975,40.053942519000032],[-75.186185309999985,40.05325633700005],[-75.18571725299995,40.052467744000069],[-75.185365050999962,40.051778059000071],[-75.185244516999944,40.051551804000042],[-75.185077576999959,40.051238436000062],[-75.184778006999977,40.050676097000064],[-75.18445345799995,40.050066860000072],[-75.184296968999945,40.049773095000035],[-75.184007201999975,40.049274600000047],[-75.183798497999987,40.048906847000069],[-75.183473782999954,40.04831921400006],[-75.182843743999968,40.047090344000026],[-75.182312612999965,40.04592387100007],[-75.181804002999968,40.044829962000051],[-75.181514680999953,40.044208481000055],[-75.181289703999937,40.043665940000039],[-75.181045264999966,40.043331117000037],[-75.180987035999976,40.043209051000076],[-75.180954001999964,40.043170199000031],[-75.180873719999965,40.043248002000041]]]},"properties":{"OBJECTID":6,"NAME":"MOUNT_AIRY_EAST","LISTNAME":"Mount Airy, East","MAPNAME":"East Mount Airy","Shape_Leng":28845.549808,"Shape_Length":0.089567057092373378,"Shape_Area":0.00042319331264628797}},{"type":"Feature","id":7,"geometry":{"type":"Polygon","coordinates":[[[-75.195356379999964,39.920827594000059],[-75.195079781999937,39.920877480000058],[-75.194545422999965,39.920981295000047],[-75.19396622499994,39.92108649000005],[-75.191316308999944,39.921604024000032],[-75.190949832999934,39.921616885000049],[-75.190546200999961,39.921605682000063],[-75.190153616999964,39.921680681000055],[-75.18955686399994,39.921794679000072],[-75.189260807999972,39.92185123400003],[-75.188933740999971,39.921912064000026],[-75.187333260999935,39.922228437000058],[-75.186953280999944,39.922285419000048],[-75.186834235999982,39.922765718000051],[-75.186741622999989,39.923207130000037],[-75.18653986399994,39.924014015000068],[-75.186245210999971,39.925305812000033],[-75.185988835999979,39.926489014000026],[-75.185732706999943,39.927715299000056],[-75.185678907999943,39.928210006000029],[-75.185487719999969,39.928931563000049],[-75.185329083999989,39.929721473000029],[-75.185230510999986,39.930161080000062],[-75.185778469999946,39.930227432000038],[-75.186244856999963,39.930282942000076],[-75.18702446399999,39.930390412000065],[-75.186769326999979,39.931593047000035],[-75.186500657999943,39.932816228000036],[-75.186244288999944,39.934030878000044],[-75.185978331999934,39.935257405000073],[-75.185498277999955,39.937599859000045],[-75.184942526999976,39.940099941000028],[-75.187577628999975,39.940382189000047],[-75.188049078999939,39.940101646000073],[-75.188890500999946,39.940608423000072],[-75.189716361999956,39.941105816000061],[-75.19118704999994,39.941926503000047],[-75.191723601999968,39.942139679000036],[-75.192769837999947,39.942628288000037],[-75.193770631999939,39.942201108000063],[-75.196950085999958,39.942716735000033],[-75.200350259999936,39.943716727000037],[-75.203050400999985,39.943416728000045],[-75.203942930999972,39.942914715000029],[-75.20465048799997,39.942516734000037],[-75.20525052499994,39.941316741000037],[-75.205250527999965,39.940516746000071],[-75.204650496999989,39.940416747000029],[-75.204554313999949,39.938213014000041],[-75.204517065999937,39.93718265800004],[-75.204504498999938,39.937112146000061],[-75.204522461999943,39.936632619000079],[-75.20452260199994,39.936222930000042],[-75.204670295999961,39.935933571000078],[-75.204684750999945,39.935547611000061],[-75.204802932999939,39.93523418400008],[-75.205126944999961,39.934702921000053],[-75.206333150999967,39.933758123000075],[-75.206467220999969,39.933309659000031],[-75.196717159999935,39.928486467000027],[-75.194285286999957,39.925885034000032],[-75.195356379999964,39.920827594000059]]]},"properties":{"OBJECTID":7,"NAME":"GRAYS_FERRY","LISTNAME":"Grays Ferry","MAPNAME":"Grays Ferry","Shape_Leng":25521.572356199998,"Shape_Length":0.079539209564197452,"Shape_Area":0.00030680118250396766}},{"type":"Feature","id":8,"geometry":{"type":"Polygon","coordinates":[[[-75.123625575999938,40.045052016000056],[-75.123630722999962,40.045052709000061],[-75.125635109999962,40.045284275000029],[-75.126625545999957,40.045447937000063],[-75.127388955999947,40.045558425000024],[-75.128543879999938,40.045725901000026],[-75.129541800999959,40.045870576000027],[-75.130415504999974,40.045997235000073],[-75.131304168999975,40.04601628100005],[-75.13215747299995,40.046057949000044],[-75.132882871999982,40.046093365000047],[-75.134862138999949,40.046194066000055],[-75.134736572999941,40.046025326000063],[-75.134784464999939,40.038891989000035],[-75.135076707999986,40.038648382000076],[-75.135857976999944,40.037198261000071],[-75.136473943999988,40.037244326000064],[-75.138137180999934,40.035916236000048],[-75.139323975999957,40.034913522000068],[-75.14000535699995,40.034256553000034],[-75.138991803999943,40.032888599000046],[-75.137400023999987,40.032694788000072],[-75.137733766999986,40.031126307000079],[-75.138385528999947,40.028041524000059],[-75.138662179999983,40.02653478600007],[-75.139355224999974,40.023440430000051],[-75.139964371999952,40.02094203200005],[-75.138355333999982,40.021721252000077],[-75.136684723999963,40.022568704000037],[-75.135809406999954,40.022886182000036],[-75.135807372999977,40.022916037000073],[-75.135801407999963,40.022919334000051],[-75.134254560999977,40.023698267000043],[-75.134238007999954,40.023703313000055],[-75.133292181999934,40.023841602000061],[-75.133258195999986,40.023848250000071],[-75.127221351999935,40.025028917000043],[-75.123494764999975,40.025656292000065],[-75.11951739999995,40.026141859000063],[-75.117147584999941,40.026655051000034],[-75.116043605999948,40.02687620100005],[-75.115559141999938,40.026967783000032],[-75.114662457999941,40.027125213000033],[-75.112764330999937,40.027386134000039],[-75.112555576999966,40.027919924000059],[-75.112109339999961,40.027957396000033],[-75.111718679999967,40.02802622400003],[-75.111170200999936,40.028663387000051],[-75.110995813999978,40.029025162000039],[-75.110861398999987,40.029488377000064],[-75.111045659999945,40.030065655000044],[-75.111164757999973,40.030514135000033],[-75.111020227999973,40.031865684000024],[-75.111028171999976,40.032251448000068],[-75.110824491999949,40.033306675000063],[-75.110918405999939,40.033727796000051],[-75.111158256999943,40.034336430000053],[-75.111541299999942,40.034723452000037],[-75.112081504999935,40.035107101000051],[-75.11245170899997,40.035973328000068],[-75.113169100999983,40.036496423000074],[-75.113430574999938,40.036775343000045],[-75.113787639999941,40.037279161000072],[-75.114071899999942,40.038110029000052],[-75.114325770999983,40.038936898000031],[-75.114533651999977,40.039829852000025],[-75.11433406499998,40.040164274000063],[-75.113972102999981,40.040525430000059],[-75.113388921999956,40.041458613000032],[-75.112904556999979,40.041947937000032],[-75.11246455099996,40.04265950100006],[-75.112278099999969,40.043356324000058],[-75.112078490999977,40.043690742000081],[-75.112118640999938,40.043667242000026],[-75.112227222999934,40.043574389000071],[-75.112291761999984,40.043509861000075],[-75.112358359999973,40.043515058000025],[-75.112429013999986,40.043538684000055],[-75.112504433999959,40.043562419000068],[-75.112593728999968,40.04359747400008],[-75.112687363999953,40.043643630000076],[-75.112753819999966,40.043652491000046],[-75.11278167599994,40.043662407000056],[-75.113045613999986,40.04375637000004],[-75.113241964999986,40.04368326000008],[-75.115952178999976,40.044011219000026],[-75.116935391999959,40.04414728200004],[-75.11751451899994,40.044208670000046],[-75.119526110999971,40.044505761000039],[-75.12014828599996,40.044591841000056],[-75.120787936999989,40.044680336000056],[-75.121410467999965,40.044766460000062],[-75.122083049999958,40.044863776000057],[-75.122819392999986,40.044943401000069],[-75.123625575999938,40.045052016000056]]]},"properties":{"OBJECTID":8,"NAME":"OLNEY","LISTNAME":"Olney","MAPNAME":"Olney","Shape_Leng":32197.205270599999,"Shape_Length":0.10065191239953278,"Shape_Area":0.00049315990282840986}},{"type":"Feature","id":10,"geometry":{"type":"Polygon","coordinates":[[[-74.998516725999934,40.128190762000031],[-74.998562724999942,40.128217763000066],[-74.99897972499997,40.12845976300008],[-74.999458721999986,40.128748763000033],[-74.999582721999957,40.128819763000024],[-74.999742721999951,40.12891176200003],[-75.000955720999968,40.129610765000052],[-75.001523720999955,40.129936766000071],[-75.002271721999989,40.130377767000027],[-75.003253721999954,40.131012769000051],[-75.00379455999996,40.131283190000033],[-75.003907722999941,40.131339771000057],[-75.003996722999943,40.131390771000042],[-75.00409472399997,40.131447772000058],[-75.005690724999965,40.132376775000068],[-75.005900724999947,40.132498776000034],[-75.00594472399996,40.132524776000025],[-75.005986724999957,40.132548776000078],[-75.00690072499998,40.133080778000078],[-75.007410724999943,40.133377778000067],[-75.007685725999977,40.133528779000073],[-75.008528725999952,40.133992781000075],[-75.008662725999955,40.134075782000025],[-75.009115726999937,40.134355782000057],[-75.009463726999968,40.134570783000072],[-75.01062572799998,40.135276786000077],[-75.011045727999942,40.135530786000061],[-75.011452728999984,40.135788787000024],[-75.011897728999941,40.136058788000071],[-75.01226872899997,40.136284789000058],[-75.012376728999982,40.136349789000064],[-75.012585728999966,40.136477789000025],[-75.012743729999954,40.136573790000057],[-75.013882730999967,40.13726979300003],[-75.014017303999935,40.137352299000042],[-75.014386730999945,40.137578793000046],[-75.014573730999984,40.137693794000029],[-75.014701730999946,40.137771794000059],[-75.015064731999985,40.13799279400007],[-75.015627730999938,40.137335796000059],[-75.016320729999961,40.136527799000078],[-75.016488730999981,40.13635479900006],[-75.017019728999969,40.135806801000058],[-75.017775728999936,40.135025803000076],[-75.017948728999954,40.134848804000057],[-75.019596725999975,40.133229809000056],[-75.020569725999962,40.132274812000048],[-75.02300672399997,40.130550819000064],[-75.02370872299997,40.130053821000047],[-75.024889722999944,40.129216825000071],[-75.025129722999964,40.129082826000058],[-75.025785720999977,40.128571828000076],[-75.026231721999977,40.128260829000055],[-75.031650715999945,40.124503845000049],[-75.031803715999956,40.124397846000079],[-75.033261714999981,40.123385850000034],[-75.033631713999966,40.123130852000031],[-75.037552708999954,40.120413864000056],[-75.037840709999955,40.12021386400005],[-75.038287707999984,40.119902866000075],[-75.038334708999969,40.119870866000042],[-75.038707707999947,40.119599867000034],[-75.039041707999957,40.119356868000068],[-75.042305703999943,40.117078879000076],[-75.043805701999986,40.116031883000062],[-75.043854700999987,40.115997883000034],[-75.044214701999977,40.115747884000029],[-75.044261701999972,40.115713885000048],[-75.047447696999939,40.113492895000036],[-75.048540694999986,40.112729898000055],[-75.048595531999979,40.112691556000073],[-75.048560496999983,40.112673292000068],[-75.047767655999962,40.112251241000081],[-75.04116978899998,40.108402315000035],[-75.038842114999966,40.107113990000073],[-75.037142048999954,40.106964994000066],[-75.035585814999934,40.10674841000008],[-75.034720676999939,40.106273460000068],[-75.033873516999961,40.105724131000045],[-75.032907290999958,40.105154723000055],[-75.029940084999964,40.103289480000058],[-75.028815479999935,40.102560944000061],[-75.027615581999953,40.101842121000061],[-75.026906463999978,40.101589435000051],[-75.025666730999944,40.101117047000059],[-75.024063568999964,40.100739591000035],[-75.022800669999981,40.100412442000049],[-75.021841621999954,40.100100031000068],[-75.019696420999935,40.098300041000073],[-75.018853649999983,40.097647137000081],[-75.018264576999968,40.097075688000075],[-75.01559789199996,40.094871924000074],[-75.014204246999952,40.096241495000072],[-75.012741134999942,40.097414188000073],[-75.012241402999962,40.097754525000028],[-75.009835756999962,40.099440531000027],[-75.008721665999985,40.100311522000027],[-75.007856935999939,40.100878815000044],[-75.005218086999946,40.102609892000032],[-75.003408654999987,40.10383874300004],[-75.002616031999935,40.104400415000043],[-75.00181495399994,40.10495297600005],[-75.001809875999982,40.104956480000055],[-74.999181672999953,40.106709357000057],[-74.998205725999981,40.107382738000069],[-74.99712975999995,40.108148724000046],[-74.995846392999965,40.109085306000054],[-74.995754873999942,40.109205354000039],[-74.995711621999988,40.109397878000038],[-74.995696473999942,40.109561084000063],[-74.995733198999972,40.109780723000029],[-74.995930605999945,40.109955557000035],[-74.996197907999942,40.110106607000034],[-74.998484754999936,40.111995468000032],[-74.99889116199995,40.111718861000043],[-75.002492458999939,40.115995461000068],[-75.002846992999935,40.116141515000038],[-75.003240710999989,40.116613869000048],[-74.997102964999954,40.121170560000053],[-74.996433654999976,40.120777119000024],[-74.995263182999963,40.119885602000068],[-74.993555324999988,40.118655240000066],[-74.992689354999982,40.11943506800003],[-74.99017295799996,40.121599198000069],[-74.987956654999948,40.123341597000035],[-74.987511492999943,40.123652212000025],[-74.987571763999938,40.123730761000047],[-74.987727783999958,40.123871708000024],[-74.987778763999984,40.12391776100003],[-74.988264956999956,40.124171334000039],[-74.988451760999965,40.124268761000053],[-74.988630759999978,40.124416761000077],[-74.988603760999979,40.124643761000073],[-74.988584996999975,40.124802812000041],[-74.988561760999971,40.124999761000026],[-74.988575760999936,40.125213761000055],[-74.988611760999959,40.12544476000005],[-74.988640760999942,40.125532760000056],[-74.988711760999934,40.125685761000057],[-74.988869759999943,40.12592176000004],[-74.98901275999998,40.126070761000051],[-74.98916375899995,40.126196760000028],[-74.989249132999987,40.126249421000068],[-74.989270758999965,40.126262761000078],[-74.989283377999982,40.126267238000025],[-74.989363758999957,40.126295761000051],[-74.989606756999933,40.126361760000066],[-74.98974975699997,40.12638276000007],[-74.990155755999979,40.126392760000044],[-74.990212755999949,40.126392760000044],[-74.990298754999969,40.126378761000069],[-74.990336754999987,40.12637176000004],[-74.990844752999976,40.126316761000055],[-74.991080751999959,40.126255761000039],[-74.991223751999939,40.126244761000066],[-74.99125275199998,40.126233761000037],[-74.991459750999979,40.126200761000064],[-74.991838748999953,40.126178761000062],[-74.992418746999988,40.126194761000079],[-74.99281274599997,40.126238761000025],[-74.993141744999946,40.126326762000076],[-74.993334743999981,40.126397762000067],[-74.993408743999964,40.126431761000049],[-74.993477742999971,40.126463762000071],[-74.993601742999942,40.12653576200006],[-74.993685741999968,40.12658476200005],[-74.993766742999981,40.126643762000072],[-74.993821741999966,40.126683761000038],[-74.993907741999976,40.126776762000077],[-74.993971741999985,40.126963762000059],[-74.993971740999939,40.127045761000034],[-74.993907742999966,40.127292762000025],[-74.993864742999961,40.127534761000049],[-74.993750743999954,40.127765761000035],[-74.993678743999965,40.127852761000042],[-74.993528743999946,40.12807876100004],[-74.993407744999956,40.128215761000035],[-74.993350744999987,40.128298761000053],[-74.993185745999938,40.128638760000058],[-74.993143746999976,40.128748760000065],[-74.993071745999941,40.129083760000071],[-74.993036746999962,40.129495759000065],[-74.993007746999979,40.129627760000062],[-74.99294374699997,40.129792760000043],[-74.992829748999952,40.129989759000068],[-74.992607748999944,40.130253759000027],[-74.992414750999956,40.130440759000066],[-74.992364749999979,40.130511759000058],[-74.992286750999938,40.130682759000081],[-74.992300750999959,40.130830758000059],[-74.992322750999961,40.130879758000049],[-74.992594749999967,40.131275758000072],[-74.992937748999964,40.131593758000065],[-74.993260748999944,40.131933758000059],[-74.993460746999972,40.132104758000025],[-74.993593746999977,40.132266759000061],[-74.993758745999969,40.132050759000037],[-74.994093575999955,40.131632023000066],[-74.994185743999935,40.131516758000032],[-74.997446729999979,40.128249762000053],[-74.997569728999963,40.128117762000045],[-74.997798727999964,40.127902763000066],[-74.997883727999977,40.127816762000066],[-74.998516725999934,40.128190762000031]]]},"properties":{"OBJECTID":10,"NAME":"SOMERTON","LISTNAME":"Somerton","MAPNAME":"Somerton","Shape_Leng":55054.575495999998,"Shape_Length":0.17669604094119487,"Shape_Area":0.0012686537850969818}},{"type":"Feature","id":11,"geometry":{"type":"Polygon","coordinates":[[[-75.191149087999975,40.060157100000026],[-75.191347006999933,40.060417478000033],[-75.191995660999964,40.061244513000076],[-75.193003676999979,40.062558393000074],[-75.194007908999936,40.063973752000038],[-75.19420379099995,40.064408496000055],[-75.195165685999939,40.064894910000078],[-75.19614884799995,40.065414796000027],[-75.196248845999946,40.065814786000033],[-75.196448840999949,40.066614768000079],[-75.19679619599998,40.066423372000031],[-75.197245062999968,40.065892026000029],[-75.197872697999969,40.065494093000041],[-75.198082706999969,40.065204562000076],[-75.198163649999969,40.065088682000066],[-75.198262108999984,40.064914351000027],[-75.198392942999988,40.064693668000075],[-75.198567030999982,40.06454455100004],[-75.198770398999955,40.064431389000049],[-75.199019674999988,40.064319245000036],[-75.199282926999956,40.064242714000045],[-75.199608276999982,40.064144025000076],[-75.199905228999967,40.063985867000042],[-75.200127874999964,40.063767219000056],[-75.200272235999989,40.063593906000051],[-75.20035405699997,40.063454508000063],[-75.200822419999952,40.063742829000034],[-75.201162575999945,40.063934457000073],[-75.20214464299994,40.06298399800005],[-75.202500690999955,40.062580173000072],[-75.201917551999941,40.061936654000078],[-75.201868945999934,40.061724014000049],[-75.201831434999974,40.061538640000038],[-75.201857678999943,40.06131367200004],[-75.201919731999965,40.061082661000057],[-75.202096299999937,40.060881531000064],[-75.202264236999952,40.060673373000043],[-75.202414139999973,40.060471651000057],[-75.202511997999977,40.060234600000058],[-75.202486252999961,40.059906156000068],[-75.20228889699996,40.059513013000071],[-75.201810472999966,40.058733295000025],[-75.201483803999963,40.05854770500008],[-75.201328710999974,40.058042672000056],[-75.201238972999988,40.05772858000006],[-75.201322743999981,40.057429482000032],[-75.201573482999947,40.056933451000077],[-75.201895426999954,40.056472438000071],[-75.202306421999936,40.05595766700003],[-75.202804371999946,40.055444821000037],[-75.204510506999952,40.054515347000063],[-75.205341663999945,40.053208924000046],[-75.206213839999975,40.053005112000051],[-75.209194337999975,40.05235039400003],[-75.208965829999954,40.052048157000058],[-75.208767766999983,40.051341319000073],[-75.209920675999967,40.050402406000046],[-75.210229572999935,40.049807199000043],[-75.210260004999952,40.049402598000029],[-75.210165847999974,40.049027119000073],[-75.209755350999956,40.048746502000029],[-75.210631543999966,40.047982930000046],[-75.210521311999969,40.047909553000068],[-75.210444300999939,40.047868955000069],[-75.210339350999959,40.047782140000038],[-75.21031084599997,40.04774498300003],[-75.210274456999969,40.047697551000056],[-75.210214003999965,40.047587578000048],[-75.210059563999948,40.047191195000039],[-75.209921424999948,40.047064981000062],[-75.209730973999967,40.047016993000057],[-75.209666638999977,40.047019227000078],[-75.209101906999933,40.046493405000035],[-75.210223719999988,40.046095204000039],[-75.210076766999975,40.04462329200004],[-75.208114275999947,40.043481618000044],[-75.208379228999945,40.043084963000069],[-75.208500661999949,40.042669556000078],[-75.208473694999952,40.042257454000037],[-75.208226282999988,40.041907342000059],[-75.207925766999949,40.041663783000047],[-75.207724843999983,40.041637527000034],[-75.207255250999935,40.041757750000045],[-75.206756369999937,40.042010336000033],[-75.206098156999985,40.042582581000033],[-75.205851934999941,40.042910695000046],[-75.205407858999934,40.042738039000028],[-75.204910576999964,40.042486871000051],[-75.204955293999944,40.041860890000066],[-75.205773318999945,40.041063390000033],[-75.205886690999989,40.040792460000034],[-75.20595562699998,40.040477808000048],[-75.205919890999951,40.040391728000031],[-75.205454850999956,40.039325362000056],[-75.205453770999952,40.039100122000036],[-75.204928993999943,40.038567065000052],[-75.203645125999969,40.037993477000043],[-75.203166476999968,40.037644699000055],[-75.203233073999968,40.037809657000025],[-75.203262090999942,40.037960708000071],[-75.203256358999965,40.038097912000069],[-75.202847283999972,40.039532179000048],[-75.199945568999965,40.037152954000078],[-75.198693071999969,40.03772710100003],[-75.198681262999969,40.037733177000064],[-75.198241064999934,40.036616718000062],[-75.19804148299994,40.035677298000053],[-75.197976645999972,40.035515123000039],[-75.197817896999936,40.034757815000034],[-75.197675874999959,40.034413150000034],[-75.197624464999933,40.034171069000024],[-75.197537512999986,40.03390117400005],[-75.197304004999978,40.03363493300003],[-75.197124767999981,40.03338506700004],[-75.197124767999981,40.03338506700004],[-75.195670277999966,40.033923648000041],[-75.194723568999962,40.034276334000026],[-75.193251475999944,40.034824723000042],[-75.192729011999972,40.03502996800006],[-75.193129291999981,40.035390858000028],[-75.19293797399996,40.035472565000077],[-75.190990580999937,40.037362411000061],[-75.190088986999967,40.038241552000045],[-75.18879986799999,40.039489748000051],[-75.187317462999943,40.040938492000066],[-75.185677801999987,40.042667077000033],[-75.184608149999974,40.043713752000031],[-75.183149703999959,40.045109018000062],[-75.182312612999965,40.04592387100007],[-75.182843743999968,40.047090344000026],[-75.183473782999954,40.04831921400006],[-75.183798497999987,40.048906847000069],[-75.184007201999975,40.049274600000047],[-75.184296968999945,40.049773095000035],[-75.18445345799995,40.050066860000072],[-75.184778006999977,40.050676097000064],[-75.185077576999959,40.051238436000062],[-75.185244516999944,40.051551804000042],[-75.185365050999962,40.051778059000071],[-75.18571725299995,40.052467744000069],[-75.186185309999985,40.05325633700005],[-75.186565144999975,40.053942519000032],[-75.186895604999961,40.054509335000034],[-75.187070098999982,40.054851689000031],[-75.187408695999977,40.055471238000052],[-75.188202886999989,40.056897596000056],[-75.188496307999969,40.057393795000053],[-75.18948766799997,40.058384539000031],[-75.19007843199995,40.058956124000076],[-75.190299126999946,40.05916073700007],[-75.190969213999949,40.059906245000036],[-75.191149087999975,40.060157100000026]]]},"properties":{"OBJECTID":11,"NAME":"MOUNT_AIRY_WEST","LISTNAME":"Mount Airy, West","MAPNAME":"West Mount Airy","Shape_Leng":37723.378933200001,"Shape_Length":0.10684191243523826,"Shape_Area":0.00051398749742533685}},{"type":"Feature","id":12,"geometry":{"type":"Polygon","coordinates":[[[-75.141295655999954,40.05522804800006],[-75.140625087999979,40.058264218000033],[-75.13980957299998,40.062003350000055],[-75.139526990999968,40.063388665000048],[-75.139519268999948,40.063416016000076],[-75.140577511999936,40.064057209000055],[-75.14070751099996,40.064134210000077],[-75.141848511999967,40.064779212000076],[-75.141874511999958,40.064794212000038],[-75.143054512999981,40.065459214000043],[-75.143115512999941,40.065494214000068],[-75.14409451399996,40.066068216000076],[-75.144545514999947,40.066323217000047],[-75.144855514999961,40.066504218000034],[-75.14518551599997,40.066693219000058],[-75.145450515999983,40.066843219000077],[-75.145475514999987,40.066857220000031],[-75.146681515999944,40.067548222000028],[-75.147642517999941,40.068097224000041],[-75.148329518999958,40.068486225000072],[-75.149572518999946,40.069188227000041],[-75.150000518999946,40.069425229000046],[-75.150717520999933,40.069829230000039],[-75.151594520999936,40.070329232000063],[-75.151884520999943,40.070489233000046],[-75.152183521999973,40.070657233000077],[-75.152754522999942,40.070981234000044],[-75.153331522999963,40.071310235000055],[-75.154074522999963,40.071733237000046],[-75.154692524999973,40.072085238000057],[-75.155832524999937,40.072734241000035],[-75.158313645999954,40.074113606000026],[-75.158415527999978,40.074170245000062],[-75.160427530999982,40.07530225000005],[-75.16128353199997,40.075765251000064],[-75.161955532999968,40.076131253000028],[-75.162517670999989,40.07645092000007],[-75.163397534999945,40.07695125500004],[-75.163553521999972,40.077042507000044],[-75.163594872999965,40.076998161000063],[-75.16407368199998,40.076503882000054],[-75.164617835999934,40.075934692000033],[-75.16559658999995,40.074941264000074],[-75.166166493999981,40.074403068000038],[-75.166722033999974,40.073841099000049],[-75.167214344999934,40.073336324000024],[-75.167688990999977,40.072858703000065],[-75.168334264999942,40.072218428000042],[-75.169026256999985,40.071531614000037],[-75.169594165999968,40.070968008000079],[-75.170098733999964,40.070467800000074],[-75.170686789999934,40.069883628000071],[-75.171300035999934,40.069284012000026],[-75.172260150999989,40.068322059000025],[-75.173047857999961,40.067614740000067],[-75.173566861999973,40.067113564000067],[-75.174209002999987,40.066452938000054],[-75.174764081999967,40.065896524000038],[-75.175356194999949,40.06528017100004],[-75.174488016999987,40.064777964000029],[-75.17405636999996,40.064528268000061],[-75.173754128999974,40.064353427000071],[-75.172966568999982,40.063897833000055],[-75.172196861999964,40.063452577000078],[-75.171495369999946,40.063046984000039],[-75.170846805999986,40.062670858000047],[-75.170070969999983,40.06219582600005],[-75.169437822999953,40.061842357000046],[-75.168718247999948,40.06144062900006],[-75.167885936999937,40.060975951000046],[-75.16705084299997,40.060509707000051],[-75.166233104999947,40.060045503000026],[-75.165547653999965,40.059614919000069],[-75.164730321999969,40.059100501000046],[-75.163237550999952,40.058264179000048],[-75.162198284999988,40.057752633000064],[-75.160762406999936,40.056906711000067],[-75.158981818999962,40.055846891000044],[-75.158447408999962,40.055515007000054],[-75.157863173999942,40.055197918000033],[-75.157749923999972,40.055206210000051],[-75.156647344999953,40.054615026000079],[-75.155630096999971,40.054160378000063],[-75.155269610999937,40.053989522000052],[-75.154508443999987,40.053633937000029],[-75.153817947999983,40.053299544000026],[-75.153398999999979,40.053096653000068],[-75.152938406999965,40.052873590000047],[-75.151718543999948,40.052352625000026],[-75.150234369999964,40.051668188000065],[-75.150122531999955,40.05156639300003],[-75.148658578999971,40.050767539000049],[-75.146549872999969,40.049562293000065],[-75.144950516999984,40.048671283000033],[-75.142968185999962,40.047578667000039],[-75.14292332399998,40.047573054000054],[-75.142558878999978,40.049260483000069],[-75.142514938999966,40.049463924000065],[-75.142298560999961,40.050636783000073],[-75.142317203999937,40.050638724000066],[-75.142308497999977,40.050642255000071],[-75.141703193999945,40.053209073000062],[-75.141295655999954,40.05522804800006]]]},"properties":{"OBJECTID":12,"NAME":"WEST_OAK_LANE","LISTNAME":"West Oak Lane","MAPNAME":"West Oak Lane","Shape_Leng":30804.206200100001,"Shape_Length":0.097532610877328368,"Shape_Area":0.00051584462936017043}},{"type":"Feature","id":16,"geometry":{"type":"Polygon","coordinates":[[[-74.998515145999988,40.064209088000041],[-74.998210947999951,40.064604365000037],[-74.998480603999951,40.064847051000072],[-74.998902138999938,40.06547992600008],[-74.998307118999946,40.066367640000067],[-74.997075865999989,40.066402573000062],[-74.996310603999973,40.06666341500005],[-74.995977767999989,40.067201580000074],[-74.995732232999956,40.067598581000027],[-74.995490530999973,40.06798937700006],[-74.995252663999963,40.068373971000028],[-74.995024384999965,40.068743056000073],[-74.994635320999976,40.069372091000048],[-74.995892859999969,40.070067972000061],[-74.996735915999977,40.070554848000029],[-74.997446542999967,40.070965234000028],[-74.998085339999989,40.071334130000025],[-74.99930694699998,40.072039570000072],[-74.999132428999985,40.072207194000043],[-74.999787539999943,40.072598567000057],[-75.000742676999948,40.07316916700006],[-75.001406030999988,40.073542175000057],[-75.002218554999956,40.073999054000069],[-75.002250389999972,40.074015536000047],[-75.002348648999941,40.073539989000039],[-75.002587668999979,40.072965583000041],[-75.002918158999989,40.072171341000058],[-75.003675667999971,40.071448951000036],[-75.004342011999938,40.071031421000043],[-75.004967051999984,40.070639763000031],[-75.005655729999944,40.070208219000051],[-75.006167736999942,40.069887376000054],[-75.006628083999942,40.069598901000063],[-75.007193092999955,40.069225930000073],[-75.002902568999957,40.066677924000032],[-74.999032671999942,40.064492458000075],[-74.998515145999988,40.064209088000041]]]},"properties":{"OBJECTID":16,"NAME":"WEST_TORRESDALE","LISTNAME":"West Torresdale","MAPNAME":"West Torresdale","Shape_Leng":10730.0049215,"Shape_Length":0.034342644702592379,"Shape_Area":5.7091123278520184e-05}},{"type":"Feature","id":17,"geometry":{"type":"Polygon","coordinates":[[[-74.965540718999989,40.110064413000032],[-74.966194659999985,40.110080248000031],[-74.96754144199997,40.109714226000051],[-74.968282924999983,40.109246886000051],[-74.968756646999964,40.108703740000067],[-74.968403758999955,40.107194889000027],[-74.968026966999957,40.105583754000065],[-74.967346254999939,40.105671269000027],[-74.964937645999953,40.106063565000056],[-74.964813736999986,40.105783260000067],[-74.963717264999957,40.105974034000042],[-74.963440067999954,40.106336282000029],[-74.963440852999952,40.106342770000026],[-74.963459852999961,40.106495770000038],[-74.963468852999938,40.106569770000078],[-74.963489851999952,40.106740769000055],[-74.963561852999987,40.106899769000051],[-74.963639851999972,40.107014769000045],[-74.96367285599996,40.107041464000076],[-74.963775851999969,40.107124769000052],[-74.96392685099994,40.107173769000042],[-74.964383848999944,40.107217769000044],[-74.964555848999964,40.107272769000076],[-74.964648847999968,40.107321769000066],[-74.965192845999979,40.107777769000052],[-74.965342844999952,40.107931768000071],[-74.965348844999937,40.107968768000035],[-74.965357844999971,40.108024769000053],[-74.965298845999939,40.10808976900006],[-74.965063846999954,40.108348768000042],[-74.964806846999977,40.108563768000067],[-74.964384849999988,40.108804767000038],[-74.963998850999985,40.109123768000075],[-74.963732450999942,40.109435810000036],[-74.964208868999947,40.109423112000059],[-74.96504910699997,40.109393910000051],[-74.965540718999989,40.110064413000032]]]},"properties":{"OBJECTID":17,"NAME":"MECHANICSVILLE","LISTNAME":"Mechanicsville","MAPNAME":"Mechanicsville","Shape_Leng":5941.3326182299998,"Shape_Length":0.018990212718320527,"Shape_Area":1.6157947230766505e-05}},{"type":"Feature","id":18,"geometry":{"type":"Polygon","coordinates":[[[-74.963448853999978,40.110013766000066],[-74.96336985399995,40.110337766000043],[-74.963598852999951,40.110886766000078],[-74.963648852999938,40.111111766000079],[-74.963655852999977,40.111309765000044],[-74.963577852999947,40.111540765000029],[-74.963505853999948,40.111935764000066],[-74.963491853999983,40.112281764000045],[-74.963642852999953,40.112836764000065],[-74.963628852999989,40.113369763000037],[-74.963578853999934,40.11367176300007],[-74.96349285499997,40.113786763000064],[-74.963470853999979,40.113956762000043],[-74.963385853999966,40.11424276200006],[-74.963311378999947,40.114416539000047],[-74.96319985599996,40.114676761000055],[-74.963172294999936,40.114792363000049],[-74.963127855999971,40.114978762000078],[-74.963135855999951,40.115401761000044],[-74.963193144999934,40.115683927000077],[-74.963242855999965,40.115928761000077],[-74.96355695699998,40.116944000000046],[-74.964287419999948,40.117217954000068],[-74.966503724999939,40.117670248000024],[-74.96807565499995,40.11677239100004],[-74.969544285999973,40.11591534300004],[-74.969919300999948,40.113376688000074],[-74.971167092999963,40.112380414000029],[-74.97280101399997,40.111075780000078],[-74.974038159999964,40.110087908000025],[-74.975400266999941,40.109001897000041],[-74.976576942999941,40.108063689000062],[-74.97778309399996,40.107101940000064],[-74.980075257999943,40.105415380000068],[-74.980710231999979,40.104789415000027],[-74.981822234999981,40.104088276000027],[-74.982436823999933,40.102855213000055],[-74.981978173999948,40.102480213000035],[-74.983883571999968,40.101139563000061],[-74.985573974999966,40.100088347000053],[-74.986344126999938,40.099465605000034],[-74.98662404199996,40.099277813000072],[-74.986649149999948,40.099298340000075],[-74.986861612999974,40.099148373000048],[-74.987811296999951,40.098404212000048],[-74.988451359999942,40.097801460000028],[-74.989961984999979,40.096715981000045],[-74.991264519999959,40.095779982000067],[-74.991299999999967,40.095760341000073],[-74.991250666999974,40.095719516000031],[-74.990509710999959,40.095101958000043],[-74.990150762999974,40.09480278400008],[-74.989623976999951,40.094363713000064],[-74.989116145999958,40.093940432000068],[-74.988592218999941,40.093506925000042],[-74.988087242999939,40.09308909300006],[-74.987725937999983,40.092790131000072],[-74.987385400999983,40.092508352000038],[-74.986964815999954,40.092141440000034],[-74.986454342999934,40.091696102000071],[-74.986058602999947,40.091394082000079],[-74.985730350999972,40.091143566000028],[-74.985207603999982,40.090744607000033],[-74.984715041999948,40.09038959600008],[-74.98416068399996,40.089990041000078],[-74.984156527999971,40.089987045000044],[-74.983868479999956,40.090334948000077],[-74.98371674599997,40.09051641800005],[-74.983617976999938,40.09063352700008],[-74.983237151999958,40.091085064000026],[-74.983077453999954,40.091268279000076],[-74.982476697999971,40.09181499500005],[-74.981884513999944,40.092151473000058],[-74.981568919999972,40.092424462000054],[-74.981168265999941,40.092758668000045],[-74.980926068999963,40.092960695000045],[-74.980706005999934,40.093144256000073],[-74.980393923999941,40.093404573000043],[-74.979961452999987,40.093765303000055],[-74.979919209999935,40.093797013000028],[-74.978397019999989,40.092528861000062],[-74.973892821999982,40.088953942000046],[-74.971527739999942,40.087244496000039],[-74.971519413999943,40.087238478000074],[-74.970567372999938,40.088122383000041],[-74.96937268399995,40.088931007000042],[-74.967935926999985,40.089861211000027],[-74.966641969999955,40.09077664800003],[-74.96556858699995,40.091515345000062],[-74.964388983999982,40.092242354000064],[-74.964099561999944,40.092362790000038],[-74.962090529999955,40.093370087000039],[-74.961253888999977,40.09411448600008],[-74.959704958999964,40.095460632000027],[-74.959180649999951,40.096103357000061],[-74.958728780999934,40.096847237000077],[-74.95866119599998,40.096890568000049],[-74.958747870999957,40.09692977900005],[-74.958769870999959,40.096938779000027],[-74.959152869999969,40.097047779000036],[-74.959337868999967,40.097129778000067],[-74.959938865999959,40.097370779000073],[-74.960081865999939,40.097376779000058],[-74.960453863999987,40.097464778000074],[-74.961047861999987,40.097431778000043],[-74.961190860999977,40.097447779000049],[-74.96134086099994,40.09749677800005],[-74.961449398999946,40.09760949300005],[-74.961512495999955,40.097675016000039],[-74.961626858999978,40.097793778000039],[-74.961628858999973,40.097804778000068],[-74.961645858999987,40.097884778000036],[-74.961648251999975,40.097896745000071],[-74.961662858999944,40.097969778000049],[-74.961512859999971,40.09816177700003],[-74.961462859999983,40.098298777000025],[-74.961483859999987,40.098364778000075],[-74.961641859999986,40.098428777000038],[-74.961755857999947,40.098474778000025],[-74.961870858999987,40.098644777000061],[-74.961827857999936,40.098820777000071],[-74.961498859999949,40.099056777000044],[-74.961398860999964,40.099172777000035],[-74.96136986099998,40.099287777000029],[-74.961412860999985,40.099380776000032],[-74.961605859999963,40.09946377600005],[-74.961734858999989,40.09949677600008],[-74.961842858999944,40.099622776000047],[-74.961856858999965,40.099693776000038],[-74.961691859999974,40.10006777500007],[-74.961677858999963,40.100314776000062],[-74.96169989699996,40.100515400000063],[-74.961706859999936,40.100578775000031],[-74.961685858999942,40.100731775000042],[-74.961584859999959,40.100891775000036],[-74.961539155999958,40.100909780000052],[-74.961320860999933,40.100995774000069],[-74.961241860999962,40.101138775000038],[-74.961052861999974,40.101326774000029],[-74.96098686299996,40.101392774000033],[-74.960805862999962,40.101572774000033],[-74.960812862999944,40.101676774000055],[-74.960946862999947,40.101762774000065],[-74.960991861999958,40.101792774000046],[-74.961056861999964,40.101852774000065],[-74.961077861999968,40.102313774000038],[-74.960934862999977,40.102407774000028],[-74.960870862999968,40.102473773000042],[-74.960863862999986,40.102615773000025],[-74.960963862999961,40.102720773000044],[-74.961033319999956,40.102880525000046],[-74.961063861999946,40.102950773000032],[-74.961024839999936,40.102971403000026],[-74.960906862999934,40.10303377300005],[-74.960884862999933,40.103104773000041],[-74.960993072999941,40.103311785000074],[-74.960999175999973,40.10332346000007],[-74.961139861999982,40.103431772000079],[-74.961154861999944,40.103446772000041],[-74.961671859999967,40.104120771000055],[-74.962144857999988,40.10438477100007],[-74.962244856999973,40.10449377100008],[-74.962418098999933,40.104831595000064],[-74.96244485699998,40.104883771000061],[-74.962487855999939,40.105032771000026],[-74.962687855999945,40.105301771000029],[-74.962704864999978,40.105315714000028],[-74.963203852999982,40.105724771000041],[-74.963417852999953,40.106152770000051],[-74.963434501999984,40.106290298000033],[-74.963440067999954,40.106336282000029],[-74.963717264999957,40.105974034000042],[-74.964813736999986,40.105783260000067],[-74.964937645999953,40.106063565000056],[-74.967346254999939,40.105671269000027],[-74.968026966999957,40.105583754000065],[-74.968403758999955,40.107194889000027],[-74.968756646999964,40.108703740000067],[-74.968282924999983,40.109246886000051],[-74.96754144199997,40.109714226000051],[-74.966194659999985,40.110080248000031],[-74.965540718999989,40.110064413000032],[-74.96504910699997,40.109393910000051],[-74.964208868999947,40.109423112000059],[-74.963732450999942,40.109435810000036],[-74.963712851999958,40.109458766000046],[-74.963448853999978,40.110013766000066]]]},"properties":{"OBJECTID":18,"NAME":"PARKWOOD_MANOR","LISTNAME":"Parkwood Manor","MAPNAME":"Parkwood Manor","Shape_Leng":36872.934875300001,"Shape_Length":0.11575470207802521,"Shape_Area":0.00046126016617222438}},{"type":"Feature","id":19,"geometry":{"type":"Polygon","coordinates":[[[-74.957413876999965,40.095970779000027],[-74.957681516999969,40.096069213000078],[-74.957742874999951,40.096091780000052],[-74.958157873999937,40.096569779000049],[-74.958343873999979,40.096723779000058],[-74.95848687299997,40.096810779000066],[-74.958609037999963,40.096866885000054],[-74.958621871999981,40.096872778000034],[-74.95866119599998,40.096890568000049],[-74.958728780999934,40.096847237000077],[-74.959180649999951,40.096103357000061],[-74.959704958999964,40.095460632000027],[-74.961253888999977,40.09411448600008],[-74.962090529999955,40.093370087000039],[-74.964099561999944,40.092362790000038],[-74.964388983999982,40.092242354000064],[-74.96556858699995,40.091515345000062],[-74.966641969999955,40.09077664800003],[-74.967935926999985,40.089861211000027],[-74.96937268399995,40.088931007000042],[-74.970567372999938,40.088122383000041],[-74.971519413999943,40.087238478000074],[-74.971443018999935,40.087183259000028],[-74.970746288999976,40.086613328000055],[-74.969930117999979,40.085844473000066],[-74.969139634999976,40.085014489000059],[-74.966801929999974,40.08222571400006],[-74.966290740999966,40.081450091000079],[-74.966077368999947,40.081018927000059],[-74.965758147999964,40.080070452000029],[-74.964829217999977,40.077266417000033],[-74.964553841999987,40.077227798000081],[-74.964524842999936,40.077223798000034],[-74.964407842999947,40.077207798000074],[-74.964229843999988,40.077218798000047],[-74.963785845999951,40.07729579800008],[-74.963457847999962,40.077411798000071],[-74.962735850999934,40.07783979800007],[-74.962463851999985,40.078075797000054],[-74.962372427999981,40.078258647000041],[-74.962342852999939,40.078317797000068],[-74.962313852999955,40.078520797000067],[-74.962265852999963,40.078709797000045],[-74.962249852999946,40.078773797000053],[-74.961741855999946,40.079295796000054],[-74.961756855999965,40.079504796000037],[-74.961720855999943,40.079582796000068],[-74.961677856999984,40.079674795000074],[-74.961662855999975,40.079694796000069],[-74.961613856999975,40.079756796000026],[-74.961509856999953,40.079821796000033],[-74.961270857999978,40.079970796000055],[-74.961012438999944,40.080404029000078],[-74.960998858999972,40.080426795000051],[-74.960827859999938,40.080553795000071],[-74.960562861999961,40.080849795000063],[-74.960409861999949,40.080967795000049],[-74.960298862999934,40.081053795000059],[-74.960241862999965,40.081109794000042],[-74.960076863999973,40.081272794000029],[-74.960025410999947,40.08134024800006],[-74.959912864999978,40.081487794000054],[-74.95974786499994,40.081926793000036],[-74.959612865999986,40.082157793000079],[-74.959466865999957,40.082261793000043],[-74.959274867999966,40.08233079300004],[-74.959183867999968,40.082355793000033],[-74.959083868999983,40.082349793000049],[-74.958925869999973,40.082431794000058],[-74.958839869999963,40.082503793000058],[-74.958804869999938,40.082585793000078],[-74.958833868999989,40.082794793000062],[-74.958911869999952,40.082959793000043],[-74.958954868999967,40.083222793000061],[-74.958934885999952,40.083319924000079],[-74.958911869999952,40.083431793000045],[-74.958895287999951,40.08344659100004],[-74.958818869999959,40.083514792000074],[-74.958733870999936,40.083656792000056],[-74.958634589999974,40.083970261000047],[-74.958625869999935,40.083997792000048],[-74.958568870999954,40.084035792000066],[-74.958465069999988,40.084075716000029],[-74.958282872999973,40.084145791000026],[-74.958154872999955,40.084250791000045],[-74.95817587199997,40.084337792000042],[-74.958232872999986,40.084431792000032],[-74.958390871999939,40.084508791000076],[-74.958375870999987,40.084887791000028],[-74.958347871999933,40.08494279100006],[-74.958233871999937,40.08499179100005],[-74.958118872999989,40.08507379100007],[-74.95805487299998,40.085156791000031],[-74.958018873999947,40.085271791000025],[-74.958032873999969,40.085474791000024],[-74.958068872999945,40.085584790000041],[-74.958140872999934,40.085678790000031],[-74.958163505999948,40.085698853000054],[-74.958369871999935,40.08588179000003],[-74.958397871999978,40.085952790000078],[-74.958376871999974,40.086046790000069],[-74.958297871999946,40.086161789000073],[-74.958226871999955,40.086337790000073],[-74.958161872999938,40.086650789000032],[-74.958004873999982,40.08683178900003],[-74.957683204999967,40.087736977000077],[-74.957676875999937,40.087754788000041],[-74.957697874999951,40.08827678800003],[-74.95800587399998,40.088567787000045],[-74.95801653999996,40.088587467000025],[-74.958076873999971,40.088698787000055],[-74.958097846999976,40.08879491600004],[-74.958112873999937,40.088863787000037],[-74.958034873999964,40.08945178700003],[-74.958034873999964,40.08958780200004],[-74.958034873999964,40.089665786000069],[-74.958046873999933,40.089757786000064],[-74.958070873999986,40.089951786000029],[-74.958055872999978,40.090423785000041],[-74.957920873999967,40.090742785000032],[-74.957062878999977,40.092098784000029],[-74.956962878999946,40.092521783000052],[-74.956862878999971,40.092741783000065],[-74.956669879999936,40.092977783000038],[-74.956504880999944,40.09311578300003],[-74.956354881999971,40.093307782000068],[-74.956297880999955,40.093422782000061],[-74.956297881999944,40.093636782000033],[-74.956326880999939,40.093845782000074],[-74.956304881999984,40.094037782000044],[-74.95604788199995,40.094598781000059],[-74.955911883999988,40.094718780000051],[-74.955811883999957,40.094856780000043],[-74.955761883999969,40.094982780000066],[-74.95577588499998,40.095103780000045],[-74.955791357999942,40.095138997000049],[-74.955833883999958,40.095235781000042],[-74.956061882999961,40.09557078000006],[-74.956112882999946,40.095691780000038],[-74.956162881999944,40.095745779000026],[-74.956244777999984,40.095762619000027],[-74.956269881999958,40.095767780000074],[-74.956627564999962,40.095940253000038],[-74.956634880999957,40.095943780000027],[-74.956827878999945,40.095943779000038],[-74.95707787799995,40.095915779000052],[-74.957413876999965,40.095970779000027]]]},"properties":{"OBJECTID":19,"NAME":"FRANKLIN_MILLS","LISTNAME":"Franklin Mills","MAPNAME":"Franklin Mills","Shape_Leng":18142.228144799999,"Shape_Length":0.055214731141264177,"Shape_Area":0.00014566655225289386}},{"type":"Feature","id":21,"geometry":{"type":"Polygon","coordinates":[[[-74.971527739999942,40.087244496000039],[-74.973892821999982,40.088953942000046],[-74.978397019999989,40.092528861000062],[-74.979919209999935,40.093797013000028],[-74.979961452999987,40.093765303000055],[-74.980393923999941,40.093404573000043],[-74.980706005999934,40.093144256000073],[-74.980926068999963,40.092960695000045],[-74.981168265999941,40.092758668000045],[-74.981568919999972,40.092424462000054],[-74.981884513999944,40.092151473000058],[-74.982476697999971,40.09181499500005],[-74.983077453999954,40.091268279000076],[-74.983237151999958,40.091085064000026],[-74.983617976999938,40.09063352700008],[-74.98371674599997,40.09051641800005],[-74.983868479999956,40.090334948000077],[-74.984156527999971,40.089987045000044],[-74.984866932999978,40.089378823000061],[-74.985544006999987,40.088302375000069],[-74.985954383999967,40.087649915000043],[-74.986364753999965,40.086997455000073],[-74.986722576999966,40.086428528000056],[-74.987477443999978,40.085808521000047],[-74.988044332999948,40.085342898000079],[-74.988639875999979,40.084853730000077],[-74.989506009999957,40.084414112000047],[-74.990280520999988,40.084020989000066],[-74.991681691999986,40.083281211000042],[-74.993324319999942,40.082337781000035],[-74.994381180999937,40.081719085000032],[-74.993480151999961,40.080944727000031],[-74.992713278999986,40.080284543000062],[-74.991742959999954,40.079449193000073],[-74.991208600999983,40.078963409000039],[-74.990620726999964,40.078475147000063],[-74.989938085999938,40.077908163000075],[-74.989225000999966,40.077276190000077],[-74.988855647999969,40.077022955000075],[-74.988322609999955,40.076505659000077],[-74.987652483999966,40.07582741300007],[-74.986773503999984,40.07523873100007],[-74.985983567999938,40.074983256000053],[-74.985015544999953,40.07456583700008],[-74.984635008999987,40.074335966000035],[-74.98402592399998,40.073946770000077],[-74.983473195999977,40.073593578000043],[-74.982725003999974,40.073115475000066],[-74.982184028999939,40.07269995200005],[-74.981793879999941,40.072400275000064],[-74.981100581999954,40.071889351000038],[-74.98085260299996,40.072284164000052],[-74.98054334699998,40.072909834000029],[-74.980189155999938,40.073626399000034],[-74.97977186199995,40.074618310000062],[-74.979579958999977,40.075059003000035],[-74.979285158999971,40.075763446000053],[-74.978751971999941,40.076810187000035],[-74.978502703999936,40.077454019000072],[-74.97816738399996,40.078320096000027],[-74.97790796299995,40.078990120000071],[-74.977586798999937,40.079819597000039],[-74.977132112999982,40.080444385000078],[-74.976142390999939,40.081409460000032],[-74.975591959999974,40.082126119000066],[-74.974937446999945,40.082904821000056],[-74.974537991999966,40.083380058000046],[-74.974160371999972,40.083829311000045],[-74.973642440999981,40.084445478000077],[-74.973040848999972,40.085248015000047],[-74.972584683999969,40.085856534000072],[-74.972289074999935,40.086250868000036],[-74.971891373999938,40.086781378000069],[-74.971527739999942,40.087244496000039]]]},"properties":{"OBJECTID":21,"NAME":"MODENA","LISTNAME":"Modena","MAPNAME":"Modena","Shape_Leng":20886.706275100001,"Shape_Length":0.064749068090642764,"Shape_Area":0.00023180592536613538}},{"type":"Feature","id":22,"geometry":{"type":"Polygon","coordinates":[[[-74.981100581999954,40.071889351000038],[-74.981793879999941,40.072400275000064],[-74.982184028999939,40.07269995200005],[-74.982725003999974,40.073115475000066],[-74.983473195999977,40.073593578000043],[-74.98402592399998,40.073946770000077],[-74.984635008999987,40.074335966000035],[-74.985015544999953,40.07456583700008],[-74.985983567999938,40.074983256000053],[-74.986773503999984,40.07523873100007],[-74.987652483999966,40.07582741300007],[-74.988322609999955,40.076505659000077],[-74.988855647999969,40.077022955000075],[-74.989225000999966,40.077276190000077],[-74.989938085999938,40.077908163000075],[-74.990620726999964,40.078475147000063],[-74.991208600999983,40.078963409000039],[-74.991742959999954,40.079449193000073],[-74.992713278999986,40.080284543000062],[-74.993480151999961,40.080944727000031],[-74.994381180999937,40.081719085000032],[-74.995078071999956,40.081336992000047],[-74.995815791999973,40.080920247000051],[-74.99666237799994,40.080456527000081],[-74.997283711999955,40.08011618200004],[-74.997955094999952,40.079419644000041],[-74.998547229999986,40.078805310000064],[-74.999038961999986,40.078243611000062],[-74.999560621999933,40.077647713000033],[-75.000027404999969,40.077114489000053],[-75.000525876999973,40.076545060000058],[-75.001051686999972,40.07594438700005],[-75.001530396999954,40.075231796000025],[-75.002135494999948,40.074571591000051],[-75.00224904199996,40.074022063000029],[-75.002250389999972,40.074015536000047],[-75.002218554999956,40.073999054000069],[-75.001406030999988,40.073542175000057],[-75.000742676999948,40.07316916700006],[-74.999787539999943,40.072598567000057],[-74.999132428999985,40.072207194000043],[-74.99930694699998,40.072039570000072],[-74.998085339999989,40.071334130000025],[-74.997446542999967,40.070965234000028],[-74.996735915999977,40.070554848000029],[-74.995892859999969,40.070067972000061],[-74.994635320999976,40.069372091000048],[-74.995024384999965,40.068743056000073],[-74.995252663999963,40.068373971000028],[-74.995490530999973,40.06798937700006],[-74.995732232999956,40.067598581000027],[-74.995977767999989,40.067201580000074],[-74.996310603999973,40.06666341500005],[-74.997075865999989,40.066402573000062],[-74.998307118999946,40.066367640000067],[-74.998902138999938,40.06547992600008],[-74.998480603999951,40.064847051000072],[-74.998210947999951,40.064604365000037],[-74.998515145999988,40.064209088000041],[-74.998402591999934,40.064147459000026],[-74.99534611699994,40.062424665000037],[-74.994507036999948,40.061940606000064],[-74.991440424999951,40.061114835000069],[-74.990423229999976,40.060409542000059],[-74.988511380999967,40.061559552000062],[-74.988340320999953,40.061614835000057],[-74.987940306999974,40.061914831000024],[-74.987094207999974,40.062422441000081],[-74.985608505999949,40.063319749000073],[-74.984973663999938,40.06353110200007],[-74.984171663999973,40.063926480000077],[-74.983237223999936,40.06431866500003],[-74.982361553999965,40.064586456000029],[-74.982364449999977,40.064594312000054],[-74.982289433999938,40.065483124000025],[-74.98210927699995,40.066347158000042],[-74.981801509999968,40.067497575000061],[-74.981664906999981,40.068449261000069],[-74.981605196999965,40.068865242000072],[-74.981518041999948,40.069472418000032],[-74.981403379999961,40.07021493700006],[-74.981281671999966,40.071003076000068],[-74.981100581999954,40.071889351000038]]]},"properties":{"OBJECTID":22,"NAME":"MORRELL_PARK","LISTNAME":"Morrell Park","MAPNAME":"Morrell Park","Shape_Leng":22335.065896200002,"Shape_Length":0.070609682398225543,"Shape_Area":0.00025427646124041197}},{"type":"Feature","id":23,"geometry":{"type":"Polygon","coordinates":[[[-74.965758147999964,40.080070452000029],[-74.966077368999947,40.081018927000059],[-74.966290740999966,40.081450091000079],[-74.966801929999974,40.08222571400006],[-74.969139634999976,40.085014489000059],[-74.969930117999979,40.085844473000066],[-74.970746288999976,40.086613328000055],[-74.971443018999935,40.087183259000028],[-74.971519413999943,40.087238478000074],[-74.971527739999942,40.087244496000039],[-74.971891373999938,40.086781378000069],[-74.972289074999935,40.086250868000036],[-74.972584683999969,40.085856534000072],[-74.973040848999972,40.085248015000047],[-74.973642440999981,40.084445478000077],[-74.974160371999972,40.083829311000045],[-74.974537991999966,40.083380058000046],[-74.974937446999945,40.082904821000056],[-74.975591959999974,40.082126119000066],[-74.976142390999939,40.081409460000032],[-74.977132112999982,40.080444385000078],[-74.977586798999937,40.079819597000039],[-74.97790796299995,40.078990120000071],[-74.97816738399996,40.078320096000027],[-74.978502703999936,40.077454019000072],[-74.978751971999941,40.076810187000035],[-74.979285158999971,40.075763446000053],[-74.979579958999977,40.075059003000035],[-74.978732208999986,40.07452644500006],[-74.978464474999953,40.073985604000029],[-74.978207654999949,40.073177834000035],[-74.977480301999947,40.072536840000055],[-74.976495107999938,40.071822819000033],[-74.975734282999952,40.071292335000066],[-74.975317269999948,40.070859213000062],[-74.975098147999972,40.070478367000078],[-74.975026855999943,40.07042100700005],[-74.975003361999939,40.070097546000056],[-74.974907790999964,40.070229801000039],[-74.974871791999988,40.070460802000071],[-74.974744791999967,40.070648801000061],[-74.974635791999958,40.070811801000048],[-74.97443580099997,40.07093668400006],[-74.974414793999983,40.07094980100004],[-74.97438279499994,40.070963801000062],[-74.974323794999975,40.070988801000055],[-74.974195794999957,40.07104380100003],[-74.974136794999936,40.071068801000081],[-74.97398779599996,40.071132801000033],[-74.973899796999945,40.071170801000051],[-74.973886795999988,40.071175801000038],[-74.973864796999976,40.07118580100007],[-74.973742796999943,40.071245801000032],[-74.973567465999963,40.071331556000075],[-74.973421798999937,40.071402801000033],[-74.973292798999978,40.071466801000042],[-74.973249799999962,40.071487801000046],[-74.973170799999934,40.071558801000037],[-74.973068800999954,40.071650801000033],[-74.97294980099997,40.071757801000047],[-74.972909800999957,40.071806800000047],[-74.972817073999977,40.071924623000029],[-74.972606802999962,40.072191801000031],[-74.972544802999948,40.072302801000035],[-74.972435803999986,40.072498800000062],[-74.972291803999951,40.072756800000036],[-74.97226180499996,40.072799800000041],[-74.97224364899995,40.072826367000062],[-74.972084805999941,40.073058800000069],[-74.972031805999961,40.073109800000054],[-74.971963805999962,40.073174800000061],[-74.971864805999985,40.073236800000075],[-74.971745164999959,40.073311623000052],[-74.971541807999984,40.073438800000076],[-74.971291808999979,40.073690799000076],[-74.971266809999975,40.073744799000053],[-74.971154809999973,40.073992799000052],[-74.971153572999981,40.07402095100008],[-74.971133809999969,40.074470799000039],[-74.971190810999985,40.074619799000061],[-74.971212525999988,40.074867363000067],[-74.971237066999947,40.075147128000026],[-74.971255809999946,40.075360798000077],[-74.971183810999946,40.075668798000038],[-74.971040615999982,40.075954277000051],[-74.971026811999934,40.075981797000054],[-74.970891811999934,40.076123798000026],[-74.970733812999981,40.076217798000073],[-74.970575361999977,40.076269014000047],[-74.970535814999948,40.076281797000036],[-74.970463411999958,40.076305319000028],[-74.970141814999977,40.076409797000053],[-74.96987781699994,40.076657797000053],[-74.969762817999936,40.076728797000044],[-74.969555817999947,40.076761797000074],[-74.969383819999962,40.076750797000045],[-74.969312819999971,40.076728797000044],[-74.968125824999959,40.076575797000032],[-74.967782826999951,40.076580798000066],[-74.967560827999989,40.076602798000067],[-74.967303828999945,40.076679797000054],[-74.966631832999951,40.076959798000075],[-74.966583007999986,40.076983451000046],[-74.966245834999938,40.077146797000069],[-74.965945834999957,40.077245797000046],[-74.965855088999945,40.077255914000034],[-74.965344837999965,40.077312797000047],[-74.965080839999985,40.077301797000075],[-74.965005839999947,40.077291797000044],[-74.96497384099996,40.077286798000046],[-74.964935839999953,40.077280797000071],[-74.964881839999975,40.077273797000032],[-74.964829217999977,40.077266417000033],[-74.965758147999964,40.080070452000029]]]},"properties":{"OBJECTID":23,"NAME":"MILLBROOK","LISTNAME":"Millbrook","MAPNAME":"Millbrook","Shape_Leng":15957.819940199999,"Shape_Length":0.048377522762658984,"Shape_Area":0.00012385695517847778}},{"type":"Feature","id":24,"geometry":{"type":"Polygon","coordinates":[[[-74.982355110999947,40.064588426000057],[-74.98211714699994,40.064619070000049],[-74.981008890999988,40.064861549000057],[-74.980696036999973,40.064922339000077],[-74.980686760999959,40.065007804000061],[-74.980684760999964,40.065025804000072],[-74.980680760999974,40.065064804000031],[-74.980586760999984,40.065309804000037],[-74.980551761999948,40.065399803000048],[-74.980523761999962,40.065702804000068],[-74.980380762999971,40.066054803000043],[-74.980294762999961,40.066147803000035],[-74.979915764999987,40.066356803000076],[-74.97972376599995,40.066521803000057],[-74.979323767999972,40.066988803000072],[-74.97915876999997,40.067109802000061],[-74.978652525999962,40.067421485000068],[-74.978622771999937,40.06743980300007],[-74.977750776999983,40.067904802000044],[-74.977386777999982,40.068097803000057],[-74.977150779999988,40.06822380300008],[-74.977127262999943,40.06824616800003],[-74.977007779999951,40.068359802000032],[-74.976877780999985,40.068525802000067],[-74.976864780999961,40.068542802000024],[-74.976683781999952,40.068867802000057],[-74.976643782999986,40.068938802000048],[-74.976479782999945,40.069097802000044],[-74.976393782999935,40.069199802000071],[-74.976286783999967,40.06932880200003],[-74.976251569999988,40.069371386000057],[-74.976200783999957,40.069432802000051],[-74.976140784999984,40.069482802000039],[-74.975993785999947,40.069603802000074],[-74.975481787999968,40.069833801000073],[-74.975264789999983,40.069930802000044],[-74.975235789999942,40.069943801000079],[-74.975171788999944,40.069985802000076],[-74.975096790999942,40.070034802000066],[-74.975006789999952,40.070092801000044],[-74.975003361999939,40.070097546000056],[-74.975026855999943,40.07042100700005],[-74.975098147999972,40.070478367000078],[-74.975317269999948,40.070859213000062],[-74.975734282999952,40.071292335000066],[-74.976495107999938,40.071822819000033],[-74.977480301999947,40.072536840000055],[-74.978207654999949,40.073177834000035],[-74.978464474999953,40.073985604000029],[-74.978732208999986,40.07452644500006],[-74.979579958999977,40.075059003000035],[-74.97977186199995,40.074618310000062],[-74.980189155999938,40.073626399000034],[-74.98054334699998,40.072909834000029],[-74.98085260299996,40.072284164000052],[-74.981100581999954,40.071889351000038],[-74.981281671999966,40.071003076000068],[-74.981403379999961,40.07021493700006],[-74.981518041999948,40.069472418000032],[-74.981605196999965,40.068865242000072],[-74.981664906999981,40.068449261000069],[-74.981801509999968,40.067497575000061],[-74.98210927699995,40.066347158000042],[-74.982289433999938,40.065483124000025],[-74.982364449999977,40.064594312000054],[-74.982361553999965,40.064586456000029],[-74.982355110999947,40.064588426000057]]]},"properties":{"OBJECTID":24,"NAME":"CRESTMONT_FARMS","LISTNAME":"Crestmont Farms","MAPNAME":"Crestmont Farms","Shape_Leng":9263.5385279999991,"Shape_Length":0.027706432975176221,"Shape_Area":3.5546617746404948e-05}},{"type":"Feature","id":25,"geometry":{"type":"Polygon","coordinates":[[[-75.007193092999955,40.069225930000073],[-75.007201033999934,40.06922998400006],[-75.007231640999976,40.069246403000079],[-75.008176060999972,40.068614528000069],[-75.008869390999962,40.067355432000056],[-75.009447241999965,40.06585639900004],[-75.009411813999975,40.064874787000065],[-75.009517191999976,40.063505507000059],[-75.009470581999949,40.062594141000034],[-75.009469215999957,40.061729395000043],[-75.009467753999957,40.060805615000049],[-75.009174738999945,40.059798625000042],[-75.008962175999955,40.058658940000043],[-75.008712970999966,40.057806840000069],[-75.008476299999984,40.057057603000032],[-75.008515586999977,40.05578203500005],[-75.008538667999971,40.055032629000038],[-75.008583226999974,40.053585799000075],[-75.008584159999941,40.053570538000031],[-75.008317398999964,40.052667910000025],[-75.008289608999974,40.052201191000051],[-75.008284586999935,40.052194998000061],[-75.007963359999962,40.052396543000043],[-75.00615000199997,40.05373944300004],[-75.005656483999985,40.054115828000079],[-75.004793344999939,40.054774093000049],[-75.002986190999934,40.055998999000053],[-75.001124938999965,40.057232893000048],[-74.99986062499994,40.057640804000073],[-74.999425434999978,40.057785034000062],[-74.998273566999956,40.058066749000034],[-74.997025771999972,40.058397702000036],[-74.995643088999941,40.058746029000076],[-74.994069802999945,40.059161938000045],[-74.993026799999939,40.059404972000038],[-74.992076988999941,40.05966569900005],[-74.990920451999955,40.060060638000039],[-74.990423229999976,40.060409542000059],[-74.991440424999951,40.061114835000069],[-74.994507036999948,40.061940606000064],[-74.99534611699994,40.062424665000037],[-74.998402591999934,40.064147459000026],[-74.998515145999988,40.064209088000041],[-74.999032671999942,40.064492458000075],[-75.002902568999957,40.066677924000032],[-75.007193092999955,40.069225930000073]]]},"properties":{"OBJECTID":25,"NAME":"ACADEMY_GARDENS","LISTNAME":"Academy Gardens","MAPNAME":"Academy Gardens","Shape_Leng":18120.039806299999,"Shape_Length":0.057071812569091621,"Shape_Area":0.00014789335474206809}},{"type":"Feature","id":26,"geometry":{"type":"Polygon","coordinates":[[[-75.013093784999967,40.072116428000072],[-75.013102704999937,40.072120668000025],[-75.014087379999978,40.072644486000058],[-75.017193842999973,40.074296924000066],[-75.02170720099997,40.076964506000024],[-75.02363184799998,40.078017528000032],[-75.025434189999942,40.079007656000044],[-75.028975922999962,40.081004319000044],[-75.030833261999987,40.079069563000076],[-75.031433392999986,40.07850813500005],[-75.032984908999936,40.076799960000073],[-75.033095041999957,40.076778579000063],[-75.035086025999988,40.074619068000061],[-75.036308199999951,40.073334789000057],[-75.036614577999956,40.073090188000037],[-75.038326339999969,40.071271805000038],[-75.039584479999974,40.069852457000025],[-75.04033260999995,40.068755447000058],[-75.038528779999979,40.067712263000033],[-75.037775376999946,40.067288961000031],[-75.037064300999987,40.066877613000031],[-75.036367484999971,40.066466597000044],[-75.035673086999964,40.065995353000062],[-75.035200068999984,40.065743237000049],[-75.034997420999957,40.065548857000067],[-75.03449184599998,40.065147621000051],[-75.034040425999933,40.064620185000081],[-75.033764575999953,40.064010332000066],[-75.033670857999937,40.063288753000052],[-75.033547409999983,40.062261459000069],[-75.033424369999977,40.061407744000064],[-75.033401110999989,40.061244222000028],[-75.033598081999969,40.060817005000047],[-75.033910274999982,40.060144861000026],[-75.034453438999947,40.058782210000061],[-75.034312240999952,40.058247906000076],[-75.033833075999951,40.05790144000008],[-75.034184546999938,40.057315221000067],[-75.03367069799998,40.057134219000034],[-75.032754292999982,40.056968282000071],[-75.031226874999959,40.056823945000076],[-75.030222380999987,40.056749268000033],[-75.028972910999983,40.056656367000073],[-75.028396045999955,40.056606636000026],[-75.028384535999976,40.056606809000073],[-75.027559393999979,40.057572614000037],[-75.026899132999972,40.058236208000039],[-75.026270622999959,40.058850758000062],[-75.024798383999951,40.060290242000065],[-75.023744583999985,40.061401319000026],[-75.022786619999977,40.06226821100006],[-75.022135638999941,40.06319059100008],[-75.022081477999961,40.063267330000031],[-75.020550282999977,40.064476642000045],[-75.019465716999946,40.065512563000027],[-75.018729405999977,40.066316371000028],[-75.018045965999988,40.066997735000029],[-75.017520230999935,40.067521860000056],[-75.016678553999952,40.068360938000069],[-75.016108955999982,40.068908281000063],[-75.015263532999938,40.069829664000054],[-75.013990645999968,40.071171496000034],[-75.013098580999952,40.072111840000048],[-75.013093784999967,40.072116428000072]]]},"properties":{"OBJECTID":26,"NAME":"PENNYPACK","LISTNAME":"Pennypack","MAPNAME":"Pennypack","Shape_Leng":24887.2118247,"Shape_Length":0.078171020993919746,"Shape_Area":0.0003402057457720904}},{"type":"Feature","id":27,"geometry":{"type":"Polygon","coordinates":[[[-75.022135638999941,40.06319059100008],[-75.022037412999964,40.062996788000078],[-75.021115436999935,40.06155880700004],[-75.019841992999943,40.060739844000068],[-75.018428025999981,40.059935451000058],[-75.01765366099994,40.059468906000063],[-75.01578735399994,40.058313141000042],[-75.014410967999936,40.057446853000044],[-75.013252761999979,40.05666640700008],[-75.012844116999986,40.056387793000056],[-75.012062323999942,40.05588251000006],[-75.011116352999977,40.055271099000038],[-75.010067508999953,40.054672480000079],[-75.008604570999978,40.053585701000031],[-75.008584159999941,40.053570538000031],[-75.008583226999974,40.053585799000075],[-75.008538667999971,40.055032629000038],[-75.008515586999977,40.05578203500005],[-75.008476299999984,40.057057603000032],[-75.008712970999966,40.057806840000069],[-75.008962175999955,40.058658940000043],[-75.009174738999945,40.059798625000042],[-75.009467753999957,40.060805615000049],[-75.009469215999957,40.061729395000043],[-75.009470581999949,40.062594141000034],[-75.009517191999976,40.063505507000059],[-75.009411813999975,40.064874787000065],[-75.009447241999965,40.06585639900004],[-75.008869390999962,40.067355432000056],[-75.008176060999972,40.068614528000069],[-75.007231640999976,40.069246403000079],[-75.008519019999937,40.069937053000046],[-75.010743571999967,40.070992971000067],[-75.011255638999955,40.071242698000049],[-75.013093784999967,40.072116428000072],[-75.013098580999952,40.072111840000048],[-75.013990645999968,40.071171496000034],[-75.015263532999938,40.069829664000054],[-75.016108955999982,40.068908281000063],[-75.016678553999952,40.068360938000069],[-75.017520230999935,40.067521860000056],[-75.018045965999988,40.066997735000029],[-75.018729405999977,40.066316371000028],[-75.019465716999946,40.065512563000027],[-75.020550282999977,40.064476642000045],[-75.022081477999961,40.063267330000031],[-75.022135638999941,40.06319059100008]]]},"properties":{"OBJECTID":27,"NAME":"ASTON_WOODBRIDGE","LISTNAME":"Aston-Woodbridge","MAPNAME":"Aston-Woodbridge","Shape_Leng":17216.867193599999,"Shape_Length":0.052654944920377415,"Shape_Area":0.00013875581255599472}},{"type":"Feature","id":28,"geometry":{"type":"Polygon","coordinates":[[[-75.012844116999986,40.056387793000056],[-75.013252761999979,40.05666640700008],[-75.014410967999936,40.057446853000044],[-75.01578735399994,40.058313141000042],[-75.01765366099994,40.059468906000063],[-75.018428025999981,40.059935451000058],[-75.019841992999943,40.060739844000068],[-75.021115436999935,40.06155880700004],[-75.022037412999964,40.062996788000078],[-75.022135638999941,40.06319059100008],[-75.022786619999977,40.06226821100006],[-75.023744583999985,40.061401319000026],[-75.024798383999951,40.060290242000065],[-75.026270622999959,40.058850758000062],[-75.026899132999972,40.058236208000039],[-75.027559393999979,40.057572614000037],[-75.028384535999976,40.056606809000073],[-75.027143421999938,40.056625354000062],[-75.025680524999984,40.05661843200005],[-75.024399208999967,40.05658803700004],[-75.024291655999946,40.056342570000027],[-75.023793380999962,40.055706106000059],[-75.023528333999934,40.055508006000025],[-75.023519438999983,40.055521504000069],[-75.023463356999969,40.055459442000029],[-75.023416798999961,40.05540792000005],[-75.023396498999944,40.055393664000064],[-75.023181067999985,40.055242373000056],[-75.02249526899999,40.054760753000039],[-75.020801241999948,40.053872072000047],[-75.019031447999964,40.053038126000047],[-75.018062612999984,40.052421174000074],[-75.017530447999945,40.051927728000067],[-75.017186678999963,40.051325635000069],[-75.016987705999952,40.050783548000027],[-75.016834605999975,40.050016299000049],[-75.016863063999949,40.049309932000028],[-75.016994988999954,40.048775719000048],[-75.017386543999976,40.048191117000044],[-75.017926286999966,40.047581757000046],[-75.018722234999984,40.047006769000063],[-75.017937311999958,40.046394186000043],[-75.019352173999948,40.045070306000071],[-75.018299905999982,40.044269259000032],[-75.017527042999973,40.044836951000036],[-75.017381189999981,40.044940176000068],[-75.016456565999988,40.045712012000024],[-75.015778145999946,40.046222070000056],[-75.014905233999968,40.046885026000041],[-75.014106981999987,40.047472338000034],[-75.013292451999973,40.04818619200006],[-75.012364052999942,40.048898679000047],[-75.01157868699994,40.04954974900005],[-75.010198764999984,40.050651168000059],[-75.009108619999949,40.051538022000045],[-75.008295103999956,40.05218840100008],[-75.008284586999935,40.052194998000061],[-75.008289608999974,40.052201191000051],[-75.008317398999964,40.052667910000025],[-75.008584159999941,40.053570538000031],[-75.008604570999978,40.053585701000031],[-75.010067508999953,40.054672480000079],[-75.011116352999977,40.055271099000038],[-75.012062323999942,40.05588251000006],[-75.012844116999986,40.056387793000056]]]},"properties":{"OBJECTID":28,"NAME":"PENNYPACK_WOODS","LISTNAME":"Pennypack Woods","MAPNAME":"Pennypack Woods","Shape_Leng":19811.033217600001,"Shape_Length":0.062583405740454609,"Shape_Area":0.00013247941072585279}},{"type":"Feature","id":29,"geometry":{"type":"Polygon","coordinates":[[[-75.034576713999968,40.057449882000071],[-75.034735314999978,40.057204217000049],[-75.034535967999943,40.057116369000028],[-75.036229588999959,40.054672647000075],[-75.03636176599997,40.054073021000079],[-75.03637630299994,40.053709638000043],[-75.036180068999954,40.05320617600006],[-75.036024586999986,40.053073211000026],[-75.036019153999973,40.053063921000046],[-75.036013608999951,40.053054661000033],[-75.036007969999957,40.053045424000061],[-75.03600225799994,40.053036206000058],[-75.035996487999967,40.053027003000068],[-75.035990677999962,40.053017810000028],[-75.035984844999973,40.05300862200005],[-75.035979008999959,40.05299943600005],[-75.035973186999968,40.052990247000025],[-75.035967393999954,40.052981049000039],[-75.03596165099998,40.052971840000055],[-75.03595597399999,40.052962612000044],[-75.035950381999953,40.052953364000075],[-75.035944890999986,40.05294408900005],[-75.035939518999953,40.052934784000058],[-75.035934285999986,40.052925444000039],[-75.035929205999935,40.052916064000044],[-75.035924299999976,40.05290664000006],[-75.035919583999942,40.052897168000072],[-75.035915075999981,40.052887641000041],[-75.03591079499995,40.052878059000079],[-75.035906740999962,40.052868413000056],[-75.035902632999978,40.052858713000035],[-75.035898378999946,40.052848963000031],[-75.035894000999974,40.052839169000038],[-75.035889525999949,40.052829332000044],[-75.035884980999981,40.052819458000045],[-75.035880389999988,40.052809549000074],[-75.035875776999944,40.052799609000033],[-75.035871171999986,40.05278964300004],[-75.035866594999959,40.052779653000073],[-75.035862075999944,40.052769643000033],[-75.035857637999982,40.05275961600006],[-75.035853306999968,40.052749577000043],[-75.035849109999958,40.052739529000064],[-75.035845070999983,40.052729477000071],[-75.035841214999948,40.052719422000052],[-75.035837568999966,40.05270936800008],[-75.035834157999943,40.052699321000034],[-75.035831006999956,40.052689283000063],[-75.035828141999957,40.052679256000033],[-75.035825587999966,40.052669248000029],[-75.035823371999982,40.052659258000062],[-75.035821516999988,40.052649292000069],[-75.035820051999963,40.052639354000064],[-75.035818998999957,40.052629447000072],[-75.03581838499997,40.052619575000051],[-75.035818235999955,40.052609740000037],[-75.035818576999986,40.052599947000033],[-75.035819433999961,40.052590200000054],[-75.035820830999967,40.052580502000069],[-75.035822707999955,40.052570846000037],[-75.035824912999942,40.052561216000072],[-75.035827429999983,40.05255161000008],[-75.035830247999968,40.052542027000072],[-75.035833350999951,40.05253246500007],[-75.035836726999946,40.052522923000026],[-75.035840360999941,40.052513401000056],[-75.03584424099995,40.052503897000065],[-75.035848353999938,40.052494409000076],[-75.035852684999952,40.052484936000042],[-75.035857219999968,40.052475478000076],[-75.035861945999955,40.052466032000041],[-75.03586685099998,40.052456598000049],[-75.035871918999987,40.052447174000065],[-75.035877137999989,40.052437759000043],[-75.035882494999953,40.052428352000049],[-75.03588797499998,40.052418952000039],[-75.03589356599997,40.052409557000033],[-75.035899253999958,40.052400166000041],[-75.035905023999987,40.052390778000074],[-75.035910863999959,40.052381392000029],[-75.035916759999964,40.052372005000052],[-75.035922698999968,40.052362619000064],[-75.03592866799994,40.052353229000062],[-75.035934650999934,40.05234383700008],[-75.035940636999953,40.052334439000049],[-75.035946609999939,40.05232503700006],[-75.035952559999942,40.052315626000052],[-75.035958470999958,40.052306207000072],[-75.035964328999967,40.052296779000073],[-75.03597012299997,40.052287341000067],[-75.035975836999967,40.052277889000038],[-75.035981457999981,40.052268425000079],[-75.035986973999968,40.052258946000052],[-75.035992369999974,40.05224945100008],[-75.035997631999976,40.05223993900006],[-75.036002747999987,40.052230408000071],[-75.036007703999985,40.052220858000055],[-75.036012485999947,40.052211287000034],[-75.036017081999944,40.052201694000075],[-75.036021475999974,40.052192078000076],[-75.036025655999936,40.052182437000056],[-75.036029608999968,40.052172770000027],[-75.036033319999945,40.052163076000056],[-75.036036776999936,40.052153354000041],[-75.03603996399994,40.052143602000058],[-75.036042919999943,40.05213380500004],[-75.036045773999945,40.052123924000057],[-75.036048526999934,40.052113963000068],[-75.036051172999976,40.052103928000065],[-75.036053704999972,40.052093824000053],[-75.036056115999941,40.052083660000051],[-75.036058397999966,40.052073440000072],[-75.036060544999941,40.052063170000054],[-75.036062550999986,40.052052857000035],[-75.036064408999948,40.052042507000067],[-75.036066109999979,40.052032126000029],[-75.036067650999939,40.052021721000074],[-75.036069020999946,40.052011297000035],[-75.036070215999985,40.052000860000078],[-75.036071227999969,40.05199041700007],[-75.036072050999962,40.051979975000052],[-75.036072677999982,40.051969538000037],[-75.036073099999953,40.051959114000056],[-75.036073313999964,40.051948708000054],[-75.03607330899996,40.051938327000073],[-75.036073081999973,40.051927977000048],[-75.036072622999939,40.05191766400003],[-75.036071926999966,40.051907394000068],[-75.036070987999949,40.051897173000043],[-75.036069795999936,40.051887008000051],[-75.036068347999958,40.051876904000039],[-75.036066632999962,40.051866868000047],[-75.036064647999979,40.051856906000069],[-75.036062383999933,40.05184702400004],[-75.036059834999946,40.051837229000057],[-75.036056992999988,40.051827526000068],[-75.036053852999942,40.051817921000065],[-75.036050465999949,40.051808366000046],[-75.036046993999946,40.051798714000029],[-75.036043441999936,40.051788963000035],[-75.036039807999941,40.051779125000053],[-75.036036088999936,40.051769206000074],[-75.03603228299994,40.05175921700004],[-75.036028384999952,40.051749166000036],[-75.03602439499997,40.051739061000035],[-75.036020306999944,40.051728911000055],[-75.036016119999942,40.051718726000047],[-75.036011831999986,40.05170851400004],[-75.036007438999945,40.051698284000054],[-75.036002937999967,40.051688045000049],[-75.03599832499998,40.051677805000054],[-75.035993599999983,40.051667574000078],[-75.035988758999963,40.051657360000036],[-75.035983796999972,40.05164717100007],[-75.035978713999953,40.051637018000065],[-75.035973504999959,40.05162690800006],[-75.035968168999943,40.051616850000073],[-75.035962702999939,40.051606855000045],[-75.035957102999987,40.051596928000038],[-75.035951366999939,40.051587081000037],[-75.03594549099995,40.051577320000035],[-75.035939472999985,40.051567658000067],[-75.035933309999962,40.051558100000079],[-75.035926999999958,40.051548655000033],[-75.03592053999995,40.051539335000029],[-75.035913924999988,40.051530146000061],[-75.035907154999961,40.051521097000034],[-75.035900224999978,40.051512198000069],[-75.035893132999945,40.051503457000081],[-75.035885875999952,40.051494882000043],[-75.035878450999974,40.051486484000066],[-75.035870855999974,40.051478270000075],[-75.035863087999985,40.051470250000079],[-75.035855141999946,40.051462432000051],[-75.035847018999959,40.051454824000075],[-75.035838712999976,40.051447437000036],[-75.035830221999959,40.05144027800003],[-75.03582154299994,40.051433357000064],[-75.035812673999942,40.051426682000056],[-75.035803610999949,40.051420262000079],[-75.035794351999982,40.051414106000038],[-75.03578489399996,40.051408223000067],[-75.035775227999977,40.051402601000063],[-75.035765313999946,40.051397112000075],[-75.035755150999989,40.051391729000045],[-75.035744748999946,40.051386453000077],[-75.03573411299999,40.051381286000037],[-75.035723253999947,40.051376227000048],[-75.035712178999972,40.051371277000044],[-75.035700894999934,40.05136643600008],[-75.035689410999964,40.051361707000069],[-75.035677733999989,40.051357087000042],[-75.03566587399996,40.051352578000035],[-75.035653836999984,40.051348180000048],[-75.035641632999955,40.051343895000059],[-75.035629266999933,40.05133972200008],[-75.035616750999964,40.051335662000042],[-75.035604089999936,40.05133171600005],[-75.035591292999982,40.051327884000045],[-75.035578366999971,40.051324167000075],[-75.035565322999958,40.051320564000036],[-75.035552166999935,40.051317077000078],[-75.035538905999942,40.05131370600003],[-75.035525548999942,40.051310452000052],[-75.035512104999952,40.051307315000031],[-75.035498579999967,40.051304296000069],[-75.035484983999936,40.051301394000063],[-75.035471324999946,40.051298612000039],[-75.03545760999998,40.051295948000075],[-75.035443846999954,40.051293405000081],[-75.035430043999952,40.051290981000079],[-75.035416208999948,40.051288678000049],[-75.035402350999959,40.051286496000046],[-75.035388476999969,40.051284435000071],[-75.03537459599994,40.051282497000045],[-75.035360714999968,40.051280681000037],[-75.035346842999957,40.051278989000025],[-75.035332985999958,40.051277421000066],[-75.035319154999968,40.051275977000046],[-75.035305355999981,40.051274657000079],[-75.035291597999958,40.05127346200004],[-75.03527788699995,40.05127239400008],[-75.035264234999943,40.051271451000048],[-75.035250646999941,40.051270636000027],[-75.035237130999974,40.051269947000037],[-75.035223695999946,40.051269386000058],[-75.035210348999954,40.051268953000033],[-75.035197099999948,40.051268650000054],[-75.03518395499998,40.051268476000075],[-75.035170921999963,40.05126843100004],[-75.035158010999965,40.05126851600005],[-75.035145228999966,40.05126873200004],[-75.035132583999939,40.051269081000044],[-75.035120083999971,40.051269560000037],[-75.035107729999936,40.051270177000049],[-75.03509540899995,40.051271064000048],[-75.035083072999953,40.051272268000048],[-75.035070723999979,40.051273782000067],[-75.035058367999966,40.05127559400006],[-75.035046006999949,40.051277699000025],[-75.035033646999977,40.05128008500003],[-75.035021290999964,40.051282744000048],[-75.035008941999934,40.051285667000059],[-75.034996604999947,40.051288844000055],[-75.034984283999961,40.051292268000054],[-75.034971982999934,40.051295928000059],[-75.034959705999938,40.051299817000029],[-75.034947454999951,40.05130392500007],[-75.034935236999956,40.051308242000061],[-75.034923055999968,40.051312761000077],[-75.034910912999976,40.051317471000061],[-75.034898813999973,40.051322364000043],[-75.034886762999975,40.051327431000061],[-75.034874762999948,40.051332664000029],[-75.034862818999954,40.051338053000052],[-75.034850934999952,40.051343588000066],[-75.034839112999975,40.051349261000041],[-75.034827359999952,40.051355065000052],[-75.034815676999983,40.051360987000066],[-75.03480406999995,40.051367021000033],[-75.03479254299998,40.051373156000068],[-75.034781097999939,40.051379385000075],[-75.034769740999934,40.051385698000047],[-75.03475847499999,40.051392086000078],[-75.03474730399995,40.051398540000037],[-75.03473623299999,40.051405051000074],[-75.034725264999963,40.051411610000059],[-75.034714403999942,40.05141820800003],[-75.034703653999941,40.05142483700007],[-75.034693018999974,40.051431487000059],[-75.034682502999942,40.051438149000035],[-75.034672109999974,40.051444813000046],[-75.03466184399997,40.051451472000053],[-75.034651708999945,40.051458117000038],[-75.03464170899997,40.05146473700006],[-75.034631801999979,40.05147136100004],[-75.03462193699994,40.051478028000076],[-75.03461211399997,40.051484738000056],[-75.034602329999984,40.051491488000067],[-75.034592585999974,40.051498278000054],[-75.034582879999959,40.051505108000072],[-75.034573210999952,40.051511977000075],[-75.034563578999951,40.051518883000028],[-75.034553981999977,40.051525825000056],[-75.034544419999975,40.051532803000043],[-75.034534892999943,40.051539817000048],[-75.034525398999961,40.051546865000034],[-75.034515936999981,40.05155394600007],[-75.034506506999946,40.05156106000004],[-75.034497106999936,40.051568204000034],[-75.034487737999939,40.051575380000031],[-75.03447839599994,40.051582585000062],[-75.034469082999976,40.051589820000061],[-75.034459796999954,40.051597081000068],[-75.034450537999987,40.051604370000064],[-75.034441304999973,40.051611686000058],[-75.034432095999989,40.051619027000072],[-75.034422910999979,40.05162639200006],[-75.034413748999953,40.051633780000031],[-75.034404607999988,40.051641192000034],[-75.034395489999952,40.051648625000041],[-75.034386390999941,40.051656080000043],[-75.034377311999947,40.051663554000072],[-75.034368251999979,40.05167104700007],[-75.034359209999934,40.051678559000038],[-75.034350184999937,40.051686088000054],[-75.034341176999988,40.05169363400006],[-75.034332181999957,40.051701195000078],[-75.034323203999975,40.051708771000051],[-75.03431423699999,40.051716362000036],[-75.034305284999959,40.051723965000065],[-75.034296343999983,40.05173158100007],[-75.034287413999948,40.051739207000026],[-75.034278494999967,40.051746844000036],[-75.034269583999958,40.051754491000054],[-75.034260682999957,40.051762147000034],[-75.034251788999939,40.051769810000053],[-75.03424290199996,40.051777479000066],[-75.034234019999985,40.051785155000061],[-75.034225143999947,40.05179283700005],[-75.034216271999981,40.051800522000065],[-75.034207403999972,40.051808211000036],[-75.034198537999941,40.051815902000044],[-75.034189672999958,40.051823594000041],[-75.034180810999942,40.051831289000063],[-75.034171946999948,40.051838983000039],[-75.034163082999953,40.051846675000036],[-75.034154217999969,40.051854365000054],[-75.034145347999981,40.051862053000036],[-75.034136476999947,40.051869737000061],[-75.034127600999966,40.051877417000071],[-75.034118718999935,40.051885091000031],[-75.034109832999945,40.051892760000044],[-75.034100938999984,40.051900421000028],[-75.034092036999937,40.051908074000039],[-75.034083125999985,40.051915718000032],[-75.034074206999946,40.051923352000074],[-75.034065276999968,40.051930975000062],[-75.034056335999935,40.051938588000041],[-75.034047382999972,40.051946187000055],[-75.034038417999966,40.051953774000026],[-75.034029437999948,40.051961346000041],[-75.034020444999953,40.051968903000045],[-75.034011435999957,40.051976443000058],[-75.034002409999971,40.051983968000059],[-75.033993368999973,40.051991475000079],[-75.033984307999958,40.051998963000074],[-75.033975228999964,40.052006431000052],[-75.033966130999943,40.052013880000061],[-75.033957011999973,40.052021307000075],[-75.033947872999988,40.052028712000038],[-75.033938708999983,40.052036094000073],[-75.033929524999962,40.052043452000078],[-75.033920315999978,40.052050786000052],[-75.033911080999985,40.052058094000074],[-75.033901822999951,40.052065375000041],[-75.033892536999986,40.052072630000055],[-75.033883223999965,40.052079855000045],[-75.033873882999956,40.052087052000047],[-75.033864512999969,40.052094219000026],[-75.033855112999959,40.052101355000048],[-75.033845682999981,40.052108459000067],[-75.033836219999955,40.052115531000027],[-75.033826725999972,40.052122569000062],[-75.033817198999941,40.052129573000059],[-75.033807637999985,40.052136540000049],[-75.033798040999955,40.052143473000058],[-75.033788407999964,40.052150368000071],[-75.033778739999946,40.052157226000077],[-75.033769033999988,40.05216404500004],[-75.033759288999988,40.052170824000029],[-75.033749504999946,40.052177562000054],[-75.033739680999986,40.052184259000057],[-75.033729815999948,40.05219091400005],[-75.033719909999945,40.052197526000043],[-75.033709960999943,40.052204094000047],[-75.03369996899994,40.052210616000025],[-75.033689931999959,40.052217094000071],[-75.033679849999942,40.052223524000055],[-75.033669721999956,40.052229906000036],[-75.033659547999946,40.05223624100006],[-75.033649325999988,40.052242525000054],[-75.033639050999966,40.05224876300008],[-75.033628709999959,40.052254958000049],[-75.033618303999958,40.052261113000043],[-75.033607831999973,40.052267227000073],[-75.033597295999982,40.052273300000024],[-75.033586696999976,40.052279332000069],[-75.033576036999989,40.052285322000046],[-75.033565316999955,40.052291270000069],[-75.03355453599994,40.05229717800006],[-75.03354369799996,40.052303043000052],[-75.033532801999968,40.052308868000068],[-75.033521848999953,40.052314649000039],[-75.033510841999941,40.052320389000045],[-75.033499780999989,40.05232608700004],[-75.033488665999982,40.052331742000035],[-75.033477500999936,40.052337355000077],[-75.033466282999939,40.052342926000051],[-75.033455016999937,40.052348454000025],[-75.033443701999943,40.052353939000056],[-75.033432338999944,40.052359381000031],[-75.033420930999966,40.052364779000072],[-75.033409476999964,40.052370136000036],[-75.033397978999972,40.052375448000078],[-75.033386436999933,40.052380717000062],[-75.033374853999987,40.052385943000047],[-75.033363229999964,40.052391125000042],[-75.033351565999965,40.052396263000048],[-75.03333986399997,40.052401358000054],[-75.033328122999933,40.052406408000024],[-75.033316345999935,40.052411414000062],[-75.033304534999957,40.052416375000064],[-75.03329268799996,40.052421293000066],[-75.033280807999972,40.052426166000032],[-75.033268896999971,40.052430995000066],[-75.033256954999956,40.052435778000074],[-75.033244981999985,40.052440517000036],[-75.03323297999998,40.052445211000077],[-75.033220950999976,40.052449859000035],[-75.033208894999973,40.052454463000061],[-75.03319681399995,40.052459020000072],[-75.033184708999954,40.052463533000036],[-75.033172579999984,40.052468000000033],[-75.033160428999963,40.052472420000072],[-75.033148256999937,40.052476795000075],[-75.033136063999962,40.052481125000043],[-75.03312385299995,40.052485408000052],[-75.033111623999957,40.052489645000037],[-75.033099377999974,40.052493835000064],[-75.03308711699998,40.052497979000066],[-75.033074839999983,40.052502076000053],[-75.033062550999944,40.052506127000072],[-75.033050247999938,40.052510131000076],[-75.033037934999982,40.052514087000077],[-75.03302561199996,40.052517996000063],[-75.033013278999988,40.05252186000007],[-75.033000938999976,40.052525675000027],[-75.032988591999981,40.052529442000036],[-75.032976237999947,40.052533162000032],[-75.032963879999954,40.05253683400008],[-75.032951518999937,40.052540459000056],[-75.032939155999941,40.052544035000039],[-75.032926789999976,40.052547563000076],[-75.032914424999944,40.05255104400004],[-75.032902059999969,40.052554475000079],[-75.032889695999984,40.052557858000057],[-75.032877336999945,40.052561193000031],[-75.032864980999989,40.052564479000068],[-75.032852629999979,40.052567716000055],[-75.032840285999953,40.052570904000049],[-75.032827947999976,40.052574044000039],[-75.032815619999951,40.052577134000046],[-75.032803282999964,40.052580139000042],[-75.032790872999954,40.052582921000067],[-75.032778381999947,40.052585472000032],[-75.032765816999984,40.052587804000041],[-75.03275317799995,40.052589922000038],[-75.03274046699994,40.052591834000054],[-75.032727690999934,40.052593551000029],[-75.032714848999944,40.05259508000006],[-75.032701945999975,40.052596429000062],[-75.032688981999968,40.052597606000063],[-75.032675963999964,40.052598620000026],[-75.032662890999973,40.052599478000047],[-75.032649768999988,40.052600191000067],[-75.032636598999943,40.052600765000079],[-75.032623383999976,40.052601209000045],[-75.032610127999988,40.05260153100005],[-75.032596830999978,40.052601740000057],[-75.032583499999987,40.052601843000048],[-75.032570133999968,40.05260185000003],[-75.032556738999972,40.052601768000045],[-75.032543315999987,40.052601605000064],[-75.032529867999983,40.052601371000037],[-75.032516398999974,40.052601073000062],[-75.032502909999948,40.052600720000044],[-75.032489404999978,40.052600319000078],[-75.032475886999976,40.052599880000059],[-75.032462356999986,40.052599410000028],[-75.032448820999946,40.052598918000058],[-75.032435278999969,40.052598412000066],[-75.032421735999947,40.05259790100007],[-75.03240819399997,40.052597392000052],[-75.032394655999951,40.052596894000033],[-75.032381123999983,40.052596416000029],[-75.032367601999965,40.05259596500008],[-75.032354090999945,40.052595550000035],[-75.032340595999983,40.052595179000036],[-75.032327118999945,40.052594861000046],[-75.032313664999947,40.052594603000045],[-75.032300231999955,40.052594415000044],[-75.032286825999961,40.052594304000024],[-75.032273449999934,40.052594278000072],[-75.032260105999967,40.052594347000024],[-75.03224679799996,40.052594518000035],[-75.032229326999982,40.052594913000064],[-75.03222238099994,40.052586243000064],[-75.032215364999956,40.052577601000053],[-75.032208287999936,40.05256898600004],[-75.032201160999989,40.052560390000053],[-75.032193992999964,40.052551812000047],[-75.032186792999937,40.052543247000074],[-75.03217957399994,40.052534690000073],[-75.032172344999935,40.052526137000029],[-75.032165113999952,40.052517584000043],[-75.032157893999965,40.052509027000042],[-75.032150693999938,40.052500463000058],[-75.032143524999981,40.052491886000041],[-75.032136394999952,40.052483291000044],[-75.032129316999942,40.052474675000042],[-75.03212229899998,40.052466036000055],[-75.032115351999948,40.052457365000066],[-75.032108484999981,40.052448663000064],[-75.032101709999949,40.052439922000076],[-75.032095033999951,40.052431139000078],[-75.032088471999941,40.052422310000054],[-75.03208202999997,40.052413431000048],[-75.032075719999966,40.052404497000055],[-75.032069551999939,40.052395506000039],[-75.032063534999963,40.052386450000029],[-75.032057623999947,40.05237734800005],[-75.032051755999987,40.052368224000077],[-75.032045929999981,40.052359079000041],[-75.032040141999971,40.052349910000032],[-75.032034392999947,40.052340723000043],[-75.032028681999975,40.052331516000038],[-75.032023004999985,40.052322290000063],[-75.032017362999966,40.052313045000062],[-75.032011754999985,40.052303782000024],[-75.032006176999971,40.052294504000031],[-75.032000628999981,40.052285210000036],[-75.031995111999947,40.052275899000051],[-75.031989621999969,40.052266575000033],[-75.031984157999943,40.052257237000049],[-75.031978718999937,40.052247886000032],[-75.031973302999972,40.052238523000028],[-75.031967909999935,40.052229148000038],[-75.031962537999959,40.05221976200005],[-75.031957185999943,40.052210367000043],[-75.031951851999963,40.052200962000029],[-75.031946535999964,40.052191548000053],[-75.031941233999987,40.052182128000027],[-75.031935946999965,40.052172699000039],[-75.031930672999977,40.052163265000047],[-75.031925411999964,40.052153825000062],[-75.03192015999997,40.052144380000072],[-75.031914916999938,40.052134931000069],[-75.031909681999934,40.05212547900004],[-75.031904453999971,40.052116024000043],[-75.031899229999965,40.052106567000067],[-75.031894010999963,40.052097110000034],[-75.031888792999951,40.052087651000079],[-75.031883577999963,40.052078194000046],[-75.031878361999986,40.05206873700007],[-75.031873142999984,40.052059283000062],[-75.031867921999947,40.052049830000044],[-75.031862696999951,40.05204038200003],[-75.031857465999963,40.05203093700004],[-75.031852228999981,40.052021497000055],[-75.031846981999934,40.052012063000063],[-75.031841726999971,40.052002635000065],[-75.031836461999944,40.051993214000049],[-75.031831181999962,40.051983801000063],[-75.031825890999983,40.051974396000048],[-75.031820582999956,40.051965002000031],[-75.031815260999963,40.051955616000043],[-75.031809920999933,40.051946242000042],[-75.031804560999944,40.051936879000039],[-75.03179918099994,40.051927528000078],[-75.031793778999941,40.051918191000027],[-75.031788355999936,40.051908867000066],[-75.031782906999979,40.051899558000059],[-75.031777433999935,40.051890264000065],[-75.031771933999948,40.051880986000072],[-75.031766404999985,40.051871725000069],[-75.031760846999987,40.051862481000057],[-75.031755257999976,40.051853255000026],[-75.031749635999972,40.051844048000078],[-75.031743980999977,40.051834862000078],[-75.031738291999943,40.051825695000048],[-75.03173256599996,40.051816550000069],[-75.03172680299997,40.051807426000039],[-75.031721001999983,40.05179832500005],[-75.031715158999987,40.051789248000034],[-75.031709275999958,40.05178019400006],[-75.031703349999987,40.051771166000037],[-75.031697378999979,40.051762164000024],[-75.031691363999983,40.051753188000077],[-75.031685299999936,40.051744238000026],[-75.031679189999977,40.051735317000066],[-75.031673029999979,40.051726425000027],[-75.031666818999952,40.051717561000032],[-75.031660554999974,40.051708728000051],[-75.031654238999977,40.051699926000026],[-75.031647867999936,40.051691155000071],[-75.031641440999977,40.051682417000052],[-75.031634954999959,40.051673712000024],[-75.031628411999975,40.051665040000046],[-75.031621808999944,40.051656403000038],[-75.031615143999943,40.051647801000058],[-75.031608415999983,40.051639236000028],[-75.031601623999961,40.051630707000072],[-75.031594765999955,40.051622215000066],[-75.031587693999938,40.051613779000036],[-75.031580319999989,40.051605413000061],[-75.031572650999976,40.051597123000079],[-75.031564699999933,40.051588914000035],[-75.031556475999935,40.051580792000038],[-75.031547988999989,40.05157276400007],[-75.03153925099997,40.051564833000043],[-75.031530269999962,40.051557007000042],[-75.031521056999964,40.051549289000036],[-75.031511622999972,40.051541687000054],[-75.031501976999948,40.051534206000042],[-75.031492129999947,40.051526851000062],[-75.031482091999976,40.05151962900004],[-75.031471873999976,40.051512544000047],[-75.031461485999955,40.051505601000031],[-75.031450936999988,40.051498808000076],[-75.031440238999949,40.051492169000028],[-75.031429400999968,40.05148569000005],[-75.031418432999942,40.051479377000078],[-75.03140734699997,40.05147323500006],[-75.031396150999967,40.051467270000046],[-75.031384856999978,40.051461488000029],[-75.031373474999953,40.051455892000035],[-75.031362013999967,40.051450491000026],[-75.031350484999962,40.051445289000071],[-75.031338897999944,40.051440293000041],[-75.03132726399997,40.051435507000065],[-75.031315592999988,40.051430937000077],[-75.031303893999961,40.051426588000027],[-75.03129217999998,40.051422467000066],[-75.031280457999969,40.051418579000028],[-75.031268699999941,40.051414931000068],[-75.031256785999972,40.051411528000074],[-75.031244712999978,40.051408362000075],[-75.031232489999979,40.051405425000041],[-75.031220122999969,40.051402707000079],[-75.031207620999965,40.051400201000035],[-75.03119498999996,40.051397898000062],[-75.031182239999964,40.051395791000061],[-75.03116937599998,40.051393869000037],[-75.031156406999969,40.051392124000074],[-75.031143338999982,40.051390549000075],[-75.03113018099998,40.051389134000033],[-75.031116939999947,40.051387872000078],[-75.031103622999979,40.051386754000077],[-75.03109023899998,40.051385770000024],[-75.031076793999944,40.051384913000049],[-75.031063294999967,40.051384175000067],[-75.031049751999944,40.051383547000057],[-75.031036169999936,40.05138302000006],[-75.031022557999961,40.051382585000056],[-75.031008921999955,40.051382235000062],[-75.030995271999984,40.051381961000061],[-75.030981612999938,40.051381754000033],[-75.030967952999958,40.051381606000064],[-75.030954300999952,40.051381508000077],[-75.030940663999957,40.051381453000033],[-75.030927048999956,40.051381431000038],[-75.030913461999944,40.051381433000074],[-75.030899912999985,40.051381452000044],[-75.030886407999958,40.051381480000032],[-75.03087295499995,40.051381506000041],[-75.030859561999989,40.051381524000078],[-75.030846235999945,40.051381524000078],[-75.030832984999961,40.051381499000058],[-75.030819795999946,40.051381479000042],[-75.030806612999982,40.051381592000041],[-75.03079342999996,40.051381838000054],[-75.030780247999985,40.051382211000032],[-75.030767064999964,40.051382702000069],[-75.030753883999978,40.05138330300008],[-75.030740700999957,40.05138400800007],[-75.030727519999971,40.051384807000034],[-75.030714337999939,40.051385692000053],[-75.030701155999964,40.051386658000069],[-75.030687972999942,40.051387694000027],[-75.030674790999967,40.051388794000047],[-75.030661606999956,40.051389948000065],[-75.030648422999946,40.051391152000065],[-75.030635238999935,40.05139239500005],[-75.030622053999934,40.051393669000049],[-75.030608866999955,40.051394968000068],[-75.030595679999976,40.051396283000031],[-75.030582491999951,40.051397608000059],[-75.030569302999936,40.051398932000041],[-75.030556110999953,40.051400249000039],[-75.030542919999959,40.051401552000073],[-75.030529725999941,40.051402831000075],[-75.030516530999989,40.051404080000054],[-75.030503333999945,40.051405290000048],[-75.030490135999969,40.051406453000027],[-75.030476935999957,40.051407563000055],[-75.030463732999976,40.051408610000067],[-75.03045052899995,40.05140958800007],[-75.030437321999955,40.051410487000055],[-75.030424112999981,40.051411300000041],[-75.030410902999961,40.051412021000033],[-75.030397688999983,40.051412640000081],[-75.03038447299997,40.05141315000003],[-75.030371253999988,40.051413543000081],[-75.030358029999945,40.051413835000062],[-75.030344793999973,40.051414143000045],[-75.030331544999967,40.051414479000073],[-75.030318281999939,40.051414840000064],[-75.030305007999971,40.05141522200006],[-75.030291722999948,40.051415622000036],[-75.030278427999974,40.051416036000035],[-75.030265123999982,40.051416460000041],[-75.03025181199996,40.051416891000031],[-75.030238493999946,40.051417324000056],[-75.030225167999959,40.051417758000071],[-75.030211837999957,40.051418186000035],[-75.030198502999951,40.051418607000073],[-75.030185164999978,40.051419015000079],[-75.030171823999979,40.051419408000072],[-75.030158481999933,40.051419784000075],[-75.030145138999956,40.051420135000058],[-75.030131795999978,40.051420461000077],[-75.030118454999979,40.051420756000027],[-75.030105115999959,40.051421019000031],[-75.030091778999974,40.05142124300005],[-75.030078445999948,40.051421427000037],[-75.030065118999971,40.051421566000045],[-75.030051794999963,40.051421657000049],[-75.030038479999973,40.051421696000034],[-75.030025171999966,40.051421680000033],[-75.030011872999978,40.05142160500003],[-75.029998581999962,40.051421466000079],[-75.029985302999989,40.05142126100003],[-75.029972033999968,40.051420986000039],[-75.02995877799998,40.051420637000035],[-75.029945533999978,40.05142021100005],[-75.029932304999988,40.051419704000068],[-75.029919089999964,40.05141911100003],[-75.029905890999942,40.051418430000069],[-75.029892709999956,40.051417658000048],[-75.029879543999982,40.051416789000029],[-75.029866397999967,40.051415821000035],[-75.029853271999968,40.05141474900006],[-75.029840165999985,40.051413572000058],[-75.029827080999951,40.051412284000037],[-75.029814017999968,40.051410882000027],[-75.029800978999958,40.051409362000072],[-75.029787962999933,40.051407721000032],[-75.029774971999984,40.051405954000074],[-75.029762007999977,40.051404060000038],[-75.029749061999951,40.051402073000077],[-75.02973611799996,40.05140007600005],[-75.029723173999969,40.051398071000051],[-75.029710232999946,40.051396059000069],[-75.02969729199998,40.051394039000058],[-75.029684352999936,40.051392013000054],[-75.029671414999939,40.051389980000067],[-75.029658477999988,40.051387939000051],[-75.029645540999979,40.051385891000052],[-75.02963260699994,40.05138383600007],[-75.029619673999946,40.051381775000038],[-75.029606741999942,40.051379706000034],[-75.029593809999938,40.051377631000037],[-75.029580879999969,40.051375549000056],[-75.029567951999979,40.051373460000036],[-75.029555022999944,40.05137136500008],[-75.029542095999943,40.051369264000073],[-75.029529170999979,40.051367154000047],[-75.029516246999947,40.051365040000064],[-75.029503322999972,40.051362918000052],[-75.029490400999975,40.051360790000047],[-75.029477479999969,40.051358656000048],[-75.029464558999962,40.051356516000055],[-75.02945164099998,40.05135437000007],[-75.029438721999952,40.051352216000055],[-75.02942580499996,40.051350058000025],[-75.029412888999957,40.05134789300007],[-75.029399974999933,40.051345722000065],[-75.029387059999976,40.051343545000066],[-75.029374146999942,40.051341362000073],[-75.029361234999953,40.051339174000077],[-75.029348323999955,40.051336979000041],[-75.029335413999945,40.051334779000058],[-75.029322503999936,40.051332573000025],[-75.029309596999951,40.051330361000055],[-75.029296687999988,40.051328144000024],[-75.029283782999983,40.051325922000046],[-75.029270876999988,40.051323693000029],[-75.029257971999982,40.051321460000054],[-75.029245067999966,40.051319221000028],[-75.029232165999986,40.051316976000066],[-75.029219264999938,40.051314727000033],[-75.029206362999957,40.051312473000053],[-75.029193462999956,40.051310213000079],[-75.029180563999944,40.051307948000044],[-75.029167664999989,40.051305678000062],[-75.029154767999955,40.051303403000077],[-75.029141870999979,40.051301124000076],[-75.029128974999935,40.051298838000037],[-75.029116079999937,40.051296549000028],[-75.02910318499994,40.051294255000073],[-75.029090291999978,40.051291955000067],[-75.029077398999959,40.051289651000047],[-75.029064507999976,40.05128734300007],[-75.029051615999947,40.051285030000031],[-75.029038725999953,40.051282713000035],[-75.02902583599996,40.051280391000034],[-75.029012947999945,40.05127806400003],[-75.029000058999941,40.051275734000058],[-75.028987171999972,40.051273399000024],[-75.028974284999947,40.051271060000033],[-75.028961399999957,40.051268717000028],[-75.028948513999978,40.051266369000075],[-75.028935628999989,40.051264017000051],[-75.028922744999988,40.051261661000069],[-75.028909861999978,40.051259302000062],[-75.028896978999967,40.051256938000051],[-75.028884096999946,40.051254571000072],[-75.02887121599997,40.051252199000032],[-75.028858334999939,40.05124982500007],[-75.028845454999953,40.051247446000048],[-75.028832574999967,40.051245064000057],[-75.028819695999971,40.051242678000051],[-75.028806817999964,40.051240288000031],[-75.028793940999947,40.051237895000042],[-75.02878106299994,40.051235499000029],[-75.028768186999969,40.051233099000058],[-75.028755310999941,40.051230696000061],[-75.028742435999959,40.051228289000051],[-75.028729559999988,40.051225880000061],[-75.028716686999985,40.051223467000057],[-75.028703811999947,40.051221051000027],[-75.028690938999944,40.051218633000076],[-75.028678065999941,40.051216210000064],[-75.028665194999974,40.051213785000073],[-75.028652321999971,40.051211357000057],[-75.028639451999936,40.051208927000062],[-75.02862657999998,40.051206493000052],[-75.028613709999945,40.051204057000064],[-75.028600839999967,40.05120161800005],[-75.02858796999999,40.051199177000058],[-75.028575101999934,40.051196732000051],[-75.028562231999956,40.051194285000065],[-75.028549364999947,40.051191837000033],[-75.028536496999948,40.051189384000054],[-75.028523629999938,40.051186931000075],[-75.028510761999939,40.051184474000024],[-75.028497895999976,40.051182016000041],[-75.028485028999967,40.051179555000033],[-75.028472163999936,40.051177092000046],[-75.028459297999973,40.05117462700008],[-75.028446432999942,40.051172160000078],[-75.028433567999969,40.051169691000041],[-75.028420702999938,40.051167220000025],[-75.028407838999954,40.05116474700003],[-75.028394974999969,40.051162272000056],[-75.028382110999985,40.051159796000036],[-75.028369246999944,40.051157318000037],[-75.028356384999938,40.051154838000059],[-75.02834352299999,40.051152356000046],[-75.028330658999948,40.051149873000043],[-75.028317796999943,40.051147388000061],[-75.028304935999984,40.051144902000033],[-75.028292073999978,40.051142415000072],[-75.028279211999973,40.051139926000076],[-75.028266350999957,40.051137436000033],[-75.02825348999994,40.051134945000058],[-75.028240628999981,40.051132452000047],[-75.028227768999955,40.051129959000036],[-75.028214907999939,40.051127464000047],[-75.028202046999979,40.051124967000078],[-75.028189186999953,40.051122470000053],[-75.028176326999983,40.051119973000027],[-75.028163466999956,40.051117475000069],[-75.028150607999976,40.051114975000075],[-75.028137747999949,40.051112475000025],[-75.028124887999979,40.051109974000042],[-75.028112028999942,40.051107472000069],[-75.028099168999972,40.051104971000029],[-75.028086309999935,40.051102467000078],[-75.028073450999955,40.051099964000059],[-75.028060591999974,40.05109746100004],[-75.028047732999937,40.051094957000032],[-75.028034873999957,40.051092452000034],[-75.028022015999966,40.051089947000037],[-75.028009156999985,40.051087443000029],[-75.027996297999948,40.051084938000031],[-75.027983438999968,40.051082433000033],[-75.027970579999987,40.051079927000046],[-75.02795772199994,40.051077422000049],[-75.027944862999959,40.051074917000051],[-75.027932003999979,40.051072412000053],[-75.027919144999942,40.051069907000056],[-75.027906286999951,40.051067402000058],[-75.02789342799997,40.05106489700006],[-75.027880568999933,40.051062393000052],[-75.027867708999963,40.051059890000033],[-75.027854849999983,40.051057386000025],[-75.027841990999946,40.051054883000063],[-75.027829131999965,40.051052381000034],[-75.027816272999985,40.051049878000072],[-75.027803413999948,40.051047378000078],[-75.027790552999988,40.051044877000038],[-75.027777693999951,40.051042377000044],[-75.027764834999971,40.05103987800004],[-75.027751973999955,40.051037380000025],[-75.027739114999974,40.051034883000057],[-75.027726253999958,40.051032386000031],[-75.027713393999989,40.051029890000052],[-75.027700532999972,40.051027396000052],[-75.027687671999956,40.051024903000041],[-75.027674811999987,40.051022411000076],[-75.027661949999981,40.051019920000044],[-75.027649088999965,40.051017430000059],[-75.027636226999959,40.051014942000052],[-75.027623365999943,40.05101245600008],[-75.027610503999938,40.051009970000052],[-75.027597640999943,40.05100748600006],[-75.027584777999948,40.051005003000057],[-75.027571915999943,40.051002522000033],[-75.027559051999958,40.051000043000045],[-75.027546189999953,40.050997566000035],[-75.027533325999968,40.050995090000072],[-75.027520460999938,40.050992617000077],[-75.027507596999953,40.050990145000071],[-75.02749473199998,40.050987674000055],[-75.027481867999938,40.050985206000064],[-75.027469002999965,40.050982740000052],[-75.027456135999955,40.050980276000075],[-75.027443270999981,40.050977814000078],[-75.027430403999972,40.050975353000069],[-75.027417536999963,40.050972897000065],[-75.027404669999953,40.050970441000061],[-75.027391801999954,40.050967988000025],[-75.027378934999945,40.050965537000025],[-75.027366066999946,40.050963090000039],[-75.027353196999968,40.050960644000043],[-75.027340328999969,40.050958200000025],[-75.027327458999935,40.050955760000079],[-75.027314588999957,40.050953322000055],[-75.027301718999979,40.050950887000056],[-75.027288846999966,40.050948455000025],[-75.027275975999942,40.05094602500003],[-75.027263102999939,40.05094359800006],[-75.027250231999972,40.050941175000048],[-75.027237358999969,40.050938754000072],[-75.027224484999977,40.050936337000053],[-75.027211610999984,40.05093392200007],[-75.027198736999935,40.050931510000055],[-75.027185860999964,40.050929102000055],[-75.027172985999982,40.050926697000079],[-75.027160109999954,40.050924295000073],[-75.027147232999937,40.05092189700008],[-75.027134354999987,40.050919502000056],[-75.02712147799997,40.050917111000047],[-75.027108599999963,40.050914722000073],[-75.027095720999966,40.050912338000046],[-75.027072755999939,40.050908096000057],[-75.027060764999987,40.050903754000046],[-75.027048799999989,40.050899345000062],[-75.027036857999974,40.050894871000025],[-75.027024937999954,40.050890337000055],[-75.027013036999961,40.050885747000052],[-75.027001155999983,40.050881106000077],[-75.026989291999939,40.05087641800003],[-75.026977443999954,40.05087168600005],[-75.02696561099998,40.050866915000029],[-75.026953788999947,40.050862111000072],[-75.026941977999968,40.050857275000055],[-75.02693017699994,40.050852414000076],[-75.026918384999988,40.050847530000055],[-75.026906596999936,40.050842628000055],[-75.026894815999981,40.050837713000078],[-75.026883037999937,40.050832789000026],[-75.026871261999986,40.050827860000027],[-75.026859484999989,40.050822929000049],[-75.026847707999934,40.050818002000028],[-75.026835926999979,40.050813084000026],[-75.026824143999988,40.050808176000032],[-75.026812353999958,40.050803285000029],[-75.026800555999955,40.050798415000031],[-75.026788748999934,40.050793568000074],[-75.026776931999962,40.050788750000038],[-75.026765102999946,40.05078396600004],[-75.026753259999964,40.050779218000059],[-75.02674140299996,40.050774512000032],[-75.026729527999976,40.05076985200003],[-75.026717635999944,40.050765242000068],[-75.026705723999953,40.050760686000046],[-75.026693790999957,40.050756188000037],[-75.026681834999977,40.050751752000053],[-75.026669854999966,40.050747383000044],[-75.026657848999946,40.050743086000068],[-75.026645815999984,40.050738863000049],[-75.026633752999942,40.050734720000037],[-75.026621659999989,40.050730661000046],[-75.026609536999956,40.050726690000033],[-75.026597377999963,40.050722811000071],[-75.026585184999988,40.050719027000071],[-75.026572955999939,40.050715346000061],[-75.026560686999971,40.050711768000042],[-75.026548380999941,40.050708300000053],[-75.026536031999967,40.050704944000074],[-75.026523640999983,40.05070170700003],[-75.026511204999963,40.05069859200006],[-75.026498722999975,40.050695602000076],[-75.026486194999961,40.050692742000081],[-75.026473616999965,40.050690016000033],[-75.026460989999975,40.050687430000039],[-75.026448311999957,40.05068497700006],[-75.026435599999957,40.050682576000042],[-75.026422858999979,40.050680208000074],[-75.026410087999977,40.050677872000051],[-75.026397289999977,40.050675571000056],[-75.026384463999989,40.050673302000064],[-75.026371609999956,40.050671068000042],[-75.026358731999949,40.05066886700007],[-75.02634582799999,40.050666701000068],[-75.026332899999943,40.050664568000059],[-75.026319946999934,40.050662470000077],[-75.026306971999986,40.050660406000077],[-75.026293973999941,40.050658377000047],[-75.026280954999947,40.050656383000046],[-75.02626791299997,40.050654423000026],[-75.026254852999955,40.05065249900008],[-75.026241771999935,40.050650610000048],[-75.026228671999945,40.050648757000033],[-75.026215554999965,40.050646939000046],[-75.026202419999947,40.050645157000076],[-75.02618926699995,40.050643411000067],[-75.026176099999986,40.050641701000075],[-75.026162916999965,40.050640028000032],[-75.026149718999989,40.050638390000074],[-75.026136507999979,40.050636790000055],[-75.026123282999947,40.050635227000043],[-75.02611004399995,40.050633700000049],[-75.026096794999944,40.05063221000006],[-75.026083534999941,40.050630758000068],[-75.026070263999941,40.050629344000072],[-75.026056983999979,40.050627967000025],[-75.026043694999942,40.050626627000042],[-75.026030397999989,40.050625326000045],[-75.02601709299995,40.050624062000054],[-75.026003780999986,40.050622837000049],[-75.025990462999971,40.050621650000039],[-75.025977140999942,40.050620503000061],[-75.025963811999986,40.05061939400008],[-75.025950479999949,40.050618323000037],[-75.025937145999933,40.050617293000073],[-75.025923807999959,40.050616300000058],[-75.025910468999939,40.050615348000065],[-75.02589712799994,40.050614436000046],[-75.025883786999941,40.05061356300007],[-75.025870446999988,40.050612729000079],[-75.025857106999979,40.050611937000042],[-75.025843768999948,40.050611184000047],[-75.025830433999943,40.050610472000074],[-75.025817101999962,40.050609801000064],[-75.025803773999939,40.05060916900004],[-75.025790449999988,40.050608579000027],[-75.025777130999984,40.050608031000024],[-75.025763818999962,40.050607523000053],[-75.025750512999934,40.050607057000036],[-75.025737214999936,40.050606633000029],[-75.025723924999966,40.050606250000044],[-75.025710643999957,40.050605910000058],[-75.025697370999978,40.050605611000037],[-75.025684109999986,40.050605354000027],[-75.025670858999945,40.050605140000073],[-75.025657620999937,40.050604969000062],[-75.025644393999983,40.050604840000062],[-75.025631181999984,40.050604755000052],[-75.025617981999972,40.050604712000052],[-75.025604797999961,40.050604713000041],[-75.025591627999972,40.050604757000031],[-75.025578473999985,40.050604845000066],[-75.025565335999943,40.050604975000056],[-75.025552217999973,40.05060515100007],[-75.025539115999948,40.050605371000074],[-75.025526032999949,40.050605634000078],[-75.025512969999966,40.050605943000051],[-75.025499926999942,40.05060629500008],[-75.025486889999968,40.050606719000029],[-75.025473838999972,40.050607255000045],[-75.025460773999953,40.050607903000071],[-75.025447694999968,40.050608661000069],[-75.025434605999976,40.050609526000073],[-75.025421507999965,40.050610498000026],[-75.025408399999947,40.050611575000062],[-75.025395286999981,40.050612755000031],[-75.025382168999954,40.050614037000059],[-75.025369047999959,40.050615418000064],[-75.025355923999939,40.050616897000054],[-75.025342800999965,40.050618473000043],[-75.025329677999935,40.05062014300006],[-75.02531655699994,40.05062190700005],[-75.025303442999984,40.050623762000043],[-75.02529033199994,40.050625707000052],[-75.025277228999983,40.050627741000028],[-75.02526413399994,40.050629861000061],[-75.025251050999941,40.050632066000048],[-75.02523797799995,40.050634355000057],[-75.025224918999982,40.050636724000071],[-75.025211874999968,40.050639174000025],[-75.025198846999956,40.050641702000064],[-75.025185836999981,40.050644307000027],[-75.025172844999986,40.050646986000061],[-75.025159874999986,40.05064973900005],[-75.02514692699998,40.050652564000075],[-75.025134002999948,40.050655459000041],[-75.025121103999936,40.050658422000026],[-75.025108232999969,40.050661451000053],[-75.025095389999933,40.050664546000064],[-75.025082575999988,40.050667704000034],[-75.025069794999979,40.05067092400003],[-75.025057045999972,40.050674204000074],[-75.025044330999947,40.050677542000074],[-75.025031652999985,40.050680937000038],[-75.025019011999973,40.050684387000047],[-75.025006409999946,40.050687892000042],[-75.024993848999941,40.050691447000077],[-75.024981328999957,40.050695053000027],[-75.024968852999962,40.050698707000038],[-75.024956422999935,40.050702408000063],[-75.024944038999934,40.050706154000068],[-75.024931702999936,40.050709944000062],[-75.024919415999989,40.050713776000066],[-75.024907181999936,40.050717648000045],[-75.024894998999969,40.050721559000067],[-75.024882869999942,40.050725506000049],[-75.024870797999938,40.050729489000048],[-75.024858778999942,40.05073350400005],[-75.024846757999967,40.050737549000075],[-75.024834711999972,40.050741624000068],[-75.024822645999961,40.050745727000049],[-75.024810560999981,40.050749863000078],[-75.024798462999968,40.050754031000054],[-75.024786351999978,40.050758233000067],[-75.02477423199997,40.050762469000063],[-75.024762106999958,40.050766742000064],[-75.024749978999978,40.050771052000073],[-75.024737850999941,40.050775401000067],[-75.024725726999975,40.050779789000046],[-75.024713608999946,40.050784219000036],[-75.024701501999971,40.050788691000037],[-75.024689405999936,40.050793206000037],[-75.02467732599996,40.050797767000063],[-75.024665264999953,40.050802373000067],[-75.024653226999988,40.05080702600003],[-75.024641211999949,40.050811728000042],[-75.024629225999945,40.050816480000037],[-75.024617270999954,40.050821283000062],[-75.024605348999955,40.050826137000058],[-75.024593464999953,40.050831045000052],[-75.024581620999982,40.050836008000033],[-75.024569819999954,40.050841026000057],[-75.024558063999962,40.050846101000047],[-75.024546357999952,40.050851235000039],[-75.024534704999951,40.050856428000031],[-75.024523106999936,40.050861682000061],[-75.024511566999934,40.05086699800006],[-75.024500087999968,40.050872376000029],[-75.02448867399994,40.050877820000039],[-75.024477328999978,40.050883329000044],[-75.024466052999969,40.050888905000079],[-75.024454849999984,40.050894549000077],[-75.024443724999969,40.050900262000027],[-75.024432679999961,40.05090604600008],[-75.024421715999949,40.050911901000063],[-75.024410838999984,40.05091783000006],[-75.024400050999986,40.05092383300007],[-75.024389353999936,40.050929911000026],[-75.02437875399994,40.05093606500003],[-75.024368249999952,40.050942298000052],[-75.024357846999976,40.050948610000034],[-75.02434754899997,40.05095500200008],[-75.024337358999958,40.050961477000044],[-75.024327278999976,40.050968033000061],[-75.024317310999947,40.050974674000031],[-75.024307459999989,40.050981400000069],[-75.024297727999965,40.05098821200005],[-75.024288118999948,40.050995113000056],[-75.024278634999973,40.051002101000051],[-75.024269279999942,40.05100918100004],[-75.024260056999935,40.051016351000044],[-75.024250967999933,40.05102361400003],[-75.024241979999942,40.051030947000072],[-75.024233010999978,40.051038296000058],[-75.024224058999948,40.051045660000057],[-75.024215121999987,40.051053037000031],[-75.02420620099997,40.051060428000028],[-75.024197296999944,40.051067832000058],[-75.024188407999986,40.051075251000043],[-75.024179533999984,40.051082682000072],[-75.024170674999937,40.051090126000076],[-75.024161831999947,40.051097584000047],[-75.02415300399997,40.051105054000061],[-75.024144190999948,40.05111253900003],[-75.024135392999938,40.051120036000043],[-75.02412660799996,40.051127545000043],[-75.024117838999985,40.051135066000029],[-75.024109083999974,40.051142600000048],[-75.02410034199994,40.051150146000055],[-75.024091615999964,40.051157705000037],[-75.024082901999975,40.051165275000074],[-75.024074203999987,40.051172858000029],[-75.024065517999986,40.05118045200004],[-75.024056845999951,40.051188058000037],[-75.024048186999948,40.051195676000077],[-75.024039540999979,40.051203304000069],[-75.024030907999986,40.051210944000047],[-75.024022288999959,40.051218596000069],[-75.024013681999975,40.051226259000032],[-75.024005087999967,40.051233932000059],[-75.023996505999946,40.051241616000027],[-75.023987935999969,40.05124931000006],[-75.023979378999968,40.051257016000079],[-75.023970833999954,40.05126473100006],[-75.023962300999983,40.051272457000039],[-75.023953778999953,40.051280194000071],[-75.023945267999977,40.051287940000066],[-75.023936769999978,40.051295697000057],[-75.023928283999965,40.051303463000067],[-75.02391980699997,40.051311238000039],[-75.023911341999963,40.051319024000065],[-75.023902887999952,40.051326819000053],[-75.023894444999939,40.051334623000059],[-75.023886011999934,40.051342436000027],[-75.023877589999984,40.05135025900006],[-75.023869177999984,40.051358090000065],[-75.023860776999982,40.051365930000031],[-75.023852385999987,40.051373779000073],[-75.023844002999965,40.051381636000031],[-75.023835631999987,40.051389502000063],[-75.02382726999997,40.051397376000068],[-75.023818916999971,40.051405260000024],[-75.023810572999935,40.051413149000041],[-75.023802238999963,40.051421049000055],[-75.023793914999942,40.051428955000063],[-75.023785597999961,40.051436869000042],[-75.023777290999988,40.051444790000062],[-75.02376899099994,40.051452720000043],[-75.023760701999947,40.051460656000074],[-75.023752419999937,40.051468601000067],[-75.023744145999956,40.051476551000064],[-75.023735880999936,40.051484509000034],[-75.023727622999957,40.051492474000042],[-75.023719372999949,40.051500445000045],[-75.023711129999981,40.05150842300003],[-75.023702895999975,40.051516407000065],[-75.023694667999962,40.051524399000073],[-75.023686447999978,40.051532395000038],[-75.023678233999988,40.051540399000032],[-75.02367002799997,40.051548409000077],[-75.023661827999945,40.051556423000079],[-75.023653635999949,40.051564445000054],[-75.023645448999957,40.051572471000043],[-75.023637268999948,40.051580503000025],[-75.023629095999979,40.051588540000068],[-75.023620926999968,40.051596583000048],[-75.023612765999985,40.051604631000032],[-75.02360460999995,40.051612684000077],[-75.023596459999965,40.051620742000068],[-75.023588314999984,40.051628804000075],[-75.02358017499995,40.051636872000074],[-75.023572039999976,40.051644943000042],[-75.023563911999986,40.051653019000071],[-75.023555787999953,40.051661099000057],[-75.023547667999935,40.051669183000058],[-75.023539552999978,40.051677272000063],[-75.023531441999978,40.051685365000026],[-75.023523335999982,40.051693460000024],[-75.023515233999944,40.051701560000026],[-75.023507136999967,40.051709663000054],[-75.023499042999958,40.051717771000028],[-75.023490953999953,40.051725880000049],[-75.023482866999984,40.051733993000028],[-75.023474783999973,40.051742110000077],[-75.023466703999986,40.051750229000049],[-75.023458628999947,40.051758351000046],[-75.023450555999943,40.051766475000079],[-75.023442484999975,40.051774603000069],[-75.023434417999965,40.051782732000049],[-75.023426352999934,40.051790864000054],[-75.023418290999984,40.051798998000038],[-75.023410230999957,40.051807134000057],[-75.023402172999965,40.051815272000056],[-75.023394117999942,40.051823412000033],[-75.023386063999965,40.051831554000046],[-75.023378011999966,40.051839697000048],[-75.023369961999947,40.05184784100004],[-75.023361912999974,40.051855987000067],[-75.023353865999979,40.051864134000027],[-75.023345819999975,40.051872282000033],[-75.023337774999959,40.051880432000075],[-75.023329730999933,40.051888581000071],[-75.023321687999953,40.051896732000046],[-75.023313644999973,40.051904883000077],[-75.023305603999972,40.051913034000052],[-75.023297560999936,40.051921186000072],[-75.023289520999981,40.051929338000036],[-75.023281478999934,40.051937491000047],[-75.023273437999933,40.051945643000067],[-75.023265395999942,40.051953795000031],[-75.023257353999952,40.051961947000052],[-75.023249311999962,40.051970098000027],[-75.023241268999982,40.051978248000069],[-75.023233224999956,40.051986398000054],[-75.02322517999994,40.051994547000049],[-75.023217133999935,40.052002696000045],[-75.023209087999987,40.052010844000051],[-75.023201039999947,40.052018989000032],[-75.023192989999984,40.05202713500006],[-75.023184937999986,40.052035278000062],[-75.023176884999941,40.052043420000075],[-75.023168829999975,40.052051560000052],[-75.023160773999962,40.05205969900004],[-75.023152713999934,40.052067836000049],[-75.023144652999974,40.052075971000079],[-75.023136588999989,40.052084103000027],[-75.023128522999968,40.052092234000042],[-75.023120452999933,40.052100362000033],[-75.023112379999986,40.052108487000055],[-75.023104304999947,40.052116610000041],[-75.02309622699994,40.05212473000006],[-75.023088144999974,40.052132846000063],[-75.023080059999984,40.052140961000077],[-75.023071970999979,40.052149072000077],[-75.023063877999959,40.052157180000052],[-75.023055781999972,40.052165284000068],[-75.023047681999969,40.05217338500006],[-75.023039576999963,40.052181482000037],[-75.023031466999953,40.052189576000046],[-75.023023353999974,40.05219766600004],[-75.023015234999946,40.052205752000077],[-75.023007112999949,40.052213833000053],[-75.022998984999958,40.052221910000071],[-75.022990851999964,40.052229983000075],[-75.022982713999966,40.052238052000064],[-75.022974569999974,40.052246116000049],[-75.022966421999968,40.05225417500003],[-75.022958266999979,40.052262229000064],[-75.022950107999975,40.052270279000027],[-75.022941941999989,40.052278323000053],[-75.022933769999952,40.052286362000075],[-75.022925591999979,40.052294396000036],[-75.022917407999955,40.05230242500005],[-75.02290921599996,40.052310447000025],[-75.02290101799997,40.052318463000063],[-75.022892814999977,40.052326475000029],[-75.022884602999966,40.05233448000007],[-75.022876384999961,40.05234247900006],[-75.022868158999984,40.052350472000057],[-75.022859926999956,40.052358459000061],[-75.022851685999967,40.052366439000025],[-75.022843439999974,40.052374413000052],[-75.022835183999973,40.052382379000051],[-75.022826919999943,40.052390339000056],[-75.022815520999984,40.052401296000028],[-75.022920742999986,40.052421795000043],[-75.024960842999974,40.053334050000046],[-75.023528333999934,40.055508006000025],[-75.023793380999962,40.055706106000059],[-75.024291655999946,40.056342570000027],[-75.024399208999967,40.05658803700004],[-75.025680524999984,40.05661843200005],[-75.027143421999938,40.056625354000062],[-75.028384535999976,40.056606809000073],[-75.028396045999955,40.056606636000026],[-75.028972910999983,40.056656367000073],[-75.030222380999987,40.056749268000033],[-75.031226874999959,40.056823945000076],[-75.032754292999982,40.056968282000071],[-75.03367069799998,40.057134219000034],[-75.034184546999938,40.057315221000067],[-75.034190284999966,40.057305650000046],[-75.034576713999968,40.057449882000071]]]},"properties":{"OBJECTID":29,"NAME":"WINCHESTER_PARK","LISTNAME":"Winchester Park","MAPNAME":"Winchester Park","Shape_Leng":11984.696725,"Shape_Length":0.038398414119146032,"Shape_Area":6.4311336447457894e-05}},{"type":"Feature","id":30,"geometry":{"type":"Polygon","coordinates":[[[-74.983157451999944,40.054205765000063],[-74.983192741999972,40.054223811000043],[-74.983229181999945,40.054251794000038],[-74.983472205999988,40.054438418000075],[-74.983485741999971,40.054448811000043],[-74.983519369999954,40.054493318000027],[-74.98355374099998,40.054538811000043],[-74.983836739999958,40.054912810000076],[-74.983887738999954,40.054979810000077],[-74.983902738999973,40.054994810000039],[-74.983930738999959,40.05501681100003],[-74.983966739999971,40.055043810000029],[-74.98397102499996,40.055047208000076],[-74.983995738999965,40.055066810000028],[-74.984071738999944,40.055124810000052],[-74.984188738999933,40.055349810000052],[-74.984188738999933,40.055470809000042],[-74.984197737999978,40.055503810000062],[-74.984201738999957,40.055516810000029],[-74.984188738999933,40.05557581000005],[-74.984300737999945,40.055850810000038],[-74.98444578699997,40.056207422000057],[-74.984481737999943,40.056295809000062],[-74.984715859999937,40.056604738000033],[-74.984891735999952,40.05683680900006],[-74.984891735999952,40.056976808000059],[-74.984891735999952,40.057287808000069],[-74.984862176999968,40.057325429000059],[-74.984803736999936,40.057399808000071],[-74.984363737999956,40.05773780800007],[-74.984127739999963,40.057837808000045],[-74.983909533999963,40.057931325000027],[-74.983868740999981,40.057948808000049],[-74.983308743999942,40.058187808000071],[-74.983015745999978,40.058367808000071],[-74.982898746999979,40.058367808000071],[-74.982370748999983,40.058683808000069],[-74.982140827999956,40.058860170000059],[-74.981842751999977,40.05908880800007],[-74.981568466999988,40.059425816000044],[-74.981549753999957,40.05944880800007],[-74.981442974999936,40.059530828000049],[-74.980855930999951,40.059981751000066],[-74.980376759999956,40.06034980700008],[-74.980376759999956,40.060504558000048],[-74.980376759999956,40.060574808000069],[-74.980669758999966,40.060845807000078],[-74.980845757999987,40.061160807000078],[-74.980845757999987,40.061611807000077],[-74.980962757999976,40.061746807000077],[-74.980962757999976,40.06195002000004],[-74.980962757999976,40.062061806000031],[-74.980987682999967,40.062138711000046],[-74.981070199999976,40.062393315000065],[-74.981079757999964,40.062422806000029],[-74.981079757999964,40.06255780500004],[-74.980903757999954,40.06273780500004],[-74.980903758999943,40.062939167000025],[-74.980903758999943,40.063007805000041],[-74.98113875699994,40.063368805000039],[-74.981138167999973,40.063554262000025],[-74.981137757999988,40.063683805000039],[-74.981020758999989,40.06381880400005],[-74.980903759999933,40.064269804000048],[-74.980896743999949,40.064278666000064],[-74.980808759999945,40.064389804000029],[-74.980729760999964,40.064592804000029],[-74.98071676099994,40.064720804000046],[-74.98070476099997,40.064838804000033],[-74.98070076099998,40.064878804000045],[-74.980696036999973,40.064922339000077],[-74.981008890999988,40.064861549000057],[-74.98211714699994,40.064619070000049],[-74.982355110999947,40.064588426000057],[-74.982361553999965,40.064586456000029],[-74.983237223999936,40.06431866500003],[-74.984171663999973,40.063926480000077],[-74.984973663999938,40.06353110200007],[-74.985608505999949,40.063319749000073],[-74.987094207999974,40.062422441000081],[-74.987940306999974,40.061914831000024],[-74.988340320999953,40.061614835000057],[-74.988511380999967,40.061559552000062],[-74.990423229999976,40.060409542000059],[-74.990920451999955,40.060060638000039],[-74.992076988999941,40.05966569900005],[-74.993026799999939,40.059404972000038],[-74.994069802999945,40.059161938000045],[-74.995643088999941,40.058746029000076],[-74.997025771999972,40.058397702000036],[-74.998273566999956,40.058066749000034],[-74.999425434999978,40.057785034000062],[-74.99986062499994,40.057640804000073],[-75.001124938999965,40.057232893000048],[-75.002986190999934,40.055998999000053],[-75.004793344999939,40.054774093000049],[-75.005656483999985,40.054115828000079],[-75.00615000199997,40.05373944300004],[-75.007963359999962,40.052396543000043],[-75.008284586999935,40.052194998000061],[-75.008295103999956,40.05218840100008],[-75.009108619999949,40.051538022000045],[-75.010198764999984,40.050651168000059],[-75.01157868699994,40.04954974900005],[-75.012364052999942,40.048898679000047],[-75.013292451999973,40.04818619200006],[-75.014106981999987,40.047472338000034],[-75.014102073999936,40.047464129000048],[-75.013485534999973,40.047053559000062],[-75.012243100999967,40.046046921000027],[-75.010920210999984,40.044993117000047],[-75.009591847999957,40.043930118000048],[-75.00867091799995,40.043191179000075],[-75.007860400999959,40.042540814000063],[-75.006872766999948,40.041748304000066],[-75.006332205999968,40.041231948000075],[-75.005556879999972,40.040699439000036],[-75.004836743999988,40.040125036000063],[-75.00361053499995,40.039047956000047],[-75.002505359999986,40.03807714900006],[-75.001026205999949,40.036797683000032],[-75.000305007999941,40.03617382200008],[-74.998940964999974,40.035024107000027],[-74.995884674999957,40.032858800000042],[-74.995379249999985,40.032507487000032],[-74.99529466499996,40.032566819000067],[-74.994091671999968,40.033413819000032],[-74.99098369099994,40.035773820000031],[-74.990193695999949,40.03634382000007],[-74.987639709999939,40.038186820000078],[-74.986571715999958,40.038958821000051],[-74.983183734999955,40.041404821000071],[-74.982768738999937,40.041772821000052],[-74.981460744999936,40.042934820000028],[-74.980777748999969,40.043543820000025],[-74.980260752999982,40.043865820000065],[-74.979327756999965,40.044447820000073],[-74.977844765999976,40.045372821000058],[-74.977433768999958,40.045714821000047],[-74.973979787999951,40.04859582000006],[-74.974685572999988,40.049229295000032],[-74.974994782999943,40.049506819000044],[-74.975517741999965,40.049975738000057],[-74.976010777999988,40.050417817000039],[-74.976279775999956,40.050659817000053],[-74.977921768999977,40.05213281500005],[-74.978184767999949,40.05229081400006],[-74.97841376599996,40.052415815000074],[-74.978556764999951,40.052493815000048],[-74.978951413999937,40.052764769000078],[-74.979092762999983,40.052861814000039],[-74.979464760999974,40.053157814000031],[-74.979547760999935,40.053245813000046],[-74.979561402999934,40.053260203000036],[-74.979693759999975,40.053399813000055],[-74.979713759999981,40.053473813000039],[-74.979733760999977,40.053547814000069],[-74.980026758999941,40.05363781300008],[-74.982020747999968,40.053727812000034],[-74.982200747999968,40.053804812000067],[-74.982547745999966,40.053953811000042],[-74.982664745999955,40.053953812000032],[-74.983157451999944,40.054205765000063]]]},"properties":{"OBJECTID":30,"NAME":"TORRESDALE","LISTNAME":"Torresdale","MAPNAME":"Torresdale","Shape_Leng":35702.492498200001,"Shape_Length":0.11455678992142757,"Shape_Area":0.0006386793006452838}},{"type":"Feature","id":31,"geometry":{"type":"Polygon","coordinates":[[[-75.051192488999959,40.049297413000033],[-75.051191980999988,40.049302333000071],[-75.050752078999949,40.049078375000079],[-75.050462634999974,40.049243205000039],[-75.048442811999962,40.048115076000045],[-75.047528769999985,40.048019903000068],[-75.046642904999942,40.04828655700004],[-75.04516646899998,40.048848497000051],[-75.042138677999958,40.050079046000064],[-75.041515587999982,40.050834637000037],[-75.041534354999953,40.051778943000045],[-75.040221273999975,40.053196322000076],[-75.039966124999978,40.053575443000057],[-75.040028452999934,40.054135637000059],[-75.039459367999939,40.055304755000066],[-75.038708631999953,40.056426188000046],[-75.038600652999946,40.057714672000031],[-75.038433602999987,40.058361671000057],[-75.038438008999947,40.058377231000065],[-75.038248978999945,40.05889185500007],[-75.038099745999943,40.060260322000033],[-75.038130945999967,40.060822740000049],[-75.038320075999934,40.061556920000044],[-75.038612968999985,40.062003031000074],[-75.040786528999945,40.064312174000065],[-75.041179316999944,40.064575318000038],[-75.041385248999973,40.064708149000069],[-75.041703311999981,40.064825774000042],[-75.041837416999954,40.064644145000045],[-75.042138031999968,40.063978681000037],[-75.042374912999946,40.063454295000042],[-75.042893363999951,40.062306566000075],[-75.043324009999935,40.061353184000041],[-75.043832522999935,40.060227380000072],[-75.044212813999934,40.059385422000048],[-75.044642659999965,40.058737418000078],[-75.04523852799997,40.058115181000062],[-75.045933721999972,40.057389203000071],[-75.04666606699999,40.056624408000062],[-75.047614442999986,40.055694323000068],[-75.048397744999988,40.05492610500005],[-75.049188480999987,40.054150573000072],[-75.049849982999945,40.053458118000037],[-75.050453073999961,40.052826793000065],[-75.050936677999971,40.052043439000045],[-75.051099381999961,40.051202874000069],[-75.051168568999969,40.050357414000075],[-75.051248269999974,40.049383456000044],[-75.051192488999959,40.049297413000033]]]},"properties":{"OBJECTID":31,"NAME":"LEXINGTON_PARK","LISTNAME":"Lexington Park","MAPNAME":"Lexington Park","Shape_Leng":15293.613690100001,"Shape_Length":0.046117119570383044,"Shape_Area":0.00011139372323825535}},{"type":"Feature","id":32,"geometry":{"type":"Polygon","coordinates":[[[-75.041703311999981,40.064825774000042],[-75.041990935999934,40.064932141000043],[-75.042020056999945,40.06494291000007],[-75.04242329899995,40.065071630000034],[-75.043014614999947,40.065149750000046],[-75.043459892999977,40.065178396000078],[-75.043689392999966,40.06511818000007],[-75.044114558999979,40.065061180000043],[-75.044484139999952,40.064989289000039],[-75.044716316999938,40.065004870000053],[-75.044973524999989,40.065084112000079],[-75.046387418999984,40.065874417000032],[-75.048216528999944,40.066915688000051],[-75.047498796999946,40.067665873000067],[-75.047313687999974,40.068229888000076],[-75.047383119999949,40.06879734100005],[-75.047624835999954,40.069297014000028],[-75.047912750999956,40.070029117000047],[-75.047367867999981,40.070621065000068],[-75.045944625999937,40.069784286000072],[-75.045772941999985,40.069761611000047],[-75.045473080999955,40.069872894000071],[-75.045294234999972,40.069969983000078],[-75.045102269999973,40.070125694000069],[-75.044861109999943,40.070501239000066],[-75.044074687999966,40.071996782000042],[-75.044037402999948,40.07233890100008],[-75.044158688999971,40.072762319000049],[-75.044341089999989,40.073088189000032],[-75.045263287999944,40.074145495000039],[-75.046075368999936,40.07525614900004],[-75.046773167999959,40.076087648000055],[-75.047419421999962,40.076535117000049],[-75.048185226999976,40.076711679000027],[-75.049034503999962,40.07677854800005],[-75.049748740999974,40.076571074000071],[-75.050390535999952,40.076248412000041],[-75.055771169999957,40.073443017000045],[-75.056068338999978,40.073255908000078],[-75.056318106999981,40.073017279000055],[-75.057220477999977,40.073724814000059],[-75.058405644999937,40.074748793000026],[-75.060954265999953,40.07283689500008],[-75.063321611999982,40.071383873000059],[-75.065502338999977,40.070238141000061],[-75.067590260999964,40.071177391000049],[-75.068699375999984,40.071663134000062],[-75.068638868999983,40.071670243000028],[-75.068883031999974,40.071808057000055],[-75.069021413999963,40.07206771400007],[-75.06951621199994,40.071783248000031],[-75.069371610999951,40.071745215000078],[-75.069285485999956,40.071630000000027],[-75.069302827999934,40.071478012000057],[-75.069779879999942,40.070879568000066],[-75.07041580799995,40.070276121000063],[-75.068843759999936,40.069513111000049],[-75.067768959999967,40.068990876000043],[-75.06732673099998,40.068744695000078],[-75.064113796999948,40.066838043000075],[-75.062996584999951,40.066151313000034],[-75.063590390999934,40.065515245000029],[-75.06447504099998,40.064569984000059],[-75.064705789999948,40.064325995000047],[-75.065116656999976,40.063891546000036],[-75.065631449999955,40.063303918000031],[-75.066480380999963,40.062479311000061],[-75.066897457999971,40.062100023000028],[-75.066923298999939,40.062072116000024],[-75.068064140999979,40.060840036000059],[-75.068750380999973,40.060055113000033],[-75.069200347999981,40.059596491000036],[-75.070455979999963,40.058344279000039],[-75.071591877999936,40.057106427000065],[-75.073299587999941,40.055338393000056],[-75.066104735999943,40.051274535000061],[-75.065390093999952,40.05089741300003],[-75.064852831999985,40.050553038000032],[-75.064152629999967,40.050187687000061],[-75.063483315999974,40.049794450000036],[-75.062449380999965,40.049209606000034],[-75.061430791999953,40.048613670000066],[-75.05991690999997,40.047742960000051],[-75.058390006999957,40.046826155000076],[-75.057735178999962,40.046444665000024],[-75.057080356999961,40.046063170000025],[-75.056411122999975,40.045669891000045],[-75.055756315999986,40.045288388000074],[-75.054414398999938,40.044507415000055],[-75.051640577999933,40.047157730000038],[-75.051436928999976,40.047736026000052],[-75.051310715999989,40.048154149000027],[-75.051192488999959,40.049297413000033],[-75.051248269999974,40.049383456000044],[-75.051168568999969,40.050357414000075],[-75.051099381999961,40.051202874000069],[-75.050936677999971,40.052043439000045],[-75.050453073999961,40.052826793000065],[-75.049849982999945,40.053458118000037],[-75.049188480999987,40.054150573000072],[-75.048397744999988,40.05492610500005],[-75.047614442999986,40.055694323000068],[-75.04666606699999,40.056624408000062],[-75.045933721999972,40.057389203000071],[-75.04523852799997,40.058115181000062],[-75.044642659999965,40.058737418000078],[-75.044212813999934,40.059385422000048],[-75.043832522999935,40.060227380000072],[-75.043324009999935,40.061353184000041],[-75.042893363999951,40.062306566000075],[-75.042374912999946,40.063454295000042],[-75.042138031999968,40.063978681000037],[-75.041837416999954,40.064644145000045],[-75.041703311999981,40.064825774000042]]]},"properties":{"OBJECTID":32,"NAME":"RHAWNHURST","LISTNAME":"Rhawnhurst","MAPNAME":"Rhawnhurst","Shape_Leng":37982.440009400001,"Shape_Length":0.11977488379883675,"Shape_Area":0.0005569202194335381}},{"type":"Feature","id":33,"geometry":{"type":"Polygon","coordinates":[[[-75.067520766999962,40.084936155000037],[-75.06802285699996,40.085062707000077],[-75.071619154999951,40.086638228000027],[-75.072111439999958,40.08680873000003],[-75.072556189999943,40.086952231000055],[-75.074302297999964,40.087241013000039],[-75.074256361999971,40.087361223000073],[-75.07385499999998,40.08774509400007],[-75.074370349999981,40.087787638000066],[-75.076194585999986,40.08743254400008],[-75.076208632999965,40.087417997000045],[-75.07624763299998,40.087377997000033],[-75.076361632999976,40.087265997000031],[-75.076368632999959,40.087250998000059],[-75.076383632999978,40.087234997000053],[-75.076391632999957,40.08722799800006],[-75.076414631999967,40.087208997000062],[-75.076429632999975,40.087193998000032],[-75.07780362799997,40.085771003000048],[-75.078808625999955,40.085278006000067],[-75.081187621999959,40.084117014000071],[-75.082454617999986,40.082885019000059],[-75.083413614999984,40.081954022000048],[-75.084451611999953,40.080949026000042],[-75.086859604999972,40.07862603600006],[-75.086904604999972,40.078649037000048],[-75.087896600999954,40.077607040000032],[-75.089086597999938,40.076375045000077],[-75.089826594999977,40.075601048000067],[-75.090315593999946,40.07511604900003],[-75.091543588999969,40.073903054000027],[-75.093077583999957,40.072377061000054],[-75.093122583999957,40.072335061000047],[-75.093405582999935,40.072030062000067],[-75.093717581999954,40.071893063000061],[-75.093729405999966,40.071888097000055],[-75.093913675999943,40.07170837700005],[-75.093836013999976,40.071670314000073],[-75.092688499999952,40.071085890000063],[-75.092070613999965,40.070771195000077],[-75.091266658999984,40.070361724000065],[-75.089834450999945,40.069632245000037],[-75.089105497999981,40.069260946000043],[-75.088394611999945,40.068898843000056],[-75.087303953999935,40.068343280000079],[-75.086364173999982,40.067891566000071],[-75.085510247999935,40.067470497000045],[-75.084023803999969,40.066690802000039],[-75.083410000999947,40.065539629000057],[-75.083488061999958,40.06456976000004],[-75.083555557999944,40.063640951000025],[-75.083552902999941,40.062792825000031],[-75.083550326999955,40.06196968200004],[-75.08354286399998,40.061333843000057],[-75.083522123999956,40.061324606000028],[-75.083124300999941,40.061034428000028],[-75.082292696999957,40.060562447000052],[-75.081342456999948,40.060026110000081],[-75.08052225299997,40.059543037000026],[-75.079646241999967,40.059017428000061],[-75.078809448999948,40.058516540000028],[-75.078045016999965,40.058097668000073],[-75.077754234999986,40.057919276000064],[-75.07671802599998,40.057386003000033],[-75.075029293999989,40.056408456000042],[-75.074069540999972,40.055825449000054],[-75.073299587999941,40.055338393000056],[-75.071591877999936,40.057106427000065],[-75.070455979999963,40.058344279000039],[-75.069200347999981,40.059596491000036],[-75.068750380999973,40.060055113000033],[-75.068064140999979,40.060840036000059],[-75.066923298999939,40.062072116000024],[-75.066897457999971,40.062100023000028],[-75.066480380999963,40.062479311000061],[-75.065631449999955,40.063303918000031],[-75.065116656999976,40.063891546000036],[-75.064705789999948,40.064325995000047],[-75.06447504099998,40.064569984000059],[-75.063590390999934,40.065515245000029],[-75.062996584999951,40.066151313000034],[-75.064113796999948,40.066838043000075],[-75.06732673099998,40.068744695000078],[-75.067768959999967,40.068990876000043],[-75.068843759999936,40.069513111000049],[-75.07041580799995,40.070276121000063],[-75.069779879999942,40.070879568000066],[-75.069302827999934,40.071478012000057],[-75.069285485999956,40.071630000000027],[-75.069371610999951,40.071745215000078],[-75.06951621199994,40.071783248000031],[-75.069021413999963,40.07206771400007],[-75.068884770999944,40.07230424100004],[-75.067280973999971,40.075549887000079],[-75.066202001999955,40.077829250000036],[-75.067137865999939,40.078299691000041],[-75.067621242999962,40.07886134000006],[-75.068481653999982,40.080196929000067],[-75.063654157999963,40.08360396300003],[-75.062329009999985,40.084523086000047],[-75.062671309999985,40.084749293000073],[-75.063027293999937,40.084826421000059],[-75.063354946999937,40.084854547000077],[-75.067120063999937,40.084883321000063],[-75.067520766999962,40.084936155000037]]]},"properties":{"OBJECTID":33,"NAME":"FOX_CHASE","LISTNAME":"Fox Chase","MAPNAME":"Fox Chase","Shape_Leng":35027.5171787,"Shape_Length":0.11134067052507837,"Shape_Area":0.00053891625911791513}},{"type":"Feature","id":34,"geometry":{"type":"Polygon","coordinates":[[[-75.086401848999969,40.053887743000075],[-75.085873905999961,40.054469926000024],[-75.085906505999958,40.055504513000074],[-75.085850574999938,40.056117217000065],[-75.085806493999939,40.057239475000074],[-75.085780654999951,40.05754618800006],[-75.084977744999946,40.058952437000073],[-75.083832398999959,40.060848815000043],[-75.083522123999956,40.061324606000028],[-75.08354286399998,40.061333843000057],[-75.083550326999955,40.06196968200004],[-75.083552902999941,40.062792825000031],[-75.083555557999944,40.063640951000025],[-75.083488061999958,40.06456976000004],[-75.083410000999947,40.065539629000057],[-75.084023803999969,40.066690802000039],[-75.085510247999935,40.067470497000045],[-75.086364173999982,40.067891566000071],[-75.087303953999935,40.068343280000079],[-75.088394611999945,40.068898843000056],[-75.089105497999981,40.069260946000043],[-75.089834450999945,40.069632245000037],[-75.091266658999984,40.070361724000065],[-75.092070613999965,40.070771195000077],[-75.092688499999952,40.071085890000063],[-75.093836013999976,40.071670314000073],[-75.093913675999943,40.07170837700005],[-75.093729405999966,40.071888097000055],[-75.093817581999986,40.071851063000054],[-75.094000581999978,40.071687065000049],[-75.095182576999946,40.070500069000047],[-75.096212573999935,40.069493073000046],[-75.096731571999953,40.068990075000045],[-75.096712126999989,40.068978879000042],[-75.096632572999965,40.068933075000075],[-75.094946571999969,40.067948072000036],[-75.093221570999958,40.066936068000075],[-75.091917569999964,40.066190065000058],[-75.091781569999966,40.06611106400004],[-75.090368568999963,40.065286061000052],[-75.089750568999989,40.064923060000069],[-75.089376568999967,40.064706059000059],[-75.08927056899995,40.064645058000053],[-75.08891056899995,40.064433058000077],[-75.088758568999936,40.064343058000077],[-75.088062568999987,40.06395705500006],[-75.087873568999953,40.063851056000033],[-75.087423568999952,40.063600054000062],[-75.08819456599997,40.062821058000054],[-75.088669564999975,40.062343059000057],[-75.088783608999961,40.062227083000039],[-75.088964562999934,40.062043061000054],[-75.089704560999962,40.061299064000025],[-75.090414556999974,40.060582067000041],[-75.090460556999972,40.060529067000061],[-75.091092554999989,40.059864069000071],[-75.091131554999947,40.059823069000061],[-75.091383554999936,40.059564071000068],[-75.091457552999941,40.059488071000033],[-75.092008551999982,40.058923073000074],[-75.092253550999942,40.058663074000037],[-75.092611549999958,40.058301075000031],[-75.092626549999977,40.058281075000025],[-75.09355054599996,40.057332079000048],[-75.093481545999964,40.057260080000049],[-75.093488364999985,40.057254293000028],[-75.093255833999933,40.057020397000031],[-75.092592945999968,40.056926261000058],[-75.091420858999982,40.05674153700005],[-75.089703717999953,40.05574630600006],[-75.088812947999941,40.055253127000071],[-75.087846912999964,40.054718261000062],[-75.086418630999958,40.053877427000032],[-75.086412756999948,40.053873948000046],[-75.086401848999969,40.053887743000075]]]},"properties":{"OBJECTID":34,"NAME":"BURHOLME","LISTNAME":"Burholme","MAPNAME":"Burholme","Shape_Leng":18179.223340600001,"Shape_Length":0.056941700663285445,"Shape_Area":0.00010249255491473288}},{"type":"Feature","id":35,"geometry":{"type":"Polygon","coordinates":[[[-75.073299587999941,40.055338393000056],[-75.074069540999972,40.055825449000054],[-75.075029293999989,40.056408456000042],[-75.07671802599998,40.057386003000033],[-75.077754234999986,40.057919276000064],[-75.078045016999965,40.058097668000073],[-75.078809448999948,40.058516540000028],[-75.079646241999967,40.059017428000061],[-75.08052225299997,40.059543037000026],[-75.081342456999948,40.060026110000081],[-75.082292696999957,40.060562447000052],[-75.083124300999941,40.061034428000028],[-75.083522123999956,40.061324606000028],[-75.083832398999959,40.060848815000043],[-75.084977744999946,40.058952437000073],[-75.085780654999951,40.05754618800006],[-75.085806493999939,40.057239475000074],[-75.085850574999938,40.056117217000065],[-75.085906505999958,40.055504513000074],[-75.085873905999961,40.054469926000024],[-75.086401848999969,40.053887743000075],[-75.086412756999948,40.053873948000046],[-75.086944162999941,40.053201907000073],[-75.086953306999987,40.052968986000053],[-75.08693281799998,40.052788363000047],[-75.086706027999981,40.052242658000068],[-75.086056199999973,40.050881774000061],[-75.086228374999962,40.050069055000051],[-75.086686180999948,40.049294119000081],[-75.086998396999945,40.048626112000079],[-75.087683265999942,40.047149567000076],[-75.087974179999947,40.046396057000038],[-75.088353719999986,40.045572920000041],[-75.08890133899996,40.044378350000045],[-75.089002575999984,40.044079192000027],[-75.088652860999957,40.042773708000027],[-75.08845772799998,40.041919393000057],[-75.088402533999954,40.041717626000036],[-75.088258688999986,40.041083442000058],[-75.088194151999971,40.040772264000054],[-75.088287590999983,40.040346772000078],[-75.088603928999987,40.039130119000049],[-75.088792529999978,40.038234937000027],[-75.088707668999973,40.037952781000058],[-75.088698743999942,40.03793096000004],[-75.088147464999963,40.036583095000026],[-75.087930744999937,40.036238896000043],[-75.087820940999961,40.036103629000024],[-75.087626283999953,40.035686207000026],[-75.087105693999945,40.034774584000047],[-75.085313068999938,40.033523768000066],[-75.084905781999964,40.032922253000038],[-75.084832117999952,40.032351936000055],[-75.084682708999935,40.03175453700004],[-75.084665676999975,40.031744733000039],[-75.084108187999959,40.031932122000057],[-75.082883289999984,40.032203236000043],[-75.082115446999978,40.032373179000047],[-75.081072440999947,40.032604014000071],[-75.079557139999963,40.032950593000066],[-75.078130209999983,40.033281663000025],[-75.077004877999968,40.033542743000055],[-75.076100698999937,40.033752505000052],[-75.075297159999934,40.033938912000053],[-75.074621578999938,40.034095630000024],[-75.073325504999957,40.034391337000045],[-75.072239492999984,40.034639102000028],[-75.071231644999955,40.034869178000065],[-75.069444637999936,40.035285414000043],[-75.06827973999998,40.035556729000064],[-75.066954446999944,40.035865384000033],[-75.065185671999984,40.036277296000037],[-75.064334193999969,40.036475577000033],[-75.064260821999937,40.036452854000061],[-75.063601865999942,40.036637793000068],[-75.063230321999981,40.036797537000041],[-75.062824511999963,40.036900334000052],[-75.062450741999953,40.037116167000079],[-75.062151057999984,40.037305661000062],[-75.061814883999944,40.037494301000038],[-75.061319413999968,40.038016079000045],[-75.054414398999938,40.044507415000055],[-75.055756315999986,40.045288388000074],[-75.056411122999975,40.045669891000045],[-75.057080356999961,40.046063170000025],[-75.057735178999962,40.046444665000024],[-75.058390006999957,40.046826155000076],[-75.05991690999997,40.047742960000051],[-75.061430791999953,40.048613670000066],[-75.062449380999965,40.049209606000034],[-75.063483315999974,40.049794450000036],[-75.064152629999967,40.050187687000061],[-75.064852831999985,40.050553038000032],[-75.065390093999952,40.05089741300003],[-75.066104735999943,40.051274535000061],[-75.073299587999941,40.055338393000056]]]},"properties":{"OBJECTID":35,"NAME":"OXFORD_CIRCLE","LISTNAME":"Oxford Circle","MAPNAME":"Oxford Circle","Shape_Leng":31820.622326600002,"Shape_Length":0.10055487529012415,"Shape_Area":0.00058613229343221402}},{"type":"Feature","id":36,"geometry":{"type":"Polygon","coordinates":[[[-75.084682708999935,40.03175453700004],[-75.084832117999952,40.032351936000055],[-75.084905781999964,40.032922253000038],[-75.085313068999938,40.033523768000066],[-75.087105693999945,40.034774584000047],[-75.087626283999953,40.035686207000026],[-75.087820940999961,40.036103629000024],[-75.087930744999937,40.036238896000043],[-75.088147464999963,40.036583095000026],[-75.088698743999942,40.03793096000004],[-75.088714608999965,40.037923940000042],[-75.089427408999939,40.037275141000066],[-75.089801119999947,40.036833732000048],[-75.090275029999987,40.036433779000049],[-75.090595564999944,40.036049840000032],[-75.090832897999974,40.035840088000043],[-75.091310624999949,40.035342379000042],[-75.091656580999938,40.034959026000024],[-75.092053401999976,40.034576850000064],[-75.09266516699995,40.033906125000044],[-75.092902486999947,40.033696368000051],[-75.093273093999983,40.033333149000043],[-75.093723821999959,40.032873942000037],[-75.093937231999973,40.032624493000071],[-75.094386420999967,40.032204385000057],[-75.095143230999952,40.03141108300008],[-75.095571741999947,40.030961901000069],[-75.096087951999948,40.030420777000074],[-75.096765379999965,40.02971063800004],[-75.097524241999963,40.029018828000062],[-75.097922903999972,40.028587755000046],[-75.098286907999977,40.028229261000035],[-75.098650906999978,40.027870765000046],[-75.098894571999949,40.027642795000077],[-75.097763675999943,40.026821974000029],[-75.096618259999957,40.02637332200004],[-75.095491546999938,40.026272776000042],[-75.094284756999969,40.026567721000049],[-75.093517038999948,40.026986778000037],[-75.092302010999958,40.027649979000046],[-75.091923774999941,40.027856427000074],[-75.091213037999978,40.028244352000058],[-75.090661823999937,40.028545204000068],[-75.089679798999953,40.02908117700008],[-75.088883489999944,40.029514865000067],[-75.087968285999978,40.030013294000071],[-75.08720815099997,40.030429795000032],[-75.086624471999983,40.03074970800003],[-75.086119304999954,40.031026583000028],[-75.085321937999936,40.031463600000052],[-75.084760779999954,40.031680216000041],[-75.084682708999935,40.03175453700004]]]},"properties":{"OBJECTID":36,"NAME":"SUMMERDALE","LISTNAME":"Summerdale","MAPNAME":"Summerdale","Shape_Leng":12065.377598999999,"Shape_Length":0.038073896537122821,"Shape_Area":7.0934582312203538e-05}},{"type":"Feature","id":37,"geometry":{"type":"Polygon","coordinates":[[[-75.08890133899996,40.044378350000045],[-75.089731296999958,40.044758224000077],[-75.090378125999962,40.04505283900005],[-75.091277282999954,40.045462373000078],[-75.092006374999983,40.04579443800003],[-75.09306586699995,40.046276972000044],[-75.093656327999952,40.045680440000069],[-75.094233655999972,40.045097161000058],[-75.094831969999973,40.044477095000047],[-75.095504926999979,40.043779654000048],[-75.096675155999947,40.042535226000041],[-75.097234483999955,40.042047954000054],[-75.097952343999964,40.041422559000068],[-75.098978346999957,40.040638110000032],[-75.099647025999957,40.040028584000027],[-75.100312327999973,40.03950517800007],[-75.101065017999986,40.03889758300005],[-75.101966993999952,40.038056373000074],[-75.102826505999985,40.037178881000045],[-75.103696256999967,40.036313824000047],[-75.104665918999956,40.03534936300008],[-75.104009616999974,40.034924788000069],[-75.103377971999976,40.03458697800005],[-75.102436761999968,40.034062218000031],[-75.101150905999987,40.033352691000061],[-75.101807074999954,40.032700800000043],[-75.102382845999955,40.032128770000043],[-75.103184055999975,40.031317858000079],[-75.103907057999947,40.030586078000056],[-75.104300963999947,40.030054501000052],[-75.104239987999961,40.029735237000068],[-75.103123541999935,40.029789207000078],[-75.101683678999962,40.029433159000064],[-75.100951490999989,40.028963174000069],[-75.100345030999961,40.028573884000025],[-75.099753689999943,40.02819429200008],[-75.098894571999949,40.027642795000077],[-75.098650906999978,40.027870765000046],[-75.098286907999977,40.028229261000035],[-75.097922903999972,40.028587755000046],[-75.097524241999963,40.029018828000062],[-75.096765379999965,40.02971063800004],[-75.096087951999948,40.030420777000074],[-75.095571741999947,40.030961901000069],[-75.095143230999952,40.03141108300008],[-75.094386420999967,40.032204385000057],[-75.093937231999973,40.032624493000071],[-75.093723821999959,40.032873942000037],[-75.093273093999983,40.033333149000043],[-75.092902486999947,40.033696368000051],[-75.09266516699995,40.033906125000044],[-75.092053401999976,40.034576850000064],[-75.091656580999938,40.034959026000024],[-75.091310624999949,40.035342379000042],[-75.090832897999974,40.035840088000043],[-75.090595564999944,40.036049840000032],[-75.090275029999987,40.036433779000049],[-75.089801119999947,40.036833732000048],[-75.089427408999939,40.037275141000066],[-75.088714608999965,40.037923940000042],[-75.088698743999942,40.03793096000004],[-75.088707668999973,40.037952781000058],[-75.088792529999978,40.038234937000027],[-75.088603928999987,40.039130119000049],[-75.088287590999983,40.040346772000078],[-75.088194151999971,40.040772264000054],[-75.088258688999986,40.041083442000058],[-75.088402533999954,40.041717626000036],[-75.08845772799998,40.041919393000057],[-75.088652860999957,40.042773708000027],[-75.089002575999984,40.044079192000027],[-75.08890133899996,40.044378350000045]]]},"properties":{"OBJECTID":37,"NAME":"CRESCENTVILLE","LISTNAME":"Crescentville","MAPNAME":"Crescentville","Shape_Leng":18197.139198199999,"Shape_Length":0.056534105160579468,"Shape_Area":0.00015912307703105612}},{"type":"Feature","id":38,"geometry":{"type":"Polygon","coordinates":[[[-75.086412756999948,40.053873948000046],[-75.086418630999958,40.053877427000032],[-75.087846912999964,40.054718261000062],[-75.088812947999941,40.055253127000071],[-75.089703717999953,40.05574630600006],[-75.091420858999982,40.05674153700005],[-75.092592945999968,40.056926261000058],[-75.093255833999933,40.057020397000031],[-75.093488364999985,40.057254293000028],[-75.093699545999982,40.057075080000061],[-75.09405454399996,40.056772082000066],[-75.094191543999955,40.056680082000071],[-75.094313542999942,40.056596082000056],[-75.094564542999933,40.056432083000061],[-75.094671542999947,40.056363084000054],[-75.094718195999974,40.056333371000051],[-75.094839541999988,40.05625608500003],[-75.095076541999958,40.056092085000046],[-75.095212540999967,40.056005086000027],[-75.09535853999995,40.055909086000042],[-75.095631538999953,40.055760087000067],[-75.095898538999961,40.055594088000078],[-75.096167537999975,40.055430089000026],[-75.096438536999983,40.055269090000024],[-75.096709535999935,40.055110092000064],[-75.096983534999936,40.054952093000054],[-75.09725853499998,40.054794093000055],[-75.097523533999947,40.054643094000028],[-75.097533534999968,40.054637095000032],[-75.097718533999966,40.05453209500007],[-75.097808533999967,40.054481096000075],[-75.098084532999962,40.054325096000071],[-75.098362532999943,40.054170098000043],[-75.098638530999949,40.054015098000036],[-75.098914530999934,40.053860099000076],[-75.099192529999982,40.053704100000061],[-75.099470529999962,40.053551101000039],[-75.099748528999953,40.053397102000076],[-75.099828528999979,40.053353102000074],[-75.100026526999955,40.053242103000059],[-75.100248526999962,40.053115104000028],[-75.100301526999942,40.053086105000034],[-75.100571525999953,40.052925106000032],[-75.100799525999946,40.052783106000049],[-75.100838524999972,40.052760106000051],[-75.100894524999944,40.052724107000074],[-75.100933524999959,40.052700107000078],[-75.101103524999985,40.052592108000056],[-75.101365523999959,40.052424108000025],[-75.101629522999986,40.05225611000003],[-75.101897521999945,40.052092111000036],[-75.10216952199994,40.051932111000042],[-75.102411520999965,40.051793113000031],[-75.102443520999941,40.051774112000032],[-75.102724519999981,40.051625113000057],[-75.103004518999967,40.051476115000071],[-75.10322851799998,40.051356115000033],[-75.103256517999966,40.051340116000063],[-75.103282518999947,40.051325115000054],[-75.103555517999951,40.051165117000039],[-75.103827516999957,40.051004118000037],[-75.10410051599996,40.050843118000046],[-75.104372514999966,40.050681120000036],[-75.104566514999988,40.050564120000047],[-75.104643513999974,40.050518121000039],[-75.104799513999978,40.050423121000051],[-75.104912513999977,40.05035612100005],[-75.105183512999986,40.050193123000042],[-75.105451511999945,40.050030124000045],[-75.105721511999946,40.049867124000059],[-75.105992509999965,40.049707126000044],[-75.10626850999995,40.049549127000034],[-75.106529507999937,40.04938112800005],[-75.106771507999952,40.049195129000054],[-75.107000507999942,40.04899813000003],[-75.107031505999942,40.048971130000041],[-75.107224505999966,40.048799130000077],[-75.107448505999969,40.048600132000047],[-75.107673503999933,40.04840013300003],[-75.107888503999959,40.048196134000079],[-75.108090502999971,40.047983134000049],[-75.108273501999975,40.047760135000033],[-75.108441500999959,40.047531136000032],[-75.108603499999958,40.047299136000049],[-75.108758498999975,40.047064137000064],[-75.108908497999948,40.046827138000026],[-75.10902049799995,40.046642139000028],[-75.109297495999954,40.04602514000004],[-75.109259494999947,40.04591914100007],[-75.109404494999978,40.045841141000039],[-75.109429494999972,40.045875140000078],[-75.110729494999987,40.04662314400008],[-75.110868494999977,40.046703144000048],[-75.11098349599996,40.04677014400005],[-75.111100504999968,40.046836900000073],[-75.111133416999962,40.04679290200005],[-75.111276596999971,40.046546821000049],[-75.111324997999986,40.046283895000045],[-75.111309504999952,40.04594615700006],[-75.111327305999964,40.04573386800007],[-75.111281499999961,40.045439440000052],[-75.111232272999985,40.045232946000056],[-75.11118333099995,40.045019125000067],[-75.111143069999969,40.044827506000047],[-75.111081743999989,40.044686744000046],[-75.111077340999941,40.044554623000067],[-75.111139678999962,40.044424036000066],[-75.111434265999947,40.044210772000042],[-75.111845543999948,40.043941511000071],[-75.112055171999941,40.04370429100004],[-75.112078490999977,40.043690742000081],[-75.112278099999969,40.043356324000058],[-75.11246455099996,40.04265950100006],[-75.112904556999979,40.041947937000032],[-75.113388921999956,40.041458613000032],[-75.113972102999981,40.040525430000059],[-75.11433406499998,40.040164274000063],[-75.114533651999977,40.039829852000025],[-75.114325770999983,40.038936898000031],[-75.114071899999942,40.038110029000052],[-75.113787639999941,40.037279161000072],[-75.113430574999938,40.036775343000045],[-75.113169100999983,40.036496423000074],[-75.11245170899997,40.035973328000068],[-75.112081504999935,40.035107101000051],[-75.111541299999942,40.034723452000037],[-75.111158256999943,40.034336430000053],[-75.110918405999939,40.033727796000051],[-75.110824491999949,40.033306675000063],[-75.111028171999976,40.032251448000068],[-75.111020227999973,40.031865684000024],[-75.111164757999973,40.030514135000033],[-75.111045659999945,40.030065655000044],[-75.110861398999987,40.029488377000064],[-75.110995813999978,40.029025162000039],[-75.111170200999936,40.028663387000051],[-75.111718679999967,40.02802622400003],[-75.112109339999961,40.027957396000033],[-75.112555576999966,40.027919924000059],[-75.112764330999937,40.027386134000039],[-75.112774702999957,40.02727387200008],[-75.111695048999934,40.027440933000037],[-75.110062931999948,40.027875275000042],[-75.108476400999962,40.028397977000054],[-75.107198943999947,40.028818830000034],[-75.106152336999969,40.029163616000062],[-75.104921168999965,40.029531630000065],[-75.104239987999961,40.029735237000068],[-75.104300963999947,40.030054501000052],[-75.103907057999947,40.030586078000056],[-75.103184055999975,40.031317858000079],[-75.102382845999955,40.032128770000043],[-75.101807074999954,40.032700800000043],[-75.101150905999987,40.033352691000061],[-75.102436761999968,40.034062218000031],[-75.103377971999976,40.03458697800005],[-75.104009616999974,40.034924788000069],[-75.104665918999956,40.03534936300008],[-75.103696256999967,40.036313824000047],[-75.102826505999985,40.037178881000045],[-75.101966993999952,40.038056373000074],[-75.101065017999986,40.03889758300005],[-75.100312327999973,40.03950517800007],[-75.099647025999957,40.040028584000027],[-75.098978346999957,40.040638110000032],[-75.097952343999964,40.041422559000068],[-75.097234483999955,40.042047954000054],[-75.096675155999947,40.042535226000041],[-75.095504926999979,40.043779654000048],[-75.094831969999973,40.044477095000047],[-75.094233655999972,40.045097161000058],[-75.093656327999952,40.045680440000069],[-75.09306586699995,40.046276972000044],[-75.092006374999983,40.04579443800003],[-75.091277282999954,40.045462373000078],[-75.090378125999962,40.04505283900005],[-75.089731296999958,40.044758224000077],[-75.08890133899996,40.044378350000045],[-75.088353719999986,40.045572920000041],[-75.087974179999947,40.046396057000038],[-75.087683265999942,40.047149567000076],[-75.086998396999945,40.048626112000079],[-75.086686180999948,40.049294119000081],[-75.086228374999962,40.050069055000051],[-75.086056199999973,40.050881774000061],[-75.086706027999981,40.052242658000068],[-75.08693281799998,40.052788363000047],[-75.086953306999987,40.052968986000053],[-75.086944162999941,40.053201907000073],[-75.086412756999948,40.053873948000046]]]},"properties":{"OBJECTID":38,"NAME":"LAWNDALE","LISTNAME":"Lawndale","MAPNAME":"Lawndale","Shape_Leng":32758.368097999999,"Shape_Length":0.10200005460803459,"Shape_Area":0.00037317103137811326}},{"type":"Feature","id":39,"geometry":{"type":"Polygon","coordinates":[[[-75.081357134999962,40.026316424000072],[-75.081361237999943,40.026318700000047],[-75.082305834999943,40.026817049000044],[-75.082990456999937,40.027232763000029],[-75.084736959999987,40.028246766000052],[-75.085820077999983,40.028880307000065],[-75.08690525999998,40.029461738000066],[-75.086926490999986,40.029472695000038],[-75.087968285999978,40.030013294000071],[-75.088883489999944,40.029514865000067],[-75.089679798999953,40.02908117700008],[-75.090661823999937,40.028545204000068],[-75.091213037999978,40.028244352000058],[-75.091923774999941,40.027856427000074],[-75.092302010999958,40.027649979000046],[-75.093517038999948,40.026986778000037],[-75.094284756999969,40.026567721000049],[-75.095491546999938,40.026272776000042],[-75.096618259999957,40.02637332200004],[-75.097763675999943,40.026821974000029],[-75.098894571999949,40.027642795000077],[-75.099753689999943,40.02819429200008],[-75.100345030999961,40.028573884000025],[-75.100951490999989,40.028963174000069],[-75.101683678999962,40.029433159000064],[-75.103123541999935,40.029789207000078],[-75.104239987999961,40.029735237000068],[-75.104921168999965,40.029531630000065],[-75.106152336999969,40.029163616000062],[-75.107198943999947,40.028818830000034],[-75.108476400999962,40.028397977000054],[-75.110062931999948,40.027875275000042],[-75.111695048999934,40.027440933000037],[-75.112774702999957,40.02727387200008],[-75.112805605999938,40.026939408000032],[-75.112806987999988,40.026931091000051],[-75.112503620999973,40.02590533800003],[-75.112184963999937,40.025791279000032],[-75.111657980999951,40.025770034000061],[-75.111329742999942,40.025558533000037],[-75.111372166999956,40.025227486000063],[-75.111568161999969,40.024628104000044],[-75.111503823999954,40.024355144000026],[-75.111201526999935,40.023207616000036],[-75.111097001999951,40.022810825000079],[-75.110759197999982,40.022501881000039],[-75.11037020599997,40.022282379000046],[-75.109762497999952,40.022202409000045],[-75.109251146999952,40.02211107200003],[-75.108809324999982,40.022269332000064],[-75.108117565999976,40.022707285000024],[-75.10760456099996,40.022904265000079],[-75.107339015999969,40.023254038000061],[-75.10712028599994,40.023393565000049],[-75.106877199999985,40.023361571000066],[-75.106367501999955,40.022981897000079],[-75.105947307999941,40.022902542000054],[-75.105531486999951,40.022943988000065],[-75.105337935999955,40.023110871000029],[-75.105193919999977,40.023476640000069],[-75.104878825999947,40.023627524000062],[-75.104565395999941,40.023490084000059],[-75.104252798999937,40.023208479000061],[-75.104198897999936,40.022888796000075],[-75.103715234999981,40.022392307000075],[-75.103503373999956,40.022220143000027],[-75.103424296999947,40.021873097000025],[-75.103208905999963,40.021435969000038],[-75.103169783999988,40.021190366000042],[-75.103374575999965,40.020832602000041],[-75.103528164999943,40.020564277000062],[-75.103737124999952,40.019485702000054],[-75.104275294999979,40.019316101000072],[-75.104731053999956,40.019376100000045],[-75.105080050999959,40.019494181000027],[-75.105328324999959,40.019502818000035],[-75.105486277999944,40.019355294000036],[-75.105615507999971,40.018915446000051],[-75.105921003999981,40.018667118000053],[-75.106164900999943,40.018554952000045],[-75.107002518999934,40.018304531000069],[-75.10743557099994,40.017904673000032],[-75.107565610999984,40.017320661000042],[-75.107243463999964,40.016716453000072],[-75.107234701999971,40.016700021000077],[-75.106732026999964,40.016429470000048],[-75.105070558999955,40.016306932000077],[-75.103546235999943,40.016130290000035],[-75.102508034999971,40.016017638000051],[-75.10097247799996,40.016031845000043],[-75.100303229999952,40.01608798500007],[-75.099440437999988,40.016310996000072],[-75.098776387999976,40.01634376800007],[-75.098128802999952,40.016162291000057],[-75.097749449999981,40.016040190000069],[-75.097166989999948,40.015987514000074],[-75.095845113999985,40.015715773000068],[-75.094398847999969,40.014787956000077],[-75.094396723999978,40.01478422200006],[-75.094340908999982,40.014802553000038],[-75.09343936099998,40.015034515000025],[-75.092278280999949,40.015296578000061],[-75.091682560999971,40.01592249600003],[-75.090661036999961,40.017010811000034],[-75.089729086999967,40.017978579000044],[-75.089180553999938,40.01852954800006],[-75.088568436999935,40.019165471000065],[-75.087942452999982,40.019855244000041],[-75.086841865999986,40.020967413000051],[-75.086329237999962,40.021461163000026],[-75.08567013399994,40.022095980000074],[-75.084422998999969,40.023349196000026],[-75.083919942999955,40.023897334000026],[-75.083233780999933,40.024621803000059],[-75.082720389999963,40.025133579000055],[-75.081996726999989,40.025780441000052],[-75.081357134999962,40.026316424000072]]]},"properties":{"OBJECTID":39,"NAME":"NORTHWOOD","LISTNAME":"Northwood","MAPNAME":"Northwood","Shape_Leng":27334.122089299999,"Shape_Length":0.089110455151521606,"Shape_Area":0.00027472283306358792}},{"type":"Feature","id":40,"geometry":{"type":"Polygon","coordinates":[[[-75.021138250999968,40.048487114000068],[-75.021908225999937,40.048986274000072],[-75.022699529999954,40.04925456400008],[-75.023418472999936,40.049302957000066],[-75.024113945999943,40.049184661000027],[-75.026194058999977,40.048314810000079],[-75.028763357999935,40.048654681000073],[-75.029615676999981,40.048650571000053],[-75.03058296599994,40.04840461100008],[-75.031494061999979,40.047730587000046],[-75.031814502999964,40.046978447000072],[-75.031828501999939,40.046372726000072],[-75.031517655999949,40.045724047000078],[-75.034265672999936,40.044526018000056],[-75.034407019999946,40.044531108000058],[-75.034358361999978,40.044394920000059],[-75.035126772999945,40.044050593000065],[-75.036486456999967,40.043466486000057],[-75.035665576999975,40.042371691000028],[-75.034836388999963,40.041288777000034],[-75.033426927999983,40.039506263000078],[-75.033398011999964,40.039503079000042],[-75.035583670999983,40.038720654000031],[-75.038031596999986,40.037848087000043],[-75.039563887999975,40.03726802400007],[-75.040627693999966,40.037003132000052],[-75.040639877999979,40.036949636000031],[-75.04054253299995,40.036615279000046],[-75.040033187999938,40.036131321000028],[-75.039466728999969,40.035425814000064],[-75.039045223999949,40.034919614000046],[-75.038641218999942,40.034400766000033],[-75.038153918999967,40.033840772000076],[-75.037732433999963,40.033334567000054],[-75.037329492999959,40.032789621000063],[-75.036942486999976,40.032271167000033],[-75.036539036999955,40.031739264000066],[-75.036034279999967,40.03119190700005],[-75.035758792999957,40.030858915000067],[-75.035629797999945,40.030686095000078],[-75.035176495999963,40.030126891000066],[-75.03473964899996,40.029581132000033],[-75.034367563999979,40.029115259000037],[-75.033980078999946,40.028609843000027],[-75.033509308999953,40.028063278000047],[-75.033105321999983,40.027527946000077],[-75.03279016099998,40.027087062000078],[-75.032741674999954,40.02711658700008],[-75.028979221999975,40.022252919000039],[-75.025348599999973,40.017550305000043],[-75.024070579999943,40.017829901000027],[-75.022645583999974,40.018024897000032],[-75.021209585999941,40.01822289200004],[-75.021114585999953,40.018234891000077],[-75.019988587999933,40.018389887000069],[-75.019643588999941,40.018436886000075],[-75.016669595999986,40.019434876000048],[-75.015219598999977,40.019801871000027],[-75.014085901999977,40.020088237000039],[-75.013774601999955,40.020166866000068],[-75.013235603999988,40.020303865000074],[-75.01241960599998,40.02092586200007],[-75.010367610999936,40.022491855000055],[-75.00385162699996,40.026996831000076],[-75.003348628999959,40.027261829000054],[-75.000615633999985,40.02870082000004],[-74.998163646999956,40.030512818000034],[-74.997112653999977,40.031288818000064],[-74.996195658999966,40.031934818000025],[-74.995379249999985,40.032507487000032],[-74.995884674999957,40.032858800000042],[-74.998940964999974,40.035024107000027],[-75.000305007999941,40.03617382200008],[-75.001026205999949,40.036797683000032],[-75.002505359999986,40.03807714900006],[-75.00361053499995,40.039047956000047],[-75.004836743999988,40.040125036000063],[-75.005556879999972,40.040699439000036],[-75.006332205999968,40.041231948000075],[-75.006872766999948,40.041748304000066],[-75.007860400999959,40.042540814000063],[-75.00867091799995,40.043191179000075],[-75.009591847999957,40.043930118000048],[-75.010920210999984,40.044993117000047],[-75.012243100999967,40.046046921000027],[-75.013485534999973,40.047053559000062],[-75.014102073999936,40.047464129000048],[-75.014106981999987,40.047472338000034],[-75.014905233999968,40.046885026000041],[-75.015778145999946,40.046222070000056],[-75.016456565999988,40.045712012000024],[-75.017381189999981,40.044940176000068],[-75.017527042999973,40.044836951000036],[-75.018299905999982,40.044269259000032],[-75.018460737999987,40.044151121000027],[-75.019474650999939,40.043626532000076],[-75.020663485999989,40.043575649000047],[-75.020731743999988,40.043572728000072],[-75.021798745999945,40.043685034000077],[-75.021651298999984,40.044161713000051],[-75.021475283999962,40.044675896000058],[-75.02123101799998,40.045087573000046],[-75.02073016199995,40.045558765000067],[-75.020081642999969,40.046010413000033],[-75.020008478999955,40.046608316000061],[-75.020103310999957,40.047134977000042],[-75.020433415999946,40.047832988000039],[-75.021138250999968,40.048487114000068]]]},"properties":{"OBJECTID":40,"NAME":"HOLMESBURG","LISTNAME":"Holmesburg","MAPNAME":"Holmesburg","Shape_Leng":40376.277535300011,"Shape_Length":0.12922378315506808,"Shape_Area":0.00082410391071570692}},{"type":"Feature","id":41,"geometry":{"type":"Polygon","coordinates":[[[-75.068846717999975,40.008594305000031],[-75.069055147999961,40.009278078000079],[-75.069283945999985,40.010095135000029],[-75.069529818999968,40.01079958300005],[-75.069956659999946,40.012031028000081],[-75.070410893999963,40.013176286000032],[-75.071058939999944,40.014875936000067],[-75.071655472999964,40.016443458000026],[-75.072202550999975,40.017826532000072],[-75.072635554999977,40.018936372000042],[-75.073356591999982,40.019651432000046],[-75.074929317999988,40.021512259000076],[-75.076025046999973,40.022515330000033],[-75.076835605999975,40.023262804000069],[-75.076868488999935,40.023293128000034],[-75.076890506999973,40.023610587000064],[-75.07699976899994,40.023674098000072],[-75.077287238999986,40.023853827000039],[-75.077522694999971,40.024001036000072],[-75.077698134999935,40.024110721000056],[-75.077877371999989,40.02422277900007],[-75.078068886999972,40.024342513000079],[-75.078229951999958,40.024443208000037],[-75.078468802999964,40.024592535000068],[-75.078669609999963,40.024718076000056],[-75.078870416999962,40.024843616000055],[-75.079048785999987,40.024955127000055],[-75.079342879999956,40.02514965000006],[-75.080026553999971,40.02554049400004],[-75.081357134999962,40.026316424000072],[-75.081996726999989,40.025780441000052],[-75.082720389999963,40.025133579000055],[-75.083233780999933,40.024621803000059],[-75.083919942999955,40.023897334000026],[-75.084422998999969,40.023349196000026],[-75.08567013399994,40.022095980000074],[-75.086329237999962,40.021461163000026],[-75.086841865999986,40.020967413000051],[-75.087942452999982,40.019855244000041],[-75.088568436999935,40.019165471000065],[-75.089180553999938,40.01852954800006],[-75.089729086999967,40.017978579000044],[-75.090661036999961,40.017010811000034],[-75.091682560999971,40.01592249600003],[-75.092278280999949,40.015296578000061],[-75.09343936099998,40.015034515000025],[-75.094340908999982,40.014802553000038],[-75.094396723999978,40.01478422200006],[-75.093478579999953,40.013170072000037],[-75.093462873999954,40.012773562000064],[-75.094390803999943,40.011402512000075],[-75.095090477999975,40.010278271000061],[-75.095052952999936,40.009641166000051],[-75.094645115999981,40.009315901000036],[-75.093613132999963,40.008761463000042],[-75.09298591999999,40.008325264000064],[-75.092636531999972,40.008001357000069],[-75.092170961999955,40.007523205000041],[-75.092099897999958,40.007166509000058],[-75.092321359999971,40.006848362000028],[-75.09284200899998,40.006268620000071],[-75.092906351999943,40.00611501000003],[-75.092762566999966,40.005679265000026],[-75.092510149999953,40.005460757000037],[-75.092494134999981,40.005446231000064],[-75.091733681999983,40.004756386000054],[-75.09070651899998,40.004366298000036],[-75.09024253299998,40.004215091000049],[-75.09022929799994,40.004210778000072],[-75.090205023999943,40.004200181000044],[-75.089241431999938,40.003779544000054],[-75.088414874999955,40.003300096000032],[-75.087988645999985,40.002780794000046],[-75.087545710999962,40.001796174000049],[-75.087475511999969,40.001300650000076],[-75.087479692999977,40.000606530000027],[-75.087108645999933,39.999839784000073],[-75.086380408999958,39.998936631000049],[-75.086053880999941,39.999107446000039],[-75.079554458999951,40.002525369000068],[-75.077510021999956,40.004131327000039],[-75.07690389399994,40.004757299000062],[-75.076437466999948,40.005038249000052],[-75.075732078999977,40.005605444000025],[-75.074870554999961,40.006330095000067],[-75.072597565999956,40.008118342000046],[-75.068874477999941,40.008582333000049],[-75.068866635999939,40.008552511000062],[-75.068846717999975,40.008594305000031]]]},"properties":{"OBJECTID":41,"NAME":"FRANKFORD","LISTNAME":"Frankford","MAPNAME":"Frankford","Shape_Leng":26646.606393900001,"Shape_Length":0.082431670536892612,"Shape_Area":0.00040526093120588465}},{"type":"Feature","id":42,"geometry":{"type":"Polygon","coordinates":[[[-75.034407019999946,40.044531108000058],[-75.034892013999979,40.044548574000032],[-75.035706504999951,40.04465461500007],[-75.036470885999961,40.044954750000045],[-75.036936945999969,40.045302078000077],[-75.037277816999961,40.045603053000036],[-75.037737148999952,40.045765786000061],[-75.038467907999973,40.04584813200006],[-75.039046564999978,40.045850942000072],[-75.039518274999978,40.046057356000063],[-75.039832252999986,40.046325140000079],[-75.03985854299998,40.046727174000068],[-75.040011761999949,40.047132203000047],[-75.040419709999981,40.047521542000027],[-75.04084998899998,40.047705274000066],[-75.041465562999974,40.04784455500004],[-75.042171169999961,40.047850341000071],[-75.042185704999952,40.047839834000058],[-75.042858083999988,40.047617003000028],[-75.043456215999981,40.04713204400008],[-75.043664903999968,40.046854886000062],[-75.044250487999989,40.04668424700003],[-75.045245059999957,40.046523237000031],[-75.047058044999972,40.046370630000069],[-75.047783783999989,40.046224970000026],[-75.049566122999977,40.046841879000056],[-75.051300938999987,40.047109097000032],[-75.051640577999933,40.047157730000038],[-75.054414398999938,40.044507415000055],[-75.061319413999968,40.038016079000045],[-75.061814883999944,40.037494301000038],[-75.062151057999984,40.037305661000062],[-75.062450741999953,40.037116167000079],[-75.062824511999963,40.036900334000052],[-75.063230321999981,40.036797537000041],[-75.063601865999942,40.036637793000068],[-75.064260821999937,40.036452854000061],[-75.064334193999969,40.036475577000033],[-75.065185671999984,40.036277296000037],[-75.066954446999944,40.035865384000033],[-75.06827973999998,40.035556729000064],[-75.069444637999936,40.035285414000043],[-75.071231644999955,40.034869178000065],[-75.072239492999984,40.034639102000028],[-75.073325504999957,40.034391337000045],[-75.074621578999938,40.034095630000024],[-75.075297159999934,40.033938912000053],[-75.076100698999937,40.033752505000052],[-75.077004877999968,40.033542743000055],[-75.078130209999983,40.033281663000025],[-75.079557139999963,40.032950593000066],[-75.081072440999947,40.032604014000071],[-75.082115446999978,40.032373179000047],[-75.082883289999984,40.032203236000043],[-75.084108187999959,40.031932122000057],[-75.084665676999975,40.031744733000039],[-75.084682708999935,40.03175453700004],[-75.084760779999954,40.031680216000041],[-75.085321937999936,40.031463600000052],[-75.086119304999954,40.031026583000028],[-75.086624471999983,40.03074970800003],[-75.08720815099997,40.030429795000032],[-75.087968285999978,40.030013294000071],[-75.086926490999986,40.029472695000038],[-75.08690525999998,40.029461738000066],[-75.085820077999983,40.028880307000065],[-75.084736959999987,40.028246766000052],[-75.082990456999937,40.027232763000029],[-75.082305834999943,40.026817049000044],[-75.081361237999943,40.026318700000047],[-75.081357134999962,40.026316424000072],[-75.080026553999971,40.02554049400004],[-75.079342879999956,40.02514965000006],[-75.079048785999987,40.024955127000055],[-75.078870416999962,40.024843616000055],[-75.078669609999963,40.024718076000056],[-75.078468802999964,40.024592535000068],[-75.078229951999958,40.024443208000037],[-75.078068886999972,40.024342513000079],[-75.077877371999989,40.02422277900007],[-75.077698134999935,40.024110721000056],[-75.077522694999971,40.024001036000072],[-75.077287238999986,40.023853827000039],[-75.07699976899994,40.023674098000072],[-75.076890506999973,40.023610587000064],[-75.076868488999935,40.023293128000034],[-75.076835605999975,40.023262804000069],[-75.076732238999966,40.023332571000026],[-75.076520125999934,40.023474733000057],[-75.076190246999943,40.023695823000025],[-75.075946746999989,40.023862041000029],[-75.075685285999953,40.024018216000059],[-75.075195106999956,40.024311008000041],[-75.074836459999972,40.024525228000073],[-75.074801656999966,40.024546017000034],[-75.074527492999948,40.02470977400003],[-75.073344420999945,40.025415858000031],[-75.067952112999933,40.026592686000072],[-75.065538014999959,40.027083894000043],[-75.065067223999961,40.027107843000067],[-75.062492053999961,40.027455405000069],[-75.06201803099998,40.027560824000034],[-75.060140531999934,40.027895534000038],[-75.059225526999967,40.028037218000065],[-75.058548640999959,40.028289340000072],[-75.057904689999987,40.028535023000074],[-75.057886893999978,40.028541813000061],[-75.057194394999954,40.028805212000066],[-75.056682215999956,40.029107790000069],[-75.056121367999936,40.029490785000064],[-75.055680732999974,40.029899902000068],[-75.055461337999986,40.030081178000046],[-75.055242865999958,40.030239172000051],[-75.054833433999988,40.030625715000042],[-75.053987037999946,40.03129481600007],[-75.053448440999944,40.031595592000031],[-75.053116762999935,40.031682068000066],[-75.051006143999984,40.03234788900005],[-75.048520682999936,40.032958028000053],[-75.046883400999945,40.033697050000058],[-75.045862217999968,40.034224546000075],[-75.045012300999986,40.03466356000007],[-75.044674962999977,40.034837804000063],[-75.044122419999951,40.035162860000071],[-75.043264993999969,40.035587131000057],[-75.042471699999965,40.03599498300008],[-75.041782269999942,40.036331880000034],[-75.040975688999936,40.036780400000055],[-75.040645369999936,40.036968496000043],[-75.040639877999979,40.036949636000031],[-75.040627693999966,40.037003132000052],[-75.039563887999975,40.03726802400007],[-75.038031596999986,40.037848087000043],[-75.035583670999983,40.038720654000031],[-75.033398011999964,40.039503079000042],[-75.033426927999983,40.039506263000078],[-75.034836388999963,40.041288777000034],[-75.035665576999975,40.042371691000028],[-75.036486456999967,40.043466486000057],[-75.035126772999945,40.044050593000065],[-75.034358361999978,40.044394920000059],[-75.034407019999946,40.044531108000058]]]},"properties":{"OBJECTID":42,"NAME":"MAYFAIR","LISTNAME":"Mayfair","MAPNAME":"Mayfair","Shape_Leng":38261.575206300011,"Shape_Length":0.12819940445274652,"Shape_Area":0.00051146426897869413}},{"type":"Feature","id":43,"geometry":{"type":"Polygon","coordinates":[[[-75.033105321999983,40.027527946000077],[-75.033509308999953,40.028063278000047],[-75.033980078999946,40.028609843000027],[-75.034367563999979,40.029115259000037],[-75.03473964899996,40.029581132000033],[-75.035176495999963,40.030126891000066],[-75.035629797999945,40.030686095000078],[-75.035758792999957,40.030858915000067],[-75.036034279999967,40.03119190700005],[-75.036539036999955,40.031739264000066],[-75.036942486999976,40.032271167000033],[-75.037329492999959,40.032789621000063],[-75.037732433999963,40.033334567000054],[-75.038153918999967,40.033840772000076],[-75.038641218999942,40.034400766000033],[-75.039045223999949,40.034919614000046],[-75.039466728999969,40.035425814000064],[-75.040033187999938,40.036131321000028],[-75.04054253299995,40.036615279000046],[-75.040639877999979,40.036949636000031],[-75.040645369999936,40.036968496000043],[-75.040975688999936,40.036780400000055],[-75.041782269999942,40.036331880000034],[-75.042471699999965,40.03599498300008],[-75.043264993999969,40.035587131000057],[-75.044122419999951,40.035162860000071],[-75.044674962999977,40.034837804000063],[-75.045012300999986,40.03466356000007],[-75.045862217999968,40.034224546000075],[-75.046883400999945,40.033697050000058],[-75.048520682999936,40.032958028000053],[-75.051006143999984,40.03234788900005],[-75.053116762999935,40.031682068000066],[-75.053448440999944,40.031595592000031],[-75.053987037999946,40.03129481600007],[-75.054833433999988,40.030625715000042],[-75.055242865999958,40.030239172000051],[-75.055461337999986,40.030081178000046],[-75.055680732999974,40.029899902000068],[-75.056121367999936,40.029490785000064],[-75.056682215999956,40.029107790000069],[-75.057194394999954,40.028805212000066],[-75.057886893999978,40.028541813000061],[-75.057904689999987,40.028535023000074],[-75.057899131999989,40.028523680000035],[-75.056833560999962,40.027315145000046],[-75.05537198899998,40.025677504000043],[-75.054520544999946,40.024649226000065],[-75.052936769999974,40.022843388000069],[-75.050887526999986,40.020580290000055],[-75.050004652999974,40.019534707000048],[-75.049109753999971,40.018521892000081],[-75.048531360999959,40.017929753000033],[-75.050555773999974,40.016895483000042],[-75.052613931999986,40.015843903000075],[-75.054180555999949,40.015041276000034],[-75.056128531999946,40.014043216000061],[-75.054677659999982,40.012345339000035],[-75.053259404999949,40.01073094000003],[-75.050267921999989,40.007411403000049],[-75.049998952999943,40.007143540000072],[-75.049900511999965,40.00721799300004],[-75.048376143999974,40.008693664000077],[-75.047116522999943,40.00991298200006],[-75.047088522999957,40.009941982000043],[-75.044876529999954,40.011196974000029],[-75.043227533999982,40.011889968000048],[-75.043048534999969,40.01196496700004],[-75.042968534999943,40.011998967000068],[-75.042887534999977,40.012032966000049],[-75.041265538999937,40.012714961000029],[-75.038387546999957,40.013793950000036],[-75.038285546999987,40.013831950000053],[-75.036167039999953,40.014553487000057],[-75.035205553999958,40.014880939000079],[-75.034214556999984,40.015219936000051],[-75.033590338999943,40.01538589200004],[-75.031912562999935,40.015831928000068],[-75.031369563999988,40.015976926000064],[-75.030936564999934,40.016092924000077],[-75.030581564999977,40.016194924000047],[-75.029798567999933,40.016419921000079],[-75.027498572999946,40.017079913000032],[-75.025348599999973,40.017550305000043],[-75.028979221999975,40.022252919000039],[-75.032741674999954,40.02711658700008],[-75.03279016099998,40.027087062000078],[-75.033105321999983,40.027527946000077]]]},"properties":{"OBJECTID":43,"NAME":"TACONY","LISTNAME":"Tacony","MAPNAME":"Tacony","Shape_Leng":32404.997788799999,"Shape_Length":0.10328866566901541,"Shape_Area":0.00048935084445523886}},{"type":"Feature","id":44,"geometry":{"type":"Polygon","coordinates":[[[-75.049998952999943,40.007143540000072],[-75.050267921999989,40.007411403000049],[-75.053259404999949,40.01073094000003],[-75.054677659999982,40.012345339000035],[-75.056128531999946,40.014043216000061],[-75.054180555999949,40.015041276000034],[-75.052613931999986,40.015843903000075],[-75.050555773999974,40.016895483000042],[-75.048531360999959,40.017929753000033],[-75.049109753999971,40.018521892000081],[-75.050004652999974,40.019534707000048],[-75.050887526999986,40.020580290000055],[-75.052936769999974,40.022843388000069],[-75.054520544999946,40.024649226000065],[-75.05537198899998,40.025677504000043],[-75.056833560999962,40.027315145000046],[-75.057899131999989,40.028523680000035],[-75.057904689999987,40.028535023000074],[-75.058548640999959,40.028289340000072],[-75.059225526999967,40.028037218000065],[-75.060140531999934,40.027895534000038],[-75.06201803099998,40.027560824000034],[-75.062492053999961,40.027455405000069],[-75.065067223999961,40.027107843000067],[-75.065538014999959,40.027083894000043],[-75.067952112999933,40.026592686000072],[-75.073344420999945,40.025415858000031],[-75.074527492999948,40.02470977400003],[-75.074801656999966,40.024546017000034],[-75.074836459999972,40.024525228000073],[-75.075195106999956,40.024311008000041],[-75.075685285999953,40.024018216000059],[-75.075946746999989,40.023862041000029],[-75.076190246999943,40.023695823000025],[-75.076520125999934,40.023474733000057],[-75.076732238999966,40.023332571000026],[-75.076835605999975,40.023262804000069],[-75.076025046999973,40.022515330000033],[-75.074929317999988,40.021512259000076],[-75.073356591999982,40.019651432000046],[-75.072635554999977,40.018936372000042],[-75.072202550999975,40.017826532000072],[-75.071655472999964,40.016443458000026],[-75.071058939999944,40.014875936000067],[-75.070410893999963,40.013176286000032],[-75.069956659999946,40.012031028000081],[-75.069529818999968,40.01079958300005],[-75.069283945999985,40.010095135000029],[-75.069055147999961,40.009278078000079],[-75.068846717999975,40.008594305000031],[-75.068866635999939,40.008552511000062],[-75.068543771999941,40.00732467000006],[-75.068336960999943,40.00692622400004],[-75.067729844999974,40.005402759000049],[-75.067648556999984,40.005198774000064],[-75.067311471999972,40.005358755000032],[-75.065537078999967,40.006001429000037],[-75.064669565999964,40.005982656000072],[-75.063439165999966,40.005915959000049],[-75.062742715999946,40.005967639000062],[-75.061709020999956,40.006693000000041],[-75.054484386999945,40.003651966000064],[-75.054077828999937,40.003494656000044],[-75.054028496999933,40.003573010000025],[-75.053710498999976,40.004079009000066],[-75.053403500999934,40.004569007000043],[-75.052223504999972,40.00546100300005],[-75.049998952999943,40.007143540000072]]]},"properties":{"OBJECTID":44,"NAME":"WISSINOMING","LISTNAME":"Wissinoming","MAPNAME":"Wissinoming","Shape_Leng":29226.474499200001,"Shape_Length":0.09262322344082638,"Shape_Area":0.00041517264389223635}},{"type":"Feature","id":45,"geometry":{"type":"Polygon","coordinates":[[[-75.233081353999978,40.070567405000077],[-75.231992799999944,40.071314375000043],[-75.230708779999986,40.071836245000043],[-75.229125020999959,40.071986190000075],[-75.229104656999937,40.072014937000063],[-75.228536283999972,40.072389687000054],[-75.228401347999977,40.07328472100005],[-75.229386507999948,40.074126239000066],[-75.229267538999977,40.074592148000079],[-75.230605345999948,40.076885986000036],[-75.228539187999957,40.077891567000052],[-75.225934735999942,40.078995071000065],[-75.225943583999936,40.079195940000034],[-75.227087409999967,40.080707305000033],[-75.227485944999955,40.081186384000034],[-75.227816227999938,40.08145509600007],[-75.228461985999957,40.08177001100006],[-75.229059455999959,40.081993073000035],[-75.229497488999982,40.082133192000072],[-75.230359429999965,40.082396092000067],[-75.230865166999934,40.082503644000042],[-75.23155143799994,40.082722964000027],[-75.232481734999965,40.083134881000035],[-75.232955649999951,40.083502752000072],[-75.233065640999939,40.083582768000042],[-75.235522491999973,40.081156452000073],[-75.235462492999943,40.081130452000025],[-75.236075488999973,40.080577454000036],[-75.236207487999934,40.080443455000079],[-75.236660484999959,40.079986457000075],[-75.237146482999947,40.079494460000035],[-75.237688479999974,40.078969462000032],[-75.238086477999957,40.078573464000044],[-75.238195476999977,40.078465465000079],[-75.239347469999984,40.077310470000043],[-75.239630468999962,40.077036472000032],[-75.239982465999958,40.076717473000031],[-75.240119465999953,40.076593473000059],[-75.240380463999941,40.076337475000059],[-75.240656461999947,40.076041477000047],[-75.240867460999937,40.075831477000065],[-75.24094046099998,40.075759478000066],[-75.241275457999961,40.075447479000047],[-75.243131446999939,40.073629489000041],[-75.243212446999962,40.073559489000047],[-75.243227495999975,40.073546474000068],[-75.243181580999988,40.073486924000065],[-75.242317602999947,40.072306774000026],[-75.241589934999979,40.071249504000036],[-75.241052588999935,40.070389409000029],[-75.240841199999977,40.069798319000029],[-75.240320930999985,40.068385933000059],[-75.240083441999957,40.067354415000068],[-75.239932260999979,40.066117707000046],[-75.239814871999954,40.065157414000055],[-75.239666962999934,40.063997524000058],[-75.238540975999967,40.063199094000026],[-75.237859886999956,40.062689060000025],[-75.237241270999959,40.062225799000032],[-75.236257565999949,40.061308275000044],[-75.236201851999965,40.061095274000024],[-75.235555630999954,40.061527660000024],[-75.234946396999987,40.061935291000054],[-75.234165952999945,40.062457463000044],[-75.232636023999987,40.063481057000047],[-75.231733935999955,40.064084570000034],[-75.230591579999953,40.06354129500005],[-75.229589464999947,40.063068221000037],[-75.228246621999972,40.062409961000071],[-75.226829281999983,40.061845312000059],[-75.226036405999935,40.062129267000046],[-75.225930501999983,40.06210638400006],[-75.225963372999956,40.062143702000071],[-75.224882710999964,40.062619897000047],[-75.224736955999958,40.063872921000041],[-75.224758669999972,40.064654265000058],[-75.225302664999958,40.065056650000031],[-75.226561869999955,40.065357612000071],[-75.226505286999952,40.065512542000079],[-75.226091825999958,40.065698678000047],[-75.225467998999989,40.066075407000028],[-75.224675850999972,40.066877910000073],[-75.228713285999959,40.070363325000073],[-75.229311025999948,40.070688783000037],[-75.22971145799994,40.070853739000029],[-75.23195588599998,40.070629636000035],[-75.232557703999987,40.070120360000033],[-75.233081353999978,40.070567405000077]]]},"properties":{"OBJECTID":45,"NAME":"ANDORRA","LISTNAME":"Andorra","MAPNAME":"Andorra","Shape_Leng":26469.7742884,"Shape_Length":0.083304259690748936,"Shape_Area":0.00024049030980198669}},{"type":"Feature","id":46,"geometry":{"type":"Polygon","coordinates":[[[-75.236257565999949,40.061308275000044],[-75.237241270999959,40.062225799000032],[-75.237859886999956,40.062689060000025],[-75.238540975999967,40.063199094000026],[-75.239666962999934,40.063997524000058],[-75.239814871999954,40.065157414000055],[-75.239932260999979,40.066117707000046],[-75.240083441999957,40.067354415000068],[-75.240320930999985,40.068385933000059],[-75.240841199999977,40.069798319000029],[-75.241052588999935,40.070389409000029],[-75.241589934999979,40.071249504000036],[-75.242317602999947,40.072306774000026],[-75.243181580999988,40.073486924000065],[-75.243227495999975,40.073546474000068],[-75.243286446999946,40.073495490000028],[-75.243456445999982,40.073335490000034],[-75.245855431999985,40.071128502000079],[-75.254341397999951,40.063314522000042],[-75.254916395999942,40.062786522000067],[-75.255004394999958,40.062705522000044],[-75.256681391999962,40.06116452200007],[-75.256705391999958,40.061143522000066],[-75.260549382999955,40.057604522000076],[-75.26322937599997,40.055137522000052],[-75.263238375999947,40.055129521000026],[-75.263440375999949,40.054942522000033],[-75.263517376999971,40.05487252100005],[-75.263594374999968,40.05481152200008],[-75.263809374999937,40.054603521000047],[-75.263858374999984,40.054558522000036],[-75.264429374999963,40.054095522000068],[-75.264425095999968,40.054091155000037],[-75.262675361999982,40.05230552900008],[-75.261095348999959,40.050672535000047],[-75.259619337999936,40.049239541000077],[-75.259587271999976,40.04921300500007],[-75.257653324999978,40.047612549000064],[-75.255891313999939,40.046498554000038],[-75.255096310999988,40.046123557000044],[-75.254676307999944,40.045925558000079],[-75.254316306999954,40.045756560000029],[-75.254224305999969,40.045690560000025],[-75.25288029799998,40.044734565000056],[-75.251543677999962,40.043698502000041],[-75.250857318999977,40.044123065000065],[-75.249903666999955,40.044705285000077],[-75.248700922999944,40.045955055000036],[-75.247712365999973,40.046982219000029],[-75.246802559999935,40.048458175000064],[-75.245578987999977,40.049365176000038],[-75.243748680999943,40.049915946000056],[-75.241082483999946,40.050943852000046],[-75.238599551999982,40.052042395000058],[-75.237266735999981,40.052546777000032],[-75.236260297999934,40.052725984000062],[-75.236353098999984,40.051731258000075],[-75.236179648999951,40.050804957000025],[-75.235762333999958,40.04960721100008],[-75.235446565999951,40.048784235000028],[-75.234821691999969,40.047581941000033],[-75.232944733999943,40.045908698000062],[-75.232039788999941,40.045318418000079],[-75.231170045999988,40.044902935000039],[-75.22903826299995,40.044190895000042],[-75.227412600999969,40.043214953000074],[-75.22626603599997,40.042391440000074],[-75.225574818999974,40.041737589000036],[-75.224396040999977,40.040230337000025],[-75.223803049999958,40.039418969000053],[-75.223397106999982,40.038910072000078],[-75.222227223999937,40.039976898000077],[-75.221775182999977,40.040896496000073],[-75.220970960999978,40.041825239000048],[-75.220447371999967,40.042303833000062],[-75.219720992999953,40.042913166000062],[-75.218847097999969,40.043350235000048],[-75.217788677999977,40.043428310000024],[-75.217610387999969,40.043416695000076],[-75.217666913999949,40.043582642000047],[-75.217729682999959,40.043809051000039],[-75.21784809899998,40.044352809000031],[-75.217842284999961,40.046082734000038],[-75.21787220799996,40.047122332000072],[-75.218150048999973,40.048215223000057],[-75.219772334999959,40.049107741000057],[-75.223285386999976,40.050715220000029],[-75.22528979599997,40.051659720000032],[-75.227164628999958,40.05254310600003],[-75.228134854999951,40.052889562000075],[-75.228801354999973,40.053056233000063],[-75.229877924999982,40.053262305000032],[-75.230419488999985,40.053383654000072],[-75.230981393999969,40.053596672000026],[-75.231225151999979,40.053712975000053],[-75.229822541999965,40.054423827000051],[-75.229391267999972,40.054642394000041],[-75.228794350999976,40.054945545000066],[-75.228650573999971,40.055020694000063],[-75.229368630999943,40.055824011000027],[-75.227934749999974,40.056431365000037],[-75.228747857999963,40.056628240000066],[-75.227783618999979,40.057115281000051],[-75.229865527999948,40.059724757000026],[-75.229601590999948,40.059841583000036],[-75.228290350999941,40.060480962000042],[-75.227339418999975,40.059259021000059],[-75.226518160999944,40.058697911000024],[-75.225366464999979,40.058161768000048],[-75.223365827999942,40.059194478000052],[-75.225930501999983,40.06210638400006],[-75.226036405999935,40.062129267000046],[-75.226829281999983,40.061845312000059],[-75.228246621999972,40.062409961000071],[-75.229589464999947,40.063068221000037],[-75.230591579999953,40.06354129500005],[-75.231733935999955,40.064084570000034],[-75.232636023999987,40.063481057000047],[-75.234165952999945,40.062457463000044],[-75.234946396999987,40.061935291000054],[-75.235555630999954,40.061527660000024],[-75.236201851999965,40.061095274000024],[-75.236257565999949,40.061308275000044]]]},"properties":{"OBJECTID":46,"NAME":"UPPER_ROXBOROUGH","LISTNAME":"Upper Roxborough","MAPNAME":"Upper Roxborough","Shape_Leng":50882.081407500002,"Shape_Length":0.15978277597338189,"Shape_Area":0.00067443253856205279}},{"type":"Feature","id":47,"geometry":{"type":"Polygon","coordinates":[[[-75.241085017999978,40.037135886000044],[-75.240091983999946,40.038571827000055],[-75.239376283999945,40.039501367000071],[-75.238725289999934,40.040253500000063],[-75.237734569999986,40.042326566000042],[-75.237572840999974,40.042655120000063],[-75.236524691999989,40.043360234000033],[-75.234950455999979,40.04404760500006],[-75.234080817999939,40.044427306000046],[-75.232039788999941,40.045318418000079],[-75.232944733999943,40.045908698000062],[-75.234821691999969,40.047581941000033],[-75.235446565999951,40.048784235000028],[-75.235762333999958,40.04960721100008],[-75.236179648999951,40.050804957000025],[-75.236353098999984,40.051731258000075],[-75.236260297999934,40.052725984000062],[-75.237266735999981,40.052546777000032],[-75.238599551999982,40.052042395000058],[-75.241082483999946,40.050943852000046],[-75.243748680999943,40.049915946000056],[-75.245578987999977,40.049365176000038],[-75.246802559999935,40.048458175000064],[-75.247712365999973,40.046982219000029],[-75.248700922999944,40.045955055000036],[-75.249903666999955,40.044705285000077],[-75.250857318999977,40.044123065000065],[-75.251543677999962,40.043698502000041],[-75.251359287999946,40.04355557000008],[-75.251296286999946,40.043506570000034],[-75.251220286999967,40.043448570000066],[-75.250984284999959,40.043264572000055],[-75.250332279999952,40.042790574000037],[-75.24934727699997,40.042074575000072],[-75.249179276999939,40.041952574000049],[-75.249037276999957,40.041849574000025],[-75.247917271999938,40.040763573000049],[-75.247320269999989,40.040097572000036],[-75.24699826799997,40.03973957200003],[-75.246672264999972,40.039169572000048],[-75.246564457999966,40.038981768000042],[-75.246168261999969,40.038291573000038],[-75.245901260999972,40.037997572000052],[-75.245834301999935,40.037922710000032],[-75.245596259999957,40.03765657200006],[-75.245108258999949,40.037259572000039],[-75.244306257999938,40.036744570000053],[-75.243353256999967,40.036351568000043],[-75.243238256999973,40.036302568000053],[-75.243032256999982,40.036218567000049],[-75.242206710999938,40.035708102000058],[-75.241085017999978,40.037135886000044]]]},"properties":{"OBJECTID":47,"NAME":"DEARNLEY_PARK","LISTNAME":"Dearnley Park","MAPNAME":"Dearnley Park","Shape_Leng":17330.8420224,"Shape_Length":0.054369842631312747,"Shape_Area":0.00015899203833513918}},{"type":"Feature","id":48,"geometry":{"type":"Polygon","coordinates":[[[-75.233712788999981,40.035921200000075],[-75.232660701999976,40.036837247000051],[-75.230797186999951,40.038475958000049],[-75.229732319999982,40.039446343000066],[-75.22943133299998,40.039705670000046],[-75.228114034999976,40.04085245400006],[-75.227343077999933,40.041507352000053],[-75.22626603599997,40.042391440000074],[-75.227412600999969,40.043214953000074],[-75.22903826299995,40.044190895000042],[-75.231170045999988,40.044902935000039],[-75.232039788999941,40.045318418000079],[-75.234080817999939,40.044427306000046],[-75.234950455999979,40.04404760500006],[-75.236524691999989,40.043360234000033],[-75.237572840999974,40.042655120000063],[-75.237734569999986,40.042326566000042],[-75.238725289999934,40.040253500000063],[-75.239376283999945,40.039501367000071],[-75.240091983999946,40.038571827000055],[-75.241085017999978,40.037135886000044],[-75.242206710999938,40.035708102000058],[-75.242094254999984,40.035638566000046],[-75.241491252999936,40.035142565000058],[-75.241285251999955,40.034802565000064],[-75.241247251999937,40.034753565000074],[-75.241209251999976,40.03470356400004],[-75.24114825099997,40.034631564000051],[-75.241087250999954,40.034558564000065],[-75.241056250999975,40.034520565000037],[-75.240957249999951,40.03439856500006],[-75.240866249999954,40.034280564000028],[-75.240805248999948,40.034219564000068],[-75.24075124999996,40.034162565000031],[-75.240278247999981,40.033750564000059],[-75.239806246999933,40.033338563000029],[-75.23929424499994,40.032891562000032],[-75.239020151999966,40.032721366000033],[-75.236605107999935,40.034320305000051],[-75.236151369999959,40.034772255000064],[-75.235396681999987,40.035483548000059],[-75.234871594999959,40.034912191000046],[-75.233712788999981,40.035921200000075]]]},"properties":{"OBJECTID":48,"NAME":"ROXBOROUGH_PARK","LISTNAME":"Roxborough Park","MAPNAME":"Roxborough Park","Shape_Leng":13388.15641,"Shape_Length":0.042222859133657337,"Shape_Area":9.5072854172448037e-05}},{"type":"Feature","id":49,"geometry":{"type":"Polygon","coordinates":[[[-75.227201249999951,40.035264712000071],[-75.226729585999976,40.035769271000049],[-75.226025715999981,40.036461781000071],[-75.225729609999973,40.036769251000067],[-75.22518411599998,40.037027723000051],[-75.224432735999983,40.037365272000045],[-75.222811151999963,40.038121115000081],[-75.223161507999976,40.038578882000024],[-75.223273569999947,40.038742955000032],[-75.223397106999982,40.038910072000078],[-75.223803049999958,40.039418969000053],[-75.224396040999977,40.040230337000025],[-75.225574818999974,40.041737589000036],[-75.22626603599997,40.042391440000074],[-75.227343077999933,40.041507352000053],[-75.228114034999976,40.04085245400006],[-75.22943133299998,40.039705670000046],[-75.229732319999982,40.039446343000066],[-75.230797186999951,40.038475958000049],[-75.232660701999976,40.036837247000051],[-75.233712788999981,40.035921200000075],[-75.234871594999959,40.034912191000046],[-75.235396681999987,40.035483548000059],[-75.236151369999959,40.034772255000064],[-75.236605107999935,40.034320305000051],[-75.239020151999966,40.032721366000033],[-75.238492243999985,40.032393561000049],[-75.238066242999935,40.032128560000046],[-75.237760243999958,40.031935560000079],[-75.237036241999988,40.031484558000045],[-75.235282360999975,40.030361060000075],[-75.234283722999976,40.03085881800007],[-75.233646147999934,40.031532350000077],[-75.233532881999963,40.031652002000044],[-75.233408004999944,40.031575638000049],[-75.233408004999944,40.031575638000049],[-75.232472883999947,40.032435758000076],[-75.231806339999935,40.032761662000041],[-75.231031494999968,40.033104733000073],[-75.22875548199994,40.034382260000029],[-75.227201249999951,40.035264712000071]]]},"properties":{"OBJECTID":49,"NAME":"GERMANY_HILL","LISTNAME":"Germany Hill","MAPNAME":"Germany Hill","Shape_Leng":13041.9390872,"Shape_Length":0.041610026110376799,"Shape_Area":6.7660926418019337e-05}},{"type":"Feature","id":50,"geometry":{"type":"Polygon","coordinates":[[[-75.223397106999982,40.038910072000078],[-75.223273569999947,40.038742955000032],[-75.223161507999976,40.038578882000024],[-75.222811151999963,40.038121115000081],[-75.221785434999958,40.037692310000068],[-75.221295891999944,40.037528145000067],[-75.220671909999965,40.037313495000035],[-75.219961986999976,40.037628498000061],[-75.218096917999958,40.038428522000061],[-75.216364332999945,40.039171672000066],[-75.214570974999958,40.039945127000067],[-75.214429635999977,40.040018073000056],[-75.214113499999939,40.040133309000055],[-75.21575981999996,40.041253846000075],[-75.216240312999957,40.041619935000028],[-75.216459544999964,40.041798394000068],[-75.216696697999964,40.04201648600008],[-75.216925039999978,40.042258710000056],[-75.217158568999935,40.042574028000047],[-75.217338340999959,40.042845589000081],[-75.217471810999939,40.043085719000032],[-75.217610387999969,40.043416695000076],[-75.217788677999977,40.043428310000024],[-75.218847097999969,40.043350235000048],[-75.219720992999953,40.042913166000062],[-75.220447371999967,40.042303833000062],[-75.220970960999978,40.041825239000048],[-75.221775182999977,40.040896496000073],[-75.222227223999937,40.039976898000077],[-75.223397106999982,40.038910072000078]]]},"properties":{"OBJECTID":50,"NAME":"WISSAHICKON_HILLS","LISTNAME":"Wissahickon Hills","MAPNAME":"Wissahickon Hills","Shape_Leng":7113.0286423300004,"Shape_Length":0.023006762271166749,"Shape_Area":2.9717412858683025e-05}},{"type":"Feature","id":51,"geometry":{"type":"Polygon","coordinates":[[[-75.203156490999959,40.02589494700004],[-75.203162248999945,40.025896783000064],[-75.203584332999981,40.026078170000062],[-75.20394941099994,40.026477881000062],[-75.204539255999975,40.027191450000032],[-75.205079330999979,40.027906211000072],[-75.205567006999956,40.028669735000051],[-75.203413327999954,40.029603626000039],[-75.203847614999972,40.030197043000044],[-75.204058758999963,40.030485549000048],[-75.204292783999961,40.030805317000045],[-75.204459709999981,40.031033400000069],[-75.204812730999947,40.03151574900005],[-75.205553576999989,40.032490374000076],[-75.20761384399998,40.031620413000041],[-75.207768692999935,40.031918497000049],[-75.20783049299996,40.032037463000052],[-75.208043274999966,40.032699665000052],[-75.208444053999983,40.033987926000066],[-75.20890961799995,40.035001712000053],[-75.20921814899998,40.035586976000047],[-75.209607668999979,40.036606182000071],[-75.210397450999949,40.037512481000078],[-75.211600598999951,40.038379207000048],[-75.213049976999969,40.039415432000055],[-75.214113499999939,40.040133309000055],[-75.214429635999977,40.040018073000056],[-75.214570974999958,40.039945127000067],[-75.216364332999945,40.039171672000066],[-75.218096917999958,40.038428522000061],[-75.219961986999976,40.037628498000061],[-75.220671909999965,40.037313495000035],[-75.221785434999958,40.037692310000068],[-75.222811151999963,40.038121115000081],[-75.224432735999983,40.037365272000045],[-75.22518411599998,40.037027723000051],[-75.225729609999973,40.036769251000067],[-75.226025715999981,40.036461781000071],[-75.225978604999966,40.036417537000034],[-75.22542959499998,40.035675286000071],[-75.225125250999952,40.035272650000024],[-75.224013348999961,40.034329162000063],[-75.223392803999957,40.033744325000043],[-75.222403059999976,40.033056870000053],[-75.221828806999952,40.032511814000031],[-75.221019685999977,40.031750301000045],[-75.220421960999943,40.031213580000042],[-75.219764572999964,40.030578135000042],[-75.219124156999953,40.029912621000051],[-75.218311939999978,40.029182437000031],[-75.218052435999937,40.028921024000056],[-75.217562814999951,40.028459726000051],[-75.217087662999973,40.028035271000078],[-75.216614334999974,40.02756215200003],[-75.216606802999934,40.027565543000037],[-75.215555048999988,40.026168325000071],[-75.214707206999947,40.025055608000059],[-75.214417637999986,40.02469467700007],[-75.215393982999956,40.023890614000038],[-75.214071285999978,40.022326823000071],[-75.213720825999985,40.021832859000028],[-75.212606452999978,40.020450866000033],[-75.211755933999939,40.019236768000042],[-75.211265621999985,40.018608020000045],[-75.210671471999945,40.019699011000057],[-75.209975628999985,40.020514250000076],[-75.20925893499998,40.021886155000061],[-75.208490266999945,40.022709905000056],[-75.207731603999946,40.023787558000038],[-75.207724890999941,40.023797093000042],[-75.205237643999965,40.02494742500005],[-75.204413183999975,40.02532420700004],[-75.203166793999969,40.025884089000044],[-75.203156490999959,40.02589494700004]]]},"properties":{"OBJECTID":51,"NAME":"ROXBOROUGH","LISTNAME":"Roxborough","MAPNAME":"Roxborough","Shape_Leng":23054.709843500001,"Shape_Length":0.072046993653140032,"Shape_Area":0.00022014142109929845}},{"type":"Feature","id":52,"geometry":{"type":"Polygon","coordinates":[[[-75.223392803999957,40.033744325000043],[-75.224013348999961,40.034329162000063],[-75.225125250999952,40.035272650000024],[-75.22542959499998,40.035675286000071],[-75.225978604999966,40.036417537000034],[-75.226025715999981,40.036461781000071],[-75.226729585999976,40.035769271000049],[-75.227197615999955,40.035259888000041],[-75.228152127999977,40.034722167000041],[-75.22875548199994,40.034382260000029],[-75.231031494999968,40.033104733000073],[-75.231806339999935,40.032761662000041],[-75.232472883999947,40.032435758000076],[-75.233408004999944,40.031575638000049],[-75.233532881999963,40.031652002000044],[-75.233646147999934,40.031532350000077],[-75.234283722999976,40.03085881800007],[-75.235282360999975,40.030361060000075],[-75.234838238999941,40.030076554000061],[-75.234602237999979,40.029927554000039],[-75.23417823799997,40.029590554000038],[-75.233378781999988,40.028955008000025],[-75.232783234999943,40.028481551000027],[-75.232626234999941,40.028356551000059],[-75.232542233999936,40.028287550000073],[-75.232321232999936,40.028108551000059],[-75.23170023299997,40.02780154900006],[-75.231334232999984,40.027614548000031],[-75.231024232999971,40.02749054800006],[-75.230922232999944,40.027426547000061],[-75.230743232999941,40.027313547000062],[-75.229822807999938,40.026865843000053],[-75.229676230999985,40.02679454500003],[-75.228247230999955,40.02608254200004],[-75.228216229999987,40.026067541000032],[-75.228178229999969,40.026048542000069],[-75.228147229999934,40.026032541000063],[-75.228002229999959,40.025964541000064],[-75.227950230999966,40.025935541000081],[-75.226650229999962,40.025268539000081],[-75.226511228999982,40.025198538000041],[-75.226306229999977,40.025093538000078],[-75.225189227999977,40.02446053500006],[-75.223943227999939,40.023810533000074],[-75.223692226999958,40.023713532000045],[-75.223015225999973,40.023228531000029],[-75.222298151999951,40.022719774000052],[-75.222151223999958,40.022615529000063],[-75.221891224999979,40.022531529000048],[-75.221777505999967,40.022494180000081],[-75.219915225999955,40.021882523000045],[-75.219581225999946,40.021714523000071],[-75.219317030999946,40.021581995000076],[-75.218705848999946,40.021928552000077],[-75.218300037999938,40.022204083000076],[-75.217089330999954,40.022948449000069],[-75.215393982999956,40.023890614000038],[-75.214417637999986,40.02469467700007],[-75.214707206999947,40.025055608000059],[-75.215555048999988,40.026168325000071],[-75.216606802999934,40.027565543000037],[-75.216614334999974,40.02756215200003],[-75.217087662999973,40.028035271000078],[-75.217562814999951,40.028459726000051],[-75.218052435999937,40.028921024000056],[-75.218311939999978,40.029182437000031],[-75.219124156999953,40.029912621000051],[-75.219764572999964,40.030578135000042],[-75.220421960999943,40.031213580000042],[-75.221019685999977,40.031750301000045],[-75.221828806999952,40.032511814000031],[-75.222403059999976,40.033056870000053],[-75.223392803999957,40.033744325000043]]]},"properties":{"OBJECTID":52,"NAME":"MANAYUNK","LISTNAME":"Manayunk","MAPNAME":"Manayunk","Shape_Leng":16157.054671899999,"Shape_Length":0.052049796452266386,"Shape_Area":0.00014437532030565738}},{"type":"Feature","id":53,"geometry":{"type":"Polygon","coordinates":[[[-75.203616587999988,40.018541411000058],[-75.203445363999947,40.01860836600008],[-75.203564119999953,40.019530781000071],[-75.204067748999989,40.020203805000051],[-75.204517239999973,40.020891108000058],[-75.204460365999978,40.021099166000056],[-75.204190706999952,40.021458933000076],[-75.204280475999951,40.021667242000035],[-75.20367727699994,40.02278861800005],[-75.203406078999933,40.023514096000042],[-75.202984639999954,40.023692311000048],[-75.202885125999956,40.024393462000035],[-75.203242590999935,40.02470917200003],[-75.20305432899994,40.024797721000027],[-75.20283253599996,40.024993499000061],[-75.202694314999974,40.025198299000067],[-75.202612258999977,40.02539717600007],[-75.202488115999984,40.025681779000024],[-75.203156490999959,40.02589494700004],[-75.203166793999969,40.025884089000044],[-75.204413183999975,40.02532420700004],[-75.205237643999965,40.02494742500005],[-75.207724890999941,40.023797093000042],[-75.207731603999946,40.023787558000038],[-75.208490266999945,40.022709905000056],[-75.20925893499998,40.021886155000061],[-75.209975628999985,40.020514250000076],[-75.210671471999945,40.019699011000057],[-75.211265621999985,40.018608020000045],[-75.211755933999939,40.019236768000042],[-75.212606452999978,40.020450866000033],[-75.213720825999985,40.021832859000028],[-75.214071285999978,40.022326823000071],[-75.215393982999956,40.023890614000038],[-75.217089330999954,40.022948449000069],[-75.218300037999938,40.022204083000076],[-75.218705848999946,40.021928552000077],[-75.219317030999946,40.021581995000076],[-75.218967224999972,40.021406521000074],[-75.218542224999965,40.021192521000046],[-75.218054224999946,40.020944519000068],[-75.216345220999983,40.019479516000047],[-75.215750219999961,40.018846516000053],[-75.21475021699996,40.017785515000071],[-75.214270214999942,40.017274514000064],[-75.213635212999975,40.016719513000055],[-75.213460212999962,40.016562513000054],[-75.21262898599997,40.015826919000062],[-75.212217210999938,40.015462512000056],[-75.211338524999974,40.01492466500008],[-75.210005207999984,40.01410850700006],[-75.208647207999945,40.013440504000073],[-75.208241628999986,40.013160838000033],[-75.207990837999944,40.013436197000033],[-75.207900349999989,40.013626481000074],[-75.207327058999965,40.014971451000065],[-75.207063152999979,40.015542468000035],[-75.207155825999962,40.016591271000038],[-75.205433702999983,40.01711947900003],[-75.205012876999945,40.017298825000069],[-75.204954231999977,40.017226773000061],[-75.204470780999941,40.017440105000048],[-75.204337725999949,40.017307444000039],[-75.203823181999951,40.017531875000032],[-75.204069989999937,40.01790290200006],[-75.203399984999976,40.018182846000059],[-75.203616587999988,40.018541411000058]]]},"properties":{"OBJECTID":53,"NAME":"WISSAHICKON","LISTNAME":"Wissahickon","MAPNAME":"Wissahickon","Shape_Leng":17714.185971800001,"Shape_Length":0.054924008789965527,"Shape_Area":8.8840258801637452e-05}},{"type":"Feature","id":54,"geometry":{"type":"Polygon","coordinates":[[[-75.157863173999942,40.055197918000033],[-75.158447408999962,40.055515007000054],[-75.158981818999962,40.055846891000044],[-75.160762406999936,40.056906711000067],[-75.162198284999988,40.057752633000064],[-75.163237550999952,40.058264179000048],[-75.164730321999969,40.059100501000046],[-75.165691379999942,40.058119979000026],[-75.166084909999938,40.057738291000078],[-75.167557469999963,40.056306582000047],[-75.168303066999954,40.055582067000046],[-75.168960442999946,40.054943067000067],[-75.172194171999934,40.051783363000027],[-75.172233559999938,40.051745537000045],[-75.172198334999962,40.051734127000032],[-75.171403705999978,40.050896636000061],[-75.171092875999989,40.050261224000053],[-75.170587342999966,40.049046003000058],[-75.170004334999987,40.047655503000044],[-75.169527302999938,40.04621420400008],[-75.169434149999972,40.044730436000066],[-75.169553467999947,40.043340853000075],[-75.170493993999969,40.041113922000079],[-75.171899483999937,40.039331707000031],[-75.171986220999941,40.038425840000059],[-75.172011571999974,40.038161079000076],[-75.171322543999963,40.037349155000072],[-75.169766000999971,40.036978845000078],[-75.168749291999973,40.036897312000065],[-75.166596009999978,40.036731520000046],[-75.16333532699997,40.036431762000063],[-75.160634940999955,40.036169697000048],[-75.159065037999937,40.036008532000039],[-75.158878778999963,40.035922386000038],[-75.158347650999985,40.036415435000038],[-75.158333206999941,40.036688041000048],[-75.158330608999961,40.036737088000052],[-75.158476588999974,40.037543313000072],[-75.158503098999972,40.038532134000036],[-75.158468914999958,40.039426941000045],[-75.158451050999986,40.040735934000054],[-75.158407644999954,40.041451416000029],[-75.158411342999955,40.041494363000027],[-75.158447583999987,40.041915312000071],[-75.158401567999988,40.042451855000024],[-75.158369947999972,40.042858784000032],[-75.158366672999989,40.04336517400003],[-75.158318057999963,40.043796265000026],[-75.158247533999941,40.04511524000003],[-75.158243647999939,40.04598057700008],[-75.158209666999937,40.046500498000057],[-75.158155785999952,40.047171836000075],[-75.158150423999984,40.047681555000054],[-75.158102337999935,40.048201157000051],[-75.158067112999959,40.048753592000025],[-75.158012791999965,40.049066949000064],[-75.158032714999933,40.04928435100004],[-75.157974250999985,40.049706091000076],[-75.157944843999985,40.050475611000024],[-75.157924526999977,40.050637866000045],[-75.157871710999984,40.052019750000056],[-75.157779652999977,40.052581751000048],[-75.157848873999967,40.053298466000058],[-75.157747395999934,40.05431503300008],[-75.15775339299995,40.054498029000058],[-75.157686309999974,40.05501976000005],[-75.157863173999942,40.055197918000033]]]},"properties":{"OBJECTID":54,"NAME":"GERMANTOWN_EAST","LISTNAME":"Germantown, East","MAPNAME":"East Germantown","Shape_Leng":22052.734660900001,"Shape_Length":0.066654959634093042,"Shape_Area":0.00025189098649338194}},{"type":"Feature","id":55,"geometry":{"type":"Polygon","coordinates":[[[-75.171986220999941,40.038425840000059],[-75.171899483999937,40.039331707000031],[-75.170493993999969,40.041113922000079],[-75.169553467999947,40.043340853000075],[-75.169434149999972,40.044730436000066],[-75.169527302999938,40.04621420400008],[-75.170004334999987,40.047655503000044],[-75.170587342999966,40.049046003000058],[-75.171092875999989,40.050261224000053],[-75.171403705999978,40.050896636000061],[-75.172198334999962,40.051734127000032],[-75.172233559999938,40.051745537000045],[-75.172810357999936,40.051191632000041],[-75.173284163999938,40.050699996000048],[-75.173243855999942,40.05065197700003],[-75.174921275999964,40.049058648000027],[-75.175545327999941,40.048441981000053],[-75.176598572999978,40.047438330000034],[-75.177758634999975,40.046294026000055],[-75.179612222999936,40.044482566000056],[-75.180873719999965,40.043248002000041],[-75.180954001999964,40.043170199000031],[-75.180073544999971,40.042134676000046],[-75.179709470999967,40.041685656000027],[-75.179237226999987,40.041112640000051],[-75.178748476999942,40.040615364000075],[-75.177748450999957,40.039415390000045],[-75.176997437999944,40.038424948000056],[-75.176514238999971,40.037786557000061],[-75.176244625999971,40.037468892000049],[-75.175641833999975,40.036862258000042],[-75.174811889999944,40.035825470000077],[-75.174803018999967,40.035834636000061],[-75.173869734999982,40.036693678000063],[-75.173105566999936,40.037463973000058],[-75.17209231399994,40.038423139000031],[-75.171986220999941,40.038425840000059]]]},"properties":{"OBJECTID":55,"NAME":"GERMANTOWN_MORTON","LISTNAME":"Germantown, Morton","MAPNAME":"Germantown - Morton","Shape_Leng":13572.180548099999,"Shape_Length":0.040458837234756934,"Shape_Area":9.9266531290863837e-05}},{"type":"Feature","id":56,"geometry":{"type":"Polygon","coordinates":[[[-75.180954001999964,40.043170199000031],[-75.180987035999976,40.043209051000076],[-75.181045264999966,40.043331117000037],[-75.181289703999937,40.043665940000039],[-75.181514680999953,40.044208481000055],[-75.181804002999968,40.044829962000051],[-75.182312612999965,40.04592387100007],[-75.183149703999959,40.045109018000062],[-75.184608149999974,40.043713752000031],[-75.185677801999987,40.042667077000033],[-75.187317462999943,40.040938492000066],[-75.18879986799999,40.039489748000051],[-75.190088986999967,40.038241552000045],[-75.190990580999937,40.037362411000061],[-75.190575036999974,40.036867402000041],[-75.190315642999963,40.036612269000045],[-75.189962760999947,40.036318559000051],[-75.189515702999984,40.036004503000072],[-75.189175655999975,40.035790141000064],[-75.18872397399997,40.035424614000078],[-75.188407418999986,40.034976526000037],[-75.188088986999958,40.034164120000071],[-75.187912444999938,40.033397498000056],[-75.187782782999989,40.032959466000079],[-75.187738911999986,40.032800483000074],[-75.187707326999941,40.032595076000064],[-75.187672895999981,40.032384955000055],[-75.187662711999963,40.03207664100006],[-75.187796079999941,40.031420141000069],[-75.187778851999951,40.030780734000075],[-75.187379658999987,40.030432036000036],[-75.186196115999962,40.029478059000041],[-75.185466576999943,40.028884976000029],[-75.184757777999948,40.02829478700005],[-75.184261991999961,40.027895192000074],[-75.184167895999963,40.027788668000028],[-75.183548875999975,40.027315679000026],[-75.183540967999988,40.027309039000045],[-75.183536525999955,40.027311483000062],[-75.182757399999957,40.028111355000078],[-75.181501100999981,40.029299846000072],[-75.180344637999951,40.030430481000053],[-75.178977836999934,40.03178349500007],[-75.178955007999946,40.031804167000075],[-75.177711371999976,40.032930306000026],[-75.176477819999945,40.03410395700007],[-75.174771441999951,40.035791897000024],[-75.174807023999961,40.035819391000075],[-75.174811889999944,40.035825470000077],[-75.175641833999975,40.036862258000042],[-75.176244625999971,40.037468892000049],[-75.176514238999971,40.037786557000061],[-75.176997437999944,40.038424948000056],[-75.177748450999957,40.039415390000045],[-75.178748476999942,40.040615364000075],[-75.179237226999987,40.041112640000051],[-75.179709470999967,40.041685656000027],[-75.180073544999971,40.042134676000046],[-75.180954001999964,40.043170199000031]]]},"properties":{"OBJECTID":56,"NAME":"GERMANTOWN_WEST_CENT","LISTNAME":"Germantown, West Central","MAPNAME":"West Central Germantown","Shape_Leng":17090.451330899999,"Shape_Length":0.050458641625904882,"Shape_Area":0.00015123803017596583}},{"type":"Feature","id":57,"geometry":{"type":"Polygon","coordinates":[[[-75.166605492999963,40.030952674000048],[-75.166644639999959,40.030975417000036],[-75.167689611999947,40.031577470000059],[-75.168547922999949,40.032040789000064],[-75.168847999999969,40.032207422000056],[-75.169357249999962,40.032411238000066],[-75.170674755999983,40.033166278000067],[-75.172148281999966,40.034015507000049],[-75.172748302999935,40.034415499000033],[-75.173768382999981,40.035027983000077],[-75.173957666999968,40.035160248000068],[-75.174024978999967,40.035215099000027],[-75.174771441999951,40.035791897000024],[-75.176477819999945,40.03410395700007],[-75.177711371999976,40.032930306000026],[-75.178955007999946,40.031804167000075],[-75.177879455999971,40.031184369000073],[-75.176749127999983,40.030532286000039],[-75.174553453999977,40.029307888000062],[-75.173624860999951,40.028712527000039],[-75.172460673999979,40.028059641000027],[-75.171008601999972,40.027249803000075],[-75.170568870999944,40.027782124000055],[-75.169829320999952,40.028470614000071],[-75.168771378999963,40.029491439000026],[-75.168306111999982,40.029219829000056],[-75.167209227999933,40.030370340000047],[-75.166901757999938,40.03041565500007],[-75.166605492999963,40.030952674000048]]]},"properties":{"OBJECTID":57,"NAME":"GERMANTOWN_PENN_KNOX","LISTNAME":"Germantown, Penn Knox","MAPNAME":"Germantown - Penn Knox","Shape_Leng":9550.4126131100002,"Shape_Length":0.0306745196294597,"Shape_Area":4.9755034618617618e-05}},{"type":"Feature","id":58,"geometry":{"type":"Polygon","coordinates":[[[-75.171008601999972,40.027249803000075],[-75.172460673999979,40.028059641000027],[-75.173624860999951,40.028712527000039],[-75.174553453999977,40.029307888000062],[-75.176749127999983,40.030532286000039],[-75.177879455999971,40.031184369000073],[-75.178955007999946,40.031804167000075],[-75.178977836999934,40.03178349500007],[-75.180344637999951,40.030430481000053],[-75.181501100999981,40.029299846000072],[-75.182757399999957,40.028111355000078],[-75.183536525999955,40.027311483000062],[-75.183540967999988,40.027309039000045],[-75.182076829999971,40.026079705000029],[-75.181730727999934,40.02568855800007],[-75.179848758999981,40.024115746000064],[-75.179108370999984,40.023382061000063],[-75.178174677999948,40.02259859000003],[-75.176913972999955,40.021482204000051],[-75.176884735999977,40.021489637000059],[-75.175347254999963,40.02299964000008],[-75.174314159999938,40.024033213000052],[-75.173699129999989,40.024637202000065],[-75.171918596999944,40.026418088000071],[-75.171008601999972,40.027249803000075]]]},"properties":{"OBJECTID":58,"NAME":"GERMANTOWN_WESTSIDE","LISTNAME":"Germantown, Westside","MAPNAME":"Germantown - Westside","Shape_Leng":10355.1783896,"Shape_Length":0.032674686950136221,"Shape_Area":6.4440532550730402e-05}},{"type":"Feature","id":59,"geometry":{"type":"Polygon","coordinates":[[[-75.16207839499998,40.028294097000071],[-75.162225479999961,40.02840571400003],[-75.163247959999978,40.029015607000076],[-75.163740650999955,40.029286767000031],[-75.164138365999975,40.029525443000068],[-75.164959823999936,40.030000130000076],[-75.165461013999959,40.030290487000059],[-75.166090817999986,40.030653664000056],[-75.166605492999963,40.030952674000048],[-75.166901757999938,40.03041565500007],[-75.167209227999933,40.030370340000047],[-75.168306111999982,40.029219829000056],[-75.168771378999963,40.029491439000026],[-75.169829320999952,40.028470614000071],[-75.170568870999944,40.027782124000055],[-75.171008601999972,40.027249803000075],[-75.171918596999944,40.026418088000071],[-75.173699129999989,40.024637202000065],[-75.174314159999938,40.024033213000052],[-75.175347254999963,40.02299964000008],[-75.176884735999977,40.021489637000059],[-75.176913972999955,40.021482204000051],[-75.176903120999953,40.021472596000081],[-75.174999118999949,40.019896884000048],[-75.173271179999972,40.018412916000045],[-75.172556060999966,40.017782241000077],[-75.171918715999936,40.017883899000026],[-75.169648387999985,40.018215864000069],[-75.168167733999951,40.018402078000065],[-75.167819279999947,40.018429085000037],[-75.166147163999938,40.018705044000058],[-75.165123577999964,40.019007194000039],[-75.164062223999963,40.019317695000041],[-75.163932849999981,40.01922486400008],[-75.161541930999988,40.019944451000072],[-75.160796484999935,40.02016879100006],[-75.160671510999975,40.020499700000073],[-75.160286646999964,40.021383976000038],[-75.159549350999953,40.022301833000029],[-75.159043777999955,40.022809586000051],[-75.159600939999962,40.023960414000044],[-75.159618475999935,40.023929384000041],[-75.159947867999961,40.025015693000057],[-75.159963776999973,40.025568927000052],[-75.160083235999934,40.026001336000036],[-75.160598285999981,40.026756242000033],[-75.16106094099996,40.027300913000033],[-75.16144789699996,40.027815632000056],[-75.16207839499998,40.028294097000071]]]},"properties":{"OBJECTID":59,"NAME":"GERMANTOWN_SOUTHWEST","LISTNAME":"Germantown, Southwest","MAPNAME":"Southwest Germantown","Shape_Leng":14880.7436082,"Shape_Length":0.047263358627780208,"Shape_Area":0.00014132829749220063}},{"type":"Feature","id":60,"geometry":{"type":"Polygon","coordinates":[[[-75.14292332399998,40.047573054000054],[-75.142968185999962,40.047578667000039],[-75.144950516999984,40.048671283000033],[-75.146549872999969,40.049562293000065],[-75.148658578999971,40.050767539000049],[-75.150122531999955,40.05156639300003],[-75.150234369999964,40.051668188000065],[-75.151718543999948,40.052352625000026],[-75.152938406999965,40.052873590000047],[-75.153398999999979,40.053096653000068],[-75.153817947999983,40.053299544000026],[-75.154508443999987,40.053633937000029],[-75.155269610999937,40.053989522000052],[-75.155630096999971,40.054160378000063],[-75.156647344999953,40.054615026000079],[-75.157749923999972,40.055206210000051],[-75.157863173999942,40.055197918000033],[-75.157686309999974,40.05501976000005],[-75.15775339299995,40.054498029000058],[-75.157747395999934,40.05431503300008],[-75.157848873999967,40.053298466000058],[-75.157779652999977,40.052581751000048],[-75.157871710999984,40.052019750000056],[-75.157924526999977,40.050637866000045],[-75.157944843999985,40.050475611000024],[-75.157974250999985,40.049706091000076],[-75.158032714999933,40.04928435100004],[-75.158012791999965,40.049066949000064],[-75.158067112999959,40.048753592000025],[-75.158102337999935,40.048201157000051],[-75.158150423999984,40.047681555000054],[-75.158155785999952,40.047171836000075],[-75.158209666999937,40.046500498000057],[-75.158243647999939,40.04598057700008],[-75.158247533999941,40.04511524000003],[-75.158318057999963,40.043796265000026],[-75.158366672999989,40.04336517400003],[-75.158369947999972,40.042858784000032],[-75.158401567999988,40.042451855000024],[-75.158447583999987,40.041915312000071],[-75.158411342999955,40.041494363000027],[-75.158362808999982,40.04145754700005],[-75.15716920899996,40.04077176900006],[-75.154488757999957,40.03950677000006],[-75.152149784999949,40.039204688000041],[-75.150156985999956,40.039034994000076],[-75.14850955299994,40.039018455000075],[-75.146670773999972,40.039059854000072],[-75.14478999399995,40.039099745000044],[-75.144766886999946,40.03909505200005],[-75.14458624599996,40.03987242200003],[-75.144244703999959,40.04145417400008],[-75.143912155999942,40.042994200000066],[-75.143590139999958,40.04448538500003],[-75.143326872999978,40.045704467000064],[-75.143145456999946,40.046544507000078],[-75.14292332399998,40.047573054000054]]]},"properties":{"OBJECTID":60,"NAME":"OGONTZ","LISTNAME":"Ogontz","MAPNAME":"Ogontz","Shape_Leng":17256.582708400001,"Shape_Length":0.053463337063718204,"Shape_Area":0.00017680260429166133}},{"type":"Feature","id":61,"geometry":{"type":"Polygon","coordinates":[[[-75.158333206999941,40.036688041000048],[-75.158347650999985,40.036415435000038],[-75.158878778999963,40.035922386000038],[-75.159065037999937,40.036008532000039],[-75.160634940999955,40.036169697000048],[-75.16333532699997,40.036431762000063],[-75.166596009999978,40.036731520000046],[-75.168749291999973,40.036897312000065],[-75.169766000999971,40.036978845000078],[-75.171322543999963,40.037349155000072],[-75.172011571999974,40.038161079000076],[-75.171986220999941,40.038425840000059],[-75.17209231399994,40.038423139000031],[-75.173105566999936,40.037463973000058],[-75.173869734999982,40.036693678000063],[-75.174803018999967,40.035834636000061],[-75.174811889999944,40.035825470000077],[-75.174807023999961,40.035819391000075],[-75.174771441999951,40.035791897000024],[-75.174024978999967,40.035215099000027],[-75.173957666999968,40.035160248000068],[-75.173768382999981,40.035027983000077],[-75.172748302999935,40.034415499000033],[-75.172148281999966,40.034015507000049],[-75.170674755999983,40.033166278000067],[-75.169357249999962,40.032411238000066],[-75.168847999999969,40.032207422000056],[-75.168547922999949,40.032040789000064],[-75.167689611999947,40.031577470000059],[-75.166644639999959,40.030975417000036],[-75.166605492999963,40.030952674000048],[-75.166090817999986,40.030653664000056],[-75.165461013999959,40.030290487000059],[-75.164959823999936,40.030000130000076],[-75.164138365999975,40.029525443000068],[-75.163740650999955,40.029286767000031],[-75.163247959999978,40.029015607000076],[-75.162225479999961,40.02840571400003],[-75.16207839499998,40.028294097000071],[-75.162051234999979,40.028316817000075],[-75.160600320999947,40.02946595800006],[-75.159572966999974,40.030092378000063],[-75.159111128999939,40.030283822000058],[-75.159110349999935,40.030297124000072],[-75.158122469999967,40.030827754000029],[-75.157133168999962,40.031064831000037],[-75.156510373999936,40.031123973000035],[-75.154847558999961,40.031515539000054],[-75.154815828999972,40.031520071000045],[-75.15574570299998,40.032422663000034],[-75.155940223999949,40.032987752000054],[-75.155619610999963,40.03443091500003],[-75.155336571999953,40.035704902000077],[-75.156218644999967,40.036659317000044],[-75.158333206999941,40.036688041000048]]]},"properties":{"OBJECTID":61,"NAME":"WISTER","LISTNAME":"Wister","MAPNAME":"Wister","Shape_Leng":15136.0986992,"Shape_Length":0.049759455039542141,"Shape_Area":0.00010237822149025889}},{"type":"Feature","id":62,"geometry":{"type":"Polygon","coordinates":[[[-75.14905529899994,40.019614146000038],[-75.150667798999962,40.019813131000035],[-75.152223685999957,40.020030948000056],[-75.153804854999976,40.020230425000079],[-75.156394430999967,40.020616374000042],[-75.157042064999985,40.020599519000029],[-75.159291800999938,40.020448815000066],[-75.160701834999941,40.020197277000079],[-75.160796484999935,40.02016879100006],[-75.161541930999988,40.019944451000072],[-75.161813079999945,40.019203549000053],[-75.161825295999961,40.016970153000045],[-75.161840939999934,40.014109459000053],[-75.161773896999989,40.012232066000024],[-75.159457093999947,40.013373552000076],[-75.15798909199998,40.014065189000064],[-75.15519719699995,40.015302450000036],[-75.153840722999973,40.015975239000056],[-75.151584768999953,40.016968729000041],[-75.149665859999971,40.016998036000075],[-75.149613971999941,40.016989674000058],[-75.149370338999972,40.018126197000072],[-75.14905529899994,40.019614146000038]]]},"properties":{"OBJECTID":62,"NAME":"NICETOWN","LISTNAME":"Nicetown","MAPNAME":"Nicetown","Shape_Leng":11237.318154000001,"Shape_Length":0.036275061372288753,"Shape_Area":6.4564215845272279e-05}},{"type":"Feature","id":63,"geometry":{"type":"Polygon","coordinates":[[[-75.161813079999945,40.019203549000053],[-75.161541930999988,40.019944451000072],[-75.163932849999981,40.01922486400008],[-75.164062223999963,40.019317695000041],[-75.165123577999964,40.019007194000039],[-75.166147163999938,40.018705044000058],[-75.167819279999947,40.018429085000037],[-75.168167733999951,40.018402078000065],[-75.169648387999985,40.018215864000069],[-75.171918715999936,40.017883899000026],[-75.172556060999966,40.017782241000077],[-75.175248661999944,40.016515914000024],[-75.175848693999967,40.016115924000076],[-75.178319665999936,40.014502296000046],[-75.178109936999988,40.01431479300004],[-75.176968918999989,40.013043951000043],[-75.17604674599994,40.012010279000037],[-75.174087655999983,40.009863731000053],[-75.17228012299995,40.007883091000053],[-75.170953066999971,40.006210131000046],[-75.170246912999971,40.006013221000046],[-75.167583708999985,40.005221605000031],[-75.166063289999954,40.004914540000073],[-75.165612343999953,40.004851058000042],[-75.165798676999941,40.003997670000047],[-75.165822413999933,40.003884145000029],[-75.165919753999958,40.003273730000046],[-75.164371714999959,40.003076471000043],[-75.163849337999977,40.003011408000077],[-75.163167200999965,40.002926442000046],[-75.162462237999989,40.002838606000068],[-75.160819664999963,40.002630870000075],[-75.159471354999937,40.002448848000029],[-75.157766805999984,40.002227395000034],[-75.157705962999955,40.002219491000062],[-75.154518442999972,40.001806358000067],[-75.152929318999952,40.001591122000036],[-75.152922886999988,40.001620245000026],[-75.152242487999956,40.004718465000053],[-75.151951688999986,40.006220173000031],[-75.151462185999947,40.008299359000034],[-75.151249178999933,40.009301747000052],[-75.150917036999942,40.010842866000075],[-75.150635075999958,40.012441767000041],[-75.150070222999943,40.014839331000076],[-75.149769695999964,40.016263217000073],[-75.149613971999941,40.016989674000058],[-75.149665859999971,40.016998036000075],[-75.151584768999953,40.016968729000041],[-75.153840722999973,40.015975239000056],[-75.15519719699995,40.015302450000036],[-75.15798909199998,40.014065189000064],[-75.159457093999947,40.013373552000076],[-75.161773896999989,40.012232066000024],[-75.161840939999934,40.014109459000053],[-75.161825295999961,40.016970153000045],[-75.161813079999945,40.019203549000053]]]},"properties":{"OBJECTID":63,"NAME":"TIOGA","LISTNAME":"Tioga","MAPNAME":"Tioga","Shape_Leng":27189.667080700001,"Shape_Length":0.086001131973488784,"Shape_Area":0.00031000969449631845}},{"type":"Feature","id":64,"geometry":{"type":"Polygon","coordinates":[[[-75.165919753999958,40.003273730000046],[-75.165822413999933,40.003884145000029],[-75.165798676999941,40.003997670000047],[-75.165612343999953,40.004851058000042],[-75.166063289999954,40.004914540000073],[-75.167583708999985,40.005221605000031],[-75.170246912999971,40.006013221000046],[-75.170953066999971,40.006210131000046],[-75.17228012299995,40.007883091000053],[-75.174087655999983,40.009863731000053],[-75.17604674599994,40.012010279000037],[-75.176968918999989,40.013043951000043],[-75.178109936999988,40.01431479300004],[-75.178319665999936,40.014502296000046],[-75.181108482999946,40.01268095000006],[-75.182554454999945,40.011821061000035],[-75.184139140999946,40.010928061000072],[-75.185089366999989,40.010588479000035],[-75.185856566999973,40.010351054000068],[-75.186959498999954,40.009989730000029],[-75.187127262999979,40.009966421000058],[-75.189417702999947,40.009087918000034],[-75.189826014999937,40.008866365000074],[-75.190684332999979,40.008339308000075],[-75.192245607999951,40.007291439000028],[-75.192343209999933,40.007201929000075],[-75.19220560499997,40.007119125000031],[-75.19208279999998,40.007036651000078],[-75.191742354999974,40.006649178000032],[-75.191737655999987,40.006598152000038],[-75.191877556999941,40.006575809000026],[-75.192722619999984,40.006467335000025],[-75.192316898999934,40.005853400000035],[-75.191549583999972,40.003716246000067],[-75.191949660999967,39.999716338000042],[-75.190812433999952,39.999635541000032],[-75.19073485499996,39.99963877600004],[-75.190573378999943,39.999645508000071],[-75.189749846999973,39.999829747000035],[-75.188696084999947,40.00016213300006],[-75.187290727999937,40.00023086200008],[-75.187130106999973,40.000271763000057],[-75.187749470999961,39.99851633600008],[-75.18774947199995,39.998116339000035],[-75.18664942099997,39.998016337000024],[-75.185149351999939,39.997816335000039],[-75.184538116999988,39.997768971000028],[-75.18245140199997,39.997506122000061],[-75.181846311999948,39.997429895000039],[-75.18035482199997,39.997241461000044],[-75.179283340999973,39.997092807000058],[-75.17867113799997,39.997014193000041],[-75.178067361999979,39.996936967000067],[-75.177620711999964,39.996879775000025],[-75.177051773999949,39.996807059000048],[-75.175608569999952,39.996649407000064],[-75.173994582999967,39.996448182000051],[-75.172417003999954,39.996250702000054],[-75.171905640999967,39.996187703000032],[-75.171466572999975,39.996131913000056],[-75.170829624999953,39.996052208000037],[-75.170286858999987,39.995984411000052],[-75.169832919999976,39.995927409000046],[-75.169261381999945,39.99585598200008],[-75.168691624999951,39.995784933000039],[-75.168200718999969,39.995723269000052],[-75.167605260999949,39.995649179000054],[-75.167582340999957,39.99564633500006],[-75.167213326999956,39.997232150000059],[-75.166580093999983,40.000208613000041],[-75.165919753999958,40.003273730000046]]]},"properties":{"OBJECTID":64,"NAME":"ALLEGHENY_WEST","LISTNAME":"Allegheny West","MAPNAME":"Allegheny West","Shape_Leng":24468.906442700001,"Shape_Length":0.078319306966558436,"Shape_Area":0.0003156963827018642}},{"type":"Feature","id":65,"geometry":{"type":"Polygon","coordinates":[[[-75.152929318999952,40.001591122000036],[-75.154518442999972,40.001806358000067],[-75.157705962999955,40.002219491000062],[-75.157766805999984,40.002227395000034],[-75.159471354999937,40.002448848000029],[-75.160819664999963,40.002630870000075],[-75.162462237999989,40.002838606000068],[-75.163167200999965,40.002926442000046],[-75.163849337999977,40.003011408000077],[-75.164371714999959,40.003076471000043],[-75.165919753999958,40.003273730000046],[-75.166580093999983,40.000208613000041],[-75.167213326999956,39.997232150000059],[-75.167582340999957,39.99564633500006],[-75.166070228999956,39.995458596000049],[-75.165045870999961,39.995328382000025],[-75.164187433999984,39.995210020000059],[-75.159805111999958,39.994634990000065],[-75.159795332999977,39.994633707000048],[-75.159292057999949,39.994819527000061],[-75.15755958799997,39.995465723000052],[-75.155944472999977,39.996027146000074],[-75.155502689999935,39.996180706000075],[-75.153993333999949,39.996783735000065],[-75.153896629999963,39.996817880000037],[-75.153711990999966,39.997659631000033],[-75.153646938999941,39.99795619300005],[-75.153623264999965,39.998064117000069],[-75.153607545999989,39.998135773000058],[-75.153527548999989,39.998500464000074],[-75.153267688999961,40.000008253000033],[-75.152929318999952,40.001591122000036]]]},"properties":{"OBJECTID":65,"NAME":"GLENWOOD","LISTNAME":"Glenwood","MAPNAME":"Glenwood","Shape_Leng":12350.882116000001,"Shape_Length":0.039920684444544302,"Shape_Area":9.4616227147346278e-05}},{"type":"Feature","id":66,"geometry":{"type":"Polygon","coordinates":[[[-75.134862138999949,40.046194066000055],[-75.136063321999984,40.046262899000055],[-75.13674653399994,40.04668010000006],[-75.13757168099994,40.046840849000034],[-75.139158407999957,40.047100034000039],[-75.14292332399998,40.047573054000054],[-75.143145456999946,40.046544507000078],[-75.143326872999978,40.045704467000064],[-75.143590139999958,40.04448538500003],[-75.143912155999942,40.042994200000066],[-75.144244703999959,40.04145417400008],[-75.14458624599996,40.03987242200003],[-75.144766886999946,40.03909505200005],[-75.141799143999947,40.03845225200007],[-75.14018674099998,40.038107764000074],[-75.137897980999981,40.037584890000062],[-75.136473943999988,40.037244326000064],[-75.135857976999944,40.037198261000071],[-75.135076707999986,40.038648382000076],[-75.134784464999939,40.038891989000035],[-75.134736572999941,40.046025326000063],[-75.134862138999949,40.046194066000055]]]},"properties":{"OBJECTID":66,"NAME":"FERN_ROCK","LISTNAME":"Fern Rock","MAPNAME":"Fern Rock","Shape_Leng":11426.5545597,"Shape_Length":0.035409264195658881,"Shape_Area":8.1627201230306205e-05}},{"type":"Feature","id":67,"geometry":{"type":"Polygon","coordinates":[[[-75.123372260999986,40.046639095000046],[-75.123134643999947,40.047873155000048],[-75.122810029999982,40.049708163000048],[-75.122564778999958,40.05127925000005],[-75.122146372999964,40.053155209000067],[-75.122140790999936,40.053175497000041],[-75.122145498999942,40.053178170000081],[-75.122904650999942,40.053597757000034],[-75.12331249999994,40.053823172000079],[-75.123596014999976,40.053974552000057],[-75.123754498999972,40.054059173000041],[-75.123870781999983,40.054121079000026],[-75.124449499999969,40.054429175000053],[-75.124617499999943,40.054521176000037],[-75.124914499999988,40.054685176000078],[-75.126318500999957,40.05548217900008],[-75.126413128999957,40.055537482000034],[-75.126779798999962,40.055751772000065],[-75.127088500999946,40.05593218100006],[-75.128486501999987,40.056773184000065],[-75.128553501999988,40.056813184000077],[-75.129019501999949,40.057092185000045],[-75.129812502999982,40.057591187000071],[-75.130044502999965,40.057740187000036],[-75.130133502999968,40.057797187000062],[-75.130400503999965,40.057965188000026],[-75.131681503999971,40.058778190000055],[-75.132528504999982,40.05930019300007],[-75.133314505999977,40.059819194000056],[-75.134085505999963,40.060338195000043],[-75.134390506999978,40.060533196000051],[-75.134886507999965,40.060853197000029],[-75.135122507999938,40.060990197000081],[-75.135191507999934,40.061032198000078],[-75.136526508999964,40.061730201000046],[-75.136717507999947,40.061822201000041],[-75.136946507999937,40.061936202000027],[-75.139215509999985,40.063236206000056],[-75.13931151099996,40.063291207000077],[-75.139425509999967,40.06335920600003],[-75.139519268999948,40.063416016000076],[-75.139526990999968,40.063388665000048],[-75.13980957299998,40.062003350000055],[-75.140625087999979,40.058264218000033],[-75.141295655999954,40.05522804800006],[-75.141703193999945,40.053209073000062],[-75.142308497999977,40.050642255000071],[-75.142317203999937,40.050638724000066],[-75.142298560999961,40.050636783000073],[-75.142514938999966,40.049463924000065],[-75.142558878999978,40.049260483000069],[-75.14292332399998,40.047573054000054],[-75.139158407999957,40.047100034000039],[-75.13757168099994,40.046840849000034],[-75.13674653399994,40.04668010000006],[-75.136063321999984,40.046262899000055],[-75.134862138999949,40.046194066000055],[-75.132882871999982,40.046093365000047],[-75.13215747299995,40.046057949000044],[-75.131304168999975,40.04601628100005],[-75.130415504999974,40.045997235000073],[-75.129541800999959,40.045870576000027],[-75.128543879999938,40.045725901000026],[-75.127388955999947,40.045558425000024],[-75.126625545999957,40.045447937000063],[-75.125635109999962,40.045284275000029],[-75.123630722999962,40.045052709000061],[-75.123625575999938,40.045052016000056],[-75.123565888999963,40.045598535000067],[-75.123372260999986,40.046639095000046]]]},"properties":{"OBJECTID":67,"NAME":"EAST_OAK_LANE","LISTNAME":"East Oak Lane","MAPNAME":"East Oak Lane","Shape_Leng":20501.356627699999,"Shape_Length":0.064229132344459081,"Shape_Area":0.0002358146505232599}},{"type":"Feature","id":68,"geometry":{"type":"Polygon","coordinates":[[[-75.111100504999968,40.046836900000073],[-75.111139494999975,40.046859145000042],[-75.112053495999987,40.047386147000054],[-75.112361495999949,40.047564148000049],[-75.112869495999973,40.047859149000033],[-75.112910495999984,40.047883149000029],[-75.114504495999938,40.048807152000052],[-75.115034495999964,40.049119154000039],[-75.117102496999962,40.050305159000061],[-75.118551497999988,40.051133161000052],[-75.118650497999965,40.051187162000076],[-75.11876949699996,40.051255162000075],[-75.119465497999954,40.05165416400007],[-75.119543496999938,40.051698164000072],[-75.120016498999973,40.05196516500007],[-75.120825497999988,40.052426167000078],[-75.121641497999974,40.052892168000028],[-75.122140790999936,40.053175497000041],[-75.122146372999964,40.053155209000067],[-75.122564778999958,40.05127925000005],[-75.122810029999982,40.049708163000048],[-75.123134643999947,40.047873155000048],[-75.123372260999986,40.046639095000046],[-75.123565888999963,40.045598535000067],[-75.123625575999938,40.045052016000056],[-75.122819392999986,40.044943401000069],[-75.122083049999958,40.044863776000057],[-75.121410467999965,40.044766460000062],[-75.120787936999989,40.044680336000056],[-75.12014828599996,40.044591841000056],[-75.119526110999971,40.044505761000039],[-75.11751451899994,40.044208670000046],[-75.116935391999959,40.04414728200004],[-75.115952178999976,40.044011219000026],[-75.113241964999986,40.04368326000008],[-75.113045613999986,40.04375637000004],[-75.11278167599994,40.043662407000056],[-75.112753819999966,40.043652491000046],[-75.112687363999953,40.043643630000076],[-75.112593728999968,40.04359747400008],[-75.112504433999959,40.043562419000068],[-75.112429013999986,40.043538684000055],[-75.112358359999973,40.043515058000025],[-75.112291761999984,40.043509861000075],[-75.112227222999934,40.043574389000071],[-75.112118640999938,40.043667242000026],[-75.112078490999977,40.043690742000081],[-75.112055171999941,40.04370429100004],[-75.111845543999948,40.043941511000071],[-75.111434265999947,40.044210772000042],[-75.111139678999962,40.044424036000066],[-75.111077340999941,40.044554623000067],[-75.111081743999989,40.044686744000046],[-75.111143069999969,40.044827506000047],[-75.11118333099995,40.045019125000067],[-75.111232272999985,40.045232946000056],[-75.111281499999961,40.045439440000052],[-75.111327305999964,40.04573386800007],[-75.111309504999952,40.04594615700006],[-75.111324997999986,40.046283895000045],[-75.111276596999971,40.046546821000049],[-75.111133416999962,40.04679290200005],[-75.111100504999968,40.046836900000073]]]},"properties":{"OBJECTID":68,"NAME":"MELROSE_PARK_GARDENS","LISTNAME":"Melrose Park Gardens","MAPNAME":"Melrose Park Gardens","Shape_Leng":11457.265262200001,"Shape_Length":0.036467008075309171,"Shape_Area":7.0647614933973618e-05}},{"type":"Feature","id":69,"geometry":{"type":"Polygon","coordinates":[[[-75.131929523999986,40.005198718000031],[-75.131946957999958,40.005326816000036],[-75.131652006999957,40.006816952000065],[-75.134058445999983,40.007078294000053],[-75.136828740999988,40.007487647000062],[-75.13685077699995,40.007490904000065],[-75.138847319999968,40.007759921000059],[-75.140569434999975,40.007973585000059],[-75.143355802999963,40.008358633000057],[-75.145931729999973,40.008684308000056],[-75.147654059999979,40.008885621000047],[-75.14765528199996,40.00887969300004],[-75.148508515999936,40.008988129000045],[-75.149961443999985,40.009195550000072],[-75.151249178999933,40.009301747000052],[-75.151462185999947,40.008299359000034],[-75.151951688999986,40.006220173000031],[-75.152242487999956,40.004718465000053],[-75.152922886999988,40.001620245000026],[-75.152929318999952,40.001591122000036],[-75.153267688999961,40.000008253000033],[-75.153527548999989,39.998500464000074],[-75.153607545999989,39.998135773000058],[-75.153623264999965,39.998064117000069],[-75.153646938999941,39.99795619300005],[-75.153711990999966,39.997659631000033],[-75.153896629999963,39.996817880000037],[-75.153416605999951,39.996977442000059],[-75.151492659999974,39.997696035000047],[-75.148788422999985,39.998712282000042],[-75.146197077999943,39.99967846800007],[-75.143337028999952,40.000743618000058],[-75.141473631999986,40.001437144000079],[-75.140054758999952,40.001968835000071],[-75.139873565999949,40.002933433000067],[-75.139881119999984,40.002962628000034],[-75.13946253499995,40.003106074000073],[-75.139070834999984,40.003243571000041],[-75.138338092999959,40.003500777000056],[-75.137681648999944,40.003731196000047],[-75.135600324999984,40.004543522000063],[-75.134735109999951,40.004796039000041],[-75.134167797999964,40.004915894000078],[-75.13274688599995,40.005216072000053],[-75.131976136999981,40.005198200000052],[-75.131929523999986,40.005198718000031]]]},"properties":{"OBJECTID":69,"NAME":"FRANKLINVILLE","LISTNAME":"Franklinville","MAPNAME":"Franklinville","Shape_Leng":17874.535081400001,"Shape_Length":0.058270533459510665,"Shape_Area":0.00013898166383298808}},{"type":"Feature","id":70,"geometry":{"type":"Polygon","coordinates":[[[-75.112774702999957,40.02727387200008],[-75.112764330999937,40.027386134000039],[-75.114662457999941,40.027125213000033],[-75.115559141999938,40.026967783000032],[-75.116043605999948,40.02687620100005],[-75.117147584999941,40.026655051000034],[-75.11951739999995,40.026141859000063],[-75.123494764999975,40.025656292000065],[-75.127221351999935,40.025028917000043],[-75.133258195999986,40.023848250000071],[-75.133325013999979,40.023539350000078],[-75.133522580999966,40.022715296000058],[-75.133679366999957,40.021899705000067],[-75.133922192999989,40.020748774000026],[-75.134177899999941,40.019688423000048],[-75.134195699999964,40.019614602000047],[-75.134502436999981,40.018159948000061],[-75.134821451999983,40.016657386000077],[-75.13517487699994,40.015075300000035],[-75.132322168999963,40.014696733000051],[-75.129897425999957,40.014387375000069],[-75.125976562999938,40.013862316000029],[-75.122336949999976,40.013388926000061],[-75.119430346999934,40.013032021000072],[-75.11732077299996,40.012753043000032],[-75.115861558999939,40.012560046000033],[-75.113002533999975,40.012194996000062],[-75.11223691899994,40.012084626000046],[-75.11222214999998,40.012137704000054],[-75.111850280999988,40.013671723000073],[-75.111496371999976,40.015170915000056],[-75.111360826999942,40.015859563000049],[-75.11134943899998,40.015867910000054],[-75.111066683999979,40.017222377000053],[-75.110874648999982,40.018216004000067],[-75.110498415999984,40.019849587000067],[-75.112922054999956,40.020152522000046],[-75.114069149999978,40.020298460000049],[-75.113791412999944,40.020623710000052],[-75.112699365999958,40.021697411000048],[-75.111375036999959,40.023031574000072],[-75.111201526999935,40.023207616000036],[-75.111503823999954,40.024355144000026],[-75.111568161999969,40.024628104000044],[-75.111372166999956,40.025227486000063],[-75.111329742999942,40.025558533000037],[-75.111657980999951,40.025770034000061],[-75.112184963999937,40.025791279000032],[-75.112503620999973,40.02590533800003],[-75.112806987999988,40.026931091000051],[-75.112805605999938,40.026939408000032],[-75.112774702999957,40.02727387200008]]]},"properties":{"OBJECTID":70,"NAME":"FELTONVILLE","LISTNAME":"Feltonville","MAPNAME":"Feltonville","Shape_Leng":22648.9887485,"Shape_Length":0.073781777023755268,"Shape_Area":0.00027353073848677457}},{"type":"Feature","id":71,"geometry":{"type":"Polygon","coordinates":[[[-75.075287103999983,39.988619034000067],[-75.077096917999938,39.990014372000076],[-75.077538660999949,39.990368727000032],[-75.078875590999985,39.99153962400004],[-75.080728229999977,39.99360333900006],[-75.081246613999951,39.994180756000048],[-75.082242668999982,39.995331066000062],[-75.082863355999962,39.995981651000079],[-75.082868209999958,39.99598700100006],[-75.082872043999942,39.995991223000033],[-75.082875111999954,39.995994599000028],[-75.08287844299997,39.995999103000031],[-75.082883558999981,39.996004729000049],[-75.082887735999975,39.996010457000068],[-75.082892521999952,39.996015843000066],[-75.082896155999947,39.996020175000069],[-75.082899263999934,39.99602352900007],[-75.082902991999958,39.996027384000058],[-75.08290661999996,39.996032144000026],[-75.082911552999974,39.996037322000063],[-75.082915961999959,39.99604219400004],[-75.082919715999935,39.996046033000027],[-75.082923234999953,39.996050005000029],[-75.082927392999977,39.996054467000079],[-75.082930782999938,39.996058506000054],[-75.08293387599997,39.996061867000037],[-75.082936970999981,39.996065226000042],[-75.08294006899996,39.996068583000067],[-75.082944201999965,39.996073057000046],[-75.082948339999973,39.996077528000058],[-75.08295248099995,39.996081997000033],[-75.082956627999977,39.996086462000051],[-75.082960777999972,39.996090925000033],[-75.082964932999971,39.996095385000046],[-75.082969092999974,39.996099842000035],[-75.082973256999935,39.996104295000066],[-75.082977426999946,39.996108746000061],[-75.082981601999961,39.996113193000042],[-75.08298578199998,39.996117637000054],[-75.082989964999967,39.996122077000052],[-75.082994155999984,39.996126514000025],[-75.082998351999947,39.99613094700004],[-75.083002551999982,39.99613537700003],[-75.083006759999989,39.996139802000073],[-75.083010971999954,39.99614422500008],[-75.083015190999959,39.996148644000073],[-75.083019414999967,39.996153058000061],[-75.083023646999948,39.996157468000035],[-75.083027883999989,39.996161874000052],[-75.083032126999967,39.996166277000043],[-75.083036375999939,39.996170674000041],[-75.083040632999939,39.99617506900006],[-75.083044895999933,39.996179457000039],[-75.083049445999961,39.996183683000027],[-75.083053682999946,39.996188085000028],[-75.08305792699997,39.996192482000026],[-75.083062176999988,39.996196875000066],[-75.083066702999986,39.996201112000051],[-75.083070927999984,39.996205516000032],[-75.083073879999972,39.996208940000031],[-75.08307743499995,39.99621202600008],[-75.083082449999949,39.996215994000067],[-75.083085676999985,39.996219262000068],[-75.083089408999967,39.996222252000052],[-75.083093709999957,39.996226609000075],[-75.083099092999987,39.996230378000064],[-75.083103613999981,39.996234616000038],[-75.083107008999946,39.996237790000066],[-75.083110405999946,39.996240964000037],[-75.083113806999961,39.99624413600003],[-75.083117211999934,39.996247305000054],[-75.083121755999969,39.996251527000027],[-75.083126306999986,39.996255746000031],[-75.083130861999962,39.996259961000078],[-75.083134282999936,39.996263121000027],[-75.083137705999945,39.996266277000075],[-75.08314113299997,39.996269433000066],[-75.083144563999952,39.996272586000032],[-75.083147996999969,39.996275738000065],[-75.083151432999955,39.996278887000074],[-75.083154871999966,39.996282034000046],[-75.083158314999935,39.996285180000029],[-75.083161759999939,39.996288324000034],[-75.083165207999969,39.996291467000049],[-75.083169810999948,39.99629565400005],[-75.083174417999942,39.996299837000038],[-75.083177876999969,39.99630297200008],[-75.083181338999964,39.996306105000031],[-75.08318595999998,39.996310281000035],[-75.083190584999954,39.996314453000025],[-75.083195215999979,39.996318622000047],[-75.083199850999961,39.996322788000043],[-75.083204490999947,39.996326952000061],[-75.083207974999937,39.996330072000035],[-75.083211460999962,39.996333191000076],[-75.083214948999967,39.996336308000025],[-75.083218439999939,39.996339424000041],[-75.083223099999941,39.996343575000026],[-75.083227763999957,39.996347725000078],[-75.083231263999949,39.996350834000054],[-75.083234767999954,39.996353943000031],[-75.083238273999939,39.996357050000029],[-75.08324178099997,39.996360154000058],[-75.083246462999966,39.996364292000067],[-75.083251147999988,39.996368428000039],[-75.083255838999946,39.996372560000054],[-75.08326053199994,39.99637669100008],[-75.083264054999972,39.996379786000034],[-75.083267580999973,39.996382880000056],[-75.083271108999952,39.996385974000077],[-75.083274638999967,39.996389065000074],[-75.083278170999961,39.99639215600007],[-75.083281704999933,39.996395245000031],[-75.083286421999958,39.996399362000034],[-75.08329114199995,39.996403476000069],[-75.083295865999958,39.996407587000078],[-75.083300592999933,39.996411698000031],[-75.08330532399998,39.996415805000026],[-75.083310058999984,39.996419910000043],[-75.083314796999957,39.99642401300008],[-75.083319538999945,39.996428114000025],[-75.083324283999957,39.996432212000059],[-75.083329031999938,39.996436309000046],[-75.083332595999934,39.996439380000027],[-75.083336161999966,39.996442451000064],[-75.083340917999976,39.996446542000058],[-75.083345677999944,39.996450633000052],[-75.083350440999936,39.996454720000031],[-75.083354014999941,39.996457784000029],[-75.08335759199997,39.996460848000027],[-75.083361168999943,39.996463911000035],[-75.083364747999951,39.996466973000054],[-75.083369521999941,39.99647105300005],[-75.083374300999935,39.996475132000057],[-75.083379080999975,39.996479210000075],[-75.083382667999956,39.996482265000054],[-75.083387153999979,39.996486085000072],[-75.083393737999984,39.99649168500008],[-75.083398229999943,39.996495502000073],[-75.083402424999974,39.996499062000055],[-75.083406020999973,39.996502114000066],[-75.083409618999951,39.996505163000052],[-75.083415318999982,39.996509991000039],[-75.083420419999982,39.996514309000077],[-75.083425223999939,39.996518372000025],[-75.083429430999956,39.996521925000025],[-75.083433637999974,39.996525478000081],[-75.08343724599996,39.996528523000052],[-75.083440855999982,39.996531567000034],[-75.083445969999957,39.996535877000042],[-75.083451086999958,39.996540186000061],[-75.083455300999958,39.996543735000046],[-75.083460119999984,39.996547789000033],[-75.083464940999988,39.996551841000041],[-75.083470064999972,39.996556145000056],[-75.083476096999959,39.996561210000038],[-75.083482129999936,39.996566270000073],[-75.083487090999938,39.996571688000074],[-75.083491441999968,39.996575132000032],[-75.083495791999951,39.996578576000047],[-75.083499738999933,39.996582335000028],[-75.083503462999943,39.996585291000031],[-75.083508089999953,39.99658998600006],[-75.083513554999968,39.996594027000071],[-75.083517868999934,39.996597500000064],[-75.083522036999966,39.996601086000055],[-75.083527264999987,39.996605489000046],[-75.083532692999938,39.996610028000077],[-75.083537706999948,39.996614267000041],[-75.083542193999961,39.996617604000051],[-75.083546404999936,39.996621163000043],[-75.083551378999971,39.996625101000063],[-75.083556353999938,39.996629039000027],[-75.083561176999979,39.996633505000034],[-75.083565729999975,39.99663735300004],[-75.083570059999943,39.99664081700007],[-75.083574374999955,39.996643969000047],[-75.083579289999989,39.996647955000071],[-75.083582974999956,39.996650944000066],[-75.083586661999959,39.996653933000061],[-75.083590347999973,39.996656922000057],[-75.083594034999976,39.996659912000041],[-75.083598948999963,39.996663897000076],[-75.083605101999979,39.996668872000043],[-75.083610429999965,39.996673188000045],[-75.083615345999988,39.99667717300008],[-75.083620261999954,39.996681158000058],[-75.083625177999977,39.996685144000026],[-75.083628863999934,39.996688132000031],[-75.083632550999937,39.996691122000072],[-75.083636866999939,39.996694274000049],[-75.083641196999963,39.996697739000069],[-75.083645751999939,39.996701586000029],[-75.083649881999975,39.996705621000046],[-75.083654303999936,39.996709015000079],[-75.083660004999956,39.996713631000034],[-75.083666201999961,39.996718573000066],[-75.083671695999953,39.996722820000059],[-75.083675849999963,39.996726420000073],[-75.08367960299995,39.996729358000039],[-75.083683898999936,39.996732848000079],[-75.083688360999986,39.996736213000077],[-75.083693487999938,39.996740521000049],[-75.08369868799997,39.996744772000056],[-75.083702973999948,39.996749242000078],[-75.083708017999982,39.996753614000056],[-75.083713062999948,39.996757985000045],[-75.083717389999947,39.996761450000065],[-75.083722646999945,39.996765658000072],[-75.08578575699994,39.998345475000065],[-75.086327422999943,39.998883958000079],[-75.086492892999956,39.998796622000043],[-75.086948804999963,39.998565072000076],[-75.089308924999955,39.997349449000069],[-75.091929719999939,39.995963920000065],[-75.094369640999957,39.99465232700004],[-75.096881812999982,39.993440071000066],[-75.099139267999988,39.992241424000042],[-75.101460108999959,39.991044198000054],[-75.103768173999981,39.989846632000081],[-75.104934869999965,39.989248123000039],[-75.106324752999967,39.988526425000032],[-75.107047093999938,39.989315364000049],[-75.108312419999947,39.99073375100005],[-75.109339475999946,39.991911971000036],[-75.110258132999945,39.992959491000079],[-75.112211459999969,39.995175495000069],[-75.113016594999976,39.995996053000056],[-75.113444625999989,39.996432273000039],[-75.113463502999934,39.996451740000055],[-75.113996177999979,39.996147977000078],[-75.114222212999948,39.996023747000038],[-75.114437712999973,39.995905307000044],[-75.114886526999953,39.995652438000036],[-75.115778087999956,39.995169868000062],[-75.118042251999952,39.993928639000046],[-75.118271429999936,39.993806197000026],[-75.119693622999989,39.993018909000057],[-75.120308365999961,39.992674984000075],[-75.121551046999969,39.992002533000061],[-75.122558200999947,39.991430315000059],[-75.123686153999984,39.990838281000038],[-75.124358513999937,39.990448953000055],[-75.124519586999952,39.990370468000037],[-75.124649658999942,39.990299268000058],[-75.12483851199994,39.990195891000042],[-75.124988205999955,39.990113949000033],[-75.125090793999959,39.990057793000062],[-75.125490139999954,39.989839188000076],[-75.124374054999976,39.988824732000069],[-75.123386355999969,39.987918724000053],[-75.122912892999977,39.987465146000034],[-75.122416167999972,39.987003977000029],[-75.122257056999956,39.987062809000065],[-75.121509130999982,39.986168173000067],[-75.121211038999945,39.985823260000075],[-75.120905026999935,39.985482689000037],[-75.120250447999979,39.984757988000069],[-75.119689242999982,39.984114684000076],[-75.119188756999961,39.983551427000066],[-75.117407543999946,39.98147023000007],[-75.117395155999986,39.981456515000048],[-75.116889127999968,39.98089628300005],[-75.116189204999955,39.980104586000039],[-75.115866922999942,39.979748715000028],[-75.115544644999943,39.979392843000028],[-75.115195784999969,39.978968914000063],[-75.114817732999938,39.978544312000054],[-75.114608334999957,39.978292199000066],[-75.114355576999969,39.978027849000057],[-75.114062076999971,39.977683876000071],[-75.113446985999985,39.977054303000045],[-75.11103071399998,39.978323112000055],[-75.109129997999958,39.979159778000053],[-75.107330351999963,39.979660128000035],[-75.104098827999962,39.980759522000028],[-75.102811506999956,39.981497472000058],[-75.101015630999939,39.982431389000055],[-75.100519131999988,39.981895467000072],[-75.099694333999935,39.980973446000064],[-75.098514053999963,39.979636866000078],[-75.097574390999966,39.978651977000027],[-75.095949562999976,39.976739909000059],[-75.094334638999953,39.974683881000033],[-75.094023999999933,39.97430655800008],[-75.093664481999951,39.974356243000045],[-75.092363483999975,39.974537238000039],[-75.091770885999949,39.974619020000034],[-75.091450485999985,39.974663235000037],[-75.090859487999978,39.974745233000078],[-75.089656489999982,39.974831229000074],[-75.087138495999966,39.975010221000048],[-75.085829498999942,39.975103217000026],[-75.083029502999977,39.976057205000075],[-75.082459502999939,39.976251203000061],[-75.080198506999977,39.977021193000041],[-75.075603513999965,39.978042175000041],[-75.071504515999948,39.980358154000044],[-75.071262515999933,39.980494152000063],[-75.069963752999968,39.981415747000028],[-75.068800516999943,39.982241138000063],[-75.068591516999959,39.982389136000052],[-75.067826593999939,39.982938521000051],[-75.067653166999946,39.983063079000033],[-75.067576516999964,39.983118130000037],[-75.067067515999952,39.983484127000054],[-75.065746515999933,39.984644119000052],[-75.065701515999933,39.984684118000075],[-75.065650515999948,39.984729118000075],[-75.065641515999971,39.984736118000058],[-75.065579515999957,39.984791118000032],[-75.065514515999951,39.984849117000067],[-75.065448514999957,39.984906116000047],[-75.065735940999957,39.984986508000077],[-75.067857573999959,39.985615390000078],[-75.069580360999964,39.986316182000053],[-75.069838853999954,39.986042759000043],[-75.070028349999973,39.985843941000041],[-75.070081136999988,39.98571326900003],[-75.070117312999969,39.985655994000069],[-75.070222730999944,39.985449987000038],[-75.070253313999956,39.985421392000035],[-75.070284232999938,39.985406922000038],[-75.070296301999974,39.985403416000054],[-75.070450452999978,39.985426098000062],[-75.070466237999938,39.985431598000048],[-75.070506912999974,39.985450864000029],[-75.070629009999948,39.985522506000052],[-75.070699150999985,39.98555033100007],[-75.070763290999935,39.985632452000061],[-75.070971262999933,39.985802442000079],[-75.071182237999949,39.98589628700006],[-75.071553195999968,39.986120891000041],[-75.071588646999942,39.986091568000063],[-75.071692029999952,39.986006060000079],[-75.071791532999953,39.985923761000038],[-75.073795836999977,39.987469227000076],[-75.075287103999983,39.988619034000067]]]},"properties":{"OBJECTID":71,"NAME":"RICHMOND","LISTNAME":"Richmond","MAPNAME":"Richmond","Shape_Leng":45405.154627199998,"Shape_Length":0.14698197637132593,"Shape_Area":0.00076754771889792203}},{"type":"Feature","id":73,"geometry":{"type":"Polygon","coordinates":[[[-75.13517487699994,40.015075300000035],[-75.134821451999983,40.016657386000077],[-75.134502436999981,40.018159948000061],[-75.134195699999964,40.019614602000047],[-75.134177899999941,40.019688423000048],[-75.133922192999989,40.020748774000026],[-75.133679366999957,40.021899705000067],[-75.133522580999966,40.022715296000058],[-75.133325013999979,40.023539350000078],[-75.133258195999986,40.023848250000071],[-75.133292181999934,40.023841602000061],[-75.134238007999954,40.023703313000055],[-75.134254560999977,40.023698267000043],[-75.135801407999963,40.022919334000051],[-75.135807372999977,40.022916037000073],[-75.135809406999954,40.022886182000036],[-75.136684723999963,40.022568704000037],[-75.138355333999982,40.021721252000077],[-75.139964371999952,40.02094203200005],[-75.143399604999956,40.019327069000042],[-75.145372287999976,40.019273453000039],[-75.147130078999965,40.019380373000047],[-75.147227093999959,40.019392167000035],[-75.14905529899994,40.019614146000038],[-75.149370338999972,40.018126197000072],[-75.149613971999941,40.016989674000058],[-75.149769695999964,40.016263217000073],[-75.150070222999943,40.014839331000076],[-75.150635075999958,40.012441767000041],[-75.150917036999942,40.010842866000075],[-75.151249178999933,40.009301747000052],[-75.149961443999985,40.009195550000072],[-75.148508515999936,40.008988129000045],[-75.14765528199996,40.00887969300004],[-75.147654059999979,40.008885621000047],[-75.145931729999973,40.008684308000056],[-75.143355802999963,40.008358633000057],[-75.140569434999975,40.007973585000059],[-75.138847319999968,40.007759921000059],[-75.13685077699995,40.007490904000065],[-75.136828740999988,40.007487647000062],[-75.134058445999983,40.007078294000053],[-75.131652006999957,40.006816952000065],[-75.131946957999958,40.005326816000036],[-75.131929523999986,40.005198718000031],[-75.129969293999977,40.00522047000004],[-75.127846659999989,40.005316058000062],[-75.123969643999942,40.004883901000028],[-75.124006116999965,40.004714396000054],[-75.122327868999946,40.004501707000031],[-75.12004464599994,40.004212305000067],[-75.118442863999974,40.004009250000024],[-75.116802005999944,40.003819070000077],[-75.115684078999948,40.003689486000042],[-75.114098542999955,40.003505681000036],[-75.114077684999984,40.003607803000079],[-75.113824921999935,40.00491349300006],[-75.113596678999954,40.006029664000039],[-75.112952447999987,40.009086001000071],[-75.112694900999941,40.010410190000073],[-75.112658723999971,40.01056879600003],[-75.112481220999939,40.011206693000076],[-75.11223691899994,40.012084626000046],[-75.113002533999975,40.012194996000062],[-75.115861558999939,40.012560046000033],[-75.11732077299996,40.012753043000032],[-75.119430346999934,40.013032021000072],[-75.122336949999976,40.013388926000061],[-75.125976562999938,40.013862316000029],[-75.129897425999957,40.014387375000069],[-75.132322168999963,40.014696733000051],[-75.13517487699994,40.015075300000035]]]},"properties":{"OBJECTID":73,"NAME":"HUNTING_PARK","LISTNAME":"Hunting Park","MAPNAME":"Hunting Park","Shape_Leng":32920.799359500001,"Shape_Length":0.10782960086308654,"Shape_Area":0.00038260983497533834}},{"type":"Feature","id":74,"geometry":{"type":"Polygon","coordinates":[[[-75.104198897999936,40.022888796000075],[-75.104252798999937,40.023208479000061],[-75.104565395999941,40.023490084000059],[-75.104878825999947,40.023627524000062],[-75.105193919999977,40.023476640000069],[-75.105337935999955,40.023110871000029],[-75.105531486999951,40.022943988000065],[-75.105947307999941,40.022902542000054],[-75.106367501999955,40.022981897000079],[-75.106877199999985,40.023361571000066],[-75.10712028599994,40.023393565000049],[-75.107339015999969,40.023254038000061],[-75.10760456099996,40.022904265000079],[-75.108117565999976,40.022707285000024],[-75.108809324999982,40.022269332000064],[-75.109251146999952,40.02211107200003],[-75.109762497999952,40.022202409000045],[-75.11037020599997,40.022282379000046],[-75.110759197999982,40.022501881000039],[-75.111097001999951,40.022810825000079],[-75.111201526999935,40.023207616000036],[-75.111375036999959,40.023031574000072],[-75.112699365999958,40.021697411000048],[-75.113791412999944,40.020623710000052],[-75.114069149999978,40.020298460000049],[-75.112922054999956,40.020152522000046],[-75.110498415999984,40.019849587000067],[-75.110874648999982,40.018216004000067],[-75.111066683999979,40.017222377000053],[-75.11134943899998,40.015867910000054],[-75.111360826999942,40.015859563000049],[-75.111496371999976,40.015170915000056],[-75.111850280999988,40.013671723000073],[-75.11222214999998,40.012137704000054],[-75.11223691899994,40.012084626000046],[-75.112481220999939,40.011206693000076],[-75.112658723999971,40.01056879600003],[-75.112694900999941,40.010410190000073],[-75.112952447999987,40.009086001000071],[-75.113596678999954,40.006029664000039],[-75.113824921999935,40.00491349300006],[-75.114077684999984,40.003607803000079],[-75.109847391999949,40.003116239000065],[-75.109858469999949,40.003065640000045],[-75.109875607999982,40.002997097000048],[-75.110045879999973,40.002316079000025],[-75.106149032999951,40.001800219000074],[-75.104132768999989,40.001564270000074],[-75.103179298999976,40.00209852200004],[-75.10300618499997,40.002195484000026],[-75.10299499599995,40.002194241000041],[-75.099899813999969,40.001776680000035],[-75.096994543999983,40.00137372100005],[-75.094609010999989,40.001596904000053],[-75.094466834999935,40.001651214000049],[-75.094460031999972,40.00165275300003],[-75.093025399999988,40.002221902000031],[-75.091674865999948,40.003150953000045],[-75.09022929799994,40.004210778000072],[-75.09024253299998,40.004215091000049],[-75.09070651899998,40.004366298000036],[-75.091733681999983,40.004756386000054],[-75.092494134999981,40.005446231000064],[-75.092510149999953,40.005460757000037],[-75.092762566999966,40.005679265000026],[-75.092906351999943,40.00611501000003],[-75.09284200899998,40.006268620000071],[-75.092321359999971,40.006848362000028],[-75.092099897999958,40.007166509000058],[-75.092170961999955,40.007523205000041],[-75.092636531999972,40.008001357000069],[-75.09298591999999,40.008325264000064],[-75.093613132999963,40.008761463000042],[-75.094645115999981,40.009315901000036],[-75.095052952999936,40.009641166000051],[-75.095090477999975,40.010278271000061],[-75.094390803999943,40.011402512000075],[-75.093462873999954,40.012773562000064],[-75.093478579999953,40.013170072000037],[-75.094396723999978,40.01478422200006],[-75.094398847999969,40.014787956000077],[-75.095845113999985,40.015715773000068],[-75.097166989999948,40.015987514000074],[-75.097749449999981,40.016040190000069],[-75.098128802999952,40.016162291000057],[-75.098776387999976,40.01634376800007],[-75.099440437999988,40.016310996000072],[-75.100303229999952,40.01608798500007],[-75.10097247799996,40.016031845000043],[-75.102508034999971,40.016017638000051],[-75.103546235999943,40.016130290000035],[-75.105070558999955,40.016306932000077],[-75.106732026999964,40.016429470000048],[-75.107234701999971,40.016700021000077],[-75.107243463999964,40.016716453000072],[-75.107565610999984,40.017320661000042],[-75.10743557099994,40.017904673000032],[-75.107002518999934,40.018304531000069],[-75.106164900999943,40.018554952000045],[-75.105921003999981,40.018667118000053],[-75.105615507999971,40.018915446000051],[-75.105486277999944,40.019355294000036],[-75.105328324999959,40.019502818000035],[-75.105080050999959,40.019494181000027],[-75.104731053999956,40.019376100000045],[-75.104275294999979,40.019316101000072],[-75.103737124999952,40.019485702000054],[-75.103528164999943,40.020564277000062],[-75.103374575999965,40.020832602000041],[-75.103169783999988,40.021190366000042],[-75.103208905999963,40.021435969000038],[-75.103424296999947,40.021873097000025],[-75.103503373999956,40.022220143000027],[-75.103715234999981,40.022392307000075],[-75.104198897999936,40.022888796000075]]]},"properties":{"OBJECTID":74,"NAME":"JUNIATA_PARK","LISTNAME":"Juniata Park","MAPNAME":"Juniata Park","Shape_Leng":30347.1877843,"Shape_Length":0.096592111486614216,"Shape_Area":0.00031792527494645183}},{"type":"Feature","id":75,"geometry":{"type":"Polygon","coordinates":[[[-75.087475511999969,40.001300650000076],[-75.087545710999962,40.001796174000049],[-75.087988645999985,40.002780794000046],[-75.088414874999955,40.003300096000032],[-75.089241431999938,40.003779544000054],[-75.090205023999943,40.004200181000044],[-75.09022929799994,40.004210778000072],[-75.091674865999948,40.003150953000045],[-75.093025399999988,40.002221902000031],[-75.094460031999972,40.00165275300003],[-75.094466834999935,40.001651214000049],[-75.094609010999989,40.001596904000053],[-75.096994543999983,40.00137372100005],[-75.099899813999969,40.001776680000035],[-75.10299499599995,40.002194241000041],[-75.10300618499997,40.002195484000026],[-75.103179298999976,40.00209852200004],[-75.104132768999989,40.001564270000074],[-75.106149032999951,40.001800219000074],[-75.110045879999973,40.002316079000025],[-75.109875607999982,40.002997097000048],[-75.109858469999949,40.003065640000045],[-75.109847391999949,40.003116239000065],[-75.114077684999984,40.003607803000079],[-75.114098542999955,40.003505681000036],[-75.114229553999962,40.002864248000037],[-75.114199259999964,40.002822398000035],[-75.11428200499995,40.002092180000034],[-75.114548887999945,40.000822331000052],[-75.114874974999964,39.99942833700004],[-75.115202677999946,39.997992545000045],[-75.115440737999961,39.996763871000041],[-75.114334368999948,39.996591052000042],[-75.113467242999945,39.996455596000033],[-75.113463502999934,39.996451740000055],[-75.113444625999989,39.996432273000039],[-75.113016594999976,39.995996053000056],[-75.112211459999969,39.995175495000069],[-75.110258132999945,39.992959491000079],[-75.109339475999946,39.991911971000036],[-75.108312419999947,39.99073375100005],[-75.107047093999938,39.989315364000049],[-75.106324752999967,39.988526425000032],[-75.104934869999965,39.989248123000039],[-75.103768173999981,39.989846632000081],[-75.101460108999959,39.991044198000054],[-75.099139267999988,39.992241424000042],[-75.096881812999982,39.993440071000066],[-75.094369640999957,39.99465232700004],[-75.091929719999939,39.995963920000065],[-75.089308924999955,39.997349449000069],[-75.086948804999963,39.998565072000076],[-75.086492892999956,39.998796622000043],[-75.086327422999943,39.998883958000079],[-75.086343150999937,39.998899593000033],[-75.086380408999958,39.998936631000049],[-75.087108645999933,39.999839784000073],[-75.087479692999977,40.000606530000027],[-75.087475511999969,40.001300650000076]]]},"properties":{"OBJECTID":75,"NAME":"HARROWGATE","LISTNAME":"Harrowgate","MAPNAME":"Harrowgate","Shape_Leng":23231.246815800001,"Shape_Length":0.075191919446411737,"Shape_Area":0.00024838342079604398}},{"type":"Feature","id":76,"geometry":{"type":"Polygon","coordinates":[[[-75.135374069999955,39.997093466000081],[-75.134617341999956,39.998317818000032],[-75.13440967799994,39.999226091000025],[-75.134068625999987,40.000795330000074],[-75.133930763999956,40.00157239300006],[-75.133751683999947,40.002298717000031],[-75.133950413999969,40.003863658000057],[-75.134167797999964,40.004915894000078],[-75.134735109999951,40.004796039000041],[-75.135600324999984,40.004543522000063],[-75.137681648999944,40.003731196000047],[-75.138338092999959,40.003500777000056],[-75.139070834999984,40.003243571000041],[-75.13946253499995,40.003106074000073],[-75.139881119999984,40.002962628000034],[-75.139873565999949,40.002933433000067],[-75.140054758999952,40.001968835000071],[-75.140573957999948,39.999984631000075],[-75.140899435999984,39.998389275000079],[-75.141230341999972,39.996906911000053],[-75.141522710999936,39.995408620000035],[-75.141834616999972,39.993910773000039],[-75.142185237999968,39.992337851000059],[-75.142174610999973,39.992336351000063],[-75.142164699999967,39.992334954000057],[-75.141530266999951,39.992243747000032],[-75.140886863999981,39.992181360000075],[-75.14025550599996,39.992128796000031],[-75.139760818999946,39.992074561000038],[-75.13926595199996,39.992025097000067],[-75.138366020999968,39.991906984000025],[-75.137893626999983,39.991844980000053],[-75.137360432999969,39.991774993000035],[-75.136166485999979,39.991618268000025],[-75.136145733999967,39.99161554300008],[-75.135811467999986,39.993153887000062],[-75.135579895999967,39.994627740000055],[-75.135498568999935,39.996172247000061],[-75.135374069999955,39.997093466000081]]]},"properties":{"OBJECTID":76,"NAME":"FAIRHILL","LISTNAME":"Fairhill","MAPNAME":"Fairhill","Shape_Leng":12327.765009700001,"Shape_Length":0.03671522070023181,"Shape_Area":7.3625475756881442e-05}},{"type":"Feature","id":77,"geometry":{"type":"Polygon","coordinates":[[[-75.127846659999989,40.005316058000062],[-75.129969293999977,40.00522047000004],[-75.131929523999986,40.005198718000031],[-75.131976136999981,40.005198200000052],[-75.13274688599995,40.005216072000053],[-75.134167797999964,40.004915894000078],[-75.133950413999969,40.003863658000057],[-75.133751683999947,40.002298717000031],[-75.133930763999956,40.00157239300006],[-75.134068625999987,40.000795330000074],[-75.13440967799994,39.999226091000025],[-75.134617341999956,39.998317818000032],[-75.135374069999955,39.997093466000081],[-75.133823593999978,39.996537477000061],[-75.131937088999962,39.995586812000056],[-75.130636923999987,39.994733541000073],[-75.129512111999986,39.993867450000039],[-75.128454773999977,39.992952462000062],[-75.127548352999952,39.992091337000033],[-75.127108024999984,39.991678723000064],[-75.126828841999952,39.991406016000042],[-75.126549076999936,39.991154403000053],[-75.126189680999971,39.99081539000008],[-75.12579504699994,39.990462714000046],[-75.125749620999954,39.99036908000005],[-75.12598802399998,39.990271853000024],[-75.125490139999954,39.989839188000076],[-75.125090793999959,39.990057793000062],[-75.124988205999955,39.990113949000033],[-75.12483851199994,39.990195891000042],[-75.124649658999942,39.990299268000058],[-75.124519586999952,39.990370468000037],[-75.124358513999937,39.990448953000055],[-75.123686153999984,39.990838281000038],[-75.122558200999947,39.991430315000059],[-75.121551046999969,39.992002533000061],[-75.120308365999961,39.992674984000075],[-75.119693622999989,39.993018909000057],[-75.118271429999936,39.993806197000026],[-75.118042251999952,39.993928639000046],[-75.115778087999956,39.995169868000062],[-75.114886526999953,39.995652438000036],[-75.114437712999973,39.995905307000044],[-75.114222212999948,39.996023747000038],[-75.113996177999979,39.996147977000078],[-75.113463502999934,39.996451740000055],[-75.113467242999945,39.996455596000033],[-75.114334368999948,39.996591052000042],[-75.115440737999961,39.996763871000041],[-75.115202677999946,39.997992545000045],[-75.114874974999964,39.99942833700004],[-75.114548887999945,40.000822331000052],[-75.11428200499995,40.002092180000034],[-75.114199259999964,40.002822398000035],[-75.114229553999962,40.002864248000037],[-75.114098542999955,40.003505681000036],[-75.115684078999948,40.003689486000042],[-75.116802005999944,40.003819070000077],[-75.118442863999974,40.004009250000024],[-75.12004464599994,40.004212305000067],[-75.122327868999946,40.004501707000031],[-75.124006116999965,40.004714396000054],[-75.123969643999942,40.004883901000028],[-75.127846659999989,40.005316058000062]]]},"properties":{"OBJECTID":77,"NAME":"UPPER_KENSINGTON","LISTNAME":"Upper Kensington","MAPNAME":"Upper Kensington","Shape_Leng":19841.099277599998,"Shape_Length":0.063997209378752265,"Shape_Area":0.00022309987848326293}},{"type":"Feature","id":78,"geometry":{"type":"Polygon","coordinates":[[[-75.136145733999967,39.99161554300008],[-75.135498506999966,39.991530578000038],[-75.134901538999941,39.991452208000055],[-75.134361547999958,39.991381315000069],[-75.133823255999971,39.99131064200003],[-75.13338042099997,39.991252499000041],[-75.132921855999939,39.991192290000072],[-75.132448357999976,39.991129564000062],[-75.131938821999938,39.991063211000039],[-75.131450661999963,39.990999109000029],[-75.130914550999989,39.990928708000069],[-75.128997459999937,39.990722471000026],[-75.127046642999971,39.990416270000026],[-75.12598802399998,39.990271853000024],[-75.125749620999954,39.99036908000005],[-75.12579504699994,39.990462714000046],[-75.126189680999971,39.99081539000008],[-75.126549076999936,39.991154403000053],[-75.126828841999952,39.991406016000042],[-75.127108024999984,39.991678723000064],[-75.127548352999952,39.992091337000033],[-75.128454773999977,39.992952462000062],[-75.129512111999986,39.993867450000039],[-75.130636923999987,39.994733541000073],[-75.131937088999962,39.995586812000056],[-75.133823593999978,39.996537477000061],[-75.135374069999955,39.997093466000081],[-75.135498568999935,39.996172247000061],[-75.135579895999967,39.994627740000055],[-75.135811467999986,39.993153887000062],[-75.136145733999967,39.99161554300008]]]},"properties":{"OBJECTID":78,"NAME":"MCGUIRE","LISTNAME":"McGuire","MAPNAME":"McGuire","Shape_Leng":8681.6764593900007,"Shape_Length":0.027927561156179326,"Shape_Area":3.485946877393998e-05}},{"type":"Feature","id":79,"geometry":{"type":"Polygon","coordinates":[[[-75.155944472999977,39.996027146000074],[-75.15755958799997,39.995465723000052],[-75.159292057999949,39.994819527000061],[-75.159795332999977,39.994633707000048],[-75.159805111999958,39.994634990000065],[-75.159917222999979,39.994594144000075],[-75.161081491999937,39.994133764000026],[-75.162848108999981,39.99348262500007],[-75.163276234999955,39.993277270000078],[-75.163284425999962,39.993284924000079],[-75.164006471999983,39.992907328000058],[-75.165043141999945,39.99238069900008],[-75.166816995999966,39.99148387200006],[-75.167916556999955,39.99095006500005],[-75.168679926999971,39.990560259000063],[-75.169334497999955,39.990214884000068],[-75.170099978999986,39.989719218000062],[-75.170344988999943,39.98956056600008],[-75.17166152599998,39.989663133000079],[-75.173652956999945,39.988649618000068],[-75.173810662999983,39.98845245800004],[-75.174198481999952,39.988151013000049],[-75.174786084999937,39.987694271000066],[-75.174990197999989,39.987518787000056],[-75.175409274999936,39.987158484000076],[-75.174360349999972,39.987026763000074],[-75.171990408999989,39.986710538000068],[-75.169573887999945,39.986408823000033],[-75.167317494999963,39.986124024000048],[-75.164516620999962,39.985762020000038],[-75.161381662999986,39.985341904000052],[-75.158244739999986,39.984936471000026],[-75.156537993999962,39.984682074000034],[-75.156193048999967,39.986270940000054],[-75.154527368999936,39.993942232000052],[-75.155944472999977,39.996027146000074]]]},"properties":{"OBJECTID":79,"NAME":"STANTON","LISTNAME":"Stanton","MAPNAME":"Stanton","Shape_Leng":16115.7451693,"Shape_Length":0.052729166826987653,"Shape_Area":0.00012404080940259449}},{"type":"Feature","id":80,"geometry":{"type":"Polygon","coordinates":[[[-75.174360349999972,39.987026763000074],[-75.175409274999936,39.987158484000076],[-75.176087791999976,39.986801670000034],[-75.177723545999982,39.985985591000031],[-75.17879869099994,39.985278626000024],[-75.179243547999988,39.984986409000044],[-75.180311481999979,39.984268369000063],[-75.181536202999951,39.983464053000034],[-75.181794741999965,39.983292825000035],[-75.182272333999947,39.98297651300004],[-75.184205507999934,39.981668228000046],[-75.185496859999944,39.980807429000038],[-75.187316859999953,39.979583475000027],[-75.189227614999936,39.978841985000031],[-75.189760464999949,39.978250139000068],[-75.18984962199994,39.977916488000062],[-75.18974961899994,39.977316492000057],[-75.189692780999962,39.977138553000032],[-75.188944580999987,39.977061492000075],[-75.18874957099996,39.976916493000033],[-75.188149542999952,39.976616494000041],[-75.187387509999951,39.975360503000047],[-75.187265742999955,39.975056984000048],[-75.186683682999956,39.974982684000054],[-75.185099075999972,39.974776967000025],[-75.183466117999956,39.974568365000039],[-75.181854973999975,39.974358306000056],[-75.178856801999984,39.973966756000038],[-75.177862153999968,39.973834940000074],[-75.177855224999973,39.973832518000052],[-75.177850956999976,39.974250421000079],[-75.177121811999939,39.974329717000046],[-75.176882336999938,39.975510009000061],[-75.176138489999971,39.978849173000071],[-75.175983395999936,39.979574605000039],[-75.175367109999968,39.982457028000056],[-75.175355555999943,39.982461974000046],[-75.175311747999956,39.982714657000031],[-75.175046068999961,39.983958466000047],[-75.175025140999935,39.984022998000057],[-75.174794098999939,39.985069554000063],[-75.174692581999977,39.98550909800008],[-75.174515115999952,39.98631978800006],[-75.174514080999984,39.986324509000042],[-75.174360349999972,39.987026763000074]]]},"properties":{"OBJECTID":80,"NAME":"BREWERYTOWN","LISTNAME":"Brewerytown","MAPNAME":"Brewerytown","Shape_Leng":14790.6737359,"Shape_Length":0.046275187843953763,"Shape_Area":0.00011020812540593047}},{"type":"Feature","id":81,"geometry":{"type":"Polygon","coordinates":[[[-75.167218454999954,39.973400161000029],[-75.167730258999939,39.974322263000033],[-75.168547777999947,39.975747973000068],[-75.170286819999944,39.978847793000057],[-75.172799247999933,39.979163224000047],[-75.174392977999958,39.979382729000065],[-75.175983395999936,39.979574605000039],[-75.176138489999971,39.978849173000071],[-75.176882336999938,39.975510009000061],[-75.177121811999939,39.974329717000046],[-75.177850956999976,39.974250421000079],[-75.177855224999973,39.973832518000052],[-75.177856103999943,39.97378615100007],[-75.177886538999985,39.972440515000073],[-75.177538630999948,39.972397509000075],[-75.177028769999936,39.97233447900004],[-75.176598088999981,39.972281238000051],[-75.17654117099994,39.972313228000075],[-75.172124847999953,39.972822819000044],[-75.171003234999944,39.972952433000046],[-75.170432054999935,39.973018603000071],[-75.168873934999965,39.973199699000077],[-75.167218454999954,39.973400161000029]]]},"properties":{"OBJECTID":81,"NAME":"SHARSWOOD","LISTNAME":"Sharswood","MAPNAME":"Sharswood","Shape_Leng":9641.8910124899994,"Shape_Length":0.030655613893633402,"Shape_Area":5.2688699605020015e-05}},{"type":"Feature","id":82,"geometry":{"type":"Polygon","coordinates":[[[-75.156537993999962,39.984682074000034],[-75.158244739999986,39.984936471000026],[-75.161381662999986,39.985341904000052],[-75.164516620999962,39.985762020000038],[-75.167317494999963,39.986124024000048],[-75.169573887999945,39.986408823000033],[-75.171990408999989,39.986710538000068],[-75.174360349999972,39.987026763000074],[-75.174514080999984,39.986324509000042],[-75.174515115999952,39.98631978800006],[-75.174692581999977,39.98550909800008],[-75.174794098999939,39.985069554000063],[-75.175025140999935,39.984022998000057],[-75.175046068999961,39.983958466000047],[-75.175311747999956,39.982714657000031],[-75.175355555999943,39.982461974000046],[-75.175367109999968,39.982457028000056],[-75.175983395999936,39.979574605000039],[-75.174392977999958,39.979382729000065],[-75.172799247999933,39.979163224000047],[-75.170286819999944,39.978847793000057],[-75.168547777999947,39.975747973000068],[-75.167730258999939,39.974322263000033],[-75.167218454999954,39.973400161000029],[-75.166537983999945,39.972383053000044],[-75.16633595899998,39.97235775200005],[-75.162702267999975,39.971881407000069],[-75.161122069999976,39.971685937000075],[-75.160285831999943,39.971579230000032],[-75.159343685999943,39.971450606000076],[-75.159342252999977,39.971456894000028],[-75.159143286999949,39.97232987700005],[-75.158955215999981,39.973156632000041],[-75.158712628999979,39.974428875000058],[-75.158691216999955,39.97454218300004],[-75.158449435999955,39.975821632000077],[-75.158445393999955,39.975840494000067],[-75.157514499999934,39.980183743000055],[-75.156537993999962,39.984682074000034]]]},"properties":{"OBJECTID":82,"NAME":"NORTH_CENTRAL","LISTNAME":"North Central","MAPNAME":"North Central","Shape_Leng":19020.100919699998,"Shape_Length":0.059609163468924684,"Shape_Area":0.00019470205624284935}},{"type":"Feature","id":83,"geometry":{"type":"Polygon","coordinates":[[[-75.157514499999934,39.980183743000055],[-75.158445393999955,39.975840494000067],[-75.158449435999955,39.975821632000077],[-75.158691216999955,39.97454218300004],[-75.158712628999979,39.974428875000058],[-75.158955215999981,39.973156632000041],[-75.159143286999949,39.97232987700005],[-75.159342252999977,39.971456894000028],[-75.152572893999945,39.970573122000076],[-75.15097303899995,39.970519361000072],[-75.150601390999952,39.972118474000069],[-75.150315229999933,39.973385190000045],[-75.150039292999963,39.974759684000048],[-75.149734121999984,39.97618460700005],[-75.14942671099999,39.977576749000036],[-75.149091302999977,39.979115235000052],[-75.149111002999973,39.979117829000074],[-75.149835254999971,39.979213213000037],[-75.150346500999945,39.979280542000026],[-75.150699261999989,39.979326996000054],[-75.151465106999979,39.979427847000068],[-75.152295772999935,39.979537228000027],[-75.157514499999934,39.980183743000055]]]},"properties":{"OBJECTID":83,"NAME":"YORKTOWN","LISTNAME":"Yorktown","MAPNAME":"Yorktown","Shape_Leng":11213.9637532,"Shape_Length":0.034635142139844685,"Shape_Area":7.5257799596169659e-05}},{"type":"Feature","id":84,"geometry":{"type":"Polygon","coordinates":[[[-75.145041484999979,39.978581782000049],[-75.145832415999962,39.978685978000044],[-75.146249800999954,39.978740962000074],[-75.146617167999977,39.978789354000071],[-75.147364266999944,39.978887764000035],[-75.148151083999949,39.978991400000041],[-75.148545428999967,39.979043340000032],[-75.149091302999977,39.979115235000052],[-75.14942671099999,39.977576749000036],[-75.149734121999984,39.97618460700005],[-75.150039292999963,39.974759684000048],[-75.150315229999933,39.973385190000045],[-75.150601390999952,39.972118474000069],[-75.15097303899995,39.970519361000072],[-75.150430935999964,39.970501139000078],[-75.146545531999948,39.970383127000048],[-75.146292502999984,39.971561941000061],[-75.146103637999943,39.972805016000052],[-75.146082916999944,39.97291933300005],[-75.145853712999951,39.974183874000062],[-75.145606045999955,39.975637782000035],[-75.145509370999946,39.976205965000077],[-75.145326616999967,39.977066025000056],[-75.145324617999961,39.97707665300004],[-75.145041484999979,39.978581782000049]]]},"properties":{"OBJECTID":84,"NAME":"LUDLOW","LISTNAME":"Ludlow","MAPNAME":"Ludlow","Shape_Leng":8574.1696870600008,"Shape_Length":0.025651365499788963,"Shape_Area":3.6062093620183974e-05}},{"type":"Feature","id":85,"geometry":{"type":"Polygon","coordinates":[[[-75.144967669999971,39.979005226000027],[-75.144946080999944,39.979177578000076],[-75.144792138999946,39.980067098000063],[-75.144509804999984,39.98157017300008],[-75.144243557999971,39.983068243000048],[-75.14404742399995,39.983616368000071],[-75.144059461999973,39.983722858000078],[-75.144050168999968,39.983724144000064],[-75.143843542999946,39.984685367000054],[-75.143501157999935,39.986271012000032],[-75.143499605999978,39.98627814200006],[-75.143168055999979,39.987769128000025],[-75.142846215999953,39.989259613000058],[-75.142520181999942,39.99075696400007],[-75.142174610999973,39.992336351000063],[-75.142185237999968,39.992337851000059],[-75.141834616999972,39.993910773000039],[-75.141522710999936,39.995408620000035],[-75.141230341999972,39.996906911000053],[-75.140899435999984,39.998389275000079],[-75.140573957999948,39.999984631000075],[-75.140054758999952,40.001968835000071],[-75.141473631999986,40.001437144000079],[-75.143337028999952,40.000743618000058],[-75.146197077999943,39.99967846800007],[-75.148788422999985,39.998712282000042],[-75.151492659999974,39.997696035000047],[-75.153416605999951,39.996977442000059],[-75.153896629999963,39.996817880000037],[-75.153993333999949,39.996783735000065],[-75.155502689999935,39.996180706000075],[-75.155944472999977,39.996027146000074],[-75.154527368999936,39.993942232000052],[-75.156193048999967,39.986270940000054],[-75.156537993999962,39.984682074000034],[-75.157514499999934,39.980183743000055],[-75.152295772999935,39.979537228000027],[-75.151465106999979,39.979427847000068],[-75.150699261999989,39.979326996000054],[-75.150346500999945,39.979280542000026],[-75.149835254999971,39.979213213000037],[-75.149111002999973,39.979117829000074],[-75.149091302999977,39.979115235000052],[-75.148545428999967,39.979043340000032],[-75.148151083999949,39.978991400000041],[-75.147364266999944,39.978887764000035],[-75.146617167999977,39.978789354000071],[-75.146249800999954,39.978740962000074],[-75.145832415999962,39.978685978000044],[-75.145041484999979,39.978581782000049],[-75.144967669999971,39.979005226000027]]]},"properties":{"OBJECTID":85,"NAME":"HARTRANFT","LISTNAME":"Hartranft","MAPNAME":"Hartranft","Shape_Leng":23082.015936,"Shape_Length":0.070087529226125642,"Shape_Area":0.00025621889090376819}},{"type":"Feature","id":86,"geometry":{"type":"Polygon","coordinates":[[[-75.134002575999943,39.976333846000045],[-75.13383338899996,39.977150403000053],[-75.133508756999959,39.978644709000037],[-75.133196109999972,39.980104004000054],[-75.133226726999965,39.980120832000068],[-75.132948133999946,39.981593603000078],[-75.132944584999962,39.981612364000057],[-75.132630722999977,39.98314926300003],[-75.132269062999967,39.984759970000027],[-75.131946857999935,39.986316320000071],[-75.131513034999955,39.986532867000051],[-75.131353414999978,39.986623853000026],[-75.130793170999937,39.986930416000064],[-75.130220182999949,39.987239074000058],[-75.130179934999944,39.987260564000053],[-75.129739099999938,39.987552415000039],[-75.12853533699996,39.988174486000048],[-75.127989282999977,39.98848679300005],[-75.127439060999961,39.988818494000043],[-75.126948631999937,39.989064813000027],[-75.126454037999963,39.98933052700005],[-75.12599739999996,39.98957800200003],[-75.125490139999954,39.989839188000076],[-75.12598802399998,39.990271853000024],[-75.127046642999971,39.990416270000026],[-75.128997459999937,39.990722471000026],[-75.130914550999989,39.990928708000069],[-75.131450661999963,39.990999109000029],[-75.131938821999938,39.991063211000039],[-75.132448357999976,39.991129564000062],[-75.132921855999939,39.991192290000072],[-75.13338042099997,39.991252499000041],[-75.133823255999971,39.99131064200003],[-75.134361547999958,39.991381315000069],[-75.134901538999941,39.991452208000055],[-75.135498506999966,39.991530578000038],[-75.136145733999967,39.99161554300008],[-75.136166485999979,39.991618268000025],[-75.137360432999969,39.991774993000035],[-75.137893626999983,39.991844980000053],[-75.138366020999968,39.991906984000025],[-75.13926595199996,39.992025097000067],[-75.139760818999946,39.992074561000038],[-75.14025550599996,39.992128796000031],[-75.140886863999981,39.992181360000075],[-75.141530266999951,39.992243747000032],[-75.142164699999967,39.992334954000057],[-75.142174610999973,39.992336351000063],[-75.142520181999942,39.99075696400007],[-75.142846215999953,39.989259613000058],[-75.143168055999979,39.987769128000025],[-75.143499605999978,39.98627814200006],[-75.143501157999935,39.986271012000032],[-75.143843542999946,39.984685367000054],[-75.144050168999968,39.983724144000064],[-75.144059461999973,39.983722858000078],[-75.14404742399995,39.983616368000071],[-75.144243557999971,39.983068243000048],[-75.144509804999984,39.98157017300008],[-75.144792138999946,39.980067098000063],[-75.144946080999944,39.979177578000076],[-75.144967669999971,39.979005226000027],[-75.145041484999979,39.978581782000049],[-75.145324617999961,39.97707665300004],[-75.145290177999982,39.977072760000055],[-75.143528635999985,39.976871776000053],[-75.140666847999967,39.976500010000052],[-75.138717526999983,39.97625199600003],[-75.137061222999989,39.976035081000077],[-75.134332314999938,39.974995525000054],[-75.134002575999943,39.976333846000045]]]},"properties":{"OBJECTID":86,"NAME":"WEST_KENSINGTON","LISTNAME":"Kensington, West","MAPNAME":"West Kensington","Shape_Leng":20074.240946599999,"Shape_Length":0.062785153148504358,"Shape_Area":0.00019143008509753164}},{"type":"Feature","id":87,"geometry":{"type":"Polygon","coordinates":[[[-75.12717601099996,39.960864968000067],[-75.125699438999959,39.961824374000059],[-75.125419438999984,39.961961374000055],[-75.123908440999969,39.962702367000077],[-75.123819439999977,39.962745366000036],[-75.123560440999938,39.962903366000035],[-75.123302440999964,39.963060364000057],[-75.119489443999953,39.965373346000035],[-75.11895644599997,39.965536345000032],[-75.118901444999949,39.965553344000057],[-75.118204445999936,39.965942341000073],[-75.114284449999957,39.967745324000077],[-75.113511290999952,39.968068044000063],[-75.113223964999975,39.968187973000056],[-75.113491328999942,39.968582340000069],[-75.113498575999984,39.968579539000075],[-75.115080972999976,39.971030153000072],[-75.115660292999962,39.971749689000035],[-75.117044788999976,39.973469216000069],[-75.118307698999956,39.974539758000049],[-75.11691108499997,39.975245140000027],[-75.115893357999937,39.975763562000054],[-75.114627881999979,39.976431257000058],[-75.113446985999985,39.977054303000045],[-75.114062076999971,39.977683876000071],[-75.114355576999969,39.978027849000057],[-75.114608334999957,39.978292199000066],[-75.114817732999938,39.978544312000054],[-75.115195784999969,39.978968914000063],[-75.115544644999943,39.979392843000028],[-75.115866922999942,39.979748715000028],[-75.116189204999955,39.980104586000039],[-75.116889127999968,39.98089628300005],[-75.117395155999986,39.981456515000048],[-75.117407543999946,39.98147023000007],[-75.119188756999961,39.983551427000066],[-75.119689242999982,39.984114684000076],[-75.120250447999979,39.984757988000069],[-75.121537558999989,39.984064596000053],[-75.124392297999975,39.982677097000078],[-75.127578974999949,39.981385659000068],[-75.128548072999934,39.980520295000076],[-75.130447828999934,39.978591495000046],[-75.133189021999954,39.980137084000035],[-75.133222827999987,39.98014144800004],[-75.133226726999965,39.980120832000068],[-75.133196109999972,39.980104004000054],[-75.133508756999959,39.978644709000037],[-75.13383338899996,39.977150403000053],[-75.134002575999943,39.976333846000045],[-75.134332314999938,39.974995525000054],[-75.134553413999981,39.974263610000037],[-75.134559657999944,39.974264580000067],[-75.135306925999942,39.97186186600004],[-75.136225945999968,39.968888895000077],[-75.136720026999967,39.96729046400003],[-75.136733299999946,39.967248039000026],[-75.134419316999981,39.96702235500004],[-75.130478487999937,39.966303495000034],[-75.12717601099996,39.960864968000067]]]},"properties":{"OBJECTID":87,"NAME":"FISHTOWN","LISTNAME":"Fishtown - Lower Kensington","MAPNAME":"Fishtown - Lower Kensington","Shape_Leng":25973.395800499999,"Shape_Length":0.081099524621609909,"Shape_Area":0.00032943745861471188}},{"type":"Feature","id":88,"geometry":{"type":"Polygon","coordinates":[[[-75.134332314999938,39.974995525000054],[-75.137061222999989,39.976035081000077],[-75.138717526999983,39.97625199600003],[-75.140666847999967,39.976500010000052],[-75.143528635999985,39.976871776000053],[-75.145290177999982,39.977072760000055],[-75.145324617999961,39.97707665300004],[-75.145326616999967,39.977066025000056],[-75.145509370999946,39.976205965000077],[-75.145606045999955,39.975637782000035],[-75.145853712999951,39.974183874000062],[-75.146082916999944,39.97291933300005],[-75.146103637999943,39.972805016000052],[-75.146292502999984,39.971561941000061],[-75.146545531999948,39.970383127000048],[-75.145016406999957,39.970193815000073],[-75.144063638999967,39.970073306000074],[-75.141516557999978,39.969760692000079],[-75.139578004999976,39.969517420000045],[-75.136789896999971,39.96899219800008],[-75.136225945999968,39.968888895000077],[-75.135306925999942,39.97186186600004],[-75.134559657999944,39.974264580000067],[-75.134553413999981,39.974263610000037],[-75.134332314999938,39.974995525000054]]]},"properties":{"OBJECTID":88,"NAME":"OLD_KENSINGTON","LISTNAME":"Kensington, Old","MAPNAME":"Old Kensington","Shape_Leng":10913.733421000001,"Shape_Length":0.034885266043385009,"Shape_Area":7.3195514134516041e-05}},{"type":"Feature","id":89,"geometry":{"type":"Polygon","coordinates":[[[-75.12717601099996,39.960864968000067],[-75.130478487999937,39.966303495000034],[-75.134419316999981,39.96702235500004],[-75.136733299999946,39.967248039000026],[-75.136720026999967,39.96729046400003],[-75.136225945999968,39.968888895000077],[-75.136789896999971,39.96899219800008],[-75.139578004999976,39.969517420000045],[-75.141516557999978,39.969760692000079],[-75.144063638999967,39.970073306000074],[-75.145016406999957,39.970193815000073],[-75.146545531999948,39.970383127000048],[-75.146762657999943,39.969313336000027],[-75.147161154999935,39.967114142000071],[-75.14718621999998,39.966998696000076],[-75.147421834999989,39.965913463000049],[-75.147676622999938,39.96451267100008],[-75.147864075999962,39.963501657000052],[-75.148210568999957,39.96127905000003],[-75.148908227999982,39.95754818000006],[-75.148616775999983,39.957539817000054],[-75.147961084999963,39.957485244000054],[-75.147446511999988,39.957438754000066],[-75.146518780999941,39.957268032000059],[-75.145453151999959,39.957071922000068],[-75.144618575999971,39.956915928000058],[-75.144006282999953,39.956729905000032],[-75.143194412999947,39.956544788000031],[-75.142439503999981,39.956312289000039],[-75.141554430999975,39.955727626000055],[-75.141393517999973,39.955478433000053],[-75.141219525999986,39.955459044000065],[-75.14056889699998,39.95554269400003],[-75.140378077999969,39.955533225000067],[-75.139928605999955,39.956904462000068],[-75.13965337999997,39.957654434000062],[-75.139198103999945,39.959302226000034],[-75.138987806999978,39.960312479000038],[-75.138986510999985,39.960318700000073],[-75.138982660999943,39.960329837000074],[-75.138944747999972,39.960439502000042],[-75.138863838999953,39.960430078000059],[-75.137169470999936,39.960212308000052],[-75.131393800999945,39.957735189000061],[-75.13058943599998,39.958609397000032],[-75.13040243599994,39.958738397000047],[-75.130284488999962,39.958819926000047],[-75.12975129199998,39.959188489000041],[-75.129683435999937,39.959235393000029],[-75.129588435999949,39.959297393000043],[-75.12717601099996,39.960864968000067]]]},"properties":{"OBJECTID":89,"NAME":"NORTHERN_LIBERTIES","LISTNAME":"Northern Liberties","MAPNAME":"Northern Liberties","Shape_Leng":20685.0153986,"Shape_Length":0.065350327163161762,"Shape_Area":0.00019893259232675524}},{"type":"Feature","id":90,"geometry":{"type":"Polygon","coordinates":[[[-75.144766886999946,40.03909505200005],[-75.14478999399995,40.039099745000044],[-75.146670773999972,40.039059854000072],[-75.14850955299994,40.039018455000075],[-75.150156985999956,40.039034994000076],[-75.152149784999949,40.039204688000041],[-75.154488757999957,40.03950677000006],[-75.15716920899996,40.04077176900006],[-75.158362808999982,40.04145754700005],[-75.158411342999955,40.041494363000027],[-75.158407644999954,40.041451416000029],[-75.158451050999986,40.040735934000054],[-75.158468914999958,40.039426941000045],[-75.158503098999972,40.038532134000036],[-75.158476588999974,40.037543313000072],[-75.158330608999961,40.036737088000052],[-75.158333206999941,40.036688041000048],[-75.156218644999967,40.036659317000044],[-75.155336571999953,40.035704902000077],[-75.155619610999963,40.03443091500003],[-75.155940223999949,40.032987752000054],[-75.15574570299998,40.032422663000034],[-75.154815828999972,40.031520071000045],[-75.154847558999961,40.031515539000054],[-75.156510373999936,40.031123973000035],[-75.157133168999962,40.031064831000037],[-75.158122469999967,40.030827754000029],[-75.159110349999935,40.030297124000072],[-75.159111128999939,40.030283822000058],[-75.159572966999974,40.030092378000063],[-75.160600320999947,40.02946595800006],[-75.162051234999979,40.028316817000075],[-75.16207839499998,40.028294097000071],[-75.16144789699996,40.027815632000056],[-75.16106094099996,40.027300913000033],[-75.160598285999981,40.026756242000033],[-75.160083235999934,40.026001336000036],[-75.159963776999973,40.025568927000052],[-75.159947867999961,40.025015693000057],[-75.159618475999935,40.023929384000041],[-75.159600939999962,40.023960414000044],[-75.159043777999955,40.022809586000051],[-75.159549350999953,40.022301833000029],[-75.160286646999964,40.021383976000038],[-75.160671510999975,40.020499700000073],[-75.160796484999935,40.02016879100006],[-75.160701834999941,40.020197277000079],[-75.159291800999938,40.020448815000066],[-75.157042064999985,40.020599519000029],[-75.156394430999967,40.020616374000042],[-75.153804854999976,40.020230425000079],[-75.152223685999957,40.020030948000056],[-75.150667798999962,40.019813131000035],[-75.14905529899994,40.019614146000038],[-75.147227093999959,40.019392167000035],[-75.147130078999965,40.019380373000047],[-75.145372287999976,40.019273453000039],[-75.143399604999956,40.019327069000042],[-75.139964371999952,40.02094203200005],[-75.139355224999974,40.023440430000051],[-75.138662179999983,40.02653478600007],[-75.138385528999947,40.028041524000059],[-75.137733766999986,40.031126307000079],[-75.137400023999987,40.032694788000072],[-75.138991803999943,40.032888599000046],[-75.14000535699995,40.034256553000034],[-75.139323975999957,40.034913522000068],[-75.138137180999934,40.035916236000048],[-75.136473943999988,40.037244326000064],[-75.137897980999981,40.037584890000062],[-75.14018674099998,40.038107764000074],[-75.141799143999947,40.03845225200007],[-75.144766886999946,40.03909505200005]]]},"properties":{"OBJECTID":90,"NAME":"LOGAN","LISTNAME":"Logan","MAPNAME":"Logan","Shape_Leng":29512.474657999999,"Shape_Length":0.094673732934225929,"Shape_Area":0.00038269080427095489}},{"type":"Feature","id":91,"geometry":{"type":"Polygon","coordinates":[[[-75.142805517999989,39.946656720000078],[-75.154258092999953,39.948094511000079],[-75.155494589999989,39.942377130000068],[-75.155450597999959,39.942371515000048],[-75.153890906999948,39.942171941000026],[-75.152321702999984,39.941967747000035],[-75.151570963999973,39.941876170000057],[-75.151173932999939,39.941828120000025],[-75.150731661999941,39.941774198000076],[-75.150443077999967,39.941739068000061],[-75.149584339999933,39.941633066000065],[-75.149165402999984,39.94158352200003],[-75.148107669999945,39.941454154000041],[-75.147583946999987,39.94138429800006],[-75.146711164999942,39.941283706000036],[-75.145818708999968,39.941176336000069],[-75.145598352999968,39.941151060000038],[-75.145014646999982,39.941084104000026],[-75.144059381999966,39.940974522000033],[-75.14393058099995,39.941533986000024],[-75.14384866499995,39.941888959000039],[-75.143625233999956,39.942853984000067],[-75.143511023999963,39.943430146000026],[-75.143371004999949,39.944202035000046],[-75.143086842999935,39.945320109000079],[-75.142878875999941,39.946308189000035],[-75.142807879999964,39.946645495000041],[-75.142805517999989,39.946656720000078]]]},"properties":{"OBJECTID":91,"NAME":"SOCIETY_HILL","LISTNAME":"Society Hill","MAPNAME":"Society Hill","Shape_Leng":10711.7713783,"Shape_Length":0.034733450104066602,"Shape_Area":6.7178498967836693e-05}},{"type":"Feature","id":92,"geometry":{"type":"Polygon","coordinates":[[[-75.140378077999969,39.955533225000067],[-75.14056889699998,39.95554269400003],[-75.141219525999986,39.955459044000065],[-75.141393517999973,39.955478433000053],[-75.141554430999975,39.955727626000055],[-75.142439503999981,39.956312289000039],[-75.143194412999947,39.956544788000031],[-75.144006282999953,39.956729905000032],[-75.144618575999971,39.956915928000058],[-75.145453151999959,39.957071922000068],[-75.146518780999941,39.957268032000059],[-75.147446511999988,39.957438754000066],[-75.147961084999963,39.957485244000054],[-75.148616775999983,39.957539817000054],[-75.148940183999969,39.957549097000026],[-75.149029048999978,39.95755164600007],[-75.149293221999983,39.957557636000047],[-75.150449885999933,39.95741264000003],[-75.150975968999944,39.957290607000061],[-75.151101690999951,39.957141818000025],[-75.151184064999939,39.956958425000039],[-75.151248014999965,39.956976550000036],[-75.151833849999946,39.956989819000057],[-75.152133485999968,39.956961641000078],[-75.152310762999946,39.956965656000079],[-75.15234103399996,39.956966341000054],[-75.152353968999989,39.956966634000025],[-75.153844707999951,39.957020357000033],[-75.153913287999956,39.957028575000038],[-75.154714322999951,39.953351017000045],[-75.155156147999946,39.951327556000081],[-75.153600192999988,39.951136204000079],[-75.154258092999953,39.948094511000079],[-75.142805517999989,39.946656720000078],[-75.142676458999972,39.947270030000027],[-75.142632999999989,39.947476343000062],[-75.14257887499997,39.947735330000057],[-75.142482245999986,39.948192559000063],[-75.141783428999986,39.951421758000038],[-75.141673394999941,39.951602971000057],[-75.141681669999969,39.95160988400005],[-75.140928746999975,39.953640603000053],[-75.14074213899994,39.954105863000052],[-75.140378077999969,39.955533225000067]]]},"properties":{"OBJECTID":92,"NAME":"OLD_CITY","LISTNAME":"Old City","MAPNAME":"Old City","Shape_Leng":14323.3716974,"Shape_Length":0.045499010074309135,"Shape_Area":0.00012292771172917294}},{"type":"Feature","id":93,"geometry":{"type":"Polygon","coordinates":[[[-75.153913287999956,39.957028575000038],[-75.153952105999963,39.957033227000068],[-75.155470918999981,39.957215232000067],[-75.155838956999958,39.957260416000054],[-75.157055882999941,39.957409613000038],[-75.157342523999944,39.957443437000052],[-75.157676329999958,39.95748782000004],[-75.157837117999975,39.957507274000079],[-75.15823464999994,39.955668425000056],[-75.157466426999974,39.95557376000005],[-75.157860673999949,39.953750802000059],[-75.154714322999951,39.953351017000045],[-75.153913287999956,39.957028575000038]]]},"properties":{"OBJECTID":93,"NAME":"CHINATOWN","LISTNAME":"Chinatown","MAPNAME":"Chinatown","Shape_Leng":4936.5246168499998,"Shape_Length":0.015408847512238272,"Shape_Area":1.3318698592141317e-05}},{"type":"Feature","id":94,"geometry":{"type":"Polygon","coordinates":[[[-75.154714322999951,39.953351017000045],[-75.157860673999949,39.953750802000059],[-75.157466426999974,39.95557376000005],[-75.15823464999994,39.955668425000056],[-75.157837117999975,39.957507274000079],[-75.157869705999985,39.957511297000053],[-75.158173464999948,39.957545531000051],[-75.158643042999984,39.957602485000052],[-75.160226921999936,39.957802106000031],[-75.16074045199997,39.957869925000068],[-75.161187482999935,39.957930758000032],[-75.161680086999979,39.957994087000031],[-75.162424592999969,39.95809541300008],[-75.16242903899996,39.95807710400004],[-75.162839962999954,39.956216422000068],[-75.163029567999956,39.955335381000054],[-75.163221030999978,39.954451253000059],[-75.163350282999943,39.95392537400005],[-75.163468984999952,39.953406586000028],[-75.165022284999964,39.953586091000034],[-75.16522428199994,39.952579204000074],[-75.165295666999953,39.952287287000047],[-75.165241811999977,39.952003188000049],[-75.165178088999937,39.951886191000028],[-75.165052787999969,39.951813216000062],[-75.16489280899998,39.951762201000065],[-75.164605118999987,39.95170895900003],[-75.164595951999956,39.951707502000033],[-75.164021133999938,39.951630678000072],[-75.163824770999952,39.951614611000025],[-75.163058725999974,39.951539635000074],[-75.163015878999943,39.951535143000058],[-75.162775996999983,39.951528734000078],[-75.162715856999966,39.951662815000077],[-75.16261901699994,39.952115630000037],[-75.162434794999967,39.952193869000041],[-75.162412402999962,39.952202255000032],[-75.162297554999952,39.952218751000032],[-75.155156147999946,39.951327556000081],[-75.154714322999951,39.953351017000045]]]},"properties":{"OBJECTID":94,"NAME":"CENTER_CITY","LISTNAME":"Center City East","MAPNAME":"Center City East","Shape_Leng":10358.090097599999,"Shape_Length":0.033097135946108198,"Shape_Area":4.0130165434562015e-05}},{"type":"Feature","id":95,"geometry":{"type":"Polygon","coordinates":[[[-75.162297554999952,39.952218751000032],[-75.162412402999962,39.952202255000032],[-75.162434794999967,39.952193869000041],[-75.16261901699994,39.952115630000037],[-75.162715856999966,39.951662815000077],[-75.162775996999983,39.951528734000078],[-75.163015878999943,39.951535143000058],[-75.163058725999974,39.951539635000074],[-75.163824770999952,39.951614611000025],[-75.163997470999959,39.95083654900003],[-75.16414931199995,39.950151782000034],[-75.164235119999944,39.949770320000027],[-75.164331190999974,39.94933633200003],[-75.164471623999987,39.948708657000054],[-75.164579967999941,39.94821253300006],[-75.164744226999971,39.947439448000068],[-75.164934602999949,39.94663977700003],[-75.165022244999989,39.946239995000042],[-75.165165934999948,39.945566147000079],[-75.165272318999939,39.94494398900008],[-75.165337763999958,39.944667081000034],[-75.16546348299994,39.944078711000031],[-75.165571463999981,39.943667088000041],[-75.164364139999975,39.943514339000046],[-75.164127970999971,39.943481628000029],[-75.163335576999941,39.943381090000059],[-75.162713211999971,39.943300779000026],[-75.161784673999989,39.943182239000066],[-75.16139941299997,39.943127717000039],[-75.160212472999945,39.942981322000037],[-75.159783192999953,39.942927763000057],[-75.159113856999966,39.94284033200006],[-75.158636773999945,39.942779553000037],[-75.158017676999975,39.942701833000058],[-75.157522972999971,39.942636796000045],[-75.157024866999961,39.942573482000057],[-75.156611798999961,39.942518980000045],[-75.156239685999935,39.942470535000041],[-75.155494589999989,39.942377130000068],[-75.154258092999953,39.948094511000079],[-75.153600192999988,39.951136204000079],[-75.155156147999946,39.951327556000081],[-75.162297554999952,39.952218751000032]]]},"properties":{"OBJECTID":95,"NAME":"WASHINGTON_SQUARE","LISTNAME":"Washington Square West","MAPNAME":"Washington Square West","Shape_Leng":12119.2682525,"Shape_Length":0.038026552314276554,"Shape_Area":8.9563206950423239e-05}},{"type":"Feature","id":96,"geometry":{"type":"Polygon","coordinates":[[[-75.177855224999973,39.973832518000052],[-75.177862153999968,39.973834940000074],[-75.178856801999984,39.973966756000038],[-75.181854973999975,39.974358306000056],[-75.183466117999956,39.974568365000039],[-75.185099075999972,39.974776967000025],[-75.186683682999956,39.974982684000054],[-75.187265742999955,39.975056984000048],[-75.187249503999965,39.975016505000042],[-75.187032493999936,39.974551508000047],[-75.186548052999967,39.973523311000065],[-75.186158108999962,39.973475088000043],[-75.185410212999955,39.973383700000056],[-75.185539644999949,39.972757690000037],[-75.185549425999966,39.972516521000045],[-75.18545669699995,39.97239210500004],[-75.185283456999969,39.972239761000026],[-75.184220935999974,39.971307964000061],[-75.18354833099994,39.970752829000048],[-75.183135113999981,39.970401456000047],[-75.182828151999956,39.970127925000043],[-75.182141015999946,39.969673254000043],[-75.18159783599998,39.969183928000064],[-75.180149170999982,39.96771655200007],[-75.179857111999979,39.967424508000079],[-75.179683071999989,39.967418913000074],[-75.173750248999966,39.967306785000062],[-75.172107265999955,39.967287142000032],[-75.171341966999989,39.967273696000063],[-75.171343097999966,39.96727775200003],[-75.171163538999963,39.968285976000061],[-75.170995344999938,39.969230352000068],[-75.170679843999949,39.970895863000067],[-75.170558533999952,39.971529500000031],[-75.170550265999964,39.971572681000055],[-75.170440705999965,39.972170814000037],[-75.170299158999967,39.972874843000056],[-75.171003234999944,39.972952433000046],[-75.172124847999953,39.972822819000044],[-75.17654117099994,39.972313228000075],[-75.176598088999981,39.972281238000051],[-75.177028769999936,39.97233447900004],[-75.177538630999948,39.972397509000075],[-75.177886538999985,39.972440515000073],[-75.177856103999943,39.97378615100007],[-75.177855224999973,39.973832518000052]]]},"properties":{"OBJECTID":96,"NAME":"FAIRMOUNT","LISTNAME":"Fairmount","MAPNAME":"Fairmount","Shape_Leng":13473.0527819,"Shape_Length":0.044118626079883767,"Shape_Area":7.7272182689717468e-05}},{"type":"Feature","id":97,"geometry":{"type":"Polygon","coordinates":[[[-75.159343685999943,39.971450606000076],[-75.160285831999943,39.971579230000032],[-75.161122069999976,39.971685937000075],[-75.162702267999975,39.971881407000069],[-75.16633595899998,39.97235775200005],[-75.166537983999945,39.972383053000044],[-75.167218454999954,39.973400161000029],[-75.168873934999965,39.973199699000077],[-75.170432054999935,39.973018603000071],[-75.171003234999944,39.972952433000046],[-75.170299158999967,39.972874843000056],[-75.170440705999965,39.972170814000037],[-75.170550265999964,39.971572681000055],[-75.170558533999952,39.971529500000031],[-75.170679843999949,39.970895863000067],[-75.170995344999938,39.969230352000068],[-75.171163538999963,39.968285976000061],[-75.171343097999966,39.96727775200003],[-75.171341966999989,39.967273696000063],[-75.17017597499995,39.967253201000062],[-75.16039335499994,39.967066995000039],[-75.16032331699995,39.967049220000035],[-75.160207227999933,39.967610741000044],[-75.160150104999957,39.967903577000072],[-75.160101484999984,39.968166321000069],[-75.160007448999977,39.968570434000071],[-75.159904556999948,39.968996141000048],[-75.159631246999936,39.970184719000031],[-75.159346745999983,39.971437178000031],[-75.159343685999943,39.971450606000076]]]},"properties":{"OBJECTID":97,"NAME":"FRANCISVILLE","LISTNAME":"Francisville","MAPNAME":"Francisville","Shape_Leng":10512.743701699999,"Shape_Length":0.034228158929242421,"Shape_Area":5.7726240612811409e-05}},{"type":"Feature","id":98,"geometry":{"type":"Polygon","coordinates":[[[-75.160332499999981,39.967004804000055],[-75.16032331699995,39.967049220000035],[-75.16039335499994,39.967066995000039],[-75.17017597499995,39.967253201000062],[-75.171341966999989,39.967273696000063],[-75.172107265999955,39.967287142000032],[-75.173750248999966,39.967306785000062],[-75.179683071999989,39.967418913000074],[-75.179857111999979,39.967424508000079],[-75.179849155999989,39.967416553000078],[-75.179049117999966,39.966716557000041],[-75.178791204999982,39.966557187000035],[-75.178149072999986,39.965916563000064],[-75.177526346999969,39.965416016000063],[-75.176784152999971,39.964755362000062],[-75.176278054999955,39.964245844000061],[-75.175900673999934,39.964183965000075],[-75.174439335999978,39.964012152000066],[-75.170999930999983,39.963572639000063],[-75.167856159999985,39.963210359000072],[-75.164656741999977,39.962802562000036],[-75.161617970999941,39.962398299000029],[-75.161372659999984,39.962232817000029],[-75.161309083999981,39.96252352700003],[-75.161232021999979,39.962864531000037],[-75.161172993999969,39.963127395000072],[-75.161109040999975,39.963411170000029],[-75.161030588999949,39.963759272000061],[-75.160975009999959,39.96399910100007],[-75.160879912999974,39.964427833000059],[-75.160718275999955,39.965135338000039],[-75.16060003299998,39.965710716000046],[-75.160482116999958,39.966282837000051],[-75.160412749999978,39.966616630000033],[-75.160332499999981,39.967004804000055]]]},"properties":{"OBJECTID":98,"NAME":"SPRING_GARDEN","LISTNAME":"Spring Garden","MAPNAME":"Spring Garden","Shape_Leng":13574.806234199999,"Shape_Length":0.044336747004912851,"Shape_Area":6.6336545362108781e-05}},{"type":"Feature","id":99,"geometry":{"type":"Polygon","coordinates":[[[-75.177260300999933,39.96440689700006],[-75.177768326999967,39.964458254000078],[-75.178949116999945,39.964116577000027],[-75.179886332999956,39.964125501000069],[-75.180382228999974,39.964078749000066],[-75.181268363999948,39.964222575000065],[-75.181874824999966,39.964376667000067],[-75.182344572999966,39.964453305000063],[-75.183294366999974,39.964334041000029],[-75.183556008999972,39.964232442000025],[-75.181749258999957,39.962116594000065],[-75.180049177999933,39.960116608000078],[-75.180038713999977,39.960088210000038],[-75.179349144999946,39.958216622000066],[-75.179349146999982,39.957316630000037],[-75.179423616999941,39.95657198400005],[-75.17944915399994,39.956316637000043],[-75.179649164999944,39.95601663900004],[-75.179745992999983,39.955430983000042],[-75.180041512999935,39.954454459000033],[-75.179435778999959,39.954378851000058],[-75.177821870999935,39.954161085000067],[-75.175085956999965,39.953803064000056],[-75.173175826999966,39.95357414800003],[-75.16522428199994,39.952579204000074],[-75.165022284999964,39.953586091000034],[-75.163468984999952,39.953406586000028],[-75.163350282999943,39.95392537400005],[-75.163221030999978,39.954451253000059],[-75.163029567999956,39.955335381000054],[-75.162839962999954,39.956216422000068],[-75.16242903899996,39.95807710400004],[-75.162424592999969,39.95809541300008],[-75.162324465999973,39.958561606000046],[-75.162264727999968,39.958831832000044],[-75.162206759999947,39.959093130000042],[-75.162136462999968,39.959574682000039],[-75.161991497999963,39.960361832000046],[-75.161902156999986,39.960898137000072],[-75.161648813999989,39.960991217000071],[-75.16156491299995,39.961388320000026],[-75.161471545999973,39.961790345000054],[-75.161387103999971,39.962167771000054],[-75.161377344999948,39.962211388000071],[-75.161372659999984,39.962232817000029],[-75.161617970999941,39.962398299000029],[-75.164656741999977,39.962802562000036],[-75.167856159999985,39.963210359000072],[-75.170999930999983,39.963572639000063],[-75.174439335999978,39.964012152000066],[-75.175900673999934,39.964183965000075],[-75.176278054999955,39.964245844000061],[-75.176346025999976,39.964256989000035],[-75.177260300999933,39.96440689700006]]]},"properties":{"OBJECTID":99,"NAME":"LOGAN_SQUARE","LISTNAME":"Logan Square","MAPNAME":"Logan Square","Shape_Leng":18613.9089914,"Shape_Length":0.060515804365896132,"Shape_Area":0.00018222081113062602}},{"type":"Feature","id":100,"geometry":{"type":"Polygon","coordinates":[[[-75.16546348299994,39.944078711000031],[-75.165337763999958,39.944667081000034],[-75.165272318999939,39.94494398900008],[-75.165165934999948,39.945566147000079],[-75.165022244999989,39.946239995000042],[-75.164934602999949,39.94663977700003],[-75.164744226999971,39.947439448000068],[-75.164579967999941,39.94821253300006],[-75.164471623999987,39.948708657000054],[-75.164331190999974,39.94933633200003],[-75.164235119999944,39.949770320000027],[-75.16414931199995,39.950151782000034],[-75.163997470999959,39.95083654900003],[-75.163824770999952,39.951614611000025],[-75.164021133999938,39.951630678000072],[-75.164595951999956,39.951707502000033],[-75.164605118999987,39.95170895900003],[-75.16489280899998,39.951762201000065],[-75.165052787999969,39.951813216000062],[-75.165178088999937,39.951886191000028],[-75.165241811999977,39.952003188000049],[-75.165295666999953,39.952287287000047],[-75.16522428199994,39.952579204000074],[-75.173175826999966,39.95357414800003],[-75.175085956999965,39.953803064000056],[-75.177821870999935,39.954161085000067],[-75.179435778999959,39.954378851000058],[-75.180041512999935,39.954454459000033],[-75.180838037999933,39.952972788000068],[-75.181556029999967,39.951486532000047],[-75.182549321999943,39.95031668300004],[-75.18332824099997,39.949343093000039],[-75.182261381999979,39.949165340000036],[-75.180020106999962,39.948875027000042],[-75.178993590999937,39.94875286000007],[-75.179233109999984,39.94769535000006],[-75.179508018999968,39.946429333000026],[-75.179723767999974,39.945453013000076],[-75.179415432999974,39.945416652000063],[-75.178552495999952,39.945283419000077],[-75.17698461699996,39.945082906000039],[-75.175029295999934,39.944834243000059],[-75.173471130999985,39.944641748000038],[-75.171890863999977,39.944433958000047],[-75.170331529999942,39.944241617000046],[-75.168753217999949,39.944046913000079],[-75.167180159999987,39.943851214000063],[-75.165571463999981,39.943667088000041],[-75.16546348299994,39.944078711000031]]]},"properties":{"OBJECTID":100,"NAME":"RITTENHOUSE","LISTNAME":"Rittenhouse","MAPNAME":"Rittenhouse","Shape_Leng":16365.2709581,"Shape_Length":0.053322986203210757,"Shape_Area":0.00014315945875825666}},{"type":"Feature","id":101,"geometry":{"type":"Polygon","coordinates":[[[-75.179723767999974,39.945453013000076],[-75.179508018999968,39.946429333000026],[-75.179233109999984,39.94769535000006],[-75.178993590999937,39.94875286000007],[-75.180020106999962,39.948875027000042],[-75.182261381999979,39.949165340000036],[-75.18332824099997,39.949343093000039],[-75.18334936499997,39.949316690000046],[-75.184549426999979,39.948616696000045],[-75.185649485999988,39.94801669900005],[-75.187056322999979,39.947081323000077],[-75.187801085999979,39.946569111000031],[-75.185701637999955,39.945278848000044],[-75.185006210999973,39.945181283000068],[-75.182779498999935,39.944908601000066],[-75.180614918999936,39.94463096000004],[-75.179808547999983,39.945115387000044],[-75.179723767999974,39.945453013000076]]]},"properties":{"OBJECTID":101,"NAME":"FITLER_SQUARE","LISTNAME":"Fitler Square","MAPNAME":"Fitler Square","Shape_Leng":6822.5982409600001,"Shape_Length":0.021905416785649525,"Shape_Area":2.7744104053661796e-05}},{"type":"Feature","id":102,"geometry":{"type":"Polygon","coordinates":[[[-75.179723767999974,39.945453013000076],[-75.179808547999983,39.945115387000044],[-75.180614918999936,39.94463096000004],[-75.182779498999935,39.944908601000066],[-75.185006210999973,39.945181283000068],[-75.185701637999955,39.945278848000044],[-75.187801085999979,39.946569111000031],[-75.188749650999966,39.945916714000077],[-75.191508713999951,39.943166568000038],[-75.192769837999947,39.942628288000037],[-75.191723601999968,39.942139679000036],[-75.19118704999994,39.941926503000047],[-75.189716361999956,39.941105816000061],[-75.188890500999946,39.940608423000072],[-75.188049078999939,39.940101646000073],[-75.187577628999975,39.940382189000047],[-75.184942526999976,39.940099941000028],[-75.183155367999973,39.93989878800005],[-75.181493775999968,39.939690119000034],[-75.17981403899995,39.939474776000054],[-75.17825937899994,39.939240416000075],[-75.176373963999936,39.939001427000051],[-75.174789930999964,39.938823703000025],[-75.174196925999979,39.938754177000078],[-75.173772350999968,39.938704041000051],[-75.173173691999978,39.938632281000025],[-75.172675157999947,39.938572649000037],[-75.172233199999937,39.938522706000072],[-75.17162579099994,39.938457019000055],[-75.171028692999982,39.938386562000062],[-75.170839025999953,39.93836582800003],[-75.170526597999981,39.938329614000054],[-75.17003959699997,39.938272014000063],[-75.168951500999981,39.938147031000028],[-75.16844525099998,39.938087722000034],[-75.166870083999981,39.937891024000066],[-75.166624382999942,39.939060691000066],[-75.166416097999956,39.940010055000073],[-75.166322689999959,39.940415090000045],[-75.166236968999954,39.940786781000043],[-75.166004905999955,39.941793009000037],[-75.165861890999963,39.942413110000075],[-75.16577824999996,39.942775760000075],[-75.165679613999941,39.94320343000004],[-75.165571463999981,39.943667088000041],[-75.167180159999987,39.943851214000063],[-75.168753217999949,39.944046913000079],[-75.170331529999942,39.944241617000046],[-75.171890863999977,39.944433958000047],[-75.173471130999985,39.944641748000038],[-75.175029295999934,39.944834243000059],[-75.17698461699996,39.945082906000039],[-75.178552495999952,39.945283419000077],[-75.179415432999974,39.945416652000063],[-75.179723767999974,39.945453013000076]]]},"properties":{"OBJECTID":102,"NAME":"GRADUATE_HOSPITAL","LISTNAME":"Graduate Hospital","MAPNAME":"Graduate Hospital","Shape_Leng":18603.011745899999,"Shape_Length":0.062253753553096994,"Shape_Area":0.00013809090773791397}},{"type":"Feature","id":103,"geometry":{"type":"Polygon","coordinates":[[[-75.168260946999965,39.930455432000031],[-75.167967819999944,39.931680132000054],[-75.167721514999982,39.932918244000064],[-75.167648841999949,39.93411694100007],[-75.167593514999965,39.934405474000073],[-75.16733494999994,39.935656719000065],[-75.167114033999951,39.936734067000032],[-75.167014422999955,39.937191705000032],[-75.166870083999981,39.937891024000066],[-75.16844525099998,39.938087722000034],[-75.168951500999981,39.938147031000028],[-75.17003959699997,39.938272014000063],[-75.170526597999981,39.938329614000054],[-75.170839025999953,39.93836582800003],[-75.171028692999982,39.938386562000062],[-75.17162579099994,39.938457019000055],[-75.172233199999937,39.938522706000072],[-75.172675157999947,39.938572649000037],[-75.173173691999978,39.938632281000025],[-75.173772350999968,39.938704041000051],[-75.174196925999979,39.938754177000078],[-75.174789930999964,39.938823703000025],[-75.176373963999936,39.939001427000051],[-75.17825937899994,39.939240416000075],[-75.17981403899995,39.939474776000054],[-75.181493775999968,39.939690119000034],[-75.183155367999973,39.93989878800005],[-75.184942526999976,39.940099941000028],[-75.185498277999955,39.937599859000045],[-75.185978331999934,39.935257405000073],[-75.186244288999944,39.934030878000044],[-75.186500657999943,39.932816228000036],[-75.186769326999979,39.931593047000035],[-75.18702446399999,39.930390412000065],[-75.186244856999963,39.930282942000076],[-75.185778469999946,39.930227432000038],[-75.185230510999986,39.930161080000062],[-75.183844422999982,39.929958759000044],[-75.183599529999981,39.929930737000063],[-75.181942773999936,39.929762911000068],[-75.18035828099994,39.929542581000078],[-75.17845869699994,39.929292621000059],[-75.176862354999969,39.929076485000053],[-75.175882807999983,39.928964337000025],[-75.175288798999986,39.928869852000048],[-75.174763263999978,39.931310563000068],[-75.168260946999965,39.930455432000031]]]},"properties":{"OBJECTID":103,"NAME":"POINT_BREEZE","LISTNAME":"Point Breeze","MAPNAME":"Point Breeze","Shape_Leng":17529.2837139,"Shape_Length":0.056604673935533922,"Shape_Area":0.00016593711866488885}},{"type":"Feature","id":104,"geometry":{"type":"Polygon","coordinates":[[[-75.158636773999945,39.942779553000037],[-75.159113856999966,39.94284033200006],[-75.159783192999953,39.942927763000057],[-75.160212472999945,39.942981322000037],[-75.16139941299997,39.943127717000039],[-75.161784673999989,39.943182239000066],[-75.162713211999971,39.943300779000026],[-75.163335576999941,39.943381090000059],[-75.164127970999971,39.943481628000029],[-75.164364139999975,39.943514339000046],[-75.165571463999981,39.943667088000041],[-75.165679613999941,39.94320343000004],[-75.16577824999996,39.942775760000075],[-75.165861890999963,39.942413110000075],[-75.166004905999955,39.941793009000037],[-75.166236968999954,39.940786781000043],[-75.166322689999959,39.940415090000045],[-75.166416097999956,39.940010055000073],[-75.166624382999942,39.939060691000066],[-75.166870083999981,39.937891024000066],[-75.164608103999967,39.937607176000029],[-75.163036558999977,39.937409086000059],[-75.161397636999936,39.937160230000075],[-75.159947364999937,39.936772480000059],[-75.15968208399994,39.937996527000053],[-75.159415742999954,39.939183795000076],[-75.159031001999949,39.940961342000037],[-75.158828611999979,39.941933418000076],[-75.158636773999945,39.942779553000037]]]},"properties":{"OBJECTID":104,"NAME":"HAWTHORNE","LISTNAME":"Hawthorne","MAPNAME":"Hawthorne","Shape_Leng":8321.2699110800004,"Shape_Length":0.026082864184339822,"Shape_Area":4.1587185601939911e-05}},{"type":"Feature","id":105,"geometry":{"type":"Polygon","coordinates":[[[-75.155494589999989,39.942377130000068],[-75.156239685999935,39.942470535000041],[-75.156611798999961,39.942518980000045],[-75.157024866999961,39.942573482000057],[-75.157522972999971,39.942636796000045],[-75.158017676999975,39.942701833000058],[-75.158636773999945,39.942779553000037],[-75.158828611999979,39.941933418000076],[-75.159031001999949,39.940961342000037],[-75.159415742999954,39.939183795000076],[-75.15968208399994,39.937996527000053],[-75.159947364999937,39.936772480000059],[-75.159320255999944,39.936604806000048],[-75.156252644999938,39.935784368000043],[-75.155388968999944,39.935549646000027],[-75.153861173999985,39.93512860900006],[-75.153846400999953,39.935124624000025],[-75.153784512999948,39.935468841000045],[-75.153716119999956,39.935829776000048],[-75.153597668999964,39.936322256000039],[-75.153413544999978,39.93702769500004],[-75.153265782999938,39.937717422000048],[-75.153061560999959,39.938673083000026],[-75.152951136999945,39.93912122100005],[-75.152804119999985,39.939664243000038],[-75.152738570999986,39.939982673000031],[-75.152676091999979,39.940294485000038],[-75.152513631999966,39.941102151000052],[-75.152416737999943,39.941541326000049],[-75.152321702999984,39.941967747000035],[-75.153890906999948,39.942171941000026],[-75.155450597999959,39.942371515000048],[-75.155494589999989,39.942377130000068]]]},"properties":{"OBJECTID":105,"NAME":"BELLA_VISTA","LISTNAME":"Bella Vista","MAPNAME":"Bella Vista","Shape_Leng":8360.0536955900006,"Shape_Length":0.025848149069998015,"Shape_Area":4.1613659709492353e-05}},{"type":"Feature","id":106,"geometry":{"type":"Polygon","coordinates":[[[-75.144059381999966,39.940974522000033],[-75.145014646999982,39.941084104000026],[-75.145598352999968,39.941151060000038],[-75.145818708999968,39.941176336000069],[-75.146711164999942,39.941283706000036],[-75.147583946999987,39.94138429800006],[-75.148107669999945,39.941454154000041],[-75.149165402999984,39.94158352200003],[-75.149584339999933,39.941633066000065],[-75.150443077999967,39.941739068000061],[-75.150731661999941,39.941774198000076],[-75.151173932999939,39.941828120000025],[-75.151570963999973,39.941876170000057],[-75.152321702999984,39.941967747000035],[-75.152416737999943,39.941541326000049],[-75.152513631999966,39.941102151000052],[-75.152676091999979,39.940294485000038],[-75.152738570999986,39.939982673000031],[-75.152804119999985,39.939664243000038],[-75.152951136999945,39.93912122100005],[-75.153061560999959,39.938673083000026],[-75.153265782999938,39.937717422000048],[-75.153413544999978,39.93702769500004],[-75.153597668999964,39.936322256000039],[-75.153716119999956,39.935829776000048],[-75.153784512999948,39.935468841000045],[-75.153846400999953,39.935124624000025],[-75.153104767999935,39.934924569000032],[-75.151668899999947,39.934533513000076],[-75.150804119999975,39.934293130000071],[-75.149262265999937,39.933907012000077],[-75.147315754999966,39.933653195000034],[-75.145724658999939,39.933443668000052],[-75.145714650999935,39.933487211000056],[-75.145297993999975,39.93345630500005],[-75.144808128999955,39.935403113000064],[-75.143764395999938,39.93825636400004],[-75.144228874999953,39.938326854000024],[-75.144655530999955,39.93831786800007],[-75.144590835999963,39.938609358000065],[-75.144546481999953,39.938809204000052],[-75.144474008999964,39.939135736000026],[-75.144388880999941,39.939545510000073],[-75.144271296999989,39.940057065000076],[-75.144059381999966,39.940974522000033]]]},"properties":{"OBJECTID":106,"NAME":"QUEEN_VILLAGE","LISTNAME":"Queen Village","MAPNAME":"Queen Village","Shape_Leng":10414.195744000001,"Shape_Length":0.032773542358337682,"Shape_Area":6.4952768461982806e-05}},{"type":"Feature","id":107,"geometry":{"type":"Polygon","coordinates":[[[-75.153846400999953,39.935124624000025],[-75.153861173999985,39.93512860900006],[-75.155388968999944,39.935549646000027],[-75.15576062599996,39.933853077000038],[-75.156470608999939,39.930629174000046],[-75.157115293999937,39.927755083000079],[-75.157673540999951,39.925274576000049],[-75.156089162999933,39.925085576000072],[-75.154575886999964,39.92488099500008],[-75.152938442999982,39.924682308000058],[-75.152589835999947,39.926329873000043],[-75.151956071999962,39.929114273000039],[-75.15142648799997,39.931509462000065],[-75.150804119999975,39.934293130000071],[-75.151668899999947,39.934533513000076],[-75.153104767999935,39.934924569000032],[-75.153846400999953,39.935124624000025]]]},"properties":{"OBJECTID":107,"NAME":"DICKINSON_NARROWS","LISTNAME":"Dickinson Narrows","MAPNAME":"Dickinson Narrows","Shape_Leng":10062.154774099999,"Shape_Length":0.029897134964511064,"Shape_Area":4.8250562741816599e-05}},{"type":"Feature","id":108,"geometry":{"type":"Polygon","coordinates":[[[-75.156842166999979,39.928972746000056],[-75.156470608999939,39.930629174000046],[-75.15576062599996,39.933853077000038],[-75.155388968999944,39.935549646000027],[-75.156252644999938,39.935784368000043],[-75.159320255999944,39.936604806000048],[-75.159947364999937,39.936772480000059],[-75.161397636999936,39.937160230000075],[-75.163036558999977,39.937409086000059],[-75.164608103999967,39.937607176000029],[-75.166870083999981,39.937891024000066],[-75.167014422999955,39.937191705000032],[-75.167114033999951,39.936734067000032],[-75.16733494999994,39.935656719000065],[-75.167593514999965,39.934405474000073],[-75.167648841999949,39.93411694100007],[-75.167721514999982,39.932918244000064],[-75.167967819999944,39.931680132000054],[-75.168260946999965,39.930455432000031],[-75.156842166999979,39.928972746000056]]]},"properties":{"OBJECTID":108,"NAME":"PASSYUNK_SQUARE","LISTNAME":"Passyunk Square","MAPNAME":"Passyunk Square","Shape_Leng":11751.5037197,"Shape_Length":0.037568585938351946,"Shape_Area":8.5283886002492866e-05}},{"type":"Feature","id":109,"geometry":{"type":"Polygon","coordinates":[[[-75.157673540999951,39.925274576000049],[-75.159183438999946,39.925489723000055],[-75.160755162999976,39.925700538000058],[-75.160773806999941,39.925702749000038],[-75.160865611999952,39.925296596000067],[-75.161136389999967,39.924089106000054],[-75.161300793999942,39.923298513000077],[-75.158192066999959,39.922894477000057],[-75.156626111999969,39.922691162000035],[-75.155053011999939,39.922493943000063],[-75.153454364999959,39.922293497000055],[-75.15337393599998,39.922727592000058],[-75.152938442999982,39.924682308000058],[-75.154575886999964,39.92488099500008],[-75.156089162999933,39.925085576000072],[-75.157673540999951,39.925274576000049]]]},"properties":{"OBJECTID":109,"NAME":"GREENWICH","LISTNAME":"Greenwich","MAPNAME":"Greenwich","Shape_Leng":6232.8704381099997,"Shape_Length":0.020717888237250154,"Shape_Area":1.9267620475386982e-05}},{"type":"Feature","id":110,"geometry":{"type":"Polygon","coordinates":[[[-75.161300793999942,39.923298513000077],[-75.161309274999951,39.923299615000076],[-75.166012579999972,39.923906114000033],[-75.168475094999962,39.924229376000028],[-75.169570549999946,39.924363096000036],[-75.16985849699995,39.923118444000067],[-75.170155117999968,39.921865024000056],[-75.170415247999983,39.920635438000033],[-75.170687346999955,39.919321123000032],[-75.17095306799996,39.918132699000068],[-75.171132008999962,39.917332360000046],[-75.171264774999941,39.916738542000076],[-75.170670220999966,39.916671932000042],[-75.17017095999995,39.916609258000051],[-75.16929593499998,39.916508175000047],[-75.168727390999948,39.916435875000047],[-75.16841519999997,39.91639353000005],[-75.168223897999951,39.916371389000062],[-75.16769050299996,39.916306675000044],[-75.167547839999941,39.916288190000046],[-75.167152550999958,39.916238716000066],[-75.166933210999957,39.916211069000042],[-75.166649709999945,39.916175333000069],[-75.166293529999962,39.916130435000071],[-75.16609363699996,39.916105237000068],[-75.165564029999985,39.91603847500005],[-75.165229499999953,39.915996302000053],[-75.165090636999935,39.915978796000047],[-75.164545455999985,39.915910065000048],[-75.163962943999934,39.915836625000054],[-75.163849194999955,39.915822283000068],[-75.163519805999954,39.915780755000071],[-75.162946637999937,39.915708487000074],[-75.162801789999946,39.915690224000059],[-75.162562952999963,39.915660109000044],[-75.162415494999948,39.915641516000051],[-75.16194477199997,39.915582160000042],[-75.161484460999986,39.915524115000039],[-75.160872516999973,39.915446948000067],[-75.16050745299998,39.915400911000063],[-75.160445967999976,39.91539315600005],[-75.159880766999947,39.915329277000069],[-75.159362574999989,39.915272549000065],[-75.159218413999952,39.915256767000074],[-75.15884837599998,39.915216257000054],[-75.158631793999973,39.915192546000071],[-75.158282779999979,39.915154335000068],[-75.158267101999968,39.915152618000036],[-75.157980570999939,39.916475631000026],[-75.157711873999972,39.917716349000045],[-75.157161699999961,39.920214317000045],[-75.156892471999981,39.921459889000062],[-75.156626111999969,39.922691162000035],[-75.158192066999959,39.922894477000057],[-75.161300793999942,39.923298513000077]]]},"properties":{"OBJECTID":110,"NAME":"LOWER_MOYAMENSING","LISTNAME":"Lower Moyamensing","MAPNAME":"Lower Moyamensing","Shape_Leng":12975.343445799999,"Shape_Length":0.04167235819684454,"Shape_Area":0.00010124917765156691}},{"type":"Feature","id":111,"geometry":{"type":"Polygon","coordinates":[[[-75.153454364999959,39.922293497000055],[-75.155053011999939,39.922493943000063],[-75.156626111999969,39.922691162000035],[-75.156892471999981,39.921459889000062],[-75.157161699999961,39.920214317000045],[-75.157711873999972,39.917716349000045],[-75.157980570999939,39.916475631000026],[-75.158267101999968,39.915152618000036],[-75.158122963999972,39.915136837000034],[-75.157753796999941,39.915096419000065],[-75.157516362999957,39.915070423000031],[-75.156716119999942,39.914973559000032],[-75.155851936999966,39.914870946000065],[-75.155003510999961,39.914751673000069],[-75.153228152999986,39.914498601000048],[-75.152570710999953,39.91441319900008],[-75.152406968999969,39.914385835000076],[-75.151657846999967,39.91427473400006],[-75.150067272999934,39.914047424000046],[-75.148360546999982,39.913800187000049],[-75.148121106999952,39.914691622000078],[-75.147991852999951,39.915172829000028],[-75.147740645999988,39.916776184000071],[-75.148056589999953,39.918910531000051],[-75.148221557999989,39.920337160000031],[-75.148043263999966,39.921540434000065],[-75.149916449999978,39.921821944000044],[-75.151073431999976,39.921982084000035],[-75.153454364999959,39.922293497000055]]]},"properties":{"OBJECTID":111,"NAME":"WHITMAN","LISTNAME":"Whitman","MAPNAME":"Whitman","Shape_Leng":10895.2137948,"Shape_Length":0.034228685455331621,"Shape_Area":7.3160378455517532e-05}},{"type":"Feature","id":114,"geometry":{"type":"Polygon","coordinates":[[[-75.24535433799997,39.915884170000027],[-75.245849840999938,39.916478617000053],[-75.246425719999934,39.917169477000073],[-75.246830445999933,39.918784032000076],[-75.24729212799997,39.918455062000078],[-75.247345543999984,39.918416955000055],[-75.247355205999952,39.91799474000004],[-75.247345205999977,39.917786741000043],[-75.247305206999954,39.917634741000029],[-75.247301206999964,39.917616741000074],[-75.24724628499996,39.917433951000078],[-75.247237207999945,39.917403740000054],[-75.247170207999943,39.917237741000065],[-75.24719020799995,39.917212740000025],[-75.247208207999961,39.917183740000041],[-75.247198207999986,39.917136741000036],[-75.247185207999962,39.917095741000026],[-75.247153207999986,39.91706374000006],[-75.247100208999939,39.917028740000035],[-75.247037207999938,39.916992741000058],[-75.246998208999969,39.916968741000062],[-75.246988478999981,39.916958263000026],[-75.246972208999978,39.916940741000076],[-75.24693820899995,39.916872740000031],[-75.246928668999942,39.916847903000075],[-75.246880209999972,39.91672174100006],[-75.24683220999998,39.916560741000069],[-75.246785209999985,39.916449741000065],[-75.246761210999978,39.916330741000024],[-75.246754259999989,39.916269456000066],[-75.246750209999959,39.916233741000042],[-75.246779210999989,39.91616674100004],[-75.246840210999949,39.916088741000067],[-75.246917209999935,39.916006742000036],[-75.246985210999981,39.915931741000065],[-75.247054210999977,39.915852741000037],[-75.247134210999945,39.915728742000056],[-75.247185210999987,39.915633742000068],[-75.247345210999981,39.915400743000077],[-75.247483209999984,39.915214743000035],[-75.247553210999968,39.915079743000035],[-75.247652209999956,39.914956744000051],[-75.247713210999962,39.914838744000065],[-75.247704210999984,39.914723744000071],[-75.247629210999946,39.914637744000061],[-75.247592210999983,39.914612744000067],[-75.247581210999954,39.914564744000074],[-75.247567210999989,39.914489744000036],[-75.247590211999977,39.91436374500006],[-75.247321211999974,39.914287744000035],[-75.247220213999981,39.914165744000059],[-75.247115213999962,39.914044743000034],[-75.247061213999984,39.913908744000025],[-75.247066214999961,39.913779744000067],[-75.247114213999964,39.913679744000035],[-75.247189213999945,39.913589745000024],[-75.24719821399998,39.91357974500005],[-75.247398213999986,39.913503745000071],[-75.247598213999936,39.913389745000075],[-75.247829212999989,39.91328674500005],[-75.247852187999968,39.913274492000028],[-75.248054211999943,39.913166746000059],[-75.248108079999952,39.913136359000077],[-75.248210211999947,39.913078747000043],[-75.248293212999954,39.913013747000036],[-75.248375210999939,39.912935747000063],[-75.24843021199996,39.912841747000073],[-75.248508210999944,39.912723748000076],[-75.248556211999983,39.912605748000033],[-75.248596211999939,39.912505748000058],[-75.248683211999946,39.912303748000056],[-75.248717211999974,39.91214074800007],[-75.248753697999973,39.912008382000067],[-75.248760211999979,39.911984748000066],[-75.248852212999964,39.91185574900004],[-75.24897821199994,39.911750749000078],[-75.249159210999949,39.911641749000069],[-75.249330211999961,39.91155475000005],[-75.249516210999957,39.911478750000072],[-75.249746210999945,39.911370751000049],[-75.249866035999958,39.911319590000062],[-75.249924209999961,39.911294751000071],[-75.250192209999966,39.911197751000032],[-75.250351210999952,39.911078750000058],[-75.250399210999944,39.911043751000079],[-75.250510244999987,39.910917205000032],[-75.250535210999942,39.910888750000026],[-75.250613210999973,39.910771751000027],[-75.250718211999981,39.91066075100008],[-75.25085712799995,39.910543914000073],[-75.250869212999987,39.91053375000007],[-75.250999213999989,39.910377750000066],[-75.251121213999966,39.910249749000059],[-75.251235213999962,39.910111749000066],[-75.251266213999941,39.910032750000028],[-75.251286213999947,39.909984749000046],[-75.251296213999979,39.909856750000074],[-75.251292645999968,39.909852665000074],[-75.251231726999947,39.90978291600004],[-75.251227214999972,39.909777750000046],[-75.251105214999939,39.909709751000037],[-75.250883213999941,39.909634751000056],[-75.250654213999951,39.909569752000039],[-75.250474213999951,39.909533752000073],[-75.250287213999968,39.909531753000067],[-75.250156213999958,39.90950175200004],[-75.250043212999969,39.909460753000076],[-75.250000213999954,39.909431753000035],[-75.249927212999978,39.909353753000062],[-75.249899213999981,39.909269753000046],[-75.249939213999937,39.90914775400006],[-75.250006212999949,39.909037753000064],[-75.250048213999946,39.908882753000057],[-75.25011821399994,39.908721753000066],[-75.250166214999979,39.908566754000049],[-75.250191214999973,39.90844975400006],[-75.250194214999965,39.908324754000034],[-75.25019621499996,39.908287754000071],[-75.250186743999961,39.908145690000026],[-75.250181215999987,39.908062754000071],[-75.250203215999989,39.907916754000041],[-75.250222215999941,39.907809754000027],[-75.250269216999982,39.907709754000052],[-75.250317216999974,39.907627754000032],[-75.250444216999938,39.907540754000024],[-75.250714217999985,39.907367753000074],[-75.250870217999989,39.907286753000051],[-75.251057217999971,39.907179752000047],[-75.25130521899996,39.907032752000077],[-75.251499219999971,39.906902752000065],[-75.251631219999979,39.906815751000067],[-75.251757220999934,39.906745752000063],[-75.251993220999964,39.906689751000044],[-75.252154220999955,39.906666750000056],[-75.252328220999971,39.906645750000052],[-75.252396221999959,39.906637750000073],[-75.252478221999979,39.90663475000008],[-75.252498221999986,39.906615749000025],[-75.252558221999948,39.906551750000062],[-75.253453909999962,39.905624350000039],[-75.25349022499995,39.905586748000076],[-75.252969224999958,39.90531074900008],[-75.25128682899998,39.904404069000066],[-75.251187138999967,39.904347396000048],[-75.250980450999975,39.904245967000065],[-75.25044970099998,39.903969291000067],[-75.248891166999954,39.903114731000073],[-75.247694101999969,39.904464631000053],[-75.246567148999986,39.905689811000059],[-75.245387766999954,39.907002203000047],[-75.244250681999972,39.908277636000037],[-75.243071208999936,39.909590004000052],[-75.242491972999971,39.910183294000035],[-75.242290438999987,39.910287342000061],[-75.242357465999987,39.910493256000052],[-75.243078207999986,39.91275371100005],[-75.243266121999966,39.913070722000043],[-75.243873102999942,39.914094684000077],[-75.244683563999956,39.915107119000027],[-75.244874953999954,39.915469478000034],[-75.244965436999962,39.915417600000069],[-75.24535433799997,39.915884170000027]]]},"properties":{"OBJECTID":114,"NAME":"CLEARVIEW","LISTNAME":"Clearview","MAPNAME":"Clearview","Shape_Leng":14683.459450099999,"Shape_Length":0.044255718896161193,"Shape_Area":6.9411808408490326e-05}},{"type":"Feature","id":115,"geometry":{"type":"Polygon","coordinates":[[[-75.230357234999985,39.911061543000073],[-75.230422923999981,39.911235065000028],[-75.231049025999937,39.911786299000028],[-75.231612249999955,39.912284372000045],[-75.23218419799997,39.912785697000061],[-75.23276954499994,39.913267294000036],[-75.233380496999985,39.913853146000065],[-75.233685338999976,39.914081855000063],[-75.236208147999946,39.913754555000025],[-75.23761727699997,39.914955133000035],[-75.23960731699998,39.91354670100003],[-75.240790078999964,39.913431426000045],[-75.243077829999947,39.913178970000047],[-75.243212934999974,39.913097160000063],[-75.243266121999966,39.913070722000043],[-75.243078207999986,39.91275371100005],[-75.242357465999987,39.910493256000052],[-75.242290438999987,39.910287342000061],[-75.241888011999947,39.909051027000032],[-75.241132422999954,39.907192297000051],[-75.23996561499996,39.904197045000046],[-75.237691660999985,39.904792574000055],[-75.235654723999971,39.906058770000072],[-75.234050592999949,39.907657105000055],[-75.232931551999968,39.908882898000059],[-75.231817695999951,39.909967624000046],[-75.230357234999985,39.911061543000073]]]},"properties":{"OBJECTID":115,"NAME":"PENROSE","LISTNAME":"Penrose","MAPNAME":"Penrose","Shape_Leng":11694.213634399999,"Shape_Length":0.03658977817465655,"Shape_Area":7.9064162072017998e-05}},{"type":"Feature","id":116,"geometry":{"type":"Polygon","coordinates":[[[-75.225294391999967,39.929169783000077],[-75.223573787999953,39.930349049000029],[-75.222607874999937,39.930738640000072],[-75.222800120999977,39.930898409000065],[-75.223294937999981,39.931312198000057],[-75.22466275499994,39.932427146000066],[-75.22587452099998,39.933496326000068],[-75.22723885299996,39.934653954000055],[-75.227263500999982,39.934672405000072],[-75.228659453999967,39.933711587000062],[-75.229358907999938,39.93322343300008],[-75.229808703999936,39.932907979000049],[-75.230311308999944,39.93255548500008],[-75.231338028999971,39.93183539000006],[-75.232332712999948,39.931137741000043],[-75.233858337999948,39.93004379000007],[-75.235491110999988,39.928961247000075],[-75.23555381999995,39.928919670000028],[-75.238738792999982,39.929491705000032],[-75.23911673899994,39.929753172000062],[-75.239230762999966,39.929846095000073],[-75.239417206999974,39.929886346000046],[-75.242007649999948,39.930349941000031],[-75.241982843999949,39.930385569000066],[-75.24209953899998,39.930406206000043],[-75.242112609999936,39.930370322000044],[-75.242893611999989,39.930532079000045],[-75.244335602999968,39.930436163000024],[-75.24437919199994,39.930400721000069],[-75.244412380999961,39.930319914000052],[-75.244425191999937,39.930288721000068],[-75.244403192999982,39.930161722000037],[-75.244353192999938,39.930042722000053],[-75.244276193999951,39.92996572100003],[-75.244187193999949,39.929902722000065],[-75.244097194999938,39.929858722000063],[-75.244007193999948,39.929794722000054],[-75.243979194999952,39.929714722000028],[-75.243974194999964,39.92967972100007],[-75.243971108999972,39.929654349000032],[-75.243965194999987,39.929605722000076],[-75.243964195999979,39.929533721000041],[-75.243965195999976,39.929500722000057],[-75.243965195999976,39.929469721000032],[-75.24396419499999,39.929429722000066],[-75.243968195999969,39.929178722000074],[-75.243965196999966,39.928806722000047],[-75.243963196999971,39.928646722000053],[-75.243983197999967,39.928477722000025],[-75.243999196999937,39.92836572300007],[-75.244053196999971,39.928150724000034],[-75.244118197999967,39.928010723000057],[-75.244197197999938,39.927889724000067],[-75.244254819999981,39.92781399200004],[-75.244267196999942,39.927797724000072],[-75.244339197999977,39.927657724000028],[-75.244424197999933,39.927528725000059],[-75.244479197999965,39.927435725000066],[-75.244496197999979,39.927407724000034],[-75.244548196999972,39.92727672500007],[-75.244577196999956,39.927178725000033],[-75.244577197999945,39.927004726000064],[-75.244594198999948,39.926859726000032],[-75.244574198999942,39.926755726000067],[-75.244505198999946,39.926650726000048],[-75.244497198999966,39.926643726000066],[-75.244410198999958,39.926573726000072],[-75.244327199999987,39.926477725000041],[-75.244317058999968,39.926433179000071],[-75.244299199999944,39.926354725000067],[-75.244334200999958,39.926251726000032],[-75.244398200999967,39.926135726000041],[-75.244517199999962,39.926062727000044],[-75.244623198999989,39.926004727000077],[-75.244760198999984,39.92595572700003],[-75.244866198999944,39.925896727000065],[-75.244989198999974,39.925842728000077],[-75.245024504999947,39.925798446000044],[-75.245048198999939,39.925768728000037],[-75.245125197999982,39.925662728000077],[-75.245195198999966,39.925550728000076],[-75.24526119899997,39.925416729000062],[-75.245435198999985,39.925165729000071],[-75.245550198999979,39.925046730000076],[-75.245578198999965,39.925011730000051],[-75.245634197999948,39.924939730000062],[-75.245723197999951,39.924824730000068],[-75.245746198999939,39.924783730000058],[-75.245792197999947,39.924698730000046],[-75.245863198999984,39.924582730000054],[-75.245926198999939,39.92447573000004],[-75.245941198999958,39.924450731000036],[-75.245991198999945,39.924370731000067],[-75.246026198999971,39.924292731000037],[-75.246039198999938,39.924261731000058],[-75.246052198999962,39.924233731000072],[-75.246085198999936,39.924160731000029],[-75.246116198999971,39.924052731000074],[-75.246155198999986,39.923959732000071],[-75.246188199999949,39.923684732000027],[-75.246217198999943,39.923532732000069],[-75.246255198999961,39.923402732000056],[-75.246339198999976,39.923283733000062],[-75.246437198999956,39.923182733000033],[-75.246598198999948,39.923039733000053],[-75.246718198999986,39.922937734000072],[-75.247013197999934,39.92270273500003],[-75.247147197999936,39.922601735000057],[-75.247242197999981,39.922522736000076],[-75.247354197999982,39.922438736000061],[-75.247319198999946,39.922179736000032],[-75.24733619899996,39.922167736000063],[-75.247450197999967,39.922063736000041],[-75.247545198999944,39.921910737000076],[-75.247688198999981,39.92179373700003],[-75.247757197999988,39.921709738000061],[-75.247702197999956,39.921562737000045],[-75.247631199999944,39.92156473700004],[-75.247505198999988,39.921611736000045],[-75.247482199999979,39.921500737000031],[-75.247457199999985,39.921344737000027],[-75.247465501999955,39.921002522000038],[-75.247466199999963,39.920973738000043],[-75.247466200999952,39.92071973700007],[-75.247458200999972,39.920587738000052],[-75.247458644999938,39.92057310000007],[-75.247460201999957,39.920521738000048],[-75.24746320099996,39.920455738000044],[-75.247474201999978,39.920329738000078],[-75.24748520199995,39.920207738000045],[-75.247525201999963,39.920104738000077],[-75.24757920199994,39.919983739000031],[-75.247588076999989,39.919933024000045],[-75.247593201999962,39.919903739000063],[-75.247621202999937,39.919669739000028],[-75.24762020299994,39.919518739000068],[-75.247581202999982,39.919400739000025],[-75.247494202999974,39.919271739000067],[-75.247482203999937,39.91924373900008],[-75.247448202999976,39.919160739000063],[-75.247454203999951,39.919080739000037],[-75.247599202999936,39.919077739000045],[-75.247549202999949,39.919021740000062],[-75.247421203999977,39.918826739000053],[-75.247375204999969,39.918689739000058],[-75.247339204999946,39.918542740000078],[-75.247345205999977,39.918431740000074],[-75.247345543999984,39.918416955000055],[-75.24729212799997,39.918455062000078],[-75.246830445999933,39.918784032000076],[-75.246425719999934,39.917169477000073],[-75.245849840999938,39.916478617000053],[-75.24535433799997,39.915884170000027],[-75.244965436999962,39.915417600000069],[-75.244874953999954,39.915469478000034],[-75.24304159199994,39.916520587000036],[-75.242479364999951,39.916909302000079],[-75.241081132999966,39.91786539800006],[-75.239665779999939,39.918804028000068],[-75.239690612999937,39.919121130000065],[-75.236656118999974,39.921253338000042],[-75.234112682999978,39.922971937000057],[-75.229995152999948,39.925928827000064],[-75.228847359999975,39.926720224000064],[-75.225294391999967,39.929169783000077]]]},"properties":{"OBJECTID":116,"NAME":"PASCHALL","LISTNAME":"Paschall","MAPNAME":"Paschall","Shape_Leng":22650.029677999999,"Shape_Length":0.071645001885757412,"Shape_Area":0.00019244506820682343}},{"type":"Feature","id":117,"geometry":{"type":"Polygon","coordinates":[[[-75.204517065999937,39.93718265800004],[-75.204554313999949,39.938213014000041],[-75.204650496999989,39.940416747000029],[-75.205250527999965,39.940516746000071],[-75.20525052499994,39.941316741000037],[-75.206009966999943,39.941327519000026],[-75.20710498699998,39.941306366000049],[-75.207961202999968,39.941289820000065],[-75.208119226999941,39.941286765000029],[-75.209569866999971,39.940180339000051],[-75.212123144999964,39.938428786000031],[-75.214296588999957,39.936923440000044],[-75.21583144899995,39.935862332000056],[-75.214999003999935,39.935120700000027],[-75.213884461999953,39.935910967000041],[-75.215857804999985,39.933070294000061],[-75.21586383999994,39.933088905000034],[-75.221064258999945,39.931852433000074],[-75.222581927999954,39.930749105000075],[-75.222607874999937,39.930738640000072],[-75.223573787999953,39.930349049000029],[-75.225294391999967,39.929169783000077],[-75.224640775999944,39.928526390000059],[-75.223222985999939,39.92717929500003],[-75.222366594999983,39.926417345000061],[-75.220904054999949,39.92573490400008],[-75.219389007999951,39.927993675000039],[-75.217654595999988,39.927302326000074],[-75.21673631799996,39.926945630000034],[-75.214919146999989,39.926217896000026],[-75.213188032999938,39.925640508000072],[-75.212599621999971,39.92534369100008],[-75.211550918999933,39.928416815000048],[-75.209033532999968,39.931786381000052],[-75.207454736999978,39.933504595000045],[-75.206467220999969,39.933309659000031],[-75.206333150999967,39.933758123000075],[-75.205126944999961,39.934702921000053],[-75.204802932999939,39.93523418400008],[-75.204684750999945,39.935547611000061],[-75.204670295999961,39.935933571000078],[-75.20452260199994,39.936222930000042],[-75.204522461999943,39.936632619000079],[-75.204504498999938,39.937112146000061],[-75.204517065999937,39.93718265800004]]]},"properties":{"OBJECTID":117,"NAME":"BARTRAM_VILLAGE","LISTNAME":"Bartram Village","MAPNAME":"Bartram Village","Shape_Leng":20667.980476000001,"Shape_Length":0.06435111142999568,"Shape_Area":0.0001451448091523411}},{"type":"Feature","id":118,"geometry":{"type":"Polygon","coordinates":[[[-75.215244283999937,39.943081767000081],[-75.21573589999997,39.943455349000033],[-75.217081087999986,39.943763129000047],[-75.217585648999943,39.943868627000029],[-75.219065116999957,39.944190281000033],[-75.219091612999989,39.944182892000072],[-75.22195623999994,39.944862214000068],[-75.224728741999968,39.94546633200008],[-75.225439095999945,39.946066782000059],[-75.227379534999955,39.947772342000064],[-75.227416929999947,39.947814681000068],[-75.227616171999955,39.947797226000034],[-75.228386482999952,39.94780337900005],[-75.229430606999983,39.947846690000063],[-75.229544172999965,39.947851400000047],[-75.231256305999977,39.947922396000024],[-75.23366892599995,39.947322635000035],[-75.234389299999975,39.947186554000041],[-75.23507879899995,39.94699600000007],[-75.236136698999985,39.946736238000028],[-75.237212058999944,39.94645104600005],[-75.23794133399997,39.946296153000048],[-75.238721353999949,39.946146113000054],[-75.239332279999985,39.94603550100004],[-75.240103322999971,39.945862523000073],[-75.241742087999967,39.945232553000039],[-75.243362783999942,39.944667700000025],[-75.244417622999947,39.944281046000071],[-75.245197712999982,39.944002642000044],[-75.245854229999964,39.943768331000058],[-75.246634643999982,39.943489796000051],[-75.246981983999945,39.943305492000036],[-75.246976161999953,39.94329371300006],[-75.246962161999988,39.94326671400006],[-75.246870162999983,39.943132714000058],[-75.246820163999985,39.942971714000066],[-75.246741163999957,39.94285771300008],[-75.246659163999936,39.942766714000072],[-75.246564163999949,39.942703713000071],[-75.246467164999956,39.942668713000046],[-75.246346164999977,39.942646713000045],[-75.246188165999968,39.942614713000069],[-75.246049165999978,39.942607713000029],[-75.245883166999988,39.942598712000063],[-75.245738165999967,39.942605712000045],[-75.245559167999943,39.942610711000043],[-75.24546698599994,39.942611314000033],[-75.245406167999988,39.94261171100004],[-75.245224168999982,39.942617710000036],[-75.245010168999954,39.942598710000027],[-75.244657169999982,39.942590709000058],[-75.244408169999986,39.942552708000051],[-75.244066171999975,39.942502708000063],[-75.243841171999975,39.942478707000078],[-75.243758953999986,39.942469484000071],[-75.243529173999946,39.942443707000052],[-75.243422173999988,39.942406706000043],[-75.243540173999975,39.942307707000055],[-75.24336217299998,39.942356706000055],[-75.243339173999971,39.942327706000071],[-75.243202173999975,39.942277706000027],[-75.243111174999967,39.942233706000025],[-75.24302417499996,39.942212705000031],[-75.242951174999973,39.942254706000028],[-75.242597175999947,39.942248705000054],[-75.242281177999985,39.942232704000048],[-75.242027177999944,39.942231704000051],[-75.241821178999942,39.942235703000051],[-75.241578178999987,39.942252703000065],[-75.241444179999974,39.942275702000074],[-75.241398179999976,39.942274702000077],[-75.241177179999966,39.942265702000043],[-75.240951179999968,39.942246702000034],[-75.240787180999973,39.942224701000043],[-75.240696341999978,39.942212925000035],[-75.240563230999953,39.942195670000046],[-75.240517181999962,39.942189700000029],[-75.240365181999948,39.942172700000071],[-75.240249182999946,39.942141700000036],[-75.240147182999976,39.942087699000069],[-75.240086523999935,39.942014101000041],[-75.240072182999938,39.941996699000072],[-75.239983183999982,39.941891700000042],[-75.239843184999984,39.941728699000066],[-75.239733184999977,39.941594699000063],[-75.239629185999945,39.941422699000043],[-75.239559185999951,39.941299699000069],[-75.23949218599995,39.941161699000077],[-75.239459186999966,39.941028699000071],[-75.239429186999985,39.940891699000076],[-75.239396187999944,39.940745699000047],[-75.239409187999968,39.940609699000049],[-75.23948098599999,39.940500765000024],[-75.239525187999959,39.940433700000028],[-75.239600093999968,39.940344362000076],[-75.239634186999979,39.940303700000072],[-75.239794187999962,39.940166701000066],[-75.239834187999975,39.940122701000064],[-75.239877186999934,39.940073701000074],[-75.239901187999976,39.940036701000054],[-75.23993818699995,39.93997870100003],[-75.240014186999986,39.939841702000081],[-75.240141186999949,39.939708702000075],[-75.240238187999978,39.939569703000075],[-75.240340187999948,39.939463703000058],[-75.240422187999968,39.939375703000053],[-75.240503580999984,39.939313460000051],[-75.240535270999942,39.939289227000074],[-75.240541186999963,39.939284703000055],[-75.24062418699998,39.93919270400005],[-75.240695186999972,39.939076704000058],[-75.240736186999982,39.938968704000047],[-75.240758187999973,39.938870704000067],[-75.240760301999956,39.93881784000007],[-75.240761187999965,39.938795705000075],[-75.240709187999983,39.938728704000027],[-75.240589187999944,39.938636705000079],[-75.240407188999939,39.938458704000027],[-75.240256189999968,39.938337704000048],[-75.240208189999976,39.938284704000068],[-75.240143189999969,39.938239704000068],[-75.240040190999935,39.938201704000051],[-75.239924190999943,39.938167703000033],[-75.239855190999947,39.938159703000053],[-75.239832190999948,39.938145704000078],[-75.239759190999962,39.938110703000063],[-75.239660191999974,39.938070703000051],[-75.239582191999943,39.93804470300006],[-75.239568192999968,39.93804070300007],[-75.239471752999975,39.938119484000026],[-75.239426191999939,39.938156702000072],[-75.239334192999934,39.938158702000067],[-75.239181192999979,39.93815070100004],[-75.239004193999961,39.938141701000063],[-75.23886919399996,39.93815770100008],[-75.23873419399996,39.938182701000073],[-75.238496194999982,39.938205700000026],[-75.238324194999961,39.938225700000032],[-75.238170194999952,39.938231700000074],[-75.238038804999974,39.938229172000035],[-75.237962195999955,39.938227699000038],[-75.237767195999936,39.938251699000034],[-75.237619197999948,39.938276698000038],[-75.237513021999973,39.938305988000025],[-75.237445196999943,39.938324698000031],[-75.237142197999958,39.938383697000063],[-75.236876198999937,39.93843369700005],[-75.236680198999977,39.938447696000026],[-75.236496199999976,39.938462695000055],[-75.236343199999965,39.938458695000065],[-75.236165268999969,39.938433908000036],[-75.23614220099995,39.938430695000079],[-75.235942201999933,39.938412695000068],[-75.235777201999952,39.938394694000067],[-75.235641443999953,39.938378832000069],[-75.235486202999937,39.938360694000039],[-75.235291202999974,39.938322693000032],[-75.235159203999956,39.938272693000044],[-75.235069204999945,39.938205692000054],[-75.235000203999959,39.938128693000067],[-75.234979204999945,39.938024693000045],[-75.234978861999934,39.938017996000042],[-75.23496520499998,39.937751693000052],[-75.234917204999988,39.937552693000043],[-75.234866205999936,39.937457693000056],[-75.234798206999983,39.937338693000072],[-75.234778206999977,39.937187694000045],[-75.234785206999959,39.93704269300008],[-75.234740207999948,39.936885694000068],[-75.234771207999984,39.936754693000069],[-75.234843206999983,39.936681694000072],[-75.234913207999966,39.936593694000067],[-75.234919207999951,39.936452694000025],[-75.234918207999954,39.936334695000028],[-75.234935352999969,39.936302438000041],[-75.234977208999965,39.936223695000081],[-75.235261206999951,39.935961696000049],[-75.23545620799996,39.935824696000054],[-75.235621207999941,39.935733696000057],[-75.235665206999954,39.935710697000047],[-75.235887206999962,39.935617698000044],[-75.236058206999985,39.935514698000077],[-75.236236205999944,39.935401698000078],[-75.236372059999951,39.935334591000071],[-75.23640220599998,39.935319699000047],[-75.236490205999985,39.935154699000066],[-75.236588206999954,39.934803700000032],[-75.236656206999953,39.934621701000026],[-75.236696206999966,39.934469700000079],[-75.236711205999939,39.934418700000037],[-75.236761205999983,39.934256701000038],[-75.236820206999937,39.93410470200007],[-75.236828207999963,39.934038702000066],[-75.236837206999951,39.933976702000052],[-75.236831206999966,39.933810702000073],[-75.236831207999955,39.933769702000063],[-75.236829207999961,39.933666702000039],[-75.236830207999958,39.933642702000043],[-75.236850207999964,39.933437702000049],[-75.236911207999981,39.933306703000028],[-75.236985207999965,39.933169703000033],[-75.237103207999951,39.932997703000069],[-75.237205207999978,39.932861704000061],[-75.237311207999937,39.932751704000054],[-75.237405208999974,39.932649705000074],[-75.237506207999957,39.93258370500007],[-75.237615207999966,39.932527705000041],[-75.237732207999954,39.932498705000057],[-75.237948206999988,39.932473706000053],[-75.238102205999951,39.932509706000076],[-75.238266205999935,39.932553706000078],[-75.238442205999945,39.932598707000068],[-75.238611203999938,39.932638707000081],[-75.238758203999964,39.932704707000028],[-75.238945202999957,39.932821707000073],[-75.239182201999938,39.93300270800006],[-75.239342200999943,39.933126708000032],[-75.239466200999971,39.933222708000073],[-75.239645199999984,39.933316708000063],[-75.239918198999987,39.933403708000071],[-75.239997198999959,39.933433709000042],[-75.240159198999947,39.933493709000061],[-75.240237198999978,39.933524709000039],[-75.240258009999934,39.933531282000047],[-75.240294197999958,39.933542709000051],[-75.240445197999975,39.933589710000035],[-75.240498197999955,39.933605710000052],[-75.240576759999954,39.93361955000006],[-75.24069119699999,39.933639711000069],[-75.240734196999938,39.933647711000049],[-75.240942196999981,39.933650710000052],[-75.241156195999963,39.933630712000024],[-75.241361194999968,39.933609712000077],[-75.241519194999967,39.933589712000071],[-75.241676193999979,39.933583713000075],[-75.241734194999935,39.933580712000037],[-75.241772193999964,39.933483713000044],[-75.241845194999939,39.933471713000074],[-75.241907193999964,39.933545713000058],[-75.24195019299998,39.93353671300008],[-75.242073193999943,39.933492714000067],[-75.242184193999947,39.933427713000071],[-75.242227192999962,39.933379714000068],[-75.242294193999953,39.933289714000068],[-75.242340192999961,39.933188714000039],[-75.24240019299998,39.933089715000051],[-75.242501192999953,39.93296571500008],[-75.242575193999983,39.932880715000067],[-75.242667192999988,39.932780716000025],[-75.242761192999978,39.932613716000048],[-75.242879192999965,39.932442716000025],[-75.24296719299997,39.932300716000043],[-75.243077193999966,39.932176717000061],[-75.243131192999954,39.93208671800005],[-75.243211192999979,39.932033718000071],[-75.243304192999972,39.931976718000044],[-75.243367191999937,39.931909718000043],[-75.243421192999961,39.931838718000051],[-75.243423192999956,39.931780718000027],[-75.243436191999933,39.931687718000035],[-75.243449193999936,39.931578719000072],[-75.243486192999967,39.931469719000063],[-75.243524192999985,39.931341718000056],[-75.243562193999935,39.931198719000065],[-75.243606192999948,39.931080719000079],[-75.243632579999939,39.930913611000051],[-75.243633193999983,39.930909719000056],[-75.243641193999963,39.930898720000073],[-75.243692192999958,39.930822720000037],[-75.243811193999989,39.93073172000004],[-75.24394719299994,39.930654720000064],[-75.244129192999935,39.930564720000064],[-75.244272191999983,39.930487721000077],[-75.244335602999968,39.930436163000024],[-75.242893611999989,39.930532079000045],[-75.242112609999936,39.930370322000044],[-75.24209953899998,39.930406206000043],[-75.241982843999949,39.930385569000066],[-75.242007649999948,39.930349941000031],[-75.239417206999974,39.929886346000046],[-75.239230762999966,39.929846095000073],[-75.23911673899994,39.929753172000062],[-75.238738792999982,39.929491705000032],[-75.23555381999995,39.928919670000028],[-75.235491110999988,39.928961247000075],[-75.233858337999948,39.93004379000007],[-75.232332712999948,39.931137741000043],[-75.231338028999971,39.93183539000006],[-75.230311308999944,39.93255548500008],[-75.229808703999936,39.932907979000049],[-75.229358907999938,39.93322343300008],[-75.228659453999967,39.933711587000062],[-75.227263500999982,39.934672405000072],[-75.22723885299996,39.934653954000055],[-75.223922909999942,39.937000685000044],[-75.220272458999943,39.939568904000055],[-75.216505303999952,39.942200287000048],[-75.215244283999937,39.943081767000081]]]},"properties":{"OBJECTID":118,"NAME":"KINGSESSING","LISTNAME":"Kingsessing","MAPNAME":"Kingsessing","Shape_Leng":30544.776444899999,"Shape_Length":0.10101451774484496,"Shape_Area":0.00028168450693789057}},{"type":"Feature","id":119,"geometry":{"type":"Polygon","coordinates":[[[-75.225994176999961,39.954588483000066],[-75.224863340999946,39.959972940000057],[-75.226189767999983,39.96014030200007],[-75.226835494999989,39.960221772000068],[-75.227451292999945,39.960302116000037],[-75.22796494499994,39.960364261000052],[-75.228620375999981,39.960446944000068],[-75.229252176999978,39.960518346000072],[-75.229772762999971,39.960582953000028],[-75.230234010999936,39.960641214000077],[-75.230792615999974,39.960711770000046],[-75.231412173999956,39.960790022000026],[-75.232820440999944,39.960967876000041],[-75.233526668999957,39.961057061000076],[-75.234067087999961,39.961112939000031],[-75.234833158999947,39.96121153100006],[-75.236745676999988,39.961457644000063],[-75.238736577999987,39.961713809000059],[-75.23939050599995,39.961783589000049],[-75.239941895999948,39.961852377000071],[-75.240699019999965,39.961946828000066],[-75.241358374999948,39.962029077000068],[-75.241962380999951,39.96210441900007],[-75.242699048999953,39.962196303000042],[-75.243367088999946,39.962279624000075],[-75.243986508999967,39.962356877000047],[-75.244668741999988,39.962441959000046],[-75.245372380999981,39.962529707000044],[-75.24595203299998,39.962601989000063],[-75.24671873799997,39.962709675000042],[-75.247339078999971,39.962769604000073],[-75.247640769999975,39.962949834000028],[-75.247686126999952,39.962818696000056],[-75.247713125999951,39.96266369600005],[-75.247750126999961,39.962453696000068],[-75.247774126999957,39.962304697000036],[-75.247760127999982,39.962226696000073],[-75.247724126999969,39.962168696000049],[-75.247700127999963,39.962057697000034],[-75.24770512799995,39.961978697000063],[-75.247739127999978,39.961905697000077],[-75.247772126999962,39.961838697000076],[-75.247805127999982,39.96176669700003],[-75.247821127999941,39.961691698000038],[-75.247839127999953,39.961614697000073],[-75.247865127999944,39.961494698000024],[-75.247870127999988,39.961431698000069],[-75.247870127999988,39.961342698000067],[-75.247890128999984,39.961182698000073],[-75.247920128999965,39.961086699000077],[-75.247973128999945,39.960998699000072],[-75.248056128999963,39.960887699000068],[-75.248196127999961,39.960726700000066],[-75.248280128999966,39.960622699000055],[-75.248333128999946,39.960517700000025],[-75.248381128999938,39.960426700000028],[-75.248457127999984,39.960334701000079],[-75.248544127999935,39.96027070100007],[-75.248687128999961,39.960200701000076],[-75.248835128999985,39.960130702000072],[-75.248970127999939,39.960072702000048],[-75.249120127999959,39.959991703000071],[-75.249211127999956,39.959922703000075],[-75.249316127999975,39.959840703000054],[-75.249441126999955,39.959753704000036],[-75.249550126999964,39.959683704000042],[-75.249632707999979,39.959648195000057],[-75.249650126999938,39.959640705000027],[-75.249824125999965,39.95957470500008],[-75.250078126999938,39.959483705000025],[-75.250289126999974,39.959398705000069],[-75.250452127999949,39.959319704000052],[-75.250603127999966,39.959240704000081],[-75.250750127999936,39.959156704000065],[-75.250848128999962,39.959100704000036],[-75.250881128999936,39.959025704000055],[-75.250889129999962,39.958943704000035],[-75.250879129999987,39.958809704000032],[-75.250873129999945,39.958729704000064],[-75.250837128999933,39.958639704000063],[-75.250791129999982,39.958530705000044],[-75.250733129999958,39.95842770400003],[-75.250664128999972,39.95832970400005],[-75.250557129999947,39.958233705000055],[-75.250485354999967,39.95815009100005],[-75.250460128999975,39.958120705000056],[-75.250357128999951,39.958015706000026],[-75.250240128999963,39.957873707000033],[-75.250175129999946,39.957792707000067],[-75.250035129999958,39.957655707000072],[-75.249776129999987,39.957426706000035],[-75.249683129999937,39.957354707000036],[-75.249625130999959,39.957310707000033],[-75.249530131999961,39.957214706000059],[-75.249497130999941,39.957190706000063],[-75.249437131999969,39.957149706000052],[-75.249398131999953,39.957121706000066],[-75.249312131999943,39.95706870600003],[-75.249258945999941,39.957044530000076],[-75.249191132999954,39.957013706000055],[-75.249062132999939,39.956959705000031],[-75.249004133999961,39.956908705000046],[-75.249000535999983,39.956899053000029],[-75.248960694999937,39.956792145000065],[-75.248944133999942,39.956747706000044],[-75.248924133999935,39.956629706000058],[-75.248954133999973,39.956517705000067],[-75.248985134999941,39.956428706000054],[-75.249043133999976,39.956373706000079],[-75.249111133999975,39.956327706000025],[-75.249137212999983,39.956303998000067],[-75.249232133999953,39.956217706000075],[-75.249272133999966,39.956124707000072],[-75.24926013399994,39.956044707000046],[-75.249241081999969,39.955998558000033],[-75.249215134999986,39.955935707000037],[-75.249172134999981,39.955851707000079],[-75.249132134999968,39.955757707000032],[-75.249120134999941,39.955657706000068],[-75.249141135999935,39.955571707000047],[-75.249161134999952,39.955515707000075],[-75.249197135999964,39.955466708000074],[-75.249232134999943,39.955430707000062],[-75.24927813499994,39.95541670700004],[-75.249355134999973,39.955406708000055],[-75.24942013499998,39.955382708000059],[-75.249455326999964,39.955368533000069],[-75.249492133999979,39.955353708000075],[-75.249554134999983,39.955291708000061],[-75.249594133999949,39.955240708000076],[-75.249611133999963,39.955181709000044],[-75.249692134999975,39.95497670900005],[-75.249748133999958,39.954827709000028],[-75.249764134999964,39.954762709000079],[-75.249758134999979,39.954707709000047],[-75.249744135999947,39.954641709000043],[-75.249754286999973,39.954607874000033],[-75.249765135999951,39.954571709000049],[-75.249797134999937,39.954497709000066],[-75.249835134999955,39.954432709000059],[-75.249885134999943,39.954379710000069],[-75.249951134999947,39.954331710000076],[-75.25000113599998,39.95423371000004],[-75.250045134999937,39.954152710000074],[-75.250134134999939,39.954067710000061],[-75.250350135999952,39.953862710000067],[-75.250485137999988,39.953738710000039],[-75.250646136999933,39.953615709000076],[-75.250787138999954,39.95349870900003],[-75.250814137999953,39.953476709000029],[-75.250919138999961,39.95339270900007],[-75.251045138999984,39.953296709000028],[-75.251098139999954,39.953229709000027],[-75.251133332999984,39.953181588000064],[-75.251147139999944,39.953162709000026],[-75.251180139999974,39.953090709000037],[-75.25120413999997,39.95303270800008],[-75.251177139999982,39.952944709000064],[-75.251150139999936,39.952850709000074],[-75.251150139999936,39.95275170900004],[-75.251184140999953,39.95266570900003],[-75.251279141999987,39.952542709000056],[-75.251408141999946,39.952378709000072],[-75.251509141999975,39.952241708000031],[-75.251575141999979,39.952128708000032],[-75.251610142999937,39.952046708000069],[-75.251641142999972,39.951955708000071],[-75.251645142999962,39.951847708000059],[-75.251644143999954,39.951748709000071],[-75.251624143999948,39.951626709000038],[-75.251607143999934,39.95150170900007],[-75.251607143999934,39.951467709000042],[-75.251604143999941,39.951385709000078],[-75.25157814399995,39.951283709000052],[-75.251532143999952,39.951219709000043],[-75.251482143999965,39.951191710000046],[-75.251416143999961,39.951149710000038],[-75.251338142999941,39.951066710000077],[-75.251266830999953,39.950984361000053],[-75.251254142999983,39.950969710000038],[-75.251155143999938,39.950781711000047],[-75.25112014399997,39.950702711000076],[-75.251125869999953,39.950628274000053],[-75.251128143999949,39.950598711000055],[-75.251126392999936,39.950506472000029],[-75.251125144999946,39.950440712000045],[-75.251163144999964,39.950290712000026],[-75.251207144999967,39.950150711000049],[-75.251268144999983,39.94999271100005],[-75.251299440999958,39.949949600000025],[-75.251366145999953,39.949857712000039],[-75.251466146999974,39.949656711000046],[-75.251510146999976,39.949456711000039],[-75.251494147999949,39.949252711000042],[-75.251440146999983,39.94914071200003],[-75.251374146999979,39.949066712000047],[-75.251249146999953,39.948973712000054],[-75.251123146999987,39.948867713000027],[-75.250990146999982,39.948738713000068],[-75.250656146999972,39.948446714000056],[-75.250719146999984,39.948378714000057],[-75.250554146999946,39.948252715000081],[-75.250518041999953,39.948220960000071],[-75.250471146999985,39.948179715000038],[-75.250413146999961,39.948093716000074],[-75.250363146999973,39.947979716000077],[-75.250336146999985,39.94784771500008],[-75.250306146999947,39.947719716000051],[-75.250269147999973,39.947576716000071],[-75.25023314699996,39.947410716000036],[-75.250228147999962,39.947387716000037],[-75.250215147999938,39.94731871700003],[-75.250203146999979,39.947245717000044],[-75.250196147999986,39.947230717000025],[-75.250154147999979,39.947113717000036],[-75.25011614899995,39.946971717000054],[-75.250077401999988,39.946895194000035],[-75.250036148999982,39.946813717000055],[-75.249997763999943,39.946754448000036],[-75.249968147999937,39.946708718000025],[-75.249919148999936,39.946627717000069],[-75.249812148999979,39.946534717000077],[-75.249712149999937,39.946452717000057],[-75.249616149999952,39.946411717000046],[-75.249556150999979,39.94639171700004],[-75.249495149999973,39.946357717000069],[-75.249429149999969,39.946313717000066],[-75.249247151999953,39.946153716000026],[-75.249082151999971,39.945988716000045],[-75.248900152999965,39.945829716000048],[-75.248711153999977,39.945669716000054],[-75.248567154999989,39.945552715000076],[-75.248505153999986,39.945511716000055],[-75.248468154999955,39.945486715000072],[-75.248419154999965,39.945455715000037],[-75.248325154999975,39.945343715000035],[-75.248238155999957,39.945229715000039],[-75.248220155999945,39.945101715000078],[-75.248174156999937,39.945011715000078],[-75.248098155999969,39.94492471500007],[-75.24790515799998,39.944778715000041],[-75.247765156999947,39.944638714000064],[-75.247645158999944,39.944512714000041],[-75.247633158999975,39.944524714000067],[-75.247506158999954,39.944406714000024],[-75.247464158999946,39.944351714000049],[-75.247419159999936,39.94429171400003],[-75.24739515999994,39.944209714000067],[-75.247375159999933,39.944139714000073],[-75.247300159999952,39.944011714000055],[-75.247219475999941,39.94392072800008],[-75.247206160999951,39.943905713000049],[-75.247189159999948,39.943868714000075],[-75.247104160999982,39.943682714000033],[-75.247074161999933,39.943617714000027],[-75.247049161999939,39.94355971400006],[-75.247046161999947,39.943531713000027],[-75.247039162999954,39.943479714000034],[-75.247026161999941,39.943415714000025],[-75.247019161999958,39.943380714000057],[-75.246981983999945,39.943305492000036],[-75.246634643999982,39.943489796000051],[-75.245854229999964,39.943768331000058],[-75.245197712999982,39.944002642000044],[-75.244417622999947,39.944281046000071],[-75.243362783999942,39.944667700000025],[-75.241742087999967,39.945232553000039],[-75.240103322999971,39.945862523000073],[-75.239332279999985,39.94603550100004],[-75.238721353999949,39.946146113000054],[-75.23794133399997,39.946296153000048],[-75.237212058999944,39.94645104600005],[-75.236136698999985,39.946736238000028],[-75.23507879899995,39.94699600000007],[-75.234389299999975,39.947186554000041],[-75.23366892599995,39.947322635000035],[-75.231256305999977,39.947922396000024],[-75.229544172999965,39.947851400000047],[-75.229430606999983,39.947846690000063],[-75.228386482999952,39.94780337900005],[-75.227616171999955,39.947797226000034],[-75.227416929999947,39.947814681000068],[-75.226537187999952,39.952003340000033],[-75.225994176999961,39.954588483000066]]]},"properties":{"OBJECTID":119,"NAME":"COBBS_CREEK","LISTNAME":"Cobbs Creek","MAPNAME":"Cobbs Creek","Shape_Leng":25355.994460400001,"Shape_Length":0.081289688562586754,"Shape_Area":0.00036770141524435491}},{"type":"Feature","id":120,"geometry":{"type":"Polygon","coordinates":[[[-75.224853902999939,39.959971749000033],[-75.224863340999946,39.959972940000057],[-75.225994176999961,39.954588483000066],[-75.222061529999962,39.954107018000059],[-75.21812350099998,39.953618167000059],[-75.215121379999971,39.953241923000064],[-75.214150020999966,39.95312068800007],[-75.213678502999983,39.955476872000077],[-75.213020245999985,39.958517095000047],[-75.213968553999962,39.958637044000056],[-75.216996612999935,39.959018366000066],[-75.218967040999985,39.959267429000079],[-75.21897770299995,39.959268819000044],[-75.219977755999935,39.959399159000043],[-75.220920079999985,39.95951320100005],[-75.221920682999951,39.959639331000062],[-75.222367626999983,39.959696677000068],[-75.222876202999942,39.959754767000049],[-75.223115066999981,39.959743874000026],[-75.223884012999974,39.959849363000046],[-75.224853902999939,39.959971749000033]]]},"properties":{"OBJECTID":120,"NAME":"WALNUT_HILL","LISTNAME":"Walnut Hill","MAPNAME":"Walnut Hill","Shape_Leng":10705.1426541,"Shape_Length":0.034886033185026442,"Shape_Area":6.554524440068194e-05}},{"type":"Feature","id":121,"geometry":{"type":"Polygon","coordinates":[[[-75.226537187999952,39.952003340000033],[-75.227416929999947,39.947814681000068],[-75.227379534999955,39.947772342000064],[-75.225439095999945,39.946066782000059],[-75.224728741999968,39.94546633200008],[-75.22195623999994,39.944862214000068],[-75.219091612999989,39.944182892000072],[-75.219065116999957,39.944190281000033],[-75.217585648999943,39.943868627000029],[-75.217081087999986,39.943763129000047],[-75.21573589999997,39.943455349000033],[-75.215244283999937,39.943081767000081],[-75.21502924899994,39.943293659000062],[-75.211397437999949,39.945771208000053],[-75.211370298999952,39.945792181000058],[-75.215012222999974,39.948841565000066],[-75.215028647999986,39.948839811000028],[-75.215023925999958,39.948846908000064],[-75.214692327999956,39.950547144000041],[-75.21812793099997,39.950966939000068],[-75.220618754999975,39.951283462000049],[-75.222583415999964,39.951524298000038],[-75.222588180999935,39.951522265000051],[-75.226537187999952,39.952003340000033]]]},"properties":{"OBJECTID":121,"NAME":"CEDAR_PARK","LISTNAME":"Cedar Park","MAPNAME":"Cedar Park","Shape_Leng":12495.3704755,"Shape_Length":0.040860806928138066,"Shape_Area":8.8980571623111914e-05}},{"type":"Feature","id":122,"geometry":{"type":"Polygon","coordinates":[[[-75.214150020999966,39.95312068800007],[-75.215121379999971,39.953241923000064],[-75.21812350099998,39.953618167000059],[-75.222061529999962,39.954107018000059],[-75.225994176999961,39.954588483000066],[-75.226537187999952,39.952003340000033],[-75.222588180999935,39.951522265000051],[-75.222583415999964,39.951524298000038],[-75.220618754999975,39.951283462000049],[-75.21812793099997,39.950966939000068],[-75.214692327999956,39.950547144000041],[-75.214150020999966,39.95312068800007]]]},"properties":{"OBJECTID":122,"NAME":"GARDEN_COURT","LISTNAME":"Garden Court","MAPNAME":"Garden Court","Shape_Leng":8630.2822690699995,"Shape_Length":0.029141144657584214,"Shape_Area":3.1361643218923294e-05}},{"type":"Feature","id":123,"geometry":{"type":"Polygon","coordinates":[[[-75.208607558999972,39.945464465000043],[-75.208235272999957,39.945762437000042],[-75.206985574999976,39.946858000000077],[-75.205635718999986,39.948051558000031],[-75.20514974799994,39.948517296000034],[-75.203929075999952,39.948940968000045],[-75.203976173999934,39.949901071000056],[-75.205750208999973,39.94982869200004],[-75.207132510999941,39.949786560000064],[-75.208041809999941,39.949748487000079],[-75.209260006999955,39.949542565000058],[-75.208607558999972,39.945464465000043]]]},"properties":{"OBJECTID":123,"NAME":"WOODLAND_TERRACE","LISTNAME":"Woodland Terrace","MAPNAME":"Woodland Terrace","Shape_Leng":5188.7705575199998,"Shape_Length":0.016301100757032474,"Shape_Area":1.2517600986145288e-05}},{"type":"Feature","id":124,"geometry":{"type":"Polygon","coordinates":[[[-75.20414915899994,39.957401735000076],[-75.205040142999962,39.957504849000031],[-75.206053320999956,39.957620636000058],[-75.206982590999985,39.95774609800003],[-75.208098226999937,39.957898535000027],[-75.209424741999953,39.958048151000071],[-75.21102594499996,39.958265300000051],[-75.213020245999985,39.958517095000047],[-75.213678502999983,39.955476872000077],[-75.214150020999966,39.95312068800007],[-75.214692327999956,39.950547144000041],[-75.215023925999958,39.948846908000064],[-75.215028647999986,39.948839811000028],[-75.215012222999974,39.948841565000066],[-75.211370298999952,39.945792181000058],[-75.210907230999965,39.946150037000052],[-75.210102239999969,39.946699162000073],[-75.208607558999972,39.945464465000043],[-75.209260006999955,39.949542565000058],[-75.208041809999941,39.949748487000079],[-75.207132510999941,39.949786560000064],[-75.205750208999973,39.94982869200004],[-75.205749192999974,39.949828733000061],[-75.205758429999946,39.949835058000076],[-75.205800966999959,39.950987743000042],[-75.205581796999979,39.952059071000065],[-75.205574113999944,39.952061396000033],[-75.205140982999978,39.954407765000042],[-75.205090335999955,39.954421926000066],[-75.204773727999964,39.95594568100006],[-75.204463929999974,39.955907512000067],[-75.20414915899994,39.957401735000076]]]},"properties":{"OBJECTID":124,"NAME":"SPRUCE_HILL","LISTNAME":"Spruce Hill","MAPNAME":"Spruce Hill","Shape_Leng":14095.262494099999,"Shape_Length":0.0428503945991415,"Shape_Area":9.0204428877709489e-05}},{"type":"Feature","id":125,"geometry":{"type":"Polygon","coordinates":[[[-75.210102239999969,39.946699162000073],[-75.210907230999965,39.946150037000052],[-75.211370298999952,39.945792181000058],[-75.211397437999949,39.945771208000053],[-75.21502924899994,39.943293659000062],[-75.215244283999937,39.943081767000081],[-75.216505303999952,39.942200287000048],[-75.220272458999943,39.939568904000055],[-75.223922909999942,39.937000685000044],[-75.22723885299996,39.934653954000055],[-75.22587452099998,39.933496326000068],[-75.22466275499994,39.932427146000066],[-75.223294937999981,39.931312198000057],[-75.222800120999977,39.930898409000065],[-75.222607874999937,39.930738640000072],[-75.222581927999954,39.930749105000075],[-75.221064258999945,39.931852433000074],[-75.21586383999994,39.933088905000034],[-75.215857804999985,39.933070294000061],[-75.213884461999953,39.935910967000041],[-75.214999003999935,39.935120700000027],[-75.21583144899995,39.935862332000056],[-75.214296588999957,39.936923440000044],[-75.212123144999964,39.938428786000031],[-75.209569866999971,39.940180339000051],[-75.208119226999941,39.941286765000029],[-75.207961202999968,39.941289820000065],[-75.20710498699998,39.941306366000049],[-75.206009966999943,39.941327519000026],[-75.20525052499994,39.941316741000037],[-75.20465048799997,39.942516734000037],[-75.203942930999972,39.942914715000029],[-75.205162022999957,39.943744629000037],[-75.205492100999948,39.94411866400003],[-75.207446901999958,39.945282521000024],[-75.208235272999957,39.945762437000042],[-75.208607558999972,39.945464465000043],[-75.210102239999969,39.946699162000073]]]},"properties":{"OBJECTID":125,"NAME":"SOUTHWEST_SCHUYLKILL","LISTNAME":"Southwest Schuylkill","MAPNAME":"Southwest Schuylkill","Shape_Leng":19282.638169400001,"Shape_Length":0.062266259267309547,"Shape_Area":0.00013501132248067775}},{"type":"Feature","id":126,"geometry":{"type":"Polygon","coordinates":[[[-75.182820971999945,39.963371675000076],[-75.187273710999989,39.96261135900005],[-75.187302165999938,39.96258602100005],[-75.187288783999975,39.962587235000058],[-75.18723317499996,39.962583091000056],[-75.187086267999973,39.961812452000061],[-75.187049525999953,39.961216604000072],[-75.187150562999989,39.960523253000076],[-75.187587805999954,39.960483100000033],[-75.187489538999955,39.959913778000043],[-75.187415274999978,39.959428011000057],[-75.187539363999974,39.958862811000074],[-75.187572243999966,39.958859810000035],[-75.19084128999998,39.958766258000026],[-75.191165161999947,39.957301761000053],[-75.195851678999986,39.959693259000062],[-75.195858026999986,39.959684165000056],[-75.198675592999962,39.959429925000052],[-75.200857693999978,39.959252892000052],[-75.200967798999955,39.957800432000056],[-75.201802595999936,39.957855873000028],[-75.201954343999944,39.957147702000043],[-75.203386642999988,39.957321062000062],[-75.204121502999953,39.957398534000049],[-75.20414915899994,39.957401735000076],[-75.204463929999974,39.955907512000067],[-75.204773727999964,39.95594568100006],[-75.205090335999955,39.954421926000066],[-75.205140982999978,39.954407765000042],[-75.205574113999944,39.952061396000033],[-75.205581796999979,39.952059071000065],[-75.205800966999959,39.950987743000042],[-75.205758429999946,39.949835058000076],[-75.205749192999974,39.949828733000061],[-75.203976173999934,39.949901071000056],[-75.203929075999952,39.948940968000045],[-75.20514974799994,39.948517296000034],[-75.205635718999986,39.948051558000031],[-75.206985574999976,39.946858000000077],[-75.208235272999957,39.945762437000042],[-75.207446901999958,39.945282521000024],[-75.205492100999948,39.94411866400003],[-75.205162022999957,39.943744629000037],[-75.203942930999972,39.942914715000029],[-75.203050400999985,39.943416728000045],[-75.200350259999936,39.943716727000037],[-75.196950085999958,39.942716735000033],[-75.193770631999939,39.942201108000063],[-75.192769837999947,39.942628288000037],[-75.191508713999951,39.943166568000038],[-75.188749650999966,39.945916714000077],[-75.187801085999979,39.946569111000031],[-75.187056322999979,39.947081323000077],[-75.185649485999988,39.94801669900005],[-75.184549426999979,39.948616696000045],[-75.18334936499997,39.949316690000046],[-75.18332824099997,39.949343093000039],[-75.182549321999943,39.95031668300004],[-75.181556029999967,39.951486532000047],[-75.180838037999933,39.952972788000068],[-75.180041512999935,39.954454459000033],[-75.179745992999983,39.955430983000042],[-75.179649164999944,39.95601663900004],[-75.17944915399994,39.956316637000043],[-75.179423616999941,39.95657198400005],[-75.179349146999982,39.957316630000037],[-75.179349144999946,39.958216622000066],[-75.180038713999977,39.960088210000038],[-75.180049177999933,39.960116608000078],[-75.181749258999957,39.962116594000065],[-75.182820971999945,39.963371675000076]]]},"properties":{"OBJECTID":126,"NAME":"UNIVERSITY_CITY","LISTNAME":"University City","MAPNAME":"University City","Shape_Leng":26985.3088647,"Shape_Length":0.090126794561715906,"Shape_Area":0.00036942921350957325}},{"type":"Feature","id":127,"geometry":{"type":"Polygon","coordinates":[[[-75.187539363999974,39.958862811000074],[-75.187415274999978,39.959428011000057],[-75.187489538999955,39.959913778000043],[-75.187587805999954,39.960483100000033],[-75.187150562999989,39.960523253000076],[-75.187049525999953,39.961216604000072],[-75.187086267999973,39.961812452000061],[-75.18723317499996,39.962583091000056],[-75.187288783999975,39.962587235000058],[-75.188345033999951,39.962491432000036],[-75.192767766999964,39.961964686000044],[-75.198887027999945,39.961264279000034],[-75.197833216999982,39.960718869000061],[-75.195851678999986,39.959693259000062],[-75.191165161999947,39.957301761000053],[-75.19084128999998,39.958766258000026],[-75.187572243999966,39.958859810000035],[-75.187539363999974,39.958862811000074]]]},"properties":{"OBJECTID":127,"NAME":"POWELTON","LISTNAME":"Powelton","MAPNAME":"Powelton","Shape_Leng":8846.6881178999993,"Shape_Length":0.029381151055771042,"Shape_Area":3.2873798580079311e-05}},{"type":"Feature","id":128,"geometry":{"type":"Polygon","coordinates":[[[-75.200130550999972,39.961929997000027],[-75.201933976999953,39.962911446000078],[-75.203988513999946,39.962736367000048],[-75.204315592999933,39.962687624000068],[-75.20484339799998,39.962649992000024],[-75.205645045999972,39.962568990000079],[-75.206339767999964,39.962498787000072],[-75.206940255999939,39.962448553000058],[-75.207812515999933,39.962359457000048],[-75.209060547999968,39.962269641000034],[-75.209808025999962,39.962420266000038],[-75.210550696999974,39.962516611000069],[-75.212017732999982,39.962633269000037],[-75.213006646999986,39.962558045000037],[-75.213968553999962,39.958637044000056],[-75.213020245999985,39.958517095000047],[-75.21102594499996,39.958265300000051],[-75.209424741999953,39.958048151000071],[-75.208098226999937,39.957898535000027],[-75.206982590999985,39.95774609800003],[-75.206053320999956,39.957620636000058],[-75.205040142999962,39.957504849000031],[-75.204121502999953,39.957398534000049],[-75.203386642999988,39.957321062000062],[-75.201954343999944,39.957147702000043],[-75.201802595999936,39.957855873000028],[-75.200967798999955,39.957800432000056],[-75.200857693999978,39.959252892000052],[-75.198675592999962,39.959429925000052],[-75.195858026999986,39.959684165000056],[-75.195851678999986,39.959693259000062],[-75.197833216999982,39.960718869000061],[-75.198887027999945,39.961264279000034],[-75.200130550999972,39.961929997000027]]]},"properties":{"OBJECTID":128,"NAME":"WEST_POWELTON","LISTNAME":"West Powelton","MAPNAME":"West Powelton","Shape_Leng":12588.9313207,"Shape_Length":0.042203664095209779,"Shape_Area":6.7264005094130262e-05}},{"type":"Feature","id":129,"geometry":{"type":"Polygon","coordinates":[[[-75.199307268999974,39.974621590000027],[-75.199513399999944,39.974599280000064],[-75.201737764999962,39.974358492000079],[-75.20316498699998,39.974220872000046],[-75.203720306999969,39.974167532000024],[-75.204340196999965,39.974332464000042],[-75.206647266999937,39.975229331000037],[-75.206902151999941,39.975323337000077],[-75.207911610999986,39.975677653000048],[-75.20863030199996,39.975948330000051],[-75.209269351999978,39.976189008000063],[-75.210408791999953,39.97661813600007],[-75.211256890999948,39.976907077000078],[-75.213443884999947,39.977721829000075],[-75.213102829999968,39.976504307000027],[-75.212976289999972,39.976048680000076],[-75.212597092999943,39.974670758000059],[-75.212396163999983,39.97395474700005],[-75.212266228999965,39.973197660000039],[-75.212265386999945,39.973193319000075],[-75.209851498999967,39.97347058500003],[-75.20878158499994,39.972858341000062],[-75.206098278999946,39.971945493000078],[-75.203812252999967,39.971532094000054],[-75.200322304999986,39.971890701000063],[-75.198690338999938,39.972058354000069],[-75.199307268999974,39.974621590000027]]]},"properties":{"OBJECTID":129,"NAME":"EAST_PARKSIDE","LISTNAME":"East Parkside","MAPNAME":"East Parkside","Shape_Leng":10885.781535300001,"Shape_Length":0.036080711721648985,"Shape_Area":4.1441026278225152e-05}},{"type":"Feature","id":130,"geometry":{"type":"Polygon","coordinates":[[[-75.203812252999967,39.971532094000054],[-75.206098278999946,39.971945493000078],[-75.20878158499994,39.972858341000062],[-75.209851498999967,39.97347058500003],[-75.212265386999945,39.973193319000075],[-75.212162060999958,39.972815317000027],[-75.212098500999957,39.972469507000028],[-75.211914909999962,39.971470614000054],[-75.211866806999979,39.971208887000046],[-75.211768645999939,39.970674796000026],[-75.211676695999984,39.970174478000047],[-75.21161570299995,39.969842613000026],[-75.211571517999971,39.969602190000046],[-75.211333244999935,39.968727702000081],[-75.208369275999985,39.966832844000066],[-75.204576175999989,39.964465942000061],[-75.202252021999982,39.963098570000056],[-75.202862645999971,39.96622938400003],[-75.203620300999944,39.970251163000057],[-75.203812252999967,39.971532094000054]]]},"properties":{"OBJECTID":130,"NAME":"BELMONT","LISTNAME":"Belmont","MAPNAME":"Belmont","Shape_Leng":10727.5746146,"Shape_Length":0.032648090438795872,"Shape_Area":5.4135442819880884e-05}},{"type":"Feature","id":131,"geometry":{"type":"Polygon","coordinates":[[[-75.201933976999953,39.962911446000078],[-75.202252021999982,39.963098570000056],[-75.204576175999989,39.964465942000061],[-75.208369275999985,39.966832844000066],[-75.211333244999935,39.968727702000081],[-75.211239341999942,39.967868444000032],[-75.211185541999953,39.967297635000079],[-75.211111504999963,39.966746238000042],[-75.210956895999971,39.965590574000032],[-75.210939112999938,39.965462285000058],[-75.210918942999967,39.965312060000031],[-75.210885187999963,39.965060645000051],[-75.210850092999976,39.964799256000049],[-75.210826473999987,39.964623347000042],[-75.210807317999979,39.964480662000028],[-75.210654432999945,39.963346283000078],[-75.210550696999974,39.962516611000069],[-75.209808025999962,39.962420266000038],[-75.209060547999968,39.962269641000034],[-75.207812515999933,39.962359457000048],[-75.206940255999939,39.962448553000058],[-75.206339767999964,39.962498787000072],[-75.205645045999972,39.962568990000079],[-75.20484339799998,39.962649992000024],[-75.204315592999933,39.962687624000068],[-75.203988513999946,39.962736367000048],[-75.201933976999953,39.962911446000078]]]},"properties":{"OBJECTID":131,"NAME":"HAVERFORD_NORTH","LISTNAME":"Haverford North","MAPNAME":"Haverford North","Shape_Leng":8163.07457694,"Shape_Length":0.025983040899621404,"Shape_Area":2.7912112808283212e-05}},{"type":"Feature","id":132,"geometry":{"type":"Polygon","coordinates":[[[-75.213443884999947,39.977721829000075],[-75.21688727999998,39.978962509000041],[-75.219002268999986,39.97975449200004],[-75.221472890999962,39.980679574000078],[-75.222497453999949,39.981068897000057],[-75.223172708999982,39.981318865000048],[-75.224051248999956,39.981616517000077],[-75.224103421999985,39.98151217700007],[-75.224151254999981,39.981416519000049],[-75.224360304999948,39.980940639000039],[-75.224746297999957,39.980422515000043],[-75.225034923999942,39.979892843000073],[-75.225396476999947,39.979374179000047],[-75.226136670999949,39.978205568000078],[-75.226351381999962,39.978016540000056],[-75.226551393999955,39.977816542000028],[-75.226451389999966,39.977716542000053],[-75.226807216999987,39.977223405000075],[-75.226027856999963,39.976855958000044],[-75.223573349999981,39.975696819000063],[-75.220495544999949,39.974250096000048],[-75.21964980599995,39.973678886000073],[-75.218471574999967,39.973010138000063],[-75.217723598999953,39.972586026000045],[-75.212266228999965,39.973197660000039],[-75.212396163999983,39.97395474700005],[-75.212597092999943,39.974670758000059],[-75.212976289999972,39.976048680000076],[-75.213102829999968,39.976504307000027],[-75.213443884999947,39.977721829000075]]]},"properties":{"OBJECTID":132,"NAME":"WEST_PARKSIDE","LISTNAME":"West Parkside","MAPNAME":"West Parkside","Shape_Leng":11392.2493318,"Shape_Length":0.037008907398359284,"Shape_Area":7.3491005453955638e-05}},{"type":"Feature","id":133,"geometry":{"type":"Polygon","coordinates":[[[-75.212265386999945,39.973193319000075],[-75.212266228999965,39.973197660000039],[-75.217723598999953,39.972586026000045],[-75.218471574999967,39.973010138000063],[-75.222053090999964,39.972239810000076],[-75.225801545999957,39.971431868000025],[-75.225812373999986,39.971430609000038],[-75.225415044999977,39.969507227000065],[-75.224907008999935,39.966655693000064],[-75.224566247999974,39.964919207000037],[-75.222328546999961,39.964320773000054],[-75.220001207999985,39.963800445000061],[-75.219623761999969,39.962478845000078],[-75.219376860999944,39.960925610000061],[-75.21897770299995,39.959268819000044],[-75.218967040999985,39.959267429000079],[-75.216996612999935,39.959018366000066],[-75.213968553999962,39.958637044000056],[-75.213006646999986,39.962558045000037],[-75.212017732999982,39.962633269000037],[-75.210550696999974,39.962516611000069],[-75.210654432999945,39.963346283000078],[-75.210807317999979,39.964480662000028],[-75.210826473999987,39.964623347000042],[-75.210850092999976,39.964799256000049],[-75.210885187999963,39.965060645000051],[-75.210918942999967,39.965312060000031],[-75.210939112999938,39.965462285000058],[-75.210956895999971,39.965590574000032],[-75.211111504999963,39.966746238000042],[-75.211185541999953,39.967297635000079],[-75.211239341999942,39.967868444000032],[-75.211333244999935,39.968727702000081],[-75.211571517999971,39.969602190000046],[-75.21161570299995,39.969842613000026],[-75.211676695999984,39.970174478000047],[-75.211768645999939,39.970674796000026],[-75.211866806999979,39.971208887000046],[-75.211914909999962,39.971470614000054],[-75.212098500999957,39.972469507000028],[-75.212162060999958,39.972815317000027],[-75.212265386999945,39.973193319000075]]]},"properties":{"OBJECTID":133,"NAME":"MILL_CREEK","LISTNAME":"Mill Creek","MAPNAME":"Mill Creek","Shape_Leng":16852.528012300001,"Shape_Length":0.052222664199263975,"Shape_Area":0.00015076625521656399}},{"type":"Feature","id":134,"geometry":{"type":"Polygon","coordinates":[[[-75.21897770299995,39.959268819000044],[-75.219376860999944,39.960925610000061],[-75.219623761999969,39.962478845000078],[-75.220001207999985,39.963800445000061],[-75.222328546999961,39.964320773000054],[-75.224566247999974,39.964919207000037],[-75.224206448999951,39.963085610000064],[-75.224853902999939,39.959971749000033],[-75.223884012999974,39.959849363000046],[-75.223115066999981,39.959743874000026],[-75.222876202999942,39.959754767000049],[-75.222367626999983,39.959696677000068],[-75.221920682999951,39.959639331000062],[-75.220920079999985,39.95951320100005],[-75.219977755999935,39.959399159000043],[-75.21897770299995,39.959268819000044]]]},"properties":{"OBJECTID":134,"NAME":"DUNLAP","LISTNAME":"Dunlap","MAPNAME":"Dunlap","Shape_Leng":6513.1305901100004,"Shape_Length":0.020323098182880382,"Shape_Area":2.3175772893931358e-05}},{"type":"Feature","id":135,"geometry":{"type":"Polygon","coordinates":[[[-75.182820971999945,39.963371675000076],[-75.183556008999972,39.964232442000025],[-75.183794128999978,39.964469204000068],[-75.184949410999934,39.966116567000029],[-75.188249568999936,39.968416553000054],[-75.190577678999944,39.970057544000042],[-75.193146396999964,39.975299592000056],[-75.193869328999938,39.975213802000042],[-75.194186758999933,39.97513609400005],[-75.19496802599997,39.975058233000027],[-75.195520943999952,39.97501778600008],[-75.195954780999955,39.974966294000069],[-75.198388599999987,39.974717868000027],[-75.198859849999963,39.974670017000051],[-75.199307268999974,39.974621590000027],[-75.198690338999938,39.972058354000069],[-75.200322304999986,39.971890701000063],[-75.203812252999967,39.971532094000054],[-75.203620300999944,39.970251163000057],[-75.202862645999971,39.96622938400003],[-75.202252021999982,39.963098570000056],[-75.201933976999953,39.962911446000078],[-75.200130550999972,39.961929997000027],[-75.198887027999945,39.961264279000034],[-75.192767766999964,39.961964686000044],[-75.188345033999951,39.962491432000036],[-75.187302165999938,39.96258602100005],[-75.187273710999989,39.96261135900005],[-75.182820971999945,39.963371675000076]]]},"properties":{"OBJECTID":135,"NAME":"MANTUA","LISTNAME":"Mantua","MAPNAME":"Mantua","Shape_Leng":25053.449834999999,"Shape_Length":0.058800857464925166,"Shape_Area":0.00017797896166538539}},{"type":"Feature","id":136,"geometry":{"type":"Polygon","coordinates":[[[-75.225812373999986,39.971430609000038],[-75.228721236999945,39.97109221200003],[-75.228718382999944,39.971074988000055],[-75.230647122999983,39.970855042000039],[-75.234923027999969,39.97039753200005],[-75.238187890999939,39.96998762000004],[-75.239079874999959,39.969882903000041],[-75.241751848999968,39.971315768000068],[-75.244784358999937,39.97177602000005],[-75.245207557999947,39.973733757000048],[-75.245484523999949,39.975333098000078],[-75.24653607099998,39.975181334000069],[-75.246809294999935,39.975155432000065],[-75.247508912999933,39.975076652000041],[-75.247246429999961,39.973575714000049],[-75.246874042999934,39.972072379000053],[-75.246948363999934,39.971693790000074],[-75.247168875999989,39.970570489000067],[-75.247488522999959,39.969069416000025],[-75.246489776999965,39.968943564000028],[-75.246814877999952,39.967410643000051],[-75.246974598999941,39.966651338000077],[-75.247133159999976,39.965909809000038],[-75.247449577999987,39.964389922000066],[-75.24640328299995,39.964259297000069],[-75.246408146999954,39.964235404000078],[-75.24671873799997,39.962709675000042],[-75.24595203299998,39.962601989000063],[-75.245372380999981,39.962529707000044],[-75.244668741999988,39.962441959000046],[-75.243986508999967,39.962356877000047],[-75.243367088999946,39.962279624000075],[-75.242699048999953,39.962196303000042],[-75.241962380999951,39.96210441900007],[-75.241358374999948,39.962029077000068],[-75.240699019999965,39.961946828000066],[-75.239941895999948,39.961852377000071],[-75.23939050599995,39.961783589000049],[-75.238736577999987,39.961713809000059],[-75.236745676999988,39.961457644000063],[-75.234833158999947,39.96121153100006],[-75.234067087999961,39.961112939000031],[-75.233526668999957,39.961057061000076],[-75.232820440999944,39.960967876000041],[-75.231412173999956,39.960790022000026],[-75.230792615999974,39.960711770000046],[-75.230234010999936,39.960641214000077],[-75.229772762999971,39.960582953000028],[-75.229252176999978,39.960518346000072],[-75.228620375999981,39.960446944000068],[-75.22796494499994,39.960364261000052],[-75.227451292999945,39.960302116000037],[-75.226835494999989,39.960221772000068],[-75.226189767999983,39.96014030200007],[-75.224863340999946,39.959972940000057],[-75.224853902999939,39.959971749000033],[-75.224206448999951,39.963085610000064],[-75.224566247999974,39.964919207000037],[-75.224907008999935,39.966655693000064],[-75.225415044999977,39.969507227000065],[-75.225812373999986,39.971430609000038]]]},"properties":{"OBJECTID":136,"NAME":"HADDINGTON","LISTNAME":"Haddington","MAPNAME":"Haddington","Shape_Leng":22913.736191700002,"Shape_Length":0.073291291589432303,"Shape_Area":0.00021837274008712474}},{"type":"Feature","id":137,"geometry":{"type":"Polygon","coordinates":[[[-75.226807216999987,39.977223405000075],[-75.227193109999973,39.977403171000049],[-75.22984209599997,39.977039288000071],[-75.229858430999968,39.977037167000049],[-75.229859205999958,39.97704136200008],[-75.230866639999988,39.976903616000072],[-75.231775143999982,39.976796604000072],[-75.232723066999938,39.976691517000063],[-75.233671336999976,39.976585498000077],[-75.234462892999943,39.976496993000069],[-75.235269095999968,39.976406879000081],[-75.236027110999942,39.976322078000067],[-75.236769773999981,39.976239024000051],[-75.237690138999938,39.976136090000068],[-75.238518315999954,39.976043460000028],[-75.239348038999935,39.975950652000051],[-75.24019064099997,39.975856395000051],[-75.240992798999969,39.975771309000038],[-75.241728722999937,39.975702761000036],[-75.242636984999933,39.975629840000067],[-75.243544619999966,39.975516747000029],[-75.244452911999986,39.975414332000071],[-75.245484523999949,39.975333098000078],[-75.245207557999947,39.973733757000048],[-75.244784358999937,39.97177602000005],[-75.241751848999968,39.971315768000068],[-75.239079874999959,39.969882903000041],[-75.238187890999939,39.96998762000004],[-75.234923027999969,39.97039753200005],[-75.230647122999983,39.970855042000039],[-75.228718382999944,39.971074988000055],[-75.228721236999945,39.97109221200003],[-75.225812373999986,39.971430609000038],[-75.225801545999957,39.971431868000025],[-75.222053090999964,39.972239810000076],[-75.218471574999967,39.973010138000063],[-75.21964980599995,39.973678886000073],[-75.220495544999949,39.974250096000048],[-75.223573349999981,39.975696819000063],[-75.226027856999963,39.976855958000044],[-75.226807216999987,39.977223405000075]]]},"properties":{"OBJECTID":137,"NAME":"CARROLL_PARK","LISTNAME":"Carroll Park","MAPNAME":"Carroll Park","Shape_Leng":17104.323941999999,"Shape_Length":0.058802738555644322,"Shape_Area":0.00012786926398496189}},{"type":"Feature","id":138,"geometry":{"type":"Polygon","coordinates":[[[-75.227193109999973,39.977403171000049],[-75.228406850999988,39.977968655000041],[-75.230127782999944,39.978697644000079],[-75.23090878499994,39.97906273500007],[-75.232399967999982,39.979725520000045],[-75.234051736999959,39.980316540000047],[-75.236151832999951,39.980916540000067],[-75.238293165999949,39.981674306000059],[-75.23902973099996,39.981920819000038],[-75.239023659999987,39.981930663000071],[-75.243273931999965,39.983394012000076],[-75.245726188999981,39.984259724000026],[-75.246694458999968,39.986072401000058],[-75.245473565999987,39.986619059000077],[-75.245443593999937,39.986633146000031],[-75.242397619999963,39.98806475400005],[-75.239847238999971,39.989290954000069],[-75.238713188999952,39.990285340000071],[-75.237787070999957,39.990695043000073],[-75.236118268999974,39.991032737000069],[-75.233694439999965,39.99218991500004],[-75.230575729999941,39.993658253000035],[-75.229079718999969,39.99435795100004],[-75.226129568999966,39.995742289000077],[-75.225938345999964,39.995873445000029],[-75.225968929999965,39.996269729000062],[-75.226127842999972,39.996674618000043],[-75.226398660999962,39.997222727000064],[-75.226495340999975,39.997424670000044],[-75.22696495799994,39.997444103000078],[-75.226871919999951,39.997741813000061],[-75.226855660999945,39.998179340000036],[-75.227036028999976,39.998645517000057],[-75.227620130999981,39.999377948000074],[-75.228329075999966,40.000263911000047],[-75.228365492999956,40.00032208500005],[-75.228373105999935,40.000318594000078],[-75.22873610299996,40.000145595000049],[-75.22887910299994,40.000080596000032],[-75.229451101999985,39.999812598000062],[-75.230439100999945,39.999345603000052],[-75.230894099999944,39.99913160400007],[-75.232054097999935,39.998590608000029],[-75.232122097999934,39.99856360900003],[-75.233213095999986,39.998059613000066],[-75.234182094999937,39.997598617000051],[-75.235296092999988,39.997071621000032],[-75.237329090999935,39.996129629000052],[-75.237341090999962,39.996124629000064],[-75.23799508999997,39.995818631000077],[-75.238975087999961,39.995359636000046],[-75.239003087999947,39.995345635000035],[-75.240783086999954,39.994511642000077],[-75.241648084999952,39.994106645000045],[-75.243814080999982,39.993087654000078],[-75.243906081999967,39.993044654000073],[-75.245687078999936,39.992192660000057],[-75.247946074999959,39.991139669000063],[-75.249212072999967,39.990548673000035],[-75.249766072999989,39.990291675000037],[-75.249998072999972,39.990181676000077],[-75.250128072999985,39.990117676000068],[-75.250334073999966,39.990018675000044],[-75.250784074999956,39.989804675000073],[-75.251436077999983,39.989505674000043],[-75.251544077999938,39.989455673000066],[-75.251598078999962,39.989430673000072],[-75.253997087999949,39.988305668000066],[-75.255674094999961,39.987500666000074],[-75.256117095999969,39.987302665000072],[-75.256285096999989,39.987191664000079],[-75.256872099999953,39.986772664000057],[-75.256948099999988,39.98671166400004],[-75.25854310699998,39.985528661000046],[-75.258703106999974,39.985429661000069],[-75.258840107999958,39.985349660000054],[-75.259282108999969,39.985074659000077],[-75.259474109999985,39.98495666000008],[-75.260687114999939,39.984296658000062],[-75.260778114999937,39.984242657000038],[-75.262510121999981,39.983281654000052],[-75.26279212299994,39.983125654000048],[-75.262944123999944,39.983046653000031],[-75.263685126999974,39.982659652000052],[-75.264349128999982,39.982373650000056],[-75.264746129999935,39.982194650000054],[-75.265509132999966,39.98185864800007],[-75.266249134999953,39.981526647000067],[-75.267248138999946,39.981080645000077],[-75.26739613999996,39.98101564500007],[-75.267971140999975,39.980758644000048],[-75.269255145999978,39.980187641000043],[-75.271307152999952,39.979276637000055],[-75.271528154999942,39.979177637000078],[-75.272253156999966,39.978856635000056],[-75.273024159999977,39.97851363500007],[-75.273152160999985,39.978456634000054],[-75.273550161999935,39.978280633000054],[-75.275282167999933,39.977513630000033],[-75.27546616799998,39.977430629000025],[-75.275869169999964,39.977246629000035],[-75.276129169999933,39.97712862800006],[-75.276480171999935,39.976960627000039],[-75.277667174999976,39.976313626000035],[-75.278184176999957,39.976042624000058],[-75.278936180999949,39.97565562300008],[-75.279135180999958,39.975553623000053],[-75.279508181999972,39.975350622000065],[-75.280264184999965,39.974965620000035],[-75.280262051999955,39.974961117000078],[-75.280228183999952,39.974889621000045],[-75.280190184999981,39.974836621000065],[-75.280128183999977,39.974736621000034],[-75.280110657999955,39.974693390000027],[-75.280083184999967,39.97462562100003],[-75.280042184999957,39.974541622000061],[-75.280025183999953,39.974503622000043],[-75.279953183999964,39.97442562100008],[-75.279803183999945,39.974321622000048],[-75.279750735999983,39.974287084000025],[-75.279598182999962,39.974186623000037],[-75.279577487999973,39.974176965000026],[-75.279463182999962,39.974123623000025],[-75.279357182999945,39.974073623000038],[-75.279240181999967,39.974032624000074],[-75.279168182999967,39.973987624000074],[-75.279121181999983,39.973914624000031],[-75.279107182999951,39.973813624000059],[-75.279079182999965,39.97369262400008],[-75.27904418199995,39.973619624000037],[-75.278996182999947,39.973527625000031],[-75.278969182999958,39.973447625000063],[-75.278950182999949,39.973360625000055],[-75.278914181999937,39.973316625000052],[-75.278857182999957,39.973248626000043],[-75.278828182999973,39.973163625000041],[-75.278808182999967,39.973052625000037],[-75.278793181999959,39.972951626000054],[-75.278782182999976,39.972842626000045],[-75.278778182999986,39.97274662600006],[-75.278775182999937,39.97269362600008],[-75.278757183999971,39.972635626000056],[-75.278722182999957,39.972531626000034],[-75.278701182999953,39.972443626000029],[-75.278695182999968,39.972415626000043],[-75.278655182999955,39.972333627000069],[-75.278607182999963,39.972264627000072],[-75.278535182999974,39.972186627000042],[-75.278447182999969,39.972107627000071],[-75.27835018199994,39.972014628000068],[-75.278295181999965,39.971929628000055],[-75.278016181999988,39.971752628000047],[-75.277965181999946,39.971715628000027],[-75.277940311999942,39.971709181000051],[-75.27788418199998,39.971694629000069],[-75.277763181999944,39.97167962900005],[-75.277674181999942,39.971660629000041],[-75.277639180999984,39.971644630000071],[-75.277589180999939,39.971616629000039],[-75.277551180999978,39.971584629000063],[-75.277527180999982,39.971556630000066],[-75.277511180999966,39.971519630000046],[-75.277503180999986,39.971488630000067],[-75.277501180999934,39.971453630000042],[-75.277507180999976,39.971425629000066],[-75.277521181999987,39.971402630000057],[-75.277549180999983,39.971387630000038],[-75.277594180999984,39.971378630000061],[-75.27764418199996,39.971363629000052],[-75.277686181999968,39.971346630000028],[-75.277711181999962,39.971322629000042],[-75.277705744999935,39.971300277000068],[-75.277702181999985,39.971285629000079],[-75.277685181999971,39.971248630000048],[-75.277654180999946,39.97121063000003],[-75.277609180999946,39.971176630000059],[-75.277574181999967,39.971151630000065],[-75.277538180999954,39.971128630000067],[-75.277489180999964,39.971111630000053],[-75.277419180999971,39.971098630000029],[-75.277336180999953,39.971084630000064],[-75.277264180999964,39.971083630000066],[-75.277196180999965,39.971083631000056],[-75.277134180999951,39.971090631000038],[-75.27707117999995,39.971106631000055],[-75.276894179999942,39.971176631000048],[-75.276870982999981,39.971189699000035],[-75.276823178999962,39.971216631000061],[-75.276758179999945,39.971245631000045],[-75.276687179999954,39.971254632000068],[-75.276581178999947,39.971263632000046],[-75.276522178999983,39.971225632000028],[-75.276483177999978,39.97117963200003],[-75.276469178999946,39.971136632000025],[-75.276526178999973,39.971096633000059],[-75.276585177999948,39.971057632000054],[-75.276598257999979,39.971046955000077],[-75.276634178999984,39.971017632000041],[-75.276660179999965,39.970984632000068],[-75.276672179999935,39.97094663200005],[-75.276665178999963,39.970908632000032],[-75.27665417999998,39.970863632000032],[-75.276638178999974,39.970829632000061],[-75.276609178999934,39.970777632000079],[-75.276551179999956,39.970673632000057],[-75.276506178999966,39.970591633000026],[-75.276465178999956,39.970521633000033],[-75.276460405999956,39.970513074000053],[-75.276436178999973,39.97046963300005],[-75.276409178999984,39.970417634000057],[-75.276368179999963,39.970389633000025],[-75.276300178999975,39.970352633000061],[-75.276275178999981,39.970343633000027],[-75.276243178999948,39.970331634000047],[-75.276184177999937,39.970325633000073],[-75.276003177999939,39.970313635000025],[-75.275817177999954,39.97031163500003],[-75.275703176999968,39.970294635000073],[-75.275650176999989,39.970260635000045],[-75.27560417799998,39.970212636000042],[-75.275565177999965,39.970126636000032],[-75.275492177999979,39.969930636000072],[-75.275454176999972,39.969779636000055],[-75.275392177999947,39.969576636000056],[-75.275360177999971,39.969504637000057],[-75.275320176999969,39.969417637000049],[-75.27526417699994,39.969365637000067],[-75.275195177999933,39.969326637000052],[-75.275122092999936,39.969308528000056],[-75.275082177999934,39.969298637000065],[-75.275025176999975,39.969290638000075],[-75.274887175999936,39.96928863800008],[-75.27480617599997,39.969294638000065],[-75.274486175999982,39.969311638000079],[-75.274324174999947,39.969317639000053],[-75.274148173999947,39.969318639000051],[-75.274010174999944,39.969316640000045],[-75.27391017399998,39.969311640000058],[-75.273808172999964,39.969298640000034],[-75.273679172999948,39.969288640000059],[-75.273567171999957,39.969279641000071],[-75.273490172999971,39.969277642000065],[-75.273413172999938,39.969282642000053],[-75.273278171999948,39.969295641000031],[-75.27318317199996,39.969306642000049],[-75.273052170999961,39.969306642000049],[-75.272955170999978,39.969294643000069],[-75.272813170999939,39.969245643000079],[-75.272724170999936,39.969218642000044],[-75.272623169999974,39.969179643000075],[-75.272503169999936,39.96913264300008],[-75.272342169999945,39.969095644000049],[-75.272194169999977,39.969048644000054],[-75.272082340999987,39.96901187800006],[-75.272022168999968,39.96898664500003],[-75.271983168999952,39.968945645000076],[-75.271920168999941,39.968860645000063],[-75.271861168999976,39.968806645000029],[-75.271855047999964,39.968801728000074],[-75.27180016899996,39.968757646000029],[-75.271696168999938,39.968730645000051],[-75.271588167999937,39.968716646000075],[-75.27148916799996,39.968710646000034],[-75.271405167999944,39.968705646000046],[-75.271325167999976,39.968692647000069],[-75.271239166999976,39.968664646000036],[-75.271166166999933,39.968634647000044],[-75.271107167999958,39.96862064700008],[-75.271041166999964,39.968610648000038],[-75.270984165999948,39.968604648000053],[-75.270911166999952,39.968620648000069],[-75.270836165999981,39.968645648000063],[-75.270771165999975,39.968664648000072],[-75.270716165999943,39.968672648000052],[-75.270649164999952,39.968676648000041],[-75.270596165999962,39.968661649000069],[-75.270568164999986,39.968639648000078],[-75.270520165999983,39.968603648000055],[-75.270499165999979,39.968586649000031],[-75.270445165999945,39.968529649000061],[-75.270420165999951,39.968480649000071],[-75.270411164999985,39.968429649000029],[-75.270400165999945,39.968358649000038],[-75.27038616599998,39.96832364900007],[-75.270295165999983,39.968185650000066],[-75.270190164999974,39.967978650000077],[-75.270138164999935,39.967873650000058],[-75.270071164999933,39.967730650000078],[-75.270052165999971,39.967654651000032],[-75.270028164999985,39.96755365100006],[-75.270000164999942,39.967480651000074],[-75.269959165999978,39.967426651000039],[-75.269917164999981,39.967381651000039],[-75.269855165999957,39.967345652000063],[-75.269799164999938,39.967327652000051],[-75.269739164999976,39.967316651000033],[-75.269668164999985,39.967318652000074],[-75.269612163999966,39.967332652000039],[-75.269546164999952,39.967356652000035],[-75.269496163999975,39.967376652000041],[-75.269443163999938,39.967389652000065],[-75.269355164999979,39.967403653000076],[-75.26934922099997,39.967402883000034],[-75.269270163999977,39.967392653000047],[-75.269204162999984,39.967382652000026],[-75.269160549999981,39.967376423000076],[-75.269155163999983,39.967375653000033],[-75.269123162999961,39.967362653000066],[-75.269078162999961,39.967331653000031],[-75.269042162999938,39.967286653000031],[-75.269014162999952,39.967236653000043],[-75.268931503999966,39.967076295000027],[-75.268914162999977,39.967042654000068],[-75.268844163999972,39.96694765400008],[-75.268771163999986,39.96686165400007],[-75.26876039299998,39.966852080000081],[-75.268699163999941,39.96679765500005],[-75.268566162999946,39.966692655000031],[-75.268531429999939,39.966667394000069],[-75.268511162999971,39.966652655000075],[-75.268459162999989,39.966619655000045],[-75.268391162999933,39.966590655000061],[-75.268127160999938,39.966492656000071],[-75.267907161999972,39.966401656000073],[-75.267816160999985,39.966360657000052],[-75.26777716099997,39.966342657000041],[-75.26766816099996,39.966299657000036],[-75.267596160999972,39.966274658000032],[-75.267536160999953,39.966273658000034],[-75.267510976999972,39.96626886100006],[-75.267473159999952,39.966261658000064],[-75.267384159999949,39.966216658000064],[-75.267316042999937,39.966169315000059],[-75.267243159999964,39.966118658000028],[-75.267212159999985,39.966093658000034],[-75.26713615999995,39.966063659000042],[-75.267098159999989,39.966051659000073],[-75.267022159999954,39.966026660000068],[-75.26690715899997,39.966009659000065],[-75.266793158999974,39.966010660000052],[-75.266705158999969,39.966022660000078],[-75.26654315899998,39.966022660000078],[-75.266517946999954,39.966022156000065],[-75.266393157999971,39.966019661000075],[-75.266311156999961,39.966005661000054],[-75.26619115799997,39.965969661000031],[-75.266060157999959,39.96593166100007],[-75.266046157999938,39.96592766100008],[-75.265919156999985,39.965861662000066],[-75.265856156999973,39.965792662000069],[-75.265853253999978,39.965788476000057],[-75.265804156999934,39.965717662000031],[-75.265742156999977,39.965627663000078],[-75.265654156999972,39.965527663000046],[-75.265596155999958,39.965449663000072],[-75.265564155999982,39.96540566300007],[-75.265526156999954,39.965351663000035],[-75.265446156999985,39.965258664000032],[-75.265386155999977,39.965225663000069],[-75.265250155999979,39.965208664000045],[-75.265056155999957,39.965193664000026],[-75.26491615499998,39.96519066500008],[-75.264756154999986,39.965185665000035],[-75.264642153999944,39.965180665000048],[-75.264551153999946,39.965182666000032],[-75.264494153999976,39.965196666000054],[-75.264371153999946,39.965243666000049],[-75.264240153999936,39.965313667000032],[-75.264129152999942,39.965374666000059],[-75.264086460999977,39.965401990000032],[-75.264054152999961,39.965422667000041],[-75.264014152999948,39.965458667000064],[-75.263988152999957,39.965492666000046],[-75.263926152999943,39.965530667000053],[-75.263853151999967,39.965557667000041],[-75.263768151999955,39.965597667000054],[-75.263694151999971,39.965615668000055],[-75.263612151999951,39.965622667000048],[-75.263528150999946,39.965606667000031],[-75.263465150999934,39.965578667000045],[-75.263381149999987,39.965546668000059],[-75.26330515099994,39.965506669000035],[-75.263249149999979,39.965475668000067],[-75.263193150999939,39.965458669000043],[-75.263142150999954,39.965460668000048],[-75.263090150999972,39.965487669000026],[-75.263026149999973,39.965532669000027],[-75.262959149999972,39.965580669000076],[-75.262917149999964,39.965610669000057],[-75.262834148999957,39.965640669000038],[-75.262764148999963,39.965648669000075],[-75.262677148999956,39.965639669000041],[-75.26261614799995,39.965627669000071],[-75.262557147999985,39.965618670000026],[-75.262510148999979,39.965612671000031],[-75.262455147999958,39.965634671000032],[-75.26242014799999,39.965677670000048],[-75.262380146999988,39.965740670000059],[-75.262340147999964,39.965785670000059],[-75.262271147999968,39.965852670000061],[-75.262263147999988,39.965859671000032],[-75.262240146999943,39.965881670000044],[-75.262167145999967,39.965935671000068],[-75.26215114699994,39.965951670000038],[-75.262136145999989,39.965966671000047],[-75.262114145999988,39.966007671000057],[-75.262102145999961,39.966055671000049],[-75.262091145999989,39.96608867100008],[-75.262011145999963,39.966136671000072],[-75.261891145999982,39.966172671000038],[-75.261809145999962,39.966191671000047],[-75.261734145999981,39.966183672000057],[-75.261659144999953,39.966160671000068],[-75.261545144999957,39.966117672000053],[-75.261477144999958,39.96607767200004],[-75.261443144999987,39.96603267200004],[-75.261384143999976,39.966002673000048],[-75.261282143999949,39.965998673000058],[-75.261213143999953,39.966027673000042],[-75.261159143999976,39.966082673000074],[-75.261113143999978,39.966137672000059],[-75.261024143999975,39.966199673000062],[-75.260930142999939,39.966243673000065],[-75.260826142999974,39.966271673000051],[-75.260749141999952,39.966281674000072],[-75.260660142999939,39.966270674000043],[-75.260582141999976,39.966274674000033],[-75.260489141999983,39.966314674000046],[-75.260307141999988,39.966258674000073],[-75.260063140999989,39.966197675000046],[-75.259907140999985,39.96611667500008],[-75.259777139999983,39.966082676000042],[-75.25964713999997,39.966042676000029],[-75.259549139999933,39.966011676000051],[-75.259448138999971,39.965948677000029],[-75.25942613999996,39.965893677000054],[-75.259425138999973,39.965814677000026],[-75.259421139999972,39.965762677000043],[-75.259398139999973,39.965717678000033],[-75.259331139999972,39.965699678000078],[-75.259212139999988,39.965698678000081],[-75.259076138999944,39.965693678000036],[-75.25897213899998,39.965677678000077],[-75.258888137999975,39.965649678000034],[-75.258837137999933,39.965615679000052],[-75.258795138999972,39.965572678000058],[-75.258765138999934,39.965517679000072],[-75.25873613899995,39.965448680000065],[-75.258707137999977,39.96537967900008],[-75.25870311999995,39.965355569000053],[-75.258698138999989,39.965325680000035],[-75.258709138999961,39.96524167900003],[-75.258713139999941,39.965060680000079],[-75.258711139999946,39.964966680000032],[-75.258704139999963,39.964904680000075],[-75.258682139999962,39.964847679000059],[-75.258635139999967,39.96476768000008],[-75.258588139999972,39.964709680000055],[-75.258545138999978,39.964619681000045],[-75.258540207999943,39.964608619000046],[-75.258508138999957,39.964536680000037],[-75.258468138999945,39.964485681000042],[-75.258405139999979,39.964453681000066],[-75.258337138999934,39.964450681000073],[-75.258269138999935,39.964453681000066],[-75.258187138999972,39.964451681000071],[-75.258118137999986,39.964447681000024],[-75.258056137999972,39.964429682000059],[-75.258005138999977,39.964400682000075],[-75.257974137999952,39.964378682000074],[-75.257942137999976,39.964302682000039],[-75.257942138999965,39.964237682000032],[-75.257960138999977,39.964162682000051],[-75.257989137999971,39.964096682000047],[-75.258012138999959,39.963994682000077],[-75.258010138999964,39.96385568200003],[-75.258012139999948,39.963740682000036],[-75.257992139999942,39.963678682000079],[-75.257931138999936,39.963625682000043],[-75.257856139999944,39.963595683000051],[-75.257786138999961,39.963603683000031],[-75.257703138999943,39.963632683000071],[-75.257627137999975,39.963665683000045],[-75.257541138999954,39.963706683000055],[-75.257485137999936,39.96374568400006],[-75.25741613699995,39.963767683000071],[-75.257317136999973,39.963768684000058],[-75.257248136999976,39.963754684000037],[-75.257127137999987,39.963727684000048],[-75.257108137999978,39.963720684000066],[-75.256979136999973,39.963689685000077],[-75.256898136999951,39.96367368500006],[-75.256814136999935,39.963678685000048],[-75.256744135999952,39.963689685000077],[-75.256684135999933,39.963720686000045],[-75.256653154999981,39.963746400000048],[-75.256584135999958,39.963803686000062],[-75.25638113499997,39.963975686000026],[-75.256279133999954,39.964080686000045],[-75.256191133999948,39.964156686000081],[-75.256097264999937,39.964230928000063],[-75.256081132999952,39.964243687000078],[-75.256011557999955,39.964285314000051],[-75.255964133999953,39.964313687000072],[-75.25589013299998,39.964373686000044],[-75.255850131999978,39.964438686000051],[-75.255810131999965,39.964472687000068],[-75.255684131999942,39.964547687000049],[-75.255541131999962,39.964596687000039],[-75.255407131999959,39.964631688000054],[-75.255265130999987,39.964656688000048],[-75.255110130999981,39.964692688000071],[-75.254935128999989,39.964764689000049],[-75.25473612899998,39.964851689000056],[-75.254630128999963,39.964926689000038],[-75.25454766699994,39.964988768000069],[-75.254541128999961,39.964993689000039],[-75.254454127999963,39.965047689000073],[-75.254379126999936,39.965128690000029],[-75.25433512799998,39.965212690000044],[-75.254300127999954,39.965274689000069],[-75.254221126999937,39.965338690000067],[-75.254138126999976,39.965405690000068],[-75.254044126999986,39.965403690000073],[-75.25393412699998,39.965391691000036],[-75.253710125999987,39.965330691000077],[-75.253580125999974,39.965301692000025],[-75.253405124999972,39.965262692000067],[-75.253312123999933,39.965227692000042],[-75.253220124999984,39.965185692000034],[-75.253075123999963,39.965215692000072],[-75.252970123999944,39.965236693000065],[-75.252841122999939,39.965245693000043],[-75.25263412299995,39.965252694000071],[-75.252332121999984,39.965281695000044],[-75.252092121999965,39.965306695000038],[-75.251921121999942,39.965319695000062],[-75.251809120999951,39.965331695000032],[-75.251705120999986,39.965347696000038],[-75.251601119999975,39.965357696000069],[-75.251494119999961,39.96533869600006],[-75.251425119999965,39.965303697000024],[-75.251366119999943,39.965250696000055],[-75.251351119999981,39.965220696000074],[-75.251339119999955,39.965193697000075],[-75.251334119999967,39.965139697000041],[-75.251340119999952,39.965073697000037],[-75.251281119999987,39.96500469700004],[-75.251199119999967,39.964913697000043],[-75.25110011999999,39.964859698000055],[-75.251046119999955,39.964834698000061],[-75.250911118999966,39.964838698000051],[-75.250755117999972,39.964880699000048],[-75.25066531899995,39.964921734000029],[-75.250604117999956,39.964949699000044],[-75.250459092999961,39.965013547000069],[-75.250445117999959,39.965019699000038],[-75.250311116999967,39.965070700000069],[-75.250219116999972,39.965077700000052],[-75.250131116999967,39.965068700000074],[-75.250052115999949,39.965043700000081],[-75.249988116999987,39.96500270000007],[-75.249910116999956,39.964948700000036],[-75.249846116999947,39.964909699000032],[-75.249726116999966,39.964851700000054],[-75.249463118999984,39.964722699000049],[-75.24896511999998,39.964495698000064],[-75.248613121999938,39.964353697000035],[-75.248054122999974,39.964075696000066],[-75.247901123999952,39.963980695000032],[-75.247776124999973,39.963877695000065],[-75.247683123999934,39.96377869500003],[-75.247562125999934,39.96363969500004],[-75.247477124999989,39.963529695000034],[-75.247432125999978,39.96341869400004],[-75.247403125999938,39.96332869500003],[-75.247397125999953,39.963250695000056],[-75.247416125999962,39.963192695000032],[-75.247487126999943,39.963120695000043],[-75.247602125999947,39.962993696000069],[-75.247640769999975,39.962949834000028],[-75.247339078999971,39.962769604000073],[-75.24671873799997,39.962709675000042],[-75.246408146999954,39.964235404000078],[-75.24640328299995,39.964259297000069],[-75.247449577999987,39.964389922000066],[-75.247133159999976,39.965909809000038],[-75.246974598999941,39.966651338000077],[-75.246814877999952,39.967410643000051],[-75.246489776999965,39.968943564000028],[-75.247488522999959,39.969069416000025],[-75.247168875999989,39.970570489000067],[-75.246948363999934,39.971693790000074],[-75.246874042999934,39.972072379000053],[-75.247246429999961,39.973575714000049],[-75.247508912999933,39.975076652000041],[-75.246809294999935,39.975155432000065],[-75.24653607099998,39.975181334000069],[-75.245484523999949,39.975333098000078],[-75.244452911999986,39.975414332000071],[-75.243544619999966,39.975516747000029],[-75.242636984999933,39.975629840000067],[-75.241728722999937,39.975702761000036],[-75.240992798999969,39.975771309000038],[-75.24019064099997,39.975856395000051],[-75.239348038999935,39.975950652000051],[-75.238518315999954,39.976043460000028],[-75.237690138999938,39.976136090000068],[-75.236769773999981,39.976239024000051],[-75.236027110999942,39.976322078000067],[-75.235269095999968,39.976406879000081],[-75.234462892999943,39.976496993000069],[-75.233671336999976,39.976585498000077],[-75.232723066999938,39.976691517000063],[-75.231775143999982,39.976796604000072],[-75.230866639999988,39.976903616000072],[-75.229859205999958,39.97704136200008],[-75.229858430999968,39.977037167000049],[-75.22984209599997,39.977039288000071],[-75.227193109999973,39.977403171000049]]]},"properties":{"OBJECTID":138,"NAME":"OVERBROOK","LISTNAME":"Overbrook","MAPNAME":"Overbrook","Shape_Leng":57004.9246069,"Shape_Length":0.18764831337864793,"Shape_Area":0.00075350522245181198}},{"type":"Feature","id":139,"geometry":{"type":"Polygon","coordinates":[[[-75.201024421999989,40.004124085000058],[-75.202121520999981,40.004544662000058],[-75.202014995999946,40.004637391000074],[-75.205509703999951,40.005728430000033],[-75.207636995999962,40.006402392000041],[-75.20386504399994,40.008062154000072],[-75.204420272999982,40.008645024000032],[-75.207049798999947,40.009424422000052],[-75.207983414999944,40.009847397000044],[-75.207991192999941,40.009843508000074],[-75.208052193999947,40.009809508000046],[-75.208152531999986,40.00977350200003],[-75.208509190999962,40.009645510000041],[-75.209638186999939,40.009098515000062],[-75.209844184999952,40.009000516000071],[-75.210363183999959,40.008790517000079],[-75.210493182999983,40.008721518000073],[-75.210768181999981,40.008584520000056],[-75.211546177999935,40.008214523000049],[-75.21374316899994,40.007161532000055],[-75.21580315999995,40.006230541000036],[-75.216015158999937,40.006135542000038],[-75.218359149999969,40.005071551000071],[-75.218730147999963,40.004889553000055],[-75.219229145999975,40.00464355500003],[-75.220663138999953,40.00394556100008],[-75.220694008999942,40.003931334000072],[-75.220668065999973,40.003839350000078],[-75.220508390999953,40.003338710000037],[-75.219982759999937,40.00154414900004],[-75.21891007499994,39.997566430000063],[-75.217963217999966,39.994221098000025],[-75.217819685999984,39.994202082000072],[-75.217670501999976,39.994352649000064],[-75.216213774999972,39.995822831000055],[-75.215268931999958,39.996293278000053],[-75.212904037999976,39.996992286000079],[-75.209955547999982,39.997863703000064],[-75.210241886999938,39.998472292000031],[-75.207620001999942,39.998049723000065],[-75.207170840999936,39.999038246000055],[-75.205576849999943,40.00088099900006],[-75.204152714999964,40.000389806000044],[-75.201024421999989,40.004124085000058]]]},"properties":{"OBJECTID":139,"NAME":"WYNNEFIELD_HEIGHTS","LISTNAME":"Wynnefield Heights","MAPNAME":"Wynnefield Heights","Shape_Leng":19368.978537200001,"Shape_Length":0.06226514267793689,"Shape_Area":0.0001605491635364713}},{"type":"Feature","id":140,"geometry":{"type":"Polygon","coordinates":[[[-75.148908227999982,39.95754818000006],[-75.148210568999957,39.96127905000003],[-75.14893772399995,39.961316702000033],[-75.149467954999977,39.961344155000063],[-75.150424796999971,39.961389220000058],[-75.151354681999976,39.961430232000055],[-75.151790779999942,39.961446373000058],[-75.152489968999987,39.961482538000041],[-75.152947017999963,39.961506167000039],[-75.153001641999936,39.961508877000028],[-75.15300896499997,39.961509224000054],[-75.154540488999942,39.961581935000027],[-75.156139644999939,39.961653527000067],[-75.157738159999951,39.961732761000064],[-75.159304396999971,39.961915701000066],[-75.160314257999971,39.962037929000076],[-75.161387103999971,39.962167771000054],[-75.161471545999973,39.961790345000054],[-75.16156491299995,39.961388320000026],[-75.161648813999989,39.960991217000071],[-75.161902156999986,39.960898137000072],[-75.161991497999963,39.960361832000046],[-75.162136462999968,39.959574682000039],[-75.162206759999947,39.959093130000042],[-75.162264727999968,39.958831832000044],[-75.162324465999973,39.958561606000046],[-75.162424592999969,39.95809541300008],[-75.161680086999979,39.957994087000031],[-75.161187482999935,39.957930758000032],[-75.16074045199997,39.957869925000068],[-75.160226921999936,39.957802106000031],[-75.158643042999984,39.957602485000052],[-75.158173464999948,39.957545531000051],[-75.157869705999985,39.957511297000053],[-75.157837117999975,39.957507274000079],[-75.157676329999958,39.95748782000004],[-75.157342523999944,39.957443437000052],[-75.157055882999941,39.957409613000038],[-75.155838956999958,39.957260416000054],[-75.155470918999981,39.957215232000067],[-75.153952105999963,39.957033227000068],[-75.153913287999956,39.957028575000038],[-75.153844707999951,39.957020357000033],[-75.152353968999989,39.956966634000025],[-75.15234103399996,39.956966341000054],[-75.152310762999946,39.956965656000079],[-75.152133485999968,39.956961641000078],[-75.151833849999946,39.956989819000057],[-75.151248014999965,39.956976550000036],[-75.151184064999939,39.956958425000039],[-75.151101690999951,39.957141818000025],[-75.150975968999944,39.957290607000061],[-75.150449885999933,39.95741264000003],[-75.149293221999983,39.957557636000047],[-75.149029048999978,39.95755164600007],[-75.148940183999969,39.957549097000026],[-75.148908227999982,39.95754818000006]]]},"properties":{"OBJECTID":140,"NAME":"CALLOWHILL","LISTNAME":"Callowhill","MAPNAME":"Callowhill","Shape_Leng":10543.653354,"Shape_Length":0.035135500169399578,"Shape_Area":5.713704885517743e-05}},{"type":"Feature","id":141,"geometry":{"type":"Polygon","coordinates":[[[-75.15097303899995,39.970519361000072],[-75.152572893999945,39.970573122000076],[-75.159342252999977,39.971456894000028],[-75.159343685999943,39.971450606000076],[-75.159346745999983,39.971437178000031],[-75.159631246999936,39.970184719000031],[-75.159904556999948,39.968996141000048],[-75.160007448999977,39.968570434000071],[-75.160101484999984,39.968166321000069],[-75.160150104999957,39.967903577000072],[-75.160207227999933,39.967610741000044],[-75.16032331699995,39.967049220000035],[-75.160332499999981,39.967004804000055],[-75.160412749999978,39.966616630000033],[-75.160482116999958,39.966282837000051],[-75.16060003299998,39.965710716000046],[-75.160718275999955,39.965135338000039],[-75.160879912999974,39.964427833000059],[-75.160975009999959,39.96399910100007],[-75.161030588999949,39.963759272000061],[-75.161109040999975,39.963411170000029],[-75.161172993999969,39.963127395000072],[-75.161232021999979,39.962864531000037],[-75.161309083999981,39.96252352700003],[-75.161372659999984,39.962232817000029],[-75.161377344999948,39.962211388000071],[-75.161387103999971,39.962167771000054],[-75.160314257999971,39.962037929000076],[-75.159304396999971,39.961915701000066],[-75.157738159999951,39.961732761000064],[-75.156139644999939,39.961653527000067],[-75.154540488999942,39.961581935000027],[-75.15300896499997,39.961509224000054],[-75.153001641999936,39.961508877000028],[-75.152947017999963,39.961506167000039],[-75.152489968999987,39.961482538000041],[-75.152243182999939,39.963789047000034],[-75.152025610999942,39.965775332000078],[-75.151252813999974,39.969216260000053],[-75.15097303899995,39.970519361000072]]]},"properties":{"OBJECTID":141,"NAME":"WEST_POPLAR","LISTNAME":"West Poplar","MAPNAME":"West Poplar","Shape_Leng":11636.958123599999,"Shape_Length":0.036046042003777284,"Shape_Area":7.9623496622533834e-05}},{"type":"Feature","id":142,"geometry":{"type":"Polygon","coordinates":[[[-75.150430935999964,39.970501139000078],[-75.15097303899995,39.970519361000072],[-75.151252813999974,39.969216260000053],[-75.152025610999942,39.965775332000078],[-75.152243182999939,39.963789047000034],[-75.152489968999987,39.961482538000041],[-75.151790779999942,39.961446373000058],[-75.151354681999976,39.961430232000055],[-75.150424796999971,39.961389220000058],[-75.149467954999977,39.961344155000063],[-75.14893772399995,39.961316702000033],[-75.148210568999957,39.96127905000003],[-75.147864075999962,39.963501657000052],[-75.147676622999938,39.96451267100008],[-75.147421834999989,39.965913463000049],[-75.14718621999998,39.966998696000076],[-75.147161154999935,39.967114142000071],[-75.146762657999943,39.969313336000027],[-75.146545531999948,39.970383127000048],[-75.150430935999964,39.970501139000078]]]},"properties":{"OBJECTID":142,"NAME":"EAST_POPLAR","LISTNAME":"East Poplar","MAPNAME":"East Poplar","Shape_Leng":9108.8731350599992,"Shape_Length":0.027147898401725577,"Shape_Area":4.0577937049081844e-05}},{"type":"Feature","id":143,"geometry":{"type":"Polygon","coordinates":[[[-75.162848108999981,39.99348262500007],[-75.161081491999937,39.994133764000026],[-75.159917222999979,39.994594144000075],[-75.159805111999958,39.994634990000065],[-75.164187433999984,39.995210020000059],[-75.165045870999961,39.995328382000025],[-75.166070228999956,39.995458596000049],[-75.167582340999957,39.99564633500006],[-75.167605260999949,39.995649179000054],[-75.168200718999969,39.995723269000052],[-75.168691624999951,39.995784933000039],[-75.169261381999945,39.99585598200008],[-75.169832919999976,39.995927409000046],[-75.170286858999987,39.995984411000052],[-75.170829624999953,39.996052208000037],[-75.171466572999975,39.996131913000056],[-75.171905640999967,39.996187703000032],[-75.172417003999954,39.996250702000054],[-75.173994582999967,39.996448182000051],[-75.175608569999952,39.996649407000064],[-75.177051773999949,39.996807059000048],[-75.177620711999964,39.996879775000025],[-75.178067361999979,39.996936967000067],[-75.17867113799997,39.997014193000041],[-75.179283340999973,39.997092807000058],[-75.18035482199997,39.997241461000044],[-75.181846311999948,39.997429895000039],[-75.18245140199997,39.997506122000061],[-75.184538116999988,39.997768971000028],[-75.185149351999939,39.997816335000039],[-75.18664942099997,39.998016337000024],[-75.18774947199995,39.998116339000035],[-75.187749470999961,39.99851633600008],[-75.187130106999973,40.000271763000057],[-75.187290727999937,40.00023086200008],[-75.188696084999947,40.00016213300006],[-75.189749846999973,39.999829747000035],[-75.190573378999943,39.999645508000071],[-75.19073485499996,39.99963877600004],[-75.190749099999948,39.999204149000036],[-75.190948224999943,39.998255375000042],[-75.190857682999933,39.998004948000073],[-75.190057442999944,39.996902369000054],[-75.187890123999978,39.996544709000034],[-75.187823991999949,39.995789681000076],[-75.187742183999944,39.995544724000069],[-75.187531409999963,39.99488524700007],[-75.187501209999937,39.994833981000056],[-75.18639667399998,39.992785654000045],[-75.186574840999981,39.991920267000069],[-75.186640043999944,39.99170635400003],[-75.187271727999985,39.988781178000067],[-75.187317741999948,39.988578895000046],[-75.188818251999976,39.981547649000049],[-75.189227614999936,39.978841985000031],[-75.187316859999953,39.979583475000027],[-75.185496859999944,39.980807429000038],[-75.184205507999934,39.981668228000046],[-75.182272333999947,39.98297651300004],[-75.181794741999965,39.983292825000035],[-75.181536202999951,39.983464053000034],[-75.180311481999979,39.984268369000063],[-75.179243547999988,39.984986409000044],[-75.17879869099994,39.985278626000024],[-75.177723545999982,39.985985591000031],[-75.176087791999976,39.986801670000034],[-75.175409274999936,39.987158484000076],[-75.174990197999989,39.987518787000056],[-75.174786084999937,39.987694271000066],[-75.174198481999952,39.988151013000049],[-75.173810662999983,39.98845245800004],[-75.173652956999945,39.988649618000068],[-75.17166152599998,39.989663133000079],[-75.170344988999943,39.98956056600008],[-75.170099978999986,39.989719218000062],[-75.169334497999955,39.990214884000068],[-75.168679926999971,39.990560259000063],[-75.167916556999955,39.99095006500005],[-75.166816995999966,39.99148387200006],[-75.165043141999945,39.99238069900008],[-75.164006471999983,39.992907328000058],[-75.163284425999962,39.993284924000079],[-75.163276234999955,39.993277270000078],[-75.162848108999981,39.99348262500007]]]},"properties":{"OBJECTID":143,"NAME":"STRAWBERRY_MANSION","LISTNAME":"Strawberry Mansion","MAPNAME":"Strawberry Mansion","Shape_Leng":28308.168132399998,"Shape_Length":0.091436224589102541,"Shape_Area":0.00025222740507410154}},{"type":"Feature","id":145,"geometry":{"type":"Polygon","coordinates":[[[-75.217963217999966,39.994221098000025],[-75.21891007499994,39.997566430000063],[-75.219982759999937,40.00154414900004],[-75.220508390999953,40.003338710000037],[-75.220668065999973,40.003839350000078],[-75.220694008999942,40.003931334000072],[-75.223616125999968,40.002584574000025],[-75.226400113999944,40.001256585000078],[-75.227049110999985,40.000939588000051],[-75.227460108999935,40.00074759000006],[-75.227758107999989,40.000600591000079],[-75.228365492999956,40.00032208500005],[-75.228329075999966,40.000263911000047],[-75.227620130999981,39.999377948000074],[-75.227036028999976,39.998645517000057],[-75.226855660999945,39.998179340000036],[-75.226871919999951,39.997741813000061],[-75.22696495799994,39.997444103000078],[-75.226495340999975,39.997424670000044],[-75.226398660999962,39.997222727000064],[-75.226127842999972,39.996674618000043],[-75.225968929999965,39.996269729000062],[-75.225938345999964,39.995873445000029],[-75.226129568999966,39.995742289000077],[-75.229079718999969,39.99435795100004],[-75.230575729999941,39.993658253000035],[-75.233694439999965,39.99218991500004],[-75.236118268999974,39.991032737000069],[-75.237787070999957,39.990695043000073],[-75.238713188999952,39.990285340000071],[-75.239847238999971,39.989290954000069],[-75.242397619999963,39.98806475400005],[-75.245443593999937,39.986633146000031],[-75.245473565999987,39.986619059000077],[-75.246694458999968,39.986072401000058],[-75.245726188999981,39.984259724000026],[-75.243273931999965,39.983394012000076],[-75.239023659999987,39.981930663000071],[-75.23902973099996,39.981920819000038],[-75.238293165999949,39.981674306000059],[-75.236151832999951,39.980916540000067],[-75.234051736999959,39.980316540000047],[-75.232399967999982,39.979725520000045],[-75.23090878499994,39.97906273500007],[-75.230127782999944,39.978697644000079],[-75.228406850999988,39.977968655000041],[-75.227193109999973,39.977403171000049],[-75.226807216999987,39.977223405000075],[-75.226451389999966,39.977716542000053],[-75.226551393999955,39.977816542000028],[-75.226351381999962,39.978016540000056],[-75.226136670999949,39.978205568000078],[-75.225396476999947,39.979374179000047],[-75.225034923999942,39.979892843000073],[-75.224746297999957,39.980422515000043],[-75.224360304999948,39.980940639000039],[-75.224151254999981,39.981416519000049],[-75.224103421999985,39.98151217700007],[-75.22418298499997,39.981581460000029],[-75.225131461999979,39.98153925500003],[-75.226153219999958,39.982118748000062],[-75.226855815999954,39.982689368000081],[-75.226842621999936,39.983236696000063],[-75.226048896999941,39.985670304000053],[-75.225666973999978,39.986604680000028],[-75.224954443999934,39.987476598000057],[-75.22246880199998,39.988840915000026],[-75.22076392699995,39.989681766000047],[-75.220079225999939,39.990307235000046],[-75.219371426999942,39.991480326000044],[-75.218691823999961,39.992638672000055],[-75.218554088999952,39.993196683000065],[-75.218131902999971,39.993579054000065],[-75.217710466999961,39.994036919000052],[-75.217670501999976,39.994352649000064],[-75.217819685999984,39.994202082000072],[-75.217963217999966,39.994221098000025]]]},"properties":{"OBJECTID":145,"NAME":"WYNNEFIELD","LISTNAME":"Wynnefield","MAPNAME":"Wynnefield","Shape_Leng":29540.613117699999,"Shape_Length":0.093841067192409935,"Shape_Area":0.00031046871692900108}},{"type":"Feature","id":147,"geometry":{"type":"Polygon","coordinates":[[[-74.986649149999948,40.099298340000075],[-74.986936000999947,40.099532859000078],[-74.988495522999983,40.10073155200007],[-74.994405006999955,40.106183281000028],[-74.99481575599998,40.106224793000081],[-74.996437820999972,40.107583217000069],[-74.99712975999995,40.108148724000046],[-74.998205725999981,40.107382738000069],[-74.999181672999953,40.106709357000057],[-75.001809875999982,40.104956480000055],[-75.00181495399994,40.10495297600005],[-75.001795455999968,40.104932501000064],[-75.001546217999987,40.10473197500005],[-75.001326838999944,40.104567128000042],[-75.000900097999988,40.104213777000041],[-75.000443019999977,40.103835299000025],[-75.000130450999961,40.103576477000047],[-74.999751118999939,40.10326236700007],[-74.999355841999943,40.102946192000047],[-74.998775614999943,40.102482072000043],[-74.998503734999986,40.10208485000004],[-74.998168737999947,40.101595404000079],[-74.997801791999962,40.101270470000031],[-74.99736312999994,40.100882026000079],[-74.996781971999951,40.100367388000052],[-74.996319264999954,40.099957635000067],[-74.995860249999964,40.099551146000067],[-74.995428051999966,40.099168397000028],[-74.994639972999948,40.098524200000043],[-74.994112317999964,40.098087582000062],[-74.993534782999973,40.097609682000041],[-74.992862854999942,40.097053659000039],[-74.992309815999988,40.096596008000063],[-74.991804859999945,40.096178140000063],[-74.991299999999967,40.095760341000073],[-74.991264519999959,40.095779982000067],[-74.989961984999979,40.096715981000045],[-74.988451359999942,40.097801460000028],[-74.987811296999951,40.098404212000048],[-74.986861612999974,40.099148373000048],[-74.986649149999948,40.099298340000075]]]},"properties":{"OBJECTID":147,"NAME":"NORMANDY_VILLAGE","LISTNAME":"Normandy Village","MAPNAME":"Normandy Village","Shape_Leng":12444.221527399999,"Shape_Length":0.03932803533164262,"Shape_Area":7.8845781589167147e-05}},{"type":"Feature","id":149,"geometry":{"type":"Polygon","coordinates":[[[-75.173429444999954,39.89710344100007],[-75.175398291999954,39.897345292000068],[-75.175026334999984,39.898994490000064],[-75.175740230999963,39.89901052600004],[-75.17694040899994,39.899015463000069],[-75.178606629999933,39.898788700000068],[-75.182490730999973,39.89810532000007],[-75.186716587999967,39.897451467000053],[-75.190026527999976,39.89680308800007],[-75.191940005999982,39.89609235100005],[-75.193971824999949,39.894992985000044],[-75.195861353999987,39.893647065000039],[-75.197172143999978,39.892683031000047],[-75.196341778999965,39.892177354000069],[-75.195750192999981,39.891817080000067],[-75.193957612999952,39.878240782000034],[-75.193460450999964,39.878550718000042],[-75.192736452999952,39.879007717000036],[-75.192168453999955,39.879300715000056],[-75.191587454999933,39.879617714000062],[-75.190807456999948,39.880028712000069],[-75.190097457999968,39.880349711000065],[-75.189493459999937,39.880575709000027],[-75.189253460999964,39.880661709000037],[-75.188894460999961,39.880788708000068],[-75.188768460999938,39.880833708000068],[-75.187887463999971,39.881096706000051],[-75.187212464999959,39.881268706000071],[-75.187124464999954,39.881286706000026],[-75.186415466999961,39.881441704000054],[-75.185733469999946,39.88160870300004],[-75.184962471999938,39.881727702000035],[-75.184907471999963,39.881736701000079],[-75.183954473999961,39.881886701000042],[-75.182878477999964,39.881978699000058],[-75.181473116999939,39.882116035000024],[-75.181384481999942,39.882124697000052],[-75.180110486999979,39.882198695000056],[-75.178592490999961,39.88224669300007],[-75.176768495999966,39.88228969000005],[-75.174537503999943,39.88236168800006],[-75.172645509999938,39.882422686000041],[-75.16912752099995,39.882494681000026],[-75.168656521999935,39.882504680000068],[-75.164517534999959,39.882623675000048],[-75.162870540999961,39.882650673000057],[-75.160925345999942,39.882768466000073],[-75.15662655999995,39.88302866500004],[-75.150651577999952,39.883505656000068],[-75.148891583999955,39.883728653000048],[-75.147364587999959,39.883922651000034],[-75.145624591999933,39.884503647000031],[-75.143744595999976,39.884999643000072],[-75.141520597999943,39.886892635000038],[-75.140821598999935,39.887536632000035],[-75.140106598999978,39.888193629000057],[-75.139830599999982,39.888318628000036],[-75.138525602999948,39.888891625000042],[-75.137294602999987,39.889967621000039],[-75.13617560299997,39.891790613000069],[-75.135542873999952,39.892822600000045],[-75.141295957999944,39.894231747000049],[-75.146949138999958,39.895013067000036],[-75.154123510999966,39.895892815000025],[-75.161890834999951,39.896829963000073],[-75.169573018999984,39.89721025700004],[-75.170707562999951,39.897229722000077],[-75.170963907999976,39.896685269000045],[-75.173429444999954,39.89710344100007]]]},"properties":{"OBJECTID":149,"NAME":"NAVY_YARD","LISTNAME":"Navy Yard","MAPNAME":"Navy Yard","Shape_Leng":42694.549643899998,"Shape_Length":0.14388302592485058,"Shape_Area":0.00078437347502983805}},{"type":"Feature","id":150,"geometry":{"type":"Polygon","coordinates":[[[-75.120250447999979,39.984757988000069],[-75.120905026999935,39.985482689000037],[-75.121211038999945,39.985823260000075],[-75.121509130999982,39.986168173000067],[-75.122257056999956,39.987062809000065],[-75.122416167999972,39.987003977000029],[-75.122912892999977,39.987465146000034],[-75.123386355999969,39.987918724000053],[-75.124374054999976,39.988824732000069],[-75.125490139999954,39.989839188000076],[-75.12599739999996,39.98957800200003],[-75.126454037999963,39.98933052700005],[-75.126948631999937,39.989064813000027],[-75.127439060999961,39.988818494000043],[-75.127989282999977,39.98848679300005],[-75.12853533699996,39.988174486000048],[-75.129739099999938,39.987552415000039],[-75.130179934999944,39.987260564000053],[-75.130220182999949,39.987239074000058],[-75.130793170999937,39.986930416000064],[-75.131353414999978,39.986623853000026],[-75.131513034999955,39.986532867000051],[-75.131946857999935,39.986316320000071],[-75.132269062999967,39.984759970000027],[-75.132630722999977,39.98314926300003],[-75.132944584999962,39.981612364000057],[-75.132948133999946,39.981593603000078],[-75.133222827999987,39.98014144800004],[-75.133189021999954,39.980137084000035],[-75.130447828999934,39.978591495000046],[-75.128548072999934,39.980520295000076],[-75.127578974999949,39.981385659000068],[-75.124392297999975,39.982677097000078],[-75.121537558999989,39.984064596000053],[-75.120250447999979,39.984757988000069]]]},"properties":{"OBJECTID":150,"NAME":"EAST_KENSINGTON","LISTNAME":"East Kensington","MAPNAME":"East Kensington","Shape_Leng":11570.514789299999,"Shape_Length":0.036334890366652654,"Shape_Area":7.5147368083444913e-05}},{"type":"Feature","id":151,"geometry":{"type":"Polygon","coordinates":[[[-75.217690771999969,39.927316746000031],[-75.219389007999951,39.927993675000039],[-75.220904054999949,39.92573490400008],[-75.222366594999983,39.926417345000061],[-75.223222985999939,39.92717929500003],[-75.224640775999944,39.928526390000059],[-75.225294391999967,39.929169783000077],[-75.228847359999975,39.926720224000064],[-75.229995152999948,39.925928827000064],[-75.234112682999978,39.922971937000057],[-75.236656118999974,39.921253338000042],[-75.239690612999937,39.919121130000065],[-75.239665779999939,39.918804028000068],[-75.241081132999966,39.91786539800006],[-75.242479364999951,39.916909302000079],[-75.24304159199994,39.916520587000036],[-75.244874953999954,39.915469478000034],[-75.244683563999956,39.915107119000027],[-75.243873102999942,39.914094684000077],[-75.243266121999966,39.913070722000043],[-75.243212934999974,39.913097160000063],[-75.243077829999947,39.913178970000047],[-75.240790078999964,39.913431426000045],[-75.23960731699998,39.91354670100003],[-75.23761727699997,39.914955133000035],[-75.236208147999946,39.913754555000025],[-75.233685338999976,39.914081855000063],[-75.233380496999985,39.913853146000065],[-75.23276954499994,39.913267294000036],[-75.23218419799997,39.912785697000061],[-75.231612249999955,39.912284372000045],[-75.231049025999937,39.911786299000028],[-75.230422923999981,39.911235065000028],[-75.230357234999985,39.911061543000073],[-75.229884905999938,39.911415188000035],[-75.229174741999941,39.911900525000078],[-75.228391381999984,39.912470269000039],[-75.227718719999984,39.912939466000068],[-75.227074546999972,39.913514227000064],[-75.226273262999939,39.914595507000058],[-75.217690771999969,39.927316746000031]]]},"properties":{"OBJECTID":151,"NAME":"ELMWOOD","LISTNAME":"Elmwood","MAPNAME":"Elmwood","Shape_Leng":23215.724520600001,"Shape_Length":0.072994464843322754,"Shape_Area":0.00021434864241840005}},{"type":"Feature","id":152,"geometry":{"type":"Polygon","coordinates":[[[-75.186943350999968,39.922325483000066],[-75.186953280999944,39.922285419000048],[-75.187333260999935,39.922228437000058],[-75.188933740999971,39.921912064000026],[-75.190109805999953,39.914535813000043],[-75.188825014999964,39.914301728000055],[-75.188040408999939,39.91415876700006],[-75.186323139999956,39.913953026000058],[-75.183725619999962,39.913516410000057],[-75.18193417599997,39.913289600000041],[-75.181017172999987,39.913241389000063],[-75.179417741999941,39.913185780000049],[-75.179166431999988,39.913180145000069],[-75.17844327499995,39.913163929000063],[-75.177635707999968,39.913059910000072],[-75.17703505999998,39.912981598000044],[-75.176445464999972,39.912904722000064],[-75.175797100999944,39.912820181000029],[-75.175198106999972,39.91274207400005],[-75.17460056699997,39.912664153000037],[-75.173954901999934,39.912579952000044],[-75.17334657899994,39.912491663000026],[-75.172674989999962,39.91239779600005],[-75.172303625999973,39.912350561000039],[-75.172154511999963,39.912956502000043],[-75.171935727999937,39.913887600000066],[-75.171878521999986,39.914186545000064],[-75.171761014999959,39.914563608000037],[-75.171264774999941,39.916738542000076],[-75.171132008999962,39.917332360000046],[-75.17095306799996,39.918132699000068],[-75.170687346999955,39.919321123000032],[-75.170415247999983,39.920635438000033],[-75.170155117999968,39.921865024000056],[-75.170150588999945,39.921884165000051],[-75.170178222999937,39.92188767600004],[-75.176637662999951,39.922710444000074],[-75.176301440999964,39.924252648000049],[-75.177981679999959,39.923954490000028],[-75.183433787999945,39.922942019000061],[-75.186943350999968,39.922325483000066]]]},"properties":{"OBJECTID":152,"NAME":"GIRARD_ESTATES","LISTNAME":"Girard Estates","MAPNAME":"Girard Estates","Shape_Leng":17375.9724498,"Shape_Length":0.056194498037398989,"Shape_Area":0.00017539659391383874}},{"type":"Feature","id":154,"geometry":{"type":"Polygon","coordinates":[[[-75.183725619999962,39.913516410000057],[-75.186323139999956,39.913953026000058],[-75.188040408999939,39.91415876700006],[-75.190109805999953,39.914535813000043],[-75.19042314099994,39.91306196000005],[-75.190736276999985,39.911588977000065],[-75.19090890199999,39.910845843000061],[-75.19118978399996,39.909636643000056],[-75.191607773999976,39.90783710200003],[-75.192132212999979,39.906501655000056],[-75.193123478999951,39.902635517000078],[-75.193419753999933,39.900837071000069],[-75.193319147999944,39.899712172000079],[-75.192705368999952,39.898553811000056],[-75.191601203999937,39.897516578000079],[-75.190026527999976,39.89680308800007],[-75.186716587999967,39.897451467000053],[-75.182490730999973,39.89810532000007],[-75.178606629999933,39.898788700000068],[-75.17694040899994,39.899015463000069],[-75.175740230999963,39.89901052600004],[-75.175026334999984,39.898994490000064],[-75.172303625999973,39.912350561000039],[-75.172674989999962,39.91239779600005],[-75.17334657899994,39.912491663000026],[-75.173954901999934,39.912579952000044],[-75.17460056699997,39.912664153000037],[-75.175198106999972,39.91274207400005],[-75.175797100999944,39.912820181000029],[-75.176445464999972,39.912904722000064],[-75.17703505999998,39.912981598000044],[-75.177635707999968,39.913059910000072],[-75.17844327499995,39.913163929000063],[-75.179166431999988,39.913180145000069],[-75.179417741999941,39.913185780000049],[-75.181017172999987,39.913241389000063],[-75.18193417599997,39.913289600000041],[-75.183725619999962,39.913516410000057]]]},"properties":{"OBJECTID":154,"NAME":"PACKER_PARK","LISTNAME":"Packer Park","MAPNAME":"Packer Park","Shape_Leng":21816.0179479,"Shape_Length":0.066575928271711063,"Shape_Area":0.00028381506861025553}},{"type":"Feature","id":155,"geometry":{"type":"Polygon","coordinates":[[[-75.14654070399996,39.930046947000051],[-75.146227433999968,39.93125619500006],[-75.145724658999939,39.933443668000052],[-75.147315754999966,39.933653195000034],[-75.149262265999937,39.933907012000077],[-75.150804119999975,39.934293130000071],[-75.15142648799997,39.931509462000065],[-75.151956071999962,39.929114273000039],[-75.152589835999947,39.926329873000043],[-75.152938442999982,39.924682308000058],[-75.15337393599998,39.922727592000058],[-75.153454364999959,39.922293497000055],[-75.151073431999976,39.921982084000035],[-75.149916449999978,39.921821944000044],[-75.148043263999966,39.921540434000065],[-75.14654070399996,39.930046947000051]]]},"properties":{"OBJECTID":155,"NAME":"PENNSPORT","LISTNAME":"Pennsport","MAPNAME":"Pennsport","Shape_Leng":11823.2331084,"Shape_Length":0.035041818167058703,"Shape_Area":6.3548283183067906e-05}},{"type":"Feature","id":156,"geometry":{"type":"Polygon","coordinates":[[[-75.16985849699995,39.923118444000067],[-75.169570549999946,39.924363096000036],[-75.169562535999944,39.924397733000035],[-75.169309854999938,39.925574236000045],[-75.169064737999975,39.926782244000037],[-75.168804457999954,39.92801456400008],[-75.16865256799997,39.928641191000054],[-75.168530362999945,39.929235615000039],[-75.168263888999945,39.930443141000069],[-75.168260946999965,39.930455432000031],[-75.174763263999978,39.931310563000068],[-75.175288798999986,39.928869852000048],[-75.175561802999937,39.927645006000034],[-75.176637662999951,39.922710444000074],[-75.170178222999937,39.92188767600004],[-75.170150588999945,39.921884165000051],[-75.16985849699995,39.923118444000067]]]},"properties":{"OBJECTID":156,"NAME":"NEWBOLD","LISTNAME":"Newbold","MAPNAME":"Newbold","Shape_Leng":10052.5708849,"Shape_Length":0.030677582738168497,"Shape_Area":5.74368295276184e-05}},{"type":"Feature","id":157,"geometry":{"type":"Polygon","coordinates":[[[-75.176301440999964,39.924252648000049],[-75.175561802999937,39.927645006000034],[-75.175288798999986,39.928869852000048],[-75.175882807999983,39.928964337000025],[-75.176862354999969,39.929076485000053],[-75.17845869699994,39.929292621000059],[-75.18035828099994,39.929542581000078],[-75.181942773999936,39.929762911000068],[-75.183599529999981,39.929930737000063],[-75.183844422999982,39.929958759000044],[-75.185230510999986,39.930161080000062],[-75.185329083999989,39.929721473000029],[-75.185487719999969,39.928931563000049],[-75.185678907999943,39.928210006000029],[-75.185732706999943,39.927715299000056],[-75.185988835999979,39.926489014000026],[-75.186245210999971,39.925305812000033],[-75.18653986399994,39.924014015000068],[-75.186741622999989,39.923207130000037],[-75.186834235999982,39.922765718000051],[-75.186943350999968,39.922325483000066],[-75.183433787999945,39.922942019000061],[-75.177981679999959,39.923954490000028],[-75.176301440999964,39.924252648000049]]]},"properties":{"OBJECTID":157,"NAME":"WEST_PASSYUNK","LISTNAME":"West Passyunk","MAPNAME":"West Passyunk","Shape_Leng":10499.291848000001,"Shape_Length":0.033593572560923157,"Shape_Area":6.3592313776722199e-05}},{"type":"Feature","id":158,"geometry":{"type":"Polygon","coordinates":[[[-75.156842166999979,39.928972746000056],[-75.168260946999965,39.930455432000031],[-75.168263888999945,39.930443141000069],[-75.168530362999945,39.929235615000039],[-75.16865256799997,39.928641191000054],[-75.168804457999954,39.92801456400008],[-75.169064737999975,39.926782244000037],[-75.169309854999938,39.925574236000045],[-75.169562535999944,39.924397733000035],[-75.169570549999946,39.924363096000036],[-75.168475094999962,39.924229376000028],[-75.166012579999972,39.923906114000033],[-75.161309274999951,39.923299615000076],[-75.161300793999942,39.923298513000077],[-75.161136389999967,39.924089106000054],[-75.160865611999952,39.925296596000067],[-75.160773806999941,39.925702749000038],[-75.160755162999976,39.925700538000058],[-75.159183438999946,39.925489723000055],[-75.157673540999951,39.925274576000049],[-75.157115293999937,39.927755083000079],[-75.156842166999979,39.928972746000056]]]},"properties":{"OBJECTID":158,"NAME":"EAST_PASSYUNK","LISTNAME":"East Passyunk","MAPNAME":"East Passyunk","Shape_Leng":10987.761845999999,"Shape_Length":0.0354661040223435,"Shape_Area":6.3640425135282644e-05}},{"type":"Feature","id":159,"geometry":{"type":"Polygon","coordinates":[[[-75.197124767999981,40.03338506700004],[-75.19717787999997,40.033339614000056],[-75.197268237999936,40.033292150000079],[-75.197920858999964,40.03325232800006],[-75.198680329999945,40.033111414000075],[-75.199040031999971,40.032968879000066],[-75.19925352599995,40.032741208000061],[-75.199664710999969,40.032331528000043],[-75.199575911999943,40.032276770000067],[-75.199339446999943,40.032127328000058],[-75.199241565999955,40.03207326200004],[-75.199118109999972,40.031986454000048],[-75.198943327999984,40.031863558000055],[-75.19873043399997,40.031752148000066],[-75.19860412099996,40.031653106000078],[-75.198420531999943,40.031485618000033],[-75.198203141999954,40.031212973000038],[-75.198158638999985,40.031135414000062],[-75.198066259999962,40.03091437300003],[-75.198058003999961,40.030816992000041],[-75.198072545999935,40.030761376000044],[-75.198093322999966,40.030686853000077],[-75.198111852999943,40.030620394000039],[-75.198118850999947,40.030587382000078],[-75.198127800999941,40.030545170000039],[-75.198146513999973,40.030398582000032],[-75.198220772999946,40.03001957500004],[-75.198225713999989,40.029978285000027],[-75.198331378999967,40.029633857000078],[-75.198334919999979,40.029503010000042],[-75.198321459999988,40.029380747000062],[-75.198255144999962,40.029173967000077],[-75.198160719999976,40.028911487000073],[-75.198084843999936,40.028727117000074],[-75.197973741999988,40.028555907000055],[-75.197889034999946,40.028337950000036],[-75.197770405999961,40.028155834000074],[-75.19768550799995,40.027960230000076],[-75.197650243999988,40.027777677000074],[-75.197482506999961,40.027635677000035],[-75.197387849999984,40.027572624000072],[-75.197330917999977,40.027544022000029],[-75.197272023999972,40.027518240000063],[-75.197215396999979,40.027496558000053],[-75.197164003999944,40.027479842000048],[-75.197095410999964,40.027462602000071],[-75.197014814999989,40.027447681000069],[-75.196943394999948,40.027439366000067],[-75.196845854999935,40.027432924000038],[-75.196792233999986,40.027429383000026],[-75.196670214999983,40.027414989000079],[-75.196610515999964,40.027412947000073],[-75.196573373999968,40.027415158000053],[-75.196539585999972,40.027418997000041],[-75.196515284999975,40.027423615000032],[-75.196488898999974,40.027430784000046],[-75.196403547999978,40.027460756000039],[-75.196312959999943,40.027485064000075],[-75.19629028099996,40.027490687000068],[-75.196251073999974,40.027499010000042],[-75.196210159999964,40.027507696000043],[-75.196131347999938,40.027521534000073],[-75.196131347999938,40.027521534000073],[-75.19605405599998,40.027532165000025],[-75.195955045999938,40.027540784000053],[-75.195807999999943,40.027547432000063],[-75.195706694999956,40.027552079000031],[-75.195595381999965,40.027554877000057],[-75.195507556999985,40.027551478000078],[-75.195445774999939,40.027543323000032],[-75.195291979999979,40.027511231000062],[-75.195254505999969,40.027505028000064],[-75.195220706999976,40.027501194000024],[-75.195147812999949,40.027497502000074],[-75.195066880999946,40.027498043000037],[-75.194844505999981,40.027512744000035],[-75.194704867999974,40.027524571000072],[-75.194657333999942,40.027530676000026],[-75.194531271999949,40.027556063000077],[-75.194475631999978,40.027573994000079],[-75.194425514999978,40.027597661000073],[-75.194330393999962,40.02763819200004],[-75.194232321999948,40.02767441900005],[-75.194131299999981,40.027706340000066],[-75.194027326999958,40.027733954000041],[-75.193830201999958,40.027781964000042],[-75.193612677999965,40.027780289000077],[-75.193480073999979,40.027762127000074],[-75.193303030999971,40.027699432000077],[-75.193135391999988,40.02755105500006],[-75.192914615999939,40.027547279000032],[-75.192788565999933,40.027560956000059],[-75.192759884999987,40.027522429000044],[-75.192614252999988,40.027324225000029],[-75.192484139999976,40.027405186000067],[-75.192358352999975,40.027444433000028],[-75.191767211999945,40.027561232000039],[-75.191231079999966,40.027537821000067],[-75.191051073999972,40.027564390000066],[-75.190900299999953,40.027606902000059],[-75.190645984999946,40.027757959000041],[-75.190546547999986,40.027889533000064],[-75.190501329999961,40.02803378200008],[-75.190476610999951,40.028392146000044],[-75.190285814999982,40.028869941000039],[-75.190156566999974,40.029000850000045],[-75.189947534999988,40.029137625000033],[-75.189710279999986,40.029231723000066],[-75.189409586999943,40.029293825000025],[-75.18908025099995,40.029331913000078],[-75.188904462999972,40.029352243000062],[-75.188832899999966,40.029422401000033],[-75.18872186699997,40.029465796000068],[-75.188471280999977,40.029532005000078],[-75.188294944999939,40.029578595000032],[-75.188126810999961,40.029685699000026],[-75.18799798799995,40.029805147000047],[-75.187964764999947,40.029864727000074],[-75.187837979999983,40.030092093000064],[-75.187773378999964,40.030354408000051],[-75.187764726999944,40.030583569000044],[-75.187778851999951,40.030780734000075],[-75.187796079999941,40.031420141000069],[-75.187662711999963,40.03207664100006],[-75.187672895999981,40.032384955000055],[-75.187707326999941,40.032595076000064],[-75.187738911999986,40.032800483000074],[-75.187795217999962,40.033003091000069],[-75.187912444999938,40.033397498000056],[-75.187951390999956,40.03356662300007],[-75.188088986999958,40.034164120000071],[-75.188407418999986,40.034976526000037],[-75.18872397399997,40.035424614000078],[-75.188967848999937,40.035623274000045],[-75.189175655999975,40.035790141000064],[-75.189515702999984,40.036004503000072],[-75.189962760999947,40.036318559000051],[-75.190315642999963,40.036612269000045],[-75.190575036999974,40.036867402000041],[-75.190990580999937,40.037362411000061],[-75.19293797399996,40.035472565000077],[-75.193129291999981,40.035390858000028],[-75.192729011999972,40.03502996800006],[-75.193251475999944,40.034824723000042],[-75.195670277999966,40.033923648000041],[-75.197124767999981,40.03338506700004]]]},"properties":{"OBJECTID":159,"NAME":"BLUE_BELL_HILL","LISTNAME":"Blue Bell Hill","MAPNAME":"Blue Bell Hill","Shape_Leng":null,"Shape_Length":0.036599874339334225,"Shape_Area":7.3634851378464033e-05}}]}