{"type":"FeatureCollection","features":[{"type":"Feature","id":1,"geometry":{"type":"Polygon","coordinates":[[[-122.26693014057906,47.562162540410526],[-122.26693744258111,47.562166220409885],[-122.26693615658067,47.562165126409994],[-122.26693014057906,47.562162540410526]]]},"properties":{"OBJECTID":1,"STATEFP20":"53","PLACEFP20":"63000","PLACENS20":"02411856","GEOID20":"5363000","NAME20":"Seattle","NAMELSAD20":"Seattle city","LSAD20":"25","CLASSFP20":"C1","PCICBSA20":"Y","PCINECTA20":"N","MTFCC20":"G4110","FUNCSTAT20":"A","ALAND20":217119656,"AWATER20":150846139,"INTPTLAT20":"+47.6193387","INTPTLON20":"-122.3515649"}},{"type":"Feature","id":2,"geometry":{"type":"Polygon","coordinates":[[[-122.40727472363787,47.672793984816174],[-122.40727702163896,47.672796857816039],[-122.40728012363968,47.672797861815766],[-122.40727472363787,47.672793984816174]]]},"properties":{"OBJECTID":2,"STATEFP20":"53","PLACEFP20":"63000","PLACENS20":"02411856","GEOID20":"5363000","NAME20":"Seattle","NAMELSAD20":"Seattle city","LSAD20":"25","CLASSFP20":"C1","PCICBSA20":"Y","PCINECTA20":"N","MTFCC20":"G4110","FUNCSTAT20":"A","ALAND20":217119656,"AWATER20":150846139,"INTPTLAT20":"+47.6193387","INTPTLON20":"-122.3515649"}},{"type":"Feature","id":3,"geometry":{"type":"Polygon","coordinates":[[[-122.36322383783381,47.653080671629539],[-122.36322749483655,47.653089416629584],[-122.36328768484834,47.653098224623456],[-122.36322383783381,47.653080671629539]]]},"properties":{"OBJECTID":3,"STATEFP20":"53","PLACEFP20":"63000","PLACENS20":"02411856","GEOID20":"5363000","NAME20":"Seattle","NAMELSAD20":"Seattle city","LSAD20":"25","CLASSFP20":"C1","PCICBSA20":"Y","PCINECTA20":"N","MTFCC20":"G4110","FUNCSTAT20":"A","ALAND20":217119656,"AWATER20":150846139,"INTPTLAT20":"+47.6193387","INTPTLON20":"-122.3515649"}},{"type":"Feature","id":4,"geometry":{"type":"Polygon","coordinates":[[[-122.28018455132512,47.726994995623926],[-122.28024445136842,47.727134384624641],[-122.28026162137689,47.727158026623975],[-122.28018455132512,47.726994995623926]]]},"properties":{"OBJECTID":4,"STATEFP20":"53","PLACEFP20":"63000","PLACENS20":"02411856","GEOID20":"5363000","NAME20":"Seattle","NAMELSAD20":"Seattle city","LSAD20":"25","CLASSFP20":"C1","PCICBSA20":"Y","PCINECTA20":"N","MTFCC20":"G4110","FUNCSTAT20":"A","ALAND20":217119656,"AWATER20":150846139,"INTPTLAT20":"+47.6193387","INTPTLON20":"-122.3515649"}},{"type":"Feature","id":5,"geometry":{"type":"Polygon","coordinates":[[[-122.37684136516691,47.657861525383105],[-122.37678426516557,47.657894207391074],[-122.37684268217109,47.657878080383831],[-122.37684136516691,47.657861525383105]]]},"properties":{"OBJECTID":5,"STATEFP20":"53","PLACEFP20":"63000","PLACENS20":"02411856","GEOID20":"5363000","NAME20":"Seattle","NAMELSAD20":"Seattle city","LSAD20":"25","CLASSFP20":"C1","PCICBSA20":"Y","PCINECTA20":"N","MTFCC20":"G4110","FUNCSTAT20":"A","ALAND20":217119656,"AWATER20":150846139,"INTPTLAT20":"+47.6193387","INTPTLON20":"-122.3515649"}},{"type":"Feature","id":6,"geometry":{"type":"Polygon","coordinates":[[[-122.34047048177004,47.647197776820974],[-122.34052241177974,47.647203340815572],[-122.34054710877868,47.647182517811771],[-122.34047048177004,47.647197776820974]]]},"properties":{"OBJECTID":6,"STATEFP20":"53","PLACEFP20":"63000","PLACENS20":"02411856","GEOID20":"5363000","NAME20":"Seattle","NAMELSAD20":"Seattle city","LSAD20":"25","CLASSFP20":"C1","PCICBSA20":"Y","PCINECTA20":"N","MTFCC20":"G4110","FUNCSTAT20":"A","ALAND20":217119656,"AWATER20":150846139,"INTPTLAT20":"+47.6193387","INTPTLON20":"-122.3515649"}},{"type":"Feature","id":7,"geometry":{"type":"Polygon","coordinates":[[[-122.26693744258111,47.562166220409885],[-122.26703133161531,47.562246081403849],[-122.2669826455938,47.562189001406168],[-122.26693744258111,47.562166220409885]]]},"properties":{"OBJECTID":7,"STATEFP20":"53","PLACEFP20":"63000","PLACENS20":"02411856","GEOID20":"5363000","NAME20":"Seattle","NAMELSAD20":"Seattle city","LSAD20":"25","CLASSFP20":"C1","PCICBSA20":"Y","PCINECTA20":"N","MTFCC20":"G4110","FUNCSTAT20":"A","ALAND20":217119656,"AWATER20":150846139,"INTPTLAT20":"+47.6193387","INTPTLON20":"-122.3515649"}},{"type":"Feature","id":8,"geometry":{"type":"Polygon","coordinates":[[[-122.33717822122695,47.546987298919426],[-122.33719597124355,47.547044644920511],[-122.33724664626762,47.54711160891847],[-122.33717822122695,47.546987298919426]]]},"properties":{"OBJECTID":8,"STATEFP20":"53","PLACEFP20":"63000","PLACENS20":"02411856","GEOID20":"5363000","NAME20":"Seattle","NAMELSAD20":"Seattle city","LSAD20":"25","CLASSFP20":"C1","PCICBSA20":"Y","PCINECTA20":"N","MTFCC20":"G4110","FUNCSTAT20":"A","ALAND20":217119656,"AWATER20":150846139,"INTPTLAT20":"+47.6193387","INTPTLON20":"-122.3515649"}},{"type":"Feature","id":9,"geometry":{"type":"Polygon","coordinates":[[[-122.28042116484569,47.72071590426939],[-122.28047145587244,47.720793241267891],[-122.280471455864,47.720758344266088],[-122.28042116484569,47.72071590426939]]]},"properties":{"OBJECTID":9,"STATEFP20":"53","PLACEFP20":"63000","PLACENS20":"02411856","GEOID20":"5363000","NAME20":"Seattle","NAMELSAD20":"Seattle city","LSAD20":"25","CLASSFP20":"C1","PCICBSA20":"Y","PCINECTA20":"N","MTFCC20":"G4110","FUNCSTAT20":"A","ALAND20":217119656,"AWATER20":150846139,"INTPTLAT20":"+47.6193387","INTPTLON20":"-122.3515649"}},{"type":"Feature","id":10,"geometry":{"type":"Polygon","coordinates":[[[-122.36328768484834,47.653098224623456],[-122.36342910588033,47.653137105609972],[-122.3634477338796,47.653121646607111],[-122.36328768484834,47.653098224623456]]]},"properties":{"OBJECTID":10,"STATEFP20":"53","PLACEFP20":"63000","PLACENS20":"02411856","GEOID20":"5363000","NAME20":"Seattle","NAMELSAD20":"Seattle city","LSAD20":"25","CLASSFP20":"C1","PCICBSA20":"Y","PCINECTA20":"N","MTFCC20":"G4110","FUNCSTAT20":"A","ALAND20":217119656,"AWATER20":150846139,"INTPTLAT20":"+47.6193387","INTPTLON20":"-122.3515649"}},{"type":"Feature","id":11,"geometry":{"type":"Polygon","coordinates":[[[-122.28213773528194,47.609203717226798],[-122.2821048752923,47.609268915233798],[-122.28202682634706,47.609549579257134],[-122.28213773528194,47.609203717226798]]]},"properties":{"OBJECTID":11,"STATEFP20":"53","PLACEFP20":"63000","PLACENS20":"02411856","GEOID20":"5363000","NAME20":"Seattle","NAMELSAD20":"Seattle city","LSAD20":"25","CLASSFP20":"C1","PCICBSA20":"Y","PCINECTA20":"N","MTFCC20":"G4110","FUNCSTAT20":"A","ALAND20":217119656,"AWATER20":150846139,"INTPTLAT20":"+47.6193387","INTPTLON20":"-122.3515649"}},{"type":"Feature","id":12,"geometry":{"type":"Polygon","coordinates":[[[-122.34025501772997,47.647174691843418],[-122.34035727375735,47.647220320834585],[-122.34047048177004,47.647197776820974],[-122.34025501772997,47.647174691843418]]]},"properties":{"OBJECTID":12,"STATEFP20":"53","PLACEFP20":"63000","PLACENS20":"02411856","GEOID20":"5363000","NAME20":"Seattle","NAMELSAD20":"Seattle city","LSAD20":"25","CLASSFP20":"C1","PCICBSA20":"Y","PCINECTA20":"N","MTFCC20":"G4110","FUNCSTAT20":"A","ALAND20":217119656,"AWATER20":150846139,"INTPTLAT20":"+47.6193387","INTPTLON20":"-122.3515649"}},{"type":"Feature","id":13,"geometry":{"type":"Polygon","coordinates":[[[-122.3145925855185,47.642628263422914],[-122.31485202861654,47.64286281440674],[-122.31466638853801,47.642660039416477],[-122.3145925855185,47.642628263422914]]]},"properties":{"OBJECTID":13,"STATEFP20":"53","PLACEFP20":"63000","PLACENS20":"02411856","GEOID20":"5363000","NAME20":"Seattle","NAMELSAD20":"Seattle city","LSAD20":"25","CLASSFP20":"C1","PCICBSA20":"Y","PCINECTA20":"N","MTFCC20":"G4110","FUNCSTAT20":"A","ALAND20":217119656,"AWATER20":150846139,"INTPTLAT20":"+47.6193387","INTPTLON20":"-122.3515649"}},{"type":"Feature","id":14,"geometry":{"type":"Polygon","coordinates":[[[-122.33185764355767,47.539378517100857],[-122.33213314161853,47.53944834407438],[-122.33213075960994,47.539413959072832],[-122.33185764355767,47.539378517100857]]]},"properties":{"OBJECTID":14,"STATEFP20":"53","PLACEFP20":"63000","PLACENS20":"02411856","GEOID20":"5363000","NAME20":"Seattle","NAMELSAD20":"Seattle city","LSAD20":"25","CLASSFP20":"C1","PCICBSA20":"Y","PCINECTA20":"N","MTFCC20":"G4110","FUNCSTAT20":"A","ALAND20":217119656,"AWATER20":150846139,"INTPTLAT20":"+47.6193387","INTPTLON20":"-122.3515649"}},{"type":"Feature","id":15,"geometry":{"type":"Polygon","coordinates":[[[-122.34000209295894,47.55652898111272],[-122.33993492695889,47.556573759122436],[-122.34004317199403,47.556647984114477],[-122.34000209295894,47.55652898111272]]]},"properties":{"OBJECTID":15,"STATEFP20":"53","PLACEFP20":"63000","PLACENS20":"02411856","GEOID20":"5363000","NAME20":"Seattle","NAMELSAD20":"Seattle city","LSAD20":"25","CLASSFP20":"C1","PCICBSA20":"Y","PCINECTA20":"N","MTFCC20":"G4110","FUNCSTAT20":"A","ALAND20":217119656,"AWATER20":150846139,"INTPTLAT20":"+47.6193387","INTPTLON20":"-122.3515649"}},{"type":"Feature","id":16,"geometry":{"type":"Polygon","coordinates":[[[-122.27839454802965,47.718687901386261],[-122.2784822320864,47.718864328385841],[-122.27862878815014,47.719030691378421],[-122.27839454802965,47.718687901386261]]]},"properties":{"OBJECTID":16,"STATEFP20":"53","PLACEFP20":"63000","PLACENS20":"02411856","GEOID20":"5363000","NAME20":"Seattle","NAMELSAD20":"Seattle city","LSAD20":"25","CLASSFP20":"C1","PCICBSA20":"Y","PCINECTA20":"N","MTFCC20":"G4110","FUNCSTAT20":"A","ALAND20":217119656,"AWATER20":150846139,"INTPTLAT20":"+47.6193387","INTPTLON20":"-122.3515649"}},{"type":"Feature","id":17,"geometry":{"type":"Polygon","coordinates":[[[-122.26050746273199,47.554564508711607],[-122.26055106381614,47.554887671723939],[-122.26059212483347,47.554932370721829],[-122.26050746273199,47.554564508711607]]]},"properties":{"OBJECTID":17,"STATEFP20":"53","PLACEFP20":"63000","PLACENS20":"02411856","GEOID20":"5363000","NAME20":"Seattle","NAMELSAD20":"Seattle city","LSAD20":"25","CLASSFP20":"C1","PCICBSA20":"Y","PCINECTA20":"N","MTFCC20":"G4110","FUNCSTAT20":"A","ALAND20":217119656,"AWATER20":150846139,"INTPTLAT20":"+47.6193387","INTPTLON20":"-122.3515649"}},{"type":"Feature","id":18,"geometry":{"type":"Polygon","coordinates":[[[-122.27628215719027,47.712479288293594],[-122.2763439512981,47.712884809308029],[-122.27641867136144,47.713097170310903],[-122.27639109933651,47.713012405309485],[-122.27628215719027,47.712479288293594]]]},"properties":{"OBJECTID":18,"STATEFP20":"53","PLACEFP20":"63000","PLACENS20":"02411856","GEOID20":"5363000","NAME20":"Seattle","NAMELSAD20":"Seattle city","LSAD20":"25","CLASSFP20":"C1","PCICBSA20":"Y","PCINECTA20":"N","MTFCC20":"G4110","FUNCSTAT20":"A","ALAND20":217119656,"AWATER20":150846139,"INTPTLAT20":"+47.6193387","INTPTLON20":"-122.3515649"}},{"type":"Feature","id":19,"geometry":{"type":"Polygon","coordinates":[[[-122.27816516786619,47.718163934384073],[-122.27828181897171,47.718522931390012],[-122.27839454802965,47.718687901386261],[-122.27824518493303,47.718387369386924],[-122.27816516786619,47.718163934384073]]]},"properties":{"OBJECTID":19,"STATEFP20":"53","PLACEFP20":"63000","PLACENS20":"02411856","GEOID20":"5363000","NAME20":"Seattle","NAMELSAD20":"Seattle city","LSAD20":"25","CLASSFP20":"C1","PCICBSA20":"Y","PCINECTA20":"N","MTFCC20":"G4110","FUNCSTAT20":"A","ALAND20":217119656,"AWATER20":150846139,"INTPTLAT20":"+47.6193387","INTPTLON20":"-122.3515649"}},{"type":"Feature","id":20,"geometry":{"type":"Polygon","coordinates":[[[-122.37901731022819,47.660821807298504],[-122.37929007428606,47.660880562271601],[-122.37922634026174,47.660821807275532],[-122.37901731022819,47.660821807298504]]]},"properties":{"OBJECTID":20,"STATEFP20":"53","PLACEFP20":"63000","PLACENS20":"02411856","GEOID20":"5363000","NAME20":"Seattle","NAMELSAD20":"Seattle city","LSAD20":"25","CLASSFP20":"C1","PCICBSA20":"Y","PCINECTA20":"N","MTFCC20":"G4110","FUNCSTAT20":"A","ALAND20":217119656,"AWATER20":150846139,"INTPTLAT20":"+47.6193387","INTPTLON20":"-122.3515649"}},{"type":"Feature","id":21,"geometry":{"type":"Polygon","coordinates":[[[-122.26461360911365,47.561772541643435],[-122.26464770313001,47.561818108642143],[-122.26490970715778,47.561758237610285],[-122.26461360911365,47.561772541643435]]]},"properties":{"OBJECTID":21,"STATEFP20":"53","PLACEFP20":"63000","PLACENS20":"02411856","GEOID20":"5363000","NAME20":"Seattle","NAMELSAD20":"Seattle city","LSAD20":"25","CLASSFP20":"C1","PCICBSA20":"Y","PCINECTA20":"N","MTFCC20":"G4110","FUNCSTAT20":"A","ALAND20":217119656,"AWATER20":150846139,"INTPTLAT20":"+47.6193387","INTPTLON20":"-122.3515649"}},{"type":"Feature","id":22,"geometry":{"type":"Polygon","coordinates":[[[-122.33852721415313,47.545772750707762],[-122.33854794520212,47.545963912715592],[-122.33864183824619,47.546085509711688],[-122.33852721415313,47.545772750707762]]]},"properties":{"OBJECTID":22,"STATEFP20":"53","PLACEFP20":"63000","PLACENS20":"02411856","GEOID20":"5363000","NAME20":"Seattle","NAMELSAD20":"Seattle city","LSAD20":"25","CLASSFP20":"C1","PCICBSA20":"Y","PCINECTA20":"N","MTFCC20":"G4110","FUNCSTAT20":"A","ALAND20":217119656,"AWATER20":150846139,"INTPTLAT20":"+47.6193387","INTPTLON20":"-122.3515649"}},{"type":"Feature","id":23,"geometry":{"type":"Polygon","coordinates":[[[-122.2653723192268,47.561735888558445],[-122.26515079718337,47.561703145580999],[-122.26490970715778,47.561758237610285],[-122.2653723192268,47.561735888558445]]]},"properties":{"OBJECTID":23,"STATEFP20":"53","PLACEFP20":"63000","PLACENS20":"02411856","GEOID20":"5363000","NAME20":"Seattle","NAMELSAD20":"Seattle city","LSAD20":"25","CLASSFP20":"C1","PCICBSA20":"Y","PCINECTA20":"N","MTFCC20":"G4110","FUNCSTAT20":"A","ALAND20":217119656,"AWATER20":150846139,"INTPTLAT20":"+47.6193387","INTPTLON20":"-122.3515649"}},{"type":"Feature","id":24,"geometry":{"type":"Polygon","coordinates":[[[-122.31982661623387,47.533531990108955],[-122.32025667836353,47.53378629507533],[-122.32019767433452,47.533704650077446],[-122.31982661623387,47.533531990108955]]]},"properties":{"OBJECTID":24,"STATEFP20":"53","PLACEFP20":"63000","PLACENS20":"02411856","GEOID20":"5363000","NAME20":"Seattle","NAMELSAD20":"Seattle city","LSAD20":"25","CLASSFP20":"C1","PCICBSA20":"Y","PCINECTA20":"N","MTFCC20":"G4110","FUNCSTAT20":"A","ALAND20":217119656,"AWATER20":150846139,"INTPTLAT20":"+47.6193387","INTPTLON20":"-122.3515649"}},{"type":"Feature","id":25,"geometry":{"type":"Polygon","coordinates":[[[-122.25268716012637,47.548915439268313],[-122.25334128323568,47.548932929197647],[-122.25363058827588,47.548906690164657],[-122.25268716012637,47.548915439268313]]]},"properties":{"OBJECTID":25,"STATEFP20":"53","PLACEFP20":"63000","PLACENS20":"02411856","GEOID20":"5363000","NAME20":"Seattle","NAMELSAD20":"Seattle city","LSAD20":"25","CLASSFP20":"C1","PCICBSA20":"Y","PCINECTA20":"N","MTFCC20":"G4110","FUNCSTAT20":"A","ALAND20":217119656,"AWATER20":150846139,"INTPTLAT20":"+47.6193387","INTPTLON20":"-122.3515649"}},{"type":"Feature","id":26,"geometry":{"type":"Polygon","coordinates":[[[-122.34908658653909,47.569596392805039],[-122.34950039465959,47.569823022771608],[-122.3491741285515,47.569589505795122],[-122.34908658653909,47.569596392805039]]]},"properties":{"OBJECTID":26,"STATEFP20":"53","PLACEFP20":"63000","PLACENS20":"02411856","GEOID20":"5363000","NAME20":"Seattle","NAMELSAD20":"Seattle city","LSAD20":"25","CLASSFP20":"C1","PCICBSA20":"Y","PCINECTA20":"N","MTFCC20":"G4110","FUNCSTAT20":"A","ALAND20":217119656,"AWATER20":150846139,"INTPTLAT20":"+47.6193387","INTPTLON20":"-122.3515649"}},{"type":"Feature","id":27,"geometry":{"type":"Polygon","coordinates":[[[-122.34906204250824,47.556936920142022],[-122.34931597661971,47.55723294112979],[-122.34926567757533,47.557081112127292],[-122.34906204250824,47.556936920142022]]]},"properties":{"OBJECTID":27,"STATEFP20":"53","PLACEFP20":"63000","PLACENS20":"02411856","GEOID20":"5363000","NAME20":"Seattle","NAMELSAD20":"Seattle city","LSAD20":"25","CLASSFP20":"C1","PCICBSA20":"Y","PCINECTA20":"N","MTFCC20":"G4110","FUNCSTAT20":"A","ALAND20":217119656,"AWATER20":150846139,"INTPTLAT20":"+47.6193387","INTPTLON20":"-122.3515649"}},{"type":"Feature","id":28,"geometry":{"type":"Polygon","coordinates":[[[-122.25268716012637,47.548915439268313],[-122.25191458599724,47.548894782351752],[-122.25183316099097,47.548923359362192],[-122.25268716012637,47.548915439268313]]]},"properties":{"OBJECTID":28,"STATEFP20":"53","PLACEFP20":"63000","PLACENS20":"02411856","GEOID20":"5363000","NAME20":"Seattle","NAMELSAD20":"Seattle city","LSAD20":"25","CLASSFP20":"C1","PCICBSA20":"Y","PCINECTA20":"N","MTFCC20":"G4110","FUNCSTAT20":"A","ALAND20":217119656,"AWATER20":150846139,"INTPTLAT20":"+47.6193387","INTPTLON20":"-122.3515649"}},{"type":"Feature","id":29,"geometry":{"type":"Polygon","coordinates":[[[-122.3426927407782,47.574878930783242],[-122.34271203210399,47.576227562852061],[-122.34271203180721,47.574987302786838],[-122.3426927407782,47.574878930783242]]]},"properties":{"OBJECTID":29,"STATEFP20":"53","PLACEFP20":"63000","PLACENS20":"02411856","GEOID20":"5363000","NAME20":"Seattle","NAMELSAD20":"Seattle city","LSAD20":"25","CLASSFP20":"C1","PCICBSA20":"Y","PCINECTA20":"N","MTFCC20":"G4110","FUNCSTAT20":"A","ALAND20":217119656,"AWATER20":150846139,"INTPTLAT20":"+47.6193387","INTPTLON20":"-122.3515649"}},{"type":"Feature","id":30,"geometry":{"type":"Polygon","coordinates":[[[-122.31169345063071,47.6491904640854],[-122.31194447171455,47.649371453067346],[-122.31209462273966,47.649375711051064],[-122.31169345063071,47.6491904640854]]]},"properties":{"OBJECTID":30,"STATEFP20":"53","PLACEFP20":"63000","PLACENS20":"02411856","GEOID20":"5363000","NAME20":"Seattle","NAMELSAD20":"Seattle city","LSAD20":"25","CLASSFP20":"C1","PCICBSA20":"Y","PCINECTA20":"N","MTFCC20":"G4110","FUNCSTAT20":"A","ALAND20":217119656,"AWATER20":150846139,"INTPTLAT20":"+47.6193387","INTPTLON20":"-122.3515649"}},{"type":"Feature","id":31,"geometry":{"type":"Polygon","coordinates":[[[-122.26962496139811,47.567961982421984],[-122.27007198650492,47.568108264380768],[-122.27018961151903,47.568088225366843],[-122.26962496139811,47.567961982421984]]]},"properties":{"OBJECTID":31,"STATEFP20":"53","PLACEFP20":"63000","PLACENS20":"02411856","GEOID20":"5363000","NAME20":"Seattle","NAMELSAD20":"Seattle city","LSAD20":"25","CLASSFP20":"C1","PCICBSA20":"Y","PCINECTA20":"N","MTFCC20":"G4110","FUNCSTAT20":"A","ALAND20":217119656,"AWATER20":150846139,"INTPTLAT20":"+47.6193387","INTPTLON20":"-122.3515649"}},{"type":"Feature","id":32,"geometry":{"type":"Polygon","coordinates":[[[-122.3612601586254,47.653522500868341],[-122.36153012871813,47.653728202849457],[-122.36179931378231,47.653815347824448],[-122.3612601586254,47.653522500868341]]]},"properties":{"OBJECTID":32,"STATEFP20":"53","PLACEFP20":"63000","PLACENS20":"02411856","GEOID20":"5363000","NAME20":"Seattle","NAMELSAD20":"Seattle city","LSAD20":"25","CLASSFP20":"C1","PCICBSA20":"Y","PCINECTA20":"N","MTFCC20":"G4110","FUNCSTAT20":"A","ALAND20":217119656,"AWATER20":150846139,"INTPTLAT20":"+47.6193387","INTPTLON20":"-122.3515649"}},{"type":"Feature","id":33,"geometry":{"type":"Polygon","coordinates":[[[-122.27018961151903,47.568088225366843],[-122.27030143454297,47.568113226355948],[-122.27100062261702,47.567953132270915],[-122.27098813161477,47.567952187272219],[-122.27018961151903,47.568088225366843]]]},"properties":{"OBJECTID":33,"STATEFP20":"53","PLACEFP20":"63000","PLACENS20":"02411856","GEOID20":"5363000","NAME20":"Seattle","NAMELSAD20":"Seattle city","LSAD20":"25","CLASSFP20":"C1","PCICBSA20":"Y","PCINECTA20":"N","MTFCC20":"G4110","FUNCSTAT20":"A","ALAND20":217119656,"AWATER20":150846139,"INTPTLAT20":"+47.6193387","INTPTLON20":"-122.3515649"}},{"type":"Feature","id":34,"geometry":{"type":"Polygon","coordinates":[[[-122.34267568676182,47.553910689682162],[-122.34261284376734,47.55397594969245],[-122.34287721785736,47.55417552567399],[-122.3428361118272,47.554076760673283],[-122.34267568676182,47.553910689682162]]]},"properties":{"OBJECTID":34,"STATEFP20":"53","PLACEFP20":"63000","PLACENS20":"02411856","GEOID20":"5363000","NAME20":"Seattle","NAMELSAD20":"Seattle city","LSAD20":"25","CLASSFP20":"C1","PCICBSA20":"Y","PCINECTA20":"N","MTFCC20":"G4110","FUNCSTAT20":"A","ALAND20":217119656,"AWATER20":150846139,"INTPTLAT20":"+47.6193387","INTPTLON20":"-122.3515649"}},{"type":"Feature","id":35,"geometry":{"type":"Polygon","coordinates":[[[-122.24929315912843,47.676324456363268],[-122.24916769814008,47.676456751384009],[-122.24910721920256,47.676756646406432],[-122.24918329318982,47.676652815392572],[-122.24929315912843,47.676324456363268]]]},"properties":{"OBJECTID":35,"STATEFP20":"53","PLACEFP20":"63000","PLACENS20":"02411856","GEOID20":"5363000","NAME20":"Seattle","NAMELSAD20":"Seattle city","LSAD20":"25","CLASSFP20":"C1","PCICBSA20":"Y","PCINECTA20":"N","MTFCC20":"G4110","FUNCSTAT20":"A","ALAND20":217119656,"AWATER20":150846139,"INTPTLAT20":"+47.6193387","INTPTLON20":"-122.3515649"}},{"type":"Feature","id":36,"geometry":{"type":"Polygon","coordinates":[[[-122.40684677748338,47.672437175844678],[-122.40686764349967,47.672490963845199],[-122.40720333761408,47.672742733821373],[-122.40727472363787,47.672793984816174],[-122.40710991656188,47.672587986823572],[-122.40684677748338,47.672437175844678]]]},"properties":{"OBJECTID":36,"STATEFP20":"53","PLACEFP20":"63000","PLACENS20":"02411856","GEOID20":"5363000","NAME20":"Seattle","NAMELSAD20":"Seattle city","LSAD20":"25","CLASSFP20":"C1","PCICBSA20":"Y","PCINECTA20":"N","MTFCC20":"G4110","FUNCSTAT20":"A","ALAND20":217119656,"AWATER20":150846139,"INTPTLAT20":"+47.6193387","INTPTLON20":"-122.3515649"}},{"type":"Feature","id":37,"geometry":{"type":"Polygon","coordinates":[[[-122.40776680935531,47.667144750467997],[-122.4080248474768,47.667477482456952],[-122.40802484743038,47.667284919446949],[-122.40776680935531,47.667144750467997]]]},"properties":{"OBJECTID":37,"STATEFP20":"53","PLACEFP20":"63000","PLACENS20":"02411856","GEOID20":"5363000","NAME20":"Seattle","NAMELSAD20":"Seattle city","LSAD20":"25","CLASSFP20":"C1","PCICBSA20":"Y","PCINECTA20":"N","MTFCC20":"G4110","FUNCSTAT20":"A","ALAND20":217119656,"AWATER20":150846139,"INTPTLAT20":"+47.6193387","INTPTLON20":"-122.3515649"}},{"type":"Feature","id":38,"geometry":{"type":"Polygon","coordinates":[[[-122.32774633209824,47.63209321442654],[-122.32776880223336,47.632640528452733],[-122.32782233024874,47.632668897448347],[-122.32782709424598,47.632654086447083],[-122.32778131710847,47.632112399423669],[-122.32774633209824,47.63209321442654]]]},"properties":{"OBJECTID":38,"STATEFP20":"53","PLACEFP20":"63000","PLACENS20":"02411856","GEOID20":"5363000","NAME20":"Seattle","NAMELSAD20":"Seattle city","LSAD20":"25","CLASSFP20":"C1","PCICBSA20":"Y","PCINECTA20":"N","MTFCC20":"G4110","FUNCSTAT20":"A","ALAND20":217119656,"AWATER20":150846139,"INTPTLAT20":"+47.6193387","INTPTLON20":"-122.3515649"}},{"type":"Feature","id":39,"geometry":{"type":"Polygon","coordinates":[[[-122.24789084340659,47.678416834627285],[-122.24734495845286,47.678973655716561],[-122.24717359247929,47.67919813174715],[-122.24777185542659,47.67857923764894],[-122.24789084340659,47.678416834627285]]]},"properties":{"OBJECTID":39,"STATEFP20":"53","PLACEFP20":"63000","PLACENS20":"02411856","GEOID20":"5363000","NAME20":"Seattle","NAMELSAD20":"Seattle city","LSAD20":"25","CLASSFP20":"C1","PCICBSA20":"Y","PCINECTA20":"N","MTFCC20":"G4110","FUNCSTAT20":"A","ALAND20":217119656,"AWATER20":150846139,"INTPTLAT20":"+47.6193387","INTPTLON20":"-122.3515649"}},{"type":"Feature","id":40,"geometry":{"type":"Polygon","coordinates":[[[-122.26680019529616,47.565250690587995],[-122.26679883532164,47.565358133593818],[-122.26716369243401,47.565583199565765],[-122.26714286441815,47.565530676565295],[-122.26680019529616,47.565250690587995]]]},"properties":{"OBJECTID":40,"STATEFP20":"53","PLACEFP20":"63000","PLACENS20":"02411856","GEOID20":"5363000","NAME20":"Seattle","NAMELSAD20":"Seattle city","LSAD20":"25","CLASSFP20":"C1","PCICBSA20":"Y","PCINECTA20":"N","MTFCC20":"G4110","FUNCSTAT20":"A","ALAND20":217119656,"AWATER20":150846139,"INTPTLAT20":"+47.6193387","INTPTLON20":"-122.3515649"}},{"type":"Feature","id":41,"geometry":{"type":"Polygon","coordinates":[[[-122.34586001228486,47.583230621875089],[-122.34575873628201,47.583286523889129],[-122.34572771232637,47.583492546903365],[-122.34585631234602,47.583488384889023],[-122.34586001228486,47.583230621875089]]]},"properties":{"OBJECTID":41,"STATEFP20":"53","PLACEFP20":"63000","PLACENS20":"02411856","GEOID20":"5363000","NAME20":"Seattle","NAMELSAD20":"Seattle city","LSAD20":"25","CLASSFP20":"C1","PCICBSA20":"Y","PCINECTA20":"N","MTFCC20":"G4110","FUNCSTAT20":"A","ALAND20":217119656,"AWATER20":150846139,"INTPTLAT20":"+47.6193387","INTPTLON20":"-122.3515649"}},{"type":"Feature","id":42,"geometry":{"type":"Polygon","coordinates":[[[-122.32976962603405,47.638798629555993],[-122.32975470117454,47.639393201588753],[-122.32981836814018,47.639207736572075],[-122.32981836805311,47.638845340553068],[-122.32976962603405,47.638798629555993]]]},"properties":{"OBJECTID":42,"STATEFP20":"53","PLACEFP20":"63000","PLACENS20":"02411856","GEOID20":"5363000","NAME20":"Seattle","NAMELSAD20":"Seattle city","LSAD20":"25","CLASSFP20":"C1","PCICBSA20":"Y","PCINECTA20":"N","MTFCC20":"G4110","FUNCSTAT20":"A","ALAND20":217119656,"AWATER20":150846139,"INTPTLAT20":"+47.6193387","INTPTLON20":"-122.3515649"}},{"type":"Feature","id":43,"geometry":{"type":"Polygon","coordinates":[[[-122.3655324032992,47.653476685396654],[-122.3655204123301,47.653613196405118],[-122.36576431838483,47.653678275381672],[-122.36584869939523,47.653665076371738],[-122.3655324032992,47.653476685396654]]]},"properties":{"OBJECTID":43,"STATEFP20":"53","PLACEFP20":"63000","PLACENS20":"02411856","GEOID20":"5363000","NAME20":"Seattle","NAMELSAD20":"Seattle city","LSAD20":"25","CLASSFP20":"C1","PCICBSA20":"Y","PCINECTA20":"N","MTFCC20":"G4110","FUNCSTAT20":"A","ALAND20":217119656,"AWATER20":150846139,"INTPTLAT20":"+47.6193387","INTPTLON20":"-122.3515649"}},{"type":"Feature","id":44,"geometry":{"type":"Polygon","coordinates":[[[-122.34004317199403,47.556647984114477],[-122.34014219007844,47.556934834118756],[-122.34027008410193,47.556947223105404],[-122.3402019560455,47.556756864102802],[-122.34004317199403,47.556647984114477]]]},"properties":{"OBJECTID":44,"STATEFP20":"53","PLACEFP20":"63000","PLACENS20":"02411856","GEOID20":"5363000","NAME20":"Seattle","NAMELSAD20":"Seattle city","LSAD20":"25","CLASSFP20":"C1","PCICBSA20":"Y","PCINECTA20":"N","MTFCC20":"G4110","FUNCSTAT20":"A","ALAND20":217119656,"AWATER20":150846139,"INTPTLAT20":"+47.6193387","INTPTLON20":"-122.3515649"}},{"type":"Feature","id":45,"geometry":{"type":"Polygon","coordinates":[[[-122.27148895919395,47.694971096903238],[-122.27135577119046,47.695045451921757],[-122.27143784327403,47.695337192928037],[-122.27150690923089,47.695112133908644],[-122.27148895919395,47.694971096903238]]]},"properties":{"OBJECTID":45,"STATEFP20":"53","PLACEFP20":"63000","PLACENS20":"02411856","GEOID20":"5363000","NAME20":"Seattle","NAMELSAD20":"Seattle city","LSAD20":"25","CLASSFP20":"C1","PCICBSA20":"Y","PCINECTA20":"N","MTFCC20":"G4110","FUNCSTAT20":"A","ALAND20":217119656,"AWATER20":150846139,"INTPTLAT20":"+47.6193387","INTPTLON20":"-122.3515649"}},{"type":"Feature","id":46,"geometry":{"type":"Polygon","coordinates":[[[-122.31980031178593,47.535863624234871],[-122.31954154678729,47.536043059272657],[-122.31939082084222,47.536374657306659],[-122.31980031178593,47.535863624234871]]]},"properties":{"OBJECTID":46,"STATEFP20":"53","PLACEFP20":"63000","PLACENS20":"02411856","GEOID20":"5363000","NAME20":"Seattle","NAMELSAD20":"Seattle city","LSAD20":"25","CLASSFP20":"C1","PCICBSA20":"Y","PCINECTA20":"N","MTFCC20":"G4110","FUNCSTAT20":"A","ALAND20":217119656,"AWATER20":150846139,"INTPTLAT20":"+47.6193387","INTPTLON20":"-122.3515649"}},{"type":"Feature","id":47,"geometry":{"type":"Polygon","coordinates":[[[-122.34173694106032,47.555789615883803],[-122.34189568114918,47.556054959880406],[-122.34180059617901,47.556243431900732],[-122.34199625319037,47.55615985387491],[-122.34189716012071,47.555934875873909],[-122.34173694106032,47.555789615883803]]]},"properties":{"OBJECTID":47,"STATEFP20":"53","PLACEFP20":"63000","PLACENS20":"02411856","GEOID20":"5363000","NAME20":"Seattle","NAMELSAD20":"Seattle city","LSAD20":"25","CLASSFP20":"C1","PCICBSA20":"Y","PCINECTA20":"N","MTFCC20":"G4110","FUNCSTAT20":"A","ALAND20":217119656,"AWATER20":150846139,"INTPTLAT20":"+47.6193387","INTPTLON20":"-122.3515649"}},{"type":"Feature","id":48,"geometry":{"type":"Polygon","coordinates":[[[-122.34540527990504,47.573591956418404],[-122.34535180193004,47.573732267431623],[-122.34559283199165,47.573828392410284],[-122.34558254495754,47.573692799404256],[-122.34540527990504,47.573591956418404]]]},"properties":{"OBJECTID":48,"STATEFP20":"53","PLACEFP20":"63000","PLACENS20":"02411856","GEOID20":"5363000","NAME20":"Seattle","NAMELSAD20":"Seattle city","LSAD20":"25","CLASSFP20":"C1","PCICBSA20":"Y","PCINECTA20":"N","MTFCC20":"G4110","FUNCSTAT20":"A","ALAND20":217119656,"AWATER20":150846139,"INTPTLAT20":"+47.6193387","INTPTLON20":"-122.3515649"}},{"type":"Feature","id":49,"geometry":{"type":"Polygon","coordinates":[[[-122.32774451573891,47.634761245566608],[-122.3280177638499,47.635040546551245],[-122.3280048497882,47.634792484539688],[-122.32774451573891,47.634761245566608]]]},"properties":{"OBJECTID":49,"STATEFP20":"53","PLACEFP20":"63000","PLACENS20":"02411856","GEOID20":"5363000","NAME20":"Seattle","NAMELSAD20":"Seattle city","LSAD20":"25","CLASSFP20":"C1","PCICBSA20":"Y","PCINECTA20":"N","MTFCC20":"G4110","FUNCSTAT20":"A","ALAND20":217119656,"AWATER20":150846139,"INTPTLAT20":"+47.6193387","INTPTLON20":"-122.3515649"}},{"type":"Feature","id":50,"geometry":{"type":"Polygon","coordinates":[[[-122.24717359247929,47.67919813174715],[-122.24666559352414,47.679723647830627],[-122.24660397154473,47.679850239844015],[-122.24680283253667,47.679683796813457],[-122.24717359247929,47.67919813174715]]]},"properties":{"OBJECTID":50,"STATEFP20":"53","PLACEFP20":"63000","PLACENS20":"02411856","GEOID20":"5363000","NAME20":"Seattle","NAMELSAD20":"Seattle city","LSAD20":"25","CLASSFP20":"C1","PCICBSA20":"Y","PCINECTA20":"N","MTFCC20":"G4110","FUNCSTAT20":"A","ALAND20":217119656,"AWATER20":150846139,"INTPTLAT20":"+47.6193387","INTPTLON20":"-122.3515649"}},{"type":"Feature","id":51,"geometry":{"type":"Polygon","coordinates":[[[-122.33972084450203,47.634102580217451],[-122.3395382165903,47.634591951263161],[-122.33961153264649,47.63477680226476],[-122.33972084450203,47.634102580217451]]]},"properties":{"OBJECTID":51,"STATEFP20":"53","PLACEFP20":"63000","PLACENS20":"02411856","GEOID20":"5363000","NAME20":"Seattle","NAMELSAD20":"Seattle city","LSAD20":"25","CLASSFP20":"C1","PCICBSA20":"Y","PCINECTA20":"N","MTFCC20":"G4110","FUNCSTAT20":"A","ALAND20":217119656,"AWATER20":150846139,"INTPTLAT20":"+47.6193387","INTPTLON20":"-122.3515649"}},{"type":"Feature","id":52,"geometry":{"type":"Polygon","coordinates":[[[-122.34268269360851,47.574176580747441],[-122.34258233161206,47.574258695762758],[-122.3426927407782,47.574878930783242],[-122.34268269360851,47.574176580747441]]]},"properties":{"OBJECTID":52,"STATEFP20":"53","PLACEFP20":"63000","PLACENS20":"02411856","GEOID20":"5363000","NAME20":"Seattle","NAMELSAD20":"Seattle city","LSAD20":"25","CLASSFP20":"C1","PCICBSA20":"Y","PCINECTA20":"N","MTFCC20":"G4110","FUNCSTAT20":"A","ALAND20":217119656,"AWATER20":150846139,"INTPTLAT20":"+47.6193387","INTPTLON20":"-122.3515649"}},{"type":"Feature","id":53,"geometry":{"type":"Polygon","coordinates":[[[-122.40724131320242,47.666859292510964],[-122.40776680935531,47.667144750467997],[-122.40758480526968,47.666910060475828],[-122.40724131320242,47.666859292510964]]]},"properties":{"OBJECTID":53,"STATEFP20":"53","PLACEFP20":"63000","PLACENS20":"02411856","GEOID20":"5363000","NAME20":"Seattle","NAMELSAD20":"Seattle city","LSAD20":"25","CLASSFP20":"C1","PCICBSA20":"Y","PCINECTA20":"N","MTFCC20":"G4110","FUNCSTAT20":"A","ALAND20":217119656,"AWATER20":150846139,"INTPTLAT20":"+47.6193387","INTPTLON20":"-122.3515649"}},{"type":"Feature","id":54,"geometry":{"type":"Polygon","coordinates":[[[-122.28346841407235,47.603265591768086],[-122.28332492708552,47.6034168617918],[-122.28316967418857,47.603950857836963],[-122.28323326917898,47.603868383825635],[-122.28346841407235,47.603265591768086]]]},"properties":{"OBJECTID":54,"STATEFP20":"53","PLACEFP20":"63000","PLACENS20":"02411856","GEOID20":"5363000","NAME20":"Seattle","NAMELSAD20":"Seattle city","LSAD20":"25","CLASSFP20":"C1","PCICBSA20":"Y","PCINECTA20":"N","MTFCC20":"G4110","FUNCSTAT20":"A","ALAND20":217119656,"AWATER20":150846139,"INTPTLAT20":"+47.6193387","INTPTLON20":"-122.3515649"}},{"type":"Feature","id":55,"geometry":{"type":"Polygon","coordinates":[[[-122.27058560475646,47.656390295977047],[-122.26949313270407,47.656902759123895],[-122.26934940871273,47.657034798146654],[-122.27057611375648,47.656396769978421],[-122.27058560475646,47.656390295977047]]]},"properties":{"OBJECTID":55,"STATEFP20":"53","PLACEFP20":"63000","PLACENS20":"02411856","GEOID20":"5363000","NAME20":"Seattle","NAMELSAD20":"Seattle city","LSAD20":"25","CLASSFP20":"C1","PCICBSA20":"Y","PCINECTA20":"N","MTFCC20":"G4110","FUNCSTAT20":"A","ALAND20":217119656,"AWATER20":150846139,"INTPTLAT20":"+47.6193387","INTPTLON20":"-122.3515649"}},{"type":"Feature","id":56,"geometry":{"type":"Polygon","coordinates":[[[-122.36428465397294,47.65295203750631],[-122.36481138208028,47.653047232453382],[-122.36447871597926,47.652849090479592],[-122.36428465397294,47.65295203750631]]]},"properties":{"OBJECTID":56,"STATEFP20":"53","PLACEFP20":"63000","PLACENS20":"02411856","GEOID20":"5363000","NAME20":"Seattle","NAMELSAD20":"Seattle city","LSAD20":"25","CLASSFP20":"C1","PCICBSA20":"Y","PCINECTA20":"N","MTFCC20":"G4110","FUNCSTAT20":"A","ALAND20":217119656,"AWATER20":150846139,"INTPTLAT20":"+47.6193387","INTPTLON20":"-122.3515649"}},{"type":"Feature","id":57,"geometry":{"type":"Polygon","coordinates":[[[-122.26421990886415,47.56099321464535],[-122.26444205708806,47.561780829662659],[-122.26461360911365,47.561772541643435],[-122.26434179998313,47.561409268654032],[-122.2642427268752,47.561024176644459],[-122.26421990886415,47.56099321464535]]]},"properties":{"OBJECTID":57,"STATEFP20":"53","PLACEFP20":"63000","PLACENS20":"02411856","GEOID20":"5363000","NAME20":"Seattle","NAMELSAD20":"Seattle city","LSAD20":"25","CLASSFP20":"C1","PCICBSA20":"Y","PCINECTA20":"N","MTFCC20":"G4110","FUNCSTAT20":"A","ALAND20":217119656,"AWATER20":150846139,"INTPTLAT20":"+47.6193387","INTPTLON20":"-122.3515649"}},{"type":"Feature","id":58,"geometry":{"type":"Polygon","coordinates":[[[-122.34255946464906,47.553516765674104],[-122.34263712174611,47.553870766684227],[-122.34267568676182,47.553910689682162],[-122.34281120874992,47.553769955659881],[-122.34255946464906,47.553516765674104]]]},"properties":{"OBJECTID":58,"STATEFP20":"53","PLACEFP20":"63000","PLACENS20":"02411856","GEOID20":"5363000","NAME20":"Seattle","NAMELSAD20":"Seattle city","LSAD20":"25","CLASSFP20":"C1","PCICBSA20":"Y","PCINECTA20":"N","MTFCC20":"G4110","FUNCSTAT20":"A","ALAND20":217119656,"AWATER20":150846139,"INTPTLAT20":"+47.6193387","INTPTLON20":"-122.3515649"}},{"type":"Feature","id":59,"geometry":{"type":"Polygon","coordinates":[[[-122.33104138176981,47.540815437265948],[-122.33115461486229,47.541126907269941],[-122.33133328491363,47.541221884255407],[-122.33122215282877,47.540941129252765],[-122.33104138176981,47.540815437265948]]]},"properties":{"OBJECTID":59,"STATEFP20":"53","PLACEFP20":"63000","PLACENS20":"02411856","GEOID20":"5363000","NAME20":"Seattle","NAMELSAD20":"Seattle city","LSAD20":"25","CLASSFP20":"C1","PCICBSA20":"Y","PCINECTA20":"N","MTFCC20":"G4110","FUNCSTAT20":"A","ALAND20":217119656,"AWATER20":150846139,"INTPTLAT20":"+47.6193387","INTPTLON20":"-122.3515649"}},{"type":"Feature","id":60,"geometry":{"type":"Polygon","coordinates":[[[-122.31098569187033,47.642340941803845],[-122.31062280883286,47.642427342848194],[-122.31039889783611,47.642590531881311],[-122.31063233686685,47.642562530854228],[-122.31098569187033,47.642340941803845]]]},"properties":{"OBJECTID":60,"STATEFP20":"53","PLACEFP20":"63000","PLACENS20":"02411856","GEOID20":"5363000","NAME20":"Seattle","NAMELSAD20":"Seattle city","LSAD20":"25","CLASSFP20":"C1","PCICBSA20":"Y","PCINECTA20":"N","MTFCC20":"G4110","FUNCSTAT20":"A","ALAND20":217119656,"AWATER20":150846139,"INTPTLAT20":"+47.6193387","INTPTLON20":"-122.3515649"}},{"type":"Feature","id":61,"geometry":{"type":"Polygon","coordinates":[[[-122.29765676907425,47.652093179778973],[-122.29763758009058,47.652173896785314],[-122.29772150311051,47.652200599777501],[-122.29794812415727,47.652243765754839],[-122.29801304013209,47.652095577739964],[-122.29765676907425,47.652093179778973]]]},"properties":{"OBJECTID":61,"STATEFP20":"53","PLACEFP20":"63000","PLACENS20":"02411856","GEOID20":"5363000","NAME20":"Seattle","NAMELSAD20":"Seattle city","LSAD20":"25","CLASSFP20":"C1","PCICBSA20":"Y","PCINECTA20":"N","MTFCC20":"G4110","FUNCSTAT20":"A","ALAND20":217119656,"AWATER20":150846139,"INTPTLAT20":"+47.6193387","INTPTLON20":"-122.3515649"}},{"type":"Feature","id":62,"geometry":{"type":"Polygon","coordinates":[[[-122.32484557875487,47.53653420471818],[-122.32578719705812,47.53717230864882],[-122.32530174088099,47.53675640668002],[-122.32484557875487,47.53653420471818]]]},"properties":{"OBJECTID":62,"STATEFP20":"53","PLACEFP20":"63000","PLACENS20":"02411856","GEOID20":"5363000","NAME20":"Seattle","NAMELSAD20":"Seattle city","LSAD20":"25","CLASSFP20":"C1","PCICBSA20":"Y","PCINECTA20":"N","MTFCC20":"G4110","FUNCSTAT20":"A","ALAND20":217119656,"AWATER20":150846139,"INTPTLAT20":"+47.6193387","INTPTLON20":"-122.3515649"}},{"type":"Feature","id":63,"geometry":{"type":"Polygon","coordinates":[[[-122.276150180036,47.633026646137594],[-122.27597118907214,47.633296835171443],[-122.27600922012407,47.633487774177368],[-122.2760781681463,47.633534001172222],[-122.276150180036,47.633026646137594]]]},"properties":{"OBJECTID":63,"STATEFP20":"53","PLACEFP20":"63000","PLACENS20":"02411856","GEOID20":"5363000","NAME20":"Seattle","NAMELSAD20":"Seattle city","LSAD20":"25","CLASSFP20":"C1","PCICBSA20":"Y","PCINECTA20":"N","MTFCC20":"G4110","FUNCSTAT20":"A","ALAND20":217119656,"AWATER20":150846139,"INTPTLAT20":"+47.6193387","INTPTLON20":"-122.3515649"}},{"type":"Feature","id":64,"geometry":{"type":"Polygon","coordinates":[[[-122.31391309140034,47.650908653931793],[-122.31397473643788,47.651023527931017],[-122.31431771455162,47.651267433906177],[-122.314673994614,47.651289036868185],[-122.31407129746304,47.651063817922534],[-122.31391309140034,47.650908653931793]]]},"properties":{"OBJECTID":64,"STATEFP20":"53","PLACEFP20":"63000","PLACENS20":"02411856","GEOID20":"5363000","NAME20":"Seattle","NAMELSAD20":"Seattle city","LSAD20":"25","CLASSFP20":"C1","PCICBSA20":"Y","PCINECTA20":"N","MTFCC20":"G4110","FUNCSTAT20":"A","ALAND20":217119656,"AWATER20":150846139,"INTPTLAT20":"+47.6193387","INTPTLON20":"-122.3515649"}},{"type":"Feature","id":65,"geometry":{"type":"Polygon","coordinates":[[[-122.32308709688233,47.534058894780024],[-122.32318946691025,47.534107058771347],[-122.32427789817163,47.534471354671503],[-122.32395133707561,47.534288297697564],[-122.32315787990018,47.534086118773736],[-122.32308709688233,47.534058894780024]]]},"properties":{"OBJECTID":65,"STATEFP20":"53","PLACEFP20":"63000","PLACENS20":"02411856","GEOID20":"5363000","NAME20":"Seattle","NAMELSAD20":"Seattle city","LSAD20":"25","CLASSFP20":"C1","PCICBSA20":"Y","PCINECTA20":"N","MTFCC20":"G4110","FUNCSTAT20":"A","ALAND20":217119656,"AWATER20":150846139,"INTPTLAT20":"+47.6193387","INTPTLON20":"-122.3515649"}},{"type":"Feature","id":66,"geometry":{"type":"Polygon","coordinates":[[[-122.40728012363968,47.672797861815766],[-122.40779842981233,47.673169979778159],[-122.40780069281307,47.673171419778001],[-122.40774994275154,47.672949938772021],[-122.40728012363968,47.672797861815766]]]},"properties":{"OBJECTID":66,"STATEFP20":"53","PLACEFP20":"63000","PLACENS20":"02411856","GEOID20":"5363000","NAME20":"Seattle","NAMELSAD20":"Seattle city","LSAD20":"25","CLASSFP20":"C1","PCICBSA20":"Y","PCINECTA20":"N","MTFCC20":"G4110","FUNCSTAT20":"A","ALAND20":217119656,"AWATER20":150846139,"INTPTLAT20":"+47.6193387","INTPTLON20":"-122.3515649"}},{"type":"Feature","id":67,"geometry":{"type":"Polygon","coordinates":[[[-122.33624760225797,47.627079707230607],[-122.33628508636632,47.627505670248823],[-122.33651697437291,47.627378359216671],[-122.33624760225797,47.627079707230607]]]},"properties":{"OBJECTID":67,"STATEFP20":"53","PLACEFP20":"63000","PLACENS20":"02411856","GEOID20":"5363000","NAME20":"Seattle","NAMELSAD20":"Seattle city","LSAD20":"25","CLASSFP20":"C1","PCICBSA20":"Y","PCINECTA20":"N","MTFCC20":"G4110","FUNCSTAT20":"A","ALAND20":217119656,"AWATER20":150846139,"INTPTLAT20":"+47.6193387","INTPTLON20":"-122.3515649"}},{"type":"Feature","id":68,"geometry":{"type":"Polygon","coordinates":[[[-122.32427789817163,47.534471354671503],[-122.32535962748976,47.535077727585126],[-122.32527938545834,47.535000085589786],[-122.3246383672582,47.534592002638384],[-122.32427789817163,47.534471354671503]]]},"properties":{"OBJECTID":68,"STATEFP20":"53","PLACEFP20":"63000","PLACENS20":"02411856","GEOID20":"5363000","NAME20":"Seattle","NAMELSAD20":"Seattle city","LSAD20":"25","CLASSFP20":"C1","PCICBSA20":"Y","PCINECTA20":"N","MTFCC20":"G4110","FUNCSTAT20":"A","ALAND20":217119656,"AWATER20":150846139,"INTPTLAT20":"+47.6193387","INTPTLON20":"-122.3515649"}},{"type":"Feature","id":69,"geometry":{"type":"Polygon","coordinates":[[[-122.26120624313177,47.555768197698832],[-122.2612911152321,47.55613126270876],[-122.26144279936416,47.556582100715993],[-122.26144279930546,47.556336386703002],[-122.26134355219652,47.555947256693294],[-122.26120624313177,47.555768197698832]]]},"properties":{"OBJECTID":69,"STATEFP20":"53","PLACEFP20":"63000","PLACENS20":"02411856","GEOID20":"5363000","NAME20":"Seattle","NAMELSAD20":"Seattle city","LSAD20":"25","CLASSFP20":"C1","PCICBSA20":"Y","PCINECTA20":"N","MTFCC20":"G4110","FUNCSTAT20":"A","ALAND20":217119656,"AWATER20":150846139,"INTPTLAT20":"+47.6193387","INTPTLON20":"-122.3515649"}},{"type":"Feature","id":70,"geometry":{"type":"Polygon","coordinates":[[[-122.4065799222749,47.671749282838206],[-122.40663699742083,47.672316946861507],[-122.40684677748338,47.672437175844678],[-122.4065799222749,47.671749282838206]]]},"properties":{"OBJECTID":70,"STATEFP20":"53","PLACEFP20":"63000","PLACENS20":"02411856","GEOID20":"5363000","NAME20":"Seattle","NAMELSAD20":"Seattle city","LSAD20":"25","CLASSFP20":"C1","PCICBSA20":"Y","PCINECTA20":"N","MTFCC20":"G4110","FUNCSTAT20":"A","ALAND20":217119656,"AWATER20":150846139,"INTPTLAT20":"+47.6193387","INTPTLON20":"-122.3515649"}},{"type":"Feature","id":71,"geometry":{"type":"Polygon","coordinates":[[[-122.26059212483347,47.554932370721829],[-122.26060362884724,47.554982356723166],[-122.26120624313177,47.555768197698832],[-122.26115378606974,47.555543798692703],[-122.26059212483347,47.554932370721829]]]},"properties":{"OBJECTID":71,"STATEFP20":"53","PLACEFP20":"63000","PLACENS20":"02411856","GEOID20":"5363000","NAME20":"Seattle","NAMELSAD20":"Seattle city","LSAD20":"25","CLASSFP20":"C1","PCICBSA20":"Y","PCINECTA20":"N","MTFCC20":"G4110","FUNCSTAT20":"A","ALAND20":217119656,"AWATER20":150846139,"INTPTLAT20":"+47.6193387","INTPTLON20":"-122.3515649"}},{"type":"Feature","id":72,"geometry":{"type":"Polygon","coordinates":[[[-122.37603662407561,47.658018088479672],[-122.3762813921543,47.658182036461341],[-122.37678426516557,47.657894207391074],[-122.37633190312317,47.65801909244729],[-122.37603662407561,47.658018088479672]]]},"properties":{"OBJECTID":72,"STATEFP20":"53","PLACEFP20":"63000","PLACENS20":"02411856","GEOID20":"5363000","NAME20":"Seattle","NAMELSAD20":"Seattle city","LSAD20":"25","CLASSFP20":"C1","PCICBSA20":"Y","PCINECTA20":"N","MTFCC20":"G4110","FUNCSTAT20":"A","ALAND20":217119656,"AWATER20":150846139,"INTPTLAT20":"+47.6193387","INTPTLON20":"-122.3515649"}},{"type":"Feature","id":73,"geometry":{"type":"Polygon","coordinates":[[[-122.27377713075988,47.704081042129161],[-122.2738198827946,47.704196316130499],[-122.2744435191529,47.705265332117946],[-122.27443660011441,47.705110456110596],[-122.27377713075988,47.704081042129161]]]},"properties":{"OBJECTID":73,"STATEFP20":"53","PLACEFP20":"63000","PLACENS20":"02411856","GEOID20":"5363000","NAME20":"Seattle","NAMELSAD20":"Seattle city","LSAD20":"25","CLASSFP20":"C1","PCICBSA20":"Y","PCINECTA20":"N","MTFCC20":"G4110","FUNCSTAT20":"A","ALAND20":217119656,"AWATER20":150846139,"INTPTLAT20":"+47.6193387","INTPTLON20":"-122.3515649"}},{"type":"Feature","id":74,"geometry":{"type":"Polygon","coordinates":[[[-122.33864183824619,47.546085509711688],[-122.33877525635452,47.546449551716265],[-122.33908562454037,47.547019555712367],[-122.33888307235945,47.54639792370174],[-122.33864183824619,47.546085509711688]]]},"properties":{"OBJECTID":74,"STATEFP20":"53","PLACEFP20":"63000","PLACENS20":"02411856","GEOID20":"5363000","NAME20":"Seattle","NAMELSAD20":"Seattle city","LSAD20":"25","CLASSFP20":"C1","PCICBSA20":"Y","PCINECTA20":"N","MTFCC20":"G4110","FUNCSTAT20":"A","ALAND20":217119656,"AWATER20":150846139,"INTPTLAT20":"+47.6193387","INTPTLON20":"-122.3515649"}},{"type":"Feature","id":75,"geometry":{"type":"Polygon","coordinates":[[[-122.34287721785736,47.55417552567399],[-122.34314122805127,47.554809867678507],[-122.3436385712164,47.555167442642798],[-122.34343681912634,47.554925809652197],[-122.34320793707235,47.554853329673428],[-122.34300194389988,47.554269681665289],[-122.34287721785736,47.55417552567399]]]},"properties":{"OBJECTID":75,"STATEFP20":"53","PLACEFP20":"63000","PLACENS20":"02411856","GEOID20":"5363000","NAME20":"Seattle","NAMELSAD20":"Seattle city","LSAD20":"25","CLASSFP20":"C1","PCICBSA20":"Y","PCINECTA20":"N","MTFCC20":"G4110","FUNCSTAT20":"A","ALAND20":217119656,"AWATER20":150846139,"INTPTLAT20":"+47.6193387","INTPTLON20":"-122.3515649"}},{"type":"Feature","id":76,"geometry":{"type":"Polygon","coordinates":[[[-122.34228269647083,47.552956379674868],[-122.34214745048401,47.553102383697414],[-122.34255946464906,47.553516765674104],[-122.34253841562276,47.553420811671337],[-122.34228269647083,47.552956379674868]]]},"properties":{"OBJECTID":76,"STATEFP20":"53","PLACEFP20":"63000","PLACENS20":"02411856","GEOID20":"5363000","NAME20":"Seattle","NAMELSAD20":"Seattle city","LSAD20":"25","CLASSFP20":"C1","PCICBSA20":"Y","PCINECTA20":"N","MTFCC20":"G4110","FUNCSTAT20":"A","ALAND20":217119656,"AWATER20":150846139,"INTPTLAT20":"+47.6193387","INTPTLON20":"-122.3515649"}},{"type":"Feature","id":77,"geometry":{"type":"Polygon","coordinates":[[[-122.27978142534357,47.619378422020965],[-122.27961693944546,47.619913002067129],[-122.27970104251649,47.62015269707053],[-122.27983105237684,47.619483796021079],[-122.27978142534357,47.619378422020965]]]},"properties":{"OBJECTID":77,"STATEFP20":"53","PLACEFP20":"63000","PLACENS20":"02411856","GEOID20":"5363000","NAME20":"Seattle","NAMELSAD20":"Seattle city","LSAD20":"25","CLASSFP20":"C1","PCICBSA20":"Y","PCINECTA20":"N","MTFCC20":"G4110","FUNCSTAT20":"A","ALAND20":217119656,"AWATER20":150846139,"INTPTLAT20":"+47.6193387","INTPTLON20":"-122.3515649"}},{"type":"Feature","id":78,"geometry":{"type":"Polygon","coordinates":[[[-122.32355792703639,47.65127330489176],[-122.32347834304574,47.651365177905326],[-122.32310679713804,47.651996805979159],[-122.32334284912818,47.651798357942859],[-122.32351082209912,47.6515653489122],[-122.32355792703639,47.65127330489176]]]},"properties":{"OBJECTID":78,"STATEFP20":"53","PLACEFP20":"63000","PLACENS20":"02411856","GEOID20":"5363000","NAME20":"Seattle","NAMELSAD20":"Seattle city","LSAD20":"25","CLASSFP20":"C1","PCICBSA20":"Y","PCINECTA20":"N","MTFCC20":"G4110","FUNCSTAT20":"A","ALAND20":217119656,"AWATER20":150846139,"INTPTLAT20":"+47.6193387","INTPTLON20":"-122.3515649"}},{"type":"Feature","id":79,"geometry":{"type":"Polygon","coordinates":[[[-122.28470165275048,47.601095903518562],[-122.28427111575203,47.601390938581318],[-122.28419975776521,47.60149382759456],[-122.28472862980585,47.601308722526831],[-122.28470165275048,47.601095903518562]]]},"properties":{"OBJECTID":79,"STATEFP20":"53","PLACEFP20":"63000","PLACENS20":"02411856","GEOID20":"5363000","NAME20":"Seattle","NAMELSAD20":"Seattle city","LSAD20":"25","CLASSFP20":"C1","PCICBSA20":"Y","PCINECTA20":"N","MTFCC20":"G4110","FUNCSTAT20":"A","ALAND20":217119656,"AWATER20":150846139,"INTPTLAT20":"+47.6193387","INTPTLON20":"-122.3515649"}},{"type":"Feature","id":80,"geometry":{"type":"Polygon","coordinates":[[[-122.2653723192268,47.561735888558445],[-122.26623374439563,47.561863217470894],[-122.26693014057906,47.562162540410526],[-122.2660213423236,47.561704535485745],[-122.2653723192268,47.561735888558445]]]},"properties":{"OBJECTID":80,"STATEFP20":"53","PLACEFP20":"63000","PLACENS20":"02411856","GEOID20":"5363000","NAME20":"Seattle","NAMELSAD20":"Seattle city","LSAD20":"25","CLASSFP20":"C1","PCICBSA20":"Y","PCINECTA20":"N","MTFCC20":"G4110","FUNCSTAT20":"A","ALAND20":217119656,"AWATER20":150846139,"INTPTLAT20":"+47.6193387","INTPTLON20":"-122.3515649"}},{"type":"Feature","id":81,"geometry":{"type":"Polygon","coordinates":[[[-122.33968429606203,47.63645760834487],[-122.33959162314797,47.636876955376984],[-122.33984869933269,47.637473996380038],[-122.33968429606203,47.63645760834487]]]},"properties":{"OBJECTID":81,"STATEFP20":"53","PLACEFP20":"63000","PLACENS20":"02411856","GEOID20":"5363000","NAME20":"Seattle","NAMELSAD20":"Seattle city","LSAD20":"25","CLASSFP20":"C1","PCICBSA20":"Y","PCINECTA20":"N","MTFCC20":"G4110","FUNCSTAT20":"A","ALAND20":217119656,"AWATER20":150846139,"INTPTLAT20":"+47.6193387","INTPTLON20":"-122.3515649"}},{"type":"Feature","id":82,"geometry":{"type":"Polygon","coordinates":[[[-122.28682210401332,47.592422528829125],[-122.28694896011235,47.592750854832531],[-122.28701230623832,47.59323448885106],[-122.28713188723074,47.593122380832035],[-122.28709374013781,47.592759984817107],[-122.28682210401332,47.592422528829125]]]},"properties":{"OBJECTID":82,"STATEFP20":"53","PLACEFP20":"63000","PLACENS20":"02411856","GEOID20":"5363000","NAME20":"Seattle","NAMELSAD20":"Seattle city","LSAD20":"25","CLASSFP20":"C1","PCICBSA20":"Y","PCINECTA20":"N","MTFCC20":"G4110","FUNCSTAT20":"A","ALAND20":217119656,"AWATER20":150846139,"INTPTLAT20":"+47.6193387","INTPTLON20":"-122.3515649"}},{"type":"Feature","id":83,"geometry":{"type":"Polygon","coordinates":[[[-122.30741421455441,47.647572304470366],[-122.3087431088201,47.647789526335849],[-122.30837213871129,47.647584814365871],[-122.30741421455441,47.647572304470366]]]},"properties":{"OBJECTID":83,"STATEFP20":"53","PLACEFP20":"63000","PLACENS20":"02411856","GEOID20":"5363000","NAME20":"Seattle","NAMELSAD20":"Seattle city","LSAD20":"25","CLASSFP20":"C1","PCICBSA20":"Y","PCINECTA20":"N","MTFCC20":"G4110","FUNCSTAT20":"A","ALAND20":217119656,"AWATER20":150846139,"INTPTLAT20":"+47.6193387","INTPTLON20":"-122.3515649"}},{"type":"Feature","id":84,"geometry":{"type":"Polygon","coordinates":[[[-122.35002359813161,47.567264974579849],[-122.34996962527519,47.567901700619217],[-122.34999048028924,47.567946350619287],[-122.35002862027412,47.567857632610412],[-122.35026513126004,47.567640195573084],[-122.35015832019,47.567418942573177],[-122.35002359813161,47.567264974579849]]]},"properties":{"OBJECTID":84,"STATEFP20":"53","PLACEFP20":"63000","PLACENS20":"02411856","GEOID20":"5363000","NAME20":"Seattle","NAMELSAD20":"Seattle city","LSAD20":"25","CLASSFP20":"C1","PCICBSA20":"Y","PCINECTA20":"N","MTFCC20":"G4110","FUNCSTAT20":"A","ALAND20":217119656,"AWATER20":150846139,"INTPTLAT20":"+47.6193387","INTPTLON20":"-122.3515649"}},{"type":"Feature","id":85,"geometry":{"type":"Polygon","coordinates":[[[-122.27993650663537,47.616322126843031],[-122.27977715565576,47.616514106870625],[-122.27968560279936,47.617174049915427],[-122.27968920680856,47.617209877916892],[-122.27986890977462,47.616947918883398],[-122.27993650663537,47.616322126843031]]]},"properties":{"OBJECTID":85,"STATEFP20":"53","PLACEFP20":"63000","PLACENS20":"02411856","GEOID20":"5363000","NAME20":"Seattle","NAMELSAD20":"Seattle city","LSAD20":"25","CLASSFP20":"C1","PCICBSA20":"Y","PCINECTA20":"N","MTFCC20":"G4110","FUNCSTAT20":"A","ALAND20":217119656,"AWATER20":150846139,"INTPTLAT20":"+47.6193387","INTPTLON20":"-122.3515649"}},{"type":"Feature","id":86,"geometry":{"type":"Polygon","coordinates":[[[-122.27524539169605,47.653023702288486],[-122.27349114365595,47.654029807533952],[-122.27333374667018,47.654194269559881],[-122.27420770567991,47.653650187435346],[-122.27513849171395,47.653169535307875],[-122.27524539169605,47.653023702288486]]]},"properties":{"OBJECTID":86,"STATEFP20":"53","PLACEFP20":"63000","PLACENS20":"02411856","GEOID20":"5363000","NAME20":"Seattle","NAMELSAD20":"Seattle city","LSAD20":"25","CLASSFP20":"C1","PCICBSA20":"Y","PCINECTA20":"N","MTFCC20":"G4110","FUNCSTAT20":"A","ALAND20":217119656,"AWATER20":150846139,"INTPTLAT20":"+47.6193387","INTPTLON20":"-122.3515649"}},{"type":"Feature","id":87,"geometry":{"type":"Polygon","coordinates":[[[-122.29836099165733,47.649888944585932],[-122.29803462477527,47.650597533658967],[-122.29811198278485,47.650585686649855],[-122.29838706076842,47.650333531606414],[-122.29841706066767,47.649894648580073],[-122.29836099165733,47.649888944585932]]]},"properties":{"OBJECTID":87,"STATEFP20":"53","PLACEFP20":"63000","PLACENS20":"02411856","GEOID20":"5363000","NAME20":"Seattle","NAMELSAD20":"Seattle city","LSAD20":"25","CLASSFP20":"C1","PCICBSA20":"Y","PCINECTA20":"N","MTFCC20":"G4110","FUNCSTAT20":"A","ALAND20":217119656,"AWATER20":150846139,"INTPTLAT20":"+47.6193387","INTPTLON20":"-122.3515649"}},{"type":"Feature","id":88,"geometry":{"type":"Polygon","coordinates":[[[-122.31906055562055,47.535667604305488],[-122.31890127062591,47.53579700032973],[-122.31863439065421,47.536095083374683],[-122.3186343907952,47.536686003405855],[-122.31868137280709,47.536704263401717],[-122.31867179579433,47.53665722540029],[-122.31887778964897,47.535909545338278],[-122.31906055562055,47.535667604305488]]]},"properties":{"OBJECTID":88,"STATEFP20":"53","PLACEFP20":"63000","PLACENS20":"02411856","GEOID20":"5363000","NAME20":"Seattle","NAMELSAD20":"Seattle city","LSAD20":"25","CLASSFP20":"C1","PCICBSA20":"Y","PCINECTA20":"N","MTFCC20":"G4110","FUNCSTAT20":"A","ALAND20":217119656,"AWATER20":150846139,"INTPTLAT20":"+47.6193387","INTPTLON20":"-122.3515649"}},{"type":"Feature","id":89,"geometry":{"type":"Polygon","coordinates":[[[-122.28813404743194,47.643307441363028],[-122.28776651038088,47.643340703405094],[-122.28759853730821,47.64315076241359],[-122.28733149029271,47.643264727448866],[-122.28732273533238,47.643435658458799],[-122.28758203436827,47.643411537429067],[-122.28803216843328,47.643381020378094],[-122.28813404743194,47.643307441363028]]]},"properties":{"OBJECTID":89,"STATEFP20":"53","PLACEFP20":"63000","PLACENS20":"02411856","GEOID20":"5363000","NAME20":"Seattle","NAMELSAD20":"Seattle city","LSAD20":"25","CLASSFP20":"C1","PCICBSA20":"Y","PCINECTA20":"N","MTFCC20":"G4110","FUNCSTAT20":"A","ALAND20":217119656,"AWATER20":150846139,"INTPTLAT20":"+47.6193387","INTPTLON20":"-122.3515649"}},{"type":"Feature","id":90,"geometry":{"type":"Polygon","coordinates":[[[-122.32368233440049,47.535830569808368],[-122.32382163847171,47.536035429803931],[-122.32484557875487,47.53653420471818],[-122.32396727847203,47.5359390077829],[-122.32368233440049,47.535830569808368]]]},"properties":{"OBJECTID":90,"STATEFP20":"53","PLACEFP20":"63000","PLACENS20":"02411856","GEOID20":"5363000","NAME20":"Seattle","NAMELSAD20":"Seattle city","LSAD20":"25","CLASSFP20":"C1","PCICBSA20":"Y","PCINECTA20":"N","MTFCC20":"G4110","FUNCSTAT20":"A","ALAND20":217119656,"AWATER20":150846139,"INTPTLAT20":"+47.6193387","INTPTLON20":"-122.3515649"}},{"type":"Feature","id":91,"geometry":{"type":"Polygon","coordinates":[[[-122.28132065930245,47.730281761670817],[-122.28121150931213,47.730394269688674],[-122.28113521543078,47.730935956725411],[-122.28127254456822,47.731412794735228],[-122.28134114859112,47.731461995730278],[-122.28125159541479,47.730792281705092],[-122.28132065930245,47.730281761670817]]]},"properties":{"OBJECTID":91,"STATEFP20":"53","PLACEFP20":"63000","PLACENS20":"02411856","GEOID20":"5363000","NAME20":"Seattle","NAMELSAD20":"Seattle city","LSAD20":"25","CLASSFP20":"C1","PCICBSA20":"Y","PCINECTA20":"N","MTFCC20":"G4110","FUNCSTAT20":"A","ALAND20":217119656,"AWATER20":150846139,"INTPTLAT20":"+47.6193387","INTPTLON20":"-122.3515649"}},{"type":"Feature","id":92,"geometry":{"type":"Polygon","coordinates":[[[-122.36481138208028,47.653047232453382],[-122.3655324032992,47.653476685396654],[-122.36555827023246,47.653182214378404],[-122.36481138208028,47.653047232453382]]]},"properties":{"OBJECTID":92,"STATEFP20":"53","PLACEFP20":"63000","PLACENS20":"02411856","GEOID20":"5363000","NAME20":"Seattle","NAMELSAD20":"Seattle city","LSAD20":"25","CLASSFP20":"C1","PCICBSA20":"Y","PCINECTA20":"N","MTFCC20":"G4110","FUNCSTAT20":"A","ALAND20":217119656,"AWATER20":150846139,"INTPTLAT20":"+47.6193387","INTPTLON20":"-122.3515649"}},{"type":"Feature","id":93,"geometry":{"type":"Polygon","coordinates":[[[-122.34127723586587,47.551098637687211],[-122.34127769886619,47.551099667687232],[-122.34120140488679,47.551236996702798],[-122.34154472801741,47.551553616681865],[-122.34166148404569,47.551593647671204],[-122.34155419492366,47.551154821659864],[-122.34127723586587,47.551098637687211]]]},"properties":{"OBJECTID":93,"STATEFP20":"53","PLACEFP20":"63000","PLACENS20":"02411856","GEOID20":"5363000","NAME20":"Seattle","NAMELSAD20":"Seattle city","LSAD20":"25","CLASSFP20":"C1","PCICBSA20":"Y","PCINECTA20":"N","MTFCC20":"G4110","FUNCSTAT20":"A","ALAND20":217119656,"AWATER20":150846139,"INTPTLAT20":"+47.6193387","INTPTLON20":"-122.3515649"}},{"type":"Feature","id":94,"geometry":{"type":"Polygon","coordinates":[[[-122.28232474305561,47.624809547027837],[-122.28221856409661,47.625051399052197],[-122.28177605918394,47.625711342135482],[-122.28149124419726,47.6259577401797],[-122.28223429618109,47.625392853068455],[-122.28233319506523,47.624843826028744],[-122.28232474305561,47.624809547027837]]]},"properties":{"OBJECTID":94,"STATEFP20":"53","PLACEFP20":"63000","PLACENS20":"02411856","GEOID20":"5363000","NAME20":"Seattle","NAMELSAD20":"Seattle city","LSAD20":"25","CLASSFP20":"C1","PCICBSA20":"Y","PCINECTA20":"N","MTFCC20":"G4110","FUNCSTAT20":"A","ALAND20":217119656,"AWATER20":150846139,"INTPTLAT20":"+47.6193387","INTPTLON20":"-122.3515649"}},{"type":"Feature","id":95,"geometry":{"type":"Polygon","coordinates":[[[-122.28026162137689,47.727158026623975],[-122.28027309338464,47.727182294623972],[-122.2810350828627,47.728652933617028],[-122.28098437475388,47.728236303600866],[-122.28067946962189,47.727893324616439],[-122.28067946958323,47.727733383608076],[-122.28026162137689,47.727158026623975]]]},"properties":{"OBJECTID":95,"STATEFP20":"53","PLACEFP20":"63000","PLACENS20":"02411856","GEOID20":"5363000","NAME20":"Seattle","NAMELSAD20":"Seattle city","LSAD20":"25","CLASSFP20":"C1","PCICBSA20":"Y","PCINECTA20":"N","MTFCC20":"G4110","FUNCSTAT20":"A","ALAND20":217119656,"AWATER20":150846139,"INTPTLAT20":"+47.6193387","INTPTLON20":"-122.3515649"}},{"type":"Feature","id":96,"geometry":{"type":"Polygon","coordinates":[[[-122.27598937990066,47.64089680756927],[-122.27552809384186,47.640960729623252],[-122.2755280938959,47.641185707635081],[-122.27598289196864,47.641183898585048],[-122.27598937990066,47.64089680756927]]]},"properties":{"OBJECTID":96,"STATEFP20":"53","PLACEFP20":"63000","PLACENS20":"02411856","GEOID20":"5363000","NAME20":"Seattle","NAMELSAD20":"Seattle city","LSAD20":"25","CLASSFP20":"C1","PCICBSA20":"Y","PCINECTA20":"N","MTFCC20":"G4110","FUNCSTAT20":"A","ALAND20":217119656,"AWATER20":150846139,"INTPTLAT20":"+47.6193387","INTPTLON20":"-122.3515649"}},{"type":"Feature","id":97,"geometry":{"type":"Polygon","coordinates":[[[-122.27100062261702,47.567953132270915],[-122.27149105270466,47.56799021821918],[-122.27230570493155,47.568391795151193],[-122.27176627872998,47.567911047184815],[-122.27111777962944,47.567926306256666],[-122.27100062261702,47.567953132270915]]]},"properties":{"OBJECTID":97,"STATEFP20":"53","PLACEFP20":"63000","PLACENS20":"02411856","GEOID20":"5363000","NAME20":"Seattle","NAMELSAD20":"Seattle city","LSAD20":"25","CLASSFP20":"C1","PCICBSA20":"Y","PCINECTA20":"N","MTFCC20":"G4110","FUNCSTAT20":"A","ALAND20":217119656,"AWATER20":150846139,"INTPTLAT20":"+47.6193387","INTPTLON20":"-122.3515649"}},{"type":"Feature","id":98,"geometry":{"type":"Polygon","coordinates":[[[-122.28059132546096,47.615156479709839],[-122.27993815663197,47.61630685184204],[-122.27993650663537,47.616322126843031],[-122.280578241553,47.615548987731955],[-122.28059132546096,47.615156479709839]]]},"properties":{"OBJECTID":98,"STATEFP20":"53","PLACEFP20":"63000","PLACENS20":"02411856","GEOID20":"5363000","NAME20":"Seattle","NAMELSAD20":"Seattle city","LSAD20":"25","CLASSFP20":"C1","PCICBSA20":"Y","PCINECTA20":"N","MTFCC20":"G4110","FUNCSTAT20":"A","ALAND20":217119656,"AWATER20":150846139,"INTPTLAT20":"+47.6193387","INTPTLON20":"-122.3515649"}},{"type":"Feature","id":99,"geometry":{"type":"Polygon","coordinates":[[[-122.36901131719695,47.654890319088274],[-122.36946834138489,47.655366791062939],[-122.36942256551529,47.655938995097891],[-122.36942010752554,47.655983491100464],[-122.36968535441083,47.655330177037165],[-122.36901131719695,47.654890319088274]]]},"properties":{"OBJECTID":99,"STATEFP20":"53","PLACEFP20":"63000","PLACENS20":"02411856","GEOID20":"5363000","NAME20":"Seattle","NAMELSAD20":"Seattle city","LSAD20":"25","CLASSFP20":"C1","PCICBSA20":"Y","PCINECTA20":"N","MTFCC20":"G4110","FUNCSTAT20":"A","ALAND20":217119656,"AWATER20":150846139,"INTPTLAT20":"+47.6193387","INTPTLON20":"-122.3515649"}},{"type":"Feature","id":100,"geometry":{"type":"Polygon","coordinates":[[[-122.36257311467617,47.652858840689454],[-122.36258220668853,47.652904270690826],[-122.36322383783381,47.653080671629539],[-122.36305201870741,47.652669800626953],[-122.36257311467617,47.652858840689454]]]},"properties":{"OBJECTID":100,"STATEFP20":"53","PLACEFP20":"63000","PLACENS20":"02411856","GEOID20":"5363000","NAME20":"Seattle","NAMELSAD20":"Seattle city","LSAD20":"25","CLASSFP20":"C1","PCICBSA20":"Y","PCINECTA20":"N","MTFCC20":"G4110","FUNCSTAT20":"A","ALAND20":217119656,"AWATER20":150846139,"INTPTLAT20":"+47.6193387","INTPTLON20":"-122.3515649"}},{"type":"Feature","id":101,"geometry":{"type":"Polygon","coordinates":[[[-122.32753472145974,47.633739373536038],[-122.32753175645934,47.633739537536385],[-122.32736378347725,47.633926483564636],[-122.32746285568561,47.634727448595754],[-122.32774451573891,47.634761245566608],[-122.32756769466715,47.634580508576555],[-122.32752191854433,47.634099856556347],[-122.32752191847192,47.633798495540574],[-122.32753472145974,47.633739373536038]]]},"properties":{"OBJECTID":101,"STATEFP20":"53","PLACEFP20":"63000","PLACENS20":"02411856","GEOID20":"5363000","NAME20":"Seattle","NAMELSAD20":"Seattle city","LSAD20":"25","CLASSFP20":"C1","PCICBSA20":"Y","PCINECTA20":"N","MTFCC20":"G4110","FUNCSTAT20":"A","ALAND20":217119656,"AWATER20":150846139,"INTPTLAT20":"+47.6193387","INTPTLON20":"-122.3515649"}},{"type":"Feature","id":102,"geometry":{"type":"Polygon","coordinates":[[[-122.29878411734784,47.652477572675345],[-122.29914820044799,47.652650733644435],[-122.29914820051312,47.652921577658624],[-122.29906914552005,47.653003210671628],[-122.29929517454175,47.652942649643627],[-122.2993630334702,47.652599669618162],[-122.29915720240223,47.652454663633186],[-122.29885998233883,47.652389627662387],[-122.29878411734784,47.652477572675345]]]},"properties":{"OBJECTID":102,"STATEFP20":"53","PLACEFP20":"63000","PLACENS20":"02411856","GEOID20":"5363000","NAME20":"Seattle","NAMELSAD20":"Seattle city","LSAD20":"25","CLASSFP20":"C1","PCICBSA20":"Y","PCINECTA20":"N","MTFCC20":"G4110","FUNCSTAT20":"A","ALAND20":217119656,"AWATER20":150846139,"INTPTLAT20":"+47.6193387","INTPTLON20":"-122.3515649"}},{"type":"Feature","id":103,"geometry":{"type":"Polygon","coordinates":[[[-122.2744435191529,47.705265332117946],[-122.27453578266623,47.707330610215983],[-122.27462860471816,47.707483691213803],[-122.2744989821848,47.705360405116792],[-122.2744435191529,47.705265332117946]]]},"properties":{"OBJECTID":103,"STATEFP20":"53","PLACEFP20":"63000","PLACENS20":"02411856","GEOID20":"5363000","NAME20":"Seattle","NAMELSAD20":"Seattle city","LSAD20":"25","CLASSFP20":"C1","PCICBSA20":"Y","PCINECTA20":"N","MTFCC20":"G4110","FUNCSTAT20":"A","ALAND20":217119656,"AWATER20":150846139,"INTPTLAT20":"+47.6193387","INTPTLON20":"-122.3515649"}},{"type":"Feature","id":104,"geometry":{"type":"Polygon","coordinates":[[[-122.40780069281307,47.673171419778001],[-122.40791791595517,47.673683002791748],[-122.4081509000285,47.673832693773896],[-122.40821804694386,47.673437007745925],[-122.40780069281307,47.673171419778001]]]},"properties":{"OBJECTID":104,"STATEFP20":"53","PLACEFP20":"63000","PLACENS20":"02411856","GEOID20":"5363000","NAME20":"Seattle","NAMELSAD20":"Seattle city","LSAD20":"25","CLASSFP20":"C1","PCICBSA20":"Y","PCINECTA20":"N","MTFCC20":"G4110","FUNCSTAT20":"A","ALAND20":217119656,"AWATER20":150846139,"INTPTLAT20":"+47.6193387","INTPTLON20":"-122.3515649"}},{"type":"Feature","id":105,"geometry":{"type":"Polygon","coordinates":[[[-122.28476134659321,47.654551224323946],[-122.2851945987091,47.654743595286448],[-122.2856685178117,47.654853566240206],[-122.28576693184637,47.654931790233505],[-122.28568231680991,47.654836557237779],[-122.2852779596797,47.654565713267942],[-122.28488123057375,47.654390237302309],[-122.28476134659321,47.654551224323946]]]},"properties":{"OBJECTID":105,"STATEFP20":"53","PLACEFP20":"63000","PLACENS20":"02411856","GEOID20":"5363000","NAME20":"Seattle","NAMELSAD20":"Seattle city","LSAD20":"25","CLASSFP20":"C1","PCICBSA20":"Y","PCINECTA20":"N","MTFCC20":"G4110","FUNCSTAT20":"A","ALAND20":217119656,"AWATER20":150846139,"INTPTLAT20":"+47.6193387","INTPTLON20":"-122.3515649"}},{"type":"Feature","id":106,"geometry":{"type":"Polygon","coordinates":[[[-122.3634477338796,47.653121646607111],[-122.36385310595884,47.653180969565639],[-122.36428465397294,47.65295203750631],[-122.36376522586714,47.652858163558449],[-122.3634477338796,47.653121646607111]]]},"properties":{"OBJECTID":106,"STATEFP20":"53","PLACEFP20":"63000","PLACENS20":"02411856","GEOID20":"5363000","NAME20":"Seattle","NAMELSAD20":"Seattle city","LSAD20":"25","CLASSFP20":"C1","PCICBSA20":"Y","PCINECTA20":"N","MTFCC20":"G4110","FUNCSTAT20":"A","ALAND20":217119656,"AWATER20":150846139,"INTPTLAT20":"+47.6193387","INTPTLON20":"-122.3515649"}},{"type":"Feature","id":107,"geometry":{"type":"Polygon","coordinates":[[[-122.34243611810587,47.584775052331537],[-122.34213220002628,47.584646117358041],[-122.34215508814869,47.585142028381568],[-122.34242047122866,47.585298281360686],[-122.34243611810587,47.584775052331537]]]},"properties":{"OBJECTID":107,"STATEFP20":"53","PLACEFP20":"63000","PLACENS20":"02411856","GEOID20":"5363000","NAME20":"Seattle","NAMELSAD20":"Seattle city","LSAD20":"25","CLASSFP20":"C1","PCICBSA20":"Y","PCINECTA20":"N","MTFCC20":"G4110","FUNCSTAT20":"A","ALAND20":217119656,"AWATER20":150846139,"INTPTLAT20":"+47.6193387","INTPTLON20":"-122.3515649"}},{"type":"Feature","id":108,"geometry":{"type":"Polygon","coordinates":[[[-122.34010797701112,47.548304575668084],[-122.34027824808734,47.548509488660216],[-122.34194286138002,47.548618050483732],[-122.34195819537263,47.548576713479861],[-122.34094297918699,47.54848086758593],[-122.34010797701112,47.548304575668084]]]},"properties":{"OBJECTID":108,"STATEFP20":"53","PLACEFP20":"63000","PLACENS20":"02411856","GEOID20":"5363000","NAME20":"Seattle","NAMELSAD20":"Seattle city","LSAD20":"25","CLASSFP20":"C1","PCICBSA20":"Y","PCINECTA20":"N","MTFCC20":"G4110","FUNCSTAT20":"A","ALAND20":217119656,"AWATER20":150846139,"INTPTLAT20":"+47.6193387","INTPTLON20":"-122.3515649"}},{"type":"Feature","id":109,"geometry":{"type":"Polygon","coordinates":[[[-122.353166508401,47.570466878403785],[-122.35386004465707,47.571072598359635],[-122.35389672465583,47.571042904354023],[-122.35394250061384,47.570836911338226],[-122.3535686604846,47.570546994363937],[-122.353166508401,47.570466878403785]]]},"properties":{"OBJECTID":109,"STATEFP20":"53","PLACEFP20":"63000","PLACENS20":"02411856","GEOID20":"5363000","NAME20":"Seattle","NAMELSAD20":"Seattle city","LSAD20":"25","CLASSFP20":"C1","PCICBSA20":"Y","PCINECTA20":"N","MTFCC20":"G4110","FUNCSTAT20":"A","ALAND20":217119656,"AWATER20":150846139,"INTPTLAT20":"+47.6193387","INTPTLON20":"-122.3515649"}},{"type":"Feature","id":110,"geometry":{"type":"Polygon","coordinates":[[[-122.35157844722998,47.570815665596115],[-122.35260993154597,47.571445583516237],[-122.35268715557211,47.571503145510782],[-122.35269128056947,47.571489224509591],[-122.35225640437842,47.570981869530549],[-122.35166131123837,47.570794949585959],[-122.35157844722998,47.570815665596115]]]},"properties":{"OBJECTID":110,"STATEFP20":"53","PLACEFP20":"63000","PLACENS20":"02411856","GEOID20":"5363000","NAME20":"Seattle","NAMELSAD20":"Seattle city","LSAD20":"25","CLASSFP20":"C1","PCICBSA20":"Y","PCINECTA20":"N","MTFCC20":"G4110","FUNCSTAT20":"A","ALAND20":217119656,"AWATER20":150846139,"INTPTLAT20":"+47.6193387","INTPTLON20":"-122.3515649"}},{"type":"Feature","id":111,"geometry":{"type":"Polygon","coordinates":[[[-122.32094112626406,47.65396587132021],[-122.32094781134202,47.654285436336195],[-122.32138283040634,47.654262469287211],[-122.32140165532647,47.653917948267122],[-122.32125818929499,47.65388287828106],[-122.32116663629407,47.653940099294076],[-122.32094112626406,47.65396587132021]]]},"properties":{"OBJECTID":111,"STATEFP20":"53","PLACEFP20":"63000","PLACENS20":"02411856","GEOID20":"5363000","NAME20":"Seattle","NAMELSAD20":"Seattle city","LSAD20":"25","CLASSFP20":"C1","PCICBSA20":"Y","PCINECTA20":"N","MTFCC20":"G4110","FUNCSTAT20":"A","ALAND20":217119656,"AWATER20":150846139,"INTPTLAT20":"+47.6193387","INTPTLON20":"-122.3515649"}},{"type":"Feature","id":112,"geometry":{"type":"Polygon","coordinates":[[[-122.38243870326686,47.662858595028744],[-122.38295392348844,47.663435952002231],[-122.38329690259397,47.663646037975468],[-122.38353052461311,47.663570174945832],[-122.38333858455621,47.663461576961268],[-122.38243870326686,47.662858595028744]]]},"properties":{"OBJECTID":112,"STATEFP20":"53","PLACEFP20":"63000","PLACENS20":"02411856","GEOID20":"5363000","NAME20":"Seattle","NAMELSAD20":"Seattle city","LSAD20":"25","CLASSFP20":"C1","PCICBSA20":"Y","PCINECTA20":"N","MTFCC20":"G4110","FUNCSTAT20":"A","ALAND20":217119656,"AWATER20":150846139,"INTPTLAT20":"+47.6193387","INTPTLON20":"-122.3515649"}},{"type":"Feature","id":113,"geometry":{"type":"Polygon","coordinates":[[[-122.34243611810587,47.584775052331537],[-122.34288751022412,47.584966551292112],[-122.34288751013274,47.584585082272064],[-122.34287957513014,47.584579428272633],[-122.34244653602413,47.584426671312045],[-122.34243611810587,47.584775052331537]]]},"properties":{"OBJECTID":113,"STATEFP20":"53","PLACEFP20":"63000","PLACENS20":"02411856","GEOID20":"5363000","NAME20":"Seattle","NAMELSAD20":"Seattle city","LSAD20":"25","CLASSFP20":"C1","PCICBSA20":"Y","PCINECTA20":"N","MTFCC20":"G4110","FUNCSTAT20":"A","ALAND20":217119656,"AWATER20":150846139,"INTPTLAT20":"+47.6193387","INTPTLON20":"-122.3515649"}},{"type":"Feature","id":114,"geometry":{"type":"Polygon","coordinates":[[[-122.25822858663277,47.551494889798555],[-122.25887259573479,47.551488775727726],[-122.2592769538936,47.551881689704317],[-122.25941428296031,47.552068609699155],[-122.2596770661479,47.55267749870265],[-122.25935253487266,47.55174324168869],[-122.25904758776254,47.551487265708488],[-122.25871146768036,47.551369263739069],[-122.25834552163427,47.551422403781899],[-122.25822858663277,47.551494889798555]]]},"properties":{"OBJECTID":114,"STATEFP20":"53","PLACEFP20":"63000","PLACENS20":"02411856","GEOID20":"5363000","NAME20":"Seattle","NAMELSAD20":"Seattle city","LSAD20":"25","CLASSFP20":"C1","PCICBSA20":"Y","PCINECTA20":"N","MTFCC20":"G4110","FUNCSTAT20":"A","ALAND20":217119656,"AWATER20":150846139,"INTPTLAT20":"+47.6193387","INTPTLON20":"-122.3515649"}},{"type":"Feature","id":115,"geometry":{"type":"Polygon","coordinates":[[[-122.33908562454037,47.547019555712367],[-122.33918896263265,47.547336697717732],[-122.33966207487258,47.548023879702093],[-122.3399670119814,47.548274814681932],[-122.34010797701112,47.548304575668084],[-122.3391719845921,47.547178158711247],[-122.33908562454037,47.547019555712367]]]},"properties":{"OBJECTID":115,"STATEFP20":"53","PLACEFP20":"63000","PLACENS20":"02411856","GEOID20":"5363000","NAME20":"Seattle","NAMELSAD20":"Seattle city","LSAD20":"25","CLASSFP20":"C1","PCICBSA20":"Y","PCINECTA20":"N","MTFCC20":"G4110","FUNCSTAT20":"A","ALAND20":217119656,"AWATER20":150846139,"INTPTLAT20":"+47.6193387","INTPTLON20":"-122.3515649"}},{"type":"Feature","id":116,"geometry":{"type":"Polygon","coordinates":[[[-122.29794812415727,47.652243765754839],[-122.29787593518533,47.652408556771448],[-122.29801304024031,47.652545531763572],[-122.29872200935515,47.652549568685913],[-122.29878411734784,47.652477572675345],[-122.2985225892759,47.652353187697528],[-122.29794812415727,47.652243765754839]]]},"properties":{"OBJECTID":116,"STATEFP20":"53","PLACEFP20":"63000","PLACENS20":"02411856","GEOID20":"5363000","NAME20":"Seattle","NAMELSAD20":"Seattle city","LSAD20":"25","CLASSFP20":"C1","PCICBSA20":"Y","PCINECTA20":"N","MTFCC20":"G4110","FUNCSTAT20":"A","ALAND20":217119656,"AWATER20":150846139,"INTPTLAT20":"+47.6193387","INTPTLON20":"-122.3515649"}},{"type":"Feature","id":117,"geometry":{"type":"Polygon","coordinates":[[[-122.33440069985625,47.543111063019232],[-122.33493098603935,47.543521940982878],[-122.33544278118254,47.543777912940321],[-122.33598375342677,47.54443791491591],[-122.33601341445275,47.544526660917313],[-122.33601341439089,47.544267544903647],[-122.33554802122886,47.543901333935331],[-122.33534202710932,47.543538937938756],[-122.33440069985625,47.543111063019232]]]},"properties":{"OBJECTID":117,"STATEFP20":"53","PLACEFP20":"63000","PLACENS20":"02411856","GEOID20":"5363000","NAME20":"Seattle","NAMELSAD20":"Seattle city","LSAD20":"25","CLASSFP20":"C1","PCICBSA20":"Y","PCINECTA20":"N","MTFCC20":"G4110","FUNCSTAT20":"A","ALAND20":217119656,"AWATER20":150846139,"INTPTLAT20":"+47.6193387","INTPTLON20":"-122.3515649"}},{"type":"Feature","id":118,"geometry":{"type":"Polygon","coordinates":[[[-122.38353052461311,47.663570174945832],[-122.38391841872807,47.663789640914679],[-122.38444496975312,47.663543350843959],[-122.38414414866342,47.663370915867993],[-122.38353052461311,47.663570174945832]]]},"properties":{"OBJECTID":118,"STATEFP20":"53","PLACEFP20":"63000","PLACENS20":"02411856","GEOID20":"5363000","NAME20":"Seattle","NAMELSAD20":"Seattle city","LSAD20":"25","CLASSFP20":"C1","PCICBSA20":"Y","PCINECTA20":"N","MTFCC20":"G4110","FUNCSTAT20":"A","ALAND20":217119656,"AWATER20":150846139,"INTPTLAT20":"+47.6193387","INTPTLON20":"-122.3515649"}},{"type":"Feature","id":119,"geometry":{"type":"Polygon","coordinates":[[[-122.31868137280709,47.536704263401717],[-122.31880149596714,47.537294280419694],[-122.31912193094023,47.536966216367347],[-122.31939082084222,47.536374657306659],[-122.31913813887694,47.536689997350983],[-122.31887125985511,47.536778063384837],[-122.31868137280709,47.536704263401717]]]},"properties":{"OBJECTID":119,"STATEFP20":"53","PLACEFP20":"63000","PLACENS20":"02411856","GEOID20":"5363000","NAME20":"Seattle","NAMELSAD20":"Seattle city","LSAD20":"25","CLASSFP20":"C1","PCICBSA20":"Y","PCINECTA20":"N","MTFCC20":"G4110","FUNCSTAT20":"A","ALAND20":217119656,"AWATER20":150846139,"INTPTLAT20":"+47.6193387","INTPTLON20":"-122.3515649"}},{"type":"Feature","id":120,"geometry":{"type":"Polygon","coordinates":[[[-122.28154422124827,47.642788951059096],[-122.28212046137833,47.642944714003995],[-122.28262355645991,47.642947752948977],[-122.28262810446029,47.642946433948367],[-122.28184472823895,47.642549417013541],[-122.28154422124827,47.642788951059096]]]},"properties":{"OBJECTID":120,"STATEFP20":"53","PLACEFP20":"63000","PLACENS20":"02411856","GEOID20":"5363000","NAME20":"Seattle","NAMELSAD20":"Seattle city","LSAD20":"25","CLASSFP20":"C1","PCICBSA20":"Y","PCINECTA20":"N","MTFCC20":"G4110","FUNCSTAT20":"A","ALAND20":217119656,"AWATER20":150846139,"INTPTLAT20":"+47.6193387","INTPTLON20":"-122.3515649"}},{"type":"Feature","id":121,"geometry":{"type":"Polygon","coordinates":[[[-122.27608765165667,47.639815489501629],[-122.27559716658268,47.639835714556476],[-122.27556616868128,47.640266869582547],[-122.27600337075418,47.640277676535149],[-122.27600823970316,47.640062234523292],[-122.27608765165667,47.639815489501629]]]},"properties":{"OBJECTID":121,"STATEFP20":"53","PLACEFP20":"63000","PLACENS20":"02411856","GEOID20":"5363000","NAME20":"Seattle","NAMELSAD20":"Seattle city","LSAD20":"25","CLASSFP20":"C1","PCICBSA20":"Y","PCINECTA20":"N","MTFCC20":"G4110","FUNCSTAT20":"A","ALAND20":217119656,"AWATER20":150846139,"INTPTLAT20":"+47.6193387","INTPTLON20":"-122.3515649"}},{"type":"Feature","id":122,"geometry":{"type":"Polygon","coordinates":[[[-122.34074320059067,47.55449069792428],[-122.34128713589075,47.55538180491159],[-122.34173694106032,47.555789615883803],[-122.34111748271361,47.554754147897135],[-122.34074320059067,47.55449069792428]]]},"properties":{"OBJECTID":122,"STATEFP20":"53","PLACEFP20":"63000","PLACENS20":"02411856","GEOID20":"5363000","NAME20":"Seattle","NAMELSAD20":"Seattle city","LSAD20":"25","CLASSFP20":"C1","PCICBSA20":"Y","PCINECTA20":"N","MTFCC20":"G4110","FUNCSTAT20":"A","ALAND20":217119656,"AWATER20":150846139,"INTPTLAT20":"+47.6193387","INTPTLON20":"-122.3515649"}},{"type":"Feature","id":123,"geometry":{"type":"Polygon","coordinates":[[[-122.27862878815014,47.719030691378421],[-122.27890742929351,47.719438459369115],[-122.28042116484569,47.72071590426939],[-122.2801073026786,47.720233250278667],[-122.27902318432174,47.719478391358464],[-122.27862878815014,47.719030691378421]]]},"properties":{"OBJECTID":123,"STATEFP20":"53","PLACEFP20":"63000","PLACENS20":"02411856","GEOID20":"5363000","NAME20":"Seattle","NAMELSAD20":"Seattle city","LSAD20":"25","CLASSFP20":"C1","PCICBSA20":"Y","PCINECTA20":"N","MTFCC20":"G4110","FUNCSTAT20":"A","ALAND20":217119656,"AWATER20":150846139,"INTPTLAT20":"+47.6193387","INTPTLON20":"-122.3515649"}},{"type":"Feature","id":124,"geometry":{"type":"Polygon","coordinates":[[[-122.36584869939523,47.653665076371738],[-122.36639369456068,47.653989685328781],[-122.36695384558131,47.653702366252254],[-122.36619951143828,47.653610201330288],[-122.36584869939523,47.653665076371738]]]},"properties":{"OBJECTID":124,"STATEFP20":"53","PLACEFP20":"63000","PLACENS20":"02411856","GEOID20":"5363000","NAME20":"Seattle","NAMELSAD20":"Seattle city","LSAD20":"25","CLASSFP20":"C1","PCICBSA20":"Y","PCINECTA20":"N","MTFCC20":"G4110","FUNCSTAT20":"A","ALAND20":217119656,"AWATER20":150846139,"INTPTLAT20":"+47.6193387","INTPTLON20":"-122.3515649"}},{"type":"Feature","id":125,"geometry":{"type":"Polygon","coordinates":[[[-122.29906914552005,47.653003210671628],[-122.29811198342794,47.653259666790184],[-122.29801304047172,47.653507610814074],[-122.29786262645743,47.653548786832708],[-122.2981258614938,47.653524299802562],[-122.29879724854389,47.653283973716199],[-122.29906914552005,47.653003210671628]]]},"properties":{"OBJECTID":125,"STATEFP20":"53","PLACEFP20":"63000","PLACENS20":"02411856","GEOID20":"5363000","NAME20":"Seattle","NAMELSAD20":"Seattle city","LSAD20":"25","CLASSFP20":"C1","PCICBSA20":"Y","PCINECTA20":"N","MTFCC20":"G4110","FUNCSTAT20":"A","ALAND20":217119656,"AWATER20":150846139,"INTPTLAT20":"+47.6193387","INTPTLON20":"-122.3515649"}},{"type":"Feature","id":126,"geometry":{"type":"Polygon","coordinates":[[[-122.32994636901682,47.538396001258192],[-122.33084967733178,47.539108872196927],[-122.33139079846838,47.539317936148727],[-122.33185764355767,47.539378517100857],[-122.33161125250328,47.539316068124535],[-122.32994636901682,47.538396001258192]]]},"properties":{"OBJECTID":126,"STATEFP20":"53","PLACEFP20":"63000","PLACENS20":"02411856","GEOID20":"5363000","NAME20":"Seattle","NAMELSAD20":"Seattle city","LSAD20":"25","CLASSFP20":"C1","PCICBSA20":"Y","PCINECTA20":"N","MTFCC20":"G4110","FUNCSTAT20":"A","ALAND20":217119656,"AWATER20":150846139,"INTPTLAT20":"+47.6193387","INTPTLON20":"-122.3515649"}},{"type":"Feature","id":127,"geometry":{"type":"Polygon","coordinates":[[[-122.34166148404569,47.551593647671204],[-122.34172216111475,47.551841824677638],[-122.34199610426802,47.552299826671707],[-122.3420951663594,47.552615791677532],[-122.34228269647083,47.552956379674868],[-122.34248314445122,47.552739987641566],[-122.34188805118177,47.552011380668411],[-122.34181175708207,47.551645169657441],[-122.34166148404569,47.551593647671204]]]},"properties":{"OBJECTID":127,"STATEFP20":"53","PLACEFP20":"63000","PLACENS20":"02411856","GEOID20":"5363000","NAME20":"Seattle","NAMELSAD20":"Seattle city","LSAD20":"25","CLASSFP20":"C1","PCICBSA20":"Y","PCINECTA20":"N","MTFCC20":"G4110","FUNCSTAT20":"A","ALAND20":217119656,"AWATER20":150846139,"INTPTLAT20":"+47.6193387","INTPTLON20":"-122.3515649"}},{"type":"Feature","id":128,"geometry":{"type":"Polygon","coordinates":[[[-122.33601341445275,47.544526660917313],[-122.33601341446648,47.544584164920366],[-122.3357463855876,47.545270810985741],[-122.33582594670116,47.54569292899928],[-122.3359158636881,47.545577853983389],[-122.33615189757387,47.54494100792396],[-122.33601341445275,47.544526660917313]]]},"properties":{"OBJECTID":128,"STATEFP20":"53","PLACEFP20":"63000","PLACENS20":"02411856","GEOID20":"5363000","NAME20":"Seattle","NAMELSAD20":"Seattle city","LSAD20":"25","CLASSFP20":"C1","PCICBSA20":"Y","PCINECTA20":"N","MTFCC20":"G4110","FUNCSTAT20":"A","ALAND20":217119656,"AWATER20":150846139,"INTPTLAT20":"+47.6193387","INTPTLON20":"-122.3515649"}},{"type":"Feature","id":129,"geometry":{"type":"Polygon","coordinates":[[[-122.31967800301473,47.653772357448815],[-122.32005274511526,47.65394009941641],[-122.32036555018745,47.65403165138688],[-122.32094112626406,47.65396587132021],[-122.3209397352478,47.653899389316869],[-122.32071076418272,47.653781343335865],[-122.32010069507469,47.653739447400653],[-122.31967800301473,47.653772357448815]]]},"properties":{"OBJECTID":129,"STATEFP20":"53","PLACEFP20":"63000","PLACENS20":"02411856","GEOID20":"5363000","NAME20":"Seattle","NAMELSAD20":"Seattle city","LSAD20":"25","CLASSFP20":"C1","PCICBSA20":"Y","PCINECTA20":"N","MTFCC20":"G4110","FUNCSTAT20":"A","ALAND20":217119656,"AWATER20":150846139,"INTPTLAT20":"+47.6193387","INTPTLON20":"-122.3515649"}},{"type":"Feature","id":130,"geometry":{"type":"Polygon","coordinates":[[[-122.28692590641825,47.644058240535095],[-122.28709461745363,47.644092696518371],[-122.28729358946444,47.644004694491905],[-122.28732273533238,47.643435658458799],[-122.28692590627749,47.643472572504336],[-122.28692590640769,47.64401425953281],[-122.28692590641825,47.644058240535095]]]},"properties":{"OBJECTID":130,"STATEFP20":"53","PLACEFP20":"63000","PLACENS20":"02411856","GEOID20":"5363000","NAME20":"Seattle","NAMELSAD20":"Seattle city","LSAD20":"25","CLASSFP20":"C1","PCICBSA20":"Y","PCINECTA20":"N","MTFCC20":"G4110","FUNCSTAT20":"A","ALAND20":217119656,"AWATER20":150846139,"INTPTLAT20":"+47.6193387","INTPTLON20":"-122.3515649"}},{"type":"Feature","id":131,"geometry":{"type":"Polygon","coordinates":[[[-122.27641867136144,47.713097170310903],[-122.27729921315687,47.715804257355806],[-122.27743614521687,47.715961333348965],[-122.27750504434482,47.716445281366724],[-122.27790923865236,47.71744929937482],[-122.27816516786619,47.718163934384073],[-122.2772976260817,47.715494062339737],[-122.27692378578936,47.714532758330549],[-122.27641867136144,47.713097170310903]]]},"properties":{"OBJECTID":131,"STATEFP20":"53","PLACEFP20":"63000","PLACENS20":"02411856","GEOID20":"5363000","NAME20":"Seattle","NAMELSAD20":"Seattle city","LSAD20":"25","CLASSFP20":"C1","PCICBSA20":"Y","PCINECTA20":"N","MTFCC20":"G4110","FUNCSTAT20":"A","ALAND20":217119656,"AWATER20":150846139,"INTPTLAT20":"+47.6193387","INTPTLON20":"-122.3515649"}},{"type":"Feature","id":132,"geometry":{"type":"Polygon","coordinates":[[[-122.24910721920256,47.676756646406432],[-122.24789084340659,47.678416834627285],[-122.24900072331261,47.677284721445865],[-122.24910721920256,47.676756646406432]]]},"properties":{"OBJECTID":132,"STATEFP20":"53","PLACEFP20":"63000","PLACENS20":"02411856","GEOID20":"5363000","NAME20":"Seattle","NAMELSAD20":"Seattle city","LSAD20":"25","CLASSFP20":"C1","PCICBSA20":"Y","PCINECTA20":"N","MTFCC20":"G4110","FUNCSTAT20":"A","ALAND20":217119656,"AWATER20":150846139,"INTPTLAT20":"+47.6193387","INTPTLON20":"-122.3515649"}},{"type":"Feature","id":133,"geometry":{"type":"Polygon","coordinates":[[[-122.2596770661479,47.55267749870265],[-122.25975655621535,47.552906332706044],[-122.25989348831948,47.553250310709259],[-122.26013053442846,47.553547356699042],[-122.26036658156318,47.553952375694621],[-122.26050746273199,47.554564508711607],[-122.26042136356578,47.553926367687289],[-122.26027640539124,47.553293127669619],[-122.25972708818367,47.552793402703294],[-122.2596770661479,47.55267749870265]]]},"properties":{"OBJECTID":133,"STATEFP20":"53","PLACEFP20":"63000","PLACENS20":"02411856","GEOID20":"5363000","NAME20":"Seattle","NAMELSAD20":"Seattle city","LSAD20":"25","CLASSFP20":"C1","PCICBSA20":"Y","PCINECTA20":"N","MTFCC20":"G4110","FUNCSTAT20":"A","ALAND20":217119656,"AWATER20":150846139,"INTPTLAT20":"+47.6193387","INTPTLON20":"-122.3515649"}},{"type":"Feature","id":134,"geometry":{"type":"Polygon","coordinates":[[[-122.33717822122695,47.546987298919426],[-122.33709678915108,47.546724209914501],[-122.33693657205893,47.546445737917374],[-122.33667717197909,47.546285519937321],[-122.33641777296029,47.546380887970756],[-122.3356319449974,47.547063718092765],[-122.33553198903051,47.547269511114507],[-122.33662495000948,47.546447902951634],[-122.33689183005683,47.546467005923411],[-122.33717822122695,47.546987298919426]]]},"properties":{"OBJECTID":134,"STATEFP20":"53","PLACEFP20":"63000","PLACENS20":"02411856","GEOID20":"5363000","NAME20":"Seattle","NAMELSAD20":"Seattle city","LSAD20":"25","CLASSFP20":"C1","PCICBSA20":"Y","PCINECTA20":"N","MTFCC20":"G4110","FUNCSTAT20":"A","ALAND20":217119656,"AWATER20":150846139,"INTPTLAT20":"+47.6193387","INTPTLON20":"-122.3515649"}},{"type":"Feature","id":135,"geometry":{"type":"Polygon","coordinates":[[[-122.27659864273016,47.631452711005558],[-122.27632867276274,47.631769082051875],[-122.276150180036,47.633026646137594],[-122.27637533999059,47.632686765095009],[-122.27659864273016,47.631452711005558]]]},"properties":{"OBJECTID":135,"STATEFP20":"53","PLACEFP20":"63000","PLACENS20":"02411856","GEOID20":"5363000","NAME20":"Seattle","NAMELSAD20":"Seattle city","LSAD20":"25","CLASSFP20":"C1","PCICBSA20":"Y","PCINECTA20":"N","MTFCC20":"G4110","FUNCSTAT20":"A","ALAND20":217119656,"AWATER20":150846139,"INTPTLAT20":"+47.6193387","INTPTLON20":"-122.3515649"}},{"type":"Feature","id":136,"geometry":{"type":"Polygon","coordinates":[[[-122.33724664626762,47.54711160891847],[-122.33733493132006,47.547271996917289],[-122.33736494238508,47.54752397492728],[-122.33790686660116,47.54806494689646],[-122.33811194578772,47.548708710907881],[-122.33817253471619,47.548368344883322],[-122.3376918824323,47.547502408890374],[-122.33730278329432,47.547185788916245],[-122.33724664626762,47.54711160891847]]]},"properties":{"OBJECTID":136,"STATEFP20":"53","PLACEFP20":"63000","PLACENS20":"02411856","GEOID20":"5363000","NAME20":"Seattle","NAMELSAD20":"Seattle city","LSAD20":"25","CLASSFP20":"C1","PCICBSA20":"Y","PCINECTA20":"N","MTFCC20":"G4110","FUNCSTAT20":"A","ALAND20":217119656,"AWATER20":150846139,"INTPTLAT20":"+47.6193387","INTPTLON20":"-122.3515649"}},{"type":"Feature","id":137,"geometry":{"type":"Polygon","coordinates":[[[-122.25833803471613,47.543391481357531],[-122.25784160275232,47.543877336437582],[-122.25710133202473,47.545517340605393],[-122.25710133211305,47.545887324625006],[-122.25714332513408,47.545947386623581],[-122.25712546303534,47.54554547760425],[-122.25763663188712,47.544580359497203],[-122.25833803471613,47.543391481357531]]]},"properties":{"OBJECTID":137,"STATEFP20":"53","PLACEFP20":"63000","PLACENS20":"02411856","GEOID20":"5363000","NAME20":"Seattle","NAMELSAD20":"Seattle city","LSAD20":"25","CLASSFP20":"C1","PCICBSA20":"Y","PCINECTA20":"N","MTFCC20":"G4110","FUNCSTAT20":"A","ALAND20":217119656,"AWATER20":150846139,"INTPTLAT20":"+47.6193387","INTPTLON20":"-122.3515649"}},{"type":"Feature","id":138,"geometry":{"type":"Polygon","coordinates":[[[-122.33961153264649,47.63477680226476],[-122.33960219765885,47.634834381268853],[-122.33964009998931,47.636184374335379],[-122.33968429606203,47.63645760834487],[-122.33989679886506,47.635496034271142],[-122.33961153264649,47.63477680226476]]]},"properties":{"OBJECTID":138,"STATEFP20":"53","PLACEFP20":"63000","PLACENS20":"02411856","GEOID20":"5363000","NAME20":"Seattle","NAMELSAD20":"Seattle city","LSAD20":"25","CLASSFP20":"C1","PCICBSA20":"Y","PCINECTA20":"N","MTFCC20":"G4110","FUNCSTAT20":"A","ALAND20":217119656,"AWATER20":150846139,"INTPTLAT20":"+47.6193387","INTPTLON20":"-122.3515649"}},{"type":"Feature","id":139,"geometry":{"type":"Polygon","coordinates":[[[-122.36179931378231,47.653815347824448],[-122.36576185993545,47.655967646501558],[-122.36237633291975,47.654002151770833],[-122.36179931378231,47.653815347824448]]]},"properties":{"OBJECTID":139,"STATEFP20":"53","PLACEFP20":"63000","PLACENS20":"02411856","GEOID20":"5363000","NAME20":"Seattle","NAMELSAD20":"Seattle city","LSAD20":"25","CLASSFP20":"C1","PCICBSA20":"Y","PCINECTA20":"N","MTFCC20":"G4110","FUNCSTAT20":"A","ALAND20":217119656,"AWATER20":150846139,"INTPTLAT20":"+47.6193387","INTPTLON20":"-122.3515649"}},{"type":"Feature","id":140,"geometry":{"type":"Polygon","coordinates":[[[-122.26288435549813,47.531030004205412],[-122.26288435480366,47.532311333273292],[-122.26364080915486,47.533274539241646],[-122.26363333413528,47.533197301238339],[-122.26329764092397,47.532537358240084],[-122.26293142977414,47.532155889259926],[-122.26300772358357,47.531305211206515],[-122.26288435549813,47.531030004205412]]]},"properties":{"OBJECTID":140,"STATEFP20":"53","PLACEFP20":"63000","PLACENS20":"02411856","GEOID20":"5363000","NAME20":"Seattle","NAMELSAD20":"Seattle city","LSAD20":"25","CLASSFP20":"C1","PCICBSA20":"Y","PCINECTA20":"N","MTFCC20":"G4110","FUNCSTAT20":"A","ALAND20":217119656,"AWATER20":150846139,"INTPTLAT20":"+47.6193387","INTPTLON20":"-122.3515649"}},{"type":"Feature","id":141,"geometry":{"type":"Polygon","coordinates":[[[-122.28959320446508,47.642469671158871],[-122.2894512354504,47.642503639176212],[-122.28878747842353,47.642835518266487],[-122.28813404743194,47.643307441363028],[-122.28830763645607,47.643291731343126],[-122.28881863151703,47.643203729282433],[-122.2891855764659,47.642745743218079],[-122.28959320446508,47.642469671158871]]]},"properties":{"OBJECTID":141,"STATEFP20":"53","PLACEFP20":"63000","PLACENS20":"02411856","GEOID20":"5363000","NAME20":"Seattle","NAMELSAD20":"Seattle city","LSAD20":"25","CLASSFP20":"C1","PCICBSA20":"Y","PCINECTA20":"N","MTFCC20":"G4110","FUNCSTAT20":"A","ALAND20":217119656,"AWATER20":150846139,"INTPTLAT20":"+47.6193387","INTPTLON20":"-122.3515649"}},{"type":"Feature","id":142,"geometry":{"type":"Polygon","coordinates":[[[-122.25617232008558,47.68815330222894],[-122.25630219011349,47.688182522216188],[-122.25711809020726,47.68802661811835],[-122.25837035541507,47.688052623982081],[-122.25859165141155,47.687890227949225],[-122.25621759905997,47.688016798216786],[-122.25617232008558,47.68815330222894]]]},"properties":{"OBJECTID":142,"STATEFP20":"53","PLACEFP20":"63000","PLACENS20":"02411856","GEOID20":"5363000","NAME20":"Seattle","NAMELSAD20":"Seattle city","LSAD20":"25","CLASSFP20":"C1","PCICBSA20":"Y","PCINECTA20":"N","MTFCC20":"G4110","FUNCSTAT20":"A","ALAND20":217119656,"AWATER20":150846139,"INTPTLAT20":"+47.6193387","INTPTLON20":"-122.3515649"}},{"type":"Feature","id":143,"geometry":{"type":"Polygon","coordinates":[[[-122.38444496975312,47.663543350843959],[-122.38461706880443,47.663641999830169],[-122.38461706884779,47.66382204183958],[-122.38370192181321,47.664287061964394],[-122.38383920087176,47.664438927957228],[-122.38420518993144,47.664442964917221],[-122.38422511893216,47.664432996914471],[-122.38413204189278,47.66433132791942],[-122.38488735284656,47.66363705280019],[-122.38462795276182,47.663457761819345],[-122.38444496975312,47.663543350843959]]]},"properties":{"OBJECTID":143,"STATEFP20":"53","PLACEFP20":"63000","PLACENS20":"02411856","GEOID20":"5363000","NAME20":"Seattle","NAMELSAD20":"Seattle city","LSAD20":"25","CLASSFP20":"C1","PCICBSA20":"Y","PCINECTA20":"N","MTFCC20":"G4110","FUNCSTAT20":"A","ALAND20":217119656,"AWATER20":150846139,"INTPTLAT20":"+47.6193387","INTPTLON20":"-122.3515649"}},{"type":"Feature","id":144,"geometry":{"type":"Polygon","coordinates":[[[-122.33582594670116,47.54569292899928],[-122.33530479677688,47.546359897091484],[-122.33517572284843,47.54674595612596],[-122.3351757818935,47.546934697135889],[-122.3352123288937,47.546911131130663],[-122.33588371478363,47.545999418009139],[-122.33582594670116,47.54569292899928]]]},"properties":{"OBJECTID":144,"STATEFP20":"53","PLACEFP20":"63000","PLACENS20":"02411856","GEOID20":"5363000","NAME20":"Seattle","NAMELSAD20":"Seattle city","LSAD20":"25","CLASSFP20":"C1","PCICBSA20":"Y","PCINECTA20":"N","MTFCC20":"G4110","FUNCSTAT20":"A","ALAND20":217119656,"AWATER20":150846139,"INTPTLAT20":"+47.6193387","INTPTLON20":"-122.3515649"}},{"type":"Feature","id":145,"geometry":{"type":"Polygon","coordinates":[[[-122.37523564676101,47.65724423052729],[-122.37543855097928,47.658016052545335],[-122.37603662407561,47.658018088479672],[-122.37587703502429,47.657911193491643],[-122.37556422885118,47.657400023499349],[-122.37523564676101,47.65724423052729]]]},"properties":{"OBJECTID":145,"STATEFP20":"53","PLACEFP20":"63000","PLACENS20":"02411856","GEOID20":"5363000","NAME20":"Seattle","NAMELSAD20":"Seattle city","LSAD20":"25","CLASSFP20":"C1","PCICBSA20":"Y","PCINECTA20":"N","MTFCC20":"G4110","FUNCSTAT20":"A","ALAND20":217119656,"AWATER20":150846139,"INTPTLAT20":"+47.6193387","INTPTLON20":"-122.3515649"}},{"type":"Feature","id":146,"geometry":{"type":"Polygon","coordinates":[[[-122.3280177638499,47.635040546551245],[-122.32804275196928,47.635520556573653],[-122.32824172302976,47.635639556558111],[-122.32908267631119,47.636249180497742],[-122.32877314015658,47.635812655508843],[-122.3280177638499,47.635040546551245]]]},"properties":{"OBJECTID":146,"STATEFP20":"53","PLACEFP20":"63000","PLACENS20":"02411856","GEOID20":"5363000","NAME20":"Seattle","NAMELSAD20":"Seattle city","LSAD20":"25","CLASSFP20":"C1","PCICBSA20":"Y","PCINECTA20":"N","MTFCC20":"G4110","FUNCSTAT20":"A","ALAND20":217119656,"AWATER20":150846139,"INTPTLAT20":"+47.6193387","INTPTLON20":"-122.3515649"}},{"type":"Feature","id":147,"geometry":{"type":"Polygon","coordinates":[[[-122.30722552239793,47.647047577463582],[-122.30753290444717,47.64704694242981],[-122.30934870075623,47.64711942123423],[-122.30940058669941,47.646848547214304],[-122.3093433856989,47.646884549222463],[-122.30832833955797,47.646976589338777],[-122.30722225437675,47.646961522459428],[-122.30722552239793,47.647047577463582]]]},"properties":{"OBJECTID":147,"STATEFP20":"53","PLACEFP20":"63000","PLACENS20":"02411856","GEOID20":"5363000","NAME20":"Seattle","NAMELSAD20":"Seattle city","LSAD20":"25","CLASSFP20":"C1","PCICBSA20":"Y","PCINECTA20":"N","MTFCC20":"G4110","FUNCSTAT20":"A","ALAND20":217119656,"AWATER20":150846139,"INTPTLAT20":"+47.6193387","INTPTLON20":"-122.3515649"}},{"type":"Feature","id":148,"geometry":{"type":"Polygon","coordinates":[[[-122.33624760225797,47.627079707230607],[-122.33622198518395,47.626788606218142],[-122.33558109107588,47.626766464287336],[-122.33544394312064,47.627044581316959],[-122.33466511907251,47.627364464419188],[-122.33457941508412,47.627470091434169],[-122.33460199608128,47.62744320943024],[-122.33527338314502,47.627260103346956],[-122.33558618815125,47.627076998303053],[-122.3361660222232,47.626989260234836],[-122.33624760225797,47.627079707230607]]]},"properties":{"OBJECTID":148,"STATEFP20":"53","PLACEFP20":"63000","PLACENS20":"02411856","GEOID20":"5363000","NAME20":"Seattle","NAMELSAD20":"Seattle city","LSAD20":"25","CLASSFP20":"C1","PCICBSA20":"Y","PCINECTA20":"N","MTFCC20":"G4110","FUNCSTAT20":"A","ALAND20":217119656,"AWATER20":150846139,"INTPTLAT20":"+47.6193387","INTPTLON20":"-122.3515649"}},{"type":"Feature","id":149,"geometry":{"type":"Polygon","coordinates":[[[-122.34863135118705,47.647647138948287],[-122.35272553528263,47.649472370594097],[-122.35075343174175,47.648538483761818],[-122.349242811305,47.647729768885469],[-122.34863135118705,47.647647138948287]]]},"properties":{"OBJECTID":149,"STATEFP20":"53","PLACEFP20":"63000","PLACENS20":"02411856","GEOID20":"5363000","NAME20":"Seattle","NAMELSAD20":"Seattle city","LSAD20":"25","CLASSFP20":"C1","PCICBSA20":"Y","PCINECTA20":"N","MTFCC20":"G4110","FUNCSTAT20":"A","ALAND20":217119656,"AWATER20":150846139,"INTPTLAT20":"+47.6193387","INTPTLON20":"-122.3515649"}},{"type":"Feature","id":150,"geometry":{"type":"Polygon","coordinates":[[[-122.36942010752554,47.655983491100464],[-122.36938044854273,47.656081172109936],[-122.36918247556538,47.656307147143458],[-122.36924330065311,47.656631198153704],[-122.36996047488194,47.657104118099603],[-122.37053260001305,47.657268054045332],[-122.37093744513304,47.657497069012798],[-122.37125870519925,47.657558154980649],[-122.36938441867534,47.656629455138123],[-122.36942010752554,47.655983491100464]]]},"properties":{"OBJECTID":150,"STATEFP20":"53","PLACEFP20":"63000","PLACENS20":"02411856","GEOID20":"5363000","NAME20":"Seattle","NAMELSAD20":"Seattle city","LSAD20":"25","CLASSFP20":"C1","PCICBSA20":"Y","PCINECTA20":"N","MTFCC20":"G4110","FUNCSTAT20":"A","ALAND20":217119656,"AWATER20":150846139,"INTPTLAT20":"+47.6193387","INTPTLON20":"-122.3515649"}},{"type":"Feature","id":151,"geometry":{"type":"Polygon","coordinates":[[[-122.32535962748976,47.535077727585126],[-122.32598933573605,47.535687028548338],[-122.32717311610401,47.536433758458216],[-122.32640800279805,47.535665403501419],[-122.32535962748976,47.535077727585126]]]},"properties":{"OBJECTID":151,"STATEFP20":"53","PLACEFP20":"63000","PLACENS20":"02411856","GEOID20":"5363000","NAME20":"Seattle","NAMELSAD20":"Seattle city","LSAD20":"25","CLASSFP20":"C1","PCICBSA20":"Y","PCINECTA20":"N","MTFCC20":"G4110","FUNCSTAT20":"A","ALAND20":217119656,"AWATER20":150846139,"INTPTLAT20":"+47.6193387","INTPTLON20":"-122.3515649"}},{"type":"Feature","id":152,"geometry":{"type":"Polygon","coordinates":[[[-122.33932471938905,47.646377668903902],[-122.33949244344204,47.646486177891134],[-122.339858654587,47.646844759869673],[-122.33998835468029,47.647146120871234],[-122.34025501772997,47.647174691843418],[-122.34015139970222,47.647128454852393],[-122.34031954563206,47.646724476812771],[-122.33951033240122,47.646304348879667],[-122.33932471938905,47.646377668903902]]]},"properties":{"OBJECTID":152,"STATEFP20":"53","PLACEFP20":"63000","PLACENS20":"02411856","GEOID20":"5363000","NAME20":"Seattle","NAMELSAD20":"Seattle city","LSAD20":"25","CLASSFP20":"C1","PCICBSA20":"Y","PCINECTA20":"N","MTFCC20":"G4110","FUNCSTAT20":"A","ALAND20":217119656,"AWATER20":150846139,"INTPTLAT20":"+47.6193387","INTPTLON20":"-122.3515649"}},{"type":"Feature","id":153,"geometry":{"type":"Polygon","coordinates":[[[-122.28576693184637,47.654931790233505],[-122.28765833166244,47.657060525137567],[-122.2878003796491,47.65691021911411],[-122.28779668264833,47.656909662114479],[-122.28728573150033,47.656635539156184],[-122.28721665739013,47.656223660142132],[-122.28708775833162,47.656066584148057],[-122.28671373722844,47.655887540179741],[-122.28661466314468,47.655605602175797],[-122.28576693184637,47.654931790233505]]]},"properties":{"OBJECTID":153,"STATEFP20":"53","PLACEFP20":"63000","PLACENS20":"02411856","GEOID20":"5363000","NAME20":"Seattle","NAMELSAD20":"Seattle city","LSAD20":"25","CLASSFP20":"C1","PCICBSA20":"Y","PCINECTA20":"N","MTFCC20":"G4110","FUNCSTAT20":"A","ALAND20":217119656,"AWATER20":150846139,"INTPTLAT20":"+47.6193387","INTPTLON20":"-122.3515649"}},{"type":"Feature","id":154,"geometry":{"type":"Polygon","coordinates":[[[-122.29058295456717,47.642232860037758],[-122.29077982156275,47.642082751008253],[-122.29114594159847,47.641986672963021],[-122.2909476215181,47.641784661974171],[-122.29047470146321,47.641872665030725],[-122.28959320446508,47.642469671158871],[-122.29058295456717,47.642232860037758]]]},"properties":{"OBJECTID":154,"STATEFP20":"53","PLACEFP20":"63000","PLACENS20":"02411856","GEOID20":"5363000","NAME20":"Seattle","NAMELSAD20":"Seattle city","LSAD20":"25","CLASSFP20":"C1","PCICBSA20":"Y","PCINECTA20":"N","MTFCC20":"G4110","FUNCSTAT20":"A","ALAND20":217119656,"AWATER20":150846139,"INTPTLAT20":"+47.6193387","INTPTLON20":"-122.3515649"}},{"type":"Feature","id":155,"geometry":{"type":"Polygon","coordinates":[[[-122.26020733840075,47.524034943127425],[-122.26042745041025,47.523926573097647],[-122.26090015447616,47.523884503043718],[-122.26134324757831,47.524014575002155],[-122.26177826765536,47.524044574956164],[-122.26201427167608,47.523972505926551],[-122.26265533967545,47.523537485833394],[-122.26292238557753,47.522946562772866],[-122.26292439157355,47.522928541771726],[-122.26280172759647,47.523107426794603],[-122.26211508262706,47.523698704901008],[-122.26149710159413,47.523977177983312],[-122.26100119049356,47.523889440032903],[-122.26046713338869,47.523809331087037],[-122.26020733840075,47.524034943127425]]]},"properties":{"OBJECTID":155,"STATEFP20":"53","PLACEFP20":"63000","PLACENS20":"02411856","GEOID20":"5363000","NAME20":"Seattle","NAMELSAD20":"Seattle city","LSAD20":"25","CLASSFP20":"C1","PCICBSA20":"Y","PCINECTA20":"N","MTFCC20":"G4110","FUNCSTAT20":"A","ALAND20":217119656,"AWATER20":150846139,"INTPTLAT20":"+47.6193387","INTPTLON20":"-122.3515649"}},{"type":"Feature","id":156,"geometry":{"type":"Polygon","coordinates":[[[-122.27333374667018,47.654194269559881],[-122.27265130966265,47.654619120657117],[-122.27172815275277,47.655610941810608],[-122.27058560475646,47.656390295977047],[-122.27085115776923,47.656265728941364],[-122.27230825576305,47.655265791728802],[-122.27333374667018,47.654194269559881]]]},"properties":{"OBJECTID":156,"STATEFP20":"53","PLACEFP20":"63000","PLACENS20":"02411856","GEOID20":"5363000","NAME20":"Seattle","NAMELSAD20":"Seattle city","LSAD20":"25","CLASSFP20":"C1","PCICBSA20":"Y","PCINECTA20":"N","MTFCC20":"G4110","FUNCSTAT20":"A","ALAND20":217119656,"AWATER20":150846139,"INTPTLAT20":"+47.6193387","INTPTLON20":"-122.3515649"}},{"type":"Feature","id":157,"geometry":{"type":"Polygon","coordinates":[[[-122.32975470117454,47.639393201588753],[-122.3296428922349,47.639718905618125],[-122.32964289232203,47.640081302637128],[-122.3296047454607,47.640684024672893],[-122.32943739886291,47.642469057784794],[-122.32956892282307,47.642215339757044],[-122.32969916769734,47.641605444710805],[-122.32975470117454,47.639393201588753]]]},"properties":{"OBJECTID":157,"STATEFP20":"53","PLACEFP20":"63000","PLACENS20":"02411856","GEOID20":"5363000","NAME20":"Seattle","NAMELSAD20":"Seattle city","LSAD20":"25","CLASSFP20":"C1","PCICBSA20":"Y","PCINECTA20":"N","MTFCC20":"G4110","FUNCSTAT20":"A","ALAND20":217119656,"AWATER20":150846139,"INTPTLAT20":"+47.6193387","INTPTLON20":"-122.3515649"}},{"type":"Feature","id":158,"geometry":{"type":"Polygon","coordinates":[[[-122.32235361298058,47.534963499907981],[-122.32251036202538,47.535046010895201],[-122.32288453020014,47.535526960879629],[-122.32368233440049,47.535830569808368],[-122.32330283920651,47.535272489820436],[-122.32255515801288,47.534963499885933],[-122.32235361298058,47.534963499907981]]]},"properties":{"OBJECTID":158,"STATEFP20":"53","PLACEFP20":"63000","PLACENS20":"02411856","GEOID20":"5363000","NAME20":"Seattle","NAMELSAD20":"Seattle city","LSAD20":"25","CLASSFP20":"C1","PCICBSA20":"Y","PCINECTA20":"N","MTFCC20":"G4110","FUNCSTAT20":"A","ALAND20":217119656,"AWATER20":150846139,"INTPTLAT20":"+47.6193387","INTPTLON20":"-122.3515649"}},{"type":"Feature","id":159,"geometry":{"type":"Polygon","coordinates":[[[-122.2810350828627,47.728652933617028],[-122.28105362190254,47.728805258622948],[-122.28142746912879,47.729492216617743],[-122.28132065930245,47.730281761670817],[-122.2817074202683,47.729883100607381],[-122.28161586709402,47.729223157582936],[-122.2810360328633,47.728654767616995],[-122.2810350828627,47.728652933617028]]]},"properties":{"OBJECTID":159,"STATEFP20":"53","PLACEFP20":"63000","PLACENS20":"02411856","GEOID20":"5363000","NAME20":"Seattle","NAMELSAD20":"Seattle city","LSAD20":"25","CLASSFP20":"C1","PCICBSA20":"Y","PCINECTA20":"N","MTFCC20":"G4110","FUNCSTAT20":"A","ALAND20":217119656,"AWATER20":150846139,"INTPTLAT20":"+47.6193387","INTPTLON20":"-122.3515649"}},{"type":"Feature","id":160,"geometry":{"type":"Polygon","coordinates":[[[-122.28419975776521,47.60149382759456],[-122.28411827875895,47.601522345605019],[-122.28362236779445,47.602002996684689],[-122.28371392096095,47.60263623670803],[-122.28346841407235,47.603265591768086],[-122.28372994604824,47.602989873724894],[-122.28400406893869,47.602348980661048],[-122.28400406880138,47.601775987630866],[-122.28419975776521,47.60149382759456]]]},"properties":{"OBJECTID":160,"STATEFP20":"53","PLACEFP20":"63000","PLACENS20":"02411856","GEOID20":"5363000","NAME20":"Seattle","NAMELSAD20":"Seattle city","LSAD20":"25","CLASSFP20":"C1","PCICBSA20":"Y","PCINECTA20":"N","MTFCC20":"G4110","FUNCSTAT20":"A","ALAND20":217119656,"AWATER20":150846139,"INTPTLAT20":"+47.6193387","INTPTLON20":"-122.3515649"}},{"type":"Feature","id":161,"geometry":{"type":"Polygon","coordinates":[[[-122.31628340630643,47.644776705349997],[-122.31614058643181,47.64539358739799],[-122.31610255365769,47.64635848845279],[-122.31629823484251,47.646996335464763],[-122.31636774435313,47.644914525347971],[-122.31628340630643,47.644776705349997]]]},"properties":{"OBJECTID":161,"STATEFP20":"53","PLACEFP20":"63000","PLACENS20":"02411856","GEOID20":"5363000","NAME20":"Seattle","NAMELSAD20":"Seattle city","LSAD20":"25","CLASSFP20":"C1","PCICBSA20":"Y","PCINECTA20":"N","MTFCC20":"G4110","FUNCSTAT20":"A","ALAND20":217119656,"AWATER20":150846139,"INTPTLAT20":"+47.6193387","INTPTLON20":"-122.3515649"}},{"type":"Feature","id":162,"geometry":{"type":"Polygon","coordinates":[[[-122.27968920680856,47.617209877916892],[-122.27942720485808,47.617591808965727],[-122.27956400603289,47.618228838984272],[-122.27973210914692,47.618591788984958],[-122.27973210931053,47.619273710020877],[-122.27978142534357,47.619378422020965],[-122.27987633828484,47.619069953994305],[-122.27968920680856,47.617209877916892]]]},"properties":{"OBJECTID":162,"STATEFP20":"53","PLACEFP20":"63000","PLACENS20":"02411856","GEOID20":"5363000","NAME20":"Seattle","NAMELSAD20":"Seattle city","LSAD20":"25","CLASSFP20":"C1","PCICBSA20":"Y","PCINECTA20":"N","MTFCC20":"G4110","FUNCSTAT20":"A","ALAND20":217119656,"AWATER20":150846139,"INTPTLAT20":"+47.6193387","INTPTLON20":"-122.3515649"}},{"type":"Feature","id":163,"geometry":{"type":"Polygon","coordinates":[[[-122.33227911835252,47.542425292215306],[-122.33226874535121,47.542426914216534],[-122.33017760502153,47.542449892446626],[-122.32997161201045,47.542541921474061],[-122.32999082403333,47.542624687476312],[-122.33200798135266,47.542608152254601],[-122.33227911835252,47.542425292215306]]]},"properties":{"OBJECTID":163,"STATEFP20":"53","PLACEFP20":"63000","PLACENS20":"02411856","GEOID20":"5363000","NAME20":"Seattle","NAMELSAD20":"Seattle city","LSAD20":"25","CLASSFP20":"C1","PCICBSA20":"Y","PCINECTA20":"N","MTFCC20":"G4110","FUNCSTAT20":"A","ALAND20":217119656,"AWATER20":150846139,"INTPTLAT20":"+47.6193387","INTPTLON20":"-122.3515649"}},{"type":"Feature","id":164,"geometry":{"type":"Polygon","coordinates":[[[-122.34054710877868,47.647182517811771],[-122.34092957182176,47.647106355765807],[-122.34113561989423,47.647270291751745],[-122.3419823451171,47.647632373677737],[-122.34215888614821,47.647643885658908],[-122.34198725605052,47.64735211466251],[-122.34154475095012,47.647230043704674],[-122.34114802280025,47.646871462729486],[-122.34091151076322,47.646875276755679],[-122.34054710877868,47.647182517811771]]]},"properties":{"OBJECTID":164,"STATEFP20":"53","PLACEFP20":"63000","PLACENS20":"02411856","GEOID20":"5363000","NAME20":"Seattle","NAMELSAD20":"Seattle city","LSAD20":"25","CLASSFP20":"C1","PCICBSA20":"Y","PCINECTA20":"N","MTFCC20":"G4110","FUNCSTAT20":"A","ALAND20":217119656,"AWATER20":150846139,"INTPTLAT20":"+47.6193387","INTPTLON20":"-122.3515649"}},{"type":"Feature","id":165,"geometry":{"type":"Polygon","coordinates":[[[-122.27600337075418,47.640277676535149],[-122.27598937990066,47.64089680756927],[-122.27671111199267,47.640796795484789],[-122.27661121385547,47.640292702469225],[-122.27600337075418,47.640277676535149]]]},"properties":{"OBJECTID":165,"STATEFP20":"53","PLACEFP20":"63000","PLACENS20":"02411856","GEOID20":"5363000","NAME20":"Seattle","NAMELSAD20":"Seattle city","LSAD20":"25","CLASSFP20":"C1","PCICBSA20":"Y","PCINECTA20":"N","MTFCC20":"G4110","FUNCSTAT20":"A","ALAND20":217119656,"AWATER20":150846139,"INTPTLAT20":"+47.6193387","INTPTLON20":"-122.3515649"}},{"type":"Feature","id":166,"geometry":{"type":"Polygon","coordinates":[[[-122.24660397154473,47.679850239844015],[-122.2453537665955,47.680896641036369],[-122.24525814468649,47.681338136070089],[-122.24538385566606,47.681169418047411],[-122.24631464164129,47.680444624907039],[-122.24660397154473,47.679850239844015]]]},"properties":{"OBJECTID":166,"STATEFP20":"53","PLACEFP20":"63000","PLACENS20":"02411856","GEOID20":"5363000","NAME20":"Seattle","NAMELSAD20":"Seattle city","LSAD20":"25","CLASSFP20":"C1","PCICBSA20":"Y","PCINECTA20":"N","MTFCC20":"G4110","FUNCSTAT20":"A","ALAND20":217119656,"AWATER20":150846139,"INTPTLAT20":"+47.6193387","INTPTLON20":"-122.3515649"}},{"type":"Feature","id":167,"geometry":{"type":"Polygon","coordinates":[[[-122.33213314161853,47.53944834407438],[-122.33216193272229,47.539863914093125],[-122.33237258278901,47.540001774077325],[-122.33313713088985,47.539911160988865],[-122.33326683086878,47.539735684965436],[-122.33213314161853,47.53944834407438]]]},"properties":{"OBJECTID":167,"STATEFP20":"53","PLACEFP20":"63000","PLACENS20":"02411856","GEOID20":"5363000","NAME20":"Seattle","NAMELSAD20":"Seattle city","LSAD20":"25","CLASSFP20":"C1","PCICBSA20":"Y","PCINECTA20":"N","MTFCC20":"G4110","FUNCSTAT20":"A","ALAND20":217119656,"AWATER20":150846139,"INTPTLAT20":"+47.6193387","INTPTLON20":"-122.3515649"}},{"type":"Feature","id":168,"geometry":{"type":"Polygon","coordinates":[[[-122.33492176664974,47.541896116898165],[-122.33560973393422,47.542625933861373],[-122.33675473929345,47.543361871774806],[-122.33683425131343,47.543392169767706],[-122.33660850718655,47.543012509772396],[-122.33492176664974,47.541896116898165]]]},"properties":{"OBJECTID":168,"STATEFP20":"53","PLACEFP20":"63000","PLACENS20":"02411856","GEOID20":"5363000","NAME20":"Seattle","NAMELSAD20":"Seattle city","LSAD20":"25","CLASSFP20":"C1","PCICBSA20":"Y","PCINECTA20":"N","MTFCC20":"G4110","FUNCSTAT20":"A","ALAND20":217119656,"AWATER20":150846139,"INTPTLAT20":"+47.6193387","INTPTLON20":"-122.3515649"}},{"type":"Feature","id":169,"geometry":{"type":"Polygon","coordinates":[[[-122.32235361298058,47.534963499907981],[-122.32193836586183,47.534744917941886],[-122.32150334078732,47.534724950988483],[-122.32099240975002,47.534912080054248],[-122.32018318775604,47.535481036172811],[-122.31984722577948,47.535805076226673],[-122.31980031178593,47.535863624234871],[-122.32058677378191,47.535318267120061],[-122.32142600783183,47.534963500009482],[-122.32235361298058,47.534963499907981]]]},"properties":{"OBJECTID":169,"STATEFP20":"53","PLACEFP20":"63000","PLACENS20":"02411856","GEOID20":"5363000","NAME20":"Seattle","NAMELSAD20":"Seattle city","LSAD20":"25","CLASSFP20":"C1","PCICBSA20":"Y","PCINECTA20":"N","MTFCC20":"G4110","FUNCSTAT20":"A","ALAND20":217119656,"AWATER20":150846139,"INTPTLAT20":"+47.6193387","INTPTLON20":"-122.3515649"}},{"type":"Feature","id":170,"geometry":{"type":"Polygon","coordinates":[[[-122.26716369243401,47.565583199565765],[-122.26749381668606,47.566415686573642],[-122.26837119701213,47.56719006951846],[-122.26936301934202,47.567903418447585],[-122.26962496139811,47.567961982421984],[-122.26950016636829,47.567921145433516],[-122.2680499278836,47.56686824153666],[-122.26750897554038,47.565796191539206],[-122.26716369243401,47.565583199565765]]]},"properties":{"OBJECTID":170,"STATEFP20":"53","PLACEFP20":"63000","PLACENS20":"02411856","GEOID20":"5363000","NAME20":"Seattle","NAMELSAD20":"Seattle city","LSAD20":"25","CLASSFP20":"C1","PCICBSA20":"Y","PCINECTA20":"N","MTFCC20":"G4110","FUNCSTAT20":"A","ALAND20":217119656,"AWATER20":150846139,"INTPTLAT20":"+47.6193387","INTPTLON20":"-122.3515649"}},{"type":"Feature","id":171,"geometry":{"type":"Polygon","coordinates":[[[-122.25041257793376,47.562202202220689],[-122.25074729204179,47.5624293291961],[-122.2513957901716,47.562536141130764],[-122.2527080463443,47.562375922978632],[-122.25376853247373,47.562204261853438],[-122.25449332555836,47.562070747767073],[-122.25474947356803,47.56193890673206],[-122.25306541937147,47.562249307932817],[-122.25124237611207,47.562390277139791],[-122.25089839805582,47.562386239177251],[-122.25041257793376,47.562202202220689]]]},"properties":{"OBJECTID":171,"STATEFP20":"53","PLACEFP20":"63000","PLACENS20":"02411856","GEOID20":"5363000","NAME20":"Seattle","NAMELSAD20":"Seattle city","LSAD20":"25","CLASSFP20":"C1","PCICBSA20":"Y","PCINECTA20":"N","MTFCC20":"G4110","FUNCSTAT20":"A","ALAND20":217119656,"AWATER20":150846139,"INTPTLAT20":"+47.6193387","INTPTLON20":"-122.3515649"}},{"type":"Feature","id":172,"geometry":{"type":"Polygon","coordinates":[[[-122.32025667836353,47.53378629507533],[-122.32052573849548,47.534158599065535],[-122.32052573856191,47.534437072080216],[-122.31980857550424,47.534677397171414],[-122.31906055562055,47.535667604305488],[-122.32075518356383,47.534290969047426],[-122.32075518351377,47.534081072036358],[-122.32025667836353,47.53378629507533]]]},"properties":{"OBJECTID":172,"STATEFP20":"53","PLACEFP20":"63000","PLACENS20":"02411856","GEOID20":"5363000","NAME20":"Seattle","NAMELSAD20":"Seattle city","LSAD20":"25","CLASSFP20":"C1","PCICBSA20":"Y","PCINECTA20":"N","MTFCC20":"G4110","FUNCSTAT20":"A","ALAND20":217119656,"AWATER20":150846139,"INTPTLAT20":"+47.6193387","INTPTLON20":"-122.3515649"}},{"type":"Feature","id":173,"geometry":{"type":"Polygon","coordinates":[[[-122.33133328491363,47.541221884255407],[-122.33136711193943,47.541307340256232],[-122.33197746316843,47.541856657218361],[-122.33233604535246,47.542386900207092],[-122.33227911835252,47.542425292215306],[-122.33270376940473,47.542358905165329],[-122.332603693324,47.542087972162015],[-122.33223065717137,47.541698903182365],[-122.33133328491363,47.541221884255407]]]},"properties":{"OBJECTID":173,"STATEFP20":"53","PLACEFP20":"63000","PLACENS20":"02411856","GEOID20":"5363000","NAME20":"Seattle","NAMELSAD20":"Seattle city","LSAD20":"25","CLASSFP20":"C1","PCICBSA20":"Y","PCINECTA20":"N","MTFCC20":"G4110","FUNCSTAT20":"A","ALAND20":217119656,"AWATER20":150846139,"INTPTLAT20":"+47.6193387","INTPTLON20":"-122.3515649"}},{"type":"Feature","id":174,"geometry":{"type":"Polygon","coordinates":[[[-122.35940792788412,47.651675831975325],[-122.36144221643929,47.652627838801585],[-122.36247218466954,47.652898681702602],[-122.36257311467617,47.652858840689454],[-122.36251413259581,47.652564112680501],[-122.36197218246494,47.652381248730521],[-122.36166706041048,47.652358281762822],[-122.36126308338446,47.652519221815609],[-122.35940792788412,47.651675831975325]]]},"properties":{"OBJECTID":174,"STATEFP20":"53","PLACEFP20":"63000","PLACENS20":"02411856","GEOID20":"5363000","NAME20":"Seattle","NAMELSAD20":"Seattle city","LSAD20":"25","CLASSFP20":"C1","PCICBSA20":"Y","PCINECTA20":"N","MTFCC20":"G4110","FUNCSTAT20":"A","ALAND20":217119656,"AWATER20":150846139,"INTPTLAT20":"+47.6193387","INTPTLON20":"-122.3515649"}},{"type":"Feature","id":175,"geometry":{"type":"Polygon","coordinates":[[[-122.31762180546757,47.652870074627309],[-122.31871167182884,47.6536444115482],[-122.31921576494915,47.653808346501428],[-122.31967800301473,47.653772357448815],[-122.3192516579004,47.653581517485613],[-122.31826746562035,47.653074162567087],[-122.31762180546757,47.652870074627309]]]},"properties":{"OBJECTID":175,"STATEFP20":"53","PLACEFP20":"63000","PLACENS20":"02411856","GEOID20":"5363000","NAME20":"Seattle","NAMELSAD20":"Seattle city","LSAD20":"25","CLASSFP20":"C1","PCICBSA20":"Y","PCINECTA20":"N","MTFCC20":"G4110","FUNCSTAT20":"A","ALAND20":217119656,"AWATER20":150846139,"INTPTLAT20":"+47.6193387","INTPTLON20":"-122.3515649"}},{"type":"Feature","id":176,"geometry":{"type":"Polygon","coordinates":[[[-122.34736737602854,47.560249685501866],[-122.34726145916004,47.560870795546123],[-122.34750536122471,47.56097775652507],[-122.34777239025122,47.560909688492217],[-122.34794038511488,47.560226738437905],[-122.34763443502668,47.560062793462791],[-122.34736737602854,47.560249685501866]]]},"properties":{"OBJECTID":176,"STATEFP20":"53","PLACEFP20":"63000","PLACENS20":"02411856","GEOID20":"5363000","NAME20":"Seattle","NAMELSAD20":"Seattle city","LSAD20":"25","CLASSFP20":"C1","PCICBSA20":"Y","PCINECTA20":"N","MTFCC20":"G4110","FUNCSTAT20":"A","ALAND20":217119656,"AWATER20":150846139,"INTPTLAT20":"+47.6193387","INTPTLON20":"-122.3515649"}},{"type":"Feature","id":177,"geometry":{"type":"Polygon","coordinates":[[[-122.26364080915486,47.533274539241646],[-122.26370199931544,47.533906835268432],[-122.263595187503,47.534765141325565],[-122.26284490171285,47.536150474480984],[-122.26301442569785,47.535973354453077],[-122.26382359653309,47.534737369299116],[-122.26389132531479,47.53377646324082],[-122.26369335217927,47.533341443239429],[-122.26364080915486,47.533274539241646]]]},"properties":{"OBJECTID":177,"STATEFP20":"53","PLACEFP20":"63000","PLACENS20":"02411856","GEOID20":"5363000","NAME20":"Seattle","NAMELSAD20":"Seattle city","LSAD20":"25","CLASSFP20":"C1","PCICBSA20":"Y","PCINECTA20":"N","MTFCC20":"G4110","FUNCSTAT20":"A","ALAND20":217119656,"AWATER20":150846139,"INTPTLAT20":"+47.6193387","INTPTLON20":"-122.3515649"}},{"type":"Feature","id":178,"geometry":{"type":"Polygon","coordinates":[[[-122.34950039465959,47.569823022771608],[-122.35106621917858,47.570943722658946],[-122.35157844722998,47.570815665596115],[-122.35085475400831,47.570373713652153],[-122.3500385278163,47.570117741728147],[-122.34950039465959,47.569823022771608]]]},"properties":{"OBJECTID":178,"STATEFP20":"53","PLACEFP20":"63000","PLACENS20":"02411856","GEOID20":"5363000","NAME20":"Seattle","NAMELSAD20":"Seattle city","LSAD20":"25","CLASSFP20":"C1","PCICBSA20":"Y","PCINECTA20":"N","MTFCC20":"G4110","FUNCSTAT20":"A","ALAND20":217119656,"AWATER20":150846139,"INTPTLAT20":"+47.6193387","INTPTLON20":"-122.3515649"}},{"type":"Feature","id":179,"geometry":{"type":"Polygon","coordinates":[[[-122.31627350924535,47.531776240404994],[-122.31755790361827,47.532476317301466],[-122.31982661623387,47.533531990108955],[-122.31883218893419,47.532943964186728],[-122.31799316371692,47.532597125260239],[-122.31676019232322,47.531775687351768],[-122.31627350924535,47.531776240404994]]]},"properties":{"OBJECTID":179,"STATEFP20":"53","PLACEFP20":"63000","PLACENS20":"02411856","GEOID20":"5363000","NAME20":"Seattle","NAMELSAD20":"Seattle city","LSAD20":"25","CLASSFP20":"C1","PCICBSA20":"Y","PCINECTA20":"N","MTFCC20":"G4110","FUNCSTAT20":"A","ALAND20":217119656,"AWATER20":150846139,"INTPTLAT20":"+47.6193387","INTPTLON20":"-122.3515649"}},{"type":"Feature","id":180,"geometry":{"type":"Polygon","coordinates":[[[-122.29704784159823,47.646361436544929],[-122.29733394064161,47.646350629512938],[-122.29828816181796,47.646446534413244],[-122.29871633581709,47.646156864350999],[-122.29854547676156,47.64603986336364],[-122.2974773605973,47.64607038048252],[-122.29704784159823,47.646361436544929]]]},"properties":{"OBJECTID":180,"STATEFP20":"53","PLACEFP20":"63000","PLACENS20":"02411856","GEOID20":"5363000","NAME20":"Seattle","NAMELSAD20":"Seattle city","LSAD20":"25","CLASSFP20":"C1","PCICBSA20":"Y","PCINECTA20":"N","MTFCC20":"G4110","FUNCSTAT20":"A","ALAND20":217119656,"AWATER20":150846139,"INTPTLAT20":"+47.6193387","INTPTLON20":"-122.3515649"}},{"type":"Feature","id":181,"geometry":{"type":"Polygon","coordinates":[[[-122.36695384558131,47.653702366252254],[-122.36697733558574,47.65370523624982],[-122.36694633763395,47.653926176264797],[-122.36796138286383,47.654205161167816],[-122.36901131719695,47.654890319088274],[-122.36875117808998,47.654619110102658],[-122.36727870459326,47.653535736207907],[-122.36695384558131,47.653702366252254]]]},"properties":{"OBJECTID":181,"STATEFP20":"53","PLACEFP20":"63000","PLACENS20":"02411856","GEOID20":"5363000","NAME20":"Seattle","NAMELSAD20":"Seattle city","LSAD20":"25","CLASSFP20":"C1","PCICBSA20":"Y","PCINECTA20":"N","MTFCC20":"G4110","FUNCSTAT20":"A","ALAND20":217119656,"AWATER20":150846139,"INTPTLAT20":"+47.6193387","INTPTLON20":"-122.3515649"}},{"type":"Feature","id":182,"geometry":{"type":"Polygon","coordinates":[[[-122.31209462273966,47.649375711051064],[-122.31314814102585,47.649862187960871],[-122.31314814114236,47.650346654986329],[-122.31367456930577,47.65067471894568],[-122.31391309140034,47.650908653931793],[-122.31373751629343,47.650581475933905],[-122.31347047018085,47.65029146294804],[-122.3134015700743,47.649894517934754],[-122.31313452296169,47.649604504948869],[-122.31276050185114,47.649394592978943],[-122.31209462273966,47.649375711051064]]]},"properties":{"OBJECTID":182,"STATEFP20":"53","PLACEFP20":"63000","PLACENS20":"02411856","GEOID20":"5363000","NAME20":"Seattle","NAMELSAD20":"Seattle city","LSAD20":"25","CLASSFP20":"C1","PCICBSA20":"Y","PCINECTA20":"N","MTFCC20":"G4110","FUNCSTAT20":"A","ALAND20":217119656,"AWATER20":150846139,"INTPTLAT20":"+47.6193387","INTPTLON20":"-122.3515649"}},{"type":"Feature","id":183,"geometry":{"type":"Polygon","coordinates":[[[-122.33351957918238,47.628587037609016],[-122.33378804723326,47.628619550581256],[-122.33442889731967,47.628551475507372],[-122.33449797109519,47.627570468448333],[-122.33457941508412,47.627470091434169],[-122.33412134414165,47.628015413513012],[-122.33380853911983,47.62813366955357],[-122.33351957918238,47.628587037609016]]]},"properties":{"OBJECTID":183,"STATEFP20":"53","PLACEFP20":"63000","PLACENS20":"02411856","GEOID20":"5363000","NAME20":"Seattle","NAMELSAD20":"Seattle city","LSAD20":"25","CLASSFP20":"C1","PCICBSA20":"Y","PCINECTA20":"N","MTFCC20":"G4110","FUNCSTAT20":"A","ALAND20":217119656,"AWATER20":150846139,"INTPTLAT20":"+47.6193387","INTPTLON20":"-122.3515649"}},{"type":"Feature","id":184,"geometry":{"type":"Polygon","coordinates":[[[-122.32717311610401,47.536433758458216],[-122.32730827215806,47.53656948645056],[-122.32813224749498,47.537427793405719],[-122.32827720552915,47.537473570392216],[-122.32994636901682,47.538396001258192],[-122.3295294938715,47.538067013286486],[-122.3287205096199,47.537556052348044],[-122.32852253252344,47.537284970355429],[-122.32717311610401,47.536433758458216]]]},"properties":{"OBJECTID":184,"STATEFP20":"53","PLACEFP20":"63000","PLACENS20":"02411856","GEOID20":"5363000","NAME20":"Seattle","NAMELSAD20":"Seattle city","LSAD20":"25","CLASSFP20":"C1","PCICBSA20":"Y","PCINECTA20":"N","MTFCC20":"G4110","FUNCSTAT20":"A","ALAND20":217119656,"AWATER20":150846139,"INTPTLAT20":"+47.6193387","INTPTLON20":"-122.3515649"}},{"type":"Feature","id":185,"geometry":{"type":"Polygon","coordinates":[[[-122.34967693377666,47.561831097332082],[-122.34892472572135,47.562103778428821],[-122.3478404878302,47.563285797609751],[-122.34794730590475,47.563526066610692],[-122.3480068288427,47.5632265905884],[-122.34883843283187,47.562623868465636],[-122.34890709775532,47.562257657438828],[-122.34970818388368,47.562257657351076],[-122.34967693377666,47.561831097332082]]]},"properties":{"OBJECTID":185,"STATEFP20":"53","PLACEFP20":"63000","PLACENS20":"02411856","GEOID20":"5363000","NAME20":"Seattle","NAMELSAD20":"Seattle city","LSAD20":"25","CLASSFP20":"C1","PCICBSA20":"Y","PCINECTA20":"N","MTFCC20":"G4110","FUNCSTAT20":"A","ALAND20":217119656,"AWATER20":150846139,"INTPTLAT20":"+47.6193387","INTPTLON20":"-122.3515649"}},{"type":"Feature","id":186,"geometry":{"type":"Polygon","coordinates":[[[-122.31485202861654,47.64286281440674],[-122.31516229974781,47.643201726390458],[-122.31542169888392,47.643594640382567],[-122.31578791003537,47.64397992436259],[-122.31605493918001,47.644403356355461],[-122.31628340630643,47.644776705349997],[-122.31637745922387,47.644370466318321],[-122.31630855911928,47.643981554305483],[-122.31502646668243,47.643020517395861],[-122.31485202861654,47.64286281440674]]]},"properties":{"OBJECTID":186,"STATEFP20":"53","PLACEFP20":"63000","PLACENS20":"02411856","GEOID20":"5363000","NAME20":"Seattle","NAMELSAD20":"Seattle city","LSAD20":"25","CLASSFP20":"C1","PCICBSA20":"Y","PCINECTA20":"N","MTFCC20":"G4110","FUNCSTAT20":"A","ALAND20":217119656,"AWATER20":150846139,"INTPTLAT20":"+47.6193387","INTPTLON20":"-122.3515649"}},{"type":"Feature","id":187,"geometry":{"type":"Polygon","coordinates":[[[-122.32908267631119,47.636249180497742],[-122.32936823345375,47.636651889487517],[-122.32958185681343,47.63800610653503],[-122.32963526198152,47.638669864563987],[-122.32976962603405,47.638798629555993],[-122.32979789376796,47.637672513493833],[-122.32966799554359,47.636825615463678],[-122.32949281644841,47.636546499468281],[-122.32908267631119,47.636249180497742]]]},"properties":{"OBJECTID":187,"STATEFP20":"53","PLACEFP20":"63000","PLACENS20":"02411856","GEOID20":"5363000","NAME20":"Seattle","NAMELSAD20":"Seattle city","LSAD20":"25","CLASSFP20":"C1","PCICBSA20":"Y","PCINECTA20":"N","MTFCC20":"G4110","FUNCSTAT20":"A","ALAND20":217119656,"AWATER20":150846139,"INTPTLAT20":"+47.6193387","INTPTLON20":"-122.3515649"}},{"type":"Feature","id":188,"geometry":{"type":"Polygon","coordinates":[[[-122.28669376572371,47.595474338004045],[-122.28613288577985,47.596084875097681],[-122.28613288582918,47.596290879108551],[-122.28630085897665,47.59679397411665],[-122.28617325306824,47.597261742155233],[-122.28675804791354,47.596223730036478],[-122.28669376572371,47.595474338004045]]]},"properties":{"OBJECTID":188,"STATEFP20":"53","PLACEFP20":"63000","PLACENS20":"02411856","GEOID20":"5363000","NAME20":"Seattle","NAMELSAD20":"Seattle city","LSAD20":"25","CLASSFP20":"C1","PCICBSA20":"Y","PCINECTA20":"N","MTFCC20":"G4110","FUNCSTAT20":"A","ALAND20":217119656,"AWATER20":150846139,"INTPTLAT20":"+47.6193387","INTPTLON20":"-122.3515649"}},{"type":"Feature","id":189,"geometry":{"type":"Polygon","coordinates":[[[-122.26185822396938,47.529503642236762],[-122.26251181224016,47.530198949202131],[-122.26288435549813,47.531030004205412],[-122.26288435548796,47.530987302203165],[-122.26298342829193,47.530098335145262],[-122.26285431122213,47.529892460148481],[-122.26244933509788,47.529644343179598],[-122.26185822396938,47.529503642236762]]]},"properties":{"OBJECTID":189,"STATEFP20":"53","PLACEFP20":"63000","PLACENS20":"02411856","GEOID20":"5363000","NAME20":"Seattle","NAMELSAD20":"Seattle city","LSAD20":"25","CLASSFP20":"C1","PCICBSA20":"Y","PCINECTA20":"N","MTFCC20":"G4110","FUNCSTAT20":"A","ALAND20":217119656,"AWATER20":150846139,"INTPTLAT20":"+47.6193387","INTPTLON20":"-122.3515649"}},{"type":"Feature","id":190,"geometry":{"type":"Polygon","coordinates":[[[-122.33237258278901,47.540001774077325],[-122.33210716275397,47.540033231108055],[-122.33492176664974,47.541896116898165],[-122.33490082564109,47.541873901899272],[-122.33452680745009,47.541324883911344],[-122.33416068635491,47.541171997943323],[-122.33237258278901,47.540001774077325]]]},"properties":{"OBJECTID":190,"STATEFP20":"53","PLACEFP20":"63000","PLACENS20":"02411856","GEOID20":"5363000","NAME20":"Seattle","NAMELSAD20":"Seattle city","LSAD20":"25","CLASSFP20":"C1","PCICBSA20":"Y","PCINECTA20":"N","MTFCC20":"G4110","FUNCSTAT20":"A","ALAND20":217119656,"AWATER20":150846139,"INTPTLAT20":"+47.6193387","INTPTLON20":"-122.3515649"}},{"type":"Feature","id":191,"geometry":{"type":"Polygon","coordinates":[[[-122.34242047122866,47.585298281360686],[-122.34238550050308,47.586467654425995],[-122.34261822455063,47.586510477402733],[-122.34297143357915,47.586393248357851],[-122.34297143339464,47.585622679317382],[-122.34242047122866,47.585298281360686]]]},"properties":{"OBJECTID":191,"STATEFP20":"53","PLACEFP20":"63000","PLACENS20":"02411856","GEOID20":"5363000","NAME20":"Seattle","NAMELSAD20":"Seattle city","LSAD20":"25","CLASSFP20":"C1","PCICBSA20":"Y","PCINECTA20":"N","MTFCC20":"G4110","FUNCSTAT20":"A","ALAND20":217119656,"AWATER20":150846139,"INTPTLAT20":"+47.6193387","INTPTLON20":"-122.3515649"}},{"type":"Feature","id":192,"geometry":{"type":"Polygon","coordinates":[[[-122.33615906345003,47.644584595157575],[-122.3366031685571,47.644733417116655],[-122.33748123984556,47.645347306052344],[-122.33896838136572,47.646518428950351],[-122.33932471938905,47.646377668903902],[-122.33749354181045,47.64519299604293],[-122.33650171951467,47.644624606122051],[-122.33615906345003,47.644584595157575]]]},"properties":{"OBJECTID":192,"STATEFP20":"53","PLACEFP20":"63000","PLACENS20":"02411856","GEOID20":"5363000","NAME20":"Seattle","NAMELSAD20":"Seattle city","LSAD20":"25","CLASSFP20":"C1","PCICBSA20":"Y","PCINECTA20":"N","MTFCC20":"G4110","FUNCSTAT20":"A","ALAND20":217119656,"AWATER20":150846139,"INTPTLAT20":"+47.6193387","INTPTLON20":"-122.3515649"}},{"type":"Feature","id":193,"geometry":{"type":"Polygon","coordinates":[[[-122.34287957513014,47.584579428272633],[-122.34309563018296,47.584655643252923],[-122.34315663590782,47.583465576183741],[-122.34252205871573,47.583088092233453],[-122.34251366875496,47.583257567243265],[-122.34307824392219,47.583578002198223],[-122.34297143301373,47.584031951233804],[-122.34230767584798,47.583783995293523],[-122.34227715793077,47.584150206316068],[-122.34287957513014,47.584579428272633]]]},"properties":{"OBJECTID":193,"STATEFP20":"53","PLACEFP20":"63000","PLACENS20":"02411856","GEOID20":"5363000","NAME20":"Seattle","NAMELSAD20":"Seattle city","LSAD20":"25","CLASSFP20":"C1","PCICBSA20":"Y","PCINECTA20":"N","MTFCC20":"G4110","FUNCSTAT20":"A","ALAND20":217119656,"AWATER20":150846139,"INTPTLAT20":"+47.6193387","INTPTLON20":"-122.3515649"}},{"type":"Feature","id":194,"geometry":{"type":"Polygon","coordinates":[[[-122.28701230623832,47.59323448885106],[-122.28652153626969,47.593694585929121],[-122.28661308948543,47.594533818963271],[-122.28669376572371,47.595474338004045],[-122.28674291171873,47.595420840995821],[-122.28704785930911,47.593505929861443],[-122.28701230623832,47.59323448885106]]]},"properties":{"OBJECTID":194,"STATEFP20":"53","PLACEFP20":"63000","PLACENS20":"02411856","GEOID20":"5363000","NAME20":"Seattle","NAMELSAD20":"Seattle city","LSAD20":"25","CLASSFP20":"C1","PCICBSA20":"Y","PCINECTA20":"N","MTFCC20":"G4110","FUNCSTAT20":"A","ALAND20":217119656,"AWATER20":150846139,"INTPTLAT20":"+47.6193387","INTPTLON20":"-122.3515649"}},{"type":"Feature","id":195,"geometry":{"type":"Polygon","coordinates":[[[-122.3351757818935,47.546934697135889],[-122.33410606688676,47.547624479289325],[-122.33460197702632,47.547876249248283],[-122.33496818806411,47.547788511203585],[-122.33521232906679,47.547635923168819],[-122.33550224604043,47.547330747121023],[-122.33553198903051,47.547269511114507],[-122.33547294103165,47.547313899123303],[-122.33517590198406,47.547313899155824],[-122.3351757818935,47.546934697135889]]]},"properties":{"OBJECTID":195,"STATEFP20":"53","PLACEFP20":"63000","PLACENS20":"02411856","GEOID20":"5363000","NAME20":"Seattle","NAMELSAD20":"Seattle city","LSAD20":"25","CLASSFP20":"C1","PCICBSA20":"Y","PCINECTA20":"N","MTFCC20":"G4110","FUNCSTAT20":"A","ALAND20":217119656,"AWATER20":150846139,"INTPTLAT20":"+47.6193387","INTPTLON20":"-122.3515649"}},{"type":"Feature","id":196,"geometry":{"type":"Polygon","coordinates":[[[-122.3087431088201,47.647789526335849],[-122.30962335907822,47.648275274264698],[-122.30966150619348,47.648729223284342],[-122.31055414632127,47.648664373182925],[-122.31169345063071,47.6491904640854],[-122.31092938337555,47.648639561140442],[-122.30978543811035,47.648300576248204],[-122.30964833300105,47.647937495244243],[-122.3087431088201,47.647789526335849]]]},"properties":{"OBJECTID":196,"STATEFP20":"53","PLACEFP20":"63000","PLACENS20":"02411856","GEOID20":"5363000","NAME20":"Seattle","NAMELSAD20":"Seattle city","LSAD20":"25","CLASSFP20":"C1","PCICBSA20":"Y","PCINECTA20":"N","MTFCC20":"G4110","FUNCSTAT20":"A","ALAND20":217119656,"AWATER20":150846139,"INTPTLAT20":"+47.6193387","INTPTLON20":"-122.3515649"}},{"type":"Feature","id":197,"geometry":{"type":"Polygon","coordinates":[[[-122.24195406148162,47.511498756457449],[-122.24283559666699,47.511682409370827],[-122.24409444688115,47.511732000235895],[-122.24552114413859,47.511850256086262],[-122.24698598754476,47.512567418964252],[-122.24863444285091,47.512740602793301],[-122.24850969781137,47.512658614802589],[-122.24749565061006,47.512497674904878],[-122.2463817073665,47.512226591012201],[-122.24547394011086,47.511765609086943],[-122.24496281402969,47.511769777142995],[-122.2443216158938,47.511631674205745],[-122.24239880356212,47.511536768410807],[-122.24195406148162,47.511498756457449]]]},"properties":{"OBJECTID":197,"STATEFP20":"53","PLACEFP20":"63000","PLACENS20":"02411856","GEOID20":"5363000","NAME20":"Seattle","NAMELSAD20":"Seattle city","LSAD20":"25","CLASSFP20":"C1","PCICBSA20":"Y","PCINECTA20":"N","MTFCC20":"G4110","FUNCSTAT20":"A","ALAND20":217119656,"AWATER20":150846139,"INTPTLAT20":"+47.6193387","INTPTLON20":"-122.3515649"}},{"type":"Feature","id":198,"geometry":{"type":"Polygon","coordinates":[[[-122.34180059617901,47.556243431900732],[-122.34179022917837,47.556247859902108],[-122.34021109288254,47.556068808065582],[-122.33986806884474,47.556140721106928],[-122.34000209295894,47.55652898111272],[-122.34007225595906,47.556482206102586],[-122.34168205821612,47.556478390926095],[-122.34180059617901,47.556243431900732]]]},"properties":{"OBJECTID":198,"STATEFP20":"53","PLACEFP20":"63000","PLACENS20":"02411856","GEOID20":"5363000","NAME20":"Seattle","NAMELSAD20":"Seattle city","LSAD20":"25","CLASSFP20":"C1","PCICBSA20":"Y","PCINECTA20":"N","MTFCC20":"G4110","FUNCSTAT20":"A","ALAND20":217119656,"AWATER20":150846139,"INTPTLAT20":"+47.6193387","INTPTLON20":"-122.3515649"}},{"type":"Feature","id":199,"geometry":{"type":"Polygon","coordinates":[[[-122.27722412251615,47.571714462788123],[-122.27726734652538,47.571724177783878],[-122.277671367552,47.571564106731202],[-122.27811324739412,47.570607063632245],[-122.27829196237866,47.570422309602947],[-122.2779155723161,47.570413487643648],[-122.27738151432523,47.570810216723139],[-122.27723655638673,47.571164983757711],[-122.27723655643416,47.571363347768219],[-122.27742729149945,47.571508306754943],[-122.27722412251615,47.571714462788123]]]},"properties":{"OBJECTID":199,"STATEFP20":"53","PLACEFP20":"63000","PLACENS20":"02411856","GEOID20":"5363000","NAME20":"Seattle","NAMELSAD20":"Seattle city","LSAD20":"25","CLASSFP20":"C1","PCICBSA20":"Y","PCINECTA20":"N","MTFCC20":"G4110","FUNCSTAT20":"A","ALAND20":217119656,"AWATER20":150846139,"INTPTLAT20":"+47.6193387","INTPTLON20":"-122.3515649"}},{"type":"Feature","id":200,"geometry":{"type":"Polygon","coordinates":[[[-122.37929007428606,47.660880562271601],[-122.37971462144833,47.661271941245346],[-122.38029445557707,47.661420714189369],[-122.38109554181378,47.661870848124821],[-122.38221706319557,47.662710082045365],[-122.38243870326686,47.662858595028744],[-122.38197691006823,47.662341110052452],[-122.38062695962513,47.661399175151715],[-122.38052788654859,47.661147194149443],[-122.37929007428606,47.660880562271601]]]},"properties":{"OBJECTID":200,"STATEFP20":"53","PLACEFP20":"63000","PLACENS20":"02411856","GEOID20":"5363000","NAME20":"Seattle","NAMELSAD20":"Seattle city","LSAD20":"25","CLASSFP20":"C1","PCICBSA20":"Y","PCINECTA20":"N","MTFCC20":"G4110","FUNCSTAT20":"A","ALAND20":217119656,"AWATER20":150846139,"INTPTLAT20":"+47.6193387","INTPTLON20":"-122.3515649"}},{"type":"Feature","id":201,"geometry":{"type":"Polygon","coordinates":[[[-122.28373309167857,47.643115602835991],[-122.28350835567275,47.643241759867301],[-122.28347045373368,47.643520745886136],[-122.28485969406685,47.643977732757662],[-122.28494126708081,47.643981400748885],[-122.28429376476832,47.643113991774406],[-122.28373309167857,47.643115602835991]]]},"properties":{"OBJECTID":201,"STATEFP20":"53","PLACEFP20":"63000","PLACENS20":"02411856","GEOID20":"5363000","NAME20":"Seattle","NAMELSAD20":"Seattle city","LSAD20":"25","CLASSFP20":"C1","PCICBSA20":"Y","PCINECTA20":"N","MTFCC20":"G4110","FUNCSTAT20":"A","ALAND20":217119656,"AWATER20":150846139,"INTPTLAT20":"+47.6193387","INTPTLON20":"-122.3515649"}},{"type":"Feature","id":202,"geometry":{"type":"Polygon","coordinates":[[[-122.34054415428727,47.578445205206201],[-122.3412624475106,47.578897368151232],[-122.34185753975943,47.579538237119699],[-122.34265787987907,47.5795021320301],[-122.34065431425019,47.578216642182113],[-122.34054415428727,47.578445205206201]]]},"properties":{"OBJECTID":202,"STATEFP20":"53","PLACEFP20":"63000","PLACENS20":"02411856","GEOID20":"5363000","NAME20":"Seattle","NAMELSAD20":"Seattle city","LSAD20":"25","CLASSFP20":"C1","PCICBSA20":"Y","PCINECTA20":"N","MTFCC20":"G4110","FUNCSTAT20":"A","ALAND20":217119656,"AWATER20":150846139,"INTPTLAT20":"+47.6193387","INTPTLON20":"-122.3515649"}},{"type":"Feature","id":203,"geometry":{"type":"Polygon","coordinates":[[[-122.28617325306824,47.597261742155233],[-122.28614769707502,47.597307104160485],[-122.2860179971986,47.597909826206447],[-122.28565178644224,47.599172491313062],[-122.28526268751683,47.599744696385891],[-122.28459130052418,47.600225348484841],[-122.28470165275048,47.601095903518562],[-122.28474399275032,47.601066888512399],[-122.28579711346423,47.599166870296898],[-122.28592683833246,47.598529840249093],[-122.28610201811932,47.597522870176846],[-122.28617325306824,47.597261742155233]]]},"properties":{"OBJECTID":203,"STATEFP20":"53","PLACEFP20":"63000","PLACENS20":"02411856","GEOID20":"5363000","NAME20":"Seattle","NAMELSAD20":"Seattle city","LSAD20":"25","CLASSFP20":"C1","PCICBSA20":"Y","PCINECTA20":"N","MTFCC20":"G4110","FUNCSTAT20":"A","ALAND20":217119656,"AWATER20":150846139,"INTPTLAT20":"+47.6193387","INTPTLON20":"-122.3515649"}},{"type":"Feature","id":204,"geometry":{"type":"Polygon","coordinates":[[[-122.34593098611252,47.578285652607491],[-122.34586001228486,47.583230621875089],[-122.34613171229249,47.583080648837409],[-122.34613171193718,47.581596552759486],[-122.34599459180012,47.581115602749179],[-122.34602558642609,47.57953259266263],[-122.34593098611252,47.578285652607491]]]},"properties":{"OBJECTID":204,"STATEFP20":"53","PLACEFP20":"63000","PLACENS20":"02411856","GEOID20":"5363000","NAME20":"Seattle","NAMELSAD20":"Seattle city","LSAD20":"25","CLASSFP20":"C1","PCICBSA20":"Y","PCINECTA20":"N","MTFCC20":"G4110","FUNCSTAT20":"A","ALAND20":217119656,"AWATER20":150846139,"INTPTLAT20":"+47.6193387","INTPTLON20":"-122.3515649"}},{"type":"Feature","id":205,"geometry":{"type":"Polygon","coordinates":[[[-122.28516549698614,47.589243953843066],[-122.28552208433086,47.590444463867321],[-122.2861019186834,47.591527837860852],[-122.28682210401332,47.592422528829125],[-122.28633889063622,47.591171890816128],[-122.28590374141911,47.590557001831442],[-122.28532384509494,47.589592057844087],[-122.28516549698614,47.589243953843066]]]},"properties":{"OBJECTID":205,"STATEFP20":"53","PLACEFP20":"63000","PLACENS20":"02411856","GEOID20":"5363000","NAME20":"Seattle","NAMELSAD20":"Seattle city","LSAD20":"25","CLASSFP20":"C1","PCICBSA20":"Y","PCINECTA20":"N","MTFCC20":"G4110","FUNCSTAT20":"A","ALAND20":217119656,"AWATER20":150846139,"INTPTLAT20":"+47.6193387","INTPTLON20":"-122.3515649"}},{"type":"Feature","id":206,"geometry":{"type":"Polygon","coordinates":[[[-122.28262810446029,47.642946433948367],[-122.28296624955584,47.643117806920266],[-122.28373309167857,47.643115602835991],[-122.28374540167889,47.643108692834311],[-122.28479044683125,47.643043786716142],[-122.2850274938417,47.642928780684102],[-122.28502749379601,47.642738708674109],[-122.2834094555314,47.642719736850736],[-122.28262810446029,47.642946433948367]]]},"properties":{"OBJECTID":206,"STATEFP20":"53","PLACEFP20":"63000","PLACENS20":"02411856","GEOID20":"5363000","NAME20":"Seattle","NAMELSAD20":"Seattle city","LSAD20":"25","CLASSFP20":"C1","PCICBSA20":"Y","PCINECTA20":"N","MTFCC20":"G4110","FUNCSTAT20":"A","ALAND20":217119656,"AWATER20":150846139,"INTPTLAT20":"+47.6193387","INTPTLON20":"-122.3515649"}},{"type":"Feature","id":207,"geometry":{"type":"Polygon","coordinates":[[[-122.40019852506703,47.666826498283442],[-122.40020457007289,47.666846903283819],[-122.40288289173326,47.667807984039456],[-122.40422723417593,47.668751992940834],[-122.40416683714345,47.668657192942554],[-122.40318264473953,47.667634853997484],[-122.40118374227613,47.667039761186288],[-122.40019852506703,47.666826498283442]]]},"properties":{"OBJECTID":207,"STATEFP20":"53","PLACEFP20":"63000","PLACENS20":"02411856","GEOID20":"5363000","NAME20":"Seattle","NAMELSAD20":"Seattle city","LSAD20":"25","CLASSFP20":"C1","PCICBSA20":"Y","PCINECTA20":"N","MTFCC20":"G4110","FUNCSTAT20":"A","ALAND20":217119656,"AWATER20":150846139,"INTPTLAT20":"+47.6193387","INTPTLON20":"-122.3515649"}},{"type":"Feature","id":208,"geometry":{"type":"Polygon","coordinates":[[[-122.26284490171285,47.536150474480984],[-122.26183140780259,47.537209381647948],[-122.2616255331662,47.53887235475856],[-122.26173655147444,47.540089730810877],[-122.2619472394066,47.539663213765252],[-122.26184805722139,47.538953679738533],[-122.26171835708955,47.53848828672804],[-122.26203116192318,47.537580388645765],[-122.2624278908295,47.536920445567382],[-122.26284490171285,47.536150474480984]]]},"properties":{"OBJECTID":208,"STATEFP20":"53","PLACEFP20":"63000","PLACENS20":"02411856","GEOID20":"5363000","NAME20":"Seattle","NAMELSAD20":"Seattle city","LSAD20":"25","CLASSFP20":"C1","PCICBSA20":"Y","PCINECTA20":"N","MTFCC20":"G4110","FUNCSTAT20":"A","ALAND20":217119656,"AWATER20":150846139,"INTPTLAT20":"+47.6193387","INTPTLON20":"-122.3515649"}},{"type":"Feature","id":209,"geometry":{"type":"Polygon","coordinates":[[[-122.34265787987907,47.5795021320301],[-122.3428895769518,47.579650789012526],[-122.34318649797207,47.579536824974021],[-122.34329342794614,47.579356759952852],[-122.34275248578733,47.579055696996257],[-122.34271203210399,47.576227562852061],[-122.34271203215593,47.576444517863436],[-122.34242211548012,47.57799328497665],[-122.34259759161779,47.578451048981478],[-122.34239159764959,47.57872189201828],[-122.34246789171388,47.578939330021349],[-122.3425747028077,47.579259764026496],[-122.3428722499111,47.579492461006119],[-122.34265787987907,47.5795021320301]]]},"properties":{"OBJECTID":209,"STATEFP20":"53","PLACEFP20":"63000","PLACENS20":"02411856","GEOID20":"5363000","NAME20":"Seattle","NAMELSAD20":"Seattle city","LSAD20":"25","CLASSFP20":"C1","PCICBSA20":"Y","PCINECTA20":"N","MTFCC20":"G4110","FUNCSTAT20":"A","ALAND20":217119656,"AWATER20":150846139,"INTPTLAT20":"+47.6193387","INTPTLON20":"-122.3515649"}},{"type":"Feature","id":210,"geometry":{"type":"Polygon","coordinates":[[[-122.26173655147444,47.540089730810877],[-122.26163443450739,47.540296453832966],[-122.25916251051522,47.541993994193298],[-122.25833803471613,47.543391481357531],[-122.25858942769786,47.543145444316977],[-122.2589243745997,47.542508414246591],[-122.25932939458814,47.542187359185306],[-122.26176333254885,47.540383417823506],[-122.26173655147444,47.540089730810877]]]},"properties":{"OBJECTID":210,"STATEFP20":"53","PLACEFP20":"63000","PLACENS20":"02411856","GEOID20":"5363000","NAME20":"Seattle","NAMELSAD20":"Seattle city","LSAD20":"25","CLASSFP20":"C1","PCICBSA20":"Y","PCINECTA20":"N","MTFCC20":"G4110","FUNCSTAT20":"A","ALAND20":217119656,"AWATER20":150846139,"INTPTLAT20":"+47.6193387","INTPTLON20":"-122.3515649"}},{"type":"Feature","id":211,"geometry":{"type":"Polygon","coordinates":[[[-122.30844843196911,47.644446851192846],[-122.30844843201183,47.644624609202175],[-122.3096081004723,47.645765204134683],[-122.30940058669941,47.646848547214304],[-122.30978526470295,47.646606431159391],[-122.30991537964601,47.646282555128124],[-122.30991537951662,47.645744468099913],[-122.30974740741154,47.645419549101263],[-122.30890854014579,47.644874559164791],[-122.308770393052,47.644576515164289],[-122.30844843196911,47.644446851192846]]]},"properties":{"OBJECTID":211,"STATEFP20":"53","PLACEFP20":"63000","PLACENS20":"02411856","GEOID20":"5363000","NAME20":"Seattle","NAMELSAD20":"Seattle city","LSAD20":"25","CLASSFP20":"C1","PCICBSA20":"Y","PCINECTA20":"N","MTFCC20":"G4110","FUNCSTAT20":"A","ALAND20":217119656,"AWATER20":150846139,"INTPTLAT20":"+47.6193387","INTPTLON20":"-122.3515649"}},{"type":"Feature","id":212,"geometry":{"type":"Polygon","coordinates":[[[-122.33683425131343,47.543392169767706],[-122.33702812442233,47.543718228763645],[-122.33742485257245,47.544080624739344],[-122.33810386876868,47.544446835684255],[-122.33837852689926,47.544809231673305],[-122.33850822713768,47.545720944707121],[-122.33852721415313,47.545772750707762],[-122.33847886303892,47.545326917689621],[-122.33871591102773,47.545120864652816],[-122.33807486262512,47.543864905656768],[-122.33683425131343,47.543392169767706]]]},"properties":{"OBJECTID":212,"STATEFP20":"53","PLACEFP20":"63000","PLACENS20":"02411856","GEOID20":"5363000","NAME20":"Seattle","NAMELSAD20":"Seattle city","LSAD20":"25","CLASSFP20":"C1","PCICBSA20":"Y","PCINECTA20":"N","MTFCC20":"G4110","FUNCSTAT20":"A","ALAND20":217119656,"AWATER20":150846139,"INTPTLAT20":"+47.6193387","INTPTLON20":"-122.3515649"}},{"type":"Feature","id":213,"geometry":{"type":"Polygon","coordinates":[[[-122.25714332513408,47.545947386623581],[-122.25714835116189,47.546060461629033],[-122.25757559739354,47.546743292618451],[-122.25761374454717,47.547361273646999],[-122.2573085686748,47.548101324719546],[-122.25662192368368,47.548601049821144],[-122.25498160346379,47.548784156010321],[-122.25363058827588,47.548906690164657],[-122.25419429936522,47.548901462102677],[-122.25611745765332,47.548813459887619],[-122.25638433067994,47.548745384854783],[-122.25706342976262,47.548634415774629],[-122.25733030275632,47.548428367734466],[-122.25746745067268,47.547985489695996],[-122.25780339659653,47.547440326630422],[-122.25780339746554,47.546891472601374],[-122.25714332513408,47.545947386623581]]]},"properties":{"OBJECTID":213,"STATEFP20":"53","PLACEFP20":"63000","PLACENS20":"02411856","GEOID20":"5363000","NAME20":"Seattle","NAMELSAD20":"Seattle city","LSAD20":"25","CLASSFP20":"C1","PCICBSA20":"Y","PCINECTA20":"N","MTFCC20":"G4110","FUNCSTAT20":"A","ALAND20":217119656,"AWATER20":150846139,"INTPTLAT20":"+47.6193387","INTPTLON20":"-122.3515649"}},{"type":"Feature","id":214,"geometry":{"type":"Polygon","coordinates":[[[-122.26144279936416,47.556582100715993],[-122.26144279857871,47.557480331763543],[-122.26208369286032,47.558228330732973],[-122.26302983919278,47.558983362669309],[-122.26332775335099,47.559445386661125],[-122.26360165856437,47.560154311668683],[-122.26421990886415,47.56099321464535],[-122.26402243966515,47.560293097629931],[-122.26325187125151,47.559080023650161],[-122.26234397293885,47.558381933712582],[-122.26170310259077,47.55735578072845],[-122.26144279936416,47.556582100715993]]]},"properties":{"OBJECTID":214,"STATEFP20":"53","PLACEFP20":"63000","PLACENS20":"02411856","GEOID20":"5363000","NAME20":"Seattle","NAMELSAD20":"Seattle city","LSAD20":"25","CLASSFP20":"C1","PCICBSA20":"Y","PCINECTA20":"N","MTFCC20":"G4110","FUNCSTAT20":"A","ALAND20":217119656,"AWATER20":150846139,"INTPTLAT20":"+47.6193387","INTPTLON20":"-122.3515649"}},{"type":"Feature","id":215,"geometry":{"type":"Polygon","coordinates":[[[-122.34794730590475,47.563526066610692],[-122.34788475897001,47.563840756634065],[-122.34876213945994,47.565301785614793],[-122.34989129093465,47.56653011855569],[-122.34989129107423,47.567113766586353],[-122.35002359813161,47.567264974579849],[-122.350068539012,47.566734790547038],[-122.34976360175604,47.565868794534886],[-122.34848150627768,47.564727663615344],[-122.34794730590475,47.563526066610692]]]},"properties":{"OBJECTID":215,"STATEFP20":"53","PLACEFP20":"63000","PLACENS20":"02411856","GEOID20":"5363000","NAME20":"Seattle","NAMELSAD20":"Seattle city","LSAD20":"25","CLASSFP20":"C1","PCICBSA20":"Y","PCINECTA20":"N","MTFCC20":"G4110","FUNCSTAT20":"A","ALAND20":217119656,"AWATER20":150846139,"INTPTLAT20":"+47.6193387","INTPTLON20":"-122.3515649"}},{"type":"Feature","id":216,"geometry":{"type":"Polygon","coordinates":[[[-122.30102600636135,47.646877514135269],[-122.30103311640649,47.647060372144104],[-122.30722552239793,47.647047577463582],[-122.30722225437675,47.646961522459428],[-122.30102600636135,47.646877514135269]]]},"properties":{"OBJECTID":216,"STATEFP20":"53","PLACEFP20":"63000","PLACENS20":"02411856","GEOID20":"5363000","NAME20":"Seattle","NAMELSAD20":"Seattle city","LSAD20":"25","CLASSFP20":"C1","PCICBSA20":"Y","PCINECTA20":"N","MTFCC20":"G4110","FUNCSTAT20":"A","ALAND20":217119656,"AWATER20":150846139,"INTPTLAT20":"+47.6193387","INTPTLON20":"-122.3515649"}},{"type":"Feature","id":217,"geometry":{"type":"Polygon","coordinates":[[[-122.314673994614,47.651289036868185],[-122.31479609064459,47.651334661857149],[-122.31541407180897,47.651605504803499],[-122.31568110085088,47.651601689773948],[-122.31630671098068,47.651723760711668],[-122.3164440401395,47.652292150726339],[-122.31710779836165,47.65277280167868],[-122.31760370846325,47.652864354629017],[-122.31762180546757,47.652870074627309],[-122.31749865442676,47.652782577636273],[-122.31718684626557,47.652320554646295],[-122.31665158210269,47.652000541688274],[-122.31644553297042,47.651588488689313],[-122.31583568081747,47.651359473744279],[-122.314673994614,47.651289036868185]]]},"properties":{"OBJECTID":217,"STATEFP20":"53","PLACEFP20":"63000","PLACENS20":"02411856","GEOID20":"5363000","NAME20":"Seattle","NAMELSAD20":"Seattle city","LSAD20":"25","CLASSFP20":"C1","PCICBSA20":"Y","PCINECTA20":"N","MTFCC20":"G4110","FUNCSTAT20":"A","ALAND20":217119656,"AWATER20":150846139,"INTPTLAT20":"+47.6193387","INTPTLON20":"-122.3515649"}},{"type":"Feature","id":218,"geometry":{"type":"Polygon","coordinates":[[[-122.34194286138002,47.548618050483732],[-122.34185913242048,47.548843770504803],[-122.34124910847657,47.549487828605464],[-122.34098204952595,47.549873738655002],[-122.34084409462402,47.550376831696617],[-122.34074518070659,47.550788729729128],[-122.34101223881058,47.551044880713398],[-122.34127723586587,47.551098637687211],[-122.3409725236551,47.550420651684838],[-122.34153709853689,47.549547085577046],[-122.34234581452525,47.548955807457361],[-122.34220848542674,47.548635373455532],[-122.34194286138002,47.548618050483732]]]},"properties":{"OBJECTID":218,"STATEFP20":"53","PLACEFP20":"63000","PLACENS20":"02411856","GEOID20":"5363000","NAME20":"Seattle","NAMELSAD20":"Seattle city","LSAD20":"25","CLASSFP20":"C1","PCICBSA20":"Y","PCINECTA20":"N","MTFCC20":"G4110","FUNCSTAT20":"A","ALAND20":217119656,"AWATER20":150846139,"INTPTLAT20":"+47.6193387","INTPTLON20":"-122.3515649"}},{"type":"Feature","id":219,"geometry":{"type":"Polygon","coordinates":[[[-122.28047145587244,47.720793241267891],[-122.28047145630647,47.722589399361915],[-122.28012813372233,47.724538709501651],[-122.27982295784012,47.725229169571342],[-122.27977718205125,47.726133253623686],[-122.28018455132512,47.726994995623926],[-122.28000032819182,47.726566298621755],[-122.27990125494338,47.72560439358233],[-122.2800763037668,47.724757277518776],[-122.28041242355648,47.723663304424591],[-122.28067929731256,47.72247624833313],[-122.28075540307036,47.72142330126966],[-122.28064842896667,47.721065387262712],[-122.28047145587244,47.720793241267891]]]},"properties":{"OBJECTID":219,"STATEFP20":"53","PLACEFP20":"63000","PLACENS20":"02411856","GEOID20":"5363000","NAME20":"Seattle","NAMELSAD20":"Seattle city","LSAD20":"25","CLASSFP20":"C1","PCICBSA20":"Y","PCINECTA20":"N","MTFCC20":"G4110","FUNCSTAT20":"A","ALAND20":217119656,"AWATER20":150846139,"INTPTLAT20":"+47.6193387","INTPTLON20":"-122.3515649"}},{"type":"Feature","id":220,"geometry":{"type":"Polygon","coordinates":[[[-122.27462860471816,47.707483691213803],[-122.27463591274821,47.707603403219281],[-122.27483492795596,47.708331431235507],[-122.27500307507064,47.708694382236018],[-122.27541495431269,47.709422453228889],[-122.27601694783419,47.711181460254778],[-122.27628215719027,47.712479288293594],[-122.27597773965893,47.710481550222461],[-122.27548182819505,47.708890821193698],[-122.27462860471816,47.707483691213803]]]},"properties":{"OBJECTID":220,"STATEFP20":"53","PLACEFP20":"63000","PLACENS20":"02411856","GEOID20":"5363000","NAME20":"Seattle","NAMELSAD20":"Seattle city","LSAD20":"25","CLASSFP20":"C1","PCICBSA20":"Y","PCINECTA20":"N","MTFCC20":"G4110","FUNCSTAT20":"A","ALAND20":217119656,"AWATER20":150846139,"INTPTLAT20":"+47.6193387","INTPTLON20":"-122.3515649"}},{"type":"Feature","id":221,"geometry":{"type":"Polygon","coordinates":[[[-122.34559283199165,47.573828392410284],[-122.34593098611252,47.578285652607491],[-122.34599267109388,47.573987852374835],[-122.34559283199165,47.573828392410284]]]},"properties":{"OBJECTID":221,"STATEFP20":"53","PLACEFP20":"63000","PLACENS20":"02411856","GEOID20":"5363000","NAME20":"Seattle","NAMELSAD20":"Seattle city","LSAD20":"25","CLASSFP20":"C1","PCICBSA20":"Y","PCINECTA20":"N","MTFCC20":"G4110","FUNCSTAT20":"A","ALAND20":217119656,"AWATER20":150846139,"INTPTLAT20":"+47.6193387","INTPTLON20":"-122.3515649"}},{"type":"Feature","id":222,"geometry":{"type":"Polygon","coordinates":[[[-122.32578719705812,47.53717230864882],[-122.32660636835689,47.53787411359621],[-122.32739219579241,47.5391711105786],[-122.32813224806306,47.539808164531202],[-122.32874259915995,47.539804350464223],[-122.32946739231531,47.539968382393532],[-122.33073387166952,47.540601621288339],[-122.33104138176981,47.540815437265948],[-122.3309866487251,47.540664881263993],[-122.32990369237842,47.539939851344286],[-122.32923179920989,47.5396848624044],[-122.32801860598805,47.539570033531056],[-122.32733964873161,47.53895196257281],[-122.327202528656,47.538727014575905],[-122.32717153360187,47.538520961568459],[-122.32656148130742,47.537697016591785],[-122.32578719705812,47.53717230864882]]]},"properties":{"OBJECTID":222,"STATEFP20":"53","PLACEFP20":"63000","PLACENS20":"02411856","GEOID20":"5363000","NAME20":"Seattle","NAMELSAD20":"Seattle city","LSAD20":"25","CLASSFP20":"C1","PCICBSA20":"Y","PCINECTA20":"N","MTFCC20":"G4110","FUNCSTAT20":"A","ALAND20":217119656,"AWATER20":150846139,"INTPTLAT20":"+47.6193387","INTPTLON20":"-122.3515649"}},{"type":"Feature","id":223,"geometry":{"type":"Polygon","coordinates":[[[-122.34999048028924,47.567946350619287],[-122.34985314434364,47.568265805651123],[-122.3525920972816,47.570352444460688],[-122.353166508401,47.570466878403785],[-122.35284581828265,47.570186794424203],[-122.35122069674931,47.569045692542268],[-122.35007658634713,47.568130701619502],[-122.34999048028924,47.567946350619287]]]},"properties":{"OBJECTID":223,"STATEFP20":"53","PLACEFP20":"63000","PLACENS20":"02411856","GEOID20":"5363000","NAME20":"Seattle","NAMELSAD20":"Seattle city","LSAD20":"25","CLASSFP20":"C1","PCICBSA20":"Y","PCINECTA20":"N","MTFCC20":"G4110","FUNCSTAT20":"A","ALAND20":217119656,"AWATER20":150846139,"INTPTLAT20":"+47.6193387","INTPTLON20":"-122.3515649"}},{"type":"Feature","id":224,"geometry":{"type":"Polygon","coordinates":[[[-122.28202682634706,47.609549579257134],[-122.28175316750769,47.610402961332078],[-122.2810817817895,47.612028022491309],[-122.28065453501634,47.613260169603045],[-122.28059132546096,47.615156479709839],[-122.28071598342835,47.614936930684614],[-122.2807159830935,47.613540831611132],[-122.28112000384647,47.612239985498263],[-122.28186817576906,47.611415879372835],[-122.2818301014851,47.610257000315976],[-122.28202682634706,47.609549579257134]]]},"properties":{"OBJECTID":224,"STATEFP20":"53","PLACEFP20":"63000","PLACENS20":"02411856","GEOID20":"5363000","NAME20":"Seattle","NAMELSAD20":"Seattle city","LSAD20":"25","CLASSFP20":"C1","PCICBSA20":"Y","PCINECTA20":"N","MTFCC20":"G4110","FUNCSTAT20":"A","ALAND20":217119656,"AWATER20":150846139,"INTPTLAT20":"+47.6193387","INTPTLON20":"-122.3515649"}},{"type":"Feature","id":225,"geometry":{"type":"Polygon","coordinates":[[[-122.35272553528263,47.649472370594097],[-122.36113704058954,47.653455627878408],[-122.3612601586254,47.653522500868341],[-122.36048421635873,47.652931274922715],[-122.35272553528263,47.649472370594097]]]},"properties":{"OBJECTID":225,"STATEFP20":"53","PLACEFP20":"63000","PLACENS20":"02411856","GEOID20":"5363000","NAME20":"Seattle","NAMELSAD20":"Seattle city","LSAD20":"25","CLASSFP20":"C1","PCICBSA20":"Y","PCINECTA20":"N","MTFCC20":"G4110","FUNCSTAT20":"A","ALAND20":217119656,"AWATER20":150846139,"INTPTLAT20":"+47.6193387","INTPTLON20":"-122.3515649"}},{"type":"Feature","id":226,"geometry":{"type":"Polygon","coordinates":[[[-122.318474781521,47.53145210214705],[-122.3190685236985,47.531797301100347],[-122.32106742531842,47.533052335947879],[-122.32236442270018,47.533780943844391],[-122.32308709688233,47.534058894780024],[-122.32241129869814,47.533740937837209],[-122.32167115843207,47.533123015885572],[-122.32129728834595,47.53301304592064],[-122.31977817385209,47.531963974031477],[-122.31947308772662,47.531643122047953],[-122.31852710248859,47.531281173132335],[-122.31847784247383,47.531252219136171],[-122.318474781521,47.53145210214705]]]},"properties":{"OBJECTID":226,"STATEFP20":"53","PLACEFP20":"63000","PLACENS20":"02411856","GEOID20":"5363000","NAME20":"Seattle","NAMELSAD20":"Seattle city","LSAD20":"25","CLASSFP20":"C1","PCICBSA20":"Y","PCINECTA20":"N","MTFCC20":"G4110","FUNCSTAT20":"A","ALAND20":217119656,"AWATER20":150846139,"INTPTLAT20":"+47.6193387","INTPTLON20":"-122.3515649"}},{"type":"Feature","id":227,"geometry":{"type":"Polygon","coordinates":[[[-122.28316967418857,47.603950857836963],[-122.28274498825232,47.604501623912533],[-122.28262291799717,47.607690711093866],[-122.28213773528194,47.609203717226798],[-122.28250907016496,47.608466951147271],[-122.28292094882241,47.606761910012274],[-122.28305102126728,47.604358969871463],[-122.28316967418857,47.603950857836963]]]},"properties":{"OBJECTID":227,"STATEFP20":"53","PLACEFP20":"63000","PLACENS20":"02411856","GEOID20":"5363000","NAME20":"Seattle","NAMELSAD20":"Seattle city","LSAD20":"25","CLASSFP20":"C1","PCICBSA20":"Y","PCINECTA20":"N","MTFCC20":"G4110","FUNCSTAT20":"A","ALAND20":217119656,"AWATER20":150846139,"INTPTLAT20":"+47.6193387","INTPTLON20":"-122.3515649"}},{"type":"Feature","id":228,"geometry":{"type":"Polygon","coordinates":[[[-122.35764827325364,47.583563667600465],[-122.35660004615632,47.583858519730867],[-122.35670700745105,47.585017591779994],[-122.35768249361004,47.58502910967367],[-122.35772668461496,47.585019955668351],[-122.35772668454462,47.58472622465294],[-122.35707818544071,47.584726224724022],[-122.3571315913716,47.58440197470113],[-122.35778771947582,47.584398160628993],[-122.35778771942284,47.584176907617376],[-122.35707818530094,47.584142575693377],[-122.35707818523971,47.583886990679957],[-122.35767327832595,47.583848843612728],[-122.35764827325364,47.583563667600465]]]},"properties":{"OBJECTID":228,"STATEFP20":"53","PLACEFP20":"63000","PLACENS20":"02411856","GEOID20":"5363000","NAME20":"Seattle","NAMELSAD20":"Seattle city","LSAD20":"25","CLASSFP20":"C1","PCICBSA20":"Y","PCINECTA20":"N","MTFCC20":"G4110","FUNCSTAT20":"A","ALAND20":217119656,"AWATER20":150846139,"INTPTLAT20":"+47.6193387","INTPTLON20":"-122.3515649"}},{"type":"Feature","id":229,"geometry":{"type":"Polygon","coordinates":[[[-122.31098569187033,47.642340941803845],[-122.31190454696529,47.64212216769149],[-122.31221735304398,47.642240422663356],[-122.31323206227931,47.642541783567744],[-122.31439173046549,47.642541783440429],[-122.3145925855185,47.642628263422914],[-122.31431736841454,47.642379449440099],[-122.31319534819592,47.642219507554842],[-122.31272247107603,47.642036469597166],[-122.31238752292879,47.641647556613542],[-122.31201337188044,47.641696485657178],[-122.31098569187033,47.642340941803845]]]},"properties":{"OBJECTID":229,"STATEFP20":"53","PLACEFP20":"63000","PLACENS20":"02411856","GEOID20":"5363000","NAME20":"Seattle","NAMELSAD20":"Seattle city","LSAD20":"25","CLASSFP20":"C1","PCICBSA20":"Y","PCINECTA20":"N","MTFCC20":"G4110","FUNCSTAT20":"A","ALAND20":217119656,"AWATER20":150846139,"INTPTLAT20":"+47.6193387","INTPTLON20":"-122.3515649"}},{"type":"Feature","id":230,"geometry":{"type":"Polygon","coordinates":[[[-122.34931597661971,47.55723294112979],[-122.34967766593857,47.558324704147566],[-122.34947167247456,47.560705075295346],[-122.34963188962246,47.56121624430466],[-122.34967693377666,47.561831097332082],[-122.34983250478811,47.561774701312082],[-122.35006853877691,47.56156969127543],[-122.35010674572281,47.561317742258005],[-122.34962648236757,47.560153663249402],[-122.3496264821998,47.5594517592125],[-122.34990057306777,47.558715671143766],[-122.34990057293297,47.558151692114059],[-122.34976360181614,47.557754755108249],[-122.34931597661971,47.55723294112979]]]},"properties":{"OBJECTID":230,"STATEFP20":"53","PLACEFP20":"63000","PLACENS20":"02411856","GEOID20":"5363000","NAME20":"Seattle","NAMELSAD20":"Seattle city","LSAD20":"25","CLASSFP20":"C1","PCICBSA20":"Y","PCINECTA20":"N","MTFCC20":"G4110","FUNCSTAT20":"A","ALAND20":217119656,"AWATER20":150846139,"INTPTLAT20":"+47.6193387","INTPTLON20":"-122.3515649"}},{"type":"Feature","id":231,"geometry":{"type":"Polygon","coordinates":[[[-122.29871633581709,47.646156864350999],[-122.29889642887565,47.646280189337716],[-122.299743292163,47.646909614277789],[-122.30014764926469,47.647062202241386],[-122.30103311640649,47.647060372144104],[-122.30102600636135,47.646877514135269],[-122.29997392708324,47.646423567226954],[-122.29923395984417,47.645923642281964],[-122.29895922881659,47.645992542315717],[-122.29871633581709,47.646156864350999]]]},"properties":{"OBJECTID":231,"STATEFP20":"53","PLACEFP20":"63000","PLACENS20":"02411856","GEOID20":"5363000","NAME20":"Seattle","NAMELSAD20":"Seattle city","LSAD20":"25","CLASSFP20":"C1","PCICBSA20":"Y","PCINECTA20":"N","MTFCC20":"G4110","FUNCSTAT20":"A","ALAND20":217119656,"AWATER20":150846139,"INTPTLAT20":"+47.6193387","INTPTLON20":"-122.3515649"}},{"type":"Feature","id":232,"geometry":{"type":"Polygon","coordinates":[[[-122.28149124419726,47.6259577401797],[-122.27983118323343,47.627219761428236],[-122.27955610427347,47.627570816476897],[-122.27908335726811,47.627864865544204],[-122.27895411137915,47.628413849587261],[-122.2786101333726,47.628616858635681],[-122.27861013250437,47.629165712664559],[-122.27813703757025,47.629756809747612],[-122.27709216662771,47.630695747911631],[-122.27661907170634,47.631339811997393],[-122.27659864273016,47.631452711005558],[-122.27681695370386,47.631196877968165],[-122.27779351564367,47.630292793813446],[-122.2785411965761,47.629510780690282],[-122.27955590630508,47.627702614483823],[-122.28013574026092,47.627130409390134],[-122.28149124419726,47.6259577401797]]]},"properties":{"OBJECTID":232,"STATEFP20":"53","PLACEFP20":"63000","PLACENS20":"02411856","GEOID20":"5363000","NAME20":"Seattle","NAMELSAD20":"Seattle city","LSAD20":"25","CLASSFP20":"C1","PCICBSA20":"Y","PCINECTA20":"N","MTFCC20":"G4110","FUNCSTAT20":"A","ALAND20":217119656,"AWATER20":150846139,"INTPTLAT20":"+47.6193387","INTPTLON20":"-122.3515649"}},{"type":"Feature","id":233,"geometry":{"type":"Polygon","coordinates":[[[-122.2878003796491,47.65691021911411],[-122.2881018047085,47.656955595083396],[-122.28830077572384,47.65688652205791],[-122.2887128286654,47.656368492985472],[-122.28874282860318,47.656089550967522],[-122.28793383246662,47.656062590054937],[-122.28786575741262,47.655883546053019],[-122.28858722337462,47.655243448940169],[-122.28803217132428,47.6554049470096],[-122.28706323827772,47.655858895139858],[-122.28737604341427,47.656217477124322],[-122.28759729547187,47.656309030104836],[-122.28831445960087,47.656366250029073],[-122.2878003796491,47.65691021911411]]]},"properties":{"OBJECTID":233,"STATEFP20":"53","PLACEFP20":"63000","PLACENS20":"02411856","GEOID20":"5363000","NAME20":"Seattle","NAMELSAD20":"Seattle city","LSAD20":"25","CLASSFP20":"C1","PCICBSA20":"Y","PCINECTA20":"N","MTFCC20":"G4110","FUNCSTAT20":"A","ALAND20":217119656,"AWATER20":150846139,"INTPTLAT20":"+47.6193387","INTPTLON20":"-122.3515649"}},{"type":"Feature","id":234,"geometry":{"type":"Polygon","coordinates":[[[-122.36576185993545,47.655967646501558],[-122.36583356495692,47.656009276495858],[-122.36593229101224,47.656173212493542],[-122.3683664028303,47.657951191318972],[-122.36894560397732,47.65817616826709],[-122.3696855272179,47.658683083212274],[-122.37090644668439,47.659808098136871],[-122.37172252086772,47.660026216058547],[-122.37243261806505,47.660373058998623],[-122.37246077807059,47.660377395995766],[-122.371612202834,47.659959686067239],[-122.37063564055535,47.659452331148017],[-122.37019313535407,47.658910644168365],[-122.36988795926932,47.658761871194145],[-122.36956752411693,47.658342254207405],[-122.36898768991566,47.657892120247674],[-122.36849177983619,47.657892120302151],[-122.36751521649971,47.657144439370398],[-122.36688197626138,47.656576050410266],[-122.36576185993545,47.655967646501558]]]},"properties":{"OBJECTID":234,"STATEFP20":"53","PLACEFP20":"63000","PLACENS20":"02411856","GEOID20":"5363000","NAME20":"Seattle","NAMELSAD20":"Seattle city","LSAD20":"25","CLASSFP20":"C1","PCICBSA20":"Y","PCINECTA20":"N","MTFCC20":"G4110","FUNCSTAT20":"A","ALAND20":217119656,"AWATER20":150846139,"INTPTLAT20":"+47.6193387","INTPTLON20":"-122.3515649"}},{"type":"Feature","id":235,"geometry":{"type":"Polygon","coordinates":[[[-122.23560224798975,47.509521121046404],[-122.23710346342406,47.510331781925458],[-122.23882843189658,47.511151719780536],[-122.23976654608548,47.51131179068657],[-122.24195406148162,47.511498756457449],[-122.24164541041671,47.511434454487699],[-122.24063833021667,47.511274237589269],[-122.23933370398335,47.511175055726589],[-122.23612771607533,47.509525597989253],[-122.23560224798975,47.509521121046404]]]},"properties":{"OBJECTID":235,"STATEFP20":"53","PLACEFP20":"63000","PLACENS20":"02411856","GEOID20":"5363000","NAME20":"Seattle","NAMELSAD20":"Seattle city","LSAD20":"25","CLASSFP20":"C1","PCICBSA20":"Y","PCINECTA20":"N","MTFCC20":"G4110","FUNCSTAT20":"A","ALAND20":217119656,"AWATER20":150846139,"INTPTLAT20":"+47.6193387","INTPTLON20":"-122.3515649"}},{"type":"Feature","id":236,"geometry":{"type":"Polygon","coordinates":[[[-122.33628508636632,47.627505670248823],[-122.33612787536183,47.627591982270609],[-122.33617365150658,47.628164186295557],[-122.33661615660505,47.628278627252989],[-122.33732569071887,47.628278627175128],[-122.33759271974061,47.628190889141237],[-122.33790552475411,47.628038301098904],[-122.33816492372337,47.627736940054604],[-122.33821832945802,47.626596345988972],[-122.33860742856258,47.626771821955508],[-122.33888208777336,47.627466096961747],[-122.33896100080082,47.627527792956315],[-122.33896100063986,47.626857504921141],[-122.33841905047679,47.626540487964014],[-122.33801502941749,47.626563455009567],[-122.33797695371831,47.62784155208076],[-122.33632105847023,47.627914446266288],[-122.33628508636632,47.627505670248823]]]},"properties":{"OBJECTID":236,"STATEFP20":"53","PLACEFP20":"63000","PLACENS20":"02411856","GEOID20":"5363000","NAME20":"Seattle","NAMELSAD20":"Seattle city","LSAD20":"25","CLASSFP20":"C1","PCICBSA20":"Y","PCINECTA20":"N","MTFCC20":"G4110","FUNCSTAT20":"A","ALAND20":217119656,"AWATER20":150846139,"INTPTLAT20":"+47.6193387","INTPTLON20":"-122.3515649"}},{"type":"Feature","id":237,"geometry":{"type":"Polygon","coordinates":[[[-122.36116822057208,47.574183194722224],[-122.36133012194877,47.579826653000779],[-122.36141828396784,47.579847435992178],[-122.36149560364353,47.574262508690524],[-122.36116822057208,47.574183194722224]]]},"properties":{"OBJECTID":237,"STATEFP20":"53","PLACEFP20":"63000","PLACENS20":"02411856","GEOID20":"5363000","NAME20":"Seattle","NAMELSAD20":"Seattle city","LSAD20":"25","CLASSFP20":"C1","PCICBSA20":"Y","PCINECTA20":"N","MTFCC20":"G4110","FUNCSTAT20":"A","ALAND20":217119656,"AWATER20":150846139,"INTPTLAT20":"+47.6193387","INTPTLON20":"-122.3515649"}},{"type":"Feature","id":238,"geometry":{"type":"Polygon","coordinates":[[[-122.33025617102801,47.630124219047772],[-122.32973444194539,47.630128756105272],[-122.32937586090159,47.63018597714764],[-122.32915460791739,47.630399600183125],[-122.32884180294603,47.630727664234676],[-122.32835352194739,47.631059543305675],[-122.32773554089955,47.631273166384666],[-122.32707178390118,47.631723300481127],[-122.32774633209824,47.63209321442654],[-122.32773780404698,47.631885496416558],[-122.32786787500734,47.631633515389041],[-122.32834765598533,47.631221462314784],[-122.32875267500181,47.631019452259721],[-122.32946177409904,47.630950552178319],[-122.33025617102801,47.630124219047772]]]},"properties":{"OBJECTID":238,"STATEFP20":"53","PLACEFP20":"63000","PLACENS20":"02411856","GEOID20":"5363000","NAME20":"Seattle","NAMELSAD20":"Seattle city","LSAD20":"25","CLASSFP20":"C1","PCICBSA20":"Y","PCINECTA20":"N","MTFCC20":"G4110","FUNCSTAT20":"A","ALAND20":217119656,"AWATER20":150846139,"INTPTLAT20":"+47.6193387","INTPTLON20":"-122.3515649"}},{"type":"Feature","id":239,"geometry":{"type":"Polygon","coordinates":[[[-122.33351957918238,47.628587037609016],[-122.33338402615669,47.628570621623034],[-122.33334595106813,47.628227425609197],[-122.33303987400345,47.628162563639393],[-122.33246787991794,47.628188568703536],[-122.33226200611955,47.629165538777372],[-122.33094974101353,47.629600558944198],[-122.33040779001446,47.62996650502285],[-122.33025617102801,47.630124219047772],[-122.33061182308434,47.6301211270086],[-122.33137476207666,47.629579439896453],[-122.33213770214864,47.629369631801687],[-122.33248865416189,47.62919034075378],[-122.33265650118149,47.629159822733804],[-122.33336603421562,47.628827944638523],[-122.33351957918238,47.628587037609016]]]},"properties":{"OBJECTID":239,"STATEFP20":"53","PLACEFP20":"63000","PLACENS20":"02411856","GEOID20":"5363000","NAME20":"Seattle","NAMELSAD20":"Seattle city","LSAD20":"25","CLASSFP20":"C1","PCICBSA20":"Y","PCINECTA20":"N","MTFCC20":"G4110","FUNCSTAT20":"A","ALAND20":217119656,"AWATER20":150846139,"INTPTLAT20":"+47.6193387","INTPTLON20":"-122.3515649"}},{"type":"Feature","id":240,"geometry":{"type":"Polygon","coordinates":[[[-122.2872674440823,47.58405800733933],[-122.28725373413012,47.584267064351856],[-122.2870867591983,47.584664009391069],[-122.28573589834113,47.58616703961836],[-122.28566786747811,47.586784966658406],[-122.28529384559238,47.58751303873774],[-122.2850267987898,47.588517012819942],[-122.28505679891146,47.589004998842384],[-122.28516549698614,47.589243953843066],[-122.28506431988833,47.588903325836228],[-122.28521690772381,47.58811368377787],[-122.2857814834921,47.586767095645016],[-122.28694115135421,47.585412877446522],[-122.28731499129189,47.584901708378617],[-122.28741417316627,47.584310430336572],[-122.2872674440823,47.58405800733933]]]},"properties":{"OBJECTID":240,"STATEFP20":"53","PLACEFP20":"63000","PLACENS20":"02411856","GEOID20":"5363000","NAME20":"Seattle","NAMELSAD20":"Seattle city","LSAD20":"25","CLASSFP20":"C1","PCICBSA20":"Y","PCINECTA20":"N","MTFCC20":"G4110","FUNCSTAT20":"A","ALAND20":217119656,"AWATER20":150846139,"INTPTLAT20":"+47.6193387","INTPTLON20":"-122.3515649"}},{"type":"Feature","id":241,"geometry":{"type":"Polygon","coordinates":[[[-122.30104914550816,47.647472652163962],[-122.29991305932278,47.647460580288033],[-122.29950100628324,47.647571549339155],[-122.29936303330412,47.647750593363689],[-122.29882894024502,47.647861562428162],[-122.29865410826646,47.648067567458156],[-122.29869200936609,47.648456653474398],[-122.2988899824152,47.648528592456451],[-122.29875300650785,47.649005507496561],[-122.29808194042675,47.649116649576044],[-122.29760906341762,47.649394592642558],[-122.29804321359849,47.649856616619154],[-122.29836099165733,47.649888944585932],[-122.29912531138113,47.648229499414938],[-122.30019342637198,47.647478004258204],[-122.30741421455441,47.647572304470366],[-122.30724439452045,47.647544546487566],[-122.30104914550816,47.647472652163962]]]},"properties":{"OBJECTID":241,"STATEFP20":"53","PLACEFP20":"63000","PLACENS20":"02411856","GEOID20":"5363000","NAME20":"Seattle","NAMELSAD20":"Seattle city","LSAD20":"25","CLASSFP20":"C1","PCICBSA20":"Y","PCINECTA20":"N","MTFCC20":"G4110","FUNCSTAT20":"A","ALAND20":217119656,"AWATER20":150846139,"INTPTLAT20":"+47.6193387","INTPTLON20":"-122.3515649"}},{"type":"Feature","id":242,"geometry":{"type":"Polygon","coordinates":[[[-122.34112731709654,47.58143558229947],[-122.34079143401543,47.581321657330307],[-122.34062343814102,47.581958681382147],[-122.34252205871573,47.583088092233453],[-122.34255181557658,47.582486998198618],[-122.34112731709654,47.58143558229947]]]},"properties":{"OBJECTID":242,"STATEFP20":"53","PLACEFP20":"63000","PLACENS20":"02411856","GEOID20":"5363000","NAME20":"Seattle","NAMELSAD20":"Seattle city","LSAD20":"25","CLASSFP20":"C1","PCICBSA20":"Y","PCINECTA20":"N","MTFCC20":"G4110","FUNCSTAT20":"A","ALAND20":217119656,"AWATER20":150846139,"INTPTLAT20":"+47.6193387","INTPTLON20":"-122.3515649"}},{"type":"Feature","id":243,"geometry":{"type":"Polygon","coordinates":[[[-122.27230570493155,47.568391795151193],[-122.27376518047701,47.569692511060104],[-122.27429160868468,47.57020749502967],[-122.27506217783038,47.570299047950137],[-122.27573356502671,47.570669072896145],[-122.27659568742611,47.571760076859334],[-122.27716789152072,47.571771520797277],[-122.27722412251615,47.571714462788123],[-122.2768625014386,47.571633179823394],[-122.27658824733334,47.571377204839948],[-122.27635137512475,47.570664067828169],[-122.27392516547962,47.569596187037476],[-122.27342124531648,47.569252209074484],[-122.27271227704477,47.568592212117231],[-122.27230570493155,47.568391795151193]]]},"properties":{"OBJECTID":243,"STATEFP20":"53","PLACEFP20":"63000","PLACENS20":"02411856","GEOID20":"5363000","NAME20":"Seattle","NAMELSAD20":"Seattle city","LSAD20":"25","CLASSFP20":"C1","PCICBSA20":"Y","PCINECTA20":"N","MTFCC20":"G4110","FUNCSTAT20":"A","ALAND20":217119656,"AWATER20":150846139,"INTPTLAT20":"+47.6193387","INTPTLON20":"-122.3515649"}},{"type":"Feature","id":244,"geometry":{"type":"Polygon","coordinates":[[[-122.26020733840075,47.524034943127425],[-122.25995418238972,47.52415958116174],[-122.25975620853139,47.524887479221967],[-122.25985528193937,47.526532478298336],[-122.25998522426559,47.52781357135202],[-122.26029012844566,47.528363423347827],[-122.26116837181939,47.529339438303509],[-122.26185822396938,47.529503642236762],[-122.26179464894309,47.529436009240122],[-122.26113852067128,47.528737920274885],[-122.26020773433346,47.527948277334815],[-122.2600246288894,47.526208776262663],[-122.25994833478534,47.525823491250577],[-122.25994833454079,47.52479733819618],[-122.26017721640213,47.524061101132112],[-122.26020733840075,47.524034943127425]]]},"properties":{"OBJECTID":244,"STATEFP20":"53","PLACEFP20":"63000","PLACENS20":"02411856","GEOID20":"5363000","NAME20":"Seattle","NAMELSAD20":"Seattle city","LSAD20":"25","CLASSFP20":"C1","PCICBSA20":"Y","PCINECTA20":"N","MTFCC20":"G4110","FUNCSTAT20":"A","ALAND20":217119656,"AWATER20":150846139,"INTPTLAT20":"+47.6193387","INTPTLON20":"-122.3515649"}},{"type":"Feature","id":245,"geometry":{"type":"MultiPolygon","coordinates":[[[[-122.4081646395426,47.667657741451016],[-122.40821804593531,47.669252285528145],[-122.40893520953556,47.67126644555411],[-122.40938534372346,47.671747097529604],[-122.4104916069511,47.671956905418902],[-122.41432156340959,47.671316035964445],[-122.41751827963714,47.670137293551655],[-122.42106594773318,47.668180354059778],[-122.422263762787,47.667608148898303],[-122.42310299693503,47.667665369809008],[-122.42452206385786,47.666402704587306],[-122.42598690782381,47.66528881236836],[-122.42798580897534,47.664590723112283],[-122.4297176821439,47.664140587898466],[-122.43148770121563,47.663263207658289],[-122.43299832134056,47.662778740466997],[-122.43437161253168,47.662660485309907],[-122.43504299951593,47.662149315209476],[-122.43504299937807,47.661577111179753],[-122.43410458398175,47.660554772229744],[-122.43352474978794,47.660135155271711],[-122.4324413755136,47.659715538368999],[-122.43169369438024,47.65965831844818],[-122.43058743226125,47.659898644582263],[-122.42969479304678,47.659601098664943],[-122.42880215278824,47.659120446738065],[-122.42760433848828,47.658670311846329],[-122.42648281704889,47.657590752913428],[-122.42554440078307,47.657110100991559],[-122.42157711438243,47.653928644262038],[-122.42018856387934,47.652761346353891],[-122.41965450561298,47.652009851373435],[-122.41929592436095,47.651201135370734],[-122.41898311916589,47.650598413373721],[-122.41853298386985,47.649667627374754],[-122.41759456850308,47.648767358430987],[-122.41758693824113,47.647683984375369],[-122.41811336706468,47.646600610261096],[-122.41784633783381,47.645818597249701],[-122.41811336671773,47.645158655186009],[-122.41819728960822,47.644647485150116],[-122.41797603742783,47.644044763143036],[-122.41787685415869,47.642991907099081],[-122.41667140966214,47.641729242165724],[-122.41568721726703,47.640741235222343],[-122.4127956763503,47.63885296044154],[-122.40811122590097,47.635942346804327],[-122.40431178688205,47.634233363132459],[-122.39732326018039,47.631807215773286],[-122.39568293985731,47.631555445940236],[-122.39505732863434,47.631044276982252],[-122.39456141850449,47.630834468025725],[-122.39376796136372,47.630777248109887],[-122.39292109818508,47.630597957193515],[-122.39238704003448,47.630327114237993],[-122.39185298293525,47.630269893293629],[-122.39109767281431,47.630269893376557],[-122.39012110977438,47.630754360509123],[-122.38914454772619,47.631204494639846],[-122.38874781876352,47.631624111705314],[-122.38821376172929,47.631837734775104],[-122.38678706453018,47.63195980493817],[-122.38585627838209,47.631963620040509],[-122.38577235444103,47.632264981065511],[-122.38577235470871,47.633378872123671],[-122.38417781146066,47.633409390300372],[-122.38378871072203,47.626432308978501],[-122.38214839047396,47.626493344161752],[-122.3821712801613,47.633500943525497],[-122.38105738797653,47.6334742406464],[-122.38085139326716,47.626497159304336],[-122.3799282361193,47.62649715940568],[-122.37976802077003,47.633474240787976],[-122.37888301062914,47.633478055885355],[-122.37898219131512,47.627942929585089],[-122.37818110518771,47.62794674467326],[-122.37795222284683,47.626680264632192],[-122.37609827955075,47.626684079835869],[-122.37395441914322,47.626417051057238],[-122.37070429632753,47.625188718349783],[-122.36830866568441,47.624109159556227],[-122.36598169990852,47.622430692723768],[-122.36392176224693,47.621049772877569],[-122.36295282895426,47.620477567953934],[-122.36103785028016,47.618947875083968],[-122.36000788197865,47.618379485167274],[-122.35951197071881,47.617627989182303],[-122.35786402118094,47.616487395303388],[-122.35567438449861,47.615106475471265],[-122.35736810971147,47.614862334272637],[-122.35736810960988,47.614438903250452],[-122.35465204518277,47.614473235550278],[-122.35429346306123,47.614206206575581],[-122.35633814138072,47.614171874349474],[-122.35616266525831,47.613778960348156],[-122.35513269697149,47.613271605434562],[-122.35291254263763,47.61336315868293],[-122.35285150744016,47.612581145648647],[-122.3509517880716,47.612314116843073],[-122.35095178798557,47.611955535824272],[-122.35156213908343,47.611955535757311],[-122.34942590835935,47.610364806908215],[-122.34791528813182,47.610425842077163],[-122.34577142744955,47.609014404238273],[-122.34648859052794,47.60886181615161],[-122.34577142729125,47.608354461203689],[-122.34399377795597,47.608144653387662],[-122.34368860184206,47.607873810406907],[-122.34368860175606,47.607515228388095],[-122.3423916045115,47.607362640522361],[-122.34158288825195,47.606820953582627],[-122.34136163613783,47.60649288958971],[-122.34260522729423,47.606313598443919],[-122.3426586331866,47.605829132412573],[-122.34114801293796,47.605802429576862],[-122.34113275387789,47.605562103565951],[-122.34193384001274,47.605588806479481],[-122.34193383994872,47.605321777465484],[-122.34059869569806,47.60516918960392],[-122.34042321956927,47.60474957360109],[-122.34014856139541,47.604207886602836],[-122.33997308533161,47.604059112614237],[-122.33939325115905,47.603727234660418],[-122.33916436899976,47.603216064658703],[-122.34072839514903,47.602792633464965],[-122.34014856099847,47.602552307515886],[-122.33916436888452,47.60273541263345],[-122.33872186372764,47.60237683166315],[-122.33876764061881,47.601892364632732],[-122.33956109767384,47.601591003529862],[-122.33960687363816,47.601411712515436],[-122.33831750537377,47.601171386644218],[-122.33702813818169,47.601232422788797],[-122.33671533208214,47.601026428812268],[-122.33670770299314,47.600660217793909],[-122.33920251536389,47.600538147513909],[-122.33942376837835,47.600450409485042],[-122.33962213231143,47.600038421441667],[-122.3411327513779,47.595132721018459],[-122.34220849585122,47.592214476747259],[-122.34278832990945,47.592069518676041],[-122.34277307072787,47.591321837638461],[-122.33830224501658,47.591344726129812],[-122.33830224482742,47.590555084088301],[-122.34275781154355,47.590562712600246],[-122.34281121745438,47.590154540572982],[-122.34254418839507,47.590085875598618],[-122.34219323631419,47.589982878631687],[-122.34219323626577,47.58978069962108],[-122.34273492332059,47.589647185554725],[-122.34262811119565,47.589197051542776],[-122.34202538907803,47.589109313604247],[-122.34219323603457,47.58881558157038],[-122.3427578111077,47.588743102504701],[-122.34281121687509,47.587736022445931],[-122.34238397076089,47.587545287482754],[-122.34208642350765,47.586686980470283],[-122.34261822455063,47.586510477402733],[-122.34238550050308,47.586467654425995],[-122.34242047122866,47.585298281360686],[-122.34215508814869,47.585142028381568],[-122.34213220002628,47.584646117358041],[-122.34243611810587,47.584775052331537],[-122.34244653602413,47.584426671312045],[-122.34287957513014,47.584579428272633],[-122.34227715793077,47.584150206316068],[-122.34230767584798,47.583783995293523],[-122.34297143301373,47.584031951233804],[-122.34307824392219,47.583578002198223],[-122.34251366875496,47.583257567243265],[-122.34252205871573,47.583088092233453],[-122.34062343814102,47.581958681382147],[-122.34079143401543,47.581321657330307],[-122.34112731709654,47.58143558229947],[-122.33966790360472,47.580358397402811],[-122.33966790355541,47.58015240439196],[-122.34271203346252,47.581903350150363],[-122.34262810925368,47.581087004116668],[-122.34185753993474,47.580270659158195],[-122.34102593562248,47.579522979210061],[-122.3399044142546,47.578737151291662],[-122.33975182611877,47.578271758283897],[-122.34020196118088,47.578229796232357],[-122.34054415428727,47.578445205206201],[-122.34065431425019,47.578216642182113],[-122.34265787987907,47.5795021320301],[-122.3428722499111,47.579492461006119],[-122.3425747028077,47.579259764026496],[-122.34246789171388,47.578939330021349],[-122.34239159764959,47.57872189201828],[-122.34259759161779,47.578451048981478],[-122.34242211548012,47.57799328497665],[-122.34271203215593,47.576444517863436],[-122.34271203210399,47.576227562852061],[-122.3426927407782,47.574878930783242],[-122.34258233161206,47.574258695762758],[-122.34268269360851,47.574176580747441],[-122.34267538848515,47.573665797721404],[-122.34298044441341,47.573161690661493],[-122.34396532199828,47.57076665842763],[-122.34443855300194,47.570464760359933],[-122.34494146682442,47.569385678248103],[-122.34477332176091,47.56923276225843],[-122.34510946255281,47.568137735164065],[-122.3449412884649,47.567882776169078],[-122.34554433793835,47.565276681965976],[-122.34541907462172,47.564036494914461],[-122.34512291751012,47.563768277932802],[-122.34519158249918,47.563676724920462],[-122.3450618824246,47.563451657922798],[-122.34465752430512,47.563222775955062],[-122.34505425330299,47.562948117897193],[-122.34471855908595,47.56226528689804],[-122.34445153078144,47.561170468869683],[-122.34262810379259,47.55825603991606],[-122.34195671647799,47.557390103943973],[-122.34074364328363,47.557390104076823],[-122.34033165515289,47.557119260107683],[-122.34027008410193,47.556947223105404],[-122.34014219007844,47.556934834118756],[-122.34004317199403,47.556647984114477],[-122.33993492695889,47.556573759122436],[-122.34000209295894,47.55652898111272],[-122.33986806884474,47.556140721106928],[-122.34021109288254,47.556068808065582],[-122.34179022917837,47.556247859902108],[-122.34180059617901,47.556243431900732],[-122.34189568114918,47.556054959880406],[-122.34173694106032,47.555789615883803],[-122.34128713589075,47.55538180491159],[-122.34074320059067,47.55449069792428],[-122.34033165445557,47.55420101695406],[-122.34013329020588,47.553289303927791],[-122.33992729714005,47.553151974943127],[-122.33999596106452,47.552789578916524],[-122.33979759702177,47.552743802935844],[-122.3395229388903,47.552377591946609],[-122.33848534027923,47.550516018962199],[-122.33856163418487,47.550069699930361],[-122.33804283486941,47.549096951935894],[-122.33811194578772,47.548708710907881],[-122.33790686660116,47.54806494689646],[-122.33736494238508,47.54752397492728],[-122.33733493132006,47.547271996917289],[-122.33724664626762,47.54711160891847],[-122.33719597124355,47.547044644920511],[-122.33717822122695,47.546987298919426],[-122.33689183005683,47.546467005923411],[-122.33662495000948,47.546447902951634],[-122.33553198903051,47.547269511114507],[-122.33550224604043,47.547330747121023],[-122.33521232906679,47.547635923168819],[-122.33496818806411,47.547788511203585],[-122.33460197702632,47.547876249248283],[-122.33410606688676,47.547624479289325],[-122.3351757818935,47.546934697135889],[-122.33517572284843,47.54674595612596],[-122.33530479677688,47.546359897091484],[-122.33582594670116,47.54569292899928],[-122.3357463855876,47.545270810985741],[-122.33601341446648,47.544584164920366],[-122.33601341445275,47.544526660917313],[-122.33598375342677,47.54443791491591],[-122.33544278118254,47.543777912940321],[-122.33493098603935,47.543521940982878],[-122.33440069985625,47.543111063019232],[-122.3343349468386,47.543081175024881],[-122.33231315752639,47.543130766248794],[-122.33103141937552,47.54335964740114],[-122.32955131612742,47.543313871560756],[-122.3290172579662,47.542997251602479],[-122.32874259992214,47.542997251632542],[-122.3286815648577,47.542768369627169],[-122.32921562291057,47.542631040561488],[-122.32999082403333,47.542624687476312],[-122.32997161201045,47.542541921474061],[-122.33017760502153,47.542449892446626],[-122.33226874535121,47.542426914216534],[-122.33227911835252,47.542425292215306],[-122.33233604535246,47.542386900207092],[-122.33197746316843,47.541856657218361],[-122.33136711193943,47.541307340256232],[-122.33133328491363,47.541221884255407],[-122.33115461486229,47.541126907269941],[-122.33104138176981,47.540815437265948],[-122.33073387166952,47.540601621288339],[-122.32946739231531,47.539968382393532],[-122.32874259915995,47.539804350464223],[-122.32813224806306,47.539808164531202],[-122.32739219579241,47.5391711105786],[-122.32660636835689,47.53787411359621],[-122.32578719705812,47.53717230864882],[-122.32484557875487,47.53653420471818],[-122.32382163847171,47.536035429803931],[-122.32368233440049,47.535830569808368],[-122.32288453020014,47.535526960879629],[-122.32251036202538,47.535046010895201],[-122.32235361298058,47.534963499907981],[-122.32142600783183,47.534963500009482],[-122.32058677378191,47.535318267120061],[-122.31980031178593,47.535863624234871],[-122.31939082084222,47.536374657306659],[-122.31912193094023,47.536966216367347],[-122.31880149596714,47.537294280419694],[-122.31868137280709,47.536704263401717],[-122.3186343907952,47.536686003405855],[-122.31863439065421,47.536095083374683],[-122.31890127062591,47.53579700032973],[-122.31906055562055,47.535667604305488],[-122.31980857550424,47.534677397171414],[-122.32052573856191,47.534437072080216],[-122.32052573849548,47.534158599065535],[-122.32025667836353,47.53378629507533],[-122.31982661623387,47.533531990108955],[-122.31755790361827,47.532476317301466],[-122.31627350924535,47.531776240404994],[-122.31329987276925,47.53177961473051],[-122.3091918721035,47.531750615178417],[-122.30893887206196,47.531746615205897],[-122.30844487198083,47.531738615259485],[-122.3073208717955,47.531717615381325],[-122.30711887176238,47.531714615403267],[-122.30518687144506,47.531683615613019],[-122.30512887134631,47.531308615599521],[-122.30509087128013,47.531056615590373],[-122.30335887081104,47.530254615737427],[-122.30216887047511,47.529646615835489],[-122.30159287031256,47.529352615882935],[-122.30138187025511,47.529253615900821],[-122.30093087013177,47.529039615938871],[-122.30028686977708,47.527985615953583],[-122.29990486950361,47.527095615948298],[-122.29987686946977,47.526972615944885],[-122.29986186945308,47.526912615943338],[-122.29979086937183,47.526619615935608],[-122.2997608692819,47.526262615919997],[-122.29977086922675,47.526024615906351],[-122.30010286903735,47.525006615816174],[-122.30015386902311,47.524912615805633],[-122.30022286900389,47.524785615791409],[-122.30022686899721,47.524754615789313],[-122.3002498689916,47.5247156157847],[-122.30031686899115,47.524668615774893],[-122.3005748690137,47.524589615742528],[-122.30100286905112,47.524458615688779],[-122.30051586897295,47.524458615742049],[-122.30049486896964,47.524458615744344],[-122.29996686887941,47.524435615800869],[-122.29985486886122,47.524434615813071],[-122.29774486851504,47.524402616042167],[-122.29549886814516,47.524362616285664],[-122.29407186790969,47.524335616440304],[-122.29384186787162,47.524330616465171],[-122.29366486787539,47.524465616491668],[-122.29337186782861,47.524466616523739],[-122.29295386776157,47.52446661656947],[-122.29181586757916,47.524467616693983],[-122.29138686751031,47.524467616740893],[-122.29131086749837,47.524468616749246],[-122.2913078674783,47.524386616745275],[-122.29130486745373,47.524285616740229],[-122.29130486743442,47.524204616735986],[-122.29130386723882,47.523384616692667],[-122.29130386722932,47.523344616690601],[-122.29130286713595,47.522953616669987],[-122.29130286711094,47.522848616664461],[-122.29130186699614,47.52236761663908],[-122.29130186698443,47.522318616636511],[-122.29130086674647,47.521320616583822],[-122.29130086673288,47.521263616580775],[-122.2912998666467,47.520902616561784],[-122.29129986659234,47.520674616549734],[-122.29129986656471,47.520558616543589],[-122.29129986654971,47.520495616540252],[-122.2912988664323,47.520003616514316],[-122.29129886637011,47.519742616500537],[-122.29129886635891,47.519695616498005],[-122.2912978663192,47.519529616489343],[-122.29129786626604,47.519306616477543],[-122.29129786615573,47.518843616453076],[-122.29129686609103,47.518572616438846],[-122.29129586591408,47.517830616399671],[-122.29129586588002,47.517687616392067],[-122.29129486571259,47.516985616355036],[-122.29129486565803,47.51675661634291],[-122.29129686557809,47.516419616324846],[-122.29130186521581,47.514895616243642],[-122.29131786497901,47.513890616188718],[-122.29131986494576,47.513749616180974],[-122.29131986492884,47.513678616177238],[-122.29132086490971,47.513597616172873],[-122.29132686486849,47.513420616162833],[-122.29133986444479,47.511632616066727],[-122.29134886426903,47.510888616026342],[-122.29134886425641,47.510835616023549],[-122.29134886424117,47.510771616020165],[-122.29134886422425,47.510700616016408],[-122.29135086420884,47.510634616012688],[-122.29135286415439,47.510404616000315],[-122.29135386411842,47.510252615992137],[-122.2913548640945,47.510151615986707],[-122.29080986400393,47.510138616045566],[-122.29027186391473,47.510126616103719],[-122.29018286390003,47.510124616113337],[-122.2900668638809,47.510122616125926],[-122.28986186384681,47.510117616148079],[-122.28783986351162,47.510072616366735],[-122.287660863482,47.510068616386079],[-122.28751886345819,47.510064616401408],[-122.28653286329472,47.510042616508002],[-122.28624986324766,47.510035616538552],[-122.28616186323306,47.510033616548064],[-122.28594286319647,47.510027616571705],[-122.28577186316811,47.510023616590189],[-122.28565986314939,47.510020616602276],[-122.28526286308353,47.510011616645166],[-122.28489986302337,47.510003616684436],[-122.28481286300892,47.510001616693842],[-122.28468786298812,47.509998616707364],[-122.28443886294697,47.509993616734313],[-122.283884862855,47.509980616794167],[-122.28370086282526,47.509979616814221],[-122.28337986277083,47.509967616848648],[-122.28298186270483,47.509958616891701],[-122.28257186263707,47.509950616936109],[-122.28247886262167,47.509948616946183],[-122.28129286242493,47.50992161707434],[-122.28077586233907,47.509909617130234],[-122.27986486218779,47.509888617228697],[-122.27873586200063,47.509863617350781],[-122.27865986198796,47.509861617358979],[-122.27856186197198,47.509860617369654],[-122.27824986192121,47.50985761740359],[-122.2782438619064,47.509799617401164],[-122.27825286169858,47.508920617353567],[-122.27824386147712,47.507996617305601],[-122.2779038614228,47.507997617342809],[-122.277717861387,47.507972617361816],[-122.27755686135377,47.507941617377739],[-122.27740186131844,47.507897617392345],[-122.27723986127982,47.507844617407265],[-122.27709286124049,47.507778617419831],[-122.27625586097709,47.507236617482576],[-122.275989860932,47.507226617511151],[-122.27565086086068,47.507155617544427],[-122.2754448608257,47.507147617566481],[-122.2754328612494,47.508935617662615],[-122.27542686141584,47.50963861770051],[-122.27542586145164,47.50978961770867],[-122.27409086122995,47.509758617852889],[-122.27156386081063,47.509701618126094],[-122.27008386056509,47.509668618286085],[-122.27008486053528,47.509542618279305],[-122.27010186035851,47.508788618237425],[-122.2701398599461,47.507030618140057],[-122.27015485984283,47.506586618114859],[-122.27015985972675,47.506095618088267],[-122.27017185949329,47.505106618034553],[-122.27017185944452,47.504901618023624],[-122.27018085934574,47.504480618000365],[-122.27018985903831,47.503182617930513],[-122.27021685891224,47.502634617898501],[-122.27027885864588,47.501473617830108],[-122.2708018587594,47.501597617779574],[-122.27090185878042,47.501618617769758],[-122.27088985876307,47.501553617767605],[-122.27086985873794,47.501461617764932],[-122.27071885856401,47.500832617748038],[-122.2707698585677,47.500813617741471],[-122.27068585843406,47.500308617723825],[-122.2706058584167,47.500289617731596],[-122.27046385839176,47.500280617746611],[-122.27034185837879,47.500308617761412],[-122.27024185835778,47.500287617771214],[-122.27028785772235,47.497585617622825],[-122.27029285766294,47.497332617608869],[-122.27029685759983,47.497064617594198],[-122.27029785758644,47.497007617591102],[-122.27030685748494,47.496574617567163],[-122.27030885743407,47.496359617555491],[-122.27031285735838,47.496038617538041],[-122.27031685724243,47.495548617511588],[-122.27027585723538,47.495546617515963],[-122.2696998571415,47.495540617578591],[-122.26929085707491,47.49553661762301],[-122.26858985696063,47.495529617699233],[-122.26844085693651,47.495528617715472],[-122.26687285669021,47.495551617887976],[-122.26643185662346,47.495568617937074],[-122.26536285645199,47.495569618053914],[-122.26486785637276,47.495570618108026],[-122.26428485628058,47.495576618172016],[-122.26409585624548,47.495556618191593],[-122.25965785554465,47.495606618679119],[-122.25965285563559,47.495992618700136],[-122.25962285595401,47.497351618775554],[-122.25956685661303,47.50015961893078],[-122.25954385688344,47.501311618994464],[-122.2595308571435,47.50241361905438],[-122.25952985717403,47.502542619061352],[-122.25363485627277,47.502734619715604],[-122.2516568559778,47.502830619936802],[-122.2514278559353,47.502806619960552],[-122.25082885584624,47.502836620027622],[-122.25074885580601,47.502721620030265],[-122.25063985574161,47.502524620031693],[-122.25052085565112,47.50222462002872],[-122.25036385550288,47.501707620018458],[-122.25027285541643,47.501405620012335],[-122.25018085533003,47.501104620006423],[-122.24996885512678,47.500393619991797],[-122.24976885493358,47.499716619977676],[-122.24964985482696,47.499348619971144],[-122.24952485480715,47.499349619984862],[-122.24903785473194,47.499362620038717],[-122.24891685471324,47.499365620052139],[-122.24884985470221,47.499364620059339],[-122.24883085469919,47.499364620061421],[-122.2488088546954,47.499363620063775],[-122.2486888546759,47.499362620076838],[-122.24847485464079,47.499359620100059],[-122.24842485463253,47.499358620105475],[-122.24817585459179,47.499355620132519],[-122.24159785351097,47.499255620845808],[-122.24088485339514,47.499250620923391],[-122.2408758534705,47.499573620941582],[-122.24087685348618,47.499638620944935],[-122.24085085391799,47.501471621045184],[-122.24084285409775,47.502232621086513],[-122.2408338542524,47.502888621122352],[-122.24126485432359,47.502896621075671],[-122.24239485450828,47.502909620952941],[-122.24314585463155,47.502920620871436],[-122.24497385493228,47.502949620673313],[-122.2456588550445,47.502958620598939],[-122.24885785556853,47.503000620251669],[-122.24885385558717,47.503081620256431],[-122.24884185576653,47.50384362029817],[-122.24883885580959,47.504026620308267],[-122.24883685583615,47.504139620314461],[-122.24882585599099,47.504797620350622],[-122.2488048563027,47.506121620423244],[-122.24880185633627,47.506264620431146],[-122.24880185634078,47.506283620432171],[-122.24879885636003,47.506366620436857],[-122.24877185635545,47.506365620439759],[-122.24870185634394,47.506364620447364],[-122.24866585633798,47.506363620451232],[-122.24855885632053,47.50636262046288],[-122.24834185628492,47.50635962048645],[-122.24811685624805,47.506356620510878],[-122.24809585624443,47.506355620513112],[-122.24801585623136,47.506354620521812],[-122.24799185622753,47.506354620524434],[-122.24799285621982,47.506321620522534],[-122.247993856205,47.506258620519127],[-122.24799385619833,47.50623062051762],[-122.24799485618398,47.506169620514299],[-122.24799485617541,47.506133620512358],[-122.24799685614195,47.505991620504624],[-122.24799985609553,47.505794620493809],[-122.24800285604887,47.50559662048294],[-122.24800685597739,47.505293620466432],[-122.24800785595234,47.505187620460696],[-122.24800885594442,47.505153620458806],[-122.2480178557929,47.504510620423652],[-122.24801785578218,47.50446562042125],[-122.24802385568508,47.504053620398722],[-122.24802685563843,47.503855620387867],[-122.24802885560568,47.503716620380274],[-122.24802985559205,47.503658620377081],[-122.24803085555936,47.503520620369642],[-122.24803485545671,47.503086620346167],[-122.24722085532403,47.503078620434628],[-122.24564985506757,47.503061620605401],[-122.24556285516658,47.503536620640148],[-122.24551085522556,47.503819620660828],[-122.24549985524094,47.503891620665918],[-122.24551485524981,47.503918620665694],[-122.24562385531105,47.504102620663545],[-122.24572885537054,47.504281620661573],[-122.24581685542013,47.504430620659846],[-122.24591085547281,47.504588620657977],[-122.24600585552665,47.504750620656253],[-122.2461208555915,47.504945620653992],[-122.24620285563778,47.505084620652475],[-122.24621785564617,47.505109620652163],[-122.24625285566582,47.505168620651439],[-122.24629285568867,47.505237620650732],[-122.24628085569771,47.505283620654488],[-122.24627385570319,47.505311620656776],[-122.24621785574442,47.505522620674071],[-122.24616485578348,47.505722620690491],[-122.24612285581486,47.505882620703566],[-122.24608385584285,47.50602662071546],[-122.24607785584712,47.506048620717287],[-122.24606185585952,47.5061116207224],[-122.24604485587177,47.506174620727613],[-122.24604685588066,47.506210620729341],[-122.24605185590883,47.506325620734891],[-122.24605385592199,47.506379620737519],[-122.24605985595346,47.506507620743676],[-122.24606285596704,47.506562620746244],[-122.24606485598045,47.506617620748969],[-122.24607385602445,47.506796620757505],[-122.24608185606839,47.506975620766141],[-122.24608985611177,47.507152620774612],[-122.24609185612162,47.507192620776543],[-122.24609285612748,47.507216620777704],[-122.24609385613142,47.507232620778453],[-122.24609385613358,47.507241620778906],[-122.24612485614647,47.507274620777316],[-122.24698685650917,47.508216620733151],[-122.2467568566524,47.50897362079845],[-122.2468478566782,47.509020620791006],[-122.24691185670304,47.509081620787263],[-122.24695985672834,47.509155620785933],[-122.24695685674764,47.509238620790683],[-122.24713285687704,47.509663620794029],[-122.24716085689967,47.509739620794988],[-122.24711385689213,47.509739620800126],[-122.24580185667982,47.509733620943173],[-122.24566685665647,47.509726620957586],[-122.24540185661084,47.509713620985821],[-122.24501585654754,47.509708621027762],[-122.24414585640511,47.509697621122207],[-122.24410385639835,47.509697621126811],[-122.24374085633883,47.509692621166231],[-122.24337485627876,47.50968762120597],[-122.24331685626046,47.509649621210265],[-122.24323285623741,47.509609621217365],[-122.24304885620617,47.509602621237057],[-122.24158385597073,47.509602621397143],[-122.24116685590224,47.509596621442398],[-122.23893385553522,47.50956262168458],[-122.23882085551014,47.509533621695397],[-122.23843985545271,47.509549621737897],[-122.23834085543635,47.509547621748609],[-122.23823485541644,47.509535621759532],[-122.23820885540964,47.509524621761813],[-122.23706785522739,47.509529621886735],[-122.23624785509487,47.509526621976192],[-122.23612771607533,47.509525597989253],[-122.23933370398335,47.511175055726589],[-122.24063833021667,47.511274237589269],[-122.24164541041671,47.511434454487699],[-122.24195406148162,47.511498756457449],[-122.24239880356212,47.511536768410807],[-122.2443216158938,47.511631674205745],[-122.24496281402969,47.511769777142995],[-122.24547394011086,47.511765609086943],[-122.2463817073665,47.512226591012201],[-122.24749565061006,47.512497674904878],[-122.24850969781137,47.512658614802589],[-122.24863444285091,47.512740602793301],[-122.24894674290893,47.512773412760893],[-122.25007589324115,47.513406651671133],[-122.25159414373221,47.514444249560263],[-122.25327261034435,47.515882390453136],[-122.25408132658697,47.516355412389792],[-122.25432546779246,47.517053502400167],[-122.25490530203645,47.517686742370408],[-122.2553478071902,47.518033879340464],[-122.25637777551289,47.51869382226289],[-122.25748403792237,47.519666570193536],[-122.25812490709802,47.519971745139649],[-122.25933798138654,47.520364659027855],[-122.26005514454808,47.520559208959753],[-122.26113851874396,47.520650761846184],[-122.2621532289097,47.52066220573586],[-122.26269491606941,47.520967380692859],[-122.2630458682539,47.521505253682996],[-122.26316793852806,47.522573368726277],[-122.26292439157355,47.522928541771726],[-122.26292238557753,47.522946562772866],[-122.26265533967545,47.523537485833394],[-122.26201427167608,47.523972505926551],[-122.26177826765536,47.524044574956164],[-122.26134324757831,47.524014575002155],[-122.26090015447616,47.523884503043718],[-122.26042745041025,47.523926573097647],[-122.26020733840075,47.524034943127425],[-122.26017721640213,47.524061101132112],[-122.25994833454079,47.52479733819618],[-122.25994833478534,47.525823491250577],[-122.2600246288894,47.526208776262663],[-122.26020773433346,47.527948277334815],[-122.26113852067128,47.528737920274885],[-122.26179464894309,47.529436009240122],[-122.26185822396938,47.529503642236762],[-122.26244933509788,47.529644343179598],[-122.26285431122213,47.529892460148481],[-122.26298342829193,47.530098335145262],[-122.26288435548796,47.530987302203165],[-122.26288435549813,47.531030004205412],[-122.26300772358357,47.531305211206515],[-122.26293142977414,47.532155889259926],[-122.26329764092397,47.532537358240084],[-122.26363333413528,47.533197301238339],[-122.26364080915486,47.533274539241646],[-122.26369335217927,47.533341443239429],[-122.26389132531479,47.53377646324082],[-122.26382359653309,47.534737369299116],[-122.26301442569785,47.535973354453077],[-122.26284490171285,47.536150474480984],[-122.2624278908295,47.536920445567382],[-122.26203116192318,47.537580388645765],[-122.26171835708955,47.53848828672804],[-122.26184805722139,47.538953679738533],[-122.2619472394066,47.539663213765252],[-122.26173655147444,47.540089730810877],[-122.26176333254885,47.540383417823506],[-122.25932939458814,47.542187359185306],[-122.2589243745997,47.542508414246591],[-122.25858942769786,47.543145444316977],[-122.25833803471613,47.543391481357531],[-122.25763663188712,47.544580359497203],[-122.25712546303534,47.54554547760425],[-122.25714332513408,47.545947386623581],[-122.25780339746554,47.546891472601374],[-122.25780339659653,47.547440326630422],[-122.25746745067268,47.547985489695996],[-122.25733030275632,47.548428367734466],[-122.25706342976262,47.548634415774629],[-122.25638433067994,47.548745384854783],[-122.25611745765332,47.548813459887619],[-122.25419429936522,47.548901462102677],[-122.25363058827588,47.548906690164657],[-122.25334128323568,47.548932929197647],[-122.25268716012637,47.548915439268313],[-122.25183316099097,47.548923359362192],[-122.25032767187507,47.549451728554892],[-122.24872549880151,47.550222297771001],[-122.24793204186329,47.551015754899858],[-122.24672659800922,47.552438637107095],[-122.24633749908605,47.553022286180614],[-122.24628409325324,47.553758522225479],[-122.24614676427576,47.553945442250388],[-122.24633749935019,47.55412854823922],[-122.24667319249518,47.554510018222672],[-122.24717673292962,47.55599012024598],[-122.24758109132175,47.557359596274225],[-122.24786337968507,47.558690926313851],[-122.24862631909384,47.559888741293769],[-122.24959525252304,47.561033150248299],[-122.2498927997659,47.561849495258919],[-122.25041257793376,47.562202202220689],[-122.25089839805582,47.562386239177251],[-122.25124237611207,47.562390277139791],[-122.25306541937147,47.562249307932817],[-122.25474947356803,47.56193890673206],[-122.2550121235779,47.561803718696162],[-122.25518759940839,47.560975928633148],[-122.25510367602669,47.559434791560761],[-122.25473746463345,47.558034797526759],[-122.2545619883811,47.557096381496315],[-122.25463828224852,47.556489844455847],[-122.25489768197863,47.55518521835841],[-122.25460776488099,47.554971595378795],[-122.25420340661563,47.554132362378652],[-122.25427207051277,47.553655524345899],[-122.25479849849991,47.553247352266688],[-122.25589713160366,47.552942176130266],[-122.2566371826497,47.552637000033144],[-122.25704154061725,47.552228827967305],[-122.2576671515438,47.55150021986023],[-122.25822858663277,47.551494889798555],[-122.25834552163427,47.551422403781899],[-122.25871146768036,47.551369263739069],[-122.25904758776254,47.551487265708488],[-122.25935253487266,47.55174324168869],[-122.2596770661479,47.55267749870265],[-122.25972708818367,47.552793402703294],[-122.26027640539124,47.553293127669619],[-122.26042136356578,47.553926367687289],[-122.26050746273199,47.554564508711607],[-122.26059212483347,47.554932370721829],[-122.26115378606974,47.555543798692703],[-122.26120624313177,47.555768197698832],[-122.26134355219652,47.555947256693294],[-122.26144279930546,47.556336386703002],[-122.26144279936416,47.556582100715993],[-122.26170310259077,47.55735578072845],[-122.26234397293885,47.558381933712582],[-122.26325187125151,47.559080023650161],[-122.26402243966515,47.560293097629931],[-122.26421990886415,47.56099321464535],[-122.2642427268752,47.561024176644459],[-122.26434179998313,47.561409268654032],[-122.26461360911365,47.561772541643435],[-122.26490970715778,47.561758237610285],[-122.26515079718337,47.561703145580999],[-122.2653723192268,47.561735888558445],[-122.2660213423236,47.561704535485745],[-122.26693014057906,47.562162540410526],[-122.26693615658067,47.562165126409994],[-122.26693744258111,47.562166220409885],[-122.2669826455938,47.562189001406168],[-122.26703133161531,47.562246081403849],[-122.26757687681379,47.562710116368642],[-122.26792085507792,47.563584192377199],[-122.26792085521365,47.564152149407207],[-122.26774498023015,47.564339225436385],[-122.26680691017042,47.564720104559186],[-122.26680019529616,47.565250690587995],[-122.26714286441815,47.565530676565295],[-122.26716369243401,47.565583199565765],[-122.26750897554038,47.565796191539206],[-122.2680499278836,47.56686824153666],[-122.26950016636829,47.567921145433516],[-122.26962496139811,47.567961982421984],[-122.27018961151903,47.568088225366843],[-122.27098813161477,47.567952187272219],[-122.27100062261702,47.567953132270915],[-122.27111777962944,47.567926306256666],[-122.27176627872998,47.567911047184815],[-122.27230570493155,47.568391795151193],[-122.27271227704477,47.568592212117231],[-122.27342124531648,47.569252209074484],[-122.27392516547962,47.569596187037476],[-122.27635137512475,47.570664067828169],[-122.27658824733334,47.571377204839948],[-122.2768625014386,47.571633179823394],[-122.27722412251615,47.571714462788123],[-122.27742729149945,47.571508306754943],[-122.27723655643416,47.571363347768219],[-122.27723655638673,47.571164983757711],[-122.27738151432523,47.570810216723139],[-122.2779155723161,47.570413487643648],[-122.27829196237866,47.570422309602947],[-122.27831239237688,47.570401189599536],[-122.27868641343508,47.570393157558172],[-122.27922736457673,47.570622128511047],[-122.27983035779934,47.571148190472805],[-122.28006740392969,47.571534107467222],[-122.2802734522043,47.572544116497951],[-122.28033445148054,47.573658060550066],[-122.28073847172702,47.574417130545918],[-122.28101372288167,47.574879154540149],[-122.28165357513583,47.575512146503442],[-122.28219574340906,47.576290146485142],[-122.28253151567203,47.577164048494495],[-122.28273756377449,47.577454061487224],[-122.28307364012414,47.578690045515636],[-122.28320258322235,47.57901392251857],[-122.2836146364958,47.579879967519147],[-122.28378278264792,47.580402988528284],[-122.28391250672526,47.580639036526591],[-122.28455392202444,47.581458932499558],[-122.28583484146493,47.582439940410964],[-122.28675098673152,47.582938996336885],[-122.28711693288363,47.58332895131737],[-122.28729276399392,47.583671930316207],[-122.2872674440823,47.58405800733933],[-122.28741417316627,47.584310430336572],[-122.28731499129189,47.584901708378617],[-122.28694115135421,47.585412877446522],[-122.2857814834921,47.586767095645016],[-122.28521690772381,47.58811368377787],[-122.28506431988833,47.588903325836228],[-122.28516549698614,47.589243953843066],[-122.28532384509494,47.589592057844087],[-122.28590374141911,47.590557001831442],[-122.28633889063622,47.591171890816128],[-122.28682210401332,47.592422528829125],[-122.28709374013781,47.592759984817107],[-122.28713188723074,47.593122380832035],[-122.28701230623832,47.59323448885106],[-122.28704785930911,47.593505929861443],[-122.28674291171873,47.595420840995821],[-122.28669376572371,47.595474338004045],[-122.28675804791354,47.596223730036478],[-122.28617325306824,47.597261742155233],[-122.28610201811932,47.597522870176846],[-122.28592683833246,47.598529840249093],[-122.28579711346423,47.599166870296898],[-122.28474399275032,47.601066888512399],[-122.28470165275048,47.601095903518562],[-122.28472862980585,47.601308722526831],[-122.28419975776521,47.60149382759456],[-122.28400406880138,47.601775987630866],[-122.28400406893869,47.602348980661048],[-122.28372994604824,47.602989873724894],[-122.28346841407235,47.603265591768086],[-122.28323326917898,47.603868383825635],[-122.28316967418857,47.603950857836963],[-122.28305102126728,47.604358969871463],[-122.28292094882241,47.606761910012274],[-122.28250907016496,47.608466951147271],[-122.28213773528194,47.609203717226798],[-122.28202682634706,47.609549579257134],[-122.2818301014851,47.610257000315976],[-122.28186817576906,47.611415879372835],[-122.28112000384647,47.612239985498263],[-122.2807159830935,47.613540831611132],[-122.28071598342835,47.614936930684614],[-122.28059132546096,47.615156479709839],[-122.280578241553,47.615548987731955],[-122.27993650663537,47.616322126843031],[-122.27986890977462,47.616947918883398],[-122.27968920680856,47.617209877916892],[-122.27987633828484,47.619069953994305],[-122.27978142534357,47.619378422020965],[-122.27983105237684,47.619483796021079],[-122.27970104251649,47.62015269707053],[-122.27992211570319,47.620782753079467],[-122.28104363719373,47.622075935024519],[-122.28207360552494,47.622766395947856],[-122.28256188696407,47.624269385973392],[-122.28232474305561,47.624809547027837],[-122.28233319506523,47.624843826028744],[-122.28223429618109,47.625392853068455],[-122.28149124419726,47.6259577401797],[-122.28013574026092,47.627130409390134],[-122.27955590630508,47.627702614483823],[-122.2785411965761,47.629510780690282],[-122.27779351564367,47.630292793813446],[-122.27681695370386,47.631196877968165],[-122.27659864273016,47.631452711005558],[-122.27637533999059,47.632686765095009],[-122.276150180036,47.633026646137594],[-122.2760781681463,47.633534001172222],[-122.27627626721004,47.633666818157479],[-122.27627626656019,47.635124741234151],[-122.27641306772125,47.635703768249613],[-122.27583321492322,47.636932720377935],[-122.27600118822507,47.638076838419629],[-122.27620719329663,47.638236780405464],[-122.27671814638427,47.638259746350563],[-122.27671111175071,47.639789781431851],[-122.27608765165667,47.639815489501629],[-122.27600823970316,47.640062234523292],[-122.27600337075418,47.640277676535149],[-122.27661121385547,47.640292702469225],[-122.27671111199267,47.640796795484789],[-122.27598937990066,47.64089680756927],[-122.27598289196864,47.641183898585048],[-122.27654313905809,47.641181669523476],[-122.27677918720059,47.641616688520458],[-122.27792430361106,47.642558667444312],[-122.27857240475296,47.64271574338143],[-122.28127338918712,47.642715743084977],[-122.28154422124827,47.642788951059096],[-122.28184472823895,47.642549417013541],[-122.28262810446029,47.642946433948367],[-122.2834094555314,47.642719736850736],[-122.28502749379601,47.642738708674109],[-122.2850274938417,47.642928780684102],[-122.28479044683125,47.643043786716142],[-122.28374540167889,47.643108692834311],[-122.28373309167857,47.643115602835991],[-122.28429376476832,47.643113991774406],[-122.28494126708081,47.643981400748885],[-122.28537047315442,47.644000699702801],[-122.28617947026166,47.643905793609015],[-122.28692590641825,47.644058240535095],[-122.28692590640769,47.64401425953281],[-122.28692590627749,47.643472572504336],[-122.28732273533238,47.643435658458799],[-122.28733149029271,47.643264727448866],[-122.28759853730821,47.64315076241359],[-122.28776651038088,47.643340703405094],[-122.28813404743194,47.643307441363028],[-122.28878747842353,47.642835518266487],[-122.2894512354504,47.642503639176212],[-122.28959320446508,47.642469671158871],[-122.29047470146321,47.641872665030725],[-122.2909476215181,47.641784661974171],[-122.29114594159847,47.641986672963021],[-122.29077982156275,47.642082751008253],[-122.29058295456717,47.642232860037758],[-122.29069482757875,47.642206093024065],[-122.29158746670657,47.642141242922669],[-122.29278528175419,47.641538520759546],[-122.29340326275906,47.641145606671103],[-122.29367792080316,47.641145606640961],[-122.29385339690383,47.641446967637485],[-122.29385339709908,47.642259498680168],[-122.29412805525868,47.642740150675301],[-122.29523431735574,47.642404456536227],[-122.29567682234801,47.6420763924704],[-122.29598199838236,47.642015357433714],[-122.29621850944146,47.642103095412338],[-122.29616510446863,47.642251868426058],[-122.29550134648574,47.642766852525973],[-122.29496728945037,47.642976661595569],[-122.29439508444555,47.64333905767743],[-122.29421197956742,47.643968482730578],[-122.29431116175756,47.644693275757781],[-122.29457818989398,47.64508237474891],[-122.29405176199097,47.645837684846356],[-122.29367727201695,47.6461961259063],[-122.29406083307823,47.646194551864099],[-122.29435770516342,47.646350629839674],[-122.29550989936509,47.646419528716855],[-122.29704784159823,47.646361436544929],[-122.2974773605973,47.64607038048252],[-122.29854547676156,47.64603986336364],[-122.29871633581709,47.646156864350999],[-122.29895922881659,47.645992542315717],[-122.29923395984417,47.645923642281964],[-122.29997392708324,47.646423567226954],[-122.30102600636135,47.646877514135269],[-122.30722225437675,47.646961522459428],[-122.30832833955797,47.646976589338777],[-122.3093433856989,47.646884549222463],[-122.30940058669941,47.646848547214304],[-122.3096081004723,47.645765204134683],[-122.30844843201183,47.644624609202175],[-122.30844843196911,47.644446851192846],[-122.30802321885963,47.644275604230579],[-122.30778617274994,47.64397756024092],[-122.30765627354953,47.643230559216001],[-122.30778617252084,47.643024511190937],[-122.30856421459441,47.642810605094297],[-122.31039889783611,47.642590531881311],[-122.31062280883286,47.642427342848194],[-122.31098569187033,47.642340941803845],[-122.31201337188044,47.641696485657178],[-122.31238752292879,47.641647556613542],[-122.31272247107603,47.642036469597166],[-122.31319534819592,47.642219507554842],[-122.31431736841454,47.642379449440099],[-122.3145925855185,47.642628263422914],[-122.31466638853801,47.642660039416477],[-122.31485202861654,47.64286281440674],[-122.31502646668243,47.643020517395861],[-122.31630855911928,47.643981554305483],[-122.31637745922387,47.644370466318321],[-122.31628340630643,47.644776705349997],[-122.31636774435313,47.644914525347971],[-122.31629823484251,47.646996335464763],[-122.31644553298159,47.647476470473734],[-122.31718684633722,47.648460517443972],[-122.318208577715,47.649349485378345],[-122.31847579786158,47.649780510371599],[-122.31952066926692,47.650768551308623],[-122.31999393747948,47.651336334286412],[-122.32067286272603,47.651908328241866],[-122.32097781080822,47.652046475215599],[-122.32219082905871,47.652278312094538],[-122.32283975414916,47.652221308020302],[-122.32310679713804,47.651996805979159],[-122.32347834304574,47.651365177905326],[-122.32355792703639,47.65127330489176],[-122.32361792695659,47.650901314865642],[-122.32382380088599,47.650470332820504],[-122.32473187187658,47.649825444686975],[-122.32517496581201,47.649261308608715],[-122.32520513965721,47.648597317570669],[-122.32641798444452,47.646903347348697],[-122.32702783550847,47.646762335274317],[-122.32780705143179,47.645923338144826],[-122.32784490938839,47.645717464129866],[-122.3275700043048,47.645553355151428],[-122.32770710923332,47.64516444211602],[-122.3276008288484,47.643634407047514],[-122.32773797682088,47.643428359021669],[-122.32831817689376,47.643344393953583],[-122.32888999693434,47.643131485879607],[-122.32929414890643,47.642745394814995],[-122.32943739886291,47.642469057784794],[-122.3296047454607,47.640684024672893],[-122.32964289232203,47.640081302637128],[-122.3296428922349,47.639718905618125],[-122.32975470117454,47.639393201588753],[-122.32976962603405,47.638798629555993],[-122.32963526198152,47.638669864563987],[-122.32958185681343,47.63800610653503],[-122.32936823345375,47.636651889487517],[-122.32908267631119,47.636249180497742],[-122.32824172302976,47.635639556558111],[-122.32804275196928,47.635520556573653],[-122.3280177638499,47.635040546551245],[-122.32774451573891,47.634761245566608],[-122.32746285568561,47.634727448595754],[-122.32736378347725,47.633926483564636],[-122.32753175645934,47.633739537536385],[-122.32753472145974,47.633739373536038],[-122.32765161834884,47.633199588494911],[-122.32782233024874,47.632668897448347],[-122.32776880223336,47.632640528452733],[-122.32774633209824,47.63209321442654],[-122.32707178390118,47.631723300481127],[-122.32773554089955,47.631273166384666],[-122.32835352194739,47.631059543305675],[-122.32884180294603,47.630727664234676],[-122.32915460791739,47.630399600183125],[-122.32937586090159,47.63018597714764],[-122.32973444194539,47.630128756105272],[-122.33025617102801,47.630124219047772],[-122.33040779001446,47.62996650502285],[-122.33094974101353,47.629600558944198],[-122.33226200611955,47.629165538777372],[-122.33246787991794,47.628188568703536],[-122.33303987400345,47.628162563639393],[-122.33334595106813,47.628227425609197],[-122.33338402615669,47.628570621623034],[-122.33351957918238,47.628587037609016],[-122.33380853911983,47.62813366955357],[-122.33412134414165,47.628015413513012],[-122.33457941508412,47.627470091434169],[-122.33466511907251,47.627364464419188],[-122.33544394312064,47.627044581316959],[-122.33558109107588,47.626766464287336],[-122.33622198518395,47.626788606218142],[-122.33624760225797,47.627079707230607],[-122.33651697437291,47.627378359216671],[-122.33628508636632,47.627505670248823],[-122.33632105847023,47.627914446266288],[-122.33797695371831,47.62784155208076],[-122.33801502941749,47.626563455009567],[-122.33841905047679,47.626540487964014],[-122.33896100063986,47.626857504921141],[-122.33896100080082,47.627527792956315],[-122.33972132106551,47.628122224903983],[-122.34004175517553,47.628366364881636],[-122.34035456139891,47.629087342885072],[-122.34036219086191,47.631009949985049],[-122.34032404421043,47.632486238066576],[-122.33972084450203,47.634102580217451],[-122.33961153264649,47.63477680226476],[-122.33989679886506,47.635496034271142],[-122.33968429606203,47.63645760834487],[-122.33984869933269,47.637473996380038],[-122.34040796873457,47.638772859386656],[-122.34209406645981,47.64066494930065],[-122.34236109463193,47.641202822299476],[-122.34268152991442,47.642164125314679],[-122.34468806165448,47.643903627185395],[-122.34972346319771,47.646963013792544],[-122.35369837932589,47.649003876462729],[-122.35940792788412,47.651675831975325],[-122.36126308338446,47.652519221815609],[-122.36166706041048,47.652358281762822],[-122.36197218246494,47.652381248730521],[-122.36251413259581,47.652564112680501],[-122.36257311467617,47.652858840689454],[-122.36305201870741,47.652669800626953],[-122.36322383783381,47.653080671629539],[-122.36328768484834,47.653098224623456],[-122.3634477338796,47.653121646607111],[-122.36376522586714,47.652858163558449],[-122.36428465397294,47.65295203750631],[-122.36447871597926,47.652849090479592],[-122.36481138208028,47.653047232453382],[-122.36555827023246,47.653182214378404],[-122.3655324032992,47.653476685396654],[-122.36584869939523,47.653665076371738],[-122.36619951143828,47.653610201330288],[-122.36695384558131,47.653702366252254],[-122.36727870459326,47.653535736207907],[-122.36875117808998,47.654619110102658],[-122.36901131719695,47.654890319088274],[-122.36968535441083,47.655330177037165],[-122.36942010752554,47.655983491100464],[-122.36938441867534,47.656629455138123],[-122.37125870519925,47.657558154980649],[-122.37151647325234,47.657607168954911],[-122.37246244539837,47.657584071849783],[-122.37337858952239,47.657489166744114],[-122.37381360951507,47.657169153679661],[-122.37442367856421,47.656967143602067],[-122.37516360268346,47.656970182520901],[-122.37523564676101,47.65724423052729],[-122.37556422885118,47.657400023499349],[-122.37587703502429,47.657911193491643],[-122.37603662407561,47.658018088479672],[-122.37633190312317,47.65801909244729],[-122.37678426516557,47.657894207391074],[-122.37684136516691,47.657861525383105],[-122.37670470873138,47.656143212308393],[-122.3771778028006,47.656116034255028],[-122.37724683295495,47.656711168278498],[-122.37748370601021,47.656783064256217],[-122.37849775315075,47.656692066140032],[-122.37860472800349,47.656009103092657],[-122.37951279813244,47.655940202989264],[-122.38245773160347,47.655937163665548],[-122.38245873663203,47.65605521067161],[-122.38311733073621,47.656049619598939],[-122.38313259057894,47.659540067779346],[-122.38428087408062,47.660859893722048],[-122.38478504220309,47.661033055675631],[-122.38502109028038,47.661196990658283],[-122.38502109031984,47.661360926666816],[-122.38631103957515,47.661562936535603],[-122.38779917995221,47.662138969402037],[-122.38935517740906,47.663000932275992],[-122.39090414180697,47.66362302813814],[-122.39134636788889,47.663668961091965],[-122.39229238302468,47.663603924984564],[-122.39249838795754,47.663188007940249],[-122.39486342633725,47.663192045680567],[-122.39635156573642,47.663859899551774],[-122.39700049197066,47.664401069508649],[-122.39733561307486,47.66461093848276],[-122.39902155246628,47.665115031323651],[-122.40034150180236,47.665632843205543],[-122.40092152694579,47.66584292915276],[-122.4025779882828,47.66614097398616],[-122.40626284496641,47.666529885601342],[-122.40697194412404,47.666712967532945],[-122.40724131320242,47.666859292510964],[-122.40758480526968,47.666910060475828],[-122.40776680935531,47.667144750467997],[-122.40802484743038,47.667284919446949],[-122.4080248474768,47.667477482456952],[-122.4081646395426,47.667657741451016]]],[[[-122.34574853512713,47.590997588295266],[-122.34661828627476,47.591031920201715],[-122.34667169114353,47.590448271165187],[-122.34990655537145,47.589235197746888],[-122.35001336621403,47.588506590696937],[-122.3553081667098,47.587034116039177],[-122.35605584788171,47.587251553968628],[-122.35697137502839,47.587251553868263],[-122.35719262704647,47.587179074840208],[-122.35800134314951,47.587068448745711],[-122.35697137488863,47.586667904837618],[-122.35643731671534,47.586301694876944],[-122.3564373165929,47.585790524850132],[-122.35665856949683,47.585241208797065],[-122.35768249361004,47.58502910967367],[-122.35670700745105,47.585017591779994],[-122.35660004615632,47.583858519730867],[-122.35764827325364,47.583563667600465],[-122.35751306086274,47.582021603534351],[-122.35750543168618,47.58128918149675],[-122.35718499649511,47.580705533501245],[-122.35778771855605,47.580556759427367],[-122.35783349541457,47.579934964389729],[-122.35729180825746,47.579641232433623],[-122.35734521313539,47.579095730399146],[-122.35787164120147,47.579019436337468],[-122.35809289346629,47.575799832144114],[-122.35777245832733,47.575433621160009],[-122.35658227293675,47.57459820224657],[-122.35501824656298,47.574083218390896],[-122.35252343371781,47.572221646566469],[-122.35253869266828,47.572004208553373],[-122.35268715557211,47.571503145510782],[-122.35260993154597,47.571445583516237],[-122.35157844722998,47.570815665596115],[-122.35106621917858,47.570943722658946],[-122.34950039465959,47.569823022771608],[-122.34908658653909,47.569596392805039],[-122.34631310514682,47.569814573120354],[-122.34631310535759,47.570695768166715],[-122.34609185258408,47.571790586248476],[-122.34540527990504,47.573591956418404],[-122.34558254495754,47.573692799404256],[-122.34559283199165,47.573828392410284],[-122.34599267109388,47.573987852374835],[-122.34593098611252,47.578285652607491],[-122.34602558642609,47.57953259266263],[-122.34599459180012,47.581115602749179],[-122.34613171193718,47.581596552759486],[-122.34613171229249,47.583080648837409],[-122.34586001228486,47.583230621875089],[-122.34585631234602,47.583488384889023],[-122.34643763343468,47.583469569824331],[-122.34667369652188,47.583675622809295],[-122.34710872162891,47.583831518769749],[-122.34710872167469,47.584022640779843],[-122.34687185268957,47.584243565817424],[-122.34616273567005,47.584636538915767],[-122.34599494870707,47.584903567948174],[-122.34600278692523,47.58998453621416],[-122.34600278695636,47.590114594220985],[-122.34576138491475,47.590102253246855],[-122.34574853512713,47.590997588295266]]],[[[-122.38143121910015,47.592069514439054],[-122.38127863112875,47.592290766467393],[-122.38146173638845,47.593252070497648],[-122.3811641903408,47.593252070530284],[-122.38130151945053,47.59361828153444],[-122.38251459371972,47.593931086417754],[-122.38267481084499,47.594346888421988],[-122.38294183998377,47.59474743141368],[-122.3838115912053,47.595090754336248],[-122.38466608345729,47.59557140626773],[-122.38592493367894,47.59565532913404],[-122.38735163086524,47.59547985296841],[-122.38909113297544,47.594777948740841],[-122.39081537595793,47.593553430487688],[-122.39271509476737,47.591489679171261],[-122.39799463550528,47.586870079350525],[-122.40038263638286,47.584764366978455],[-122.40222132029875,47.583185081694189],[-122.40581476550537,47.581647758219709],[-122.40959131575214,47.580156210727587],[-122.41949427064587,47.577276113491166],[-122.42033350470605,47.576967122383003],[-122.42056238564854,47.576574209337366],[-122.42023432149652,47.57615840735162],[-122.41936457020587,47.575525167413844],[-122.41538202508885,47.573518636745447],[-122.41289484241447,47.572362783957601],[-122.41117822779488,47.570920828070278],[-122.41017114725042,47.569318655096808],[-122.40994226470175,47.567178610009805],[-122.40871393223703,47.566057089085724],[-122.40811120905305,47.565690878132564],[-122.40713464660942,47.564489249176667],[-122.40629541308283,47.56284892918265],[-122.40438806335997,47.561101797300118],[-122.40335809476014,47.559282187317621],[-122.40234338432151,47.558126334368204],[-122.40121423386913,47.556989554432299],[-122.40040551750354,47.556001547469094],[-122.40011560017086,47.554803732438032],[-122.39937554871695,47.553399924445522],[-122.39865838509984,47.5512980254138],[-122.3983913557217,47.549894217369385],[-122.39946709912809,47.546689871083515],[-122.39939843493215,47.545915488050383],[-122.3992611058774,47.545778158058248],[-122.39926110578993,47.545411948038989],[-122.39899407657313,47.544683340030012],[-122.39845238932338,47.544000510053486],[-122.3985286832809,47.543771628033134],[-122.39804803112756,47.543451193068975],[-122.3980480310738,47.543226126057128],[-122.39723168573637,47.542360190101114],[-122.39714776258268,47.541772726079429],[-122.3973079794562,47.541135672028474],[-122.39736138526062,47.540281179977789],[-122.39723168517612,47.540014150977925],[-122.3968883619755,47.5394037989835],[-122.3967586618336,47.538896444971051],[-122.39696465560422,47.537797811890847],[-122.39662133246284,47.537435415909371],[-122.39662133241912,47.537252309899763],[-122.39615593930095,47.53706920494114],[-122.39588128112683,47.536523702942539],[-122.3962856387999,47.534883382812161],[-122.39721642468469,47.533777120652161],[-122.39791832866128,47.533208730545461],[-122.39803276962036,47.532960775519889],[-122.39955864861761,47.531926992298601],[-122.40139733270041,47.531041982050873],[-122.401877984668,47.53058421797418],[-122.40180169056937,47.530221821963494],[-122.40078698120048,47.529355886029123],[-122.3956981737433,47.526658895444442],[-122.39385185900485,47.524801137548856],[-122.39356194184565,47.52432811555574],[-122.39375267675514,47.523820760508229],[-122.39418755166727,47.523160817425946],[-122.39438591649157,47.522291066358534],[-122.39433251044846,47.522146108356729],[-122.39458428024032,47.521104696274435],[-122.3951870021403,47.520280721165165],[-122.3970714631369,47.519002796891762],[-122.39733849109317,47.518640400843566],[-122.3982845361016,47.518041493708516],[-122.39922295200151,47.516992451550728],[-122.39881859380684,47.516446949566273],[-122.39841423574217,47.516446949610511],[-122.39733849045108,47.515947224701954],[-122.39639244509338,47.515081288759951],[-122.39639244498426,47.514623524735853],[-122.39591179375557,47.513986469754968],[-122.3956676524683,47.512945057726924],[-122.39504204211646,47.511888386739784],[-122.39475212488642,47.51111781773097],[-122.39361534445835,47.510084034800975],[-122.39321861536219,47.50994670583713],[-122.39300499219168,47.509374500830404],[-122.39160118368639,47.508195759921968],[-122.39147148356838,47.507787586914638],[-122.390121080048,47.506509663995125],[-122.38877830635528,47.504503133036366],[-122.3886486062046,47.503957631021798],[-122.38807640083601,47.502794149023146],[-122.38609275827895,47.501787069187039],[-122.38581810016599,47.501497152201836],[-122.38345298656247,47.500551107410665],[-122.38183555517118,47.49999416155817],[-122.3804164868906,47.499769094701449],[-122.37933311350018,47.498857381771892],[-122.37894401333992,47.498445394792711],[-122.37699851773627,47.497217061940724],[-122.37586587033579,47.496295961015996],[-122.37566687433818,47.496439606045364],[-122.37532687438734,47.496874606105436],[-122.3752228744095,47.497037606125375],[-122.37508287443849,47.4972536061521],[-122.37503887444859,47.4973256061607],[-122.37493487447414,47.497502606181399],[-122.37486487450151,47.497664606197581],[-122.37429287478182,47.499226606342418],[-122.37414787485292,47.49962260637917],[-122.37407387491253,47.499922606403047],[-122.37398687505667,47.500586606447577],[-122.37393787507648,47.500702606459043],[-122.37381487508938,47.500839606479715],[-122.37313587511031,47.5013836065826],[-122.3722718751235,47.50201960671059],[-122.3720658751305,47.502187606741991],[-122.37142787517037,47.50278360684316],[-122.3709338752016,47.503246606921579],[-122.37070887522989,47.503516606960417],[-122.37061087525518,47.503688606980219],[-122.37057587529313,47.503871606993684],[-122.37056487544716,47.504525607029336],[-122.37055487559199,47.505140607062827],[-122.37048887564501,47.50540760708413],[-122.3704638756651,47.505508607092153],[-122.37041887570147,47.505691607106712],[-122.37040887573205,47.505826607114912],[-122.37047887588066,47.506403607137692],[-122.37047987588346,47.506414607138183],[-122.37054487595459,47.506669607144502],[-122.37072887612577,47.507264607155712],[-122.37087687633003,47.508022607179477],[-122.37089187637574,47.508204607187416],[-122.370874876673,47.509463607255618],[-122.37090287681565,47.510043607283116],[-122.37099887730967,47.512052607378422],[-122.37101487737014,47.512295607389483],[-122.37103487743485,47.512553607400854],[-122.37109487763192,47.513340607435751],[-122.37111887772397,47.513710607452637],[-122.37116687791138,47.514464607487085],[-122.3712778782356,47.515750607542664],[-122.37128887830386,47.516029607556177],[-122.37128687831597,47.516081607559116],[-122.37133087846054,47.516658607584702],[-122.37141487865776,47.517429607616108],[-122.36867687821217,47.517398607913954],[-122.36770987805453,47.517386608019137],[-122.36729487798719,47.517382608064338],[-122.36592987776488,47.517366608212789],[-122.3645848775498,47.517367608359983],[-122.36324087733466,47.517367608506994],[-122.36263487723747,47.517366608573226],[-122.3618658771143,47.517366608657355],[-122.36114187699864,47.517367608736613],[-122.36055687690452,47.517365608800503],[-122.36055087677489,47.516825608772713],[-122.36050987646038,47.51553360870912],[-122.35919587625006,47.515533608852849],[-122.35857887615121,47.515533608920343],[-122.35857487637129,47.516459608969576],[-122.35857187658367,47.517352609016925],[-122.35824287653236,47.517358609053268],[-122.357873876475,47.517365609093986],[-122.35652787626472,47.517387609242377],[-122.35612687620146,47.517391609286449],[-122.35518187604877,47.5173856093895],[-122.35405187586638,47.517379609512822],[-122.35341887576405,47.517375609581798],[-122.35292387568263,47.517366609635474],[-122.3517928754963,47.517344609758041],[-122.35174987548939,47.517344609762738],[-122.35066987531478,47.517337609880514],[-122.34926087508725,47.517329610034182],[-122.34803187488873,47.517322610168243],[-122.34798687488153,47.517322610173174],[-122.34671387467571,47.51731461031202],[-122.34544087447016,47.517307610450843],[-122.34465387434338,47.517304610536776],[-122.34416587426401,47.517299610589895],[-122.34388787421926,47.517298610620244],[-122.34289287405846,47.517292610728781],[-122.34162487385387,47.517286610867103],[-122.34145187382502,47.517281610885775],[-122.34076487370159,47.517225610957986],[-122.34046287365801,47.517245610992092],[-122.34014887361649,47.517282611028335],[-122.33992987357949,47.517274611051882],[-122.33794487325888,47.517263611268376],[-122.33755187319539,47.517261611311262],[-122.33753587319312,47.517262611313065],[-122.33750687314458,47.517078611306538],[-122.33749487312649,47.517010611304265],[-122.33748387311014,47.516949611302294],[-122.33742287301891,47.516607611290866],[-122.3374048729922,47.516507611287587],[-122.33728987282029,47.515863611266148],[-122.33713887259714,47.515028611238606],[-122.3370548723144,47.513898611188147],[-122.33665987225449,47.513912611232108],[-122.33652187223404,47.513919611247552],[-122.33572187210801,47.513928611335487],[-122.33426687186871,47.513902611493243],[-122.33436787202828,47.514504611513992],[-122.33437187203464,47.514528611514827],[-122.334050871983,47.51452761154988],[-122.33352687190117,47.514536611607625],[-122.33356987195835,47.514747611614091],[-122.33351187194498,47.514730611619534],[-122.33263087184125,47.51488761172417],[-122.33141987169863,47.515103611868028],[-122.33139987170351,47.515137611871978],[-122.33119687167505,47.515154611895099],[-122.33116787166374,47.515126611896797],[-122.33098487159225,47.514949611907461],[-122.3306008714342,47.514544611928066],[-122.33030387126512,47.514034611933596],[-122.33028787125538,47.514004611933785],[-122.33009387122381,47.514002611954893],[-122.32857987098167,47.514004612120559],[-122.32819887091941,47.513999612161911],[-122.32734087078263,47.51400261225595],[-122.32865387159062,47.516510612244787],[-122.32872787162349,47.516598612241332],[-122.32886387168389,47.516760612235018],[-122.3291918718248,47.517131612218762],[-122.32921487183899,47.517175612218566],[-122.32922187184342,47.517189612218516],[-122.32922987185452,47.517230612219812],[-122.32924187186975,47.517286612221426],[-122.329252871883,47.517334612222804],[-122.32927087189826,47.517386612223561],[-122.32932287194208,47.517535612225764],[-122.32937187201642,47.517814612235128],[-122.3293838720241,47.517838612235067],[-122.3295328721168,47.518127612234032],[-122.32957087214034,47.518200612233713],[-122.32962587217459,47.518307612233379],[-122.32970487222421,47.518462612232916],[-122.32985087241705,47.519173612254463],[-122.329866872438,47.519250612256805],[-122.32992887252038,47.519554612266035],[-122.32993187252447,47.51956961226653],[-122.33064487286494,47.520518612238632],[-122.33092087300187,47.52090761222896],[-122.33079387298125,47.520906612242804],[-122.33061387295265,47.52090761226254],[-122.33008787286933,47.520911612320262],[-122.32960687279392,47.520918612373272],[-122.32791387252443,47.520926612558867],[-122.32589087220001,47.520925612780083],[-122.3258958720368,47.520237612743223],[-122.32589387166922,47.518696612662048],[-122.32511487154026,47.518679612746332],[-122.3245248714488,47.518692612811577],[-122.32414987138847,47.51869161285255],[-122.3240878713785,47.518691612859321],[-122.32387287134409,47.518691612882847],[-122.32345287127647,47.518690612928715],[-122.32324487124291,47.51868961295142],[-122.32316887123126,47.518691612959827],[-122.3216218709899,47.518719613130472],[-122.32130687093988,47.518721613165027],[-122.32035787078728,47.518719613268708],[-122.32015087075412,47.518719613291346],[-122.31861587050987,47.518727613459632],[-122.31842787048022,47.518729613480346],[-122.31814587043574,47.518732613511332],[-122.31754087033828,47.518730613577389],[-122.31754487036442,47.518837613582576],[-122.31755887045549,47.519210613600777],[-122.31758187060862,47.519837613631381],[-122.31758587063742,47.519955613637173],[-122.31759287067595,47.520112613644699],[-122.3176028707457,47.52039861365872],[-122.31760787078373,47.520554613666427],[-122.31762587089668,47.521016613688843],[-122.31765587109626,47.521833613728717],[-122.31767087119255,47.522227613747894],[-122.31603787092979,47.5222236139263],[-122.3158748709008,47.522211613943469],[-122.31512687078177,47.522215614025484],[-122.31499887075817,47.522202614038818],[-122.31490387074155,47.522196614048923],[-122.31428087063969,47.522188614116594],[-122.31368087054348,47.522188614182213],[-122.31353087051254,47.522159614197101],[-122.31337587048269,47.522138614212949],[-122.31100987010635,47.522151614472413],[-122.31014086996673,47.522150614567408],[-122.30977286990772,47.522150614607654],[-122.30968586989377,47.522150614617175],[-122.30968186990314,47.522192614619776],[-122.30963387003104,47.522761614655153],[-122.30956387010109,47.523102614680816],[-122.30953287016837,47.523405614700188],[-122.30953587018459,47.523471614703361],[-122.30954787024326,47.52370961471464],[-122.30960987032468,47.524009614723695],[-122.30965187035909,47.524125614725229],[-122.30971787041234,47.52430461472747],[-122.30987087050484,47.524589614725812],[-122.30998687056395,47.524759614722079],[-122.31016287062866,47.524912614710921],[-122.31032987068974,47.525056614700304],[-122.31109887098168,47.525763614653528],[-122.31144287113793,47.52618761463831],[-122.31162387121012,47.526368614628062],[-122.31173887125765,47.52649061462192],[-122.31185087129276,47.526562614613447],[-122.31190187130711,47.526588614609288],[-122.31265987147496,47.526782614536586],[-122.31284787151512,47.52682461451824],[-122.31491287197741,47.527374614321474],[-122.31500587199901,47.527402614312741],[-122.31510487202247,47.527434614303594],[-122.31749787258319,47.528176614081019],[-122.31756887260386,47.528215614075314],[-122.31761387269192,47.528554614088279],[-122.31760487275625,47.528830614103832],[-122.31758987280182,47.529031614116079],[-122.31758287283482,47.52917461412445],[-122.31758987289413,47.529418614136489],[-122.31759087289976,47.529441614137603],[-122.31825887300735,47.529443614064633],[-122.31850787304752,47.529444614037502],[-122.31850287310725,47.529698614051441],[-122.31850187312737,47.529783614056051],[-122.31848887329035,47.530475614093959],[-122.31848787331406,47.530575614099384],[-122.31848287337856,47.530849614114402],[-122.3184818733951,47.530919614118183],[-122.31847987344248,47.531119614128968],[-122.31847784247383,47.531252219136171],[-122.31852710248859,47.531281173132335],[-122.31947308772662,47.531643122047953],[-122.31977817385209,47.531963974031477],[-122.32129728834595,47.53301304592064],[-122.32167115843207,47.533123015885572],[-122.32241129869814,47.533740937837209],[-122.32308709688233,47.534058894780024],[-122.32315787990018,47.534086118773736],[-122.32395133707561,47.534288297697564],[-122.32427789817163,47.534471354671503],[-122.3246383672582,47.534592002638384],[-122.32527938545834,47.535000085589786],[-122.32535962748976,47.535077727585126],[-122.32640800279805,47.535665403501419],[-122.32717311610401,47.536433758458216],[-122.32852253252344,47.537284970355429],[-122.3287205096199,47.537556052348044],[-122.3295294938715,47.538067013286486],[-122.32994636901682,47.538396001258192],[-122.33161125250328,47.539316068124535],[-122.33185764355767,47.539378517100857],[-122.33213075960994,47.539413959072832],[-122.33213314161853,47.53944834407438],[-122.33326683086878,47.539735684965436],[-122.33313713088985,47.539911160988865],[-122.33237258278901,47.540001774077325],[-122.33416068635491,47.541171997943323],[-122.33452680745009,47.541324883911344],[-122.33490082564109,47.541873901899272],[-122.33492176664974,47.541896116898165],[-122.33660850718655,47.543012509772396],[-122.33683425131343,47.543392169767706],[-122.33807486262512,47.543864905656768],[-122.33871591102773,47.545120864652816],[-122.33847886303892,47.545326917689621],[-122.33852721415313,47.545772750707762],[-122.33864183824619,47.546085509711688],[-122.33888307235945,47.54639792370174],[-122.33908562454037,47.547019555712367],[-122.3391719845921,47.547178158711247],[-122.34010797701112,47.548304575668084],[-122.34094297918699,47.54848086758593],[-122.34195819537263,47.548576713479861],[-122.34194286138002,47.548618050483732],[-122.34220848542674,47.548635373455532],[-122.34234581452525,47.548955807457361],[-122.34153709853689,47.549547085577046],[-122.3409725236551,47.550420651684838],[-122.34127723586587,47.551098637687211],[-122.34155419492366,47.551154821659864],[-122.34166148404569,47.551593647671204],[-122.34181175708207,47.551645169657441],[-122.34188805118177,47.552011380668411],[-122.34248314445122,47.552739987641566],[-122.34228269647083,47.552956379674868],[-122.34253841562276,47.553420811671337],[-122.34255946464906,47.553516765674104],[-122.34281120874992,47.553769955659881],[-122.34267568676182,47.553910689682162],[-122.3428361118272,47.554076760673283],[-122.34287721785736,47.55417552567399],[-122.34300194389988,47.554269681665289],[-122.34320793707235,47.554853329673428],[-122.34343681912634,47.554925809652197],[-122.3436385712164,47.555167442642798],[-122.34368217023086,47.555198788639686],[-122.34422418534044,47.55529382758538],[-122.34560534351178,47.555084765423118],[-122.34631529463078,47.555106729346512],[-122.34736052187502,47.555427760248932],[-122.34800136112437,47.556041807211074],[-122.34884744941407,47.556686759152363],[-122.34906204250824,47.556936920142022],[-122.34926567757533,47.557081112127292],[-122.34931597661971,47.55723294112979],[-122.34976360181614,47.557754755108249],[-122.34990057293297,47.558151692114059],[-122.34990057306777,47.558715671143766],[-122.3496264821998,47.5594517592125],[-122.34962648236757,47.560153663249402],[-122.35010674572281,47.561317742258005],[-122.35006853877691,47.56156969127543],[-122.34983250478811,47.561774701312082],[-122.34967693377666,47.561831097332082],[-122.34970818388368,47.562257657351076],[-122.34890709775532,47.562257657438828],[-122.34883843283187,47.562623868465636],[-122.3480068288427,47.5632265905884],[-122.34794730590475,47.563526066610692],[-122.34848150627768,47.564727663615344],[-122.34976360175604,47.565868794534886],[-122.350068539012,47.566734790547038],[-122.35002359813161,47.567264974579849],[-122.35015832019,47.567418942573177],[-122.35026513126004,47.567640195573084],[-122.35002862027412,47.567857632610412],[-122.34999048028924,47.567946350619287],[-122.35007658634713,47.568130701619502],[-122.35122069674931,47.569045692542268],[-122.35284581828265,47.570186794424203],[-122.353166508401,47.570466878403785],[-122.3535686604846,47.570546994363937],[-122.35394250061384,47.570836911338226],[-122.35389672465583,47.571042904354023],[-122.35386004465707,47.571072598359635],[-122.35460093593055,47.571719676312448],[-122.35544771018128,47.572200626244928],[-122.35679787363756,47.573203593149699],[-122.35760688784855,47.573543578078898],[-122.36105603039745,47.573528646700133],[-122.36115512346072,47.573726623699706],[-122.36116822057208,47.574183194722224],[-122.36149560364353,47.574262508690524],[-122.36141828396784,47.579847435992178],[-122.3616350590148,47.579898535971111],[-122.3617652953527,47.58122259402635],[-122.36197117041392,47.581340581009982],[-122.36197116991627,47.583438575120084],[-122.36160522690238,47.583625466170027],[-122.36167308706676,47.584266543196222],[-122.36168134208464,47.584335625198918],[-122.36061233108813,47.585065474354401],[-122.36067163112332,47.585172543353551],[-122.36116754223745,47.585317502306786],[-122.36125146514946,47.584894070275375],[-122.3616253062094,47.584894070234398],[-122.36190759330391,47.585100064214267],[-122.36266290342492,47.58510006413146],[-122.3633419195465,47.585153470059787],[-122.36410485967878,47.585195430978366],[-122.36470758182828,47.585416683923924],[-122.3667522601604,47.58543575670074],[-122.36769830528996,47.585344204592268],[-122.36803399843146,47.585710414574663],[-122.36857568553923,47.585798153519853],[-122.36877404952801,47.585618862488715],[-122.36874353233222,47.584821590450233],[-122.3693920303666,47.584531673363969],[-122.36975824136219,47.584268459309989],[-122.36984216528799,47.583902248281618],[-122.37014734030851,47.583783992241948],[-122.3704067403747,47.583886989218904],[-122.37051355143662,47.58407390921699],[-122.37103235051964,47.584073909160111],[-122.37118493848472,47.583825954130411],[-122.37163507254583,47.583780178078626],[-122.37178766055386,47.583711513058347],[-122.37202417154238,47.583505519021614],[-122.37215387159786,47.583650478014967],[-122.3728481469082,47.584482081982493],[-122.37366449219603,47.585138209927401],[-122.37418329136045,47.585477717888288],[-122.37483179061232,47.586095698849597],[-122.3748623077113,47.586488612866894],[-122.37493860180759,47.586839564876882],[-122.37522851888508,47.586969264851916],[-122.37628137503266,47.586881526731887],[-122.37673151012028,47.58694637568594],[-122.37777673746582,47.587690241610318],[-122.37796747268462,47.588476069630616],[-122.37826501878523,47.588697321609587],[-122.37892114699628,47.589139826560789],[-122.37921869318103,47.589712031558186],[-122.37963831027383,47.589818842517751],[-122.38021814431912,47.589620478443791],[-122.38098108457741,47.59018886838993],[-122.38085138465081,47.590581782424714],[-122.38089716092783,47.591707118478624],[-122.38143121901238,47.591703303419912],[-122.38143121910015,47.592069514439054]]],[[[-122.37440471619431,47.734169513625062],[-122.37361112159385,47.732213870610863],[-122.37326779924889,47.731016055586409],[-122.37306180466953,47.728757754491674],[-122.37390866720284,47.726266757268917],[-122.37548795096065,47.724218263988575],[-122.37628140752882,47.721906557781026],[-122.37587705011532,47.720464601750557],[-122.375556614731,47.719087496714202],[-122.37606778330486,47.716985597548657],[-122.37760129203441,47.71484936726872],[-122.37941708776593,47.712533845948421],[-122.37995114472155,47.711995972861658],[-122.38017239769064,47.711721314823002],[-122.38052334943538,47.710431947717339],[-122.3807140841111,47.708963288619927],[-122.38177456994656,47.707578553431205],[-122.38336148387378,47.706224335186093],[-122.38527646186098,47.704900635906469],[-122.38758816795504,47.703756225592556],[-122.39035763812426,47.702619446228717],[-122.39049496810297,47.702440155204279],[-122.39431729439018,47.701093566713652],[-122.39575162046339,47.700445067522054],[-122.39745297561247,47.699933898308274],[-122.39772763461227,47.699750792268539],[-122.39881863769767,47.699380767129227],[-122.40206113088176,47.697992216700257],[-122.40250363487338,47.697664152634488],[-122.40391507266934,47.695882688386597],[-122.40624203863497,47.694196592042914],[-122.40617337344622,47.693460355012178],[-122.40356411947238,47.691156278179491],[-122.40342679036196,47.690790067175541],[-122.40290799114176,47.690221677203041],[-122.40350308414773,47.68985165211835],[-122.40384640660446,47.68737209895162],[-122.40415158239932,47.686319241863302],[-122.40344204818444,47.68589962491955],[-122.40308346600463,47.68539227093256],[-122.40330471869962,47.68398083283482],[-122.40418209842605,47.682264218649038],[-122.40497555532129,47.681302914511768],[-122.40564694233403,47.680910000417462],[-122.40613522331833,47.680520901343499],[-122.40683712816858,47.679433713209768],[-122.4071041560954,47.67895306115544],[-122.4076382139381,47.677945981044267],[-122.40815701282614,47.677137264945152],[-122.40839352386399,47.677137264919146],[-122.40844692987257,47.677137264913277],[-122.41024746715982,47.677133449715058],[-122.41025509638,47.678041347761436],[-122.41078152546424,47.678041347703548],[-122.41077389489001,47.675664791580751],[-122.40978207372854,47.675653347689227],[-122.40972866771999,47.675653347695089],[-122.40962185670286,47.675653347706849],[-122.40929379262462,47.675546535737411],[-122.40851559338141,47.675054439797364],[-122.40843167020984,47.67439831177245],[-122.40811123507854,47.674066433790429],[-122.4081509000285,47.673832693773896],[-122.40791791595517,47.673683002791748],[-122.40780069281307,47.673171419778001],[-122.40779842981233,47.673169979778159],[-122.40728012363968,47.672797861815766],[-122.40727702163896,47.672796857816039],[-122.40727472363787,47.672793984816174],[-122.40720333761408,47.672742733821373],[-122.40686764349967,47.672490963845199],[-122.40684677748338,47.672437175844678],[-122.40663699742083,47.672316946861507],[-122.4065799222749,47.671749282838206],[-122.40652432023141,47.671605953836831],[-122.40537228179237,47.670549282908539],[-122.40422723417593,47.668751992940834],[-122.40288289173326,47.667807984039456],[-122.40020457007289,47.666846903283819],[-122.40019852506703,47.666826498283442],[-122.39993252201053,47.6667689183097],[-122.39748348548976,47.666234860551072],[-122.39583553611006,47.665754208707206],[-122.3955761361852,47.666238675760944],[-122.39526333121418,47.66656673981246],[-122.39463772116541,47.666780362892339],[-122.3942486221537,47.666990170946072],[-122.39411129330534,47.667711148998677],[-122.39273800109369,47.667745481151471],[-122.39241756695507,47.667383085167799],[-122.39161648081947,47.667352567254241],[-122.39153255695852,47.667985807296482],[-122.3903728887305,47.667810331414827],[-122.38895382138008,47.66729916254419],[-122.38787807604139,47.666608701626423],[-122.38703121272566,47.665861021680513],[-122.38632167952566,47.665502439739811],[-122.38609279730703,47.664747129725583],[-122.38516201110832,47.664541135817153],[-122.38462795310267,47.664873014893146],[-122.38422511893216,47.664432996914471],[-122.38420518993144,47.664442964917221],[-122.38383920087176,47.664438927957228],[-122.38370192181321,47.664287061964394],[-122.38461706884779,47.66382204183958],[-122.38461706880443,47.663641999830169],[-122.38444496975312,47.663543350843959],[-122.38391841872807,47.663789640914679],[-122.38353052461311,47.663570174945832],[-122.38329690259397,47.663646037975468],[-122.38295392348844,47.663435952002231],[-122.38243870326686,47.662858595028744],[-122.38221706319557,47.662710082045365],[-122.38109554181378,47.661870848124821],[-122.38029445557707,47.661420714189369],[-122.37971462144833,47.661271941245346],[-122.37929007428606,47.660880562271601],[-122.37901731022819,47.660821807298504],[-122.37851680614803,47.660821807353493],[-122.3780285251791,47.661275756430804],[-122.37638820493099,47.661336791614289],[-122.37567867078879,47.661218535686089],[-122.37499202557679,47.660795104739428],[-122.37416805046036,47.660859954833377],[-122.3725963951084,47.660444152984347],[-122.37246077807059,47.660377395995766],[-122.37243261806505,47.660373058998623],[-122.37172252086772,47.660026216058547],[-122.37090644668439,47.659808098136871],[-122.3696855272179,47.658683083212274],[-122.36894560397732,47.65817616826709],[-122.3683664028303,47.657951191318972],[-122.36593229101224,47.656173212493542],[-122.36583356495692,47.656009276495858],[-122.36576185993545,47.655967646501558],[-122.36179931378231,47.653815347824448],[-122.36153012871813,47.653728202849457],[-122.3612601586254,47.653522500868341],[-122.36113704058954,47.653455627878408],[-122.35272553528263,47.649472370594097],[-122.34863135118705,47.647647138948287],[-122.34839594814169,47.647615327972439],[-122.34746516199877,47.64764203107606],[-122.34737361004287,47.647886171098889],[-122.34701502805045,47.648157015152456],[-122.34666407605937,47.648427858205174],[-122.34550440786693,47.648401155331136],[-122.344848279725,47.648248567395214],[-122.34372675848819,47.648012056505983],[-122.34284174833893,47.647981539601616],[-122.3422161381808,47.647741213657767],[-122.34215888614821,47.647643885658908],[-122.3419823451171,47.647632373677737],[-122.34113561989423,47.647270291751745],[-122.34092957182176,47.647106355765807],[-122.34054710877868,47.647182517811771],[-122.34052241177974,47.647203340815572],[-122.34047048177004,47.647197776820974],[-122.34035727375735,47.647220320834585],[-122.34025501772997,47.647174691843418],[-122.33998835468029,47.647146120871234],[-122.339858654587,47.646844759869673],[-122.33949244344204,47.646486177891134],[-122.33932471938905,47.646377668903902],[-122.33896838136572,47.646518428950351],[-122.33748123984556,47.645347306052344],[-122.3366031685571,47.644733417116655],[-122.33615906345003,47.644584595157575],[-122.33522761127445,47.644475833254198],[-122.33361780808221,47.644750491445315],[-122.33305323341817,47.646524325600232],[-122.33229792352905,47.647489444733708],[-122.33145869062555,47.648450747876225],[-122.3314663199094,47.649625674936949],[-122.32871210896742,47.6517046853483],[-122.32760584601472,47.65263928651872],[-122.32689631306692,47.65332974663287],[-122.32565272092606,47.65357388778223],[-122.32503473986267,47.653722660857881],[-122.32409632471202,47.653722660960945],[-122.32347834362108,47.653756993030605],[-122.32272303356501,47.654027837127728],[-122.32196772351628,47.654329198226506],[-122.32160151237028,47.653966802247723],[-122.32140165532647,47.653917948267122],[-122.32138283040634,47.654262469287211],[-122.32094781134202,47.654285436336195],[-122.32094112626406,47.65396587132021],[-122.32036555018745,47.65403165138688],[-122.32005274511526,47.65394009941641],[-122.31967800301473,47.653772357448815],[-122.31921576494915,47.653808346501428],[-122.31871167182884,47.6536444115482],[-122.31762180546757,47.652870074627309],[-122.31760370846325,47.652864354629017],[-122.31710779836165,47.65277280167868],[-122.3164440401395,47.652292150726339],[-122.31630671098068,47.651723760711668],[-122.31568110085088,47.651601689773948],[-122.31541407180897,47.651605504803499],[-122.31479609064459,47.651334661857149],[-122.314673994614,47.651289036868185],[-122.31431771455162,47.651267433906177],[-122.31397473643788,47.651023527931017],[-122.31391309140034,47.650908653931793],[-122.31367456930577,47.65067471894568],[-122.31314814114236,47.650346654986329],[-122.31314814102585,47.649862187960871],[-122.31209462273966,47.649375711051064],[-122.31194447171455,47.649371453067346],[-122.31169345063071,47.6491904640854],[-122.31055414632127,47.648664373182925],[-122.30966150619348,47.648729223284342],[-122.30962335907822,47.648275274264698],[-122.3087431088201,47.647789526335849],[-122.30741421455441,47.647572304470366],[-122.30019342637198,47.647478004258204],[-122.29912531138113,47.648229499414938],[-122.29836099165733,47.649888944585932],[-122.29841706066767,47.649894648580073],[-122.29838706076842,47.650333531606414],[-122.29811198278485,47.650585686649855],[-122.29803462477527,47.650597533658967],[-122.29798853179196,47.650697608669248],[-122.29765676907425,47.652093179778973],[-122.29801304013209,47.652095577739964],[-122.29794812415727,47.652243765754839],[-122.2985225892759,47.652353187697528],[-122.29878411734784,47.652477572675345],[-122.29885998233883,47.652389627662387],[-122.29915720240223,47.652454663633186],[-122.2993630334702,47.652599669618162],[-122.29929517454175,47.652942649643627],[-122.29906914552005,47.653003210671628],[-122.29879724854389,47.653283973716199],[-122.2981258614938,47.653524299802562],[-122.29786262645743,47.653548786832708],[-122.2973339414073,47.653693513898389],[-122.29702903734002,47.653617580927879],[-122.29402293090757,47.653827623268988],[-122.29343118681658,47.653844730334882],[-122.29341852381911,47.653863808337256],[-122.29261743777762,47.65422620444425],[-122.29208337969176,47.654226204502891],[-122.28858722337462,47.655243448940169],[-122.28786575741262,47.655883546053019],[-122.28793383246662,47.656062590054937],[-122.28874282860318,47.656089550967522],[-122.2887128286654,47.656368492985472],[-122.28830077572384,47.65688652205791],[-122.2881018047085,47.656955595083396],[-122.2878003796491,47.65691021911411],[-122.28765833166244,47.657060525137567],[-122.28576693184637,47.654931790233505],[-122.2856685178117,47.654853566240206],[-122.2851945987091,47.654743595286448],[-122.28476134659321,47.654551224323946],[-122.28461420161709,47.654748819350438],[-122.28341638642549,47.654752633482197],[-122.28296625233108,47.654661081526783],[-122.2825618941789,47.654298684552145],[-122.28211176004973,47.654062173589182],[-122.28185235994289,47.653791330603426],[-122.28118860281411,47.653699777671505],[-122.28042566364932,47.65352430174606],[-122.28015863442566,47.652772805735879],[-122.28100549749573,47.652498147628442],[-122.28011285721556,47.651929757696621],[-122.27957116997709,47.651300332723025],[-122.27882348977799,47.650972268787847],[-122.27809869636528,47.649740121802658],[-122.27716790996249,47.648687265849503],[-122.27596246564579,47.64817609595498],[-122.27590889764228,47.648197171961954],[-122.27535326066487,47.648662701047414],[-122.27508621473206,47.649120687100826],[-122.2750471409046,47.649864649144234],[-122.27525318903297,47.650260768142374],[-122.2760933593599,47.651058738092104],[-122.27626033347383,47.651420690092792],[-122.27623033266157,47.652221655138177],[-122.27592538571162,47.652633708193363],[-122.27524539169605,47.653023702288486],[-122.27513849171395,47.653169535307875],[-122.27420770567991,47.653650187435346],[-122.27333374667018,47.654194269559881],[-122.27230825576305,47.655265791728802],[-122.27085115776923,47.656265728941364],[-122.27058560475646,47.656390295977047],[-122.27057611375648,47.656396769978421],[-122.26934940871273,47.657034798146654],[-122.26864623375498,47.657680801257811],[-122.26776929311502,47.659763685463595],[-122.26742613961513,47.662071718622521],[-122.26728816564709,47.662296695649516],[-122.26728816609949,47.664176743748349],[-122.26715106112701,47.664382791774223],[-122.26641109409988,47.664764670875535],[-122.26525907399255,47.665088722019085],[-122.26295490373113,47.665542670295963],[-122.26184095862439,47.665843754434135],[-122.26059021254257,47.666339771597613],[-122.25933794848331,47.666930694766201],[-122.25683593547841,47.668582770127813],[-122.2563248094385,47.668758818193204],[-122.25618787848985,47.669063722224251],[-122.25290686657165,47.671596733717806],[-122.25242574060447,47.67205471979473],[-122.25164774172725,47.673084699934336],[-122.25161787278286,47.673335682950814],[-122.25131192679342,47.67358375599742],[-122.25058776175774,47.673919703094626],[-122.25028967380895,47.674331755149034],[-122.24964192109597,47.675956696305597],[-122.24929315912843,47.676324456363268],[-122.24918329318982,47.676652815392572],[-122.24910721920256,47.676756646406432],[-122.24900072331261,47.677284721445865],[-122.24789084340659,47.678416834627285],[-122.24777185542659,47.67857923764894],[-122.24717359247929,47.67919813174715],[-122.24680283253667,47.679683796813457],[-122.24660397154473,47.679850239844015],[-122.24631464164129,47.680444624907039],[-122.24538385566606,47.681169418047411],[-122.24525814468649,47.681338136070089],[-122.24521579372677,47.68153367108502],[-122.24528486703112,47.682750727141439],[-122.245696920295,47.683570795139268],[-122.2459257183759,47.683753703123735],[-122.24636794356859,47.684257796101662],[-122.24732199087107,47.684875679029261],[-122.24742071698071,47.685264809038891],[-122.24772683708875,47.685508715018052],[-122.24982517555328,47.686034601815109],[-122.25129686093382,47.686630517684705],[-122.25525714385255,47.687797647310809],[-122.25552436394615,47.68800751529249],[-122.25617232008558,47.68815330222894],[-122.25621759905997,47.688016798216786],[-122.25859165141155,47.687890227949225],[-122.25884323340753,47.687705606911933],[-122.26165036685926,47.687705606603444],[-122.26259633902814,47.687774679503072],[-122.26432030863737,47.689151460385901],[-122.26591538104208,47.689765523242805],[-122.26740369362922,47.691207556154879],[-122.2676395677998,47.691757582157798],[-122.26794447293611,47.692119491143259],[-122.26953151243062,47.693111569020878],[-122.27166875105952,47.694293588847913],[-122.27156177619587,47.694930445893092],[-122.27148895919395,47.694971096903238],[-122.27150690923089,47.695112133908644],[-122.27143784327403,47.695337192928037],[-122.27153077836864,47.69566754693512],[-122.27196579746517,47.695777517893085],[-122.27220266987958,47.697337595948845],[-122.27217167212231,47.698364537006064],[-122.27223284447255,47.699775355073285],[-122.27291176912394,47.702022391116465],[-122.27307991626148,47.70248037712193],[-122.27338503746984,47.703140373122999],[-122.27352279252503,47.703277348115002],[-122.27362186663387,47.703662397124326],[-122.27377713075988,47.704081042129161],[-122.27443660011441,47.705110456110596],[-122.2744435191529,47.705265332117946],[-122.2744989821848,47.705360405116792],[-122.27462860471816,47.707483691213803],[-122.27548182819505,47.708890821193698],[-122.27597773965893,47.710481550222461],[-122.27628215719027,47.712479288293594],[-122.27639109933651,47.713012405309485],[-122.27641867136144,47.713097170310903],[-122.27692378578936,47.714532758330549],[-122.2772976260817,47.715494062339737],[-122.27816516786619,47.718163934384073],[-122.27824518493303,47.718387369386924],[-122.27839454802965,47.718687901386261],[-122.27862878815014,47.719030691378421],[-122.27902318432174,47.719478391358464],[-122.2801073026786,47.720233250278667],[-122.28042116484569,47.72071590426939],[-122.280471455864,47.720758344266088],[-122.28047145587244,47.720793241267891],[-122.28064842896667,47.721065387262712],[-122.28075540307036,47.72142330126966],[-122.28067929731256,47.72247624833313],[-122.28041242355648,47.723663304424591],[-122.2800763037668,47.724757277518776],[-122.27990125494338,47.72560439358233],[-122.28000032819182,47.726566298621755],[-122.28018455132512,47.726994995623926],[-122.28026162137689,47.727158026623975],[-122.28067946958323,47.727733383608076],[-122.28067946962189,47.727893324616439],[-122.28098437475388,47.728236303600866],[-122.2810350828627,47.728652933617028],[-122.2810360328633,47.728654767616995],[-122.28161586709402,47.729223157582936],[-122.2817074202683,47.729883100607381],[-122.28132065930245,47.730281761670817],[-122.28125159541479,47.730792281705092],[-122.28134114859112,47.731461995730278],[-122.28202785482068,47.731954481680432],[-122.28376735736808,47.733060743546808],[-122.28418348659967,47.733741681536557],[-122.28455291665931,47.733742628496003],[-122.28467791667944,47.73374262848224],[-122.28597191688635,47.73373762833949],[-122.28633791694457,47.733734628299061],[-122.28672591700574,47.7337296282561],[-122.28706491705955,47.733726628218641],[-122.28842991728108,47.733734628068788],[-122.28976791749697,47.733737627921656],[-122.29111291771521,47.733745627774063],[-122.29145891777135,47.733747627736079],[-122.2924499179329,47.733756627627443],[-122.29382491815667,47.733767627476695],[-122.29470691830021,47.733774627379944],[-122.29517791837694,47.733778627328299],[-122.29532091840019,47.7337796273126],[-122.29653491859781,47.73378962717954],[-122.29789191881866,47.733800627030689],[-122.29924491903884,47.733811626882357],[-122.30060091925952,47.733822626733627],[-122.3019699194823,47.733833626583525],[-122.30361391975093,47.733851626403442],[-122.30458891991007,47.733861626296658],[-122.30485891995444,47.733865626267139],[-122.3060089201427,47.733879626141295],[-122.30618592017164,47.733881626121921],[-122.30734092036047,47.733894625995411],[-122.30805992047775,47.733901625916651],[-122.30841392053559,47.733905625877881],[-122.30871092058426,47.733909625845378],[-122.31006292080525,47.733924625697341],[-122.31276492124701,47.733955625401457],[-122.31545792168582,47.733980625106291],[-122.31677492190059,47.73399362496199],[-122.31813192212176,47.734006624813233],[-122.32081592255906,47.734031624519019],[-122.32223392279002,47.734044624363612],[-122.32360392301327,47.73405762421347],[-122.32447192315436,47.73406462411824],[-122.32453792316524,47.734065624111032],[-122.32474892319939,47.734066624087852],[-122.32499692323971,47.73406862406064],[-122.32526092328264,47.734070624031681],[-122.32533492329375,47.734067624023382],[-122.3256699233493,47.734074623986842],[-122.32623092344036,47.734078623925328],[-122.32639692346726,47.734079623907114],[-122.32889592387325,47.734098623632882],[-122.33024092409173,47.734108623485355],[-122.33159392431169,47.734119623336923],[-122.33304492454735,47.734130623177769],[-122.33376392466405,47.734135623098858],[-122.33429192475008,47.734140623040943],[-122.33534792491942,47.734139622924623],[-122.3355609249536,47.734139622901175],[-122.33594092501461,47.734139622859331],[-122.33699792518411,47.734138622742911],[-122.33809092535935,47.734137622622491],[-122.33864592544847,47.734137622561406],[-122.33970292561794,47.734136622444943],[-122.34075892578724,47.734135622328616],[-122.34104892583386,47.734135622296684],[-122.34135192588246,47.734135622263317],[-122.34240792605178,47.734134622146982],[-122.34343992621723,47.734133622033291],[-122.34401992631032,47.734133621969427],[-122.34500892646886,47.734132621860482],[-122.34511292648551,47.734132621849028],[-122.34522592650364,47.734132621836572],[-122.34631492667853,47.734132621716661],[-122.34781792691973,47.73413262155114],[-122.35052192735404,47.73413362125342],[-122.35178892755739,47.734133621113912],[-122.35305492776054,47.73413362097449],[-122.35427492795631,47.73413362084014],[-122.35558692816714,47.734134620695698],[-122.35918392874596,47.734141620299923],[-122.36094592902946,47.734144620106036],[-122.3619739291958,47.734150619993159],[-122.36386792949749,47.734141619784076],[-122.36393192950776,47.73414161977702],[-122.366314929891,47.734145619514841],[-122.36706993001313,47.734149619431875],[-122.36716893002897,47.734149619420975],[-122.36904493033229,47.734159619214857],[-122.37026393052828,47.734161619080702],[-122.37037793054657,47.734161619068146],[-122.37168393075653,47.73416361892442],[-122.37176893077019,47.734163618915041],[-122.3720999308235,47.734164618878651],[-122.37217493083553,47.734164618870388],[-122.37246293088195,47.734165618838709],[-122.37336893102749,47.734166618738968],[-122.3734819310456,47.734166618726526],[-122.37421093116305,47.734168618646393],[-122.37425593117028,47.734168618641434],[-122.37431693117999,47.734168618634719],[-122.37433493118291,47.734168618632737],[-122.37440471619431,47.734169513625062]],[[-122.35075784119581,47.725054844754808],[-122.35157374236742,47.725222991673768],[-122.35221480853582,47.725493901617277],[-122.35340486097394,47.726515980539517],[-122.35455688135904,47.727343950455769],[-122.35486195850571,47.727747971443215],[-122.35482392659566,47.728144916468047],[-122.35438890752947,47.7281598495167],[-122.35381005440992,47.728049879574726],[-122.35322985423362,47.727705901620716],[-122.3529318101638,47.727614860648785],[-122.35208473702232,47.727591893740829],[-122.35154374186439,47.72729784278512],[-122.35099371562761,47.726683953813691],[-122.35038369042456,47.726248933858209],[-122.34981169617117,47.72558090588641],[-122.34978087112198,47.725397823880272],[-122.34957469303909,47.725191992892235],[-122.34967376598316,47.724894946865831],[-122.35025379206608,47.724852833799794],[-122.35075784119581,47.725054844754808]],[[-122.33487212155306,47.72053498526796],[-122.33446814452685,47.720694926320817],[-122.3326680242378,47.720694925518899],[-122.33233190414585,47.720538023547739],[-122.33178995284952,47.719671978562225],[-122.33178995275382,47.719276032541536],[-122.33230090576481,47.718981983470002],[-122.33314797782421,47.718665009360251],[-122.33344606586125,47.718620073325098],[-122.33375114394794,47.718775978299639],[-122.33456704413426,47.719004949221791],[-122.33598641356227,47.719832919108747],[-122.33626118867647,47.720122932093595],[-122.33626118874371,47.720401049108091],[-122.33588734071147,47.720516056155262],[-122.33544511462475,47.720451020200535],[-122.33487212155306,47.72053498526796]],[[-122.34077787989706,47.680747119541785],[-122.34009878081483,47.680858261622227],[-122.33989976583251,47.681064092654879],[-122.33976283391085,47.681480183691647],[-122.33912194093482,47.682006244789605],[-122.33895379401825,47.682464230832032],[-122.3389847921235,47.682880146850366],[-122.33919084023833,47.683219262845384],[-122.33885489425987,47.683532241898675],[-122.33831272642212,47.684566260012289],[-122.33770270136186,47.684722164087489],[-122.33655072413937,47.684566260205997],[-122.33607780300827,47.684337245246013],[-122.33543690867923,47.68339913226751],[-122.33509375555785,47.683124227290847],[-122.33495560942066,47.682647138281091],[-122.33455163227313,47.68230411630757],[-122.33256057084411,47.681850166502741],[-122.33164442560235,47.681457216582913],[-122.3306605524389,47.681434249689865],[-122.32978365437066,47.681735160801985],[-122.3295464343263,47.68170919782672],[-122.32937142827143,47.681598228840187],[-122.32937828718987,47.681255206821447],[-122.32991242313123,47.680656251731442],[-122.32998145305579,47.680297164705081],[-122.32967637482851,47.679557371699943],[-122.32967637471353,47.679080282674995],[-122.32995145273021,47.678966274638782],[-122.33106474691445,47.678989241517613],[-122.33160656796746,47.678848273450697],[-122.33217851797825,47.678512153370264],[-122.33306349192171,47.677688221229921],[-122.33363648464331,47.676151152086582],[-122.33420847862116,47.675678231998937],[-122.33505555063013,47.675151171878319],[-122.335833549529,47.674213231743749],[-122.33790067252967,47.672839100444747],[-122.33911356059109,47.672286252282554],[-122.33986173366247,47.672084242189769],[-122.34151762988955,47.671924169999386],[-122.34215869694376,47.671722158918364],[-122.34266965003036,47.671741262863257],[-122.34280679808536,47.671878236855314],[-122.34287587126094,47.672561156883404],[-122.34425686283193,47.67401126480744],[-122.34483606401659,47.674392101763637],[-122.34530894123125,47.674968133741771],[-122.34534784127439,47.675121171745509],[-122.34571396144422,47.675582196729344],[-122.34565296153828,47.676013178758581],[-122.34517986762241,47.67667721284522],[-122.34436296897572,47.678687159040052],[-122.34412709522398,47.679874215127988],[-122.34379097528675,47.680358207190217],[-122.34334892328307,47.680637149253364],[-122.34209782903727,47.680450204381131],[-122.34165477786134,47.680015184407118],[-122.34125075680828,47.68006415645408],[-122.34077787989706,47.680747119541785]],[[-122.31451586205171,47.682285359509045],[-122.3142109140191,47.682353261546119],[-122.31224989668219,47.682262393756893],[-122.31234996734059,47.680778289668226],[-122.31451586170871,47.680862256434594],[-122.31451586205171,47.682285359509045]]]]},"properties":{"OBJECTID":245,"STATEFP20":"53","PLACEFP20":"63000","PLACENS20":"02411856","GEOID20":"5363000","NAME20":"Seattle","NAMELSAD20":"Seattle city","LSAD20":"25","CLASSFP20":"C1","PCICBSA20":"Y","PCINECTA20":"N","MTFCC20":"G4110","FUNCSTAT20":"A","ALAND20":217119656,"AWATER20":150846139,"INTPTLAT20":"+47.6193387","INTPTLON20":"-122.3515649"}},{"type":"Feature","id":246,"geometry":{"type":"Polygon","coordinates":[[[-122.29343118681658,47.653844730334882],[-122.29097879443961,47.653915625607851],[-122.29063481640711,47.654010530650638],[-122.29039876842984,47.654262642689794],[-122.29026886951263,47.654693624726683],[-122.28874265536641,47.655105546915891],[-122.28858722337462,47.655243448940169],[-122.29208337969176,47.654226204502891],[-122.29261743777762,47.65422620444425],[-122.29341852381911,47.653863808337256],[-122.29343118681658,47.653844730334882]]]},"properties":{"OBJECTID":246,"STATEFP20":"53","PLACEFP20":"63000","PLACENS20":"02411856","GEOID20":"5363000","NAME20":"Seattle","NAMELSAD20":"Seattle city","LSAD20":"25","CLASSFP20":"C1","PCICBSA20":"Y","PCINECTA20":"N","MTFCC20":"G4110","FUNCSTAT20":"A","ALAND20":217119656,"AWATER20":150846139,"INTPTLAT20":"+47.6193387","INTPTLON20":"-122.3515649"}},{"type":"Feature","id":247,"geometry":{"type":"Polygon","coordinates":[[[-122.3436385712164,47.555167442642798],[-122.34376488327275,47.55531872263694],[-122.34423790541881,47.555612454600599],[-122.34544335057276,47.555448422459975],[-122.34708367086016,47.555551419285777],[-122.34794579214054,47.556146512222682],[-122.34906204250824,47.556936920142022],[-122.34884744941407,47.556686759152363],[-122.34800136112437,47.556041807211074],[-122.34736052187502,47.555427760248932],[-122.34631529463078,47.555106729346512],[-122.34560534351178,47.555084765423118],[-122.34422418534044,47.55529382758538],[-122.34368217023086,47.555198788639686],[-122.3436385712164,47.555167442642798]]]},"properties":{"OBJECTID":247,"STATEFP20":"53","PLACEFP20":"63000","PLACENS20":"02411856","GEOID20":"5363000","NAME20":"Seattle","NAMELSAD20":"Seattle city","LSAD20":"25","CLASSFP20":"C1","PCICBSA20":"Y","PCINECTA20":"N","MTFCC20":"G4110","FUNCSTAT20":"A","ALAND20":217119656,"AWATER20":150846139,"INTPTLAT20":"+47.6193387","INTPTLON20":"-122.3515649"}},{"type":"Feature","id":248,"geometry":{"type":"Polygon","coordinates":[[[-122.40422723417593,47.668751992940834],[-122.40537228179237,47.670549282908539],[-122.40652432023141,47.671605953836831],[-122.4065799222749,47.671749282838206],[-122.4065679232442,47.671629945833303],[-122.40629284494639,47.670576825808745],[-122.40484377937895,47.669184936895618],[-122.40422723417593,47.668751992940834]]]},"properties":{"OBJECTID":248,"STATEFP20":"53","PLACEFP20":"63000","PLACENS20":"02411856","GEOID20":"5363000","NAME20":"Seattle","NAMELSAD20":"Seattle city","LSAD20":"25","CLASSFP20":"C1","PCICBSA20":"Y","PCINECTA20":"N","MTFCC20":"G4110","FUNCSTAT20":"A","ALAND20":217119656,"AWATER20":150846139,"INTPTLAT20":"+47.6193387","INTPTLON20":"-122.3515649"}},{"type":"Feature","id":249,"geometry":{"type":"Polygon","coordinates":[[[-122.28494126708081,47.643981400748885],[-122.28510248015864,47.644197365742514],[-122.28550683836754,47.644796272729643],[-122.28585779143864,47.64485730869432],[-122.28630792553206,47.644945046649504],[-122.28692590655254,47.64461698256445],[-122.28692590641825,47.644058240535095],[-122.28617947026166,47.643905793609015],[-122.28537047315442,47.644000699702801],[-122.28494126708081,47.643981400748885]]]},"properties":{"OBJECTID":249,"STATEFP20":"53","PLACEFP20":"63000","PLACENS20":"02411856","GEOID20":"5363000","NAME20":"Seattle","NAMELSAD20":"Seattle city","LSAD20":"25","CLASSFP20":"C1","PCICBSA20":"Y","PCINECTA20":"N","MTFCC20":"G4110","FUNCSTAT20":"A","ALAND20":217119656,"AWATER20":150846139,"INTPTLAT20":"+47.6193387","INTPTLON20":"-122.3515649"}},{"type":"Feature","id":251,"geometry":{"type":"Polygon","coordinates":[[[-122.29367727201695,47.6461961259063],[-122.29351770502805,47.646348853931819],[-122.29347192810047,47.646680732954252],[-122.29360162820015,47.64700879695728],[-122.29422723830073,47.647008796888599],[-122.29689752659858,47.646463294566779],[-122.29704784159823,47.646361436544929],[-122.29550989936509,47.646419528716855],[-122.29435770516342,47.646350629839674],[-122.29406083307823,47.646194551864099],[-122.29367727201695,47.6461961259063]]]},"properties":{"OBJECTID":251,"STATEFP20":"53","PLACEFP20":"63000","PLACENS20":"02411856","GEOID20":"5363000","NAME20":"Seattle","NAMELSAD20":"Seattle city","LSAD20":"25","CLASSFP20":"C1","PCICBSA20":"Y","PCINECTA20":"N","MTFCC20":"G4110","FUNCSTAT20":"A","ALAND20":217119656,"AWATER20":150846139,"INTPTLAT20":"+47.6193387","INTPTLON20":"-122.3515649"}},{"type":"Feature","id":252,"geometry":{"type":"Polygon","coordinates":[[[-122.28356747450037,47.733740863604332],[-122.28377291653338,47.733740628581756],[-122.28418348659967,47.733741681536557],[-122.28376735736808,47.733060743546808],[-122.28202785482068,47.731954481680432],[-122.28134114859112,47.731461995730278],[-122.2813586996257,47.731593247735169],[-122.28159457379101,47.732120132736767],[-122.28334958740449,47.733489228615184],[-122.28352559146785,47.733634234603414],[-122.28356747450037,47.733740863604332]]]},"properties":{"OBJECTID":252,"STATEFP20":"53","PLACEFP20":"63000","PLACENS20":"02411856","GEOID20":"5363000","NAME20":"Seattle","NAMELSAD20":"Seattle city","LSAD20":"25","CLASSFP20":"C1","PCICBSA20":"Y","PCINECTA20":"N","MTFCC20":"G4110","FUNCSTAT20":"A","ALAND20":217119656,"AWATER20":150846139,"INTPTLAT20":"+47.6193387","INTPTLON20":"-122.3515649"}},{"type":"Feature","id":253,"geometry":{"type":"Polygon","coordinates":[[[-122.34215888614821,47.647643885658908],[-122.3422161381808,47.647741213657767],[-122.34284174833893,47.647981539601616],[-122.34372675848819,47.648012056505983],[-122.344848279725,47.648248567395214],[-122.34550440786693,47.648401155331136],[-122.34666407605937,47.648427858205174],[-122.34701502805045,47.648157015152456],[-122.34737361004287,47.647886171098889],[-122.34746516199877,47.64764203107606],[-122.34839594814169,47.647615327972439],[-122.34863135118705,47.647647138948287],[-122.34803271802689,47.647380262000063],[-122.34719354690436,47.647430408094827],[-122.3469874998749,47.647445298118228],[-122.34647654682036,47.647559306180341],[-122.34640764696903,47.648223297222657],[-122.34556057485629,47.648319375320668],[-122.34498858074885,47.648254339380117],[-122.34333251235483,47.647720419534046],[-122.34215888614821,47.647643885658908]]]},"properties":{"OBJECTID":253,"STATEFP20":"53","PLACEFP20":"63000","PLACENS20":"02411856","GEOID20":"5363000","NAME20":"Seattle","NAMELSAD20":"Seattle city","LSAD20":"25","CLASSFP20":"C1","PCICBSA20":"Y","PCINECTA20":"N","MTFCC20":"G4110","FUNCSTAT20":"A","ALAND20":217119656,"AWATER20":150846139,"INTPTLAT20":"+47.6193387","INTPTLON20":"-122.3515649"}},{"type":"Feature","id":254,"geometry":{"type":"Polygon","coordinates":[[[-122.38245873663203,47.65605521067161],[-122.38245773160347,47.655937163665548],[-122.37951279813244,47.655940202989264],[-122.37860472800349,47.656009103092657],[-122.37849775315075,47.656692066140032],[-122.37748370601021,47.656783064256217],[-122.37724683295495,47.656711168278498],[-122.3771778028006,47.656116034255028],[-122.37670470873138,47.656143212308393],[-122.37684136516691,47.657861525383105],[-122.37686122616734,47.657850157380338],[-122.37712825512381,47.657491576332284],[-122.37752498410011,47.657129180269763],[-122.3785320641917,47.656839263144001],[-122.3786236170255,47.656087767094711],[-122.38245873663203,47.65605521067161]]]},"properties":{"OBJECTID":254,"STATEFP20":"53","PLACEFP20":"63000","PLACENS20":"02411856","GEOID20":"5363000","NAME20":"Seattle","NAMELSAD20":"Seattle city","LSAD20":"25","CLASSFP20":"C1","PCICBSA20":"Y","PCINECTA20":"N","MTFCC20":"G4110","FUNCSTAT20":"A","ALAND20":217119656,"AWATER20":150846139,"INTPTLAT20":"+47.6193387","INTPTLON20":"-122.3515649"}},{"type":"Feature","id":255,"geometry":{"type":"Polygon","coordinates":[[[-122.26703133161531,47.562246081403849],[-122.2676464038864,47.562967199374626],[-122.26733359893007,47.56336011342961],[-122.26705131092301,47.563520330469025],[-122.26670798783314,47.563375372498932],[-122.26614341271416,47.563257116554475],[-122.26606711881223,47.563718695587269],[-122.26636466489559,47.563867468562535],[-122.26728782202113,47.563772100456418],[-122.26786765621732,47.564203161415747],[-122.26673850605778,47.564294714544218],[-122.26644858905225,47.564466375584992],[-122.26641807112298,47.564782995605128],[-122.26651725319543,47.565019506606731],[-122.26680019529616,47.565250690587995],[-122.26680691017042,47.564720104559186],[-122.26774498023015,47.564339225436385],[-122.26792085521365,47.564152149407207],[-122.26792085507792,47.563584192377199],[-122.26757687681379,47.562710116368642],[-122.26703133161531,47.562246081403849]]]},"properties":{"OBJECTID":255,"STATEFP20":"53","PLACEFP20":"63000","PLACENS20":"02411856","GEOID20":"5363000","NAME20":"Seattle","NAMELSAD20":"Seattle city","LSAD20":"25","CLASSFP20":"C1","PCICBSA20":"Y","PCINECTA20":"N","MTFCC20":"G4110","FUNCSTAT20":"A","ALAND20":217119656,"AWATER20":150846139,"INTPTLAT20":"+47.6193387","INTPTLON20":"-122.3515649"}},{"type":"Feature","id":256,"geometry":{"type":"Polygon","coordinates":[[[-122.37125870519925,47.657558154980649],[-122.37192500738553,47.657888304924704],[-122.37276424155583,47.658037078840223],[-122.3739620567404,47.658006560707058],[-122.37463344272494,47.657495391606616],[-122.37512172472972,47.657190215536993],[-122.37523564676101,47.65724423052729],[-122.37516360268346,47.656970182520901],[-122.37442367856421,47.656967143602067],[-122.37381360951507,47.657169153679661],[-122.37337858952239,47.657489166744114],[-122.37246244539837,47.657584071849783],[-122.37151647325234,47.657607168954911],[-122.37125870519925,47.657558154980649]]]},"properties":{"OBJECTID":256,"STATEFP20":"53","PLACEFP20":"63000","PLACENS20":"02411856","GEOID20":"5363000","NAME20":"Seattle","NAMELSAD20":"Seattle city","LSAD20":"25","CLASSFP20":"C1","PCICBSA20":"Y","PCINECTA20":"N","MTFCC20":"G4110","FUNCSTAT20":"A","ALAND20":217119656,"AWATER20":150846139,"INTPTLAT20":"+47.6193387","INTPTLON20":"-122.3515649"}},{"type":"Feature","id":257,"geometry":{"type":"Polygon","coordinates":[[[-122.34908658653909,47.569596392805039],[-122.34875658244296,47.569415658831673],[-122.34801664928516,47.569251685904121],[-122.34662777206906,47.569278687057746],[-122.34636053406908,47.569457740096396],[-122.34619256919454,47.570094764148287],[-122.34605547838807,47.570995629210678],[-122.34524658285797,47.57350167643105],[-122.34540527990504,47.573591956418404],[-122.34609185258408,47.571790586248476],[-122.34631310535759,47.570695768166715],[-122.34631310514682,47.569814573120354],[-122.34908658653909,47.569596392805039]]]},"properties":{"OBJECTID":257,"STATEFP20":"53","PLACEFP20":"63000","PLACENS20":"02411856","GEOID20":"5363000","NAME20":"Seattle","NAMELSAD20":"Seattle city","LSAD20":"25","CLASSFP20":"C1","PCICBSA20":"Y","PCINECTA20":"N","MTFCC20":"G4110","FUNCSTAT20":"A","ALAND20":217119656,"AWATER20":150846139,"INTPTLAT20":"+47.6193387","INTPTLON20":"-122.3515649"}},{"type":"Feature","id":258,"geometry":{"type":"Polygon","coordinates":[[[-122.32753472145974,47.633739373536038],[-122.32787477750981,47.633720609497715],[-122.32925576988904,47.634376568380567],[-122.32993486885667,47.633788511275171],[-122.32782233024874,47.632668897448347],[-122.32765161834884,47.633199588494911],[-122.32753472145974,47.633739373536038]]]},"properties":{"OBJECTID":258,"STATEFP20":"53","PLACEFP20":"63000","PLACENS20":"02411856","GEOID20":"5363000","NAME20":"Seattle","NAMELSAD20":"Seattle city","LSAD20":"25","CLASSFP20":"C1","PCICBSA20":"Y","PCINECTA20":"N","MTFCC20":"G4110","FUNCSTAT20":"A","ALAND20":217119656,"AWATER20":150846139,"INTPTLAT20":"+47.6193387","INTPTLON20":"-122.3515649"}},{"type":"Feature","id":259,"geometry":{"type":"Polygon","coordinates":[[[-122.37246077807059,47.660377395995766],[-122.3725963951084,47.660444152984347],[-122.37416805046036,47.660859954833377],[-122.37499202557679,47.660795104739428],[-122.37567867078879,47.661218535686089],[-122.37638820493099,47.661336791614289],[-122.3780285251791,47.661275756430804],[-122.37851680614803,47.660821807353493],[-122.37901731022819,47.660821807298504],[-122.37808570003062,47.660621133390364],[-122.37765085399946,47.66078107444654],[-122.37629265577726,47.660762144594791],[-122.37540768165213,47.660831218695655],[-122.37246077807059,47.660377395995766]]]},"properties":{"OBJECTID":259,"STATEFP20":"53","PLACEFP20":"63000","PLACENS20":"02411856","GEOID20":"5363000","NAME20":"Seattle","NAMELSAD20":"Seattle city","LSAD20":"25","CLASSFP20":"C1","PCICBSA20":"Y","PCINECTA20":"N","MTFCC20":"G4110","FUNCSTAT20":"A","ALAND20":217119656,"AWATER20":150846139,"INTPTLAT20":"+47.6193387","INTPTLON20":"-122.3515649"}},{"type":"Feature","id":260,"geometry":{"type":"Polygon","coordinates":[[[-122.31629823484251,47.646996335464763],[-122.3162914508902,47.647199529476154],[-122.31646692711382,47.648012059499443],[-122.31825220676092,47.649511235382036],[-122.31951868636149,47.651162999329529],[-122.32013666760474,47.651761907293086],[-122.3209377549435,47.652635472250886],[-122.32218134613483,47.65260114011248],[-122.32298243216894,47.652208226003943],[-122.32310679713804,47.651996805979159],[-122.32283975414916,47.652221308020302],[-122.32219082905871,47.652278312094538],[-122.32097781080822,47.652046475215599],[-122.32067286272603,47.651908328241866],[-122.31999393747948,47.651336334286412],[-122.31952066926692,47.650768551308623],[-122.31847579786158,47.649780510371599],[-122.318208577715,47.649349485378345],[-122.31718684633722,47.648460517443972],[-122.31644553298159,47.647476470473734],[-122.31629823484251,47.646996335464763]]]},"properties":{"OBJECTID":260,"STATEFP20":"53","PLACEFP20":"63000","PLACENS20":"02411856","GEOID20":"5363000","NAME20":"Seattle","NAMELSAD20":"Seattle city","LSAD20":"25","CLASSFP20":"C1","PCICBSA20":"Y","PCINECTA20":"N","MTFCC20":"G4110","FUNCSTAT20":"A","ALAND20":217119656,"AWATER20":150846139,"INTPTLAT20":"+47.6193387","INTPTLON20":"-122.3515649"}},{"type":"Feature","id":261,"geometry":{"type":"Polygon","coordinates":[[[-122.29786262645743,47.653548786832708],[-122.29714166935774,47.653615851915411],[-122.29661524123003,47.653436561963794],[-122.29617273610204,47.653200050000017],[-122.29540216694885,47.65307798007818],[-122.29399835770218,47.65299024222773],[-122.29343118681658,47.653844730334882],[-122.29402293090757,47.653827623268988],[-122.29702903734002,47.653617580927879],[-122.2973339414073,47.653693513898389],[-122.29786262645743,47.653548786832708]]]},"properties":{"OBJECTID":261,"STATEFP20":"53","PLACEFP20":"63000","PLACENS20":"02411856","GEOID20":"5363000","NAME20":"Seattle","NAMELSAD20":"Seattle city","LSAD20":"25","CLASSFP20":"C1","PCICBSA20":"Y","PCINECTA20":"N","MTFCC20":"G4110","FUNCSTAT20":"A","ALAND20":217119656,"AWATER20":150846139,"INTPTLAT20":"+47.6193387","INTPTLON20":"-122.3515649"}},{"type":"Feature","id":262,"geometry":{"type":"Polygon","coordinates":[[[-122.32999082403333,47.542624687476312],[-122.32921562291057,47.542631040561488],[-122.3286815648577,47.542768369627169],[-122.32874259992214,47.542997251632542],[-122.3290172579662,47.542997251602479],[-122.32955131612742,47.543313871560756],[-122.33103141937552,47.54335964740114],[-122.33231315752639,47.543130766248794],[-122.3343349468386,47.543081175024881],[-122.33440069985625,47.543111063019232],[-122.33429080181831,47.543025911026781],[-122.33345076363906,47.542838991108894],[-122.33250474948191,47.54281583421124],[-122.3300716581294,47.542972922485795],[-122.32999082403333,47.542624687476312]]]},"properties":{"OBJECTID":262,"STATEFP20":"53","PLACEFP20":"63000","PLACENS20":"02411856","GEOID20":"5363000","NAME20":"Seattle","NAMELSAD20":"Seattle city","LSAD20":"25","CLASSFP20":"C1","PCICBSA20":"Y","PCINECTA20":"N","MTFCC20":"G4110","FUNCSTAT20":"A","ALAND20":217119656,"AWATER20":150846139,"INTPTLAT20":"+47.6193387","INTPTLON20":"-122.3515649"}},{"type":"Feature","id":263,"geometry":{"type":"Polygon","coordinates":[[[-122.27598289196864,47.641183898585048],[-122.27597772302275,47.641412637597661],[-122.27690850937495,47.642255685539823],[-122.27789270168442,47.642885110464896],[-122.27980768004907,47.643121621267163],[-122.28131830025519,47.642969033093351],[-122.28154422124827,47.642788951059096],[-122.28127338918712,47.642715743084977],[-122.27857240475296,47.64271574338143],[-122.27792430361106,47.642558667444312],[-122.27677918720059,47.641616688520458],[-122.27654313905809,47.641181669523476],[-122.27598289196864,47.641183898585048]]]},"properties":{"OBJECTID":263,"STATEFP20":"53","PLACEFP20":"63000","PLACENS20":"02411856","GEOID20":"5363000","NAME20":"Seattle","NAMELSAD20":"Seattle city","LSAD20":"25","CLASSFP20":"C1","PCICBSA20":"Y","PCINECTA20":"N","MTFCC20":"G4110","FUNCSTAT20":"A","ALAND20":217119656,"AWATER20":150846139,"INTPTLAT20":"+47.6193387","INTPTLON20":"-122.3515649"}},{"type":"Feature","id":264,"geometry":{"type":"Polygon","coordinates":[[[-122.36141828396784,47.579847435992178],[-122.36139642334238,47.581426510077463],[-122.36170159942421,47.581563840051246],[-122.36194573953634,47.581869015040496],[-122.36194573967333,47.5824412200705],[-122.36192285177016,47.582860837095076],[-122.36168634083734,47.583299527144014],[-122.36093865974952,47.583433041232958],[-122.3609920658001,47.583608517236364],[-122.36099206585949,47.583856473249305],[-122.36043511982687,47.584092984322808],[-122.36039697286553,47.584279904336768],[-122.36039697296054,47.584676633357653],[-122.36061233108813,47.585065474354401],[-122.36168134208464,47.584335625198918],[-122.36167308706676,47.584266543196222],[-122.36160522690238,47.583625466170027],[-122.36197116991627,47.583438575120084],[-122.36197117041392,47.581340581009982],[-122.3617652953527,47.58122259402635],[-122.3616350590148,47.579898535971111],[-122.36141828396784,47.579847435992178]]]},"properties":{"OBJECTID":264,"STATEFP20":"53","PLACEFP20":"63000","PLACENS20":"02411856","GEOID20":"5363000","NAME20":"Seattle","NAMELSAD20":"Seattle city","LSAD20":"25","CLASSFP20":"C1","PCICBSA20":"Y","PCINECTA20":"N","MTFCC20":"G4110","FUNCSTAT20":"A","ALAND20":217119656,"AWATER20":150846139,"INTPTLAT20":"+47.6193387","INTPTLON20":"-122.3515649"}},{"type":"Feature","id":265,"geometry":{"type":"Polygon","coordinates":[[[-122.27590889764228,47.648197171961954],[-122.27503167958423,47.648542307076376],[-122.27445184567168,47.64929380217955],[-122.27463495086708,47.649984263195726],[-122.27539789119155,47.650823496156114],[-122.27575647243724,47.651605509157839],[-122.2757564726106,47.652326487195737],[-122.27524539169605,47.653023702288486],[-122.27592538571162,47.652633708193363],[-122.27623033266157,47.652221655138177],[-122.27626033347383,47.651420690092792],[-122.2760933593599,47.651058738092104],[-122.27525318903297,47.650260768142374],[-122.2750471409046,47.649864649144234],[-122.27508621473206,47.649120687100826],[-122.27535326066487,47.648662701047414],[-122.27590889764228,47.648197171961954]]]},"properties":{"OBJECTID":265,"STATEFP20":"53","PLACEFP20":"63000","PLACENS20":"02411856","GEOID20":"5363000","NAME20":"Seattle","NAMELSAD20":"Seattle city","LSAD20":"25","CLASSFP20":"C1","PCICBSA20":"Y","PCINECTA20":"N","MTFCC20":"G4110","FUNCSTAT20":"A","ALAND20":217119656,"AWATER20":150846139,"INTPTLAT20":"+47.6193387","INTPTLON20":"-122.3515649"}},{"type":"Feature","id":266,"geometry":{"type":"Polygon","coordinates":[[[-122.31039889783611,47.642590531881311],[-122.30856421459441,47.642810605094297],[-122.30778617252084,47.643024511190937],[-122.30765627354953,47.643230559216001],[-122.30778617274994,47.64397756024092],[-122.30802321885963,47.644275604230579],[-122.30844843196911,47.644446851192846],[-122.30844843186787,47.644025702170786],[-122.30876123686679,47.64381207912519],[-122.30977594584907,47.643060582974407],[-122.31017267483942,47.642755406914851],[-122.31039889783611,47.642590531881311]]]},"properties":{"OBJECTID":266,"STATEFP20":"53","PLACEFP20":"63000","PLACENS20":"02411856","GEOID20":"5363000","NAME20":"Seattle","NAMELSAD20":"Seattle city","LSAD20":"25","CLASSFP20":"C1","PCICBSA20":"Y","PCINECTA20":"N","MTFCC20":"G4110","FUNCSTAT20":"A","ALAND20":217119656,"AWATER20":150846139,"INTPTLAT20":"+47.6193387","INTPTLON20":"-122.3515649"}},{"type":"Feature","id":267,"geometry":{"type":"Polygon","coordinates":[[[-122.33811194578772,47.548708710907881],[-122.33804283486941,47.549096951935894],[-122.33856163418487,47.550069699930361],[-122.33848534027923,47.550516018962199],[-122.3395229388903,47.552377591946609],[-122.33979759702177,47.552743802935844],[-122.33999596106452,47.552789578916524],[-122.33992729714005,47.553151974943127],[-122.34013329020588,47.553289303927791],[-122.34033165445557,47.55420101695406],[-122.34074320059067,47.55449069792428],[-122.34057721549914,47.554218768928116],[-122.34050914628587,47.553371875890988],[-122.34030309311687,47.552802711883544],[-122.33949392959283,47.551151841885243],[-122.33868506620608,47.550075739917112],[-122.33841013905914,47.54964476792459],[-122.33811194578772,47.548708710907881]]]},"properties":{"OBJECTID":267,"STATEFP20":"53","PLACEFP20":"63000","PLACENS20":"02411856","GEOID20":"5363000","NAME20":"Seattle","NAMELSAD20":"Seattle city","LSAD20":"25","CLASSFP20":"C1","PCICBSA20":"Y","PCINECTA20":"N","MTFCC20":"G4110","FUNCSTAT20":"A","ALAND20":217119656,"AWATER20":150846139,"INTPTLAT20":"+47.6193387","INTPTLON20":"-122.3515649"}},{"type":"Feature","id":268,"geometry":{"type":"Polygon","coordinates":[[[-122.34576138491475,47.590102253246855],[-122.34600278695636,47.590114594220985],[-122.34600278692523,47.58998453621416],[-122.34599494870707,47.584903567948174],[-122.34616273567005,47.584636538915767],[-122.34687185268957,47.584243565817424],[-122.34710872167469,47.584022640779843],[-122.34710872162891,47.583831518769749],[-122.34667369652188,47.583675622809295],[-122.34643763343468,47.583469569824331],[-122.34585631234602,47.583488384889023],[-122.34576138491475,47.590102253246855]]]},"properties":{"OBJECTID":268,"STATEFP20":"53","PLACEFP20":"63000","PLACENS20":"02411856","GEOID20":"5363000","NAME20":"Seattle","NAMELSAD20":"Seattle city","LSAD20":"25","CLASSFP20":"C1","PCICBSA20":"Y","PCINECTA20":"N","MTFCC20":"G4110","FUNCSTAT20":"A","ALAND20":217119656,"AWATER20":150846139,"INTPTLAT20":"+47.6193387","INTPTLON20":"-122.3515649"}},{"type":"Feature","id":269,"geometry":{"type":"Polygon","coordinates":[[[-122.33896100080082,47.627527792956315],[-122.33896100082767,47.627639541962161],[-122.33909814890364,47.627864518958916],[-122.33929711997955,47.628047556946669],[-122.33943409511151,47.628505542955658],[-122.33939619430883,47.629352485004162],[-122.33960206846267,47.629855362007945],[-122.3400441206042,47.630149412974788],[-122.34014319381249,47.630950378005949],[-122.34024309198155,47.631587408028309],[-122.34000604612514,47.632343482094001],[-122.33972084450203,47.634102580217451],[-122.34032404421043,47.632486238066576],[-122.34036219086191,47.631009949985049],[-122.34035456139891,47.629087342885072],[-122.34004175517553,47.628366364881636],[-122.33972132106551,47.628122224903983],[-122.33896100080082,47.627527792956315]]]},"properties":{"OBJECTID":269,"STATEFP20":"53","PLACEFP20":"63000","PLACENS20":"02411856","GEOID20":"5363000","NAME20":"Seattle","NAMELSAD20":"Seattle city","LSAD20":"25","CLASSFP20":"C1","PCICBSA20":"Y","PCINECTA20":"N","MTFCC20":"G4110","FUNCSTAT20":"A","ALAND20":217119656,"AWATER20":150846139,"INTPTLAT20":"+47.6193387","INTPTLON20":"-122.3515649"}},{"type":"Feature","id":270,"geometry":{"type":"Polygon","coordinates":[[[-122.30104914550816,47.647472652163962],[-122.30724439452045,47.647544546487566],[-122.30722552239793,47.647047577463582],[-122.30103311640649,47.647060372144104],[-122.30104914550816,47.647472652163962]]]},"properties":{"OBJECTID":270,"STATEFP20":"53","PLACEFP20":"63000","PLACENS20":"02411856","GEOID20":"5363000","NAME20":"Seattle","NAMELSAD20":"Seattle city","LSAD20":"25","CLASSFP20":"C1","PCICBSA20":"Y","PCINECTA20":"N","MTFCC20":"G4110","FUNCSTAT20":"A","ALAND20":217119656,"AWATER20":150846139,"INTPTLAT20":"+47.6193387","INTPTLON20":"-122.3515649"}},{"type":"Feature","id":271,"geometry":{"type":"Polygon","coordinates":[[[-122.27143784327403,47.695337192928037],[-122.27128565736915,47.695833111970771],[-122.27128565740504,47.695981884978551],[-122.27169764457993,47.696432019956859],[-122.27178156869465,47.696851635969679],[-122.27178156891273,47.697755720017035],[-122.27183497426176,47.699167158085146],[-122.2723766619214,47.701539899150013],[-122.27318537844178,47.703157331145832],[-122.27377713075988,47.704081042129161],[-122.27362186663387,47.703662397124326],[-122.27352279252503,47.703277348115002],[-122.27338503746984,47.703140373122999],[-122.27307991626148,47.70248037712193],[-122.27291176912394,47.702022391116465],[-122.27223284447255,47.699775355073285],[-122.27217167212231,47.698364537006064],[-122.27220266987958,47.697337595948845],[-122.27196579746517,47.695777517893085],[-122.27153077836864,47.69566754693512],[-122.27143784327403,47.695337192928037]]]},"properties":{"OBJECTID":271,"STATEFP20":"53","PLACEFP20":"63000","PLACENS20":"02411856","GEOID20":"5363000","NAME20":"Seattle","NAMELSAD20":"Seattle city","LSAD20":"25","CLASSFP20":"C1","PCICBSA20":"Y","PCINECTA20":"N","MTFCC20":"G4110","FUNCSTAT20":"A","ALAND20":217119656,"AWATER20":150846139,"INTPTLAT20":"+47.6193387","INTPTLON20":"-122.3515649"}},{"type":"Feature","id":272,"geometry":{"type":"Polygon","coordinates":[[[-122.29803462477527,47.650597533658967],[-122.2978449367518,47.650626583681323],[-122.29740301456637,47.650150666704867],[-122.29699799450678,47.650173633750548],[-122.29624982151313,47.6506996518603],[-122.29601399155673,47.651038636903984],[-122.29595294962964,47.651382614928742],[-122.29608289071737,47.65166055792907],[-122.29655594187419,47.651996503894757],[-122.2969679949625,47.652088543854319],[-122.29765676907425,47.652093179778973],[-122.29798853179196,47.650697608669248],[-122.29803462477527,47.650597533658967]]]},"properties":{"OBJECTID":272,"STATEFP20":"53","PLACEFP20":"63000","PLACENS20":"02411856","GEOID20":"5363000","NAME20":"Seattle","NAMELSAD20":"Seattle city","LSAD20":"25","CLASSFP20":"C1","PCICBSA20":"Y","PCINECTA20":"N","MTFCC20":"G4110","FUNCSTAT20":"A","ALAND20":217119656,"AWATER20":150846139,"INTPTLAT20":"+47.6193387","INTPTLON20":"-122.3515649"}},{"type":"Feature","id":273,"geometry":{"type":"Polygon","coordinates":[[[-122.34027008410193,47.556947223105404],[-122.34033165515289,47.557119260107683],[-122.34074364328363,47.557390104076823],[-122.34195671647799,47.557390103943973],[-122.34262810379259,47.55825603991606],[-122.34445153078144,47.561170468869683],[-122.34471855908595,47.56226528689804],[-122.34505425330299,47.562948117897193],[-122.34465752430512,47.563222775955062],[-122.3450618824246,47.563451657922798],[-122.34519158249918,47.563676724920462],[-122.34512291751012,47.563768277932802],[-122.34541907462172,47.564036494914461],[-122.34537637151375,47.56361371289691],[-122.34523940145262,47.563449739903248],[-122.34507140531545,47.562988757897408],[-122.34493443408718,47.562125741867021],[-122.34456732886891,47.561458706872166],[-122.34429341566079,47.560771703866017],[-122.34398829940038,47.559886782852857],[-122.34368234925282,47.559474735864697],[-122.34301114064672,47.55738881182846],[-122.3427742715612,47.557189791843903],[-122.34027008410193,47.556947223105404]]]},"properties":{"OBJECTID":273,"STATEFP20":"53","PLACEFP20":"63000","PLACENS20":"02411856","GEOID20":"5363000","NAME20":"Seattle","NAMELSAD20":"Seattle city","LSAD20":"25","CLASSFP20":"C1","PCICBSA20":"Y","PCINECTA20":"N","MTFCC20":"G4110","FUNCSTAT20":"A","ALAND20":217119656,"AWATER20":150846139,"INTPTLAT20":"+47.6193387","INTPTLON20":"-122.3515649"}},{"type":"Feature","id":274,"geometry":{"type":"Polygon","coordinates":[[[-122.2760781681463,47.633534001172222],[-122.27607690314819,47.6335429161728],[-122.27558862134457,47.634687326286631],[-122.27564202823281,47.638349435473359],[-122.27632867451548,47.63906659843579],[-122.27608765165667,47.639815489501629],[-122.27671111175071,47.639789781431851],[-122.27671814638427,47.638259746350563],[-122.27620719329663,47.638236780405464],[-122.27600118822507,47.638076838419629],[-122.27583321492322,47.636932720377935],[-122.27641306772125,47.635703768249613],[-122.27627626656019,47.635124741234151],[-122.27627626721004,47.633666818157479],[-122.2760781681463,47.633534001172222]]]},"properties":{"OBJECTID":274,"STATEFP20":"53","PLACEFP20":"63000","PLACENS20":"02411856","GEOID20":"5363000","NAME20":"Seattle","NAMELSAD20":"Seattle city","LSAD20":"25","CLASSFP20":"C1","PCICBSA20":"Y","PCINECTA20":"N","MTFCC20":"G4110","FUNCSTAT20":"A","ALAND20":217119656,"AWATER20":150846139,"INTPTLAT20":"+47.6193387","INTPTLON20":"-122.3515649"}},{"type":"Feature","id":275,"geometry":{"type":"Polygon","coordinates":[[[-122.34112731709654,47.58143558229947],[-122.34119561311302,47.581458747293169],[-122.34261450153869,47.58228671618123],[-122.34302672661387,47.582324803138],[-122.34305757318143,47.580497712038614],[-122.34035641035038,47.578834742247238],[-122.34054415428727,47.578445205206201],[-122.34020196118088,47.578229796232357],[-122.33975182611877,47.578271758283897],[-122.3399044142546,47.578737151291662],[-122.34102593562248,47.579522979210061],[-122.34185753993474,47.580270659158195],[-122.34262810925368,47.581087004116668],[-122.34271203346252,47.581903350150363],[-122.33966790355541,47.58015240439196],[-122.33966790360472,47.580358397402811],[-122.34112731709654,47.58143558229947]]]},"properties":{"OBJECTID":275,"STATEFP20":"53","PLACEFP20":"63000","PLACENS20":"02411856","GEOID20":"5363000","NAME20":"Seattle","NAMELSAD20":"Seattle city","LSAD20":"25","CLASSFP20":"C1","PCICBSA20":"Y","PCINECTA20":"N","MTFCC20":"G4110","FUNCSTAT20":"A","ALAND20":217119656,"AWATER20":150846139,"INTPTLAT20":"+47.6193387","INTPTLON20":"-122.3515649"}},{"type":"Feature","id":278,"geometry":{"type":"Polygon","coordinates":[[[-122.25859165141155,47.687890227949225],[-122.26151239984402,47.687734510620096],[-122.26329767836302,47.688695814474336],[-122.26432764667958,47.689321424394024],[-122.26551783296578,47.6897143382838],[-122.26628840227737,47.690492536239923],[-122.26699793568861,47.691724683226631],[-122.26847803918615,47.69280042812035],[-122.27016413562386,47.693490887971208],[-122.27105677494872,47.694242382912535],[-122.2714535041211,47.69469251789252],[-122.27148895919395,47.694971096903238],[-122.27156177619587,47.694930445893092],[-122.27166875105952,47.694293588847913],[-122.26953151243062,47.693111569020878],[-122.26794447293611,47.692119491143259],[-122.2676395677998,47.691757582157798],[-122.26740369362922,47.691207556154879],[-122.26591538104208,47.689765523242805],[-122.26432030863737,47.689151460385901],[-122.26259633902814,47.687774679503072],[-122.26165036685926,47.687705606603444],[-122.25884323340753,47.687705606911933],[-122.25859165141155,47.687890227949225]]]},"properties":{"OBJECTID":278,"STATEFP20":"53","PLACEFP20":"63000","PLACENS20":"02411856","GEOID20":"5363000","NAME20":"Seattle","NAMELSAD20":"Seattle city","LSAD20":"25","CLASSFP20":"C1","PCICBSA20":"Y","PCINECTA20":"N","MTFCC20":"G4110","FUNCSTAT20":"A","ALAND20":217119656,"AWATER20":150846139,"INTPTLAT20":"+47.6193387","INTPTLON20":"-122.3515649"}},{"type":"Feature","id":279,"geometry":{"type":"Polygon","coordinates":[[[-122.24525814468649,47.681338136070089],[-122.24480402176017,47.681947616152009],[-122.24462854486981,47.682519821201396],[-122.24503290315914,47.68345060720592],[-122.24633753062932,47.684530166119259],[-122.24704706495309,47.685399917087047],[-122.24877130837501,47.685998824929037],[-122.25527155390034,47.687986281319169],[-122.25595819920673,47.688798811286361],[-122.25617232008558,47.68815330222894],[-122.25552436394615,47.68800751529249],[-122.25525714385255,47.687797647310809],[-122.25129686093382,47.686630517684705],[-122.24982517555328,47.686034601815109],[-122.24772683708875,47.685508715018052],[-122.24742071698071,47.685264809038891],[-122.24732199087107,47.684875679029261],[-122.24636794356859,47.684257796101662],[-122.2459257183759,47.683753703123735],[-122.245696920295,47.683570795139268],[-122.24528486703112,47.682750727141439],[-122.24521579372677,47.68153367108502],[-122.24525814468649,47.681338136070089]]]},"properties":{"OBJECTID":279,"STATEFP20":"53","PLACEFP20":"63000","PLACENS20":"02411856","GEOID20":"5363000","NAME20":"Seattle","NAMELSAD20":"Seattle city","LSAD20":"25","CLASSFP20":"C1","PCICBSA20":"Y","PCINECTA20":"N","MTFCC20":"G4110","FUNCSTAT20":"A","ALAND20":217119656,"AWATER20":150846139,"INTPTLAT20":"+47.6193387","INTPTLON20":"-122.3515649"}},{"type":"Feature","id":280,"geometry":{"type":"Polygon","coordinates":[[[-122.27970104251649,47.62015269707053],[-122.27956400566363,47.620857754122667],[-122.279259057696,47.62119687017401],[-122.27922805979443,47.621627851200046],[-122.2801361301664,47.622569829150038],[-122.28071615635778,47.622978886107973],[-122.28138704952777,47.623237857047997],[-122.28206614876235,47.623760749001015],[-122.28232474305561,47.624809547027837],[-122.28256188696407,47.624269385973392],[-122.28207360552494,47.622766395947856],[-122.28104363719373,47.622075935024519],[-122.27992211570319,47.620782753079467],[-122.27970104251649,47.62015269707053]]]},"properties":{"OBJECTID":280,"STATEFP20":"53","PLACEFP20":"63000","PLACENS20":"02411856","GEOID20":"5363000","NAME20":"Seattle","NAMELSAD20":"Seattle city","LSAD20":"25","CLASSFP20":"C1","PCICBSA20":"Y","PCINECTA20":"N","MTFCC20":"G4110","FUNCSTAT20":"A","ALAND20":217119656,"AWATER20":150846139,"INTPTLAT20":"+47.6193387","INTPTLON20":"-122.3515649"}},{"type":"Feature","id":281,"geometry":{"type":"Polygon","coordinates":[[[-122.27829196237866,47.570422309602947],[-122.27840385339729,47.570424932590825],[-122.27883109949056,47.570527928549502],[-122.27925834563855,47.570859807520215],[-122.27989158591626,47.571596044489752],[-122.28027305632422,47.573045629524493],[-122.28027305651035,47.573823827565548],[-122.28107414292639,47.575025456541276],[-122.28158531314448,47.57559384651524],[-122.28226432954281,47.576803105504688],[-122.28253135787223,47.578000920538678],[-122.28302726931052,47.579500096563436],[-122.28357658662425,47.580442327552966],[-122.28401146191408,47.581361669553871],[-122.28509483635277,47.582467931493476],[-122.28608665764446,47.583021062413998],[-122.28696403890865,47.583536046345039],[-122.2872674440823,47.58405800733933],[-122.28729276399392,47.583671930316207],[-122.28711693288363,47.58332895131737],[-122.28675098673152,47.582938996336885],[-122.28583484146493,47.582439940410964],[-122.28455392202444,47.581458932499558],[-122.28391250672526,47.580639036526591],[-122.28378278264792,47.580402988528284],[-122.2836146364958,47.579879967519147],[-122.28320258322235,47.57901392251857],[-122.28307364012414,47.578690045515636],[-122.28273756377449,47.577454061487224],[-122.28253151567203,47.577164048494495],[-122.28219574340906,47.576290146485142],[-122.28165357513583,47.575512146503442],[-122.28101372288167,47.574879154540149],[-122.28073847172702,47.574417130545918],[-122.28033445148054,47.573658060550066],[-122.2802734522043,47.572544116497951],[-122.28006740392969,47.571534107467222],[-122.27983035779934,47.571148190472805],[-122.27922736457673,47.570622128511047],[-122.27868641343508,47.570393157558172],[-122.27831239237688,47.570401189599536],[-122.27829196237866,47.570422309602947]]]},"properties":{"OBJECTID":281,"STATEFP20":"53","PLACEFP20":"63000","PLACENS20":"02411856","GEOID20":"5363000","NAME20":"Seattle","NAMELSAD20":"Seattle city","LSAD20":"25","CLASSFP20":"C1","PCICBSA20":"Y","PCINECTA20":"N","MTFCC20":"G4110","FUNCSTAT20":"A","ALAND20":217119656,"AWATER20":150846139,"INTPTLAT20":"+47.6193387","INTPTLON20":"-122.3515649"}},{"type":"Feature","id":282,"geometry":{"type":"Polygon","coordinates":[[[-122.38245873663203,47.65605521067161],[-122.38248890449002,47.659599054853153],[-122.38215295761145,47.66032712592807],[-122.38218295767045,47.660552102936528],[-122.38319782889565,47.660812072838567],[-122.38360202394283,47.660739178790315],[-122.38376999694233,47.66062517076594],[-122.3840749010306,47.660789149740957],[-122.38428087408062,47.660859893722048],[-122.38313259057894,47.659540067779346],[-122.38311733073621,47.656049619598939],[-122.38245873663203,47.65605521067161]]]},"properties":{"OBJECTID":282,"STATEFP20":"53","PLACEFP20":"63000","PLACENS20":"02411856","GEOID20":"5363000","NAME20":"Seattle","NAMELSAD20":"Seattle city","LSAD20":"25","CLASSFP20":"C1","PCICBSA20":"Y","PCINECTA20":"N","MTFCC20":"G4110","FUNCSTAT20":"A","ALAND20":217119656,"AWATER20":150846139,"INTPTLAT20":"+47.6193387","INTPTLON20":"-122.3515649"}},{"type":"Feature","id":284,"geometry":{"type":"Polygon","coordinates":[[[-122.25822858663277,47.551494889798555],[-122.2576671515438,47.55150021986023],[-122.25704154061725,47.552228827967305],[-122.2566371826497,47.552637000033144],[-122.25589713160366,47.552942176130266],[-122.25479849849991,47.553247352266688],[-122.25427207051277,47.553655524345899],[-122.25420340661563,47.554132362378652],[-122.25460776488099,47.554971595378795],[-122.25489768197863,47.55518521835841],[-122.25463828224852,47.556489844455847],[-122.2545619883811,47.557096381496315],[-122.25473746463345,47.558034797526759],[-122.25510367602669,47.559434791560761],[-122.25518759940839,47.560975928633148],[-122.2550121235779,47.561803718696162],[-122.25474947356803,47.56193890673206],[-122.25505647960388,47.561882319695449],[-122.2555984305608,47.561337329607312],[-122.25573557906866,47.559185373478392],[-122.25549953094524,47.558827286485283],[-122.25509555264979,47.557862385478465],[-122.25502648044287,47.557042273442576],[-122.2550955529464,47.554917321322577],[-122.25456041879286,47.554634341366146],[-122.25452238670123,47.554276253351354],[-122.25438541164654,47.554139322359113],[-122.25439348757017,47.553814230341004],[-122.25486636456981,47.553494390272355],[-122.25712447167224,47.55240341196744],[-122.25780357062737,47.551758349858993],[-122.25822858663277,47.551494889798555]]]},"properties":{"OBJECTID":284,"STATEFP20":"53","PLACEFP20":"63000","PLACENS20":"02411856","GEOID20":"5363000","NAME20":"Seattle","NAMELSAD20":"Seattle city","LSAD20":"25","CLASSFP20":"C1","PCICBSA20":"Y","PCINECTA20":"N","MTFCC20":"G4110","FUNCSTAT20":"A","ALAND20":217119656,"AWATER20":150846139,"INTPTLAT20":"+47.6193387","INTPTLON20":"-122.3515649"}},{"type":"Feature","id":285,"geometry":{"type":"Polygon","coordinates":[[[-122.35386004465707,47.571072598359635],[-122.35357628966656,47.571302304402757],[-122.35340844369991,47.571554074434431],[-122.35374413681208,47.571798215410467],[-122.35398827785851,47.571828732385299],[-122.3542858239062,47.571828732352692],[-122.3546062590278,47.572122464333056],[-122.35538445727475,47.572633633274627],[-122.3555370453722,47.572938809273936],[-122.35573540941772,47.572996029255165],[-122.3560711024505,47.572908291213793],[-122.35651360755604,47.573053250172912],[-122.35630761454495,47.573144803200314],[-122.35651360766558,47.573511014197003],[-122.35732232388186,47.573873410127391],[-122.35772668194666,47.573873410083074],[-122.35806237510909,47.574327359070132],[-122.35906182626917,47.57432735896063],[-122.35960351331211,47.574144252891649],[-122.36075555248205,47.574083217762208],[-122.36116822057208,47.574183194722224],[-122.36115512346072,47.573726623699706],[-122.36105603039745,47.573528646700133],[-122.35760688784855,47.573543578078898],[-122.35679787363756,47.573203593149699],[-122.35544771018128,47.572200626244928],[-122.35460093593055,47.571719676312448],[-122.35386004465707,47.571072598359635]]]},"properties":{"OBJECTID":285,"STATEFP20":"53","PLACEFP20":"63000","PLACENS20":"02411856","GEOID20":"5363000","NAME20":"Seattle","NAMELSAD20":"Seattle city","LSAD20":"25","CLASSFP20":"C1","PCICBSA20":"Y","PCINECTA20":"N","MTFCC20":"G4110","FUNCSTAT20":"A","ALAND20":217119656,"AWATER20":150846139,"INTPTLAT20":"+47.6193387","INTPTLON20":"-122.3515649"}},{"type":"Feature","id":286,"geometry":{"type":"Polygon","coordinates":[[[-122.25183316099097,47.548923359362192],[-122.25128713590439,47.548928423422204],[-122.25060821081148,47.548996324500038],[-122.24980016872981,47.549198334599154],[-122.24902216970406,47.54961442470637],[-122.24706818586999,47.551625413026692],[-122.24632839291581,47.552315410144182],[-122.24602331522462,47.553814403256965],[-122.24616124536362,47.554303431267769],[-122.24656509158967,47.554978319259313],[-122.24706818599391,47.556332349276005],[-122.24727423408079,47.556557327265338],[-122.24734343849654,47.558251471347496],[-122.24758031070844,47.558979325360099],[-122.24785425981823,47.559254447344692],[-122.24792328987853,47.559460452348034],[-122.24930432545051,47.560925277274393],[-122.2497083026731,47.56158527426512],[-122.24974637772941,47.561795316272068],[-122.25005145584299,47.562065402252976],[-122.25041257793376,47.562202202220689],[-122.2498927997659,47.561849495258919],[-122.24959525252304,47.561033150248299],[-122.24862631909384,47.559888741293769],[-122.24786337968507,47.558690926313851],[-122.24758109132175,47.557359596274225],[-122.24717673292962,47.55599012024598],[-122.24667319249518,47.554510018222672],[-122.24633749935019,47.55412854823922],[-122.24614676427576,47.553945442250388],[-122.24628409325324,47.553758522225479],[-122.24633749908605,47.553022286180614],[-122.24672659800922,47.552438637107095],[-122.24793204186329,47.551015754899858],[-122.24872549880151,47.550222297771001],[-122.25032767187507,47.549451728554892],[-122.25183316099097,47.548923359362192]]]},"properties":{"OBJECTID":286,"STATEFP20":"53","PLACEFP20":"63000","PLACENS20":"02411856","GEOID20":"5363000","NAME20":"Seattle","NAMELSAD20":"Seattle city","LSAD20":"25","CLASSFP20":"C1","PCICBSA20":"Y","PCINECTA20":"N","MTFCC20":"G4110","FUNCSTAT20":"A","ALAND20":217119656,"AWATER20":150846139,"INTPTLAT20":"+47.6193387","INTPTLON20":"-122.3515649"}},{"type":"Feature","id":287,"geometry":{"type":"Polygon","coordinates":[[[-122.32943739886291,47.642469057784794],[-122.32929414890643,47.642745394814995],[-122.32888999693434,47.643131485879607],[-122.32831817689376,47.643344393953583],[-122.32773797682088,47.643428359021669],[-122.3276008288484,47.643634407047514],[-122.32770710923332,47.64516444211602],[-122.3275700043048,47.645553355151428],[-122.32784490938839,47.645717464129866],[-122.32780705143179,47.645923338144826],[-122.32702783550847,47.646762335274317],[-122.32641798444452,47.646903347348697],[-122.32520513965721,47.648597317570669],[-122.32517496581201,47.649261308608715],[-122.32473187187658,47.649825444686975],[-122.32382380088599,47.650470332820504],[-122.32361792695659,47.650901314865642],[-122.32355792703639,47.65127330489176],[-122.32399714198498,47.650766270816945],[-122.32448542296883,47.65037335674274],[-122.32497370402429,47.65027798868411],[-122.32563746195004,47.649526493571884],[-122.32567560878368,47.648809330530057],[-122.32572138461678,47.648084537487094],[-122.32607233655013,47.647573368421789],[-122.32646143546768,47.646970646347476],[-122.32691156949681,47.646791355288599],[-122.3273617045828,47.646848576242199],[-122.32736170461949,47.647001163250195],[-122.32877314243323,47.645284550005293],[-122.32913172338988,47.644864932943882],[-122.32868158925986,47.64462460698072],[-122.32828486011641,47.644292728006917],[-122.32823145504273,47.644021884998573],[-122.32841456003544,47.643869296970486],[-122.32886469420947,47.644292727943252],[-122.3297039281488,47.643480197808508],[-122.32907831796126,47.643117801858203],[-122.32942163990086,47.642637149795334],[-122.32943739886291,47.642469057784794]]]},"properties":{"OBJECTID":287,"STATEFP20":"53","PLACEFP20":"63000","PLACENS20":"02411856","GEOID20":"5363000","NAME20":"Seattle","NAMELSAD20":"Seattle city","LSAD20":"25","CLASSFP20":"C1","PCICBSA20":"Y","PCINECTA20":"N","MTFCC20":"G4110","FUNCSTAT20":"A","ALAND20":217119656,"AWATER20":150846139,"INTPTLAT20":"+47.6193387","INTPTLON20":"-122.3515649"}},{"type":"Feature","id":288,"geometry":{"type":"Polygon","coordinates":[[[-122.34829963482193,47.646350280916828],[-122.34843773787182,47.646465288907692],[-122.34864361198274,47.646789338902053],[-122.34918456515653,47.647151247861572],[-122.35486903466,47.649612363365989],[-122.35940792788412,47.651675831975325],[-122.35369837932589,47.649003876462729],[-122.34972346319771,47.646963013792544],[-122.34468806165448,47.643903627185395],[-122.34268152991442,47.642164125314679],[-122.34236109463193,47.641202822299476],[-122.34209406645981,47.64066494930065],[-122.34040796873457,47.638772859386656],[-122.33984869933269,47.637473996380038],[-122.33997639254284,47.638263436407378],[-122.34048717182932,47.63911437339587],[-122.34123452017302,47.640045410362553],[-122.34163936642399,47.640819414358688],[-122.34190658555579,47.641189398348708],[-122.34298935912926,47.642852370316909],[-122.34430948166481,47.64419932424245],[-122.34566755007523,47.64500028913524],[-122.34654462229933,47.645347306057111],[-122.3478646146642,47.645984335945435],[-122.34829963482193,47.646350280916828]]]},"properties":{"OBJECTID":288,"STATEFP20":"53","PLACEFP20":"63000","PLACENS20":"02411856","GEOID20":"5363000","NAME20":"Seattle","NAMELSAD20":"Seattle city","LSAD20":"25","CLASSFP20":"C1","PCICBSA20":"Y","PCINECTA20":"N","MTFCC20":"G4110","FUNCSTAT20":"A","ALAND20":217119656,"AWATER20":150846139,"INTPTLAT20":"+47.6193387","INTPTLON20":"-122.3515649"}},{"type":"Feature","id":289,"geometry":{"type":"Polygon","coordinates":[[[-122.32140165532647,47.653917948267122],[-122.32160151237028,47.653966802247723],[-122.32196772351628,47.654329198226506],[-122.32272303356501,47.654027837127728],[-122.32347834362108,47.653756993030605],[-122.32409632471202,47.653722660960945],[-122.32503473986267,47.653722660857881],[-122.32565272092606,47.65357388778223],[-122.32689631306692,47.65332974663287],[-122.32760584601472,47.65263928651872],[-122.32871210896742,47.6517046853483],[-122.3314663199094,47.649625674936949],[-122.33145869062555,47.648450747876225],[-122.33229792352905,47.647489444733708],[-122.33305323341817,47.646524325600232],[-122.33361780808221,47.644750491445315],[-122.33522761127445,47.644475833254198],[-122.33615906345003,47.644584595157575],[-122.33545114927944,47.644347370222917],[-122.33453617613092,47.644340293322976],[-122.33389515207305,47.644527412403193],[-122.33315518505246,47.644935426505789],[-122.33267405812025,47.645538419590252],[-122.33261306034967,47.646533363649056],[-122.332041240457,47.647361332755231],[-122.33129306650679,47.648067392874339],[-122.33126306673957,47.649055477929402],[-122.33108706277199,47.649307415961957],[-122.33065217278369,47.649646401027447],[-122.33051524186082,47.650058454064059],[-122.32899692892452,47.651336334297696],[-122.32827992786456,47.651565349388449],[-122.32780722486662,47.651889399457353],[-122.32696701196221,47.652847439599803],[-122.3265250899572,47.653121345662704],[-122.32506799178395,47.653373327835951],[-122.32354885254472,47.653392430003741],[-122.32270295343828,47.65351447010304],[-122.32202385437786,47.653716307188233],[-122.32141283027904,47.653713442255174],[-122.32140165532647,47.653917948267122]]]},"properties":{"OBJECTID":289,"STATEFP20":"53","PLACEFP20":"63000","PLACENS20":"02411856","GEOID20":"5363000","NAME20":"Seattle","NAMELSAD20":"Seattle city","LSAD20":"25","CLASSFP20":"C1","PCICBSA20":"Y","PCINECTA20":"N","MTFCC20":"G4110","FUNCSTAT20":"A","ALAND20":217119656,"AWATER20":150846139,"INTPTLAT20":"+47.6193387","INTPTLON20":"-122.3515649"}},{"type":"Feature","id":292,"geometry":{"type":"Polygon","coordinates":[[[-122.34541907462172,47.564036494914461],[-122.34554433793835,47.565276681965976],[-122.3449412884649,47.567882776169078],[-122.34510946255281,47.568137735164065],[-122.34477332176091,47.56923276225843],[-122.34494146682442,47.569385678248103],[-122.34443855300194,47.570464760359933],[-122.34396532199828,47.57076665842763],[-122.34298044441341,47.573161690661493],[-122.34267538848515,47.573665797721404],[-122.34268269360851,47.574176580747441],[-122.34291802460017,47.573984037711561],[-122.34345208267486,47.573938261650589],[-122.34379540564224,47.573572050593768],[-122.34547387104882,47.569967161220319],[-122.34519158391687,47.569604765232221],[-122.34547387083165,47.569059263172598],[-122.34546624139433,47.567235838077544],[-122.34587822819763,47.566137204974623],[-122.34587822789294,47.564863095907604],[-122.34552727566246,47.564134488907747],[-122.34541907462172,47.564036494914461]]]},"properties":{"OBJECTID":292,"STATEFP20":"53","PLACEFP20":"63000","PLACENS20":"02411856","GEOID20":"5363000","NAME20":"Seattle","NAMELSAD20":"Seattle city","LSAD20":"25","CLASSFP20":"C1","PCICBSA20":"Y","PCINECTA20":"N","MTFCC20":"G4110","FUNCSTAT20":"A","ALAND20":217119656,"AWATER20":150846139,"INTPTLAT20":"+47.6193387","INTPTLON20":"-122.3515649"}},{"type":"Feature","id":293,"geometry":{"type":"Polygon","coordinates":[[[-122.27590889764228,47.648197171961954],[-122.27596246564579,47.64817609595498],[-122.27716790996249,47.648687265849503],[-122.27809869636528,47.649740121802658],[-122.27882348977799,47.650972268787847],[-122.27957116997709,47.651300332723025],[-122.28011285721556,47.651929757696621],[-122.28100549749573,47.652498147628442],[-122.28015863442566,47.652772805735879],[-122.28042566364932,47.65352430174606],[-122.28118860281411,47.653699777671505],[-122.28185235994289,47.653791330603426],[-122.28211176004973,47.654062173589182],[-122.2825618941789,47.654298684552145],[-122.28296625233108,47.654661081526783],[-122.28341638642549,47.654752633482197],[-122.28461420161709,47.654748819350438],[-122.28476134659321,47.654551224323946],[-122.28472154758255,47.654533553327362],[-122.28360052640237,47.654533553450449],[-122.28218150296507,47.653663687560609],[-122.28140346075816,47.653323530628107],[-122.28140346051602,47.652316690575219],[-122.28113676236885,47.651882669581717],[-122.28052556416141,47.651428720624942],[-122.28008333796915,47.650924801647022],[-122.27920557074005,47.650558682724181],[-122.27896939254148,47.649890827714991],[-122.27856537238299,47.649501741738909],[-122.2784273982673,47.649112785733621],[-122.27842739814155,47.648589763706099],[-122.27829832508232,47.648429691711883],[-122.27718437978854,47.647952733809063],[-122.27646638067867,47.647975700889091],[-122.27596311264004,47.648151748953595],[-122.27590889764228,47.648197171961954]]]},"properties":{"OBJECTID":293,"STATEFP20":"53","PLACEFP20":"63000","PLACENS20":"02411856","GEOID20":"5363000","NAME20":"Seattle","NAMELSAD20":"Seattle city","LSAD20":"25","CLASSFP20":"C1","PCICBSA20":"Y","PCINECTA20":"N","MTFCC20":"G4110","FUNCSTAT20":"A","ALAND20":217119656,"AWATER20":150846139,"INTPTLAT20":"+47.6193387","INTPTLON20":"-122.3515649"}},{"type":"Feature","id":295,"geometry":{"type":"Polygon","coordinates":[[[-122.38422511893216,47.664432996914471],[-122.38462795310267,47.664873014893146],[-122.38516201110832,47.664541135817153],[-122.38609279730703,47.664747129725583],[-122.38632167952566,47.665502439739811],[-122.38703121272566,47.665861021680513],[-122.38787807604139,47.666608701626423],[-122.38895382138008,47.66729916254419],[-122.3903728887305,47.667810331414827],[-122.39153255695852,47.667985807296482],[-122.39161648081947,47.667352567254241],[-122.39241756695507,47.667383085167799],[-122.39273800109369,47.667745481151471],[-122.39411129330534,47.667711148998677],[-122.3942486221537,47.666990170946072],[-122.39463772116541,47.666780362892339],[-122.39526333121418,47.66656673981246],[-122.3955761361852,47.666238675760944],[-122.39583553611006,47.665754208707206],[-122.39748348548976,47.666234860551072],[-122.39993252201053,47.6667689183097],[-122.40019852506703,47.666826498283442],[-122.40014352901349,47.666640855279809],[-122.39986875393627,47.666502882302829],[-122.39929662982269,47.666411884361011],[-122.39564246701788,47.665499905715173],[-122.39543659307408,47.665870062757101],[-122.39462742196008,47.665934925849413],[-122.39455852206403,47.666412057881864],[-122.39375030596855,47.666553026978022],[-122.39378030612778,47.667194094008131],[-122.39246035595299,47.66734596016115],[-122.39205650882953,47.66710205419286],[-122.39097238967614,47.667186019316368],[-122.3904612636439,47.667392067383304],[-122.38830223116027,47.666820072590852],[-122.38802715301885,47.666416051600024],[-122.38752423182058,47.665927067629788],[-122.38833344582511,47.665408039513792],[-122.38721915445205,47.664600040594131],[-122.38664733432358,47.664447002648984],[-122.38569311320855,47.664604078762068],[-122.38492197400117,47.664256062828692],[-122.38461706894773,47.664236960861196],[-122.38422511893216,47.664432996914471]]]},"properties":{"OBJECTID":295,"STATEFP20":"53","PLACEFP20":"63000","PLACENS20":"02411856","GEOID20":"5363000","NAME20":"Seattle","NAMELSAD20":"Seattle city","LSAD20":"25","CLASSFP20":"C1","PCICBSA20":"Y","PCINECTA20":"N","MTFCC20":"G4110","FUNCSTAT20":"A","ALAND20":217119656,"AWATER20":150846139,"INTPTLAT20":"+47.6193387","INTPTLON20":"-122.3515649"}},{"type":"Feature","id":296,"geometry":{"type":"Polygon","coordinates":[[[-122.24863444285091,47.512740602793301],[-122.24976179020851,47.513481547709439],[-122.25126482075886,47.514778574614027],[-122.25352292753708,47.516522646459713],[-122.25412591994379,47.517823537462853],[-122.25469791416739,47.518376558429637],[-122.25719302395999,47.520020602244145],[-122.25773415011238,47.520295506199545],[-122.2586120913187,47.520569456118096],[-122.25992418158312,47.520794562986602],[-122.26042744970754,47.520977470941283],[-122.2615801209418,47.52118351882617],[-122.26225114503963,47.521141579750577],[-122.26302949136546,47.521984483710192],[-122.26292439157355,47.522928541771726],[-122.26316793852806,47.522573368726277],[-122.2630458682539,47.521505253682996],[-122.26269491606941,47.520967380692859],[-122.2621532289097,47.52066220573586],[-122.26113851874396,47.520650761846184],[-122.26005514454808,47.520559208959753],[-122.25933798138654,47.520364659027855],[-122.25812490709802,47.519971745139649],[-122.25748403792237,47.519666570193536],[-122.25637777551289,47.51869382226289],[-122.2553478071902,47.518033879340464],[-122.25490530203645,47.517686742370408],[-122.25432546779246,47.517053502400167],[-122.25408132658697,47.516355412389792],[-122.25327261034435,47.515882390453136],[-122.25159414373221,47.514444249560263],[-122.25007589324115,47.513406651671133],[-122.24894674290893,47.512773412760893],[-122.24863444285091,47.512740602793301]]]},"properties":{"OBJECTID":296,"STATEFP20":"53","PLACEFP20":"63000","PLACENS20":"02411856","GEOID20":"5363000","NAME20":"Seattle","NAMELSAD20":"Seattle city","LSAD20":"25","CLASSFP20":"C1","PCICBSA20":"Y","PCINECTA20":"N","MTFCC20":"G4110","FUNCSTAT20":"A","ALAND20":217119656,"AWATER20":150846139,"INTPTLAT20":"+47.6193387","INTPTLON20":"-122.3515649"}},{"type":"Feature","id":297,"geometry":{"type":"Polygon","coordinates":[[[-122.34446138061742,47.556293785611992],[-122.34412544961448,47.556506841660003],[-122.34419435270036,47.556819825668917],[-122.34452924079316,47.556983798640864],[-122.34517031890596,47.557025849572902],[-122.34611627514047,47.557372868487576],[-122.34642142124311,47.557597846465946],[-122.3465512994109,47.558212757484078],[-122.34685641453721,47.558536798467713],[-122.34682643364648,47.55901372449614],[-122.34706243874425,47.559264660483457],[-122.34706243878824,47.55944871949314],[-122.34790131395995,47.559604794409488],[-122.34831336101139,47.559543759361148],[-122.34864929289544,47.558833659287025],[-122.34884744887175,47.558601648253081],[-122.34881743766552,47.557758749212063],[-122.34797054527907,47.556709707249595],[-122.3474674521218,47.556388825287804],[-122.34682625495812,47.556133866344602],[-122.34628426986025,47.556087762401546],[-122.34446138061742,47.556293785611992]]]},"properties":{"OBJECTID":297,"STATEFP20":"53","PLACEFP20":"63000","PLACENS20":"02411856","GEOID20":"5363000","NAME20":"Seattle","NAMELSAD20":"Seattle city","LSAD20":"25","CLASSFP20":"C1","PCICBSA20":"Y","PCINECTA20":"N","MTFCC20":"G4110","FUNCSTAT20":"A","ALAND20":217119656,"AWATER20":150846139,"INTPTLAT20":"+47.6193387","INTPTLON20":"-122.3515649"}},{"type":"Feature","id":298,"geometry":{"type":"Polygon","coordinates":[[[-122.35268715557211,47.571503145510782],[-122.35253869266828,47.572004208553373],[-122.35252343371781,47.572221646566469],[-122.35501824656298,47.574083218390896],[-122.35658227293675,47.57459820224657],[-122.35777245832733,47.575433621160009],[-122.35809289346629,47.575799832144114],[-122.35787164120147,47.579019436337468],[-122.35734521313539,47.579095730399146],[-122.35729180825746,47.579641232433623],[-122.35783349541457,47.579934964389729],[-122.35778771855605,47.580556759427367],[-122.35718499649511,47.580705533501245],[-122.35750543168618,47.58128918149675],[-122.35751306086274,47.582021603534351],[-122.35764827325364,47.583563667600465],[-122.35832417031642,47.583373546516448],[-122.35836207899929,47.582023531441429],[-122.35782095787977,47.581886560493523],[-122.35785096881968,47.581615537476026],[-122.35835504487289,47.581500530414701],[-122.35839295428264,47.579009593279771],[-122.35825598245098,47.57562664211715],[-122.35828614240197,47.575401664102017],[-122.35649311479601,47.574069649228548],[-122.35592094066698,47.573913544283066],[-122.35268715557211,47.571503145510782]]]},"properties":{"OBJECTID":298,"STATEFP20":"53","PLACEFP20":"63000","PLACENS20":"02411856","GEOID20":"5363000","NAME20":"Seattle","NAMELSAD20":"Seattle city","LSAD20":"25","CLASSFP20":"C1","PCICBSA20":"Y","PCINECTA20":"N","MTFCC20":"G4110","FUNCSTAT20":"A","ALAND20":217119656,"AWATER20":150846139,"INTPTLAT20":"+47.6193387","INTPTLON20":"-122.3515649"}},{"type":"Feature","id":299,"geometry":{"type":"Polygon","coordinates":[[[-122.38428087408062,47.660859893722048],[-122.38438381112562,47.660978208716855],[-122.3853680034569,47.66169918664631],[-122.38812221620123,47.662958036409258],[-122.38919796048197,47.66340817031449],[-122.38977779459591,47.663495908255328],[-122.390311852732,47.66370571720757],[-122.390761986862,47.663946043170604],[-122.39098323993328,47.664094816154076],[-122.39240230721107,47.664304624009013],[-122.39307369431857,47.664304623935216],[-122.39337124024958,47.663820157877268],[-122.39391292733633,47.663820157817732],[-122.39462246140673,47.663640866730397],[-122.39507259548525,47.663667569682318],[-122.39521755465364,47.66427029169779],[-122.3953319957519,47.664602170702494],[-122.39623226387312,47.664506802598609],[-122.39698757405927,47.664777646529693],[-122.39752163219535,47.664987454481903],[-122.39721645628799,47.665574917546103],[-122.39783443732819,47.665330777465435],[-122.39846767741483,47.665269742392603],[-122.39952816360581,47.66535748028064],[-122.40010799776388,47.665628323230969],[-122.40064205497984,47.666170010200489],[-122.40090145508574,47.666437039185915],[-122.40166439426574,47.666677365114566],[-122.40273250943586,47.666673549996922],[-122.4047771877632,47.666673549772142],[-122.40637173203224,47.666730770599862],[-122.40724131320242,47.666859292510964],[-122.40697194412404,47.666712967532945],[-122.40626284496641,47.666529885601342],[-122.4025779882828,47.66614097398616],[-122.40092152694579,47.66584292915276],[-122.40034150180236,47.665632843205543],[-122.39902155246628,47.665115031323651],[-122.39733561307486,47.66461093848276],[-122.39700049197066,47.664401069508649],[-122.39635156573642,47.663859899551774],[-122.39486342633725,47.663192045680567],[-122.39249838795754,47.663188007940249],[-122.39229238302468,47.663603924984564],[-122.39134636788889,47.663668961091965],[-122.39090414180697,47.66362302813814],[-122.38935517740906,47.663000932275992],[-122.38779917995221,47.662138969402037],[-122.38631103957515,47.661562936535603],[-122.38502109031984,47.661360926666816],[-122.38502109028038,47.661196990658283],[-122.38478504220309,47.661033055675631],[-122.38428087408062,47.660859893722048]]]},"properties":{"OBJECTID":299,"STATEFP20":"53","PLACEFP20":"63000","PLACENS20":"02411856","GEOID20":"5363000","NAME20":"Seattle","NAMELSAD20":"Seattle city","LSAD20":"25","CLASSFP20":"C1","PCICBSA20":"Y","PCINECTA20":"N","MTFCC20":"G4110","FUNCSTAT20":"A","ALAND20":217119656,"AWATER20":150846139,"INTPTLAT20":"+47.6193387","INTPTLON20":"-122.3515649"}},{"type":"Feature","id":300,"geometry":{"type":"Polygon","coordinates":[[[-122.26934940871273,47.657034798146654],[-122.26924859970912,47.65708723016045],[-122.26821863067468,47.65763273230224],[-122.26750146774739,47.658414745422078],[-122.26707422200451,47.659768962540142],[-122.2661281780382,47.664697551903082],[-122.26562463800869,47.664911174969589],[-122.26367151275967,47.665182019198312],[-122.2598568154507,47.666448498683856],[-122.25688135137874,47.668138410099452],[-122.25262414938327,47.671003248717618],[-122.25156366347984,47.672113325892475],[-122.25019800162285,47.673620131121723],[-122.24929315912843,47.676324456363268],[-122.24964192109597,47.675956696305597],[-122.25028967380895,47.674331755149034],[-122.25058776175774,47.673919703094626],[-122.25131192679342,47.67358375599742],[-122.25161787278286,47.673335682950814],[-122.25164774172725,47.673084699934336],[-122.25242574060447,47.67205471979473],[-122.25290686657165,47.671596733717806],[-122.25618787848985,47.669063722224251],[-122.2563248094385,47.668758818193204],[-122.25683593547841,47.668582770127813],[-122.25933794848331,47.666930694766201],[-122.26059021254257,47.666339771597613],[-122.26184095862439,47.665843754434135],[-122.26295490373113,47.665542670295963],[-122.26525907399255,47.665088722019085],[-122.26641109409988,47.664764670875535],[-122.26715106112701,47.664382791774223],[-122.26728816609949,47.664176743748349],[-122.26728816564709,47.662296695649516],[-122.26742613961513,47.662071718622521],[-122.26776929311502,47.659763685463595],[-122.26864623375498,47.657680801257811],[-122.26934940871273,47.657034798146654]]]},"properties":{"OBJECTID":300,"STATEFP20":"53","PLACEFP20":"63000","PLACENS20":"02411856","GEOID20":"5363000","NAME20":"Seattle","NAMELSAD20":"Seattle city","LSAD20":"25","CLASSFP20":"C1","PCICBSA20":"Y","PCINECTA20":"N","MTFCC20":"G4110","FUNCSTAT20":"A","ALAND20":217119656,"AWATER20":150846139,"INTPTLAT20":"+47.6193387","INTPTLON20":"-122.3515649"}},{"type":"Feature","id":301,"geometry":{"type":"Polygon","coordinates":[[[-122.29058295456717,47.642232860037758],[-122.28976477658566,47.642856712160331],[-122.2891855756916,47.643684681267409],[-122.28878055571448,47.644050801331133],[-122.28875055674642,47.644203709342477],[-122.28922360784426,47.64429470729528],[-122.28945982892168,47.644458686278007],[-122.28949052401914,47.644843561294856],[-122.28936058206531,47.645122503323741],[-122.28894870302656,47.645236685374961],[-122.28590456649889,47.645076742700752],[-122.28556844648233,47.645232646745825],[-122.28553844554921,47.645530691764733],[-122.28580549271781,47.64605375676296],[-122.28620964383782,47.646282727730572],[-122.28691961095721,47.646304695653775],[-122.28762871004373,47.646190687569984],[-122.28864375519579,47.646144582456117],[-122.28975769950871,47.646701684363123],[-122.29074174668338,47.646770584258682],[-122.29131374073037,47.646583639186076],[-122.29222971275563,47.646076550058901],[-122.29263373386,47.646240659023199],[-122.29307678592106,47.646198589972315],[-122.29367727201695,47.6461961259063],[-122.29405176199097,47.645837684846356],[-122.29457818989398,47.64508237474891],[-122.29431116175756,47.644693275757781],[-122.29421197956742,47.643968482730578],[-122.29439508444555,47.64333905767743],[-122.29496728945037,47.642976661595569],[-122.29550134648574,47.642766852525973],[-122.29616510446863,47.642251868426058],[-122.29621850944146,47.642103095412338],[-122.29598199838236,47.642015357433714],[-122.29567682234801,47.6420763924704],[-122.29523431735574,47.642404456536227],[-122.29412805525868,47.642740150675301],[-122.29385339709908,47.642259498680168],[-122.29385339690383,47.641446967637485],[-122.29367792080316,47.641145606640961],[-122.29340326275906,47.641145606671103],[-122.29278528175419,47.641538520759546],[-122.29158746670657,47.642141242922669],[-122.29069482757875,47.642206093024065],[-122.29058295456717,47.642232860037758]]]},"properties":{"OBJECTID":301,"STATEFP20":"53","PLACEFP20":"63000","PLACENS20":"02411856","GEOID20":"5363000","NAME20":"Seattle","NAMELSAD20":"Seattle city","LSAD20":"25","CLASSFP20":"C1","PCICBSA20":"Y","PCINECTA20":"N","MTFCC20":"G4110","FUNCSTAT20":"A","ALAND20":217119656,"AWATER20":150846139,"INTPTLAT20":"+47.6193387","INTPTLON20":"-122.3515649"}}]}